Command line invocation:
    /Applications/Xcode.app/Contents/Developer/usr/bin/xcodebuild test-without-building -workspace Kanpan.xcworkspace -scheme Kanpan -destination "platform=iOS Simulator,id=A62122D5-06E6-4E6D-9C27-0106A18708C6" -derivedDataPath DerivedData-codex-release-compat -parallel-testing-enabled NO -resultBundlePath /Users/mdd/zhk/kanpan/docs/acceptance/AICoin-base/compatibility/iPad-Pro-13-inch-M5-release-final.xcresult "-only-testing:KanpanUITests/AICoinBaseUITests" "-only-testing:KanpanUITests/ChartFoundationUITests/testHeightAndVerticalReachability" "-only-testing:KanpanUITests/ChartFoundationUITests/testResizeDividerWithinOneScreen" "-only-testing:KanpanUITests/ChartFoundationUITests/testFourSubpanelsFitWithoutPageScroll" "-only-testing:KanpanUITests/ChartFoundationUITests/testCrosshairCenterDragAndOutsidePan" "-only-testing:KanpanUITests/ChartFoundationUITests/testDragIndicatorTitleReordersCompletePane" "-only-testing:KanpanUITests/MainScreenUITests/testSearchButtonOpensSymbolPage" "-only-testing:KanpanUITests/MainScreenUITests/testLatestButtonAppearsAfterLeavingLatest" "-only-testing:KanpanUITests/MainScreenUITests/testIndicatorPanelOpensAndCloses" "-only-testing:KanpanUITests/MainScreenUITests/testSettingsPanelOpensAndCloses" "-only-testing:KanpanUITests/ChartFoundationUITests/testFavoritesCategoriesAndNavigation" "-only-testing:KanpanUITests/ChartFoundationUITests/testFavoritesDirectRowReorder" "-only-testing:KanpanUITests/ChartFoundationUITests/testFavoritesRightSwipeRemove" "-only-testing:KanpanUITests/ChartFoundationUITests/testFavoritesSearchSingleTap" "-only-testing:KanpanUITests/ChartFoundationUITests/testLatestEdgeAndReentryCompatibility"

Resolve Package Graph


Resolved source packages:
  KanpanChart: /Users/mdd/zhk/kanpan/KanpanChart @ local
  KanpanCore: /Users/mdd/zhk/kanpan/KanpanCore @ local
  KanpanData: /Users/mdd/zhk/kanpan/KanpanData @ local

Writing result bundle at path:
	/Users/mdd/zhk/kanpan/docs/acceptance/AICoin-base/compatibility/iPad-Pro-13-inch-M5-release-final.xcresult

2026-09-15 03:52:55.000035+0800 KanpanUITests-Runner[43260:32434561] [Default] Running tests...
2026-09-15 03:52:55.039130+0800 KanpanUITests-Runner[43260:32434561] [UIKit App Config] Update the Info.plist: Launch screens will soon be required.
2026-09-15 03:52:55.040801+0800 KanpanUITests-Runner[43260:32435010] [General] Failed to send CA Event for app launch measurements for ca_event_type: 0 event_name: com.apple.app_launch_measurement.FirstFramePresentationMetric
2026-09-15 03:52:55.083075+0800 KanpanUITests-Runner[43260:32435010] [General] Failed to send CA Event for app launch measurements for ca_event_type: 1 event_name: com.apple.app_launch_measurement.ExtendedLaunchMetrics
objc[43260]: Class UIAccessibilityLoaderWebShared is implemented in both /Library/Developer/CoreSimulator/Volumes/iOS_23F77/Library/Developer/CoreSimulator/Profiles/Runtimes/iOS 26.5.simruntime/Contents/Resources/RuntimeRoot/System/Library/AccessibilityBundles/WebCore.axbundle/WebCore (0x1074cc310) and /Library/Developer/CoreSimulator/Volumes/iOS_23F77/Library/Developer/CoreSimulator/Profiles/Runtimes/iOS 26.5.simruntime/Contents/Resources/RuntimeRoot/System/Library/AccessibilityBundles/WebKit.axbundle/WebKit (0x106964398). This may cause spurious casting failures and mysterious crashes. One of the duplicates must be removed or renamed.
    t =      nans Interface orientation changed to Portrait
Test Suite 'Selected tests' started at 2026-09-15 03:52:59.914.
Test Suite 'KanpanUITests.xctest' started at 2026-09-15 03:52:59.914.
Test Suite 'AICoinBaseUITests' started at 2026-09-15 03:52:59.914.
Test Case '-[KanpanUITests.AICoinBaseUITests testColdLaunchStylesAndChartInteractions]' started.
    t =     0.00s Start Test at 2026-09-15 03:52:59.915
    t =     0.44s Set Up
    t =     0.44s     Setting device orientation to Portrait
    t =     0.45s         Device orientation changed to Portrait
    t =     0.52s         Wait for com.apple.DocumentManager.DockFolderViewService to idle
    t =     0.57s         Wait for com.apple.springboard to idle
    t =     0.61s Open com.mdd.kanpan
    t =     0.61s     Launch com.mdd.kanpan
2026-09-15 03:53:01.143 xcodebuild[42802:32429744] [MT] IDELaunchParametersSnapshot: The operation couldn’t be completed. (DebuggerLLDB.DebuggerVersionStore.StoreError error 0.)
2026-09-15 03:53:01.143 xcodebuild[42802:32429744] [MT] IDELaunchParametersSnapshot: no debugger version
    t =     4.17s         Setting up automation session
    t =     5.37s         Wait for com.mdd.kanpan to idle
    t =     7.32s Waiting 30.0s for "chart.canvas" Other to exist
    t =     8.35s     Checking `Expect predicate `existsNoRetry == 1` for object "chart.canvas" Other`
    t =     8.35s         Checking existence of `"chart.canvas" Other`
    t =     9.42s Find the "chart.canvas" Other
    t =     9.48s Find the "chart.canvas" Other
    t =     9.71s Added attachment named '01-冷启动-AICoin默认'
    t =     9.71s Tap "bottom.style" Button
    t =     9.71s     Wait for com.mdd.kanpan to idle
    t =     9.72s     Find the "bottom.style" Button
    t =     9.74s     Check for interrupting elements affecting "bottom.style" Button
    t =     9.78s         Wait for com.apple.springboard to idle
    t =     9.89s     Synthesize event
    t =    10.37s     Wait for com.mdd.kanpan to idle
    t =    10.69s Checking existence of `"style.card.stout" Button`
    t =    10.83s Find the "style.card.stout" Button
    t =    11.05s Find the "panel.content" ScrollView
    t =    11.09s Find the "style.card.stout" Button
    t =    11.14s Waiting 8.0s for "style.card.stout" Button to exist
    t =    12.18s     Checking `Expect predicate `existsNoRetry == 1` for object "style.card.stout" Button`
    t =    12.18s         Checking existence of `"style.card.stout" Button`
    t =    12.25s Tap "style.card.stout" Button
    t =    12.25s     Wait for com.mdd.kanpan to idle
    t =    12.25s     Find the "style.card.stout" Button
    t =    12.29s     Check for interrupting elements affecting "style.card.stout" Button
    t =    12.32s         Wait for com.apple.springboard to idle
    t =    12.35s     Synthesize event
    t =    12.76s     Wait for com.mdd.kanpan to idle
    t =    14.15s Find the "chart.canvas" Other
    t =    14.17s Find the "chart.canvas" Other
    t =    14.19s Find the "chart.canvas" Other
    t =    14.21s Find the "chart.canvas" Other
    t =    14.23s Find the "chart.canvas" Other
    t =    14.25s Find the "chart.canvas" Other
    t =    14.27s Find the "chart.canvas" Other
    t =    14.29s Tap "bottom.style" Button
    t =    14.29s     Wait for com.mdd.kanpan to idle
    t =    14.29s     Find the "bottom.style" Button
    t =    14.33s     Check for interrupting elements affecting "bottom.style" Button
    t =    14.47s         Wait for com.apple.springboard to idle
    t =    14.50s     Synthesize event
    t =    14.81s     Wait for com.mdd.kanpan to idle
    t =    15.18s Checking existence of `"style.card.indigo" Button`
    t =    15.22s Find the "style.card.indigo" Button
    t =    15.25s Find the "panel.content" ScrollView
    t =    15.29s Find the "style.card.indigo" Button
    t =    15.32s Waiting 8.0s for "style.card.indigo" Button to exist
    t =    16.35s     Checking `Expect predicate `existsNoRetry == 1` for object "style.card.indigo" Button`
    t =    16.35s         Checking existence of `"style.card.indigo" Button`
    t =    16.38s Tap "style.card.indigo" Button
    t =    16.38s     Wait for com.mdd.kanpan to idle
    t =    16.39s     Find the "style.card.indigo" Button
    t =    16.42s     Check for interrupting elements affecting "style.card.indigo" Button
    t =    16.51s         Wait for com.apple.springboard to idle
    t =    16.58s     Synthesize event
    t =    16.92s     Wait for com.mdd.kanpan to idle
    t =    18.43s Find the "chart.canvas" Other
    t =    18.46s Find the "chart.canvas" Other
    t =    18.48s Find the "chart.canvas" Other
    t =    18.50s Find the "chart.canvas" Other
    t =    18.53s Find the "chart.canvas" Other
    t =    18.55s Find the "chart.canvas" Other
    t =    18.57s Find the "chart.canvas" Other
    t =    18.58s Tap "bottom.style" Button
    t =    18.58s     Wait for com.mdd.kanpan to idle
    t =    18.59s     Find the "bottom.style" Button
    t =    18.60s     Check for interrupting elements affecting "bottom.style" Button
    t =    18.63s         Wait for com.apple.springboard to idle
    t =    18.65s     Synthesize event
    t =    18.94s     Wait for com.mdd.kanpan to idle
    t =    19.44s Checking existence of `"style.card.glow" Button`
    t =    19.55s Find the "style.card.glow" Button
    t =    19.76s Find the "panel.content" ScrollView
    t =    19.81s Find the "style.card.glow" Button
    t =    19.89s Waiting 8.0s for "style.card.glow" Button to exist
    t =    20.95s     Checking `Expect predicate `existsNoRetry == 1` for object "style.card.glow" Button`
    t =    20.95s         Checking existence of `"style.card.glow" Button`
    t =    20.99s Tap "style.card.glow" Button
    t =    20.99s     Wait for com.mdd.kanpan to idle
    t =    20.99s     Find the "style.card.glow" Button
    t =    21.05s     Check for interrupting elements affecting "style.card.glow" Button
    t =    21.11s         Wait for com.apple.springboard to idle
    t =    21.14s     Synthesize event
    t =    21.45s     Wait for com.mdd.kanpan to idle
    t =    22.82s Find the "chart.canvas" Other
    t =    22.85s Find the "chart.canvas" Other
    t =    22.87s Find the "chart.canvas" Other
    t =    22.89s Find the "chart.canvas" Other
    t =    22.91s Find the "chart.canvas" Other
    t =    22.93s Find the "chart.canvas" Other
    t =    22.95s Find the "chart.canvas" Other
    t =    22.97s Tap "bottom.style" Button
    t =    22.97s     Wait for com.mdd.kanpan to idle
    t =    22.97s     Find the "bottom.style" Button
    t =    22.99s     Check for interrupting elements affecting "bottom.style" Button
    t =    23.01s         Wait for com.apple.springboard to idle
    t =    23.04s     Synthesize event
    t =    23.33s     Wait for com.mdd.kanpan to idle
    t =    23.70s Checking existence of `"style.card.airy" Button`
    t =    23.78s Find the "style.card.airy" Button
    t =    23.82s Find the "panel.content" ScrollView
    t =    23.85s Find the "style.card.airy" Button
    t =    23.90s Swipe up "panel.content" ScrollView
    t =    23.90s     Wait for com.mdd.kanpan to idle
    t =    23.91s     Find the "panel.content" ScrollView
    t =    23.94s     Check for interrupting elements affecting "panel.content" ScrollView
    t =    23.98s         Wait for com.apple.springboard to idle
    t =    24.00s     Synthesize event
    t =    24.46s     Wait for com.mdd.kanpan to idle
    t =    24.92s Checking existence of `"style.card.airy" Button`
    t =    24.96s Find the "style.card.airy" Button
    t =    25.00s Find the "panel.content" ScrollView
    t =    25.03s Find the "style.card.airy" Button
    t =    25.07s Waiting 8.0s for "style.card.airy" Button to exist
    t =    26.10s     Checking `Expect predicate `existsNoRetry == 1` for object "style.card.airy" Button`
    t =    26.10s         Checking existence of `"style.card.airy" Button`
    t =    26.15s Tap "style.card.airy" Button
    t =    26.15s     Wait for com.mdd.kanpan to idle
    t =    26.15s     Find the "style.card.airy" Button
    t =    26.18s     Check for interrupting elements affecting "style.card.airy" Button
    t =    26.21s         Wait for com.apple.springboard to idle
    t =    26.23s     Synthesize event
    t =    26.52s     Wait for com.mdd.kanpan to idle
    t =    27.89s Find the "chart.canvas" Other
    t =    27.92s Find the "chart.canvas" Other
    t =    27.94s Find the "chart.canvas" Other
    t =    27.95s Find the "chart.canvas" Other
    t =    27.97s Find the "chart.canvas" Other
    t =    27.99s Find the "chart.canvas" Other
    t =    28.01s Find the "chart.canvas" Other
    t =    28.02s Tap "bottom.style" Button
    t =    28.02s     Wait for com.mdd.kanpan to idle
    t =    28.03s     Find the "bottom.style" Button
    t =    28.04s     Check for interrupting elements affecting "bottom.style" Button
    t =    28.06s         Wait for com.apple.springboard to idle
    t =    28.07s     Synthesize event
    t =    28.37s     Wait for com.mdd.kanpan to idle
    t =    28.73s Checking existence of `"style.card.brick" Button`
    t =    28.79s Find the "style.card.brick" Button
    t =    28.83s Find the "panel.content" ScrollView
    t =    28.87s Find the "style.card.brick" Button
    t =    28.91s Swipe up "panel.content" ScrollView
    t =    28.91s     Wait for com.mdd.kanpan to idle
    t =    28.91s     Find the "panel.content" ScrollView
    t =    28.94s     Check for interrupting elements affecting "panel.content" ScrollView
    t =    28.97s         Wait for com.apple.springboard to idle
    t =    28.99s     Synthesize event
    t =    29.48s     Wait for com.mdd.kanpan to idle
    t =    30.11s Checking existence of `"style.card.brick" Button`
    t =    30.14s Find the "style.card.brick" Button
    t =    30.23s Find the "panel.content" ScrollView
    t =    30.31s Find the "style.card.brick" Button
    t =    30.36s Waiting 8.0s for "style.card.brick" Button to exist
    t =    31.39s     Checking `Expect predicate `existsNoRetry == 1` for object "style.card.brick" Button`
    t =    31.40s         Checking existence of `"style.card.brick" Button`
    t =    31.47s Tap "style.card.brick" Button
    t =    31.47s     Wait for com.mdd.kanpan to idle
    t =    31.47s     Find the "style.card.brick" Button
    t =    31.51s     Check for interrupting elements affecting "style.card.brick" Button
    t =    31.55s         Wait for com.apple.springboard to idle
    t =    31.58s     Synthesize event
    t =    31.87s     Wait for com.mdd.kanpan to idle
    t =    33.29s Find the "chart.canvas" Other
    t =    33.31s Find the "chart.canvas" Other
    t =    33.33s Find the "chart.canvas" Other
    t =    33.34s Find the "chart.canvas" Other
    t =    33.36s Find the "chart.canvas" Other
    t =    33.38s Find the "chart.canvas" Other
    t =    33.41s Find the "chart.canvas" Other
    t =    33.43s Tap "bottom.style" Button
    t =    33.43s     Wait for com.mdd.kanpan to idle
    t =    33.44s     Find the "bottom.style" Button
    t =    33.45s     Check for interrupting elements affecting "bottom.style" Button
    t =    33.47s         Wait for com.apple.springboard to idle
    t =    33.49s     Synthesize event
    t =    33.77s     Wait for com.mdd.kanpan to idle
    t =    34.14s Checking existence of `"style.card.needle" Button`
    t =    34.20s Find the "style.card.needle" Button
    t =    34.24s Swipe up "panel.content" ScrollView
    t =    34.24s     Wait for com.mdd.kanpan to idle
    t =    34.25s     Find the "panel.content" ScrollView
    t =    34.29s     Check for interrupting elements affecting "panel.content" ScrollView
    t =    34.32s         Wait for com.apple.springboard to idle
    t =    34.34s     Synthesize event
    t =    34.80s     Wait for com.mdd.kanpan to idle
    t =    35.39s Checking existence of `"style.card.needle" Button`
    t =    35.43s Find the "style.card.needle" Button
    t =    35.46s Find the "panel.content" ScrollView
    t =    35.54s Find the "style.card.needle" Button
    t =    35.69s Waiting 8.0s for "style.card.needle" Button to exist
    t =    36.72s     Checking `Expect predicate `existsNoRetry == 1` for object "style.card.needle" Button`
    t =    36.72s         Checking existence of `"style.card.needle" Button`
    t =    36.76s Tap "style.card.needle" Button
    t =    36.76s     Wait for com.mdd.kanpan to idle
    t =    36.76s     Find the "style.card.needle" Button
    t =    36.79s     Check for interrupting elements affecting "style.card.needle" Button
    t =    36.81s         Wait for com.apple.springboard to idle
    t =    36.83s     Synthesize event
    t =    37.12s     Wait for com.mdd.kanpan to idle
    t =    38.48s Find the "chart.canvas" Other
    t =    38.51s Find the "chart.canvas" Other
    t =    38.53s Find the "chart.canvas" Other
    t =    38.55s Find the "chart.canvas" Other
    t =    38.56s Find the "chart.canvas" Other
    t =    38.58s Find the "chart.canvas" Other
    t =    38.60s Find the "chart.canvas" Other
    t =    38.61s Tap "bottom.style" Button
    t =    38.61s     Wait for com.mdd.kanpan to idle
    t =    38.61s     Find the "bottom.style" Button
    t =    38.63s     Check for interrupting elements affecting "bottom.style" Button
    t =    38.64s         Wait for com.apple.springboard to idle
    t =    38.66s     Synthesize event
    t =    38.95s     Wait for com.mdd.kanpan to idle
    t =    39.30s Checking existence of `"style.card.pill" Button`
    t =    39.35s Find the "style.card.pill" Button
    t =    39.41s Swipe up "panel.content" ScrollView
    t =    39.41s     Wait for com.mdd.kanpan to idle
    t =    39.42s     Find the "panel.content" ScrollView
    t =    39.47s     Check for interrupting elements affecting "panel.content" ScrollView
    t =    39.51s         Wait for com.apple.springboard to idle
    t =    39.53s     Synthesize event
    t =    39.98s     Wait for com.mdd.kanpan to idle
    t =    40.59s Checking existence of `"style.card.pill" Button`
    t =    40.63s Find the "style.card.pill" Button
    t =    40.67s Find the "panel.content" ScrollView
    t =    40.70s Find the "style.card.pill" Button
    t =    40.73s Waiting 8.0s for "style.card.pill" Button to exist
    t =    41.75s     Checking `Expect predicate `existsNoRetry == 1` for object "style.card.pill" Button`
    t =    41.75s         Checking existence of `"style.card.pill" Button`
    t =    41.78s Tap "style.card.pill" Button
    t =    41.78s     Wait for com.mdd.kanpan to idle
    t =    41.78s     Find the "style.card.pill" Button
    t =    41.81s     Check for interrupting elements affecting "style.card.pill" Button
    t =    41.84s         Wait for com.apple.springboard to idle
    t =    41.86s     Synthesize event
    t =    42.15s     Wait for com.mdd.kanpan to idle
    t =    43.55s Find the "chart.canvas" Other
    t =    43.57s Find the "chart.canvas" Other
    t =    43.58s Find the "chart.canvas" Other
    t =    43.60s Find the "chart.canvas" Other
    t =    43.61s Find the "chart.canvas" Other
    t =    43.63s Find the "chart.canvas" Other
    t =    43.64s Find the "chart.canvas" Other
    t =    43.66s Tap "bottom.style" Button
    t =    43.66s     Wait for com.mdd.kanpan to idle
    t =    43.66s     Find the "bottom.style" Button
    t =    43.68s     Check for interrupting elements affecting "bottom.style" Button
    t =    43.71s         Wait for com.apple.springboard to idle
    t =    43.73s     Synthesize event
    t =    44.03s     Wait for com.mdd.kanpan to idle
    t =    44.39s Checking existence of `"style.card.paper" Button`
    t =    44.44s Find the "style.card.paper" Button
    t =    44.47s Swipe up "panel.content" ScrollView
    t =    44.47s     Wait for com.mdd.kanpan to idle
    t =    44.48s     Find the "panel.content" ScrollView
    t =    44.50s     Check for interrupting elements affecting "panel.content" ScrollView
    t =    44.53s         Wait for com.apple.springboard to idle
    t =    44.54s     Synthesize event
    t =    44.97s     Wait for com.mdd.kanpan to idle
    t =    45.44s Checking existence of `"style.card.paper" Button`
    t =    45.47s Find the "style.card.paper" Button
    t =    45.50s Find the "panel.content" ScrollView
    t =    45.57s Find the "style.card.paper" Button
    t =    45.61s Swipe up "panel.content" ScrollView
    t =    45.61s     Wait for com.mdd.kanpan to idle
    t =    45.61s     Find the "panel.content" ScrollView
    t =    45.64s     Check for interrupting elements affecting "panel.content" ScrollView
    t =    45.66s         Wait for com.apple.springboard to idle
    t =    45.68s     Synthesize event
    t =    46.11s     Wait for com.mdd.kanpan to idle
    t =    46.67s Checking existence of `"style.card.paper" Button`
    t =    46.70s Find the "style.card.paper" Button
    t =    46.75s Find the "panel.content" ScrollView
    t =    46.78s Find the "style.card.paper" Button
    t =    46.81s Waiting 8.0s for "style.card.paper" Button to exist
    t =    47.83s     Checking `Expect predicate `existsNoRetry == 1` for object "style.card.paper" Button`
    t =    47.83s         Checking existence of `"style.card.paper" Button`
    t =    47.86s Tap "style.card.paper" Button
    t =    47.86s     Wait for com.mdd.kanpan to idle
    t =    47.93s     Find the "style.card.paper" Button
    t =    47.96s     Check for interrupting elements affecting "style.card.paper" Button
    t =    47.99s         Wait for com.apple.springboard to idle
    t =    48.00s     Synthesize event
    t =    48.29s     Wait for com.mdd.kanpan to idle
    t =    49.65s Find the "chart.canvas" Other
    t =    49.67s Find the "chart.canvas" Other
    t =    49.69s Find the "chart.canvas" Other
    t =    49.71s Find the "chart.canvas" Other
    t =    49.72s Find the "chart.canvas" Other
    t =    49.73s Find the "chart.canvas" Other
    t =    49.75s Find the "chart.canvas" Other
    t =    49.76s Tap "bottom.style" Button
    t =    49.76s     Wait for com.mdd.kanpan to idle
    t =    49.76s     Find the "bottom.style" Button
    t =    49.78s     Check for interrupting elements affecting "bottom.style" Button
    t =    49.79s         Wait for com.apple.springboard to idle
    t =    49.81s     Synthesize event
    t =    50.10s     Wait for com.mdd.kanpan to idle
    t =    50.45s Checking existence of `"style.card.outline" Button`
    t =    50.48s Find the "style.card.outline" Button
    t =    50.52s Swipe up "panel.content" ScrollView
    t =    50.52s     Wait for com.mdd.kanpan to idle
    t =    50.52s     Find the "panel.content" ScrollView
    t =    50.55s     Check for interrupting elements affecting "panel.content" ScrollView
    t =    50.58s         Wait for com.apple.springboard to idle
    t =    50.59s     Synthesize event
    t =    51.03s     Wait for com.mdd.kanpan to idle
    t =    51.69s Checking existence of `"style.card.outline" Button`
    t =    51.72s Find the "style.card.outline" Button
    t =    51.76s Find the "panel.content" ScrollView
    t =    51.79s Find the "style.card.outline" Button
    t =    51.82s Swipe up "panel.content" ScrollView
    t =    51.82s     Wait for com.mdd.kanpan to idle
    t =    51.82s     Find the "panel.content" ScrollView
    t =    51.85s     Check for interrupting elements affecting "panel.content" ScrollView
    t =    51.87s         Wait for com.apple.springboard to idle
    t =    51.89s     Synthesize event
    t =    52.32s     Wait for com.mdd.kanpan to idle
    t =    52.87s Checking existence of `"style.card.outline" Button`
    t =    52.90s Find the "style.card.outline" Button
    t =    52.93s Find the "panel.content" ScrollView
    t =    52.96s Find the "style.card.outline" Button
    t =    53.00s Waiting 8.0s for "style.card.outline" Button to exist
    t =    54.00s     Checking `Expect predicate `existsNoRetry == 1` for object "style.card.outline" Button`
    t =    54.00s         Checking existence of `"style.card.outline" Button`
    t =    54.03s Tap "style.card.outline" Button
    t =    54.03s     Wait for com.mdd.kanpan to idle
    t =    54.12s     Find the "style.card.outline" Button
    t =    54.17s     Check for interrupting elements affecting "style.card.outline" Button
    t =    54.19s         Wait for com.apple.springboard to idle
    t =    54.21s     Synthesize event
    t =    54.50s     Wait for com.mdd.kanpan to idle
    t =    55.87s Find the "chart.canvas" Other
    t =    55.89s Find the "chart.canvas" Other
    t =    55.91s Find the "chart.canvas" Other
    t =    55.92s Find the "chart.canvas" Other
    t =    55.94s Find the "chart.canvas" Other
    t =    55.95s Find the "chart.canvas" Other
    t =    55.96s Find the "chart.canvas" Other
    t =    55.98s Tap "bottom.style" Button
    t =    55.98s     Wait for com.mdd.kanpan to idle
    t =    55.98s     Find the "bottom.style" Button
    t =    55.99s     Check for interrupting elements affecting "bottom.style" Button
    t =    56.01s         Wait for com.apple.springboard to idle
    t =    56.02s     Synthesize event
    t =    56.31s     Wait for com.mdd.kanpan to idle
    t =    56.77s Checking existence of `"style.card.bone" Button`
    t =    56.81s Swipe up "panel.content" ScrollView
    t =    56.81s     Wait for com.mdd.kanpan to idle
    t =    56.81s     Find the "panel.content" ScrollView
    t =    56.84s     Check for interrupting elements affecting "panel.content" ScrollView
    t =    56.87s         Wait for com.apple.springboard to idle
    t =    56.88s     Synthesize event
    t =    57.31s     Wait for com.mdd.kanpan to idle
    t =    57.94s Checking existence of `"style.card.bone" Button`
    t =    57.98s Find the "style.card.bone" Button
    t =    58.01s Swipe up "panel.content" ScrollView
    t =    58.01s     Wait for com.mdd.kanpan to idle
    t =    58.01s     Find the "panel.content" ScrollView
    t =    58.04s     Check for interrupting elements affecting "panel.content" ScrollView
    t =    58.07s         Wait for com.apple.springboard to idle
    t =    58.08s     Synthesize event
    t =    58.52s     Wait for com.mdd.kanpan to idle
    t =    59.07s Checking existence of `"style.card.bone" Button`
    t =    59.09s Find the "style.card.bone" Button
    t =    59.13s Find the "panel.content" ScrollView
    t =    59.17s Find the "style.card.bone" Button
    t =    59.20s Waiting 8.0s for "style.card.bone" Button to exist
    t =    60.22s     Checking `Expect predicate `existsNoRetry == 1` for object "style.card.bone" Button`
    t =    60.22s         Checking existence of `"style.card.bone" Button`
    t =    60.25s Tap "style.card.bone" Button
    t =    60.25s     Wait for com.mdd.kanpan to idle
    t =    60.32s     Find the "style.card.bone" Button
    t =    60.35s     Check for interrupting elements affecting "style.card.bone" Button
    t =    60.38s         Wait for com.apple.springboard to idle
    t =    60.39s     Synthesize event
    t =    60.68s     Wait for com.mdd.kanpan to idle
    t =    62.09s Find the "chart.canvas" Other
    t =    62.14s Find the "chart.canvas" Other
    t =    62.16s Find the "chart.canvas" Other
    t =    62.18s Find the "chart.canvas" Other
    t =    62.19s Find the "chart.canvas" Other
    t =    62.21s Find the "chart.canvas" Other
    t =    62.23s Find the "chart.canvas" Other
    t =    62.24s Tap "bottom.style" Button
    t =    62.24s     Wait for com.mdd.kanpan to idle
    t =    62.24s     Find the "bottom.style" Button
    t =    62.26s     Check for interrupting elements affecting "bottom.style" Button
    t =    62.27s         Wait for com.apple.springboard to idle
    t =    62.29s     Synthesize event
    t =    62.58s     Wait for com.mdd.kanpan to idle
    t =    62.96s Checking existence of `"style.card.dense" Button`
    t =    63.00s Swipe up "panel.content" ScrollView
    t =    63.00s     Wait for com.mdd.kanpan to idle
    t =    63.00s     Find the "panel.content" ScrollView
    t =    63.03s     Check for interrupting elements affecting "panel.content" ScrollView
    t =    63.05s         Wait for com.apple.springboard to idle
    t =    63.06s     Synthesize event
    t =    63.50s     Wait for com.mdd.kanpan to idle
    t =    64.18s Checking existence of `"style.card.dense" Button`
    t =    64.22s Find the "style.card.dense" Button
    t =    64.26s Swipe up "panel.content" ScrollView
    t =    64.26s     Wait for com.mdd.kanpan to idle
    t =    64.26s     Find the "panel.content" ScrollView
    t =    64.29s     Check for interrupting elements affecting "panel.content" ScrollView
    t =    64.33s         Wait for com.apple.springboard to idle
    t =    64.35s     Synthesize event
    t =    64.80s     Wait for com.mdd.kanpan to idle
    t =    65.37s Checking existence of `"style.card.dense" Button`
    t =    65.39s Find the "style.card.dense" Button
    t =    65.43s Find the "panel.content" ScrollView
    t =    65.46s Find the "style.card.dense" Button
    t =    65.49s Waiting 8.0s for "style.card.dense" Button to exist
    t =    66.51s     Checking `Expect predicate `existsNoRetry == 1` for object "style.card.dense" Button`
    t =    66.51s         Checking existence of `"style.card.dense" Button`
    t =    66.55s Tap "style.card.dense" Button
    t =    66.55s     Wait for com.mdd.kanpan to idle
    t =    66.62s     Find the "style.card.dense" Button
    t =    66.65s     Check for interrupting elements affecting "style.card.dense" Button
    t =    66.70s         Wait for com.apple.springboard to idle
    t =    66.72s     Synthesize event
    t =    67.01s     Wait for com.mdd.kanpan to idle
    t =    68.42s Find the "chart.canvas" Other
    t =    68.45s Find the "chart.canvas" Other
    t =    68.46s Find the "chart.canvas" Other
    t =    68.48s Find the "chart.canvas" Other
    t =    68.50s Find the "chart.canvas" Other
    t =    68.51s Find the "chart.canvas" Other
    t =    68.53s Find the "chart.canvas" Other
    t =    68.69s Added attachment named '02-原有风格-尺寸保持'
    t =    68.69s Tap "bottom.style" Button
    t =    68.69s     Wait for com.mdd.kanpan to idle
    t =    68.69s     Find the "bottom.style" Button
    t =    68.71s     Check for interrupting elements affecting "bottom.style" Button
    t =    68.72s         Wait for com.apple.springboard to idle
    t =    68.74s     Synthesize event
    t =    69.03s     Wait for com.mdd.kanpan to idle
    t =    69.40s Tap "style.card.aicoin" Button
    t =    69.40s     Wait for com.mdd.kanpan to idle
    t =    69.41s     Find the "style.card.aicoin" Button
    t =    69.47s     Check for interrupting elements affecting "style.card.aicoin" Button
    t =    69.50s         Wait for com.apple.springboard to idle
    t =    69.51s     Synthesize event
    t =    69.80s     Wait for com.mdd.kanpan to idle
    t =    71.21s Find the "chart.canvas" Other
    t =    71.24s Tap "chart.canvas" Other[0.35, 0.20]
    t =    71.24s     Wait for com.mdd.kanpan to idle
    t =    71.25s     Find the "chart.canvas" Other
    t =    71.27s     Check for interrupting elements affecting "chart.canvas" Other
    t =    71.29s         Wait for com.apple.springboard to idle
    t =    71.31s     Synthesize event
    t =    71.31s         Find the "chart.canvas" Other
    t =    71.33s         Find the "chart.canvas" Other
    t =    71.34s         Find the "chart.canvas" Other
    t =    71.64s     Wait for com.mdd.kanpan to idle
    t =    72.68s Find the "chart.canvas" Other
    t =    72.85s Added attachment named '03-单击十字线'
    t =    72.86s Tap "chart.canvas" Other[0.35, 0.20]
    t =    72.86s     Wait for com.mdd.kanpan to idle
    t =    72.86s     Find the "chart.canvas" Other
    t =    72.89s     Check for interrupting elements affecting "chart.canvas" Other
    t =    72.91s         Wait for com.apple.springboard to idle
    t =    72.93s     Synthesize event
    t =    72.93s         Find the "chart.canvas" Other
    t =    72.97s         Find the "chart.canvas" Other
    t =    73.02s         Find the "chart.canvas" Other
    t =    73.32s     Wait for com.mdd.kanpan to idle
    t =    74.35s Find the "chart.canvas" Other
    t =    74.37s Tap "chart.canvas" Other[0.98, 0.20]
    t =    74.37s     Wait for com.mdd.kanpan to idle
    t =    74.37s     Find the "chart.canvas" Other
    t =    74.38s     Check for interrupting elements affecting "chart.canvas" Other
    t =    74.40s         Wait for com.apple.springboard to idle
    t =    74.41s     Synthesize event
    t =    74.41s         Find the "chart.canvas" Other
    t =    74.43s         Find the "chart.canvas" Other
    t =    74.45s         Find the "chart.canvas" Other
    t =    74.76s     Wait for com.mdd.kanpan to idle
    t =    75.79s Find the "chart.canvas" Other
    t =    75.81s Tap "chart.canvas" Other[0.98, 0.20]
    t =    75.81s     Wait for com.mdd.kanpan to idle
    t =    75.81s     Find the "chart.canvas" Other
    t =    75.83s     Check for interrupting elements affecting "chart.canvas" Other
    t =    75.84s         Wait for com.apple.springboard to idle
    t =    75.85s     Synthesize event
    t =    75.85s         Find the "chart.canvas" Other
    t =    75.87s         Find the "chart.canvas" Other
    t =    75.89s         Find the "chart.canvas" Other
    t =    76.18s     Wait for com.mdd.kanpan to idle
    t =    77.21s Find the "chart.canvas" Other
    t =    77.25s Press "chart.canvas" Other[0.98, 0.20] for 0.1 seconds, then drag to "chart.canvas" Other[0.98, 0.32] with velocity of 500.00 pixels per second, and then hold for 0.0 seconds 
    t =    77.25s     Wait for com.mdd.kanpan to idle
    t =    77.25s     Find the "chart.canvas" Other
    t =    77.27s     Check for interrupting elements affecting "chart.canvas" Other
    t =    77.30s         Wait for com.apple.springboard to idle
    t =    77.32s     Synthesize event
    t =    77.32s         Find the "chart.canvas" Other
    t =    77.33s         Find the "chart.canvas" Other
    t =    77.35s         Find the "chart.canvas" Other
    t =    77.37s         Find the "chart.canvas" Other
    t =    77.39s         Find the "chart.canvas" Other
    t =    77.97s     Wait for com.mdd.kanpan to idle
    t =    78.98s Find the "chart.canvas" Other
    t =    79.00s Find the "chart.canvas" Other
    t =    79.01s Find the "chart.canvas" Other
    t =    79.03s Find the "chart.canvas" Other
    t =    79.04s Find the "chart.canvas" Other
    t =    79.05s Find the "chart.canvas" Other
    t =    79.07s Tap "chart.canvas" Other[0.97, 0.46]
    t =    79.07s     Wait for com.mdd.kanpan to idle
    t =    79.07s     Find the "chart.canvas" Other
    t =    79.08s     Check for interrupting elements affecting "chart.canvas" Other
    t =    79.09s         Wait for com.apple.springboard to idle
    t =    79.11s     Synthesize event
    t =    79.11s         Find the "chart.canvas" Other
    t =    79.12s         Find the "chart.canvas" Other
    t =    79.15s         Find the "chart.canvas" Other
    t =    79.44s     Wait for com.mdd.kanpan to idle
    t =    80.47s Find the "chart.canvas" Other
    t =    80.48s Find the "chart.canvas" Other
    t =    80.50s Pinch with scale 2, velocity 1 in "chart.canvas" Other
    t =    80.50s     Wait for com.mdd.kanpan to idle
    t =    80.50s     Find the "chart.canvas" Other
    t =    80.51s     Check for interrupting elements affecting "chart.canvas" Other
    t =    80.52s         Wait for com.apple.springboard to idle
    t =    80.54s     Synthesize event
    t =    80.55s         Pinching with rect {{50, 161}, {932, 1147.5}}
    t =    82.88s     Wait for com.mdd.kanpan to idle
    t =    83.91s Find the "chart.canvas" Other
    t =    84.07s Added attachment named '04-真机双指缩放'
    t =    84.07s Press "chart.canvas" Other[0.35, 0.20] for 0.6 seconds
    t =    84.07s     Wait for com.mdd.kanpan to idle
    t =    84.07s     Find the "chart.canvas" Other
    t =    84.09s     Check for interrupting elements affecting "chart.canvas" Other
    t =    84.10s         Wait for com.apple.springboard to idle
    t =    84.11s     Synthesize event
    t =    84.11s         Find the "chart.canvas" Other
    t =    84.13s         Find the "chart.canvas" Other
    t =    84.15s         Find the "chart.canvas" Other
    t =    84.97s     Wait for com.mdd.kanpan to idle
    t =    86.01s Find the "chart.canvas" Other
    t =    86.03s Tap "chart.canvas" Other[0.35, 0.20]
    t =    86.03s     Wait for com.mdd.kanpan to idle
    t =    86.03s     Find the "chart.canvas" Other
    t =    86.05s     Check for interrupting elements affecting "chart.canvas" Other
    t =    86.07s         Wait for com.apple.springboard to idle
    t =    86.08s     Synthesize event
    t =    86.09s         Find the "chart.canvas" Other
    t =    86.12s         Find the "chart.canvas" Other
    t =    86.14s         Find the "chart.canvas" Other
    t =    86.44s     Wait for com.mdd.kanpan to idle
    t =    87.47s Find the "chart.canvas" Other
    t =    87.64s Added attachment named '05-持仓量与三副图'
    t =    87.64s Find the "chart.canvas" Other
    t =    87.66s Tap "chart.canvas" Other[0.00, 0.00] -> (389.6, 864.9)
    t =    87.66s     Wait for com.mdd.kanpan to idle
    t =    87.66s     Find the "chart.canvas" Other
    t =    87.67s     Check for interrupting elements affecting "chart.canvas" Other
    t =    87.68s         Wait for com.apple.springboard to idle
    t =    87.70s     Synthesize event
    t =    87.70s         Find the "chart.canvas" Other
    t =    87.71s         Find the "chart.canvas" Other
    t =    87.73s         Find the "chart.canvas" Other
    t =    88.02s     Wait for com.mdd.kanpan to idle
    t =    89.05s Find the "chart.canvas" Other
    t =    89.07s Find the "chart.canvas" Other
    t =    89.21s Added attachment named '06-副图十字线'
    t =    89.21s Tap "chart.canvas" Other[0.35, 0.20]
    t =    89.21s     Wait for com.mdd.kanpan to idle
    t =    89.21s     Find the "chart.canvas" Other
    t =    89.23s     Check for interrupting elements affecting "chart.canvas" Other
    t =    89.24s         Wait for com.apple.springboard to idle
    t =    89.26s     Synthesize event
    t =    89.26s         Find the "chart.canvas" Other
    t =    89.28s         Find the "chart.canvas" Other
    t =    89.32s         Find the "chart.canvas" Other
    t =    89.62s     Wait for com.mdd.kanpan to idle
    t =    89.63s Find the "chart.canvas" Other
    t =    89.64s Find the "chart.canvas" Other
    t =    89.66s Find the "chart.canvas" Other
    t =    89.67s Tap "bottom.landscape" Button
    t =    89.67s     Wait for com.mdd.kanpan to idle
    t =    89.67s     Find the "bottom.landscape" Button
    t =    89.69s     Check for interrupting elements affecting "bottom.landscape" Button
    t =    89.70s         Wait for com.apple.springboard to idle
    t =    89.72s     Synthesize event
    t =    90.01s     Wait for com.mdd.kanpan to idle
    t =    91.02s Checking existence of `"land.exit" Button`
    t =    91.04s Find the "chart.canvas" Other
    t =    91.06s Find the "chart.canvas" Other
    t =    91.19s Added attachment named '07-横屏共用底座'
    t =    91.19s Setting device orientation to Landscape Left
    t =    91.20s     Device orientation changed to Landscape Left
    t =    91.31s     Interface orientation changed to Landscape Right
    t =    91.32s     Wait for com.mdd.kanpan to idle
    t =    91.33s     Wait for com.apple.springboard to idle
    t =    92.36s Find the "land.exit" Button
    t =    92.44s Find the "chart.canvas" Other
    t =    92.50s Find the Window (First Match)
    t =    92.52s Find the Window (First Match)
    t =    92.80s Added attachment named '08-iPad横向窗口'
    t =    92.80s Tap "land.exit" Button
    t =    92.80s     Wait for com.mdd.kanpan to idle
    t =    92.81s     Find the "land.exit" Button
    t =    92.82s     Check for interrupting elements affecting "land.exit" Button
    t =    92.84s         Wait for com.apple.springboard to idle
    t =    92.88s     Synthesize event
    t =    93.17s     Wait for com.mdd.kanpan to idle
    t =    93.18s Waiting 10.0s for "bottom.style" Button to exist
    t =    94.19s     Checking `Expect predicate `existsNoRetry == 1` for object "bottom.style" Button`
    t =    94.20s         Checking existence of `"bottom.style" Button`
    t =    94.23s Tear Down
    t =    94.24s     Setting device orientation to Portrait
    t =    94.24s         Device orientation changed to Portrait
    t =    94.34s         Interface orientation changed to Portrait
    t =    94.34s         Wait for com.mdd.kanpan to idle
    t =    94.36s         Wait for com.apple.springboard to idle
Test Case '-[KanpanUITests.AICoinBaseUITests testColdLaunchStylesAndChartInteractions]' passed (94.955 seconds).
Test Case '-[KanpanUITests.AICoinBaseUITests testPinchAndUnifiedBackground]' started.
    t =     0.00s Start Test at 2026-09-15 03:54:34.871
    t =     0.04s Set Up
    t =     0.04s     Setting device orientation to Portrait
    t =     0.04s         Wait for com.mdd.kanpan to idle
    t =     0.05s         Wait for com.apple.springboard to idle
    t =     0.29s Open com.mdd.kanpan
    t =     0.29s     Launch com.mdd.kanpan
    t =     0.29s         Terminate com.mdd.kanpan:43343
2026-09-15 03:54:36.208 xcodebuild[42802:32429744] [MT] IDELaunchParametersSnapshot: The operation couldn’t be completed. (DebuggerLLDB.DebuggerVersionStore.StoreError error 0.)
2026-09-15 03:54:36.208 xcodebuild[42802:32429744] [MT] IDELaunchParametersSnapshot: no debugger version
    t =     1.54s         Setting up automation session
    t =     2.23s         Wait for com.mdd.kanpan to idle
    t =     3.55s Waiting 30.0s for "chart.canvas" Other to exist
    t =     4.56s     Checking `Expect predicate `existsNoRetry == 1` for object "chart.canvas" Other`
    t =     4.56s         Checking existence of `"chart.canvas" Other`
    t =     5.62s Find the "chart.canvas" Other
    t =     5.63s Find the "chart.canvas" Other
    t =     5.64s Find the Target Application 'com.mdd.kanpan'
    t =     5.77s Added attachment named '统一靛色背景-冷启动'
    t =     5.78s Pinch with scale 2, velocity 1 in "chart.canvas" Other
    t =     5.78s     Wait for com.mdd.kanpan to idle
    t =     5.78s     Find the "chart.canvas" Other
    t =     5.79s     Check for interrupting elements affecting "chart.canvas" Other
    t =     5.80s         Wait for com.apple.springboard to idle
    t =     5.82s     Synthesize event
    t =     5.84s         Pinching with rect {{50, 161}, {932, 1147.5}}
    t =     8.18s     Wait for com.mdd.kanpan to idle
    t =     8.19s Find the "chart.canvas" Other
    t =     8.21s Find the Target Application 'com.mdd.kanpan'
    t =     8.35s Added attachment named '统一靛色背景-放大'
    t =     8.35s Tear Down
    t =     8.35s     Setting device orientation to Portrait
    t =     8.35s         Wait for com.mdd.kanpan to idle
    t =     8.35s         Wait for com.apple.springboard to idle
Test Case '-[KanpanUITests.AICoinBaseUITests testPinchAndUnifiedBackground]' passed (8.590 seconds).
Test Suite 'AICoinBaseUITests' passed at 2026-09-15 03:54:43.462.
	 Executed 2 tests, with 0 failures (0 unexpected) in 103.545 (103.547) seconds
Test Suite 'ChartFoundationUITests' started at 2026-09-15 03:54:43.463.
Test Case '-[KanpanUITests.ChartFoundationUITests testCrosshairCenterDragAndOutsidePan]' started.
    t =     0.00s Start Test at 2026-09-15 03:54:43.464
    t =     0.04s Set Up
    t =     0.04s     Setting device orientation to Portrait
    t =     0.04s         Wait for com.mdd.kanpan to idle
    t =     0.05s         Wait for com.apple.springboard to idle
    t =     0.05s     Open com.mdd.kanpan
    t =     0.05s         Launch com.mdd.kanpan
    t =     0.05s             Terminate com.mdd.kanpan:43640
2026-09-15 03:54:44.531 xcodebuild[42802:32429744] [MT] IDELaunchParametersSnapshot: The operation couldn’t be completed. (DebuggerLLDB.DebuggerVersionStore.StoreError error 0.)
2026-09-15 03:54:44.531 xcodebuild[42802:32429744] [MT] IDELaunchParametersSnapshot: no debugger version
    t =     1.36s             Setting up automation session
    t =     2.05s             Wait for com.mdd.kanpan to idle
    t =     3.39s     Waiting 30.0s for "chart.canvas" Other to exist
    t =     4.43s         Checking `Expect predicate `existsNoRetry == 1` for object "chart.canvas" Other`
    t =     4.43s             Checking existence of `"chart.canvas" Other`
    t =     5.50s     Find the "chart.canvas" Other
    t =     5.53s Find the "chart.canvas" Other
    t =     5.55s Tap "chart.canvas" Other[0.00, 0.00] -> (150.0, 130.0)
    t =     5.55s     Wait for com.mdd.kanpan to idle
    t =     5.55s     Find the "chart.canvas" Other
    t =     5.57s     Check for interrupting elements affecting "chart.canvas" Other
    t =     5.58s         Wait for com.apple.springboard to idle
    t =     5.61s     Synthesize event
    t =     5.61s         Find the "chart.canvas" Other
    t =     5.64s         Find the "chart.canvas" Other
    t =     5.66s         Find the "chart.canvas" Other
    t =     5.96s     Wait for com.mdd.kanpan to idle
    t =     5.96s Find the "chart.canvas" Other
    t =     5.99s Press "chart.canvas" Other[0.00, 0.00] -> (152.0, 130.0) for 0.1 seconds, then drag to "chart.canvas" Other[0.00, 0.00] -> (152.0, 130.0) -> (50.0, 10.0) with velocity of 500.00 pixels per second, and then hold for 0.0 seconds 
    t =     5.99s     Wait for com.mdd.kanpan to idle
    t =     5.99s     Find the "chart.canvas" Other
    t =     6.01s     Check for interrupting elements affecting "chart.canvas" Other
    t =     6.02s         Wait for com.apple.springboard to idle
    t =     6.04s     Synthesize event
    t =     6.04s         Find the "chart.canvas" Other
    t =     6.07s         Find the "chart.canvas" Other
    t =     6.09s         Find the "chart.canvas" Other
    t =     6.12s         Find the "chart.canvas" Other
    t =     6.14s         Find the "chart.canvas" Other
    t =     6.56s     Wait for com.mdd.kanpan to idle
    t =     7.58s Find the "chart.canvas" Other
    t =     7.62s Find the "chart.canvas" Other
    t =     7.65s Press "chart.canvas" Other[0.00, 0.00] -> (45.0, 100.0) for 0.1 seconds, then drag to "chart.canvas" Other[0.00, 0.00] -> (45.0, 100.0) -> (100.0, 0.0) with velocity of 500.00 pixels per second, and then hold for 0.0 seconds 
    t =     7.65s     Wait for com.mdd.kanpan to idle
    t =     7.65s     Find the "chart.canvas" Other
    t =     7.68s     Check for interrupting elements affecting "chart.canvas" Other
    t =     7.69s         Wait for com.apple.springboard to idle
    t =     7.70s     Synthesize event
    t =     7.70s         Find the "chart.canvas" Other
    t =     7.73s         Find the "chart.canvas" Other
    t =     7.78s         Find the "chart.canvas" Other
    t =     7.82s         Find the "chart.canvas" Other
    t =     7.85s         Find the "chart.canvas" Other
    t =     8.37s     Wait for com.mdd.kanpan to idle
    t =     9.42s Find the "chart.canvas" Other
    t =     9.45s Find the "chart.canvas" Other
    t =     9.46s Find the Target Application 'com.mdd.kanpan'
    t =     9.60s Added attachment named '十字中心移线-其它区域拖图'
    t =     9.60s Tear Down
    t =     9.60s     Find the Target Application 'com.mdd.kanpan'
    t =     9.73s     Added attachment named 'Screenshot of Target Application 'com.mdd.kanpan'.png'
    t =     9.74s     Requesting snapshot of accessibility hierarchy for app with pid 43694
    t =     9.80s     Requesting snapshot of accessibility hierarchy for app with pid 43694
    t =     9.82s     Find the "chart.canvas" Other
    t =     9.83s     Added attachment of type 'public.plain-text'
    t =     9.83s     Terminate com.mdd.kanpan:43694
Test Case '-[KanpanUITests.ChartFoundationUITests testCrosshairCenterDragAndOutsidePan]' passed (10.859 seconds).
Test Case '-[KanpanUITests.ChartFoundationUITests testDragIndicatorTitleReordersCompletePane]' started.
    t =     0.00s Start Test at 2026-09-15 03:54:54.323
    t =     0.02s Set Up
    t =     0.02s     Setting device orientation to Portrait
    t =     0.02s         Wait for com.apple.DocumentManager.DockFolderViewService to idle
    t =     0.03s         Wait for com.apple.springboard to idle
    t =     0.03s     Open com.mdd.kanpan
    t =     0.03s         Launch com.mdd.kanpan
2026-09-15 03:54:54.359 xcodebuild[42802:32429744] [MT] IDELaunchParametersSnapshot: The operation couldn’t be completed. (DebuggerLLDB.DebuggerVersionStore.StoreError error 0.)
2026-09-15 03:54:54.359 xcodebuild[42802:32429744] [MT] IDELaunchParametersSnapshot: no debugger version
    t =     0.25s             Setting up automation session
    t =     0.98s             Wait for com.mdd.kanpan to idle
    t =     2.27s     Waiting 30.0s for "chart.canvas" Other to exist
    t =     3.31s         Checking `Expect predicate `existsNoRetry == 1` for object "chart.canvas" Other`
    t =     3.31s             Checking existence of `"chart.canvas" Other`
    t =     4.41s     Find the "chart.canvas" Other
    t =     4.44s Find the "chart.canvas" Other
    t =     4.45s Press "chart.canvas" Other[0.00, 0.00] -> (487.0, 676.5) for 0.5 seconds, then drag to "chart.canvas" Other[0.00, 0.00] -> (150.0, 1053.3) with velocity of 500.00 pixels per second, and then hold for 0.0 seconds 
    t =     4.45s     Wait for com.mdd.kanpan to idle
    t =     4.45s     Find the "chart.canvas" Other
    t =     4.47s     Check for interrupting elements affecting "chart.canvas" Other
    t =     4.49s         Wait for com.apple.springboard to idle
    t =     4.50s     Synthesize event
    t =     4.50s         Find the "chart.canvas" Other
    t =     4.52s         Find the "chart.canvas" Other
    t =     4.54s         Find the "chart.canvas" Other
    t =     4.56s         Find the "chart.canvas" Other
    t =     4.57s         Find the "chart.canvas" Other
    t =     6.32s     Wait for com.mdd.kanpan to idle
    t =     7.36s Find the "chart.canvas" Other
    t =     7.39s Find the "chart.canvas" Other
    t =     7.40s Find the "chart.canvas" Other
    t =     7.42s Find the "chart.canvas" Other
    t =     7.44s Find the "chart.canvas" Other
    t =     7.47s Find the "chart.canvas" Other
    t =     7.49s Find the "chart.canvas" Other
    t =     7.51s Find the Target Application 'com.mdd.kanpan'
    t =     7.65s Added attachment named '区域长按拖动-整块副图换序'
    t =     7.65s Tear Down
    t =     7.65s     Find the Target Application 'com.mdd.kanpan'
    t =     7.78s     Added attachment named 'Screenshot of Target Application 'com.mdd.kanpan'.png'
    t =     7.78s     Requesting snapshot of accessibility hierarchy for app with pid 43756
    t =     7.89s     Requesting snapshot of accessibility hierarchy for app with pid 43756
    t =     7.91s     Find the "chart.canvas" Other
    t =     7.93s     Added attachment of type 'public.plain-text'
    t =     7.93s     Terminate com.mdd.kanpan:43756
Test Case '-[KanpanUITests.ChartFoundationUITests testDragIndicatorTitleReordersCompletePane]' passed (8.997 seconds).
Test Case '-[KanpanUITests.ChartFoundationUITests testFavoritesCategoriesAndNavigation]' started.
    t =     0.00s Start Test at 2026-09-15 03:55:03.321
    t =     0.01s Set Up
    t =     0.02s     Setting device orientation to Portrait
    t =     0.02s         Wait for com.apple.DocumentManager.DockFolderViewService to idle
    t =     0.02s         Wait for com.apple.springboard to idle
    t =     0.03s     Open com.mdd.kanpan
    t =     0.03s         Launch com.mdd.kanpan
2026-09-15 03:55:03.350 xcodebuild[42802:32429744] [MT] IDELaunchParametersSnapshot: The operation couldn’t be completed. (DebuggerLLDB.DebuggerVersionStore.StoreError error 0.)
2026-09-15 03:55:03.350 xcodebuild[42802:32429744] [MT] IDELaunchParametersSnapshot: no debugger version
    t =     0.25s             Setting up automation session
    t =     1.01s             Wait for com.mdd.kanpan to idle
    t =     2.37s     Waiting 30.0s for "chart.canvas" Other to exist
    t =     3.45s         Checking `Expect predicate `existsNoRetry == 1` for object "chart.canvas" Other`
    t =     3.45s             Checking existence of `"chart.canvas" Other`
    t =     4.51s     Find the "chart.canvas" Other
    t =     4.54s Tap "bottom.favorites" Button
    t =     4.54s     Wait for com.mdd.kanpan to idle
    t =     4.54s     Find the "bottom.favorites" Button
    t =     4.56s     Check for interrupting elements affecting "bottom.favorites" Button
    t =     4.57s         Wait for com.apple.springboard to idle
    t =     4.59s     Synthesize event
    t =     4.88s     Wait for com.mdd.kanpan to idle
    t =     4.91s Waiting 5.0s for "favorites.add" Button to exist
    t =     5.96s     Checking `Expect predicate `existsNoRetry == 1` for object "favorites.add" Button`
    t =     5.96s         Checking existence of `"favorites.add" Button`
    t =     6.01s Tap "favorites.newGroup" Button
    t =     6.01s     Wait for com.mdd.kanpan to idle
    t =     6.01s     Find the "favorites.newGroup" Button
    t =     6.04s     Check for interrupting elements affecting "favorites.newGroup" Button
    t =     6.07s         Wait for com.apple.springboard to idle
    t =     6.08s     Synthesize event
    t =     6.37s     Wait for com.mdd.kanpan to idle
    t =     6.64s Waiting 5.0s for "分类名称" TextField to exist
    t =     7.68s     Checking `Expect predicate `existsNoRetry == 1` for object "分类名称" TextField`
    t =     7.68s         Checking existence of `"分类名称" TextField`
    t =     7.77s Type '半导体' into "分类名称" TextField
    t =     7.77s     Wait for com.mdd.kanpan to idle
    t =     7.78s     Find the "分类名称" TextField
    t =     7.87s     Check for interrupting elements affecting "分类名称" TextField
    t =     7.95s         Wait for com.apple.springboard to idle
    t =     7.97s     Synthesize event
    t =     8.22s     Wait for com.mdd.kanpan to idle
    t =     8.22s Tap "保存" Button
    t =     8.22s     Wait for com.mdd.kanpan to idle
    t =     8.23s     Find the "保存" Button
    t =     8.30s     Check for interrupting elements affecting "保存" Button
    t =     8.47s         Wait for com.apple.springboard to idle
    t =     8.49s     Synthesize event
    t =     8.78s     Wait for com.mdd.kanpan to idle
    t =     9.19s Tap "favorites.add" Button
    t =     9.19s     Wait for com.mdd.kanpan to idle
    t =     9.19s     Find the "favorites.add" Button
    t =     9.24s     Check for interrupting elements affecting "favorites.add" Button
    t =     9.27s         Wait for com.apple.springboard to idle
    t =     9.29s     Synthesize event
    t =     9.59s     Wait for com.mdd.kanpan to idle
    t =    10.62s Waiting 5.0s for "symbols.query" TextField to exist
    t =    11.67s     Checking `Expect predicate `existsNoRetry == 1` for object "symbols.query" TextField`
    t =    11.67s         Checking existence of `"symbols.query" TextField`
    t =    11.76s Tap "symbols.query" TextField
    t =    11.76s     Wait for com.mdd.kanpan to idle
    t =    11.76s     Find the "symbols.query" TextField
    t =    11.86s     Check for interrupting elements affecting "symbols.query" TextField
    t =    11.92s         Wait for com.apple.springboard to idle
    t =    11.94s     Synthesize event
    t =    12.23s     Wait for com.mdd.kanpan to idle
    t =    12.23s Type 'SNDKUSDT' into "symbols.query" TextField
    t =    12.23s     Wait for com.mdd.kanpan to idle
    t =    12.24s     Find the "symbols.query" TextField
    t =    12.41s     Check for interrupting elements affecting "symbols.query" TextField
    t =    12.55s         Wait for com.apple.springboard to idle
    t =    12.57s     Synthesize event
    t =    12.91s     Wait for com.mdd.kanpan to idle
    t =    13.23s Waiting 30.0s for "symbols.row.SNDKUSDT" Any to exist
    t =    14.28s     Checking `Expect predicate `existsNoRetry == 1` for object "symbols.row.SNDKUSDT" Any`
    t =    14.29s         Checking existence of `"symbols.row.SNDKUSDT" Any`
    t =    14.55s Tap "symbols.row.SNDKUSDT" Any
    t =    14.55s     Wait for com.mdd.kanpan to idle
    t =    14.57s     Find the "symbols.row.SNDKUSDT" Any
    t =    14.81s     Check for interrupting elements affecting "symbols.row.SNDKUSDT" StaticText
    t =    14.90s         Wait for com.apple.springboard to idle
    t =    14.94s     Synthesize event
    t =    15.24s     Wait for com.mdd.kanpan to idle
    t =    15.74s Waiting 5.0s for "favorites.open.SNDKUSDT" Button to exist
    t =    16.76s     Checking `Expect predicate `existsNoRetry == 1` for object "favorites.open.SNDKUSDT" Button`
    t =    16.76s         Checking existence of `"favorites.open.SNDKUSDT" Button`
    t =    16.81s Tap "favorites.expand.SNDKUSDT" Button
    t =    16.81s     Wait for com.mdd.kanpan to idle
    t =    16.83s     Find the "favorites.expand.SNDKUSDT" Button
    t =    16.87s     Check for interrupting elements affecting "favorites.expand.SNDKUSDT" Button
    t =    16.90s         Wait for com.apple.springboard to idle
    t =    16.92s     Synthesize event
    t =    17.21s     Wait for com.mdd.kanpan to idle
    t =    17.21s Waiting 5.0s for "favorites.move.SNDKUSDT" Button to exist
    t =    18.24s     Checking `Expect predicate `existsNoRetry == 1` for object "favorites.move.SNDKUSDT" Button`
    t =    18.24s         Checking existence of `"favorites.move.SNDKUSDT" Button`
    t =    18.32s Tap "favorites.move.SNDKUSDT" Button
    t =    18.32s     Wait for com.mdd.kanpan to idle
    t =    18.35s     Find the "favorites.move.SNDKUSDT" Button
    t =    18.39s     Check for interrupting elements affecting "favorites.move.SNDKUSDT" Button
    t =    18.44s         Wait for com.apple.springboard to idle
    t =    18.46s     Synthesize event
    t =    18.75s     Wait for com.mdd.kanpan to idle
    t =    20.23s Checking existence of `"半导体" Button`
    t =    20.29s Find the "半导体" Button
    t =    20.34s Tap "半导体" Button
    t =    20.34s     Wait for com.mdd.kanpan to idle
    t =    20.35s     Find the "半导体" Button
    t =    20.39s     Check for interrupting elements affecting "半导体" Button
    t =    20.44s         Wait for com.apple.springboard to idle
    t =    20.45s     Synthesize event
    t =    20.74s     Wait for com.mdd.kanpan to idle
    t =    22.18s Checking existence of `"favorites.open.SNDKUSDT" Button`
    t =    22.23s Tap "favorites.group.半导体" Button
    t =    22.23s     Wait for com.mdd.kanpan to idle
    t =    22.23s     Find the "favorites.group.半导体" Button
    t =    22.27s     Check for interrupting elements affecting "favorites.group.半导体" Button
    t =    22.30s         Wait for com.apple.springboard to idle
    t =    22.32s     Synthesize event
    t =    22.62s     Wait for com.mdd.kanpan to idle
    t =    22.63s Waiting 5.0s for "favorites.open.SNDKUSDT" Button to exist
    t =    23.67s     Checking `Expect predicate `existsNoRetry == 1` for object "favorites.open.SNDKUSDT" Button`
    t =    23.68s         Checking existence of `"favorites.open.SNDKUSDT" Button`
    t =    23.72s Find the Target Application 'com.mdd.kanpan'
    t =    23.88s Added attachment named '独立自选页-分类与品种'
    t =    23.88s Tap "favorites.open.SNDKUSDT" Button
    t =    23.88s     Wait for com.mdd.kanpan to idle
    t =    23.91s     Find the "favorites.open.SNDKUSDT" Button
    t =    23.96s     Check for interrupting elements affecting "favorites.open.SNDKUSDT" Button
    t =    23.99s         Wait for com.apple.springboard to idle
    t =    24.01s     Synthesize event
    t =    24.29s     Wait for com.mdd.kanpan to idle
    t =    25.69s Find the "chart.canvas" Other
    t =    25.72s Checking existence of `"interval.draw" Button`
    t =    25.74s Checking existence of `"bottom.draw" Button`
    t =    25.76s Tear Down
    t =    25.76s     Find the Target Application 'com.mdd.kanpan'
    t =    25.95s     Added attachment named 'Screenshot of Target Application 'com.mdd.kanpan'.png'
    t =    25.95s     Requesting snapshot of accessibility hierarchy for app with pid 43776
    t =    26.01s     Requesting snapshot of accessibility hierarchy for app with pid 43776
    t =    26.04s     Find the "chart.canvas" Other
    t =    26.07s     Added attachment of type 'public.plain-text'
    t =    26.07s     Terminate com.mdd.kanpan:43776
Test Case '-[KanpanUITests.ChartFoundationUITests testFavoritesCategoriesAndNavigation]' passed (27.147 seconds).
Test Case '-[KanpanUITests.ChartFoundationUITests testFavoritesDirectRowReorder]' started.
    t =     0.00s Start Test at 2026-09-15 03:55:30.469
    t =     0.02s Set Up
    t =     0.02s     Setting device orientation to Portrait
    t =     0.02s         Wait for com.apple.DocumentManager.DockFolderViewService to idle
    t =     0.03s         Wait for com.apple.springboard to idle
    t =     0.03s     Open com.mdd.kanpan
    t =     0.03s         Launch com.mdd.kanpan
2026-09-15 03:55:30.500 xcodebuild[42802:32429744] [MT] IDELaunchParametersSnapshot: The operation couldn’t be completed. (DebuggerLLDB.DebuggerVersionStore.StoreError error 0.)
2026-09-15 03:55:30.500 xcodebuild[42802:32429744] [MT] IDELaunchParametersSnapshot: no debugger version
    t =     0.24s             Setting up automation session
    t =     0.98s             Wait for com.mdd.kanpan to idle
    t =     2.33s     Waiting 30.0s for "chart.canvas" Other to exist
    t =     3.36s         Checking `Expect predicate `existsNoRetry == 1` for object "chart.canvas" Other`
    t =     3.36s             Checking existence of `"chart.canvas" Other`
    t =     4.44s     Find the "chart.canvas" Other
    t =     4.48s Terminate com.mdd.kanpan:43848
    t =     5.48s Open com.mdd.kanpan
    t =     5.48s     Launch com.mdd.kanpan
2026-09-15 03:55:35.948 xcodebuild[42802:32429744] [MT] IDELaunchParametersSnapshot: The operation couldn’t be completed. (DebuggerLLDB.DebuggerVersionStore.StoreError error 0.)
2026-09-15 03:55:35.948 xcodebuild[42802:32429744] [MT] IDELaunchParametersSnapshot: no debugger version
    t =     5.69s         Setting up automation session
    t =     6.44s         Wait for com.mdd.kanpan to idle
    t =     8.21s Waiting 15.0s for "favorites.open.BTCUSDT" Button to exist
    t =     9.27s     Checking `Expect predicate `existsNoRetry == 1` for object "favorites.open.BTCUSDT" Button`
    t =     9.27s         Checking existence of `"favorites.open.BTCUSDT" Button`
    t =     9.38s Find the "favorites.open.SOLUSDT" Button
    t =     9.43s Find the "favorites.open.BTCUSDT" Button
    t =     9.47s Press "favorites.open.BTCUSDT" Button[0.50, 0.50] for 0.8 seconds, then drag to "favorites.open.BTCUSDT" Button[0.50, 0.50] -> (0.0, 140.0) with velocity of 500.00 pixels per second, and then hold for 0.0 seconds 
    t =     9.47s     Wait for com.mdd.kanpan to idle
    t =     9.48s     Find the "favorites.open.BTCUSDT" Button
    t =     9.51s     Check for interrupting elements affecting "favorites.open.BTCUSDT" Button
    t =     9.55s         Wait for com.apple.springboard to idle
    t =     9.57s     Synthesize event
    t =     9.57s         Find the "favorites.open.BTCUSDT" Button
    t =     9.65s         Find the "favorites.open.BTCUSDT" Button
    t =     9.74s         Find the "favorites.open.BTCUSDT" Button
    t =     9.80s         Find the "favorites.open.BTCUSDT" Button
    t =     9.84s         Find the "favorites.open.BTCUSDT" Button
    t =    11.18s     Wait for com.mdd.kanpan to idle
    t =    13.46s Find the "favorites.open.BTCUSDT" Button
    t =    13.52s Find the "favorites.open.SOLUSDT" Button
    t =    13.61s Find the Target Application 'com.mdd.kanpan'
    t =    13.79s Added attachment named '自选-无需编辑长按整行排序'
    t =    13.79s Tear Down
    t =    13.79s     Find the Target Application 'com.mdd.kanpan'
    t =    13.94s     Added attachment named 'Screenshot of Target Application 'com.mdd.kanpan'.png'
    t =    13.94s     Requesting snapshot of accessibility hierarchy for app with pid 43860
    t =    14.20s     Requesting snapshot of accessibility hierarchy for app with pid 43860
    t =    14.26s     Find the "chart.canvas" Other
    t =    14.31s     Added attachment of type 'public.plain-text'
    t =    14.31s     Terminate com.mdd.kanpan:43860
Test Case '-[KanpanUITests.ChartFoundationUITests testFavoritesDirectRowReorder]' passed (15.357 seconds).
Test Case '-[KanpanUITests.ChartFoundationUITests testFavoritesRightSwipeRemove]' started.
    t =     0.00s Start Test at 2026-09-15 03:55:45.827
    t =     0.01s Set Up
    t =     0.01s     Setting device orientation to Portrait
    t =     0.02s         Wait for com.apple.DocumentManager.DockFolderViewService to idle
    t =     0.02s         Wait for com.apple.springboard to idle
    t =     0.03s     Open com.mdd.kanpan
    t =     0.03s         Launch com.mdd.kanpan
2026-09-15 03:55:45.857 xcodebuild[42802:32429744] [MT] IDELaunchParametersSnapshot: The operation couldn’t be completed. (DebuggerLLDB.DebuggerVersionStore.StoreError error 0.)
2026-09-15 03:55:45.857 xcodebuild[42802:32429744] [MT] IDELaunchParametersSnapshot: no debugger version
    t =     0.26s             Setting up automation session
    t =     1.00s             Wait for com.mdd.kanpan to idle
    t =     2.42s     Waiting 30.0s for "chart.canvas" Other to exist
    t =     3.46s         Checking `Expect predicate `existsNoRetry == 1` for object "chart.canvas" Other`
    t =     3.46s             Checking existence of `"chart.canvas" Other`
    t =     4.54s     Find the "chart.canvas" Other
    t =     4.57s Terminate com.mdd.kanpan:43898
    t =     5.65s Open com.mdd.kanpan
    t =     5.66s     Launch com.mdd.kanpan
2026-09-15 03:55:51.482 xcodebuild[42802:32429744] [MT] IDELaunchParametersSnapshot: The operation couldn’t be completed. (DebuggerLLDB.DebuggerVersionStore.StoreError error 0.)
2026-09-15 03:55:51.482 xcodebuild[42802:32429744] [MT] IDELaunchParametersSnapshot: no debugger version
    t =     5.87s         Setting up automation session
    t =     6.67s         Wait for com.mdd.kanpan to idle
    t =     8.47s Waiting 15.0s for "favorites.open.BTCUSDT" Button to exist
    t =     9.50s     Checking `Expect predicate `existsNoRetry == 1` for object "favorites.open.BTCUSDT" Button`
    t =     9.50s         Checking existence of `"favorites.open.BTCUSDT" Button`
    t =     9.58s Swipe right "favorites.open.BTCUSDT" Button
    t =     9.58s     Wait for com.mdd.kanpan to idle
    t =     9.59s     Find the "favorites.open.BTCUSDT" Button
    t =     9.66s     Check for interrupting elements affecting "favorites.open.BTCUSDT" Button
    t =     9.71s         Wait for com.apple.springboard to idle
    t =     9.74s Ignoring failure to get hierarchy for remote element in process 43875 (Error getting main window kAXErrorServerNotFound)
    t =     9.74s Ignoring failure to get hierarchy for remote element in process 43875 (Error getting main window kAXErrorServerNotFound)
    t =     9.75s     Synthesize event
    t =    10.21s     Wait for com.mdd.kanpan to idle
    t =    10.68s Waiting 5.0s for "删除自选" Button to exist
    t =    11.74s     Checking `Expect predicate `existsNoRetry == 1` for object "删除自选" Button`
    t =    11.74s         Checking existence of `"删除自选" Button`
    t =    11.80s Checking existence of `"favorites.open.BTCUSDT" Button`
    t =    11.85s Tap "删除自选" Button
    t =    11.85s     Wait for com.mdd.kanpan to idle
    t =    11.85s     Find the "删除自选" Button
    t =    11.89s     Check for interrupting elements affecting "删除自选" Button
    t =    11.93s         Wait for com.apple.springboard to idle
    t =    11.94s Ignoring failure to get hierarchy for remote element in process 43875 (Error getting main window kAXErrorServerNotFound)
    t =    11.95s Ignoring failure to get hierarchy for remote element in process 43875 (Error getting main window kAXErrorServerNotFound)
    t =    11.95s     Synthesize event
    t =    12.24s     Wait for com.mdd.kanpan to idle
    t =    13.55s Checking existence of `"favorites.open.BTCUSDT" Button`
    t =    13.58s Checking existence of `"favorites.open.ETHUSDT" Button`
    t =    13.62s Find the Target Application 'com.mdd.kanpan'
    t =    13.76s Added attachment named '自选-右滑选择删除'
    t =    13.77s Tear Down
    t =    13.77s     Find the Target Application 'com.mdd.kanpan'
    t =    13.92s     Added attachment named 'Screenshot of Target Application 'com.mdd.kanpan'.png'
    t =    13.93s     Requesting snapshot of accessibility hierarchy for app with pid 43902
    t =    14.09s     Requesting snapshot of accessibility hierarchy for app with pid 43902
    t =    14.15s     Find the "chart.canvas" Other
    t =    14.18s     Added attachment of type 'public.plain-text'
    t =    14.18s     Terminate com.mdd.kanpan:43902
Test Case '-[KanpanUITests.ChartFoundationUITests testFavoritesRightSwipeRemove]' passed (15.232 seconds).
Test Case '-[KanpanUITests.ChartFoundationUITests testFavoritesSearchSingleTap]' started.
    t =     0.00s Start Test at 2026-09-15 03:56:01.060
    t =     0.02s Set Up
    t =     0.02s     Setting device orientation to Portrait
    t =     0.03s         Wait for com.apple.DocumentManager.DockFolderViewService to idle
    t =     0.03s         Wait for com.apple.springboard to idle
    t =     0.04s     Open com.mdd.kanpan
    t =     0.04s         Launch com.mdd.kanpan
2026-09-15 03:56:01.097 xcodebuild[42802:32429744] [MT] IDELaunchParametersSnapshot: The operation couldn’t be completed. (DebuggerLLDB.DebuggerVersionStore.StoreError error 0.)
2026-09-15 03:56:01.097 xcodebuild[42802:32429744] [MT] IDELaunchParametersSnapshot: no debugger version
    t =     0.30s             Setting up automation session
    t =     1.09s             Wait for com.mdd.kanpan to idle
    t =     2.39s     Waiting 30.0s for "chart.canvas" Other to exist
    t =     3.43s         Checking `Expect predicate `existsNoRetry == 1` for object "chart.canvas" Other`
    t =     3.43s             Checking existence of `"chart.canvas" Other`
    t =     4.53s     Find the "chart.canvas" Other
    t =     4.56s Terminate com.mdd.kanpan:43920
    t =     5.57s Open com.mdd.kanpan
    t =     5.57s     Launch com.mdd.kanpan
2026-09-15 03:56:06.632 xcodebuild[42802:32429744] [MT] IDELaunchParametersSnapshot: The operation couldn’t be completed. (DebuggerLLDB.DebuggerVersionStore.StoreError error 0.)
2026-09-15 03:56:06.632 xcodebuild[42802:32429744] [MT] IDELaunchParametersSnapshot: no debugger version
    t =     5.80s         Setting up automation session
    t =     6.54s         Wait for com.mdd.kanpan to idle
    t =     8.33s Waiting 15.0s for "favorites.search" Button to exist
    t =     9.36s     Checking `Expect predicate `existsNoRetry == 1` for object "favorites.search" Button`
    t =     9.36s         Checking existence of `"favorites.search" Button`
    t =     9.43s Tap "favorites.search" Button[0.50, 0.50]
    t =     9.43s     Wait for com.mdd.kanpan to idle
    t =     9.43s     Find the "favorites.search" Button
    t =     9.47s     Check for interrupting elements affecting "favorites.search" Button
    t =     9.51s         Wait for com.apple.springboard to idle
    t =     9.52s Ignoring failure to get hierarchy for remote element in process 43875 (Error getting main window kAXErrorServerNotFound)
    t =     9.53s Ignoring failure to get hierarchy for remote element in process 43875 (Error getting main window kAXErrorServerNotFound)
    t =     9.53s     Synthesize event
    t =     9.53s         Find the "favorites.search" Button
    t =     9.57s         Find the "favorites.search" Button
    t =     9.61s         Find the "favorites.search" Button
    t =     9.94s     Wait for com.mdd.kanpan to idle
    t =    10.70s Waiting 4.0s for "favorites.query" TextField to exist
    t =    11.74s     Checking `Expect predicate `existsNoRetry == 1` for object "favorites.query" TextField`
    t =    11.74s         Checking existence of `"favorites.query" TextField`
    t =    12.89s Requesting snapshot of accessibility hierarchy for app with pid 43932
    t =    13.05s Find: Descendants matching type TextField
    t =    13.05s Find: Elements matching predicate '"favorites.query" IN identifiers'
    t =    13.09s Requesting snapshot of accessibility hierarchy for app with pid 43932
    t =    13.16s Find: Descendants matching type TextField
    t =    13.16s Find: Elements matching predicate '"favorites.query" IN identifiers'
    t =    13.17s Requesting snapshot of accessibility hierarchy for app with pid 43932
    t =    13.24s Find: Descendants matching type TextField
    t =    13.24s Requesting snapshot of accessibility hierarchy for app with pid 43932
    t =    13.32s Type 'btc' into "favorites.query" TextField
    t =    13.32s     Wait for com.mdd.kanpan to idle
    t =    13.32s     Find the "favorites.query" TextField
    t =    13.38s     Check for interrupting elements affecting "favorites.query" TextField
    t =    13.42s         Wait for com.apple.springboard to idle
    t =    13.45s Ignoring failure to get hierarchy for remote element in process 43875 (Error getting main window kAXErrorServerNotFound)
    t =    13.45s Ignoring failure to get hierarchy for remote element in process 43875 (Error getting main window kAXErrorServerNotFound)
    t =    13.46s     Synthesize event
    t =    13.72s     Wait for com.mdd.kanpan to idle
    t =    13.73s Checking existence of `"favorites.open.BTCUSDT" Button`
    t =    13.80s Checking existence of `"favorites.open.ETHUSDT" Button`
    t =    13.85s Tap "favorites.search.cancel" Button
    t =    13.85s     Wait for com.mdd.kanpan to idle
    t =    13.87s     Find the "favorites.search.cancel" Button
    t =    13.91s     Check for interrupting elements affecting "favorites.search.cancel" Button
    t =    13.95s         Wait for com.apple.springboard to idle
    t =    13.97s Ignoring failure to get hierarchy for remote element in process 43875 (Error getting main window kAXErrorServerNotFound)
    t =    13.97s Ignoring failure to get hierarchy for remote element in process 43875 (Error getting main window kAXErrorServerNotFound)
    t =    13.97s     Synthesize event
    t =    14.26s     Wait for com.mdd.kanpan to idle
    t =    14.78s Waiting 4.0s for "favorites.open.ETHUSDT" Button to exist
    t =    15.82s     Checking `Expect predicate `existsNoRetry == 1` for object "favorites.open.ETHUSDT" Button`
    t =    15.83s         Checking existence of `"favorites.open.ETHUSDT" Button`
    t =    15.88s Find the Target Application 'com.mdd.kanpan'
    t =    16.03s Added attachment named '兼容-自选单击搜索与取消'
    t =    16.03s Tear Down
    t =    16.03s     Find the Target Application 'com.mdd.kanpan'
    t =    16.20s     Added attachment named 'Screenshot of Target Application 'com.mdd.kanpan'.png'
    t =    16.20s     Requesting snapshot of accessibility hierarchy for app with pid 43932
    t =    16.44s     Requesting snapshot of accessibility hierarchy for app with pid 43932
    t =    16.51s     Find the "chart.canvas" Other
    t =    16.55s     Added attachment of type 'public.plain-text'
    t =    16.55s     Terminate com.mdd.kanpan:43932
Test Case '-[KanpanUITests.ChartFoundationUITests testFavoritesSearchSingleTap]' passed (17.624 seconds).
Test Case '-[KanpanUITests.ChartFoundationUITests testFourSubpanelsFitWithoutPageScroll]' started.
    t =     0.00s Start Test at 2026-09-15 03:56:18.684
    t =     0.01s Set Up
    t =     0.02s     Setting device orientation to Portrait
    t =     0.02s         Wait for com.apple.DocumentManager.DockFolderViewService to idle
    t =     0.02s         Wait for com.apple.springboard to idle
    t =     0.03s     Open com.mdd.kanpan
    t =     0.03s         Launch com.mdd.kanpan
2026-09-15 03:56:18.715 xcodebuild[42802:32429744] [MT] IDELaunchParametersSnapshot: The operation couldn’t be completed. (DebuggerLLDB.DebuggerVersionStore.StoreError error 0.)
2026-09-15 03:56:18.715 xcodebuild[42802:32429744] [MT] IDELaunchParametersSnapshot: no debugger version
    t =     0.25s             Setting up automation session
    t =     0.88s             Wait for com.mdd.kanpan to idle
    t =     2.19s     Waiting 30.0s for "chart.canvas" Other to exist
    t =     3.24s         Checking `Expect predicate `existsNoRetry == 1` for object "chart.canvas" Other`
    t =     3.24s             Checking existence of `"chart.canvas" Other`
    t =     4.33s     Find the "chart.canvas" Other
    t =     4.36s Tap "bottom.indicator" Button
    t =     4.36s     Wait for com.mdd.kanpan to idle
    t =     4.39s     Find the "bottom.indicator" Button
    t =     4.42s     Check for interrupting elements affecting "bottom.indicator" Button
    t =     4.44s         Wait for com.apple.springboard to idle
    t =     4.46s Ignoring failure to get hierarchy for remote element in process 43875 (Error getting main window kAXErrorServerNotFound)
    t =     4.47s Ignoring failure to get hierarchy for remote element in process 43875 (Error getting main window kAXErrorServerNotFound)
    t =     4.47s     Synthesize event
    t =     4.77s     Wait for com.mdd.kanpan to idle
    t =     5.21s Checking existence of `"indicator.switch.RSI" Button`
    t =     5.27s Find the "indicator.switch.RSI" Button
    t =     5.31s Swipe up "panel.content" ScrollView
    t =     5.31s     Wait for com.mdd.kanpan to idle
    t =     5.31s     Find the "panel.content" ScrollView
    t =     5.34s     Check for interrupting elements affecting "panel.content" ScrollView
    t =     5.37s         Wait for com.apple.springboard to idle
    t =     5.38s Ignoring failure to get hierarchy for remote element in process 43875 (Error getting main window kAXErrorServerNotFound)
    t =     5.38s Ignoring failure to get hierarchy for remote element in process 43875 (Error getting main window kAXErrorServerNotFound)
    t =     5.39s     Synthesize event
    t =     5.83s     Wait for com.mdd.kanpan to idle
    t =     6.47s Checking existence of `"indicator.switch.RSI" Button`
    t =     6.50s Find the "indicator.switch.RSI" Button
    t =     6.55s Find the "panel.content" ScrollView
    t =     6.58s Find the "indicator.switch.RSI" Button
    t =     6.61s Waiting 5.0s for "indicator.switch.RSI" Button to exist
    t =     7.63s     Checking `Expect predicate `existsNoRetry == 1` for object "indicator.switch.RSI" Button`
    t =     7.63s         Checking existence of `"indicator.switch.RSI" Button`
    t =     7.67s Tap "indicator.switch.RSI" Button
    t =     7.67s     Wait for com.mdd.kanpan to idle
    t =     7.67s     Find the "indicator.switch.RSI" Button
    t =     7.70s     Check for interrupting elements affecting "indicator.switch.RSI" Button
    t =     7.74s         Wait for com.apple.springboard to idle
    t =     7.76s Ignoring failure to get hierarchy for remote element in process 43875 (Error getting main window kAXErrorServerNotFound)
    t =     7.76s Ignoring failure to get hierarchy for remote element in process 43875 (Error getting main window kAXErrorServerNotFound)
    t =     7.78s     Synthesize event
    t =     8.08s     Wait for com.mdd.kanpan to idle
    t =     8.08s Waiting 5.0s for "panel.header" StaticText to exist
    t =     9.13s     Checking `Expect predicate `existsNoRetry == 1` for object "panel.header" StaticText`
    t =     9.13s         Checking existence of `"panel.header" StaticText`
    t =     9.20s Press "panel.header" StaticText[0.50, 0.50] for 0.1 seconds, then drag to Window (First Match)[0.50, 0.98] with velocity of 500.00 pixels per second, and then hold for 0.0 seconds 
    t =     9.20s     Wait for com.mdd.kanpan to idle
    t =     9.20s     Find the "panel.header" StaticText
    t =     9.26s     Check for interrupting elements affecting "panel.header" StaticText
    t =     9.29s         Wait for com.apple.springboard to idle
    t =     9.31s Ignoring failure to get hierarchy for remote element in process 43875 (Error getting main window kAXErrorServerNotFound)
    t =     9.31s Ignoring failure to get hierarchy for remote element in process 43875 (Error getting main window kAXErrorServerNotFound)
    t =     9.31s     Synthesize event
    t =     9.31s         Find the "panel.header" StaticText
    t =     9.35s         Find the "panel.header" StaticText
    t =     9.39s         Find the Window (First Match)
    t =     9.40s         Find the Window at {{0.0, 0.0}, {1032.0, 1376.0}}
    t =     9.40s         Find the "panel.header" StaticText
    t =    11.74s     Wait for com.mdd.kanpan to idle
    t =    13.13s Checking existence of `"panel.header" StaticText`
    t =    14.19s Find the "chart.canvas" Other
    t =    14.22s Find the "chart.canvas" Other
    t =    14.24s Find the "chart.canvas" Other
    t =    14.27s Find the "chart.resize.RSI" Other
    t =    14.29s Find the Target Application 'com.mdd.kanpan'
    t =    14.48s Added attachment named '一屏四副图-无需滚动'
    t =    14.48s Tear Down
    t =    14.48s     Find the Target Application 'com.mdd.kanpan'
    t =    14.63s     Added attachment named 'Screenshot of Target Application 'com.mdd.kanpan'.png'
    t =    14.63s     Requesting snapshot of accessibility hierarchy for app with pid 43951
    t =    14.75s     Requesting snapshot of accessibility hierarchy for app with pid 43951
    t =    14.77s     Find the "chart.canvas" Other
    t =    14.78s     Added attachment of type 'public.plain-text'
    t =    14.78s     Terminate com.mdd.kanpan:43951
Test Case '-[KanpanUITests.ChartFoundationUITests testFourSubpanelsFitWithoutPageScroll]' passed (15.912 seconds).
Test Case '-[KanpanUITests.ChartFoundationUITests testHeightAndVerticalReachability]' started.
    t =     0.00s Start Test at 2026-09-15 03:56:34.597
    t =     0.01s Set Up
    t =     0.01s     Setting device orientation to Portrait
    t =     0.02s         Wait for com.apple.DocumentManager.DockFolderViewService to idle
    t =     0.02s         Wait for com.apple.springboard to idle
    t =     0.03s     Open com.mdd.kanpan
    t =     0.03s         Launch com.mdd.kanpan
2026-09-15 03:56:34.625 xcodebuild[42802:32429744] [MT] IDELaunchParametersSnapshot: The operation couldn’t be completed. (DebuggerLLDB.DebuggerVersionStore.StoreError error 0.)
2026-09-15 03:56:34.625 xcodebuild[42802:32429744] [MT] IDELaunchParametersSnapshot: no debugger version
    t =     0.25s             Setting up automation session
    t =     0.91s             Wait for com.mdd.kanpan to idle
    t =     2.23s     Waiting 30.0s for "chart.canvas" Other to exist
    t =     3.30s         Checking `Expect predicate `existsNoRetry == 1` for object "chart.canvas" Other`
    t =     3.30s             Checking existence of `"chart.canvas" Other`
    t =     4.43s     Find the "chart.canvas" Other
    t =     4.47s Find the "chart.canvas" Other
    t =     4.49s Tap "interval.chart" Button
    t =     4.49s     Wait for com.mdd.kanpan to idle
    t =     4.49s     Find the "interval.chart" Button
    t =     4.50s     Check for interrupting elements affecting "interval.chart" Button
    t =     4.52s         Wait for com.apple.springboard to idle
    t =     4.53s Ignoring failure to get hierarchy for remote element in process 43875 (Error getting main window kAXErrorServerNotFound)
    t =     4.54s Ignoring failure to get hierarchy for remote element in process 43875 (Error getting main window kAXErrorServerNotFound)
    t =     4.54s     Synthesize event
    t =     4.83s     Wait for com.mdd.kanpan to idle
    t =     4.88s Waiting 5.0s for "chart.portraitHeight" Slider to exist
    t =     5.94s     Checking `Expect predicate `existsNoRetry == 1` for object "chart.portraitHeight" Slider`
    t =     5.94s         Checking existence of `"chart.portraitHeight" Slider`
    t =     6.00s Set normalized position of "chart.portraitHeight" Slider to 1.00
    t =     6.00s     Wait for com.mdd.kanpan to idle
    t =     6.01s     Find the "chart.portraitHeight" Slider
    t =     6.04s     Check for interrupting elements affecting "chart.portraitHeight" Slider
    t =     6.08s         Wait for com.apple.springboard to idle
    t =     6.10s Ignoring failure to get hierarchy for remote element in process 43875 (Error getting main window kAXErrorServerNotFound)
    t =     6.10s Ignoring failure to get hierarchy for remote element in process 43875 (Error getting main window kAXErrorServerNotFound)
    t =     6.10s     Synthesize event
    t =     6.75s     Wait for com.mdd.kanpan to idle
    t =     7.78s Waiting 5.0s for "panel.header" StaticText to exist
    t =     8.84s     Checking `Expect predicate `existsNoRetry == 1` for object "panel.header" StaticText`
    t =     8.84s         Checking existence of `"panel.header" StaticText`
    t =     8.89s Press "panel.header" StaticText[0.50, 0.50] for 0.1 seconds, then drag to Window (First Match)[0.50, 0.98] with velocity of 500.00 pixels per second, and then hold for 0.0 seconds 
    t =     8.89s     Wait for com.mdd.kanpan to idle
    t =     8.89s     Find the "panel.header" StaticText
    t =     8.93s     Check for interrupting elements affecting "panel.header" StaticText
    t =     8.97s         Wait for com.apple.springboard to idle
    t =     9.00s Ignoring failure to get hierarchy for remote element in process 43875 (Error getting main window kAXErrorServerNotFound)
    t =     9.00s Ignoring failure to get hierarchy for remote element in process 43875 (Error getting main window kAXErrorServerNotFound)
    t =     9.01s     Synthesize event
    t =     9.01s         Find the "panel.header" StaticText
    t =     9.07s         Find the "panel.header" StaticText
    t =     9.12s         Find the Window (First Match)
    t =     9.24s         Find the Window at {{0.0, 0.0}, {1032.0, 1376.0}}
    t =     9.24s         Find the "panel.header" StaticText
    t =    11.04s     Wait for com.mdd.kanpan to idle
    t =    12.83s Checking existence of `"panel.header" StaticText`
    t =    13.88s Find the "chart.canvas" Other
    t =    13.91s Find the "chart.canvas" Other
    t =    13.92s Find the "chart.canvas" Other
    t =    13.94s Find the "chart.canvas" Other
    t =    13.95s Find the "chart.canvas" Other
    t =    13.97s Find the "chart.canvas" Other
    t =    13.98s Find the Target Application 'com.mdd.kanpan'
    t =    14.14s Added attachment named '高度调高-主副图内容'
    t =    14.14s Find the "chart.canvas" Other
    t =    14.16s Find the "chart.canvas" Other
    t =    14.18s Find the "chart.canvas" Other
    t =    14.19s Find the Target Application 'com.mdd.kanpan'
    t =    14.33s Added attachment named '高度调高-一屏主副图'
    t =    14.33s Tear Down
    t =    14.33s     Find the Target Application 'com.mdd.kanpan'
    t =    14.47s     Added attachment named 'Screenshot of Target Application 'com.mdd.kanpan'.png'
    t =    14.47s     Requesting snapshot of accessibility hierarchy for app with pid 43979
    t =    14.54s     Requesting snapshot of accessibility hierarchy for app with pid 43979
    t =    14.55s     Find the "chart.canvas" Other
    t =    14.57s     Added attachment of type 'public.plain-text'
    t =    14.57s     Terminate com.mdd.kanpan:43979
Test Case '-[KanpanUITests.ChartFoundationUITests testHeightAndVerticalReachability]' passed (15.647 seconds).
Test Case '-[KanpanUITests.ChartFoundationUITests testLatestEdgeAndReentryCompatibility]' started.
    t =     0.00s Start Test at 2026-09-15 03:56:50.245
    t =     0.01s Set Up
    t =     0.01s     Setting device orientation to Portrait
    t =     0.02s         Wait for com.apple.DocumentManager.DockFolderViewService to idle
    t =     0.02s         Wait for com.apple.springboard to idle
    t =     0.02s     Open com.mdd.kanpan
    t =     0.03s         Launch com.mdd.kanpan
2026-09-15 03:56:50.272 xcodebuild[42802:32429744] [MT] IDELaunchParametersSnapshot: The operation couldn’t be completed. (DebuggerLLDB.DebuggerVersionStore.StoreError error 0.)
2026-09-15 03:56:50.272 xcodebuild[42802:32429744] [MT] IDELaunchParametersSnapshot: no debugger version
    t =     0.24s             Setting up automation session
    t =     0.87s             Wait for com.mdd.kanpan to idle
    t =     2.23s     Waiting 30.0s for "chart.canvas" Other to exist
    t =     3.28s         Checking `Expect predicate `existsNoRetry == 1` for object "chart.canvas" Other`
    t =     3.28s             Checking existence of `"chart.canvas" Other`
    t =     4.34s     Find the "chart.canvas" Other
    t =     4.39s Terminate com.mdd.kanpan:44004
    t =     5.43s Open com.mdd.kanpan
    t =     5.43s     Launch com.mdd.kanpan
2026-09-15 03:56:55.674 xcodebuild[42802:32429744] [MT] IDELaunchParametersSnapshot: The operation couldn’t be completed. (DebuggerLLDB.DebuggerVersionStore.StoreError error 0.)
2026-09-15 03:56:55.674 xcodebuild[42802:32429744] [MT] IDELaunchParametersSnapshot: no debugger version
    t =     5.63s         Setting up automation session
    t =     6.35s         Wait for com.mdd.kanpan to idle
    t =     7.96s Waiting 15.0s for "favorites.close" Button to exist
    t =     9.02s     Checking `Expect predicate `existsNoRetry == 1` for object "favorites.close" Button`
    t =     9.02s         Checking existence of `"favorites.close" Button`
    t =     9.10s Swipe right "favorites.groups" ScrollView
    t =     9.10s     Wait for com.mdd.kanpan to idle
    t =     9.11s     Find the "favorites.groups" ScrollView
    t =     9.14s     Check for interrupting elements affecting "favorites.groups" ScrollView
    t =     9.20s         Wait for com.apple.springboard to idle
    t =     9.22s Ignoring failure to get hierarchy for remote element in process 43875 (Error getting main window kAXErrorServerNotFound)
    t =     9.23s Ignoring failure to get hierarchy for remote element in process 43875 (Error getting main window kAXErrorServerNotFound)
    t =     9.23s     Synthesize event
    t =     9.66s     Wait for com.mdd.kanpan to idle
    t =    10.44s Tap "favorites.group.加密" Button
    t =    10.44s     Wait for com.mdd.kanpan to idle
    t =    10.44s     Find the "favorites.group.加密" Button
    t =    10.49s     Check for interrupting elements affecting "favorites.group.加密" Button
    t =    10.49s         Wait for com.apple.DocumentManager.DockFolderViewService to idle
    t =    10.56s         Wait for com.apple.springboard to idle
    t =    10.89s Ignoring failure to get hierarchy for remote element in process 43875 (Error getting main window kAXErrorServerNotFound)
    t =    10.89s Ignoring failure to get hierarchy for remote element in process 43875 (Error getting main window kAXErrorServerNotFound)
    t =    10.90s     Synthesize event
    t =    11.19s     Wait for com.mdd.kanpan to idle
    t =    11.19s Tap "favorites.open.BTCUSDT" Button
    t =    11.19s     Wait for com.mdd.kanpan to idle
    t =    11.19s     Find the "favorites.open.BTCUSDT" Button
    t =    11.24s     Check for interrupting elements affecting "favorites.open.BTCUSDT" Button
    t =    11.25s         Wait for com.apple.DocumentManager.DockFolderViewService to idle
    t =    11.29s         Wait for com.apple.springboard to idle
    t =    11.32s Ignoring failure to get hierarchy for remote element in process 43875 (Error getting main window kAXErrorServerNotFound)
    t =    11.32s Ignoring failure to get hierarchy for remote element in process 43875 (Error getting main window kAXErrorServerNotFound)
    t =    11.33s     Synthesize event
    t =    11.62s     Wait for com.mdd.kanpan to idle
    t =    11.97s Waiting 15.0s for "chart.canvas" Other to exist
    t =    13.02s     Checking `Expect predicate `existsNoRetry == 1` for object "chart.canvas" Other`
    t =    13.02s         Checking existence of `"chart.canvas" Other`
    t =    14.08s Find the "chart.canvas" Other
    t =    15.15s Find the "chart.canvas" Other
    t =    15.19s Find the "chart.canvas" Other
    t =    15.22s Press "chart.canvas" Other[0.00, 0.00] -> (630.8, 140.0) for 0.1 seconds, then drag to "chart.canvas" Other[0.00, 0.00] -> (252.3, 140.0) with velocity of 250.00 pixels per second, and then hold for 0.3 seconds 
    t =    15.22s     Wait for com.mdd.kanpan to idle
    t =    15.22s     Find the "chart.canvas" Other
    t =    15.24s     Check for interrupting elements affecting "chart.canvas" Other
    t =    15.25s         Wait for com.apple.DocumentManager.DockFolderViewService to idle
    t =    15.31s         Wait for com.apple.springboard to idle
    t =    15.35s Ignoring failure to get hierarchy for remote element in process 43875 (Error getting main window kAXErrorServerNotFound)
    t =    15.35s Ignoring failure to get hierarchy for remote element in process 43875 (Error getting main window kAXErrorServerNotFound)
    t =    15.36s     Synthesize event
    t =    15.36s         Find the "chart.canvas" Other
    t =    15.38s         Find the "chart.canvas" Other
    t =    15.40s         Find the "chart.canvas" Other
    t =    15.43s         Find the "chart.canvas" Other
    t =    15.55s         Find the "chart.canvas" Other
    t =    17.67s     Wait for com.mdd.kanpan to idle
    t =    18.77s Find the "chart.canvas" Other
    t =    18.79s Press "chart.canvas" Other[0.00, 0.00] -> (252.3, 140.0) for 0.1 seconds, then drag to "chart.canvas" Other[0.00, 0.00] -> (630.8, 140.0) with velocity of 250.00 pixels per second, and then hold for 0.3 seconds 
    t =    18.79s     Wait for com.mdd.kanpan to idle
    t =    18.79s     Find the "chart.canvas" Other
    t =    18.81s     Check for interrupting elements affecting "chart.canvas" Other
    t =    18.81s         Wait for com.apple.DocumentManager.DockFolderViewService to idle
    t =    18.83s         Wait for com.apple.springboard to idle
    t =    18.86s Ignoring failure to get hierarchy for remote element in process 43875 (Error getting main window kAXErrorServerNotFound)
    t =    18.86s Ignoring failure to get hierarchy for remote element in process 43875 (Error getting main window kAXErrorServerNotFound)
    t =    18.86s     Synthesize event
    t =    18.86s         Find the "chart.canvas" Other
    t =    18.88s         Find the "chart.canvas" Other
    t =    18.90s         Find the "chart.canvas" Other
    t =    18.91s         Find the "chart.canvas" Other
    t =    18.93s         Find the "chart.canvas" Other
    t =    21.05s     Wait for com.mdd.kanpan to idle
    t =    21.05s Find the "chart.canvas" Other
    t =    21.08s Press "chart.canvas" Other[0.00, 0.00] -> (630.8, 140.0) for 0.1 seconds, then drag to "chart.canvas" Other[0.00, 0.00] -> (630.8, 140.0) -> (-30.0, 0.0) with velocity of 250.00 pixels per second, and then hold for 0.3 seconds 
    t =    21.08s     Wait for com.mdd.kanpan to idle
    t =    21.08s     Find the "chart.canvas" Other
    t =    21.09s     Check for interrupting elements affecting "chart.canvas" Other
    t =    21.10s         Wait for com.apple.DocumentManager.DockFolderViewService to idle
    t =    21.11s         Wait for com.apple.springboard to idle
    t =    21.13s Ignoring failure to get hierarchy for remote element in process 43875 (Error getting main window kAXErrorServerNotFound)
    t =    21.13s Ignoring failure to get hierarchy for remote element in process 43875 (Error getting main window kAXErrorServerNotFound)
    t =    21.14s     Synthesize event
    t =    21.14s         Find the "chart.canvas" Other
    t =    21.15s         Find the "chart.canvas" Other
    t =    21.17s         Find the "chart.canvas" Other
    t =    21.19s         Find the "chart.canvas" Other
    t =    21.20s         Find the "chart.canvas" Other
    t =    21.93s     Wait for com.mdd.kanpan to idle
    t =    21.94s Find the "chart.canvas" Other
    t =    21.95s Tap "bottom.favorites" Button
    t =    21.95s     Wait for com.mdd.kanpan to idle
    t =    21.95s     Find the "bottom.favorites" Button
    t =    21.97s     Check for interrupting elements affecting "bottom.favorites" Button
    t =    21.97s         Wait for com.apple.DocumentManager.DockFolderViewService to idle
    t =    21.98s         Wait for com.apple.springboard to idle
    t =    22.00s Ignoring failure to get hierarchy for remote element in process 43875 (Error getting main window kAXErrorServerNotFound)
    t =    22.01s Ignoring failure to get hierarchy for remote element in process 43875 (Error getting main window kAXErrorServerNotFound)
    t =    22.01s     Synthesize event
    t =    22.30s     Wait for com.mdd.kanpan to idle
    t =    22.70s Waiting 5.0s for "favorites.open.BTCUSDT" Button to exist
    t =    23.75s     Checking `Expect predicate `existsNoRetry == 1` for object "favorites.open.BTCUSDT" Button`
    t =    23.75s         Checking existence of `"favorites.open.BTCUSDT" Button`
    t =    23.81s Tap "favorites.open.BTCUSDT" Button
    t =    23.81s     Wait for com.mdd.kanpan to idle
    t =    23.82s     Find the "favorites.open.BTCUSDT" Button
    t =    23.94s     Check for interrupting elements affecting "favorites.open.BTCUSDT" Button
    t =    24.06s         Wait for com.apple.DocumentManager.DockFolderViewService to idle
    t =    24.10s         Wait for com.apple.springboard to idle
    t =    24.13s Ignoring failure to get hierarchy for remote element in process 43875 (Error getting main window kAXErrorServerNotFound)
    t =    24.13s Ignoring failure to get hierarchy for remote element in process 43875 (Error getting main window kAXErrorServerNotFound)
    t =    24.14s     Synthesize event
    t =    24.44s     Wait for com.mdd.kanpan to idle
    t =    24.80s Waiting 5.0s for "chart.canvas" Other to exist
    t =    25.83s     Checking `Expect predicate `existsNoRetry == 1` for object "chart.canvas" Other`
    t =    25.83s         Checking existence of `"chart.canvas" Other`
    t =    26.92s Find the "chart.canvas" Other
    t =    26.94s Find the Target Application 'com.mdd.kanpan'
    t =    27.08s Added attachment named '默认末根贴右-最新端回弹-历史自由拖动-重进复位'
    t =    27.08s Tear Down
    t =    27.08s     Find the Target Application 'com.mdd.kanpan'
    t =    27.20s     Added attachment named 'Screenshot of Target Application 'com.mdd.kanpan'.png'
    t =    27.20s     Requesting snapshot of accessibility hierarchy for app with pid 44014
    t =    27.27s     Requesting snapshot of accessibility hierarchy for app with pid 44014
    t =    27.28s     Find the "chart.canvas" Other
    t =    27.30s     Added attachment of type 'public.plain-text'
    t =    27.30s     Terminate com.mdd.kanpan:44014
Test Case '-[KanpanUITests.ChartFoundationUITests testLatestEdgeAndReentryCompatibility]' passed (28.450 seconds).
Test Case '-[KanpanUITests.ChartFoundationUITests testResizeDividerWithinOneScreen]' started.
    t =     0.00s Start Test at 2026-09-15 03:57:18.696
    t =     0.01s Set Up
    t =     0.01s     Setting device orientation to Portrait
    t =     0.02s         Wait for com.apple.DocumentManager.DockFolderViewService to idle
    t =     0.03s         Wait for com.apple.springboard to idle
    t =     0.03s     Open com.mdd.kanpan
    t =     0.03s         Launch com.mdd.kanpan
2026-09-15 03:57:18.727 xcodebuild[42802:32429744] [MT] IDELaunchParametersSnapshot: The operation couldn’t be completed. (DebuggerLLDB.DebuggerVersionStore.StoreError error 0.)
2026-09-15 03:57:18.727 xcodebuild[42802:32429744] [MT] IDELaunchParametersSnapshot: no debugger version
    t =     0.25s             Setting up automation session
    t =     0.93s             Wait for com.mdd.kanpan to idle
    t =     2.25s     Waiting 30.0s for "chart.canvas" Other to exist
    t =     3.33s         Checking `Expect predicate `existsNoRetry == 1` for object "chart.canvas" Other`
    t =     3.33s             Checking existence of `"chart.canvas" Other`
    t =     4.42s     Find the "chart.canvas" Other
    t =     4.50s Find the "chart.canvas" Other
    t =     4.59s Waiting 5.0s for "chart.resize.VOL" Other to exist
    t =     5.64s     Checking `Expect predicate `existsNoRetry == 1` for object "chart.resize.VOL" Other`
    t =     5.64s         Checking existence of `"chart.resize.VOL" Other`
    t =     5.67s Find the "chart.resize.VOL" Other
    t =     5.68s Find the "chart.resize.VOL" Other
    t =     5.69s Find the "chart.resize.VOL" Other
    t =     5.71s Press Window (First Match)[0.00, 0.00] -> (582.5, 827.3) for 0.1 seconds, then drag to Window (First Match)[0.00, 0.00] -> (582.5, 827.3) -> (0.0, 35.0) with velocity of 500.00 pixels per second, and then hold for 0.0 seconds 
    t =     5.71s     Wait for com.mdd.kanpan to idle
    t =     5.71s     Find the Window (First Match)
    t =     5.71s     Check for interrupting elements affecting Window
    t =     5.72s         Wait for com.apple.DocumentManager.DockFolderViewService to idle
    t =     5.73s         Wait for com.apple.springboard to idle
    t =     5.76s Ignoring failure to get hierarchy for remote element in process 43875 (Error getting main window kAXErrorServerNotFound)
    t =     5.76s Ignoring failure to get hierarchy for remote element in process 43875 (Error getting main window kAXErrorServerNotFound)
    t =     5.76s     Synthesize event
    t =     5.76s         Find the Window at {{133.0, 0.0}, {899.0, 1209.5}}
    t =     5.77s         Find the Window at {{133.0, 0.0}, {899.0, 1209.5}}
    t =     5.78s         Find the Window at {{133.0, 0.0}, {899.0, 1209.5}}
    t =     5.78s         Find the Window at {{133.0, 0.0}, {899.0, 1209.5}}
    t =     5.79s         Find the Window at {{133.0, 0.0}, {899.0, 1209.5}}
    t =     6.17s     Wait for com.mdd.kanpan to idle
    t =     7.24s Find the "chart.resize.VOL" Other
    t =     7.26s Find the "chart.canvas" Other
    t =     7.27s Find the "chart.canvas" Other
    t =     7.29s Find the "chart.canvas" Other
    t =     7.30s Find the "chart.canvas" Other
    t =     7.31s Find the "chart.canvas" Other
    t =     7.33s Find the "chart.canvas" Other
    t =     7.34s Find the Target Application 'com.mdd.kanpan'
    t =     7.46s Added attachment named '一屏三副图-手动边界调整'
    t =     7.46s Tear Down
    t =     7.46s     Find the Target Application 'com.mdd.kanpan'
    t =     7.57s     Added attachment named 'Screenshot of Target Application 'com.mdd.kanpan'.png'
    t =     7.58s     Requesting snapshot of accessibility hierarchy for app with pid 44062
    t =     7.65s     Requesting snapshot of accessibility hierarchy for app with pid 44062
    t =     7.66s     Find the "chart.canvas" Other
    t =     7.68s     Added attachment of type 'public.plain-text'
    t =     7.68s     Terminate com.mdd.kanpan:44062
Test Case '-[KanpanUITests.ChartFoundationUITests testResizeDividerWithinOneScreen]' passed (8.765 seconds).
Test Suite 'ChartFoundationUITests' passed at 2026-09-15 03:57:27.461.
	 Executed 10 tests, with 0 failures (0 unexpected) in 163.991 (163.998) seconds
Test Suite 'MainScreenUITests' started at 2026-09-15 03:57:27.462.
Test Case '-[KanpanUITests.MainScreenUITests testIndicatorPanelOpensAndCloses]' started.
    t =     0.00s Start Test at 2026-09-15 03:57:27.463
    t =     0.01s Set Up
    t =     0.02s     Open com.mdd.kanpan
    t =     0.02s         Launch com.mdd.kanpan
2026-09-15 03:57:27.480 xcodebuild[42802:32429744] [MT] IDELaunchParametersSnapshot: The operation couldn’t be completed. (DebuggerLLDB.DebuggerVersionStore.StoreError error 0.)
2026-09-15 03:57:27.480 xcodebuild[42802:32429744] [MT] IDELaunchParametersSnapshot: no debugger version
    t =     0.24s             Setting up automation session
    t =     0.96s             Wait for com.mdd.kanpan to idle
    t =     2.30s     Waiting 30.0s for "top.symbol" Button to exist
    t =     3.33s         Checking `Expect predicate `existsNoRetry == 1` for object "top.symbol" Button`
    t =     3.33s             Checking existence of `"top.symbol" Button`
    t =     3.37s     Find the Window (First Match)
    t =     3.37s     Find the "interval.more" Button
    t =     3.39s     Find the "bottom.style" Button
    t =     3.40s Tap "bottom.indicator" Button
    t =     3.40s     Wait for com.mdd.kanpan to idle
    t =     3.41s     Find the "bottom.indicator" Button
    t =     3.42s     Check for interrupting elements affecting "bottom.indicator" Button
    t =     3.45s         Wait for com.apple.springboard to idle
    t =     3.46s Ignoring failure to get hierarchy for remote element in process 43875 (Error getting main window kAXErrorServerNotFound)
    t =     3.46s Ignoring failure to get hierarchy for remote element in process 43875 (Error getting main window kAXErrorServerNotFound)
    t =     3.48s     Synthesize event
    t =     3.77s     Wait for com.mdd.kanpan to idle
    t =     4.22s Waiting 8.0s for "indicator.switch.MACD" Button to exist
    t =     5.28s     Checking `Expect predicate `existsNoRetry == 1` for object "indicator.switch.MACD" Button`
    t =     5.28s         Checking existence of `"indicator.switch.MACD" Button`
    t =     5.34s Waiting 8.0s for "indicator.switch.MA" Button to exist
    t =     6.37s     Checking `Expect predicate `existsNoRetry == 1` for object "indicator.switch.MA" Button`
    t =     6.37s         Checking existence of `"indicator.switch.MA" Button`
    t =     6.41s Checking existence of `"indicator.switch.MACD" Button`
    t =     6.44s Checking existence of `"panel.header" StaticText`
    t =     6.47s Press "panel.header" StaticText[0.50, 0.50] for 0.1 seconds, then drag to Window (First Match)[0.50, 0.98] with velocity of 500.00 pixels per second, and then hold for 0.0 seconds 
    t =     6.47s     Wait for com.mdd.kanpan to idle
    t =     6.47s     Find the "panel.header" StaticText
    t =     6.50s     Check for interrupting elements affecting "panel.header" StaticText
    t =     6.53s         Wait for com.apple.springboard to idle
    t =     6.54s Ignoring failure to get hierarchy for remote element in process 43875 (Error getting main window kAXErrorServerNotFound)
    t =     6.54s Ignoring failure to get hierarchy for remote element in process 43875 (Error getting main window kAXErrorServerNotFound)
    t =     6.55s     Synthesize event
    t =     6.55s         Find the "panel.header" StaticText
    t =     6.58s         Find the "panel.header" StaticText
    t =     6.62s         Find the Window (First Match)
    t =     6.63s         Find the Window at {{0.0, 0.0}, {1032.0, 1376.0}}
    t =     6.66s         Find the "panel.header" StaticText
    t =     8.46s     Wait for com.mdd.kanpan to idle
    t =     9.16s Checking existence of `"indicator.switch.MACD" Button`
    t =     9.17s Tear Down
Test Case '-[KanpanUITests.MainScreenUITests testIndicatorPanelOpensAndCloses]' passed (9.431 seconds).
Test Case '-[KanpanUITests.MainScreenUITests testLatestButtonAppearsAfterLeavingLatest]' started.
    t =     0.00s Start Test at 2026-09-15 03:57:36.895
    t =     0.02s Set Up
    t =     0.02s     Open com.mdd.kanpan
    t =     0.02s         Launch com.mdd.kanpan
    t =     0.02s             Terminate com.mdd.kanpan:44084
2026-09-15 03:57:37.970 xcodebuild[42802:32429744] [MT] IDELaunchParametersSnapshot: The operation couldn’t be completed. (DebuggerLLDB.DebuggerVersionStore.StoreError error 0.)
2026-09-15 03:57:37.970 xcodebuild[42802:32429744] [MT] IDELaunchParametersSnapshot: no debugger version
    t =     1.29s             Setting up automation session
    t =     2.02s             Wait for com.mdd.kanpan to idle
    t =     3.33s     Waiting 30.0s for "top.symbol" Button to exist
    t =     4.38s         Checking `Expect predicate `existsNoRetry == 1` for object "top.symbol" Button`
    t =     4.38s             Checking existence of `"top.symbol" Button`
    t =     4.41s     Find the Window (First Match)
    t =     4.41s     Find the "interval.more" Button
    t =     4.42s     Find the "bottom.style" Button
    t =     4.44s Find the "chart.latest" Button
    t =     5.46s     Find the "chart.latest" Button (retry 1)
    t =     6.49s     Find the "chart.latest" Button (retry 2)
    t =     6.52s Press Window (First Match)[0.00, 0.00] -> (40.0, 677.3) for 0.1 seconds, then drag to Window (First Match)[0.00, 0.00] -> (40.0, 677.3) -> (220.0, 0.0) with velocity of 500.00 pixels per second, and then hold for 0.0 seconds 
    t =     6.52s     Wait for com.mdd.kanpan to idle
    t =     6.52s     Find the Window (First Match)
    t =     6.52s     Check for interrupting elements affecting Window
    t =     6.54s         Wait for com.apple.springboard to idle
    t =     6.55s Ignoring failure to get hierarchy for remote element in process 43875 (Error getting main window kAXErrorServerNotFound)
    t =     6.55s Ignoring failure to get hierarchy for remote element in process 43875 (Error getting main window kAXErrorServerNotFound)
    t =     6.56s     Synthesize event
    t =     6.56s         Find the Window at {{0.0, 0.0}, {1032.0, 1376.0}}
    t =     6.59s         Find the Window at {{0.0, 0.0}, {1032.0, 1376.0}}
    t =     6.60s         Find the Window at {{0.0, 0.0}, {1032.0, 1376.0}}
    t =     6.61s         Find the Window at {{0.0, 0.0}, {1032.0, 1376.0}}
    t =     6.62s         Find the Window at {{0.0, 0.0}, {1032.0, 1376.0}}
    t =     7.35s     Wait for com.mdd.kanpan to idle
    t =     7.37s Find the "chart.latest" Button
    t =     7.43s Find the "chart.latest" Button
    t =     7.45s Tap "chart.latest" Button
    t =     7.45s     Wait for com.mdd.kanpan to idle
    t =     7.46s     Find the "chart.latest" Button
    t =     7.47s     Check for interrupting elements affecting "chart.latest" Button
    t =     7.49s         Wait for com.apple.springboard to idle
    t =     7.51s Ignoring failure to get hierarchy for remote element in process 43875 (Error getting main window kAXErrorServerNotFound)
    t =     7.51s Ignoring failure to get hierarchy for remote element in process 43875 (Error getting main window kAXErrorServerNotFound)
    t =     7.51s     Synthesize event
    t =     7.80s     Wait for com.mdd.kanpan to idle
    t =     7.82s Find the "chart.latest" Button
    t =     8.84s     Find the "chart.latest" Button (retry 1)
    t =     9.87s     Find the "chart.latest" Button (retry 2)
    t =     9.90s Find the "chart.latest" Button
    t =    10.92s     Find the "chart.latest" Button (retry 1)
    t =    11.96s     Find the "chart.latest" Button (retry 2)
    t =    11.97s Press Window (First Match)[0.00, 0.00] -> (40.0, 677.3) for 0.1 seconds, then drag to Window (First Match)[0.00, 0.00] -> (40.0, 677.3) -> (220.0, 0.0) with velocity of 500.00 pixels per second, and then hold for 0.0 seconds 
    t =    11.97s     Wait for com.mdd.kanpan to idle
    t =    11.98s     Find the Window (First Match)
    t =    11.98s     Check for interrupting elements affecting Window
    t =    12.00s         Wait for com.apple.springboard to idle
    t =    12.01s Ignoring failure to get hierarchy for remote element in process 43875 (Error getting main window kAXErrorServerNotFound)
    t =    12.01s Ignoring failure to get hierarchy for remote element in process 43875 (Error getting main window kAXErrorServerNotFound)
    t =    12.02s     Synthesize event
    t =    12.02s         Find the Window at {{0.0, 0.0}, {1032.0, 1376.0}}
    t =    12.02s         Find the Window at {{0.0, 0.0}, {1032.0, 1376.0}}
    t =    12.03s         Find the Window at {{0.0, 0.0}, {1032.0, 1376.0}}
    t =    12.04s         Find the Window at {{0.0, 0.0}, {1032.0, 1376.0}}
    t =    12.05s         Find the Window at {{0.0, 0.0}, {1032.0, 1376.0}}
    t =    12.79s     Wait for com.mdd.kanpan to idle
    t =    12.80s Find the "chart.latest" Button
    t =    12.85s Tap "chart.latest" Button
    t =    12.85s     Wait for com.mdd.kanpan to idle
    t =    12.85s     Find the "chart.latest" Button
    t =    12.87s     Check for interrupting elements affecting "chart.latest" Button
    t =    12.88s         Wait for com.apple.springboard to idle
    t =    12.89s Ignoring failure to get hierarchy for remote element in process 43875 (Error getting main window kAXErrorServerNotFound)
    t =    12.89s Ignoring failure to get hierarchy for remote element in process 43875 (Error getting main window kAXErrorServerNotFound)
    t =    12.90s     Synthesize event
    t =    13.19s     Wait for com.mdd.kanpan to idle
    t =    13.22s Find the "chart.latest" Button
    t =    14.25s     Find the "chart.latest" Button (retry 1)
    t =    15.29s     Find the "chart.latest" Button (retry 2)
    t =    15.32s Tear Down
Test Case '-[KanpanUITests.MainScreenUITests testLatestButtonAppearsAfterLeavingLatest]' passed (15.566 seconds).
Test Case '-[KanpanUITests.MainScreenUITests testSearchButtonOpensSymbolPage]' started.
    t =     0.00s Start Test at 2026-09-15 03:57:52.461
    t =     0.03s Set Up
    t =     0.03s     Open com.mdd.kanpan
    t =     0.03s         Launch com.mdd.kanpan
    t =     0.03s             Terminate com.mdd.kanpan:44101
2026-09-15 03:57:53.540 xcodebuild[42802:32429744] [MT] IDELaunchParametersSnapshot: The operation couldn’t be completed. (DebuggerLLDB.DebuggerVersionStore.StoreError error 0.)
2026-09-15 03:57:53.540 xcodebuild[42802:32429744] [MT] IDELaunchParametersSnapshot: no debugger version
    t =     1.31s             Setting up automation session
    t =     2.31s             Wait for com.mdd.kanpan to idle
    t =     3.66s     Waiting 30.0s for "top.symbol" Button to exist
    t =     4.69s         Checking `Expect predicate `existsNoRetry == 1` for object "top.symbol" Button`
    t =     4.69s             Checking existence of `"top.symbol" Button`
    t =     4.73s     Find the Window (First Match)
    t =     4.74s     Find the "interval.more" Button
    t =     4.76s     Find the "bottom.style" Button
    t =     4.78s Tap "top.search" Button
    t =     4.78s     Wait for com.mdd.kanpan to idle
    t =     4.78s     Find the "top.search" Button
    t =     4.80s     Check for interrupting elements affecting "top.search" Button
    t =     4.82s         Wait for com.apple.springboard to idle
    t =     4.84s Ignoring failure to get hierarchy for remote element in process 43875 (Error getting main window kAXErrorServerNotFound)
    t =     4.84s Ignoring failure to get hierarchy for remote element in process 43875 (Error getting main window kAXErrorServerNotFound)
    t =     4.84s     Synthesize event
    t =     5.14s     Wait for com.mdd.kanpan to idle
    t =     5.52s Checking existence of `"top.search" Button`
    t =     5.90s Find the "top.search" Button
[UIHit] search callback count: Optional(1)
    t =     6.16s Waiting 8.0s for "symbols.query" TextField to exist
    t =     7.23s     Checking `Expect predicate `existsNoRetry == 1` for object "symbols.query" TextField`
    t =     7.23s         Checking existence of `"symbols.query" TextField`
    t =     7.32s Tap "symbols.back" Button
    t =     7.32s     Wait for com.mdd.kanpan to idle
    t =     7.32s     Find the "symbols.back" Button
    t =     7.45s     Check for interrupting elements affecting "symbols.back" Button
    t =     7.56s         Wait for com.apple.springboard to idle
    t =     7.58s Ignoring failure to get hierarchy for remote element in process 43875 (Error getting main window kAXErrorServerNotFound)
    t =     7.59s Ignoring failure to get hierarchy for remote element in process 43875 (Error getting main window kAXErrorServerNotFound)
    t =     7.59s     Synthesize event
    t =     7.88s     Wait for com.mdd.kanpan to idle
    t =     8.34s Checking existence of `"symbols.back" Button`
    t =     8.37s Tear Down
Test Case '-[KanpanUITests.MainScreenUITests testSearchButtonOpensSymbolPage]' passed (8.970 seconds).
Test Case '-[KanpanUITests.MainScreenUITests testSettingsPanelOpensAndCloses]' started.
    t =     0.00s Start Test at 2026-09-15 03:58:01.432
    t =     0.02s Set Up
    t =     0.03s     Open com.mdd.kanpan
    t =     0.03s         Launch com.mdd.kanpan
    t =     0.03s             Terminate com.mdd.kanpan:44126
2026-09-15 03:58:02.465 xcodebuild[42802:32429744] [MT] IDELaunchParametersSnapshot: The operation couldn’t be completed. (DebuggerLLDB.DebuggerVersionStore.StoreError error 0.)
2026-09-15 03:58:02.465 xcodebuild[42802:32429744] [MT] IDELaunchParametersSnapshot: no debugger version
    t =     1.25s             Setting up automation session
    t =     1.97s             Wait for com.mdd.kanpan to idle
    t =     3.28s     Waiting 30.0s for "top.symbol" Button to exist
    t =     4.35s         Checking `Expect predicate `existsNoRetry == 1` for object "top.symbol" Button`
    t =     4.35s             Checking existence of `"top.symbol" Button`
    t =     4.38s     Find the Window (First Match)
    t =     4.39s     Find the "interval.more" Button
    t =     4.40s     Find the "bottom.style" Button
    t =     4.42s Tap "bottom.settings" Button
    t =     4.42s     Wait for com.mdd.kanpan to idle
    t =     4.42s     Find the "bottom.settings" Button
    t =     4.44s     Check for interrupting elements affecting "bottom.settings" Button
    t =     4.45s         Wait for com.apple.springboard to idle
    t =     4.46s Ignoring failure to get hierarchy for remote element in process 43875 (Error getting main window kAXErrorServerNotFound)
    t =     4.47s Ignoring failure to get hierarchy for remote element in process 43875 (Error getting main window kAXErrorServerNotFound)
    t =     4.47s     Synthesize event
    t =     4.76s     Wait for com.mdd.kanpan to idle
    t =     5.26s Waiting 8.0s for "settings.magnet" Button to exist
    t =     6.30s     Checking `Expect predicate `existsNoRetry == 1` for object "settings.magnet" Button`
    t =     6.30s         Checking existence of `"settings.magnet" Button`
    t =     6.36s Checking existence of `"settings.magnet" Button`
    t =     6.40s Checking existence of `"panel.header" StaticText`
    t =     6.43s Press "panel.header" StaticText[0.50, 0.50] for 0.1 seconds, then drag to Window (First Match)[0.50, 0.98] with velocity of 500.00 pixels per second, and then hold for 0.0 seconds 
    t =     6.43s     Wait for com.mdd.kanpan to idle
    t =     6.44s     Find the "panel.header" StaticText
    t =     6.48s     Check for interrupting elements affecting "panel.header" StaticText
    t =     6.52s         Wait for com.apple.springboard to idle
    t =     6.55s Ignoring failure to get hierarchy for remote element in process 43875 (Error getting main window kAXErrorServerNotFound)
    t =     6.56s Ignoring failure to get hierarchy for remote element in process 43875 (Error getting main window kAXErrorServerNotFound)
    t =     6.56s     Synthesize event
    t =     6.56s         Find the "panel.header" StaticText
    t =     6.60s         Find the "panel.header" StaticText
    t =     6.63s         Find the Window (First Match)
    t =     6.64s         Find the Window at {{0.0, 0.0}, {1032.0, 1376.0}}
    t =     6.64s         Find the "panel.header" StaticText
    t =     8.42s     Wait for com.mdd.kanpan to idle
    t =     9.12s Checking existence of `"settings.magnet" Button`
    t =     9.14s Tear Down
Test Case '-[KanpanUITests.MainScreenUITests testSettingsPanelOpensAndCloses]' passed (9.365 seconds).
Test Suite 'MainScreenUITests' passed at 2026-09-15 03:58:10.797.
	 Executed 4 tests, with 0 failures (0 unexpected) in 43.332 (43.335) seconds
Test Suite 'KanpanUITests.xctest' passed at 2026-09-15 03:58:10.797.
	 Executed 16 tests, with 0 failures (0 unexpected) in 310.868 (310.883) seconds
Test Suite 'Selected tests' passed at 2026-09-15 03:58:10.798.
	 Executed 16 tests, with 0 failures (0 unexpected) in 310.868 (310.884) seconds
2026-09-15 03:58:23.200 xcodebuild[42802:32429744] [MT] IDETestOperationsObserverDebug: 362.836 elapsed -- Testing started completed.
2026-09-15 03:58:23.200 xcodebuild[42802:32429744] [MT] IDETestOperationsObserverDebug: 0.000 sec, +0.000 sec -- start
2026-09-15 03:58:23.200 xcodebuild[42802:32429744] [MT] IDETestOperationsObserverDebug: 362.836 sec, +362.836 sec -- end

Test session results, code coverage, and logs:
	/Users/mdd/zhk/kanpan/docs/acceptance/AICoin-base/compatibility/iPad-Pro-13-inch-M5-release-final.xcresult

** TEST EXECUTE SUCCEEDED **

Testing started
