Command line invocation:
    /Applications/Xcode.app/Contents/Developer/usr/bin/xcodebuild test -workspace Kanpan.xcworkspace -scheme Kanpan -destination "platform=iOS Simulator,id=A62122D5-06E6-4E6D-9C27-0106A18708C6" -derivedDataPath DerivedData-codex-compat-takeover -parallel-testing-enabled NO "-only-testing:KanpanUITests/MainScreenUITests/testSearchButtonOpensSymbolPage" "-only-testing:KanpanUITests/MainScreenUITests/testLatestButtonAppearsAfterLeavingLatest" -resultBundlePath docs/acceptance/AICoin-base/compatibility/iPad-Pro13-takeover-r1.xcresult

Resolve Package Graph


Resolved source packages:
  KanpanData: /Users/mdd/zhk/kanpan/KanpanData @ local
  KanpanChart: /Users/mdd/zhk/kanpan/KanpanChart @ local
  KanpanCore: /Users/mdd/zhk/kanpan/KanpanCore @ local

Writing result bundle at path:
	/Users/mdd/zhk/kanpan/docs/acceptance/AICoin-base/compatibility/iPad-Pro13-takeover-r1.xcresult

ComputePackagePrebuildTargetDependencyGraph

Prepare packages

CreateBuildRequest

SendProjectDescription

CreateBuildOperation

ComputeTargetDependencyGraph
note: Building targets in dependency order
note: Target dependency graph (8 targets)
    Target 'KanpanUITests' in project 'Kanpan'
        ➜ Explicit dependency on target 'Kanpan' in project 'Kanpan'
    Target 'Kanpan' in project 'Kanpan'
        ➜ Explicit dependency on target 'KanpanCore' in project 'KanpanCore'
        ➜ Explicit dependency on target 'KanpanChart' in project 'KanpanChart'
        ➜ Explicit dependency on target 'KanpanData' in project 'KanpanData'
    Target 'KanpanData' in project 'KanpanData'
        ➜ Explicit dependency on target 'KanpanData' in project 'KanpanData'
        ➜ Explicit dependency on target 'KanpanCore' in project 'KanpanCore'
    Target 'KanpanData' in project 'KanpanData'
        ➜ Explicit dependency on target 'KanpanCore' in project 'KanpanCore'
    Target 'KanpanChart' in project 'KanpanChart'
        ➜ Explicit dependency on target 'KanpanChart' in project 'KanpanChart'
        ➜ Explicit dependency on target 'KanpanCore' in project 'KanpanCore'
    Target 'KanpanChart' in project 'KanpanChart'
        ➜ Explicit dependency on target 'KanpanCore' in project 'KanpanCore'
    Target 'KanpanCore' in project 'KanpanCore'
        ➜ Explicit dependency on target 'KanpanCore' in project 'KanpanCore'
    Target 'KanpanCore' in project 'KanpanCore' (no dependencies)

GatherProvisioningInputs

CreateBuildDescription

ExecuteExternalTool /Applications/Xcode.app/Contents/Developer/Toolchains/XcodeDefault.xctoolchain/usr/bin/swiftc --version

ExecuteExternalTool /Applications/Xcode.app/Contents/Developer/Toolchains/XcodeDefault.xctoolchain/usr/bin/clang -v -E -dM -isysroot /Applications/Xcode.app/Contents/Developer/Platforms/iPhoneSimulator.platform/Developer/SDKs/iPhoneSimulator26.5.sdk -x c -c /dev/null

ExecuteExternalTool /Applications/Xcode.app/Contents/Developer/usr/bin/actool --print-asset-tag-combinations --output-format xml1 /Users/mdd/zhk/kanpan/Kanpan/Kanpan/Assets.xcassets

ExecuteExternalTool /Applications/Xcode.app/Contents/Developer/usr/bin/actool --version --output-format xml1

ExecuteExternalTool /Applications/Xcode.app/Contents/Developer/Toolchains/XcodeDefault.xctoolchain/usr/bin/ld -version_details

Build description signature: 225690cf0a25b87b5a37af830b8f89a6
Build description path: /Users/mdd/zhk/kanpan/DerivedData-codex-compat-takeover/Build/Intermediates.noindex/XCBuildData/225690cf0a25b87b5a37af830b8f89a6.xcbuilddata
ClangStatCache /Applications/Xcode.app/Contents/Developer/Toolchains/XcodeDefault.xctoolchain/usr/bin/clang-stat-cache /Applications/Xcode.app/Contents/Developer/Platforms/iPhoneSimulator.platform/Developer/SDKs/iPhoneSimulator26.5.sdk /Users/mdd/zhk/kanpan/DerivedData-codex-compat-takeover/SDKStatCaches.noindex/iphonesimulator26.5-23F81a-6cfe768891a92b912361537c460fe42b.sdkstatcache
    cd /Users/mdd/zhk/kanpan
    /Applications/Xcode.app/Contents/Developer/Toolchains/XcodeDefault.xctoolchain/usr/bin/clang-stat-cache /Applications/Xcode.app/Contents/Developer/Platforms/iPhoneSimulator.platform/Developer/SDKs/iPhoneSimulator26.5.sdk -o /Users/mdd/zhk/kanpan/DerivedData-codex-compat-takeover/SDKStatCaches.noindex/iphonesimulator26.5-23F81a-6cfe768891a92b912361537c460fe42b.sdkstatcache

CreateBuildDirectory /Users/mdd/zhk/kanpan/DerivedData-codex-compat-takeover/Build/Products
    cd /Users/mdd/zhk/kanpan
    builtin-create-build-directory /Users/mdd/zhk/kanpan/DerivedData-codex-compat-takeover/Build/Products

CreateBuildDirectory /Users/mdd/zhk/kanpan/DerivedData-codex-compat-takeover/Build/Intermediates.noindex
    cd /Users/mdd/zhk/kanpan
    builtin-create-build-directory /Users/mdd/zhk/kanpan/DerivedData-codex-compat-takeover/Build/Intermediates.noindex

CreateBuildDirectory /Users/mdd/zhk/kanpan/DerivedData-codex-compat-takeover/Build/Intermediates.noindex/SwiftExplicitPrecompiledModules
    cd /Users/mdd/zhk/kanpan
    builtin-create-build-directory /Users/mdd/zhk/kanpan/DerivedData-codex-compat-takeover/Build/Intermediates.noindex/SwiftExplicitPrecompiledModules

CreateBuildDirectory /Users/mdd/zhk/kanpan/DerivedData-codex-compat-takeover/Build/Intermediates.noindex/ExplicitPrecompiledModules
    cd /Users/mdd/zhk/kanpan
    builtin-create-build-directory /Users/mdd/zhk/kanpan/DerivedData-codex-compat-takeover/Build/Intermediates.noindex/ExplicitPrecompiledModules

CreateBuildDirectory /Users/mdd/zhk/kanpan/DerivedData-codex-compat-takeover/Build/Intermediates.noindex/EagerLinkingTBDs/Debug-iphonesimulator
    cd /Users/mdd/zhk/kanpan
    builtin-create-build-directory /Users/mdd/zhk/kanpan/DerivedData-codex-compat-takeover/Build/Intermediates.noindex/EagerLinkingTBDs/Debug-iphonesimulator

CreateBuildDirectory /Users/mdd/zhk/kanpan/DerivedData-codex-compat-takeover/Build/Products/Debug-iphonesimulator
    cd /Users/mdd/zhk/kanpan
    builtin-create-build-directory /Users/mdd/zhk/kanpan/DerivedData-codex-compat-takeover/Build/Products/Debug-iphonesimulator

WriteAuxiliaryFile /Users/mdd/zhk/kanpan/DerivedData-codex-compat-takeover/Build/Intermediates.noindex/Kanpan.build/Debug-iphonesimulator/Kanpan-88f8e4f6458ff7f878983357411ed85c-VFS-iphonesimulator/all-product-headers.yaml
    cd /Users/mdd/zhk/kanpan
    write-file /Users/mdd/zhk/kanpan/DerivedData-codex-compat-takeover/Build/Intermediates.noindex/Kanpan.build/Debug-iphonesimulator/Kanpan-88f8e4f6458ff7f878983357411ed85c-VFS-iphonesimulator/all-product-headers.yaml

CreateBuildDirectory /Users/mdd/zhk/kanpan/DerivedData-codex-compat-takeover/Build/Products/Debug-iphonesimulator/PackageFrameworks
    cd /Users/mdd/zhk/kanpan
    builtin-create-build-directory /Users/mdd/zhk/kanpan/DerivedData-codex-compat-takeover/Build/Products/Debug-iphonesimulator/PackageFrameworks

WriteAuxiliaryFile /Users/mdd/zhk/kanpan/DerivedData-codex-compat-takeover/Build/Intermediates.noindex/Kanpan.build/Debug-iphonesimulator/KanpanUITests.build/empty-KanpanUITests.plist (in target 'KanpanUITests' from project 'Kanpan')
    cd /Users/mdd/zhk/kanpan/Kanpan
    write-file /Users/mdd/zhk/kanpan/DerivedData-codex-compat-takeover/Build/Intermediates.noindex/Kanpan.build/Debug-iphonesimulator/KanpanUITests.build/empty-KanpanUITests.plist

WriteAuxiliaryFile /Users/mdd/zhk/kanpan/DerivedData-codex-compat-takeover/Build/Intermediates.noindex/Kanpan.build/Debug-iphonesimulator/KanpanUITests.build/ProductTypeInfoPlistAdditions.plist (in target 'KanpanUITests' from project 'Kanpan')
    cd /Users/mdd/zhk/kanpan/Kanpan
    write-file /Users/mdd/zhk/kanpan/DerivedData-codex-compat-takeover/Build/Intermediates.noindex/Kanpan.build/Debug-iphonesimulator/KanpanUITests.build/ProductTypeInfoPlistAdditions.plist

WriteAuxiliaryFile /Users/mdd/zhk/kanpan/DerivedData-codex-compat-takeover/Build/Intermediates.noindex/Kanpan.build/Debug-iphonesimulator/KanpanUITests.build/Objects-normal/arm64/KanpanUITests_const_extract_protocols.json (in target 'KanpanUITests' from project 'Kanpan')
    cd /Users/mdd/zhk/kanpan/Kanpan
    write-file /Users/mdd/zhk/kanpan/DerivedData-codex-compat-takeover/Build/Intermediates.noindex/Kanpan.build/Debug-iphonesimulator/KanpanUITests.build/Objects-normal/arm64/KanpanUITests_const_extract_protocols.json

WriteAuxiliaryFile /Users/mdd/zhk/kanpan/DerivedData-codex-compat-takeover/Build/Intermediates.noindex/Kanpan.build/Debug-iphonesimulator/KanpanUITests.build/Objects-normal/arm64/KanpanUITests.SwiftFileList (in target 'KanpanUITests' from project 'Kanpan')
    cd /Users/mdd/zhk/kanpan/Kanpan
    write-file /Users/mdd/zhk/kanpan/DerivedData-codex-compat-takeover/Build/Intermediates.noindex/Kanpan.build/Debug-iphonesimulator/KanpanUITests.build/Objects-normal/arm64/KanpanUITests.SwiftFileList

WriteAuxiliaryFile /Users/mdd/zhk/kanpan/DerivedData-codex-compat-takeover/Build/Intermediates.noindex/Kanpan.build/Debug-iphonesimulator/KanpanUITests.build/Objects-normal/arm64/KanpanUITests.SwiftConstValuesFileList (in target 'KanpanUITests' from project 'Kanpan')
    cd /Users/mdd/zhk/kanpan/Kanpan
    write-file /Users/mdd/zhk/kanpan/DerivedData-codex-compat-takeover/Build/Intermediates.noindex/Kanpan.build/Debug-iphonesimulator/KanpanUITests.build/Objects-normal/arm64/KanpanUITests.SwiftConstValuesFileList

WriteAuxiliaryFile /Users/mdd/zhk/kanpan/DerivedData-codex-compat-takeover/Build/Intermediates.noindex/Kanpan.build/Debug-iphonesimulator/KanpanUITests.build/Objects-normal/arm64/KanpanUITests.LinkFileList (in target 'KanpanUITests' from project 'Kanpan')
    cd /Users/mdd/zhk/kanpan/Kanpan
    write-file /Users/mdd/zhk/kanpan/DerivedData-codex-compat-takeover/Build/Intermediates.noindex/Kanpan.build/Debug-iphonesimulator/KanpanUITests.build/Objects-normal/arm64/KanpanUITests.LinkFileList

WriteAuxiliaryFile /Users/mdd/zhk/kanpan/DerivedData-codex-compat-takeover/Build/Intermediates.noindex/Kanpan.build/Debug-iphonesimulator/KanpanUITests.build/Objects-normal/arm64/KanpanUITests-OutputFileMap.json (in target 'KanpanUITests' from project 'Kanpan')
    cd /Users/mdd/zhk/kanpan/Kanpan
    write-file /Users/mdd/zhk/kanpan/DerivedData-codex-compat-takeover/Build/Intermediates.noindex/Kanpan.build/Debug-iphonesimulator/KanpanUITests.build/Objects-normal/arm64/KanpanUITests-OutputFileMap.json

WriteAuxiliaryFile /Users/mdd/zhk/kanpan/DerivedData-codex-compat-takeover/Build/Intermediates.noindex/Kanpan.build/Debug-iphonesimulator/KanpanUITests.build/KanpanUITests.hmap (in target 'KanpanUITests' from project 'Kanpan')
    cd /Users/mdd/zhk/kanpan/Kanpan
    write-file /Users/mdd/zhk/kanpan/DerivedData-codex-compat-takeover/Build/Intermediates.noindex/Kanpan.build/Debug-iphonesimulator/KanpanUITests.build/KanpanUITests.hmap

WriteAuxiliaryFile /Users/mdd/zhk/kanpan/DerivedData-codex-compat-takeover/Build/Intermediates.noindex/Kanpan.build/Debug-iphonesimulator/KanpanUITests.build/KanpanUITests.DependencyStaticMetadataFileList (in target 'KanpanUITests' from project 'Kanpan')
    cd /Users/mdd/zhk/kanpan/Kanpan
    write-file /Users/mdd/zhk/kanpan/DerivedData-codex-compat-takeover/Build/Intermediates.noindex/Kanpan.build/Debug-iphonesimulator/KanpanUITests.build/KanpanUITests.DependencyStaticMetadataFileList

WriteAuxiliaryFile /Users/mdd/zhk/kanpan/DerivedData-codex-compat-takeover/Build/Intermediates.noindex/Kanpan.build/Debug-iphonesimulator/KanpanUITests.build/KanpanUITests.DependencyMetadataFileList (in target 'KanpanUITests' from project 'Kanpan')
    cd /Users/mdd/zhk/kanpan/Kanpan
    write-file /Users/mdd/zhk/kanpan/DerivedData-codex-compat-takeover/Build/Intermediates.noindex/Kanpan.build/Debug-iphonesimulator/KanpanUITests.build/KanpanUITests.DependencyMetadataFileList

WriteAuxiliaryFile /Users/mdd/zhk/kanpan/DerivedData-codex-compat-takeover/Build/Intermediates.noindex/Kanpan.build/Debug-iphonesimulator/KanpanUITests.build/KanpanUITests-project-headers.hmap (in target 'KanpanUITests' from project 'Kanpan')
    cd /Users/mdd/zhk/kanpan/Kanpan
    write-file /Users/mdd/zhk/kanpan/DerivedData-codex-compat-takeover/Build/Intermediates.noindex/Kanpan.build/Debug-iphonesimulator/KanpanUITests.build/KanpanUITests-project-headers.hmap

WriteAuxiliaryFile /Users/mdd/zhk/kanpan/DerivedData-codex-compat-takeover/Build/Intermediates.noindex/Kanpan.build/Debug-iphonesimulator/KanpanUITests.build/KanpanUITests-own-target-headers.hmap (in target 'KanpanUITests' from project 'Kanpan')
    cd /Users/mdd/zhk/kanpan/Kanpan
    write-file /Users/mdd/zhk/kanpan/DerivedData-codex-compat-takeover/Build/Intermediates.noindex/Kanpan.build/Debug-iphonesimulator/KanpanUITests.build/KanpanUITests-own-target-headers.hmap

WriteAuxiliaryFile /Users/mdd/zhk/kanpan/DerivedData-codex-compat-takeover/Build/Intermediates.noindex/Kanpan.build/Debug-iphonesimulator/KanpanUITests.build/KanpanUITests-generated-files.hmap (in target 'KanpanUITests' from project 'Kanpan')
    cd /Users/mdd/zhk/kanpan/Kanpan
    write-file /Users/mdd/zhk/kanpan/DerivedData-codex-compat-takeover/Build/Intermediates.noindex/Kanpan.build/Debug-iphonesimulator/KanpanUITests.build/KanpanUITests-generated-files.hmap

WriteAuxiliaryFile /Users/mdd/zhk/kanpan/DerivedData-codex-compat-takeover/Build/Intermediates.noindex/Kanpan.build/Debug-iphonesimulator/KanpanUITests.build/KanpanUITests-all-target-headers.hmap (in target 'KanpanUITests' from project 'Kanpan')
    cd /Users/mdd/zhk/kanpan/Kanpan
    write-file /Users/mdd/zhk/kanpan/DerivedData-codex-compat-takeover/Build/Intermediates.noindex/Kanpan.build/Debug-iphonesimulator/KanpanUITests.build/KanpanUITests-all-target-headers.hmap

WriteAuxiliaryFile /Users/mdd/zhk/kanpan/DerivedData-codex-compat-takeover/Build/Intermediates.noindex/Kanpan.build/Debug-iphonesimulator/KanpanUITests.build/KanpanUITests-all-non-framework-target-headers.hmap (in target 'KanpanUITests' from project 'Kanpan')
    cd /Users/mdd/zhk/kanpan/Kanpan
    write-file /Users/mdd/zhk/kanpan/DerivedData-codex-compat-takeover/Build/Intermediates.noindex/Kanpan.build/Debug-iphonesimulator/KanpanUITests.build/KanpanUITests-all-non-framework-target-headers.hmap

WriteAuxiliaryFile /Users/mdd/zhk/kanpan/DerivedData-codex-compat-takeover/Build/Intermediates.noindex/Kanpan.build/Debug-iphonesimulator/KanpanUITests.build/DerivedSources/Entitlements-Simulated.plist (in target 'KanpanUITests' from project 'Kanpan')
    cd /Users/mdd/zhk/kanpan/Kanpan
    write-file /Users/mdd/zhk/kanpan/DerivedData-codex-compat-takeover/Build/Intermediates.noindex/Kanpan.build/Debug-iphonesimulator/KanpanUITests.build/DerivedSources/Entitlements-Simulated.plist

WriteAuxiliaryFile /Users/mdd/zhk/kanpan/DerivedData-codex-compat-takeover/Build/Intermediates.noindex/KanpanData.build/Debug-iphonesimulator/KanpanData.build/Objects-normal/arm64/KanpanData.SwiftFileList (in target 'KanpanData' from project 'KanpanData')
    cd /Users/mdd/zhk/kanpan/KanpanData
    write-file /Users/mdd/zhk/kanpan/DerivedData-codex-compat-takeover/Build/Intermediates.noindex/KanpanData.build/Debug-iphonesimulator/KanpanData.build/Objects-normal/arm64/KanpanData.SwiftFileList

WriteAuxiliaryFile /Users/mdd/zhk/kanpan/DerivedData-codex-compat-takeover/Build/Intermediates.noindex/KanpanData.build/Debug-iphonesimulator/KanpanData.build/Objects-normal/arm64/KanpanData_const_extract_protocols.json (in target 'KanpanData' from project 'KanpanData')
    cd /Users/mdd/zhk/kanpan/KanpanData
    write-file /Users/mdd/zhk/kanpan/DerivedData-codex-compat-takeover/Build/Intermediates.noindex/KanpanData.build/Debug-iphonesimulator/KanpanData.build/Objects-normal/arm64/KanpanData_const_extract_protocols.json

WriteAuxiliaryFile /Users/mdd/zhk/kanpan/DerivedData-codex-compat-takeover/Build/Intermediates.noindex/KanpanData.build/Debug-iphonesimulator/KanpanData.build/Objects-normal/arm64/KanpanData.SwiftConstValuesFileList (in target 'KanpanData' from project 'KanpanData')
    cd /Users/mdd/zhk/kanpan/KanpanData
    write-file /Users/mdd/zhk/kanpan/DerivedData-codex-compat-takeover/Build/Intermediates.noindex/KanpanData.build/Debug-iphonesimulator/KanpanData.build/Objects-normal/arm64/KanpanData.SwiftConstValuesFileList

WriteAuxiliaryFile /Users/mdd/zhk/kanpan/DerivedData-codex-compat-takeover/Build/Intermediates.noindex/KanpanData.build/Debug-iphonesimulator/KanpanData.build/Objects-normal/arm64/KanpanData.LinkFileList (in target 'KanpanData' from project 'KanpanData')
    cd /Users/mdd/zhk/kanpan/KanpanData
    write-file /Users/mdd/zhk/kanpan/DerivedData-codex-compat-takeover/Build/Intermediates.noindex/KanpanData.build/Debug-iphonesimulator/KanpanData.build/Objects-normal/arm64/KanpanData.LinkFileList

WriteAuxiliaryFile /Users/mdd/zhk/kanpan/DerivedData-codex-compat-takeover/Build/Intermediates.noindex/KanpanData.build/Debug-iphonesimulator/KanpanData.build/Objects-normal/arm64/KanpanData-OutputFileMap.json (in target 'KanpanData' from project 'KanpanData')
    cd /Users/mdd/zhk/kanpan/KanpanData
    write-file /Users/mdd/zhk/kanpan/DerivedData-codex-compat-takeover/Build/Intermediates.noindex/KanpanData.build/Debug-iphonesimulator/KanpanData.build/Objects-normal/arm64/KanpanData-OutputFileMap.json

WriteAuxiliaryFile /Users/mdd/zhk/kanpan/DerivedData-codex-compat-takeover/Build/Intermediates.noindex/KanpanData.build/Debug-iphonesimulator/KanpanData.build/KanpanData.modulemap (in target 'KanpanData' from project 'KanpanData')
    cd /Users/mdd/zhk/kanpan/KanpanData
    write-file /Users/mdd/zhk/kanpan/DerivedData-codex-compat-takeover/Build/Intermediates.noindex/KanpanData.build/Debug-iphonesimulator/KanpanData.build/KanpanData.modulemap

WriteAuxiliaryFile /Users/mdd/zhk/kanpan/DerivedData-codex-compat-takeover/Build/Intermediates.noindex/KanpanData.build/Debug-iphonesimulator/KanpanData.build/KanpanData.DependencyStaticMetadataFileList (in target 'KanpanData' from project 'KanpanData')
    cd /Users/mdd/zhk/kanpan/KanpanData
    write-file /Users/mdd/zhk/kanpan/DerivedData-codex-compat-takeover/Build/Intermediates.noindex/KanpanData.build/Debug-iphonesimulator/KanpanData.build/KanpanData.DependencyStaticMetadataFileList

WriteAuxiliaryFile /Users/mdd/zhk/kanpan/DerivedData-codex-compat-takeover/Build/Intermediates.noindex/KanpanData.build/Debug-iphonesimulator/KanpanData.build/KanpanData.DependencyMetadataFileList (in target 'KanpanData' from project 'KanpanData')
    cd /Users/mdd/zhk/kanpan/KanpanData
    write-file /Users/mdd/zhk/kanpan/DerivedData-codex-compat-takeover/Build/Intermediates.noindex/KanpanData.build/Debug-iphonesimulator/KanpanData.build/KanpanData.DependencyMetadataFileList

WriteAuxiliaryFile /Users/mdd/zhk/kanpan/DerivedData-codex-compat-takeover/Build/Intermediates.noindex/KanpanCore.build/Debug-iphonesimulator/KanpanCore.build/Objects-normal/arm64/KanpanCore_const_extract_protocols.json (in target 'KanpanCore' from project 'KanpanCore')
    cd /Users/mdd/zhk/kanpan/KanpanCore
    write-file /Users/mdd/zhk/kanpan/DerivedData-codex-compat-takeover/Build/Intermediates.noindex/KanpanCore.build/Debug-iphonesimulator/KanpanCore.build/Objects-normal/arm64/KanpanCore_const_extract_protocols.json

WriteAuxiliaryFile /Users/mdd/zhk/kanpan/DerivedData-codex-compat-takeover/Build/Intermediates.noindex/KanpanCore.build/Debug-iphonesimulator/KanpanCore.build/Objects-normal/arm64/KanpanCore.SwiftFileList (in target 'KanpanCore' from project 'KanpanCore')
    cd /Users/mdd/zhk/kanpan/KanpanCore
    write-file /Users/mdd/zhk/kanpan/DerivedData-codex-compat-takeover/Build/Intermediates.noindex/KanpanCore.build/Debug-iphonesimulator/KanpanCore.build/Objects-normal/arm64/KanpanCore.SwiftFileList

WriteAuxiliaryFile /Users/mdd/zhk/kanpan/DerivedData-codex-compat-takeover/Build/Intermediates.noindex/KanpanCore.build/Debug-iphonesimulator/KanpanCore.build/Objects-normal/arm64/KanpanCore.SwiftConstValuesFileList (in target 'KanpanCore' from project 'KanpanCore')
    cd /Users/mdd/zhk/kanpan/KanpanCore
    write-file /Users/mdd/zhk/kanpan/DerivedData-codex-compat-takeover/Build/Intermediates.noindex/KanpanCore.build/Debug-iphonesimulator/KanpanCore.build/Objects-normal/arm64/KanpanCore.SwiftConstValuesFileList

WriteAuxiliaryFile /Users/mdd/zhk/kanpan/DerivedData-codex-compat-takeover/Build/Intermediates.noindex/KanpanCore.build/Debug-iphonesimulator/KanpanCore.build/Objects-normal/arm64/KanpanCore.LinkFileList (in target 'KanpanCore' from project 'KanpanCore')
    cd /Users/mdd/zhk/kanpan/KanpanCore
    write-file /Users/mdd/zhk/kanpan/DerivedData-codex-compat-takeover/Build/Intermediates.noindex/KanpanCore.build/Debug-iphonesimulator/KanpanCore.build/Objects-normal/arm64/KanpanCore.LinkFileList

WriteAuxiliaryFile /Users/mdd/zhk/kanpan/DerivedData-codex-compat-takeover/Build/Intermediates.noindex/KanpanCore.build/Debug-iphonesimulator/KanpanCore.build/Objects-normal/arm64/KanpanCore-OutputFileMap.json (in target 'KanpanCore' from project 'KanpanCore')
    cd /Users/mdd/zhk/kanpan/KanpanCore
    write-file /Users/mdd/zhk/kanpan/DerivedData-codex-compat-takeover/Build/Intermediates.noindex/KanpanCore.build/Debug-iphonesimulator/KanpanCore.build/Objects-normal/arm64/KanpanCore-OutputFileMap.json

WriteAuxiliaryFile /Users/mdd/zhk/kanpan/DerivedData-codex-compat-takeover/Build/Intermediates.noindex/KanpanCore.build/Debug-iphonesimulator/KanpanCore.build/KanpanCore.modulemap (in target 'KanpanCore' from project 'KanpanCore')
    cd /Users/mdd/zhk/kanpan/KanpanCore
    write-file /Users/mdd/zhk/kanpan/DerivedData-codex-compat-takeover/Build/Intermediates.noindex/KanpanCore.build/Debug-iphonesimulator/KanpanCore.build/KanpanCore.modulemap

WriteAuxiliaryFile /Users/mdd/zhk/kanpan/DerivedData-codex-compat-takeover/Build/Intermediates.noindex/KanpanCore.build/Debug-iphonesimulator/KanpanCore.build/KanpanCore.DependencyStaticMetadataFileList (in target 'KanpanCore' from project 'KanpanCore')
    cd /Users/mdd/zhk/kanpan/KanpanCore
    write-file /Users/mdd/zhk/kanpan/DerivedData-codex-compat-takeover/Build/Intermediates.noindex/KanpanCore.build/Debug-iphonesimulator/KanpanCore.build/KanpanCore.DependencyStaticMetadataFileList

Copy /Users/mdd/zhk/kanpan/DerivedData-codex-compat-takeover/Build/Intermediates.noindex/GeneratedModuleMaps-iphonesimulator/KanpanData.modulemap /Users/mdd/zhk/kanpan/DerivedData-codex-compat-takeover/Build/Intermediates.noindex/KanpanData.build/Debug-iphonesimulator/KanpanData.build/KanpanData.modulemap (in target 'KanpanData' from project 'KanpanData')
    cd /Users/mdd/zhk/kanpan/KanpanData
    builtin-copy -exclude .DS_Store -exclude CVS -exclude .svn -exclude .git -exclude .hg -resolve-src-symlinks /Users/mdd/zhk/kanpan/DerivedData-codex-compat-takeover/Build/Intermediates.noindex/KanpanData.build/Debug-iphonesimulator/KanpanData.build/KanpanData.modulemap /Users/mdd/zhk/kanpan/DerivedData-codex-compat-takeover/Build/Intermediates.noindex/GeneratedModuleMaps-iphonesimulator

WriteAuxiliaryFile /Users/mdd/zhk/kanpan/DerivedData-codex-compat-takeover/Build/Intermediates.noindex/KanpanCore.build/Debug-iphonesimulator/KanpanCore.build/KanpanCore.DependencyMetadataFileList (in target 'KanpanCore' from project 'KanpanCore')
    cd /Users/mdd/zhk/kanpan/KanpanCore
    write-file /Users/mdd/zhk/kanpan/DerivedData-codex-compat-takeover/Build/Intermediates.noindex/KanpanCore.build/Debug-iphonesimulator/KanpanCore.build/KanpanCore.DependencyMetadataFileList

WriteAuxiliaryFile /Users/mdd/zhk/kanpan/DerivedData-codex-compat-takeover/Build/Intermediates.noindex/KanpanChart.build/Debug-iphonesimulator/KanpanChart.build/Objects-normal/arm64/KanpanChart_const_extract_protocols.json (in target 'KanpanChart' from project 'KanpanChart')
    cd /Users/mdd/zhk/kanpan/KanpanChart
    write-file /Users/mdd/zhk/kanpan/DerivedData-codex-compat-takeover/Build/Intermediates.noindex/KanpanChart.build/Debug-iphonesimulator/KanpanChart.build/Objects-normal/arm64/KanpanChart_const_extract_protocols.json

WriteAuxiliaryFile /Users/mdd/zhk/kanpan/DerivedData-codex-compat-takeover/Build/Intermediates.noindex/KanpanChart.build/Debug-iphonesimulator/KanpanChart.build/Objects-normal/arm64/KanpanChart.SwiftFileList (in target 'KanpanChart' from project 'KanpanChart')
    cd /Users/mdd/zhk/kanpan/KanpanChart
    write-file /Users/mdd/zhk/kanpan/DerivedData-codex-compat-takeover/Build/Intermediates.noindex/KanpanChart.build/Debug-iphonesimulator/KanpanChart.build/Objects-normal/arm64/KanpanChart.SwiftFileList

WriteAuxiliaryFile /Users/mdd/zhk/kanpan/DerivedData-codex-compat-takeover/Build/Intermediates.noindex/KanpanChart.build/Debug-iphonesimulator/KanpanChart.build/Objects-normal/arm64/KanpanChart.SwiftConstValuesFileList (in target 'KanpanChart' from project 'KanpanChart')
    cd /Users/mdd/zhk/kanpan/KanpanChart
    write-file /Users/mdd/zhk/kanpan/DerivedData-codex-compat-takeover/Build/Intermediates.noindex/KanpanChart.build/Debug-iphonesimulator/KanpanChart.build/Objects-normal/arm64/KanpanChart.SwiftConstValuesFileList

WriteAuxiliaryFile /Users/mdd/zhk/kanpan/DerivedData-codex-compat-takeover/Build/Intermediates.noindex/KanpanChart.build/Debug-iphonesimulator/KanpanChart.build/Objects-normal/arm64/KanpanChart.LinkFileList (in target 'KanpanChart' from project 'KanpanChart')
    cd /Users/mdd/zhk/kanpan/KanpanChart
    write-file /Users/mdd/zhk/kanpan/DerivedData-codex-compat-takeover/Build/Intermediates.noindex/KanpanChart.build/Debug-iphonesimulator/KanpanChart.build/Objects-normal/arm64/KanpanChart.LinkFileList

WriteAuxiliaryFile /Users/mdd/zhk/kanpan/DerivedData-codex-compat-takeover/Build/Intermediates.noindex/KanpanChart.build/Debug-iphonesimulator/KanpanChart.build/Objects-normal/arm64/KanpanChart-OutputFileMap.json (in target 'KanpanChart' from project 'KanpanChart')
    cd /Users/mdd/zhk/kanpan/KanpanChart
    write-file /Users/mdd/zhk/kanpan/DerivedData-codex-compat-takeover/Build/Intermediates.noindex/KanpanChart.build/Debug-iphonesimulator/KanpanChart.build/Objects-normal/arm64/KanpanChart-OutputFileMap.json

WriteAuxiliaryFile /Users/mdd/zhk/kanpan/DerivedData-codex-compat-takeover/Build/Intermediates.noindex/KanpanChart.build/Debug-iphonesimulator/KanpanChart.build/KanpanChart.modulemap (in target 'KanpanChart' from project 'KanpanChart')
    cd /Users/mdd/zhk/kanpan/KanpanChart
    write-file /Users/mdd/zhk/kanpan/DerivedData-codex-compat-takeover/Build/Intermediates.noindex/KanpanChart.build/Debug-iphonesimulator/KanpanChart.build/KanpanChart.modulemap

WriteAuxiliaryFile /Users/mdd/zhk/kanpan/DerivedData-codex-compat-takeover/Build/Intermediates.noindex/KanpanChart.build/Debug-iphonesimulator/KanpanChart.build/KanpanChart.DependencyStaticMetadataFileList (in target 'KanpanChart' from project 'KanpanChart')
    cd /Users/mdd/zhk/kanpan/KanpanChart
    write-file /Users/mdd/zhk/kanpan/DerivedData-codex-compat-takeover/Build/Intermediates.noindex/KanpanChart.build/Debug-iphonesimulator/KanpanChart.build/KanpanChart.DependencyStaticMetadataFileList

Copy /Users/mdd/zhk/kanpan/DerivedData-codex-compat-takeover/Build/Intermediates.noindex/GeneratedModuleMaps-iphonesimulator/KanpanCore.modulemap /Users/mdd/zhk/kanpan/DerivedData-codex-compat-takeover/Build/Intermediates.noindex/KanpanCore.build/Debug-iphonesimulator/KanpanCore.build/KanpanCore.modulemap (in target 'KanpanCore' from project 'KanpanCore')
    cd /Users/mdd/zhk/kanpan/KanpanCore
    builtin-copy -exclude .DS_Store -exclude CVS -exclude .svn -exclude .git -exclude .hg -resolve-src-symlinks /Users/mdd/zhk/kanpan/DerivedData-codex-compat-takeover/Build/Intermediates.noindex/KanpanCore.build/Debug-iphonesimulator/KanpanCore.build/KanpanCore.modulemap /Users/mdd/zhk/kanpan/DerivedData-codex-compat-takeover/Build/Intermediates.noindex/GeneratedModuleMaps-iphonesimulator

WriteAuxiliaryFile /Users/mdd/zhk/kanpan/DerivedData-codex-compat-takeover/Build/Intermediates.noindex/KanpanChart.build/Debug-iphonesimulator/KanpanChart.build/KanpanChart.DependencyMetadataFileList (in target 'KanpanChart' from project 'KanpanChart')
    cd /Users/mdd/zhk/kanpan/KanpanChart
    write-file /Users/mdd/zhk/kanpan/DerivedData-codex-compat-takeover/Build/Intermediates.noindex/KanpanChart.build/Debug-iphonesimulator/KanpanChart.build/KanpanChart.DependencyMetadataFileList

WriteAuxiliaryFile /Users/mdd/zhk/kanpan/DerivedData-codex-compat-takeover/Build/Intermediates.noindex/Kanpan.build/Debug-iphonesimulator/Kanpan.build/empty-Kanpan.plist (in target 'Kanpan' from project 'Kanpan')
    cd /Users/mdd/zhk/kanpan/Kanpan
    write-file /Users/mdd/zhk/kanpan/DerivedData-codex-compat-takeover/Build/Intermediates.noindex/Kanpan.build/Debug-iphonesimulator/Kanpan.build/empty-Kanpan.plist

WriteAuxiliaryFile /Users/mdd/zhk/kanpan/DerivedData-codex-compat-takeover/Build/Intermediates.noindex/Kanpan.build/Debug-iphonesimulator/Kanpan.build/Objects-normal/arm64/Kanpan_const_extract_protocols.json (in target 'Kanpan' from project 'Kanpan')
    cd /Users/mdd/zhk/kanpan/Kanpan
    write-file /Users/mdd/zhk/kanpan/DerivedData-codex-compat-takeover/Build/Intermediates.noindex/Kanpan.build/Debug-iphonesimulator/Kanpan.build/Objects-normal/arm64/Kanpan_const_extract_protocols.json

WriteAuxiliaryFile /Users/mdd/zhk/kanpan/DerivedData-codex-compat-takeover/Build/Intermediates.noindex/Kanpan.build/Debug-iphonesimulator/Kanpan.build/Objects-normal/arm64/Kanpan.SwiftFileList (in target 'Kanpan' from project 'Kanpan')
    cd /Users/mdd/zhk/kanpan/Kanpan
    write-file /Users/mdd/zhk/kanpan/DerivedData-codex-compat-takeover/Build/Intermediates.noindex/Kanpan.build/Debug-iphonesimulator/Kanpan.build/Objects-normal/arm64/Kanpan.SwiftFileList

WriteAuxiliaryFile /Users/mdd/zhk/kanpan/DerivedData-codex-compat-takeover/Build/Intermediates.noindex/Kanpan.build/Debug-iphonesimulator/Kanpan.build/Objects-normal/arm64/Kanpan.SwiftConstValuesFileList (in target 'Kanpan' from project 'Kanpan')
    cd /Users/mdd/zhk/kanpan/Kanpan
    write-file /Users/mdd/zhk/kanpan/DerivedData-codex-compat-takeover/Build/Intermediates.noindex/Kanpan.build/Debug-iphonesimulator/Kanpan.build/Objects-normal/arm64/Kanpan.SwiftConstValuesFileList

WriteAuxiliaryFile /Users/mdd/zhk/kanpan/DerivedData-codex-compat-takeover/Build/Intermediates.noindex/Kanpan.build/Debug-iphonesimulator/Kanpan.build/Objects-normal/arm64/Kanpan.LinkFileList (in target 'Kanpan' from project 'Kanpan')
    cd /Users/mdd/zhk/kanpan/Kanpan
    write-file /Users/mdd/zhk/kanpan/DerivedData-codex-compat-takeover/Build/Intermediates.noindex/Kanpan.build/Debug-iphonesimulator/Kanpan.build/Objects-normal/arm64/Kanpan.LinkFileList

WriteAuxiliaryFile /Users/mdd/zhk/kanpan/DerivedData-codex-compat-takeover/Build/Intermediates.noindex/Kanpan.build/Debug-iphonesimulator/Kanpan.build/Kanpan.hmap (in target 'Kanpan' from project 'Kanpan')
    cd /Users/mdd/zhk/kanpan/Kanpan
    write-file /Users/mdd/zhk/kanpan/DerivedData-codex-compat-takeover/Build/Intermediates.noindex/Kanpan.build/Debug-iphonesimulator/Kanpan.build/Kanpan.hmap

WriteAuxiliaryFile /Users/mdd/zhk/kanpan/DerivedData-codex-compat-takeover/Build/Intermediates.noindex/Kanpan.build/Debug-iphonesimulator/Kanpan.build/Objects-normal/arm64/Kanpan-OutputFileMap.json (in target 'Kanpan' from project 'Kanpan')
    cd /Users/mdd/zhk/kanpan/Kanpan
    write-file /Users/mdd/zhk/kanpan/DerivedData-codex-compat-takeover/Build/Intermediates.noindex/Kanpan.build/Debug-iphonesimulator/Kanpan.build/Objects-normal/arm64/Kanpan-OutputFileMap.json

Copy /Users/mdd/zhk/kanpan/DerivedData-codex-compat-takeover/Build/Intermediates.noindex/GeneratedModuleMaps-iphonesimulator/KanpanChart.modulemap /Users/mdd/zhk/kanpan/DerivedData-codex-compat-takeover/Build/Intermediates.noindex/KanpanChart.build/Debug-iphonesimulator/KanpanChart.build/KanpanChart.modulemap (in target 'KanpanChart' from project 'KanpanChart')
    cd /Users/mdd/zhk/kanpan/KanpanChart
    builtin-copy -exclude .DS_Store -exclude CVS -exclude .svn -exclude .git -exclude .hg -resolve-src-symlinks /Users/mdd/zhk/kanpan/DerivedData-codex-compat-takeover/Build/Intermediates.noindex/KanpanChart.build/Debug-iphonesimulator/KanpanChart.build/KanpanChart.modulemap /Users/mdd/zhk/kanpan/DerivedData-codex-compat-takeover/Build/Intermediates.noindex/GeneratedModuleMaps-iphonesimulator

WriteAuxiliaryFile /Users/mdd/zhk/kanpan/DerivedData-codex-compat-takeover/Build/Intermediates.noindex/Kanpan.build/Debug-iphonesimulator/Kanpan.build/Kanpan.DependencyStaticMetadataFileList (in target 'Kanpan' from project 'Kanpan')
    cd /Users/mdd/zhk/kanpan/Kanpan
    write-file /Users/mdd/zhk/kanpan/DerivedData-codex-compat-takeover/Build/Intermediates.noindex/Kanpan.build/Debug-iphonesimulator/Kanpan.build/Kanpan.DependencyStaticMetadataFileList

WriteAuxiliaryFile /Users/mdd/zhk/kanpan/DerivedData-codex-compat-takeover/Build/Intermediates.noindex/Kanpan.build/Debug-iphonesimulator/Kanpan.build/Kanpan.DependencyMetadataFileList (in target 'Kanpan' from project 'Kanpan')
    cd /Users/mdd/zhk/kanpan/Kanpan
    write-file /Users/mdd/zhk/kanpan/DerivedData-codex-compat-takeover/Build/Intermediates.noindex/Kanpan.build/Debug-iphonesimulator/Kanpan.build/Kanpan.DependencyMetadataFileList

WriteAuxiliaryFile /Users/mdd/zhk/kanpan/DerivedData-codex-compat-takeover/Build/Intermediates.noindex/Kanpan.build/Debug-iphonesimulator/Kanpan.build/Kanpan-project-headers.hmap (in target 'Kanpan' from project 'Kanpan')
    cd /Users/mdd/zhk/kanpan/Kanpan
    write-file /Users/mdd/zhk/kanpan/DerivedData-codex-compat-takeover/Build/Intermediates.noindex/Kanpan.build/Debug-iphonesimulator/Kanpan.build/Kanpan-project-headers.hmap

WriteAuxiliaryFile /Users/mdd/zhk/kanpan/DerivedData-codex-compat-takeover/Build/Intermediates.noindex/Kanpan.build/Debug-iphonesimulator/Kanpan.build/Kanpan-own-target-headers.hmap (in target 'Kanpan' from project 'Kanpan')
    cd /Users/mdd/zhk/kanpan/Kanpan
    write-file /Users/mdd/zhk/kanpan/DerivedData-codex-compat-takeover/Build/Intermediates.noindex/Kanpan.build/Debug-iphonesimulator/Kanpan.build/Kanpan-own-target-headers.hmap

WriteAuxiliaryFile /Users/mdd/zhk/kanpan/DerivedData-codex-compat-takeover/Build/Intermediates.noindex/Kanpan.build/Debug-iphonesimulator/Kanpan.build/Kanpan-generated-files.hmap (in target 'Kanpan' from project 'Kanpan')
    cd /Users/mdd/zhk/kanpan/Kanpan
    write-file /Users/mdd/zhk/kanpan/DerivedData-codex-compat-takeover/Build/Intermediates.noindex/Kanpan.build/Debug-iphonesimulator/Kanpan.build/Kanpan-generated-files.hmap

WriteAuxiliaryFile /Users/mdd/zhk/kanpan/DerivedData-codex-compat-takeover/Build/Intermediates.noindex/Kanpan.build/Debug-iphonesimulator/Kanpan.build/Kanpan-all-target-headers.hmap (in target 'Kanpan' from project 'Kanpan')
    cd /Users/mdd/zhk/kanpan/Kanpan
    write-file /Users/mdd/zhk/kanpan/DerivedData-codex-compat-takeover/Build/Intermediates.noindex/Kanpan.build/Debug-iphonesimulator/Kanpan.build/Kanpan-all-target-headers.hmap

WriteAuxiliaryFile /Users/mdd/zhk/kanpan/DerivedData-codex-compat-takeover/Build/Intermediates.noindex/Kanpan.build/Debug-iphonesimulator/Kanpan.build/Kanpan-all-non-framework-target-headers.hmap (in target 'Kanpan' from project 'Kanpan')
    cd /Users/mdd/zhk/kanpan/Kanpan
    write-file /Users/mdd/zhk/kanpan/DerivedData-codex-compat-takeover/Build/Intermediates.noindex/Kanpan.build/Debug-iphonesimulator/Kanpan.build/Kanpan-all-non-framework-target-headers.hmap

WriteAuxiliaryFile /Users/mdd/zhk/kanpan/DerivedData-codex-compat-takeover/Build/Intermediates.noindex/Kanpan.build/Debug-iphonesimulator/Kanpan.build/Kanpan-DebugDylibPath-normal-arm64.txt (in target 'Kanpan' from project 'Kanpan')
    cd /Users/mdd/zhk/kanpan/Kanpan
    write-file /Users/mdd/zhk/kanpan/DerivedData-codex-compat-takeover/Build/Intermediates.noindex/Kanpan.build/Debug-iphonesimulator/Kanpan.build/Kanpan-DebugDylibPath-normal-arm64.txt

WriteAuxiliaryFile /Users/mdd/zhk/kanpan/DerivedData-codex-compat-takeover/Build/Intermediates.noindex/Kanpan.build/Debug-iphonesimulator/Kanpan.build/Kanpan-DebugDylibInstallName-normal-arm64.txt (in target 'Kanpan' from project 'Kanpan')
    cd /Users/mdd/zhk/kanpan/Kanpan
    write-file /Users/mdd/zhk/kanpan/DerivedData-codex-compat-takeover/Build/Intermediates.noindex/Kanpan.build/Debug-iphonesimulator/Kanpan.build/Kanpan-DebugDylibInstallName-normal-arm64.txt

WriteAuxiliaryFile /Users/mdd/zhk/kanpan/DerivedData-codex-compat-takeover/Build/Intermediates.noindex/Kanpan.build/Debug-iphonesimulator/Kanpan.build/DerivedSources/Entitlements-Simulated.plist (in target 'Kanpan' from project 'Kanpan')
    cd /Users/mdd/zhk/kanpan/Kanpan
    write-file /Users/mdd/zhk/kanpan/DerivedData-codex-compat-takeover/Build/Intermediates.noindex/Kanpan.build/Debug-iphonesimulator/Kanpan.build/DerivedSources/Entitlements-Simulated.plist

MkDir /Users/mdd/zhk/kanpan/DerivedData-codex-compat-takeover/Build/Products/Debug-iphonesimulator/KanpanUITests-Runner.app/PlugIns/KanpanUITests.xctest (in target 'KanpanUITests' from project 'Kanpan')
    cd /Users/mdd/zhk/kanpan/Kanpan
    /bin/mkdir -p /Users/mdd/zhk/kanpan/DerivedData-codex-compat-takeover/Build/Products/Debug-iphonesimulator/KanpanUITests-Runner.app/PlugIns/KanpanUITests.xctest

MkDir /Users/mdd/zhk/kanpan/DerivedData-codex-compat-takeover/Build/Products/Debug-iphonesimulator/Kanpan.app (in target 'Kanpan' from project 'Kanpan')
    cd /Users/mdd/zhk/kanpan/Kanpan
    /bin/mkdir -p /Users/mdd/zhk/kanpan/DerivedData-codex-compat-takeover/Build/Products/Debug-iphonesimulator/Kanpan.app

SwiftDriver KanpanCore normal arm64 com.apple.xcode.tools.swift.compiler (in target 'KanpanCore' from project 'KanpanCore')
    cd /Users/mdd/zhk/kanpan
    builtin-SwiftDriver -- /Applications/Xcode.app/Contents/Developer/Toolchains/XcodeDefault.xctoolchain/usr/bin/swiftc -module-name KanpanCore -Onone @/Users/mdd/zhk/kanpan/DerivedData-codex-compat-takeover/Build/Intermediates.noindex/KanpanCore.build/Debug-iphonesimulator/KanpanCore.build/Objects-normal/arm64/KanpanCore.SwiftFileList -DSWIFT_PACKAGE -DDEBUG -DSWIFT_MODULE_RESOURCE_BUNDLE_UNAVAILABLE -DXcode -plugin-path /Applications/Xcode.app/Contents/Developer/Toolchains/XcodeDefault.xctoolchain/usr/lib/swift/host/plugins/testing -enable-experimental-feature DebugDescriptionMacro -sdk /Applications/Xcode.app/Contents/Developer/Platforms/iPhoneSimulator.platform/Developer/SDKs/iPhoneSimulator26.5.sdk -target arm64-apple-ios17.0-simulator -g -module-cache-path /Users/mdd/zhk/kanpan/DerivedData-codex-compat-takeover/ModuleCache.noindex -Xfrontend -serialize-debugging-options -enable-testing -suppress-warnings -index-store-path /Users/mdd/zhk/kanpan/DerivedData-codex-compat-takeover/Index.noindex/DataStore -Xcc -D_LIBCPP_HARDENING_MODE\=_LIBCPP_HARDENING_MODE_DEBUG -swift-version 6 -I /Users/mdd/zhk/kanpan/DerivedData-codex-compat-takeover/Build/Products/Debug-iphonesimulator -Isystem /Applications/Xcode.app/Contents/Developer/Platforms/iPhoneSimulator.platform/Developer/usr/lib -F /Users/mdd/zhk/kanpan/DerivedData-codex-compat-takeover/Build/Products/Debug-iphonesimulator -F /Applications/Xcode.app/Contents/Developer/Platforms/iPhoneSimulator.platform/Developer/Library/Frameworks -F /Applications/Xcode.app/Contents/Developer/Platforms/iPhoneSimulator.platform/Developer/SDKs/iPhoneSimulator26.5.sdk/Developer/Library/Frameworks -c -j10 -enable-batch-mode -incremental -Xcc -ivfsstatcache -Xcc /Users/mdd/zhk/kanpan/DerivedData-codex-compat-takeover/SDKStatCaches.noindex/iphonesimulator26.5-23F81a-6cfe768891a92b912361537c460fe42b.sdkstatcache -output-file-map /Users/mdd/zhk/kanpan/DerivedData-codex-compat-takeover/Build/Intermediates.noindex/KanpanCore.build/Debug-iphonesimulator/KanpanCore.build/Objects-normal/arm64/KanpanCore-OutputFileMap.json -use-frontend-parseable-output -save-temps -no-color-diagnostics -explicit-module-build -module-cache-path /Users/mdd/zhk/kanpan/DerivedData-codex-compat-takeover/Build/Intermediates.noindex/SwiftExplicitPrecompiledModules -clang-scanner-module-cache-path /Users/mdd/zhk/kanpan/DerivedData-codex-compat-takeover/ModuleCache.noindex -sdk-module-cache-path /Users/mdd/zhk/kanpan/DerivedData-codex-compat-takeover/ModuleCache.noindex -serialize-diagnostics -emit-dependencies -emit-module -emit-module-path /Users/mdd/zhk/kanpan/DerivedData-codex-compat-takeover/Build/Intermediates.noindex/KanpanCore.build/Debug-iphonesimulator/KanpanCore.build/Objects-normal/arm64/KanpanCore.swiftmodule -validate-clang-modules-once -clang-build-session-file /Users/mdd/zhk/kanpan/DerivedData-codex-compat-takeover/ModuleCache.noindex/Session.modulevalidation -package-name kanpancore -Xcc -I/Users/mdd/zhk/kanpan/DerivedData-codex-compat-takeover/Build/Intermediates.noindex/KanpanCore.build/Debug-iphonesimulator/KanpanCore.build/swift-overrides.hmap -emit-const-values -Xfrontend -const-gather-protocols-file -Xfrontend /Users/mdd/zhk/kanpan/DerivedData-codex-compat-takeover/Build/Intermediates.noindex/KanpanCore.build/Debug-iphonesimulator/KanpanCore.build/Objects-normal/arm64/KanpanCore_const_extract_protocols.json -Xcc -I/Users/mdd/zhk/kanpan/DerivedData-codex-compat-takeover/Build/Products/Debug-iphonesimulator/include -Xcc -I/Users/mdd/zhk/kanpan/DerivedData-codex-compat-takeover/Build/Intermediates.noindex/KanpanCore.build/Debug-iphonesimulator/KanpanCore.build/DerivedSources-normal/arm64 -Xcc -I/Users/mdd/zhk/kanpan/DerivedData-codex-compat-takeover/Build/Intermediates.noindex/KanpanCore.build/Debug-iphonesimulator/KanpanCore.build/DerivedSources/arm64 -Xcc -I/Users/mdd/zhk/kanpan/DerivedData-codex-compat-takeover/Build/Intermediates.noindex/KanpanCore.build/Debug-iphonesimulator/KanpanCore.build/DerivedSources -Xcc -DSWIFT_PACKAGE -Xcc -DDEBUG\=1 -emit-objc-header -emit-objc-header-path /Users/mdd/zhk/kanpan/DerivedData-codex-compat-takeover/Build/Intermediates.noindex/KanpanCore.build/Debug-iphonesimulator/KanpanCore.build/Objects-normal/arm64/KanpanCore-Swift.h -working-directory /Users/mdd/zhk/kanpan -experimental-emit-module-separately -disable-cmo

SwiftExplicitDependencyGeneratePcm arm64 /Users/mdd/zhk/kanpan/DerivedData-codex-compat-takeover/ModuleCache.noindex/ptrcheck-9VQKBON3D4RLDO3P4MZQCF5KU.pcm

SwiftExplicitDependencyGeneratePcm arm64 /Users/mdd/zhk/kanpan/DerivedData-codex-compat-takeover/ModuleCache.noindex/ptrauth-9Z3LFZTZ9HDX595JJV6KJ2MFM.pcm

SwiftExplicitDependencyGeneratePcm arm64 /Users/mdd/zhk/kanpan/DerivedData-codex-compat-takeover/ModuleCache.noindex/_SwiftConcurrencyShims-82773B4UQ129HVK4RCQ0266B7.pcm

SwiftExplicitDependencyGeneratePcm arm64 /Users/mdd/zhk/kanpan/DerivedData-codex-compat-takeover/ModuleCache.noindex/SwiftShims-ER3ZQZ8FNAD0UMIVXDWW8BPH9.pcm

SwiftExplicitDependencyGeneratePcm arm64 /Users/mdd/zhk/kanpan/DerivedData-codex-compat-takeover/ModuleCache.noindex/_Builtin_stddef-C6IRIHV4H0A12GGOE6ZYMW51Y.pcm

SwiftExplicitDependencyGeneratePcm arm64 /Users/mdd/zhk/kanpan/DerivedData-codex-compat-takeover/ModuleCache.noindex/_Builtin_float-C5BH9B9AXZW02KKAPLXWTTIAX.pcm

SwiftExplicitDependencyGeneratePcm arm64 /Users/mdd/zhk/kanpan/DerivedData-codex-compat-takeover/ModuleCache.noindex/_Builtin_stdbool-4LZDXZO97SALD7LCN8E99HWJI.pcm

SwiftExplicitDependencyGeneratePcm arm64 /Users/mdd/zhk/kanpan/DerivedData-codex-compat-takeover/ModuleCache.noindex/_Builtin_stdarg-EM0RELTNB2JAVF9PN9UQXZ4JR.pcm

SwiftExplicitDependencyGeneratePcm arm64 /Users/mdd/zhk/kanpan/DerivedData-codex-compat-takeover/ModuleCache.noindex/_AvailabilityInternal-A4JMZ8IE2WDHA67AXBNYCCHCB.pcm

SwiftExplicitDependencyGeneratePcm arm64 /Users/mdd/zhk/kanpan/DerivedData-codex-compat-takeover/ModuleCache.noindex/_DarwinFoundation1-1835D6AEHBCZ2HVWOT4FVJ4ZK.pcm

SwiftExplicitDependencyGeneratePcm arm64 /Users/mdd/zhk/kanpan/DerivedData-codex-compat-takeover/ModuleCache.noindex/_Builtin_limits-MUOTEUU0EOX4WF1UCHGS7ACI.pcm

SwiftExplicitDependencyGeneratePcm arm64 /Users/mdd/zhk/kanpan/DerivedData-codex-compat-takeover/ModuleCache.noindex/_DarwinFoundation2-A8UIQF6ANE0D8W2TACNXF9C2W.pcm

SwiftExplicitDependencyGeneratePcm arm64 /Users/mdd/zhk/kanpan/DerivedData-codex-compat-takeover/ModuleCache.noindex/sys_types-1BHMSSAA3606TSLQA3S29KYEA.pcm

SwiftExplicitDependencyGeneratePcm arm64 /Users/mdd/zhk/kanpan/DerivedData-codex-compat-takeover/ModuleCache.noindex/_Builtin_stdint-VVVFB4Z3J4Q44SLSD2P5RWMB.pcm

SwiftExplicitDependencyGeneratePcm arm64 /Users/mdd/zhk/kanpan/DerivedData-codex-compat-takeover/ModuleCache.noindex/_DarwinFoundation3-35RGC3XFKGKI8JS7BQ3JH2HCU.pcm

SwiftExplicitDependencyGeneratePcm arm64 /Users/mdd/zhk/kanpan/DerivedData-codex-compat-takeover/ModuleCache.noindex/_Builtin_inttypes-B9NAVLBADVG5D5QKT69PKR2IP.pcm

SwiftExplicitDependencyGeneratePcm arm64 /Users/mdd/zhk/kanpan/DerivedData-codex-compat-takeover/ModuleCache.noindex/Darwin-ACN9YUIRXMH70XA1EOP699MAW.pcm

SwiftExplicitDependencyGeneratePcm arm64 /Users/mdd/zhk/kanpan/DerivedData-codex-compat-takeover/ModuleCache.noindex/ObjectiveC-EAVZXAAMWJIEC5HV6IRT7FQXG.pcm

SwiftExplicitDependencyGeneratePcm arm64 /Users/mdd/zhk/kanpan/DerivedData-codex-compat-takeover/ModuleCache.noindex/os_object-194KSS40GI5059EUM154R6YQL.pcm

SwiftExplicitDependencyGeneratePcm arm64 /Users/mdd/zhk/kanpan/DerivedData-codex-compat-takeover/ModuleCache.noindex/os_workgroup-6WETTESVDMPYD8DO8V1KASESQ.pcm

SwiftExplicitDependencyGeneratePcm arm64 /Users/mdd/zhk/kanpan/DerivedData-codex-compat-takeover/ModuleCache.noindex/Dispatch-41YXRPKVUZHRNZCDY0KBA5BQP.pcm

SwiftExplicitDependencyGeneratePcm arm64 /Users/mdd/zhk/kanpan/DerivedData-codex-compat-takeover/ModuleCache.noindex/XPC-N9AO2H2CPCMQFKVYB1Y883AC.pcm

SwiftExplicitDependencyGeneratePcm arm64 /Users/mdd/zhk/kanpan/DerivedData-codex-compat-takeover/ModuleCache.noindex/CoreFoundation-50F7ABRWY2WT4Q5816PD95HRB.pcm

SwiftExplicitDependencyGeneratePcm arm64 /Users/mdd/zhk/kanpan/DerivedData-codex-compat-takeover/ModuleCache.noindex/Security-BJDV2FROA6W0YWVCOX7502CNF.pcm

SwiftExplicitDependencyGeneratePcm arm64 /Users/mdd/zhk/kanpan/DerivedData-codex-compat-takeover/ModuleCache.noindex/CFNetwork-8UBZUG780JSY05LJA9QF38JPI.pcm

SwiftExplicitDependencyGeneratePcm arm64 /Users/mdd/zhk/kanpan/DerivedData-codex-compat-takeover/ModuleCache.noindex/Foundation-BMFUTBPZRKGNW4SG0CT20CGJL.pcm

SwiftCompile normal arm64 Compiling\ Bar.swift,\ BarSeries.swift,\ HeikinAshi.swift /Users/mdd/zhk/kanpan/KanpanCore/Sources/KanpanCore/Model/Bar.swift /Users/mdd/zhk/kanpan/KanpanCore/Sources/KanpanCore/Model/BarSeries.swift /Users/mdd/zhk/kanpan/KanpanCore/Sources/KanpanCore/Model/HeikinAshi.swift (in target 'KanpanCore' from project 'KanpanCore')

SwiftCompile normal arm64 /Users/mdd/zhk/kanpan/KanpanCore/Sources/KanpanCore/Model/Bar.swift (in target 'KanpanCore' from project 'KanpanCore')
    cd /Users/mdd/zhk/kanpan
    

SwiftCompile normal arm64 /Users/mdd/zhk/kanpan/KanpanCore/Sources/KanpanCore/Model/BarSeries.swift (in target 'KanpanCore' from project 'KanpanCore')
    cd /Users/mdd/zhk/kanpan
    

SwiftCompile normal arm64 /Users/mdd/zhk/kanpan/KanpanCore/Sources/KanpanCore/Model/HeikinAshi.swift (in target 'KanpanCore' from project 'KanpanCore')
    cd /Users/mdd/zhk/kanpan
    

SwiftCompile normal arm64 Compiling\ Interval.swift,\ SymbolInfo.swift /Users/mdd/zhk/kanpan/KanpanCore/Sources/KanpanCore/Model/Interval.swift /Users/mdd/zhk/kanpan/KanpanCore/Sources/KanpanCore/Model/SymbolInfo.swift (in target 'KanpanCore' from project 'KanpanCore')
SwiftCompile normal arm64 /Users/mdd/zhk/kanpan/KanpanCore/Sources/KanpanCore/Model/Interval.swift (in target 'KanpanCore' from project 'KanpanCore')
    cd /Users/mdd/zhk/kanpan
    

SwiftCompile normal arm64 /Users/mdd/zhk/kanpan/KanpanCore/Sources/KanpanCore/Model/SymbolInfo.swift (in target 'KanpanCore' from project 'KanpanCore')
    cd /Users/mdd/zhk/kanpan
    

SwiftCompile normal arm64 Compiling\ CandleStyle.swift,\ Palette.swift /Users/mdd/zhk/kanpan/KanpanCore/Sources/KanpanCore/Style/CandleStyle.swift /Users/mdd/zhk/kanpan/KanpanCore/Sources/KanpanCore/Style/Palette.swift (in target 'KanpanCore' from project 'KanpanCore')

SwiftCompile normal arm64 /Users/mdd/zhk/kanpan/KanpanCore/Sources/KanpanCore/Style/CandleStyle.swift (in target 'KanpanCore' from project 'KanpanCore')
    cd /Users/mdd/zhk/kanpan
    

SwiftCompile normal arm64 /Users/mdd/zhk/kanpan/KanpanCore/Sources/KanpanCore/Style/Palette.swift (in target 'KanpanCore' from project 'KanpanCore')
    cd /Users/mdd/zhk/kanpan
    

SwiftEmitModule normal arm64 Emitting\ module\ for\ KanpanCore (in target 'KanpanCore' from project 'KanpanCore')

EmitSwiftModule normal arm64 (in target 'KanpanCore' from project 'KanpanCore')
    cd /Users/mdd/zhk/kanpan
    

SwiftCompile normal arm64 Compiling\ IncrementalLines.swift,\ IndicatorEngine.swift,\ IndicatorID.swift /Users/mdd/zhk/kanpan/KanpanCore/Sources/KanpanCore/Indicator/IncrementalLines.swift /Users/mdd/zhk/kanpan/KanpanCore/Sources/KanpanCore/Indicator/IndicatorEngine.swift /Users/mdd/zhk/kanpan/KanpanCore/Sources/KanpanCore/Indicator/IndicatorID.swift (in target 'KanpanCore' from project 'KanpanCore')

SwiftCompile normal arm64 /Users/mdd/zhk/kanpan/KanpanCore/Sources/KanpanCore/Indicator/IncrementalLines.swift (in target 'KanpanCore' from project 'KanpanCore')
    cd /Users/mdd/zhk/kanpan
    

SwiftCompile normal arm64 /Users/mdd/zhk/kanpan/KanpanCore/Sources/KanpanCore/Indicator/IndicatorEngine.swift (in target 'KanpanCore' from project 'KanpanCore')
    cd /Users/mdd/zhk/kanpan
    

SwiftCompile normal arm64 /Users/mdd/zhk/kanpan/KanpanCore/Sources/KanpanCore/Indicator/IndicatorID.swift (in target 'KanpanCore' from project 'KanpanCore')
    cd /Users/mdd/zhk/kanpan
    

SwiftCompile normal arm64 Compiling\ DrawStore.swift,\ Drawing.swift,\ Format.swift /Users/mdd/zhk/kanpan/KanpanCore/Sources/KanpanCore/Drawing/DrawStore.swift /Users/mdd/zhk/kanpan/KanpanCore/Sources/KanpanCore/Drawing/Drawing.swift /Users/mdd/zhk/kanpan/KanpanCore/Sources/KanpanCore/Format/Format.swift (in target 'KanpanCore' from project 'KanpanCore')

SwiftCompile normal arm64 /Users/mdd/zhk/kanpan/KanpanCore/Sources/KanpanCore/Drawing/DrawStore.swift (in target 'KanpanCore' from project 'KanpanCore')
    cd /Users/mdd/zhk/kanpan
    

SwiftCompile normal arm64 /Users/mdd/zhk/kanpan/KanpanCore/Sources/KanpanCore/Drawing/Drawing.swift (in target 'KanpanCore' from project 'KanpanCore')
    cd /Users/mdd/zhk/kanpan
    

SwiftCompile normal arm64 /Users/mdd/zhk/kanpan/KanpanCore/Sources/KanpanCore/Format/Format.swift (in target 'KanpanCore' from project 'KanpanCore')
    cd /Users/mdd/zhk/kanpan
    

SwiftCompile normal arm64 Compiling\ CandleWidths.swift,\ Clamp.swift,\ Constants.swift /Users/mdd/zhk/kanpan/KanpanCore/Sources/KanpanCore/Geometry/CandleWidths.swift /Users/mdd/zhk/kanpan/KanpanCore/Sources/KanpanCore/Geometry/Clamp.swift /Users/mdd/zhk/kanpan/KanpanCore/Sources/KanpanCore/Geometry/Constants.swift (in target 'KanpanCore' from project 'KanpanCore')

SwiftCompile normal arm64 /Users/mdd/zhk/kanpan/KanpanCore/Sources/KanpanCore/Geometry/CandleWidths.swift (in target 'KanpanCore' from project 'KanpanCore')
    cd /Users/mdd/zhk/kanpan
    

SwiftCompile normal arm64 /Users/mdd/zhk/kanpan/KanpanCore/Sources/KanpanCore/Geometry/Clamp.swift (in target 'KanpanCore' from project 'KanpanCore')
    cd /Users/mdd/zhk/kanpan
    

SwiftCompile normal arm64 /Users/mdd/zhk/kanpan/KanpanCore/Sources/KanpanCore/Geometry/Constants.swift (in target 'KanpanCore' from project 'KanpanCore')
    cd /Users/mdd/zhk/kanpan
    

SwiftCompile normal arm64 Compiling\ Fling.swift,\ Layout.swift,\ PriceScale.swift /Users/mdd/zhk/kanpan/KanpanCore/Sources/KanpanCore/Geometry/Fling.swift /Users/mdd/zhk/kanpan/KanpanCore/Sources/KanpanCore/Geometry/Layout.swift /Users/mdd/zhk/kanpan/KanpanCore/Sources/KanpanCore/Geometry/PriceScale.swift (in target 'KanpanCore' from project 'KanpanCore')

SwiftCompile normal arm64 /Users/mdd/zhk/kanpan/KanpanCore/Sources/KanpanCore/Geometry/Fling.swift (in target 'KanpanCore' from project 'KanpanCore')
    cd /Users/mdd/zhk/kanpan
    

SwiftCompile normal arm64 /Users/mdd/zhk/kanpan/KanpanCore/Sources/KanpanCore/Geometry/Layout.swift (in target 'KanpanCore' from project 'KanpanCore')
    cd /Users/mdd/zhk/kanpan
    

SwiftCompile normal arm64 /Users/mdd/zhk/kanpan/KanpanCore/Sources/KanpanCore/Geometry/PriceScale.swift (in target 'KanpanCore' from project 'KanpanCore')
    cd /Users/mdd/zhk/kanpan
    

SwiftCompile normal arm64 Compiling\ AICoinBehavior.swift,\ ChartOptions.swift,\ DrawEdit.swift /Users/mdd/zhk/kanpan/KanpanCore/Sources/KanpanCore/Chart/AICoinBehavior.swift /Users/mdd/zhk/kanpan/KanpanCore/Sources/KanpanCore/Chart/ChartOptions.swift /Users/mdd/zhk/kanpan/KanpanCore/Sources/KanpanCore/Drawing/DrawEdit.swift (in target 'KanpanCore' from project 'KanpanCore')

SwiftCompile normal arm64 /Users/mdd/zhk/kanpan/KanpanCore/Sources/KanpanCore/Chart/AICoinBehavior.swift (in target 'KanpanCore' from project 'KanpanCore')
    cd /Users/mdd/zhk/kanpan
    

SwiftCompile normal arm64 /Users/mdd/zhk/kanpan/KanpanCore/Sources/KanpanCore/Chart/ChartOptions.swift (in target 'KanpanCore' from project 'KanpanCore')
    cd /Users/mdd/zhk/kanpan
    

SwiftCompile normal arm64 /Users/mdd/zhk/kanpan/KanpanCore/Sources/KanpanCore/Drawing/DrawEdit.swift (in target 'KanpanCore' from project 'KanpanCore')
    cd /Users/mdd/zhk/kanpan
    

SwiftCompile normal arm64 Compiling\ Indicators.swift,\ Math.swift,\ Aggregator.swift /Users/mdd/zhk/kanpan/KanpanCore/Sources/KanpanCore/Indicator/Indicators.swift /Users/mdd/zhk/kanpan/KanpanCore/Sources/KanpanCore/Indicator/Math.swift /Users/mdd/zhk/kanpan/KanpanCore/Sources/KanpanCore/Model/Aggregator.swift (in target 'KanpanCore' from project 'KanpanCore')

SwiftCompile normal arm64 /Users/mdd/zhk/kanpan/KanpanCore/Sources/KanpanCore/Indicator/Indicators.swift (in target 'KanpanCore' from project 'KanpanCore')
    cd /Users/mdd/zhk/kanpan
    

SwiftCompile normal arm64 /Users/mdd/zhk/kanpan/KanpanCore/Sources/KanpanCore/Indicator/Math.swift (in target 'KanpanCore' from project 'KanpanCore')
    cd /Users/mdd/zhk/kanpan
    

SwiftCompile normal arm64 /Users/mdd/zhk/kanpan/KanpanCore/Sources/KanpanCore/Model/Aggregator.swift (in target 'KanpanCore' from project 'KanpanCore')
    cd /Users/mdd/zhk/kanpan
    

SwiftCompile normal arm64 Compiling\ Ticks.swift,\ ViewTransition.swift,\ ViewWindow.swift /Users/mdd/zhk/kanpan/KanpanCore/Sources/KanpanCore/Geometry/Ticks.swift /Users/mdd/zhk/kanpan/KanpanCore/Sources/KanpanCore/Geometry/ViewTransition.swift /Users/mdd/zhk/kanpan/KanpanCore/Sources/KanpanCore/Geometry/ViewWindow.swift (in target 'KanpanCore' from project 'KanpanCore')

SwiftCompile normal arm64 /Users/mdd/zhk/kanpan/KanpanCore/Sources/KanpanCore/Geometry/Ticks.swift (in target 'KanpanCore' from project 'KanpanCore')
    cd /Users/mdd/zhk/kanpan
    

SwiftCompile normal arm64 /Users/mdd/zhk/kanpan/KanpanCore/Sources/KanpanCore/Geometry/ViewTransition.swift (in target 'KanpanCore' from project 'KanpanCore')
    cd /Users/mdd/zhk/kanpan
    

SwiftCompile normal arm64 /Users/mdd/zhk/kanpan/KanpanCore/Sources/KanpanCore/Geometry/ViewWindow.swift (in target 'KanpanCore' from project 'KanpanCore')
    cd /Users/mdd/zhk/kanpan
    

SwiftDriverJobDiscovery normal arm64 Emitting module for KanpanCore (in target 'KanpanCore' from project 'KanpanCore')

SwiftDriver\ Compilation\ Requirements KanpanCore normal arm64 com.apple.xcode.tools.swift.compiler (in target 'KanpanCore' from project 'KanpanCore')
    cd /Users/mdd/zhk/kanpan
    builtin-Swift-Compilation-Requirements -- /Applications/Xcode.app/Contents/Developer/Toolchains/XcodeDefault.xctoolchain/usr/bin/swiftc -module-name KanpanCore -Onone @/Users/mdd/zhk/kanpan/DerivedData-codex-compat-takeover/Build/Intermediates.noindex/KanpanCore.build/Debug-iphonesimulator/KanpanCore.build/Objects-normal/arm64/KanpanCore.SwiftFileList -DSWIFT_PACKAGE -DDEBUG -DSWIFT_MODULE_RESOURCE_BUNDLE_UNAVAILABLE -DXcode -plugin-path /Applications/Xcode.app/Contents/Developer/Toolchains/XcodeDefault.xctoolchain/usr/lib/swift/host/plugins/testing -enable-experimental-feature DebugDescriptionMacro -sdk /Applications/Xcode.app/Contents/Developer/Platforms/iPhoneSimulator.platform/Developer/SDKs/iPhoneSimulator26.5.sdk -target arm64-apple-ios17.0-simulator -g -module-cache-path /Users/mdd/zhk/kanpan/DerivedData-codex-compat-takeover/ModuleCache.noindex -Xfrontend -serialize-debugging-options -enable-testing -suppress-warnings -index-store-path /Users/mdd/zhk/kanpan/DerivedData-codex-compat-takeover/Index.noindex/DataStore -Xcc -D_LIBCPP_HARDENING_MODE\=_LIBCPP_HARDENING_MODE_DEBUG -swift-version 6 -I /Users/mdd/zhk/kanpan/DerivedData-codex-compat-takeover/Build/Products/Debug-iphonesimulator -Isystem /Applications/Xcode.app/Contents/Developer/Platforms/iPhoneSimulator.platform/Developer/usr/lib -F /Users/mdd/zhk/kanpan/DerivedData-codex-compat-takeover/Build/Products/Debug-iphonesimulator -F /Applications/Xcode.app/Contents/Developer/Platforms/iPhoneSimulator.platform/Developer/Library/Frameworks -F /Applications/Xcode.app/Contents/Developer/Platforms/iPhoneSimulator.platform/Developer/SDKs/iPhoneSimulator26.5.sdk/Developer/Library/Frameworks -c -j10 -enable-batch-mode -incremental -Xcc -ivfsstatcache -Xcc /Users/mdd/zhk/kanpan/DerivedData-codex-compat-takeover/SDKStatCaches.noindex/iphonesimulator26.5-23F81a-6cfe768891a92b912361537c460fe42b.sdkstatcache -output-file-map /Users/mdd/zhk/kanpan/DerivedData-codex-compat-takeover/Build/Intermediates.noindex/KanpanCore.build/Debug-iphonesimulator/KanpanCore.build/Objects-normal/arm64/KanpanCore-OutputFileMap.json -use-frontend-parseable-output -save-temps -no-color-diagnostics -explicit-module-build -module-cache-path /Users/mdd/zhk/kanpan/DerivedData-codex-compat-takeover/Build/Intermediates.noindex/SwiftExplicitPrecompiledModules -clang-scanner-module-cache-path /Users/mdd/zhk/kanpan/DerivedData-codex-compat-takeover/ModuleCache.noindex -sdk-module-cache-path /Users/mdd/zhk/kanpan/DerivedData-codex-compat-takeover/ModuleCache.noindex -serialize-diagnostics -emit-dependencies -emit-module -emit-module-path /Users/mdd/zhk/kanpan/DerivedData-codex-compat-takeover/Build/Intermediates.noindex/KanpanCore.build/Debug-iphonesimulator/KanpanCore.build/Objects-normal/arm64/KanpanCore.swiftmodule -validate-clang-modules-once -clang-build-session-file /Users/mdd/zhk/kanpan/DerivedData-codex-compat-takeover/ModuleCache.noindex/Session.modulevalidation -package-name kanpancore -Xcc -I/Users/mdd/zhk/kanpan/DerivedData-codex-compat-takeover/Build/Intermediates.noindex/KanpanCore.build/Debug-iphonesimulator/KanpanCore.build/swift-overrides.hmap -emit-const-values -Xfrontend -const-gather-protocols-file -Xfrontend /Users/mdd/zhk/kanpan/DerivedData-codex-compat-takeover/Build/Intermediates.noindex/KanpanCore.build/Debug-iphonesimulator/KanpanCore.build/Objects-normal/arm64/KanpanCore_const_extract_protocols.json -Xcc -I/Users/mdd/zhk/kanpan/DerivedData-codex-compat-takeover/Build/Products/Debug-iphonesimulator/include -Xcc -I/Users/mdd/zhk/kanpan/DerivedData-codex-compat-takeover/Build/Intermediates.noindex/KanpanCore.build/Debug-iphonesimulator/KanpanCore.build/DerivedSources-normal/arm64 -Xcc -I/Users/mdd/zhk/kanpan/DerivedData-codex-compat-takeover/Build/Intermediates.noindex/KanpanCore.build/Debug-iphonesimulator/KanpanCore.build/DerivedSources/arm64 -Xcc -I/Users/mdd/zhk/kanpan/DerivedData-codex-compat-takeover/Build/Intermediates.noindex/KanpanCore.build/Debug-iphonesimulator/KanpanCore.build/DerivedSources -Xcc -DSWIFT_PACKAGE -Xcc -DDEBUG\=1 -emit-objc-header -emit-objc-header-path /Users/mdd/zhk/kanpan/DerivedData-codex-compat-takeover/Build/Intermediates.noindex/KanpanCore.build/Debug-iphonesimulator/KanpanCore.build/Objects-normal/arm64/KanpanCore-Swift.h -working-directory /Users/mdd/zhk/kanpan -experimental-emit-module-separately -disable-cmo

SwiftDriverJobDiscovery normal arm64 Compiling Fling.swift, Layout.swift, PriceScale.swift (in target 'KanpanCore' from project 'KanpanCore')

SwiftDriverJobDiscovery normal arm64 Compiling DrawStore.swift, Drawing.swift, Format.swift (in target 'KanpanCore' from project 'KanpanCore')

SwiftDriverJobDiscovery normal arm64 Compiling IncrementalLines.swift, IndicatorEngine.swift, IndicatorID.swift (in target 'KanpanCore' from project 'KanpanCore')

SwiftDriverJobDiscovery normal arm64 Compiling AICoinBehavior.swift, ChartOptions.swift, DrawEdit.swift (in target 'KanpanCore' from project 'KanpanCore')

SwiftDriverJobDiscovery normal arm64 Compiling Ticks.swift, ViewTransition.swift, ViewWindow.swift (in target 'KanpanCore' from project 'KanpanCore')

SwiftDriverJobDiscovery normal arm64 Compiling Bar.swift, BarSeries.swift, HeikinAshi.swift (in target 'KanpanCore' from project 'KanpanCore')

SwiftDriverJobDiscovery normal arm64 Compiling CandleWidths.swift, Clamp.swift, Constants.swift (in target 'KanpanCore' from project 'KanpanCore')

SwiftDriverJobDiscovery normal arm64 Compiling CandleStyle.swift, Palette.swift (in target 'KanpanCore' from project 'KanpanCore')

SwiftDriverJobDiscovery normal arm64 Compiling Indicators.swift, Math.swift, Aggregator.swift (in target 'KanpanCore' from project 'KanpanCore')

SwiftDriverJobDiscovery normal arm64 Compiling Interval.swift, SymbolInfo.swift (in target 'KanpanCore' from project 'KanpanCore')

SwiftMergeGeneratedHeaders /Users/mdd/zhk/kanpan/DerivedData-codex-compat-takeover/Build/Intermediates.noindex/GeneratedModuleMaps-iphonesimulator/KanpanCore-Swift.h /Users/mdd/zhk/kanpan/DerivedData-codex-compat-takeover/Build/Intermediates.noindex/KanpanCore.build/Debug-iphonesimulator/KanpanCore.build/Objects-normal/arm64/KanpanCore-Swift.h (in target 'KanpanCore' from project 'KanpanCore')
    cd /Users/mdd/zhk/kanpan/KanpanCore
    builtin-swiftHeaderTool -arch arm64 /Users/mdd/zhk/kanpan/DerivedData-codex-compat-takeover/Build/Intermediates.noindex/KanpanCore.build/Debug-iphonesimulator/KanpanCore.build/Objects-normal/arm64/KanpanCore-Swift.h -o /Users/mdd/zhk/kanpan/DerivedData-codex-compat-takeover/Build/Intermediates.noindex/GeneratedModuleMaps-iphonesimulator/KanpanCore-Swift.h

Copy /Users/mdd/zhk/kanpan/DerivedData-codex-compat-takeover/Build/Products/Debug-iphonesimulator/KanpanCore.swiftmodule/arm64-apple-ios-simulator.swiftdoc /Users/mdd/zhk/kanpan/DerivedData-codex-compat-takeover/Build/Intermediates.noindex/KanpanCore.build/Debug-iphonesimulator/KanpanCore.build/Objects-normal/arm64/KanpanCore.swiftdoc (in target 'KanpanCore' from project 'KanpanCore')
    cd /Users/mdd/zhk/kanpan/KanpanCore
    builtin-copy -exclude .DS_Store -exclude CVS -exclude .svn -exclude .git -exclude .hg -resolve-src-symlinks -rename /Users/mdd/zhk/kanpan/DerivedData-codex-compat-takeover/Build/Intermediates.noindex/KanpanCore.build/Debug-iphonesimulator/KanpanCore.build/Objects-normal/arm64/KanpanCore.swiftdoc /Users/mdd/zhk/kanpan/DerivedData-codex-compat-takeover/Build/Products/Debug-iphonesimulator/KanpanCore.swiftmodule/arm64-apple-ios-simulator.swiftdoc

Copy /Users/mdd/zhk/kanpan/DerivedData-codex-compat-takeover/Build/Products/Debug-iphonesimulator/KanpanCore.swiftmodule/arm64-apple-ios-simulator.abi.json /Users/mdd/zhk/kanpan/DerivedData-codex-compat-takeover/Build/Intermediates.noindex/KanpanCore.build/Debug-iphonesimulator/KanpanCore.build/Objects-normal/arm64/KanpanCore.abi.json (in target 'KanpanCore' from project 'KanpanCore')
    cd /Users/mdd/zhk/kanpan/KanpanCore
    builtin-copy -exclude .DS_Store -exclude CVS -exclude .svn -exclude .git -exclude .hg -resolve-src-symlinks -rename /Users/mdd/zhk/kanpan/DerivedData-codex-compat-takeover/Build/Intermediates.noindex/KanpanCore.build/Debug-iphonesimulator/KanpanCore.build/Objects-normal/arm64/KanpanCore.abi.json /Users/mdd/zhk/kanpan/DerivedData-codex-compat-takeover/Build/Products/Debug-iphonesimulator/KanpanCore.swiftmodule/arm64-apple-ios-simulator.abi.json

SwiftDriver\ Compilation KanpanCore normal arm64 com.apple.xcode.tools.swift.compiler (in target 'KanpanCore' from project 'KanpanCore')
    cd /Users/mdd/zhk/kanpan
    builtin-Swift-Compilation -- /Applications/Xcode.app/Contents/Developer/Toolchains/XcodeDefault.xctoolchain/usr/bin/swiftc -module-name KanpanCore -Onone @/Users/mdd/zhk/kanpan/DerivedData-codex-compat-takeover/Build/Intermediates.noindex/KanpanCore.build/Debug-iphonesimulator/KanpanCore.build/Objects-normal/arm64/KanpanCore.SwiftFileList -DSWIFT_PACKAGE -DDEBUG -DSWIFT_MODULE_RESOURCE_BUNDLE_UNAVAILABLE -DXcode -plugin-path /Applications/Xcode.app/Contents/Developer/Toolchains/XcodeDefault.xctoolchain/usr/lib/swift/host/plugins/testing -enable-experimental-feature DebugDescriptionMacro -sdk /Applications/Xcode.app/Contents/Developer/Platforms/iPhoneSimulator.platform/Developer/SDKs/iPhoneSimulator26.5.sdk -target arm64-apple-ios17.0-simulator -g -module-cache-path /Users/mdd/zhk/kanpan/DerivedData-codex-compat-takeover/ModuleCache.noindex -Xfrontend -serialize-debugging-options -enable-testing -suppress-warnings -index-store-path /Users/mdd/zhk/kanpan/DerivedData-codex-compat-takeover/Index.noindex/DataStore -Xcc -D_LIBCPP_HARDENING_MODE\=_LIBCPP_HARDENING_MODE_DEBUG -swift-version 6 -I /Users/mdd/zhk/kanpan/DerivedData-codex-compat-takeover/Build/Products/Debug-iphonesimulator -Isystem /Applications/Xcode.app/Contents/Developer/Platforms/iPhoneSimulator.platform/Developer/usr/lib -F /Users/mdd/zhk/kanpan/DerivedData-codex-compat-takeover/Build/Products/Debug-iphonesimulator -F /Applications/Xcode.app/Contents/Developer/Platforms/iPhoneSimulator.platform/Developer/Library/Frameworks -F /Applications/Xcode.app/Contents/Developer/Platforms/iPhoneSimulator.platform/Developer/SDKs/iPhoneSimulator26.5.sdk/Developer/Library/Frameworks -c -j10 -enable-batch-mode -incremental -Xcc -ivfsstatcache -Xcc /Users/mdd/zhk/kanpan/DerivedData-codex-compat-takeover/SDKStatCaches.noindex/iphonesimulator26.5-23F81a-6cfe768891a92b912361537c460fe42b.sdkstatcache -output-file-map /Users/mdd/zhk/kanpan/DerivedData-codex-compat-takeover/Build/Intermediates.noindex/KanpanCore.build/Debug-iphonesimulator/KanpanCore.build/Objects-normal/arm64/KanpanCore-OutputFileMap.json -use-frontend-parseable-output -save-temps -no-color-diagnostics -explicit-module-build -module-cache-path /Users/mdd/zhk/kanpan/DerivedData-codex-compat-takeover/Build/Intermediates.noindex/SwiftExplicitPrecompiledModules -clang-scanner-module-cache-path /Users/mdd/zhk/kanpan/DerivedData-codex-compat-takeover/ModuleCache.noindex -sdk-module-cache-path /Users/mdd/zhk/kanpan/DerivedData-codex-compat-takeover/ModuleCache.noindex -serialize-diagnostics -emit-dependencies -emit-module -emit-module-path /Users/mdd/zhk/kanpan/DerivedData-codex-compat-takeover/Build/Intermediates.noindex/KanpanCore.build/Debug-iphonesimulator/KanpanCore.build/Objects-normal/arm64/KanpanCore.swiftmodule -validate-clang-modules-once -clang-build-session-file /Users/mdd/zhk/kanpan/DerivedData-codex-compat-takeover/ModuleCache.noindex/Session.modulevalidation -package-name kanpancore -Xcc -I/Users/mdd/zhk/kanpan/DerivedData-codex-compat-takeover/Build/Intermediates.noindex/KanpanCore.build/Debug-iphonesimulator/KanpanCore.build/swift-overrides.hmap -emit-const-values -Xfrontend -const-gather-protocols-file -Xfrontend /Users/mdd/zhk/kanpan/DerivedData-codex-compat-takeover/Build/Intermediates.noindex/KanpanCore.build/Debug-iphonesimulator/KanpanCore.build/Objects-normal/arm64/KanpanCore_const_extract_protocols.json -Xcc -I/Users/mdd/zhk/kanpan/DerivedData-codex-compat-takeover/Build/Products/Debug-iphonesimulator/include -Xcc -I/Users/mdd/zhk/kanpan/DerivedData-codex-compat-takeover/Build/Intermediates.noindex/KanpanCore.build/Debug-iphonesimulator/KanpanCore.build/DerivedSources-normal/arm64 -Xcc -I/Users/mdd/zhk/kanpan/DerivedData-codex-compat-takeover/Build/Intermediates.noindex/KanpanCore.build/Debug-iphonesimulator/KanpanCore.build/DerivedSources/arm64 -Xcc -I/Users/mdd/zhk/kanpan/DerivedData-codex-compat-takeover/Build/Intermediates.noindex/KanpanCore.build/Debug-iphonesimulator/KanpanCore.build/DerivedSources -Xcc -DSWIFT_PACKAGE -Xcc -DDEBUG\=1 -emit-objc-header -emit-objc-header-path /Users/mdd/zhk/kanpan/DerivedData-codex-compat-takeover/Build/Intermediates.noindex/KanpanCore.build/Debug-iphonesimulator/KanpanCore.build/Objects-normal/arm64/KanpanCore-Swift.h -working-directory /Users/mdd/zhk/kanpan -experimental-emit-module-separately -disable-cmo

Copy /Users/mdd/zhk/kanpan/DerivedData-codex-compat-takeover/Build/Products/Debug-iphonesimulator/KanpanCore.swiftmodule/arm64-apple-ios-simulator.swiftmodule /Users/mdd/zhk/kanpan/DerivedData-codex-compat-takeover/Build/Intermediates.noindex/KanpanCore.build/Debug-iphonesimulator/KanpanCore.build/Objects-normal/arm64/KanpanCore.swiftmodule (in target 'KanpanCore' from project 'KanpanCore')
    cd /Users/mdd/zhk/kanpan/KanpanCore
    builtin-copy -exclude .DS_Store -exclude CVS -exclude .svn -exclude .git -exclude .hg -resolve-src-symlinks -rename /Users/mdd/zhk/kanpan/DerivedData-codex-compat-takeover/Build/Intermediates.noindex/KanpanCore.build/Debug-iphonesimulator/KanpanCore.build/Objects-normal/arm64/KanpanCore.swiftmodule /Users/mdd/zhk/kanpan/DerivedData-codex-compat-takeover/Build/Products/Debug-iphonesimulator/KanpanCore.swiftmodule/arm64-apple-ios-simulator.swiftmodule

Copy /Users/mdd/zhk/kanpan/DerivedData-codex-compat-takeover/Build/Products/Debug-iphonesimulator/KanpanCore.swiftmodule/Project/arm64-apple-ios-simulator.swiftsourceinfo /Users/mdd/zhk/kanpan/DerivedData-codex-compat-takeover/Build/Intermediates.noindex/KanpanCore.build/Debug-iphonesimulator/KanpanCore.build/Objects-normal/arm64/KanpanCore.swiftsourceinfo (in target 'KanpanCore' from project 'KanpanCore')
    cd /Users/mdd/zhk/kanpan/KanpanCore
    builtin-copy -exclude .DS_Store -exclude CVS -exclude .svn -exclude .git -exclude .hg -resolve-src-symlinks -rename /Users/mdd/zhk/kanpan/DerivedData-codex-compat-takeover/Build/Intermediates.noindex/KanpanCore.build/Debug-iphonesimulator/KanpanCore.build/Objects-normal/arm64/KanpanCore.swiftsourceinfo /Users/mdd/zhk/kanpan/DerivedData-codex-compat-takeover/Build/Products/Debug-iphonesimulator/KanpanCore.swiftmodule/Project/arm64-apple-ios-simulator.swiftsourceinfo

Ld /Users/mdd/zhk/kanpan/DerivedData-codex-compat-takeover/Build/Products/Debug-iphonesimulator/KanpanCore.o normal (in target 'KanpanCore' from project 'KanpanCore')
    cd /Users/mdd/zhk/kanpan/KanpanCore
    /Applications/Xcode.app/Contents/Developer/Toolchains/XcodeDefault.xctoolchain/usr/bin/clang -Xlinker -reproducible -target arm64-apple-ios17.0-simulator -r -isysroot /Applications/Xcode.app/Contents/Developer/Platforms/iPhoneSimulator.platform/Developer/SDKs/iPhoneSimulator26.5.sdk -O0 -w -F/Users/mdd/zhk/kanpan/DerivedData-codex-compat-takeover/Build/Intermediates.noindex/EagerLinkingTBDs/Debug-iphonesimulator -F/Users/mdd/zhk/kanpan/DerivedData-codex-compat-takeover/Build/Products/Debug-iphonesimulator -iframework /Applications/Xcode.app/Contents/Developer/Platforms/iPhoneSimulator.platform/Developer/Library/Frameworks -iframework /Applications/Xcode.app/Contents/Developer/Platforms/iPhoneSimulator.platform/Developer/SDKs/iPhoneSimulator26.5.sdk/Developer/Library/Frameworks -filelist /Users/mdd/zhk/kanpan/DerivedData-codex-compat-takeover/Build/Intermediates.noindex/KanpanCore.build/Debug-iphonesimulator/KanpanCore.build/Objects-normal/arm64/KanpanCore.LinkFileList -nostdlib -Xlinker -object_path_lto -Xlinker /Users/mdd/zhk/kanpan/DerivedData-codex-compat-takeover/Build/Intermediates.noindex/KanpanCore.build/Debug-iphonesimulator/KanpanCore.build/Objects-normal/arm64/KanpanCore_lto.o -Xlinker -no_deduplicate -Xlinker -objc_abi_version -Xlinker 2 -Xlinker -dependency_info -Xlinker /Users/mdd/zhk/kanpan/DerivedData-codex-compat-takeover/Build/Intermediates.noindex/KanpanCore.build/Debug-iphonesimulator/KanpanCore.build/Objects-normal/arm64/KanpanCore_dependency_info.dat -fobjc-link-runtime -L/Applications/Xcode.app/Contents/Developer/Toolchains/XcodeDefault.xctoolchain/usr/lib/swift/iphonesimulator -L/usr/lib/swift -Xlinker -add_ast_path -Xlinker /Users/mdd/zhk/kanpan/DerivedData-codex-compat-takeover/Build/Intermediates.noindex/KanpanCore.build/Debug-iphonesimulator/KanpanCore.build/Objects-normal/arm64/KanpanCore.swiftmodule @/Users/mdd/zhk/kanpan/DerivedData-codex-compat-takeover/Build/Intermediates.noindex/KanpanCore.build/Debug-iphonesimulator/KanpanCore.build/Objects-normal/arm64/KanpanCore-linker-args.resp -o /Users/mdd/zhk/kanpan/DerivedData-codex-compat-takeover/Build/Products/Debug-iphonesimulator/KanpanCore.o

SwiftDriver KanpanData normal arm64 com.apple.xcode.tools.swift.compiler (in target 'KanpanData' from project 'KanpanData')
    cd /Users/mdd/zhk/kanpan
    builtin-SwiftDriver -- /Applications/Xcode.app/Contents/Developer/Toolchains/XcodeDefault.xctoolchain/usr/bin/swiftc -module-name KanpanData -Onone @/Users/mdd/zhk/kanpan/DerivedData-codex-compat-takeover/Build/Intermediates.noindex/KanpanData.build/Debug-iphonesimulator/KanpanData.build/Objects-normal/arm64/KanpanData.SwiftFileList -DSWIFT_PACKAGE -DDEBUG -DSWIFT_MODULE_RESOURCE_BUNDLE_UNAVAILABLE -DXcode -plugin-path /Applications/Xcode.app/Contents/Developer/Toolchains/XcodeDefault.xctoolchain/usr/lib/swift/host/plugins/testing -enable-experimental-feature DebugDescriptionMacro -sdk /Applications/Xcode.app/Contents/Developer/Platforms/iPhoneSimulator.platform/Developer/SDKs/iPhoneSimulator26.5.sdk -target arm64-apple-ios17.0-simulator -g -module-cache-path /Users/mdd/zhk/kanpan/DerivedData-codex-compat-takeover/ModuleCache.noindex -Xfrontend -serialize-debugging-options -enable-testing -suppress-warnings -index-store-path /Users/mdd/zhk/kanpan/DerivedData-codex-compat-takeover/Index.noindex/DataStore -Xcc -D_LIBCPP_HARDENING_MODE\=_LIBCPP_HARDENING_MODE_DEBUG -swift-version 6 -I /Users/mdd/zhk/kanpan/DerivedData-codex-compat-takeover/Build/Products/Debug-iphonesimulator -Isystem /Applications/Xcode.app/Contents/Developer/Platforms/iPhoneSimulator.platform/Developer/usr/lib -F /Users/mdd/zhk/kanpan/DerivedData-codex-compat-takeover/Build/Products/Debug-iphonesimulator/PackageFrameworks -F /Users/mdd/zhk/kanpan/DerivedData-codex-compat-takeover/Build/Products/Debug-iphonesimulator -F /Applications/Xcode.app/Contents/Developer/Platforms/iPhoneSimulator.platform/Developer/Library/Frameworks -F /Applications/Xcode.app/Contents/Developer/Platforms/iPhoneSimulator.platform/Developer/SDKs/iPhoneSimulator26.5.sdk/Developer/Library/Frameworks -c -j10 -enable-batch-mode -incremental -Xcc -ivfsstatcache -Xcc /Users/mdd/zhk/kanpan/DerivedData-codex-compat-takeover/SDKStatCaches.noindex/iphonesimulator26.5-23F81a-6cfe768891a92b912361537c460fe42b.sdkstatcache -output-file-map /Users/mdd/zhk/kanpan/DerivedData-codex-compat-takeover/Build/Intermediates.noindex/KanpanData.build/Debug-iphonesimulator/KanpanData.build/Objects-normal/arm64/KanpanData-OutputFileMap.json -use-frontend-parseable-output -save-temps -no-color-diagnostics -explicit-module-build -module-cache-path /Users/mdd/zhk/kanpan/DerivedData-codex-compat-takeover/Build/Intermediates.noindex/SwiftExplicitPrecompiledModules -clang-scanner-module-cache-path /Users/mdd/zhk/kanpan/DerivedData-codex-compat-takeover/ModuleCache.noindex -sdk-module-cache-path /Users/mdd/zhk/kanpan/DerivedData-codex-compat-takeover/ModuleCache.noindex -serialize-diagnostics -emit-dependencies -emit-module -emit-module-path /Users/mdd/zhk/kanpan/DerivedData-codex-compat-takeover/Build/Intermediates.noindex/KanpanData.build/Debug-iphonesimulator/KanpanData.build/Objects-normal/arm64/KanpanData.swiftmodule -validate-clang-modules-once -clang-build-session-file /Users/mdd/zhk/kanpan/DerivedData-codex-compat-takeover/ModuleCache.noindex/Session.modulevalidation -package-name kanpandata -Xcc -I/Users/mdd/zhk/kanpan/DerivedData-codex-compat-takeover/Build/Intermediates.noindex/KanpanData.build/Debug-iphonesimulator/KanpanData.build/swift-overrides.hmap -emit-const-values -Xfrontend -const-gather-protocols-file -Xfrontend /Users/mdd/zhk/kanpan/DerivedData-codex-compat-takeover/Build/Intermediates.noindex/KanpanData.build/Debug-iphonesimulator/KanpanData.build/Objects-normal/arm64/KanpanData_const_extract_protocols.json -Xcc -I/Users/mdd/zhk/kanpan/DerivedData-codex-compat-takeover/Build/Products/Debug-iphonesimulator/include -Xcc -I/Users/mdd/zhk/kanpan/DerivedData-codex-compat-takeover/Build/Intermediates.noindex/KanpanData.build/Debug-iphonesimulator/KanpanData.build/DerivedSources-normal/arm64 -Xcc -I/Users/mdd/zhk/kanpan/DerivedData-codex-compat-takeover/Build/Intermediates.noindex/KanpanData.build/Debug-iphonesimulator/KanpanData.build/DerivedSources/arm64 -Xcc -I/Users/mdd/zhk/kanpan/DerivedData-codex-compat-takeover/Build/Intermediates.noindex/KanpanData.build/Debug-iphonesimulator/KanpanData.build/DerivedSources -Xcc -DSWIFT_PACKAGE -Xcc -DDEBUG\=1 -emit-objc-header -emit-objc-header-path /Users/mdd/zhk/kanpan/DerivedData-codex-compat-takeover/Build/Intermediates.noindex/KanpanData.build/Debug-iphonesimulator/KanpanData.build/Objects-normal/arm64/KanpanData-Swift.h -working-directory /Users/mdd/zhk/kanpan -experimental-emit-module-separately -disable-cmo

SwiftDriver KanpanChart normal arm64 com.apple.xcode.tools.swift.compiler (in target 'KanpanChart' from project 'KanpanChart')
    cd /Users/mdd/zhk/kanpan
    builtin-SwiftDriver -- /Applications/Xcode.app/Contents/Developer/Toolchains/XcodeDefault.xctoolchain/usr/bin/swiftc -module-name KanpanChart -Onone @/Users/mdd/zhk/kanpan/DerivedData-codex-compat-takeover/Build/Intermediates.noindex/KanpanChart.build/Debug-iphonesimulator/KanpanChart.build/Objects-normal/arm64/KanpanChart.SwiftFileList -DSWIFT_PACKAGE -DDEBUG -DSWIFT_MODULE_RESOURCE_BUNDLE_UNAVAILABLE -DXcode -plugin-path /Applications/Xcode.app/Contents/Developer/Toolchains/XcodeDefault.xctoolchain/usr/lib/swift/host/plugins/testing -enable-experimental-feature DebugDescriptionMacro -sdk /Applications/Xcode.app/Contents/Developer/Platforms/iPhoneSimulator.platform/Developer/SDKs/iPhoneSimulator26.5.sdk -target arm64-apple-ios17.0-simulator -g -module-cache-path /Users/mdd/zhk/kanpan/DerivedData-codex-compat-takeover/ModuleCache.noindex -Xfrontend -serialize-debugging-options -enable-testing -suppress-warnings -index-store-path /Users/mdd/zhk/kanpan/DerivedData-codex-compat-takeover/Index.noindex/DataStore -Xcc -D_LIBCPP_HARDENING_MODE\=_LIBCPP_HARDENING_MODE_DEBUG -swift-version 6 -I /Users/mdd/zhk/kanpan/DerivedData-codex-compat-takeover/Build/Products/Debug-iphonesimulator -Isystem /Applications/Xcode.app/Contents/Developer/Platforms/iPhoneSimulator.platform/Developer/usr/lib -F /Users/mdd/zhk/kanpan/DerivedData-codex-compat-takeover/Build/Products/Debug-iphonesimulator/PackageFrameworks -F /Users/mdd/zhk/kanpan/DerivedData-codex-compat-takeover/Build/Products/Debug-iphonesimulator -F /Applications/Xcode.app/Contents/Developer/Platforms/iPhoneSimulator.platform/Developer/Library/Frameworks -F /Applications/Xcode.app/Contents/Developer/Platforms/iPhoneSimulator.platform/Developer/SDKs/iPhoneSimulator26.5.sdk/Developer/Library/Frameworks -c -j10 -enable-batch-mode -incremental -Xcc -ivfsstatcache -Xcc /Users/mdd/zhk/kanpan/DerivedData-codex-compat-takeover/SDKStatCaches.noindex/iphonesimulator26.5-23F81a-6cfe768891a92b912361537c460fe42b.sdkstatcache -output-file-map /Users/mdd/zhk/kanpan/DerivedData-codex-compat-takeover/Build/Intermediates.noindex/KanpanChart.build/Debug-iphonesimulator/KanpanChart.build/Objects-normal/arm64/KanpanChart-OutputFileMap.json -use-frontend-parseable-output -save-temps -no-color-diagnostics -explicit-module-build -module-cache-path /Users/mdd/zhk/kanpan/DerivedData-codex-compat-takeover/Build/Intermediates.noindex/SwiftExplicitPrecompiledModules -clang-scanner-module-cache-path /Users/mdd/zhk/kanpan/DerivedData-codex-compat-takeover/ModuleCache.noindex -sdk-module-cache-path /Users/mdd/zhk/kanpan/DerivedData-codex-compat-takeover/ModuleCache.noindex -serialize-diagnostics -emit-dependencies -emit-module -emit-module-path /Users/mdd/zhk/kanpan/DerivedData-codex-compat-takeover/Build/Intermediates.noindex/KanpanChart.build/Debug-iphonesimulator/KanpanChart.build/Objects-normal/arm64/KanpanChart.swiftmodule -validate-clang-modules-once -clang-build-session-file /Users/mdd/zhk/kanpan/DerivedData-codex-compat-takeover/ModuleCache.noindex/Session.modulevalidation -package-name kanpanchart -Xcc -I/Users/mdd/zhk/kanpan/DerivedData-codex-compat-takeover/Build/Intermediates.noindex/KanpanChart.build/Debug-iphonesimulator/KanpanChart.build/swift-overrides.hmap -emit-const-values -Xfrontend -const-gather-protocols-file -Xfrontend /Users/mdd/zhk/kanpan/DerivedData-codex-compat-takeover/Build/Intermediates.noindex/KanpanChart.build/Debug-iphonesimulator/KanpanChart.build/Objects-normal/arm64/KanpanChart_const_extract_protocols.json -Xcc -I/Users/mdd/zhk/kanpan/DerivedData-codex-compat-takeover/Build/Products/Debug-iphonesimulator/include -Xcc -I/Users/mdd/zhk/kanpan/DerivedData-codex-compat-takeover/Build/Intermediates.noindex/KanpanChart.build/Debug-iphonesimulator/KanpanChart.build/DerivedSources-normal/arm64 -Xcc -I/Users/mdd/zhk/kanpan/DerivedData-codex-compat-takeover/Build/Intermediates.noindex/KanpanChart.build/Debug-iphonesimulator/KanpanChart.build/DerivedSources/arm64 -Xcc -I/Users/mdd/zhk/kanpan/DerivedData-codex-compat-takeover/Build/Intermediates.noindex/KanpanChart.build/Debug-iphonesimulator/KanpanChart.build/DerivedSources -Xcc -DSWIFT_PACKAGE -Xcc -DDEBUG\=1 -emit-objc-header -emit-objc-header-path /Users/mdd/zhk/kanpan/DerivedData-codex-compat-takeover/Build/Intermediates.noindex/KanpanChart.build/Debug-iphonesimulator/KanpanChart.build/Objects-normal/arm64/KanpanChart-Swift.h -working-directory /Users/mdd/zhk/kanpan -experimental-emit-module-separately -disable-cmo

ExtractAppIntentsMetadata (in target 'KanpanCore' from project 'KanpanCore')
    cd /Users/mdd/zhk/kanpan/KanpanCore
    /Applications/Xcode.app/Contents/Developer/Toolchains/XcodeDefault.xctoolchain/usr/bin/appintentsmetadataprocessor --toolchain-dir /Applications/Xcode.app/Contents/Developer/Toolchains/XcodeDefault.xctoolchain --module-name KanpanCore --sdk-root /Applications/Xcode.app/Contents/Developer/Platforms/iPhoneSimulator.platform/Developer/SDKs/iPhoneSimulator26.5.sdk --xcode-version 17F113 --platform-family iOS --deployment-target 17.0 --bundle-identifier kanpancore.KanpanCore --output /Users/mdd/zhk/kanpan/DerivedData-codex-compat-takeover/Build/Products/Debug-iphonesimulator/KanpanCore.appintents --target-triple arm64-apple-ios17.0-simulator --binary-file /Users/mdd/zhk/kanpan/DerivedData-codex-compat-takeover/Build/Products/Debug-iphonesimulator/KanpanCore.o --dependency-file /Users/mdd/zhk/kanpan/DerivedData-codex-compat-takeover/Build/Intermediates.noindex/KanpanCore.build/Debug-iphonesimulator/KanpanCore.build/Objects-normal/arm64/KanpanCore_dependency_info.dat --stringsdata-file /Users/mdd/zhk/kanpan/DerivedData-codex-compat-takeover/Build/Intermediates.noindex/KanpanCore.build/Debug-iphonesimulator/KanpanCore.build/Objects-normal/arm64/ExtractedAppShortcutsMetadata.stringsdata --source-file-list /Users/mdd/zhk/kanpan/DerivedData-codex-compat-takeover/Build/Intermediates.noindex/KanpanCore.build/Debug-iphonesimulator/KanpanCore.build/Objects-normal/arm64/KanpanCore.SwiftFileList --metadata-file-list /Users/mdd/zhk/kanpan/DerivedData-codex-compat-takeover/Build/Intermediates.noindex/KanpanCore.build/Debug-iphonesimulator/KanpanCore.build/KanpanCore.DependencyMetadataFileList --static-metadata-file-list /Users/mdd/zhk/kanpan/DerivedData-codex-compat-takeover/Build/Intermediates.noindex/KanpanCore.build/Debug-iphonesimulator/KanpanCore.build/KanpanCore.DependencyStaticMetadataFileList --swift-const-vals-list /Users/mdd/zhk/kanpan/DerivedData-codex-compat-takeover/Build/Intermediates.noindex/KanpanCore.build/Debug-iphonesimulator/KanpanCore.build/Objects-normal/arm64/KanpanCore.SwiftConstValuesFileList --force --compile-time-extraction --deployment-aware-processing --validate-assistant-intents --no-app-shortcuts-localization
2026-09-14 23:53:26.023 appintentsmetadataprocessor[91887:31696475] Starting appintentsmetadataprocessor export
2026-09-14 23:53:26.059 appintentsmetadataprocessor[91887:31696475] Extracted no relevant App Intents symbols, skipping writing output

RegisterExecutionPolicyException /Users/mdd/zhk/kanpan/DerivedData-codex-compat-takeover/Build/Products/Debug-iphonesimulator/KanpanCore.o (in target 'KanpanCore' from project 'KanpanCore')
    cd /Users/mdd/zhk/kanpan/KanpanCore
    builtin-RegisterExecutionPolicyException /Users/mdd/zhk/kanpan/DerivedData-codex-compat-takeover/Build/Products/Debug-iphonesimulator/KanpanCore.o

SwiftExplicitDependencyGeneratePcm arm64 /Users/mdd/zhk/kanpan/DerivedData-codex-compat-takeover/ModuleCache.noindex/Compression-IZB4U968G62GCZ5VLVVYYLE4.pcm

SwiftCompile normal arm64 Compiling\ OIArchive.swift,\ OIStore.swift /Users/mdd/zhk/kanpan/KanpanData/Sources/KanpanData/Store/OIArchive.swift /Users/mdd/zhk/kanpan/KanpanData/Sources/KanpanData/Store/OIStore.swift (in target 'KanpanData' from project 'KanpanData')
SwiftCompile normal arm64 /Users/mdd/zhk/kanpan/KanpanData/Sources/KanpanData/Store/OIArchive.swift (in target 'KanpanData' from project 'KanpanData')
    cd /Users/mdd/zhk/kanpan
    

SwiftCompile normal arm64 /Users/mdd/zhk/kanpan/KanpanData/Sources/KanpanData/Store/OIStore.swift (in target 'KanpanData' from project 'KanpanData')
    cd /Users/mdd/zhk/kanpan
    

SwiftCompile normal arm64 Compiling\ Paths.swift,\ Snapshot.swift /Users/mdd/zhk/kanpan/KanpanData/Sources/KanpanData/Store/Paths.swift /Users/mdd/zhk/kanpan/KanpanData/Sources/KanpanData/Store/Snapshot.swift (in target 'KanpanData' from project 'KanpanData')
SwiftCompile normal arm64 /Users/mdd/zhk/kanpan/KanpanData/Sources/KanpanData/Store/Paths.swift (in target 'KanpanData' from project 'KanpanData')
    cd /Users/mdd/zhk/kanpan
    

SwiftCompile normal arm64 /Users/mdd/zhk/kanpan/KanpanData/Sources/KanpanData/Store/Snapshot.swift (in target 'KanpanData' from project 'KanpanData')
    cd /Users/mdd/zhk/kanpan
    

SwiftEmitModule normal arm64 Emitting\ module\ for\ KanpanData (in target 'KanpanData' from project 'KanpanData')

EmitSwiftModule normal arm64 (in target 'KanpanData' from project 'KanpanData')
    cd /Users/mdd/zhk/kanpan
    

SwiftCompile normal arm64 Compiling\ OISource.swift,\ BarCache.swift /Users/mdd/zhk/kanpan/KanpanData/Sources/KanpanData/Feed/OISource.swift /Users/mdd/zhk/kanpan/KanpanData/Sources/KanpanData/Store/BarCache.swift (in target 'KanpanData' from project 'KanpanData')

SwiftCompile normal arm64 /Users/mdd/zhk/kanpan/KanpanData/Sources/KanpanData/Feed/OISource.swift (in target 'KanpanData' from project 'KanpanData')
    cd /Users/mdd/zhk/kanpan
    

SwiftCompile normal arm64 /Users/mdd/zhk/kanpan/KanpanData/Sources/KanpanData/Store/BarCache.swift (in target 'KanpanData' from project 'KanpanData')
    cd /Users/mdd/zhk/kanpan
    

SwiftCompile normal arm64 Compiling\ WSClient.swift,\ WSSocket.swift /Users/mdd/zhk/kanpan/KanpanData/Sources/KanpanData/Binance/WSClient.swift /Users/mdd/zhk/kanpan/KanpanData/Sources/KanpanData/Binance/WSSocket.swift (in target 'KanpanData' from project 'KanpanData')

SwiftCompile normal arm64 /Users/mdd/zhk/kanpan/KanpanData/Sources/KanpanData/Binance/WSClient.swift (in target 'KanpanData' from project 'KanpanData')
    cd /Users/mdd/zhk/kanpan
    

SwiftCompile normal arm64 /Users/mdd/zhk/kanpan/KanpanData/Sources/KanpanData/Binance/WSSocket.swift (in target 'KanpanData' from project 'KanpanData')
    cd /Users/mdd/zhk/kanpan
    

SwiftCompile normal arm64 Compiling\ FeedComposer.swift,\ MarketFeed.swift /Users/mdd/zhk/kanpan/KanpanData/Sources/KanpanData/Feed/FeedComposer.swift /Users/mdd/zhk/kanpan/KanpanData/Sources/KanpanData/Feed/MarketFeed.swift (in target 'KanpanData' from project 'KanpanData')
SwiftCompile normal arm64 /Users/mdd/zhk/kanpan/KanpanData/Sources/KanpanData/Feed/FeedComposer.swift (in target 'KanpanData' from project 'KanpanData')
    cd /Users/mdd/zhk/kanpan
    

SwiftCompile normal arm64 /Users/mdd/zhk/kanpan/KanpanData/Sources/KanpanData/Feed/MarketFeed.swift (in target 'KanpanData' from project 'KanpanData')
    cd /Users/mdd/zhk/kanpan
    

SwiftCompile normal arm64 Compiling\ SymbolCatalog.swift,\ Zip.swift /Users/mdd/zhk/kanpan/KanpanData/Sources/KanpanData/Store/SymbolCatalog.swift /Users/mdd/zhk/kanpan/KanpanData/Sources/KanpanData/Store/Zip.swift (in target 'KanpanData' from project 'KanpanData')

SwiftCompile normal arm64 /Users/mdd/zhk/kanpan/KanpanData/Sources/KanpanData/Store/SymbolCatalog.swift (in target 'KanpanData' from project 'KanpanData')
    cd /Users/mdd/zhk/kanpan
    

SwiftCompile normal arm64 /Users/mdd/zhk/kanpan/KanpanData/Sources/KanpanData/Store/Zip.swift (in target 'KanpanData' from project 'KanpanData')
    cd /Users/mdd/zhk/kanpan
    

SwiftCompile normal arm64 Compiling\ HTTPTransport.swift,\ Pacer.swift /Users/mdd/zhk/kanpan/KanpanData/Sources/KanpanData/Binance/HTTPTransport.swift /Users/mdd/zhk/kanpan/KanpanData/Sources/KanpanData/Binance/Pacer.swift (in target 'KanpanData' from project 'KanpanData')

SwiftCompile normal arm64 /Users/mdd/zhk/kanpan/KanpanData/Sources/KanpanData/Binance/HTTPTransport.swift (in target 'KanpanData' from project 'KanpanData')
    cd /Users/mdd/zhk/kanpan
    

SwiftCompile normal arm64 /Users/mdd/zhk/kanpan/KanpanData/Sources/KanpanData/Binance/Pacer.swift (in target 'KanpanData' from project 'KanpanData')
    cd /Users/mdd/zhk/kanpan
    

SwiftCompile normal arm64 Compiling\ RESTClient.swift,\ RateLimiter.swift /Users/mdd/zhk/kanpan/KanpanData/Sources/KanpanData/Binance/RESTClient.swift /Users/mdd/zhk/kanpan/KanpanData/Sources/KanpanData/Binance/RateLimiter.swift (in target 'KanpanData' from project 'KanpanData')

SwiftCompile normal arm64 /Users/mdd/zhk/kanpan/KanpanData/Sources/KanpanData/Binance/RESTClient.swift (in target 'KanpanData' from project 'KanpanData')
    cd /Users/mdd/zhk/kanpan
    

SwiftCompile normal arm64 /Users/mdd/zhk/kanpan/KanpanData/Sources/KanpanData/Binance/RateLimiter.swift (in target 'KanpanData' from project 'KanpanData')
    cd /Users/mdd/zhk/kanpan
    

SwiftCompile normal arm64 Compiling\ Backoff.swift,\ DTO.swift /Users/mdd/zhk/kanpan/KanpanData/Sources/KanpanData/Binance/Backoff.swift /Users/mdd/zhk/kanpan/KanpanData/Sources/KanpanData/Binance/DTO.swift (in target 'KanpanData' from project 'KanpanData')

SwiftCompile normal arm64 /Users/mdd/zhk/kanpan/KanpanData/Sources/KanpanData/Binance/Backoff.swift (in target 'KanpanData' from project 'KanpanData')
    cd /Users/mdd/zhk/kanpan
    

SwiftCompile normal arm64 /Users/mdd/zhk/kanpan/KanpanData/Sources/KanpanData/Binance/DTO.swift (in target 'KanpanData' from project 'KanpanData')
    cd /Users/mdd/zhk/kanpan
    

SwiftDriverJobDiscovery normal arm64 Compiling HTTPTransport.swift, Pacer.swift (in target 'KanpanData' from project 'KanpanData')

SwiftCompile normal arm64 Compiling\ Endpoints.swift,\ Errors.swift /Users/mdd/zhk/kanpan/KanpanData/Sources/KanpanData/Binance/Endpoints.swift /Users/mdd/zhk/kanpan/KanpanData/Sources/KanpanData/Binance/Errors.swift (in target 'KanpanData' from project 'KanpanData')

SwiftCompile normal arm64 /Users/mdd/zhk/kanpan/KanpanData/Sources/KanpanData/Binance/Endpoints.swift (in target 'KanpanData' from project 'KanpanData')
    cd /Users/mdd/zhk/kanpan
    

SwiftCompile normal arm64 /Users/mdd/zhk/kanpan/KanpanData/Sources/KanpanData/Binance/Errors.swift (in target 'KanpanData' from project 'KanpanData')
    cd /Users/mdd/zhk/kanpan
    

SwiftDriverJobDiscovery normal arm64 Emitting module for KanpanData (in target 'KanpanData' from project 'KanpanData')

SwiftDriver\ Compilation\ Requirements KanpanData normal arm64 com.apple.xcode.tools.swift.compiler (in target 'KanpanData' from project 'KanpanData')
    cd /Users/mdd/zhk/kanpan
    builtin-Swift-Compilation-Requirements -- /Applications/Xcode.app/Contents/Developer/Toolchains/XcodeDefault.xctoolchain/usr/bin/swiftc -module-name KanpanData -Onone @/Users/mdd/zhk/kanpan/DerivedData-codex-compat-takeover/Build/Intermediates.noindex/KanpanData.build/Debug-iphonesimulator/KanpanData.build/Objects-normal/arm64/KanpanData.SwiftFileList -DSWIFT_PACKAGE -DDEBUG -DSWIFT_MODULE_RESOURCE_BUNDLE_UNAVAILABLE -DXcode -plugin-path /Applications/Xcode.app/Contents/Developer/Toolchains/XcodeDefault.xctoolchain/usr/lib/swift/host/plugins/testing -enable-experimental-feature DebugDescriptionMacro -sdk /Applications/Xcode.app/Contents/Developer/Platforms/iPhoneSimulator.platform/Developer/SDKs/iPhoneSimulator26.5.sdk -target arm64-apple-ios17.0-simulator -g -module-cache-path /Users/mdd/zhk/kanpan/DerivedData-codex-compat-takeover/ModuleCache.noindex -Xfrontend -serialize-debugging-options -enable-testing -suppress-warnings -index-store-path /Users/mdd/zhk/kanpan/DerivedData-codex-compat-takeover/Index.noindex/DataStore -Xcc -D_LIBCPP_HARDENING_MODE\=_LIBCPP_HARDENING_MODE_DEBUG -swift-version 6 -I /Users/mdd/zhk/kanpan/DerivedData-codex-compat-takeover/Build/Products/Debug-iphonesimulator -Isystem /Applications/Xcode.app/Contents/Developer/Platforms/iPhoneSimulator.platform/Developer/usr/lib -F /Users/mdd/zhk/kanpan/DerivedData-codex-compat-takeover/Build/Products/Debug-iphonesimulator/PackageFrameworks -F /Users/mdd/zhk/kanpan/DerivedData-codex-compat-takeover/Build/Products/Debug-iphonesimulator -F /Applications/Xcode.app/Contents/Developer/Platforms/iPhoneSimulator.platform/Developer/Library/Frameworks -F /Applications/Xcode.app/Contents/Developer/Platforms/iPhoneSimulator.platform/Developer/SDKs/iPhoneSimulator26.5.sdk/Developer/Library/Frameworks -c -j10 -enable-batch-mode -incremental -Xcc -ivfsstatcache -Xcc /Users/mdd/zhk/kanpan/DerivedData-codex-compat-takeover/SDKStatCaches.noindex/iphonesimulator26.5-23F81a-6cfe768891a92b912361537c460fe42b.sdkstatcache -output-file-map /Users/mdd/zhk/kanpan/DerivedData-codex-compat-takeover/Build/Intermediates.noindex/KanpanData.build/Debug-iphonesimulator/KanpanData.build/Objects-normal/arm64/KanpanData-OutputFileMap.json -use-frontend-parseable-output -save-temps -no-color-diagnostics -explicit-module-build -module-cache-path /Users/mdd/zhk/kanpan/DerivedData-codex-compat-takeover/Build/Intermediates.noindex/SwiftExplicitPrecompiledModules -clang-scanner-module-cache-path /Users/mdd/zhk/kanpan/DerivedData-codex-compat-takeover/ModuleCache.noindex -sdk-module-cache-path /Users/mdd/zhk/kanpan/DerivedData-codex-compat-takeover/ModuleCache.noindex -serialize-diagnostics -emit-dependencies -emit-module -emit-module-path /Users/mdd/zhk/kanpan/DerivedData-codex-compat-takeover/Build/Intermediates.noindex/KanpanData.build/Debug-iphonesimulator/KanpanData.build/Objects-normal/arm64/KanpanData.swiftmodule -validate-clang-modules-once -clang-build-session-file /Users/mdd/zhk/kanpan/DerivedData-codex-compat-takeover/ModuleCache.noindex/Session.modulevalidation -package-name kanpandata -Xcc -I/Users/mdd/zhk/kanpan/DerivedData-codex-compat-takeover/Build/Intermediates.noindex/KanpanData.build/Debug-iphonesimulator/KanpanData.build/swift-overrides.hmap -emit-const-values -Xfrontend -const-gather-protocols-file -Xfrontend /Users/mdd/zhk/kanpan/DerivedData-codex-compat-takeover/Build/Intermediates.noindex/KanpanData.build/Debug-iphonesimulator/KanpanData.build/Objects-normal/arm64/KanpanData_const_extract_protocols.json -Xcc -I/Users/mdd/zhk/kanpan/DerivedData-codex-compat-takeover/Build/Products/Debug-iphonesimulator/include -Xcc -I/Users/mdd/zhk/kanpan/DerivedData-codex-compat-takeover/Build/Intermediates.noindex/KanpanData.build/Debug-iphonesimulator/KanpanData.build/DerivedSources-normal/arm64 -Xcc -I/Users/mdd/zhk/kanpan/DerivedData-codex-compat-takeover/Build/Intermediates.noindex/KanpanData.build/Debug-iphonesimulator/KanpanData.build/DerivedSources/arm64 -Xcc -I/Users/mdd/zhk/kanpan/DerivedData-codex-compat-takeover/Build/Intermediates.noindex/KanpanData.build/Debug-iphonesimulator/KanpanData.build/DerivedSources -Xcc -DSWIFT_PACKAGE -Xcc -DDEBUG\=1 -emit-objc-header -emit-objc-header-path /Users/mdd/zhk/kanpan/DerivedData-codex-compat-takeover/Build/Intermediates.noindex/KanpanData.build/Debug-iphonesimulator/KanpanData.build/Objects-normal/arm64/KanpanData-Swift.h -working-directory /Users/mdd/zhk/kanpan -experimental-emit-module-separately -disable-cmo

SwiftMergeGeneratedHeaders /Users/mdd/zhk/kanpan/DerivedData-codex-compat-takeover/Build/Intermediates.noindex/GeneratedModuleMaps-iphonesimulator/KanpanData-Swift.h /Users/mdd/zhk/kanpan/DerivedData-codex-compat-takeover/Build/Intermediates.noindex/KanpanData.build/Debug-iphonesimulator/KanpanData.build/Objects-normal/arm64/KanpanData-Swift.h (in target 'KanpanData' from project 'KanpanData')
    cd /Users/mdd/zhk/kanpan/KanpanData
    builtin-swiftHeaderTool -arch arm64 /Users/mdd/zhk/kanpan/DerivedData-codex-compat-takeover/Build/Intermediates.noindex/KanpanData.build/Debug-iphonesimulator/KanpanData.build/Objects-normal/arm64/KanpanData-Swift.h -o /Users/mdd/zhk/kanpan/DerivedData-codex-compat-takeover/Build/Intermediates.noindex/GeneratedModuleMaps-iphonesimulator/KanpanData-Swift.h

Copy /Users/mdd/zhk/kanpan/DerivedData-codex-compat-takeover/Build/Products/Debug-iphonesimulator/KanpanData.swiftmodule/arm64-apple-ios-simulator.swiftmodule /Users/mdd/zhk/kanpan/DerivedData-codex-compat-takeover/Build/Intermediates.noindex/KanpanData.build/Debug-iphonesimulator/KanpanData.build/Objects-normal/arm64/KanpanData.swiftmodule (in target 'KanpanData' from project 'KanpanData')
    cd /Users/mdd/zhk/kanpan/KanpanData
    builtin-copy -exclude .DS_Store -exclude CVS -exclude .svn -exclude .git -exclude .hg -resolve-src-symlinks -rename /Users/mdd/zhk/kanpan/DerivedData-codex-compat-takeover/Build/Intermediates.noindex/KanpanData.build/Debug-iphonesimulator/KanpanData.build/Objects-normal/arm64/KanpanData.swiftmodule /Users/mdd/zhk/kanpan/DerivedData-codex-compat-takeover/Build/Products/Debug-iphonesimulator/KanpanData.swiftmodule/arm64-apple-ios-simulator.swiftmodule

Copy /Users/mdd/zhk/kanpan/DerivedData-codex-compat-takeover/Build/Products/Debug-iphonesimulator/KanpanData.swiftmodule/arm64-apple-ios-simulator.swiftdoc /Users/mdd/zhk/kanpan/DerivedData-codex-compat-takeover/Build/Intermediates.noindex/KanpanData.build/Debug-iphonesimulator/KanpanData.build/Objects-normal/arm64/KanpanData.swiftdoc (in target 'KanpanData' from project 'KanpanData')
    cd /Users/mdd/zhk/kanpan/KanpanData
    builtin-copy -exclude .DS_Store -exclude CVS -exclude .svn -exclude .git -exclude .hg -resolve-src-symlinks -rename /Users/mdd/zhk/kanpan/DerivedData-codex-compat-takeover/Build/Intermediates.noindex/KanpanData.build/Debug-iphonesimulator/KanpanData.build/Objects-normal/arm64/KanpanData.swiftdoc /Users/mdd/zhk/kanpan/DerivedData-codex-compat-takeover/Build/Products/Debug-iphonesimulator/KanpanData.swiftmodule/arm64-apple-ios-simulator.swiftdoc

Copy /Users/mdd/zhk/kanpan/DerivedData-codex-compat-takeover/Build/Products/Debug-iphonesimulator/KanpanData.swiftmodule/arm64-apple-ios-simulator.abi.json /Users/mdd/zhk/kanpan/DerivedData-codex-compat-takeover/Build/Intermediates.noindex/KanpanData.build/Debug-iphonesimulator/KanpanData.build/Objects-normal/arm64/KanpanData.abi.json (in target 'KanpanData' from project 'KanpanData')
    cd /Users/mdd/zhk/kanpan/KanpanData
    builtin-copy -exclude .DS_Store -exclude CVS -exclude .svn -exclude .git -exclude .hg -resolve-src-symlinks -rename /Users/mdd/zhk/kanpan/DerivedData-codex-compat-takeover/Build/Intermediates.noindex/KanpanData.build/Debug-iphonesimulator/KanpanData.build/Objects-normal/arm64/KanpanData.abi.json /Users/mdd/zhk/kanpan/DerivedData-codex-compat-takeover/Build/Products/Debug-iphonesimulator/KanpanData.swiftmodule/arm64-apple-ios-simulator.abi.json

Copy /Users/mdd/zhk/kanpan/DerivedData-codex-compat-takeover/Build/Products/Debug-iphonesimulator/KanpanData.swiftmodule/Project/arm64-apple-ios-simulator.swiftsourceinfo /Users/mdd/zhk/kanpan/DerivedData-codex-compat-takeover/Build/Intermediates.noindex/KanpanData.build/Debug-iphonesimulator/KanpanData.build/Objects-normal/arm64/KanpanData.swiftsourceinfo (in target 'KanpanData' from project 'KanpanData')
    cd /Users/mdd/zhk/kanpan/KanpanData
    builtin-copy -exclude .DS_Store -exclude CVS -exclude .svn -exclude .git -exclude .hg -resolve-src-symlinks -rename /Users/mdd/zhk/kanpan/DerivedData-codex-compat-takeover/Build/Intermediates.noindex/KanpanData.build/Debug-iphonesimulator/KanpanData.build/Objects-normal/arm64/KanpanData.swiftsourceinfo /Users/mdd/zhk/kanpan/DerivedData-codex-compat-takeover/Build/Products/Debug-iphonesimulator/KanpanData.swiftmodule/Project/arm64-apple-ios-simulator.swiftsourceinfo

SwiftExplicitDependencyGeneratePcm arm64 /Users/mdd/zhk/kanpan/DerivedData-codex-compat-takeover/ModuleCache.noindex/_Builtin_stdatomic-3QC5ZO13O9FEY51YQ80M01FPG.pcm

SwiftExplicitDependencyGeneratePcm arm64 /Users/mdd/zhk/kanpan/DerivedData-codex-compat-takeover/ModuleCache.noindex/CoreGraphics-ZXG150HR95B2UDK36VSGZCVP.pcm

SwiftExplicitDependencyGeneratePcm arm64 /Users/mdd/zhk/kanpan/DerivedData-codex-compat-takeover/ModuleCache.noindex/DeveloperToolsSupport-36W38KZI4SRR6ZGG936SGR26C.pcm

SwiftExplicitDependencyGeneratePcm arm64 /Users/mdd/zhk/kanpan/DerivedData-codex-compat-takeover/ModuleCache.noindex/OpenGLES-2F7NJ8R2RYMDUVRT2SUYPCZS9.pcm

SwiftDriverJobDiscovery normal arm64 Compiling OISource.swift, BarCache.swift (in target 'KanpanData' from project 'KanpanData')

SwiftExplicitDependencyGeneratePcm arm64 /Users/mdd/zhk/kanpan/DerivedData-codex-compat-takeover/ModuleCache.noindex/CoreText-SIK39GAQND5TF3Q8MS0P200Z.pcm

SwiftDriverJobDiscovery normal arm64 Compiling Endpoints.swift, Errors.swift (in target 'KanpanData' from project 'KanpanData')

SwiftExplicitDependencyGeneratePcm arm64 /Users/mdd/zhk/kanpan/DerivedData-codex-compat-takeover/ModuleCache.noindex/Accessibility-4901DT2TM1G09JV0RG5VT9I4Z.pcm

SwiftExplicitDependencyGeneratePcm arm64 /Users/mdd/zhk/kanpan/DerivedData-codex-compat-takeover/ModuleCache.noindex/CoreTransferable-664TV4STFSPWPGVU6BDL6ALVN.pcm

SwiftDriverJobDiscovery normal arm64 Compiling RESTClient.swift, RateLimiter.swift (in target 'KanpanData' from project 'KanpanData')

SwiftExplicitDependencyGeneratePcm arm64 /Users/mdd/zhk/kanpan/DerivedData-codex-compat-takeover/ModuleCache.noindex/ImageIO-EUBCJASO2S8PHWNFAFEDPDTDI.pcm

SwiftDriverJobDiscovery normal arm64 Compiling WSClient.swift, WSSocket.swift (in target 'KanpanData' from project 'KanpanData')

SwiftExplicitDependencyGeneratePcm arm64 /Users/mdd/zhk/kanpan/DerivedData-codex-compat-takeover/ModuleCache.noindex/_Builtin_tgmath-6OQD0X4IDUX3C3O6XZHT6IA73.pcm

SwiftExplicitDependencyGeneratePcm arm64 /Users/mdd/zhk/kanpan/DerivedData-codex-compat-takeover/ModuleCache.noindex/IOSurface-2UN85B6N4JXPT434G2HIO96AY.pcm

SwiftExplicitDependencyGeneratePcm arm64 /Users/mdd/zhk/kanpan/DerivedData-codex-compat-takeover/ModuleCache.noindex/MachO-BK463GZYV12F21SUB51YIFNXU.pcm

SwiftExplicitDependencyGeneratePcm arm64 /Users/mdd/zhk/kanpan/DerivedData-codex-compat-takeover/ModuleCache.noindex/UserNotifications-6TQEM9JGCDD93X5AWM4W7LZF8.pcm

SwiftExplicitDependencyGeneratePcm arm64 /Users/mdd/zhk/kanpan/DerivedData-codex-compat-takeover/ModuleCache.noindex/_Builtin_intrinsics-D4C9NQSMFYQHA6JS2FTAGMD2O.pcm

SwiftExplicitDependencyGeneratePcm arm64 /Users/mdd/zhk/kanpan/DerivedData-codex-compat-takeover/ModuleCache.noindex/UIUtilities-1RZVDR3FMPV6BKQ47JBJXJV0B.pcm

SwiftExplicitDependencyGeneratePcm arm64 /Users/mdd/zhk/kanpan/DerivedData-codex-compat-takeover/ModuleCache.noindex/DataDetection-6BOXRW5SVDZCP80BB6LRIG55R.pcm

SwiftExplicitDependencyGeneratePcm arm64 /Users/mdd/zhk/kanpan/DerivedData-codex-compat-takeover/ModuleCache.noindex/Metal-AUWIFBIGWY2M05OWBTZCJVTIN.pcm

SwiftDriverJobDiscovery normal arm64 Compiling OIArchive.swift, OIStore.swift (in target 'KanpanData' from project 'KanpanData')

SwiftExplicitDependencyGeneratePcm arm64 /Users/mdd/zhk/kanpan/DerivedData-codex-compat-takeover/ModuleCache.noindex/UniformTypeIdentifiers-CQLE80QJT70KAHK5AHJZXE1B9.pcm

SwiftExplicitDependencyGeneratePcm arm64 /Users/mdd/zhk/kanpan/DerivedData-codex-compat-takeover/ModuleCache.noindex/FileProvider-C3DG3MVPSYUXETP2B9SZQVAUQ.pcm

SwiftExplicitDependencyGeneratePcm arm64 /Users/mdd/zhk/kanpan/DerivedData-codex-compat-takeover/ModuleCache.noindex/os-C5374VTNPNZ5DRXFR11SL6RC5.pcm

SwiftDriverJobDiscovery normal arm64 Compiling SymbolCatalog.swift, Zip.swift (in target 'KanpanData' from project 'KanpanData')

SwiftExplicitDependencyGeneratePcm arm64 /Users/mdd/zhk/kanpan/DerivedData-codex-compat-takeover/ModuleCache.noindex/Symbols-986I59QP1QGQX0WPTCBIHQMA5.pcm

SwiftDriverJobDiscovery normal arm64 Compiling Paths.swift, Snapshot.swift (in target 'KanpanData' from project 'KanpanData')

SwiftExplicitDependencyGeneratePcm arm64 /Users/mdd/zhk/kanpan/DerivedData-codex-compat-takeover/ModuleCache.noindex/OSLog-2JRHXRR4VLBAT8TKN99JGX0LS.pcm

SwiftExplicitDependencyGeneratePcm arm64 /Users/mdd/zhk/kanpan/DerivedData-codex-compat-takeover/ModuleCache.noindex/CoreVideo-E0F5YLNA23Q1PMMC1VRGBHII.pcm

SwiftExplicitDependencyGeneratePcm arm64 /Users/mdd/zhk/kanpan/DerivedData-codex-compat-takeover/ModuleCache.noindex/simd-6Q3XVZA0DDS0678BODNMSLQ03.pcm

SwiftDriverJobDiscovery normal arm64 Compiling Backoff.swift, DTO.swift (in target 'KanpanData' from project 'KanpanData')

SwiftExplicitDependencyGeneratePcm arm64 /Users/mdd/zhk/kanpan/DerivedData-codex-compat-takeover/ModuleCache.noindex/QuartzCore-2ZK5EVFX8E0W5H9PEEW9S7XA2.pcm

SwiftExplicitDependencyGeneratePcm arm64 /Users/mdd/zhk/kanpan/DerivedData-codex-compat-takeover/ModuleCache.noindex/CoreImage-1GAB95L0DOCZKN2Y75LU3CNUX.pcm

SwiftDriverJobDiscovery normal arm64 Compiling FeedComposer.swift, MarketFeed.swift (in target 'KanpanData' from project 'KanpanData')

SwiftDriver\ Compilation KanpanData normal arm64 com.apple.xcode.tools.swift.compiler (in target 'KanpanData' from project 'KanpanData')
    cd /Users/mdd/zhk/kanpan
    builtin-Swift-Compilation -- /Applications/Xcode.app/Contents/Developer/Toolchains/XcodeDefault.xctoolchain/usr/bin/swiftc -module-name KanpanData -Onone @/Users/mdd/zhk/kanpan/DerivedData-codex-compat-takeover/Build/Intermediates.noindex/KanpanData.build/Debug-iphonesimulator/KanpanData.build/Objects-normal/arm64/KanpanData.SwiftFileList -DSWIFT_PACKAGE -DDEBUG -DSWIFT_MODULE_RESOURCE_BUNDLE_UNAVAILABLE -DXcode -plugin-path /Applications/Xcode.app/Contents/Developer/Toolchains/XcodeDefault.xctoolchain/usr/lib/swift/host/plugins/testing -enable-experimental-feature DebugDescriptionMacro -sdk /Applications/Xcode.app/Contents/Developer/Platforms/iPhoneSimulator.platform/Developer/SDKs/iPhoneSimulator26.5.sdk -target arm64-apple-ios17.0-simulator -g -module-cache-path /Users/mdd/zhk/kanpan/DerivedData-codex-compat-takeover/ModuleCache.noindex -Xfrontend -serialize-debugging-options -enable-testing -suppress-warnings -index-store-path /Users/mdd/zhk/kanpan/DerivedData-codex-compat-takeover/Index.noindex/DataStore -Xcc -D_LIBCPP_HARDENING_MODE\=_LIBCPP_HARDENING_MODE_DEBUG -swift-version 6 -I /Users/mdd/zhk/kanpan/DerivedData-codex-compat-takeover/Build/Products/Debug-iphonesimulator -Isystem /Applications/Xcode.app/Contents/Developer/Platforms/iPhoneSimulator.platform/Developer/usr/lib -F /Users/mdd/zhk/kanpan/DerivedData-codex-compat-takeover/Build/Products/Debug-iphonesimulator/PackageFrameworks -F /Users/mdd/zhk/kanpan/DerivedData-codex-compat-takeover/Build/Products/Debug-iphonesimulator -F /Applications/Xcode.app/Contents/Developer/Platforms/iPhoneSimulator.platform/Developer/Library/Frameworks -F /Applications/Xcode.app/Contents/Developer/Platforms/iPhoneSimulator.platform/Developer/SDKs/iPhoneSimulator26.5.sdk/Developer/Library/Frameworks -c -j10 -enable-batch-mode -incremental -Xcc -ivfsstatcache -Xcc /Users/mdd/zhk/kanpan/DerivedData-codex-compat-takeover/SDKStatCaches.noindex/iphonesimulator26.5-23F81a-6cfe768891a92b912361537c460fe42b.sdkstatcache -output-file-map /Users/mdd/zhk/kanpan/DerivedData-codex-compat-takeover/Build/Intermediates.noindex/KanpanData.build/Debug-iphonesimulator/KanpanData.build/Objects-normal/arm64/KanpanData-OutputFileMap.json -use-frontend-parseable-output -save-temps -no-color-diagnostics -explicit-module-build -module-cache-path /Users/mdd/zhk/kanpan/DerivedData-codex-compat-takeover/Build/Intermediates.noindex/SwiftExplicitPrecompiledModules -clang-scanner-module-cache-path /Users/mdd/zhk/kanpan/DerivedData-codex-compat-takeover/ModuleCache.noindex -sdk-module-cache-path /Users/mdd/zhk/kanpan/DerivedData-codex-compat-takeover/ModuleCache.noindex -serialize-diagnostics -emit-dependencies -emit-module -emit-module-path /Users/mdd/zhk/kanpan/DerivedData-codex-compat-takeover/Build/Intermediates.noindex/KanpanData.build/Debug-iphonesimulator/KanpanData.build/Objects-normal/arm64/KanpanData.swiftmodule -validate-clang-modules-once -clang-build-session-file /Users/mdd/zhk/kanpan/DerivedData-codex-compat-takeover/ModuleCache.noindex/Session.modulevalidation -package-name kanpandata -Xcc -I/Users/mdd/zhk/kanpan/DerivedData-codex-compat-takeover/Build/Intermediates.noindex/KanpanData.build/Debug-iphonesimulator/KanpanData.build/swift-overrides.hmap -emit-const-values -Xfrontend -const-gather-protocols-file -Xfrontend /Users/mdd/zhk/kanpan/DerivedData-codex-compat-takeover/Build/Intermediates.noindex/KanpanData.build/Debug-iphonesimulator/KanpanData.build/Objects-normal/arm64/KanpanData_const_extract_protocols.json -Xcc -I/Users/mdd/zhk/kanpan/DerivedData-codex-compat-takeover/Build/Products/Debug-iphonesimulator/include -Xcc -I/Users/mdd/zhk/kanpan/DerivedData-codex-compat-takeover/Build/Intermediates.noindex/KanpanData.build/Debug-iphonesimulator/KanpanData.build/DerivedSources-normal/arm64 -Xcc -I/Users/mdd/zhk/kanpan/DerivedData-codex-compat-takeover/Build/Intermediates.noindex/KanpanData.build/Debug-iphonesimulator/KanpanData.build/DerivedSources/arm64 -Xcc -I/Users/mdd/zhk/kanpan/DerivedData-codex-compat-takeover/Build/Intermediates.noindex/KanpanData.build/Debug-iphonesimulator/KanpanData.build/DerivedSources -Xcc -DSWIFT_PACKAGE -Xcc -DDEBUG\=1 -emit-objc-header -emit-objc-header-path /Users/mdd/zhk/kanpan/DerivedData-codex-compat-takeover/Build/Intermediates.noindex/KanpanData.build/Debug-iphonesimulator/KanpanData.build/Objects-normal/arm64/KanpanData-Swift.h -working-directory /Users/mdd/zhk/kanpan -experimental-emit-module-separately -disable-cmo

Ld /Users/mdd/zhk/kanpan/DerivedData-codex-compat-takeover/Build/Products/Debug-iphonesimulator/KanpanData.o normal (in target 'KanpanData' from project 'KanpanData')
    cd /Users/mdd/zhk/kanpan/KanpanData
    /Applications/Xcode.app/Contents/Developer/Toolchains/XcodeDefault.xctoolchain/usr/bin/clang -Xlinker -reproducible -target arm64-apple-ios17.0-simulator -r -isysroot /Applications/Xcode.app/Contents/Developer/Platforms/iPhoneSimulator.platform/Developer/SDKs/iPhoneSimulator26.5.sdk -O0 -w -F/Users/mdd/zhk/kanpan/DerivedData-codex-compat-takeover/Build/Intermediates.noindex/EagerLinkingTBDs/Debug-iphonesimulator -F/Users/mdd/zhk/kanpan/DerivedData-codex-compat-takeover/Build/Products/Debug-iphonesimulator/PackageFrameworks -F/Users/mdd/zhk/kanpan/DerivedData-codex-compat-takeover/Build/Products/Debug-iphonesimulator -iframework /Applications/Xcode.app/Contents/Developer/Platforms/iPhoneSimulator.platform/Developer/Library/Frameworks -iframework /Applications/Xcode.app/Contents/Developer/Platforms/iPhoneSimulator.platform/Developer/SDKs/iPhoneSimulator26.5.sdk/Developer/Library/Frameworks -filelist /Users/mdd/zhk/kanpan/DerivedData-codex-compat-takeover/Build/Intermediates.noindex/KanpanData.build/Debug-iphonesimulator/KanpanData.build/Objects-normal/arm64/KanpanData.LinkFileList -nostdlib -Xlinker -object_path_lto -Xlinker /Users/mdd/zhk/kanpan/DerivedData-codex-compat-takeover/Build/Intermediates.noindex/KanpanData.build/Debug-iphonesimulator/KanpanData.build/Objects-normal/arm64/KanpanData_lto.o -Xlinker -no_deduplicate -Xlinker -objc_abi_version -Xlinker 2 -Xlinker -dependency_info -Xlinker /Users/mdd/zhk/kanpan/DerivedData-codex-compat-takeover/Build/Intermediates.noindex/KanpanData.build/Debug-iphonesimulator/KanpanData.build/Objects-normal/arm64/KanpanData_dependency_info.dat -fobjc-link-runtime -L/Applications/Xcode.app/Contents/Developer/Toolchains/XcodeDefault.xctoolchain/usr/lib/swift/iphonesimulator -L/usr/lib/swift -Xlinker -add_ast_path -Xlinker /Users/mdd/zhk/kanpan/DerivedData-codex-compat-takeover/Build/Intermediates.noindex/KanpanData.build/Debug-iphonesimulator/KanpanData.build/Objects-normal/arm64/KanpanData.swiftmodule @/Users/mdd/zhk/kanpan/DerivedData-codex-compat-takeover/Build/Intermediates.noindex/KanpanData.build/Debug-iphonesimulator/KanpanData.build/Objects-normal/arm64/KanpanData-linker-args.resp -o /Users/mdd/zhk/kanpan/DerivedData-codex-compat-takeover/Build/Products/Debug-iphonesimulator/KanpanData.o

ExtractAppIntentsMetadata (in target 'KanpanData' from project 'KanpanData')
    cd /Users/mdd/zhk/kanpan/KanpanData
    /Applications/Xcode.app/Contents/Developer/Toolchains/XcodeDefault.xctoolchain/usr/bin/appintentsmetadataprocessor --toolchain-dir /Applications/Xcode.app/Contents/Developer/Toolchains/XcodeDefault.xctoolchain --module-name KanpanData --sdk-root /Applications/Xcode.app/Contents/Developer/Platforms/iPhoneSimulator.platform/Developer/SDKs/iPhoneSimulator26.5.sdk --xcode-version 17F113 --platform-family iOS --deployment-target 17.0 --bundle-identifier kanpandata.KanpanData --output /Users/mdd/zhk/kanpan/DerivedData-codex-compat-takeover/Build/Products/Debug-iphonesimulator/KanpanData.appintents --target-triple arm64-apple-ios17.0-simulator --binary-file /Users/mdd/zhk/kanpan/DerivedData-codex-compat-takeover/Build/Products/Debug-iphonesimulator/KanpanData.o --dependency-file /Users/mdd/zhk/kanpan/DerivedData-codex-compat-takeover/Build/Intermediates.noindex/KanpanData.build/Debug-iphonesimulator/KanpanData.build/Objects-normal/arm64/KanpanData_dependency_info.dat --stringsdata-file /Users/mdd/zhk/kanpan/DerivedData-codex-compat-takeover/Build/Intermediates.noindex/KanpanData.build/Debug-iphonesimulator/KanpanData.build/Objects-normal/arm64/ExtractedAppShortcutsMetadata.stringsdata --source-file-list /Users/mdd/zhk/kanpan/DerivedData-codex-compat-takeover/Build/Intermediates.noindex/KanpanData.build/Debug-iphonesimulator/KanpanData.build/Objects-normal/arm64/KanpanData.SwiftFileList --metadata-file-list /Users/mdd/zhk/kanpan/DerivedData-codex-compat-takeover/Build/Intermediates.noindex/KanpanData.build/Debug-iphonesimulator/KanpanData.build/KanpanData.DependencyMetadataFileList --static-metadata-file-list /Users/mdd/zhk/kanpan/DerivedData-codex-compat-takeover/Build/Intermediates.noindex/KanpanData.build/Debug-iphonesimulator/KanpanData.build/KanpanData.DependencyStaticMetadataFileList --swift-const-vals-list /Users/mdd/zhk/kanpan/DerivedData-codex-compat-takeover/Build/Intermediates.noindex/KanpanData.build/Debug-iphonesimulator/KanpanData.build/Objects-normal/arm64/KanpanData.SwiftConstValuesFileList --force --compile-time-extraction --deployment-aware-processing --validate-assistant-intents --no-app-shortcuts-localization
2026-09-14 23:53:27.481 appintentsmetadataprocessor[91928:31696699] Starting appintentsmetadataprocessor export
2026-09-14 23:53:27.489 appintentsmetadataprocessor[91928:31696699] Extracted no relevant App Intents symbols, skipping writing output

RegisterExecutionPolicyException /Users/mdd/zhk/kanpan/DerivedData-codex-compat-takeover/Build/Products/Debug-iphonesimulator/KanpanData.o (in target 'KanpanData' from project 'KanpanData')
    cd /Users/mdd/zhk/kanpan/KanpanData
    builtin-RegisterExecutionPolicyException /Users/mdd/zhk/kanpan/DerivedData-codex-compat-takeover/Build/Products/Debug-iphonesimulator/KanpanData.o

SwiftExplicitDependencyGeneratePcm arm64 /Users/mdd/zhk/kanpan/DerivedData-codex-compat-takeover/ModuleCache.noindex/SwiftUICore-8O3JX0FXWLIV1FY5FJTMOWULQ.pcm

SwiftExplicitDependencyGeneratePcm arm64 /Users/mdd/zhk/kanpan/DerivedData-codex-compat-takeover/ModuleCache.noindex/UIKit-3K38SXCS9JIIXIXDM6F69OVSZ.pcm

SwiftExplicitDependencyGeneratePcm arm64 /Users/mdd/zhk/kanpan/DerivedData-codex-compat-takeover/ModuleCache.noindex/Spatial-55GSY06BK4P03J96PS2I1OKE4.pcm

SwiftEmitModule normal arm64 Emitting\ module\ for\ KanpanChart (in target 'KanpanChart' from project 'KanpanChart')

EmitSwiftModule normal arm64 (in target 'KanpanChart' from project 'KanpanChart')
    cd /Users/mdd/zhk/kanpan
    

SwiftCompile normal arm64 Compiling\ ChartView.swift /Users/mdd/zhk/kanpan/KanpanChart/Sources/KanpanChart/ChartView.swift (in target 'KanpanChart' from project 'KanpanChart')
SwiftCompile normal arm64 /Users/mdd/zhk/kanpan/KanpanChart/Sources/KanpanChart/ChartView.swift (in target 'KanpanChart' from project 'KanpanChart')
    cd /Users/mdd/zhk/kanpan
    

SwiftCompile normal arm64 Compiling\ ChartView+Gesture.swift /Users/mdd/zhk/kanpan/KanpanChart/Sources/KanpanChart/ChartView+Gesture.swift (in target 'KanpanChart' from project 'KanpanChart')

SwiftCompile normal arm64 /Users/mdd/zhk/kanpan/KanpanChart/Sources/KanpanChart/ChartView+Gesture.swift (in target 'KanpanChart' from project 'KanpanChart')
    cd /Users/mdd/zhk/kanpan
    

SwiftCompile normal arm64 Compiling\ ChartState.swift /Users/mdd/zhk/kanpan/KanpanChart/Sources/KanpanChart/ChartState.swift (in target 'KanpanChart' from project 'KanpanChart')

SwiftCompile normal arm64 /Users/mdd/zhk/kanpan/KanpanChart/Sources/KanpanChart/ChartState.swift (in target 'KanpanChart' from project 'KanpanChart')
    cd /Users/mdd/zhk/kanpan
    

SwiftCompile normal arm64 Compiling\ Paint.swift /Users/mdd/zhk/kanpan/KanpanChart/Sources/KanpanChart/Paint.swift (in target 'KanpanChart' from project 'KanpanChart')

SwiftCompile normal arm64 /Users/mdd/zhk/kanpan/KanpanChart/Sources/KanpanChart/Paint.swift (in target 'KanpanChart' from project 'KanpanChart')
    cd /Users/mdd/zhk/kanpan
    

SwiftCompile normal arm64 Compiling\ ChartRenderer+Probe.swift /Users/mdd/zhk/kanpan/KanpanChart/Sources/KanpanChart/ChartRenderer+Probe.swift (in target 'KanpanChart' from project 'KanpanChart')

SwiftCompile normal arm64 /Users/mdd/zhk/kanpan/KanpanChart/Sources/KanpanChart/ChartRenderer+Probe.swift (in target 'KanpanChart' from project 'KanpanChart')
    cd /Users/mdd/zhk/kanpan
    

SwiftCompile normal arm64 Compiling\ ChartRenderer+Sub.swift /Users/mdd/zhk/kanpan/KanpanChart/Sources/KanpanChart/ChartRenderer+Sub.swift (in target 'KanpanChart' from project 'KanpanChart')

SwiftCompile normal arm64 /Users/mdd/zhk/kanpan/KanpanChart/Sources/KanpanChart/ChartRenderer+Sub.swift (in target 'KanpanChart' from project 'KanpanChart')
    cd /Users/mdd/zhk/kanpan
    

SwiftCompile normal arm64 Compiling\ ChartView+Drawing.swift /Users/mdd/zhk/kanpan/KanpanChart/Sources/KanpanChart/ChartView+Drawing.swift (in target 'KanpanChart' from project 'KanpanChart')

SwiftCompile normal arm64 /Users/mdd/zhk/kanpan/KanpanChart/Sources/KanpanChart/ChartView+Drawing.swift (in target 'KanpanChart' from project 'KanpanChart')
    cd /Users/mdd/zhk/kanpan
    

SwiftCompile normal arm64 Compiling\ ChartRenderer+Layers.swift /Users/mdd/zhk/kanpan/KanpanChart/Sources/KanpanChart/ChartRenderer+Layers.swift (in target 'KanpanChart' from project 'KanpanChart')

SwiftCompile normal arm64 /Users/mdd/zhk/kanpan/KanpanChart/Sources/KanpanChart/ChartRenderer+Layers.swift (in target 'KanpanChart' from project 'KanpanChart')
    cd /Users/mdd/zhk/kanpan
    

SwiftCompile normal arm64 Compiling\ ChartRenderer.swift /Users/mdd/zhk/kanpan/KanpanChart/Sources/KanpanChart/ChartRenderer.swift (in target 'KanpanChart' from project 'KanpanChart')

SwiftCompile normal arm64 /Users/mdd/zhk/kanpan/KanpanChart/Sources/KanpanChart/ChartRenderer.swift (in target 'KanpanChart' from project 'KanpanChart')
    cd /Users/mdd/zhk/kanpan
    

SwiftDriverJobDiscovery normal arm64 Compiling ChartState.swift (in target 'KanpanChart' from project 'KanpanChart')

SwiftDriverJobDiscovery normal arm64 Emitting module for KanpanChart (in target 'KanpanChart' from project 'KanpanChart')

SwiftDriver\ Compilation\ Requirements KanpanChart normal arm64 com.apple.xcode.tools.swift.compiler (in target 'KanpanChart' from project 'KanpanChart')
    cd /Users/mdd/zhk/kanpan
    builtin-Swift-Compilation-Requirements -- /Applications/Xcode.app/Contents/Developer/Toolchains/XcodeDefault.xctoolchain/usr/bin/swiftc -module-name KanpanChart -Onone @/Users/mdd/zhk/kanpan/DerivedData-codex-compat-takeover/Build/Intermediates.noindex/KanpanChart.build/Debug-iphonesimulator/KanpanChart.build/Objects-normal/arm64/KanpanChart.SwiftFileList -DSWIFT_PACKAGE -DDEBUG -DSWIFT_MODULE_RESOURCE_BUNDLE_UNAVAILABLE -DXcode -plugin-path /Applications/Xcode.app/Contents/Developer/Toolchains/XcodeDefault.xctoolchain/usr/lib/swift/host/plugins/testing -enable-experimental-feature DebugDescriptionMacro -sdk /Applications/Xcode.app/Contents/Developer/Platforms/iPhoneSimulator.platform/Developer/SDKs/iPhoneSimulator26.5.sdk -target arm64-apple-ios17.0-simulator -g -module-cache-path /Users/mdd/zhk/kanpan/DerivedData-codex-compat-takeover/ModuleCache.noindex -Xfrontend -serialize-debugging-options -enable-testing -suppress-warnings -index-store-path /Users/mdd/zhk/kanpan/DerivedData-codex-compat-takeover/Index.noindex/DataStore -Xcc -D_LIBCPP_HARDENING_MODE\=_LIBCPP_HARDENING_MODE_DEBUG -swift-version 6 -I /Users/mdd/zhk/kanpan/DerivedData-codex-compat-takeover/Build/Products/Debug-iphonesimulator -Isystem /Applications/Xcode.app/Contents/Developer/Platforms/iPhoneSimulator.platform/Developer/usr/lib -F /Users/mdd/zhk/kanpan/DerivedData-codex-compat-takeover/Build/Products/Debug-iphonesimulator/PackageFrameworks -F /Users/mdd/zhk/kanpan/DerivedData-codex-compat-takeover/Build/Products/Debug-iphonesimulator -F /Applications/Xcode.app/Contents/Developer/Platforms/iPhoneSimulator.platform/Developer/Library/Frameworks -F /Applications/Xcode.app/Contents/Developer/Platforms/iPhoneSimulator.platform/Developer/SDKs/iPhoneSimulator26.5.sdk/Developer/Library/Frameworks -c -j10 -enable-batch-mode -incremental -Xcc -ivfsstatcache -Xcc /Users/mdd/zhk/kanpan/DerivedData-codex-compat-takeover/SDKStatCaches.noindex/iphonesimulator26.5-23F81a-6cfe768891a92b912361537c460fe42b.sdkstatcache -output-file-map /Users/mdd/zhk/kanpan/DerivedData-codex-compat-takeover/Build/Intermediates.noindex/KanpanChart.build/Debug-iphonesimulator/KanpanChart.build/Objects-normal/arm64/KanpanChart-OutputFileMap.json -use-frontend-parseable-output -save-temps -no-color-diagnostics -explicit-module-build -module-cache-path /Users/mdd/zhk/kanpan/DerivedData-codex-compat-takeover/Build/Intermediates.noindex/SwiftExplicitPrecompiledModules -clang-scanner-module-cache-path /Users/mdd/zhk/kanpan/DerivedData-codex-compat-takeover/ModuleCache.noindex -sdk-module-cache-path /Users/mdd/zhk/kanpan/DerivedData-codex-compat-takeover/ModuleCache.noindex -serialize-diagnostics -emit-dependencies -emit-module -emit-module-path /Users/mdd/zhk/kanpan/DerivedData-codex-compat-takeover/Build/Intermediates.noindex/KanpanChart.build/Debug-iphonesimulator/KanpanChart.build/Objects-normal/arm64/KanpanChart.swiftmodule -validate-clang-modules-once -clang-build-session-file /Users/mdd/zhk/kanpan/DerivedData-codex-compat-takeover/ModuleCache.noindex/Session.modulevalidation -package-name kanpanchart -Xcc -I/Users/mdd/zhk/kanpan/DerivedData-codex-compat-takeover/Build/Intermediates.noindex/KanpanChart.build/Debug-iphonesimulator/KanpanChart.build/swift-overrides.hmap -emit-const-values -Xfrontend -const-gather-protocols-file -Xfrontend /Users/mdd/zhk/kanpan/DerivedData-codex-compat-takeover/Build/Intermediates.noindex/KanpanChart.build/Debug-iphonesimulator/KanpanChart.build/Objects-normal/arm64/KanpanChart_const_extract_protocols.json -Xcc -I/Users/mdd/zhk/kanpan/DerivedData-codex-compat-takeover/Build/Products/Debug-iphonesimulator/include -Xcc -I/Users/mdd/zhk/kanpan/DerivedData-codex-compat-takeover/Build/Intermediates.noindex/KanpanChart.build/Debug-iphonesimulator/KanpanChart.build/DerivedSources-normal/arm64 -Xcc -I/Users/mdd/zhk/kanpan/DerivedData-codex-compat-takeover/Build/Intermediates.noindex/KanpanChart.build/Debug-iphonesimulator/KanpanChart.build/DerivedSources/arm64 -Xcc -I/Users/mdd/zhk/kanpan/DerivedData-codex-compat-takeover/Build/Intermediates.noindex/KanpanChart.build/Debug-iphonesimulator/KanpanChart.build/DerivedSources -Xcc -DSWIFT_PACKAGE -Xcc -DDEBUG\=1 -emit-objc-header -emit-objc-header-path /Users/mdd/zhk/kanpan/DerivedData-codex-compat-takeover/Build/Intermediates.noindex/KanpanChart.build/Debug-iphonesimulator/KanpanChart.build/Objects-normal/arm64/KanpanChart-Swift.h -working-directory /Users/mdd/zhk/kanpan -experimental-emit-module-separately -disable-cmo

SwiftMergeGeneratedHeaders /Users/mdd/zhk/kanpan/DerivedData-codex-compat-takeover/Build/Intermediates.noindex/GeneratedModuleMaps-iphonesimulator/KanpanChart-Swift.h /Users/mdd/zhk/kanpan/DerivedData-codex-compat-takeover/Build/Intermediates.noindex/KanpanChart.build/Debug-iphonesimulator/KanpanChart.build/Objects-normal/arm64/KanpanChart-Swift.h (in target 'KanpanChart' from project 'KanpanChart')
    cd /Users/mdd/zhk/kanpan/KanpanChart
    builtin-swiftHeaderTool -arch arm64 /Users/mdd/zhk/kanpan/DerivedData-codex-compat-takeover/Build/Intermediates.noindex/KanpanChart.build/Debug-iphonesimulator/KanpanChart.build/Objects-normal/arm64/KanpanChart-Swift.h -o /Users/mdd/zhk/kanpan/DerivedData-codex-compat-takeover/Build/Intermediates.noindex/GeneratedModuleMaps-iphonesimulator/KanpanChart-Swift.h

Copy /Users/mdd/zhk/kanpan/DerivedData-codex-compat-takeover/Build/Products/Debug-iphonesimulator/KanpanChart.swiftmodule/arm64-apple-ios-simulator.swiftmodule /Users/mdd/zhk/kanpan/DerivedData-codex-compat-takeover/Build/Intermediates.noindex/KanpanChart.build/Debug-iphonesimulator/KanpanChart.build/Objects-normal/arm64/KanpanChart.swiftmodule (in target 'KanpanChart' from project 'KanpanChart')
    cd /Users/mdd/zhk/kanpan/KanpanChart
    builtin-copy -exclude .DS_Store -exclude CVS -exclude .svn -exclude .git -exclude .hg -resolve-src-symlinks -rename /Users/mdd/zhk/kanpan/DerivedData-codex-compat-takeover/Build/Intermediates.noindex/KanpanChart.build/Debug-iphonesimulator/KanpanChart.build/Objects-normal/arm64/KanpanChart.swiftmodule /Users/mdd/zhk/kanpan/DerivedData-codex-compat-takeover/Build/Products/Debug-iphonesimulator/KanpanChart.swiftmodule/arm64-apple-ios-simulator.swiftmodule

Copy /Users/mdd/zhk/kanpan/DerivedData-codex-compat-takeover/Build/Products/Debug-iphonesimulator/KanpanChart.swiftmodule/arm64-apple-ios-simulator.swiftdoc /Users/mdd/zhk/kanpan/DerivedData-codex-compat-takeover/Build/Intermediates.noindex/KanpanChart.build/Debug-iphonesimulator/KanpanChart.build/Objects-normal/arm64/KanpanChart.swiftdoc (in target 'KanpanChart' from project 'KanpanChart')
    cd /Users/mdd/zhk/kanpan/KanpanChart
    builtin-copy -exclude .DS_Store -exclude CVS -exclude .svn -exclude .git -exclude .hg -resolve-src-symlinks -rename /Users/mdd/zhk/kanpan/DerivedData-codex-compat-takeover/Build/Intermediates.noindex/KanpanChart.build/Debug-iphonesimulator/KanpanChart.build/Objects-normal/arm64/KanpanChart.swiftdoc /Users/mdd/zhk/kanpan/DerivedData-codex-compat-takeover/Build/Products/Debug-iphonesimulator/KanpanChart.swiftmodule/arm64-apple-ios-simulator.swiftdoc

Copy /Users/mdd/zhk/kanpan/DerivedData-codex-compat-takeover/Build/Products/Debug-iphonesimulator/KanpanChart.swiftmodule/arm64-apple-ios-simulator.abi.json /Users/mdd/zhk/kanpan/DerivedData-codex-compat-takeover/Build/Intermediates.noindex/KanpanChart.build/Debug-iphonesimulator/KanpanChart.build/Objects-normal/arm64/KanpanChart.abi.json (in target 'KanpanChart' from project 'KanpanChart')
    cd /Users/mdd/zhk/kanpan/KanpanChart
    builtin-copy -exclude .DS_Store -exclude CVS -exclude .svn -exclude .git -exclude .hg -resolve-src-symlinks -rename /Users/mdd/zhk/kanpan/DerivedData-codex-compat-takeover/Build/Intermediates.noindex/KanpanChart.build/Debug-iphonesimulator/KanpanChart.build/Objects-normal/arm64/KanpanChart.abi.json /Users/mdd/zhk/kanpan/DerivedData-codex-compat-takeover/Build/Products/Debug-iphonesimulator/KanpanChart.swiftmodule/arm64-apple-ios-simulator.abi.json

Copy /Users/mdd/zhk/kanpan/DerivedData-codex-compat-takeover/Build/Products/Debug-iphonesimulator/KanpanChart.swiftmodule/Project/arm64-apple-ios-simulator.swiftsourceinfo /Users/mdd/zhk/kanpan/DerivedData-codex-compat-takeover/Build/Intermediates.noindex/KanpanChart.build/Debug-iphonesimulator/KanpanChart.build/Objects-normal/arm64/KanpanChart.swiftsourceinfo (in target 'KanpanChart' from project 'KanpanChart')
    cd /Users/mdd/zhk/kanpan/KanpanChart
    builtin-copy -exclude .DS_Store -exclude CVS -exclude .svn -exclude .git -exclude .hg -resolve-src-symlinks -rename /Users/mdd/zhk/kanpan/DerivedData-codex-compat-takeover/Build/Intermediates.noindex/KanpanChart.build/Debug-iphonesimulator/KanpanChart.build/Objects-normal/arm64/KanpanChart.swiftsourceinfo /Users/mdd/zhk/kanpan/DerivedData-codex-compat-takeover/Build/Products/Debug-iphonesimulator/KanpanChart.swiftmodule/Project/arm64-apple-ios-simulator.swiftsourceinfo

ProcessProductPackaging "" /Users/mdd/zhk/kanpan/DerivedData-codex-compat-takeover/Build/Intermediates.noindex/Kanpan.build/Debug-iphonesimulator/Kanpan.build/Kanpan.app-Simulated.xcent (in target 'Kanpan' from project 'Kanpan')
    cd /Users/mdd/zhk/kanpan/Kanpan
    
    Entitlements:
    
    {
    "application-identifier" = "27Y32PT2HZ.com.mdd.kanpan";
}
    
    builtin-productPackagingUtility -entitlements -format xml -o /Users/mdd/zhk/kanpan/DerivedData-codex-compat-takeover/Build/Intermediates.noindex/Kanpan.build/Debug-iphonesimulator/Kanpan.build/Kanpan.app-Simulated.xcent

ProcessProductPackagingDER /Users/mdd/zhk/kanpan/DerivedData-codex-compat-takeover/Build/Intermediates.noindex/Kanpan.build/Debug-iphonesimulator/Kanpan.build/Kanpan.app-Simulated.xcent /Users/mdd/zhk/kanpan/DerivedData-codex-compat-takeover/Build/Intermediates.noindex/Kanpan.build/Debug-iphonesimulator/Kanpan.build/Kanpan.app-Simulated.xcent.der (in target 'Kanpan' from project 'Kanpan')
    cd /Users/mdd/zhk/kanpan/Kanpan
    /usr/bin/derq query -f xml -i /Users/mdd/zhk/kanpan/DerivedData-codex-compat-takeover/Build/Intermediates.noindex/Kanpan.build/Debug-iphonesimulator/Kanpan.build/Kanpan.app-Simulated.xcent -o /Users/mdd/zhk/kanpan/DerivedData-codex-compat-takeover/Build/Intermediates.noindex/Kanpan.build/Debug-iphonesimulator/Kanpan.build/Kanpan.app-Simulated.xcent.der --raw

MkDir /Users/mdd/zhk/kanpan/DerivedData-codex-compat-takeover/Build/Intermediates.noindex/Kanpan.build/Debug-iphonesimulator/Kanpan.build/assetcatalog_output/thinned (in target 'Kanpan' from project 'Kanpan')
    cd /Users/mdd/zhk/kanpan/Kanpan
    /bin/mkdir -p /Users/mdd/zhk/kanpan/DerivedData-codex-compat-takeover/Build/Intermediates.noindex/Kanpan.build/Debug-iphonesimulator/Kanpan.build/assetcatalog_output/thinned

MkDir /Users/mdd/zhk/kanpan/DerivedData-codex-compat-takeover/Build/Intermediates.noindex/Kanpan.build/Debug-iphonesimulator/Kanpan.build/assetcatalog_output/unthinned (in target 'Kanpan' from project 'Kanpan')
    cd /Users/mdd/zhk/kanpan/Kanpan
    /bin/mkdir -p /Users/mdd/zhk/kanpan/DerivedData-codex-compat-takeover/Build/Intermediates.noindex/Kanpan.build/Debug-iphonesimulator/Kanpan.build/assetcatalog_output/unthinned

GenerateAssetSymbols /Users/mdd/zhk/kanpan/Kanpan/Kanpan/Assets.xcassets (in target 'Kanpan' from project 'Kanpan')
    cd /Users/mdd/zhk/kanpan/Kanpan
    /Applications/Xcode.app/Contents/Developer/usr/bin/actool /Users/mdd/zhk/kanpan/Kanpan/Kanpan/Assets.xcassets --compile /Users/mdd/zhk/kanpan/DerivedData-codex-compat-takeover/Build/Products/Debug-iphonesimulator/Kanpan.app --output-format human-readable-text --notices --warnings --export-dependency-info /Users/mdd/zhk/kanpan/DerivedData-codex-compat-takeover/Build/Intermediates.noindex/Kanpan.build/Debug-iphonesimulator/Kanpan.build/assetcatalog_dependencies --output-partial-info-plist /Users/mdd/zhk/kanpan/DerivedData-codex-compat-takeover/Build/Intermediates.noindex/Kanpan.build/Debug-iphonesimulator/Kanpan.build/assetcatalog_generated_info.plist --app-icon AppIcon --accent-color AccentColor --compress-pngs --enable-on-demand-resources YES --development-region zh-Hans --target-device iphone --target-device ipad --minimum-deployment-target 17.0 --platform iphonesimulator --bundle-identifier com.mdd.kanpan --generate-swift-asset-symbol-extensions NO --generate-swift-asset-symbols /Users/mdd/zhk/kanpan/DerivedData-codex-compat-takeover/Build/Intermediates.noindex/Kanpan.build/Debug-iphonesimulator/Kanpan.build/DerivedSources/GeneratedAssetSymbols.swift --generate-objc-asset-symbols /Users/mdd/zhk/kanpan/DerivedData-codex-compat-takeover/Build/Intermediates.noindex/Kanpan.build/Debug-iphonesimulator/Kanpan.build/DerivedSources/GeneratedAssetSymbols.h --generate-asset-symbol-index /Users/mdd/zhk/kanpan/DerivedData-codex-compat-takeover/Build/Intermediates.noindex/Kanpan.build/Debug-iphonesimulator/Kanpan.build/DerivedSources/GeneratedAssetSymbols-Index.plist
/* com.apple.actool.compilation-results */
/Users/mdd/zhk/kanpan/DerivedData-codex-compat-takeover/Build/Intermediates.noindex/Kanpan.build/Debug-iphonesimulator/Kanpan.build/DerivedSources/GeneratedAssetSymbols-Index.plist
/Users/mdd/zhk/kanpan/DerivedData-codex-compat-takeover/Build/Intermediates.noindex/Kanpan.build/Debug-iphonesimulator/Kanpan.build/DerivedSources/GeneratedAssetSymbols.h
/Users/mdd/zhk/kanpan/DerivedData-codex-compat-takeover/Build/Intermediates.noindex/Kanpan.build/Debug-iphonesimulator/Kanpan.build/DerivedSources/GeneratedAssetSymbols.swift


CompileAssetCatalogVariant thinned /Users/mdd/zhk/kanpan/DerivedData-codex-compat-takeover/Build/Products/Debug-iphonesimulator/Kanpan.app /Users/mdd/zhk/kanpan/Kanpan/Kanpan/Assets.xcassets (in target 'Kanpan' from project 'Kanpan')
    cd /Users/mdd/zhk/kanpan/Kanpan
    /Applications/Xcode.app/Contents/Developer/usr/bin/actool /Users/mdd/zhk/kanpan/Kanpan/Kanpan/Assets.xcassets --compile /Users/mdd/zhk/kanpan/DerivedData-codex-compat-takeover/Build/Intermediates.noindex/Kanpan.build/Debug-iphonesimulator/Kanpan.build/assetcatalog_output/thinned --output-format human-readable-text --notices --warnings --export-dependency-info /Users/mdd/zhk/kanpan/DerivedData-codex-compat-takeover/Build/Intermediates.noindex/Kanpan.build/Debug-iphonesimulator/Kanpan.build/assetcatalog_dependencies_thinned --output-partial-info-plist /Users/mdd/zhk/kanpan/DerivedData-codex-compat-takeover/Build/Intermediates.noindex/Kanpan.build/Debug-iphonesimulator/Kanpan.build/assetcatalog_generated_info.plist_thinned --app-icon AppIcon --accent-color AccentColor --compress-pngs --enable-on-demand-resources YES --filter-for-thinning-device-configuration iPad17,4-A --filter-for-device-os-version 26.5 --development-region zh-Hans --target-device iphone --target-device ipad --minimum-deployment-target 17.0 --platform iphonesimulator
/* com.apple.actool.compilation-results */
/Users/mdd/zhk/kanpan/DerivedData-codex-compat-takeover/Build/Intermediates.noindex/Kanpan.build/Debug-iphonesimulator/Kanpan.build/assetcatalog_generated_info.plist_thinned


SwiftDriverJobDiscovery normal arm64 Compiling ChartRenderer+Probe.swift (in target 'KanpanChart' from project 'KanpanChart')

SwiftDriver Kanpan normal arm64 com.apple.xcode.tools.swift.compiler (in target 'Kanpan' from project 'Kanpan')
    cd /Users/mdd/zhk/kanpan/Kanpan
    builtin-SwiftDriver -- /Applications/Xcode.app/Contents/Developer/Toolchains/XcodeDefault.xctoolchain/usr/bin/swiftc -module-name Kanpan -Onone @/Users/mdd/zhk/kanpan/DerivedData-codex-compat-takeover/Build/Intermediates.noindex/Kanpan.build/Debug-iphonesimulator/Kanpan.build/Objects-normal/arm64/Kanpan.SwiftFileList -DDEBUG -enable-experimental-feature DebugDescriptionMacro -sdk /Applications/Xcode.app/Contents/Developer/Platforms/iPhoneSimulator.platform/Developer/SDKs/iPhoneSimulator26.5.sdk -target arm64-apple-ios17.0-simulator -g -module-cache-path /Users/mdd/zhk/kanpan/DerivedData-codex-compat-takeover/ModuleCache.noindex -Xfrontend -serialize-debugging-options -enable-testing -index-store-path /Users/mdd/zhk/kanpan/DerivedData-codex-compat-takeover/Index.noindex/DataStore -Xcc -D_LIBCPP_HARDENING_MODE\=_LIBCPP_HARDENING_MODE_DEBUG -swift-version 6 -I /Users/mdd/zhk/kanpan/DerivedData-codex-compat-takeover/Build/Products/Debug-iphonesimulator -F /Users/mdd/zhk/kanpan/DerivedData-codex-compat-takeover/Build/Products/Debug-iphonesimulator/PackageFrameworks -F /Users/mdd/zhk/kanpan/DerivedData-codex-compat-takeover/Build/Products/Debug-iphonesimulator/PackageFrameworks -F /Users/mdd/zhk/kanpan/DerivedData-codex-compat-takeover/Build/Products/Debug-iphonesimulator/PackageFrameworks -F /Users/mdd/zhk/kanpan/DerivedData-codex-compat-takeover/Build/Products/Debug-iphonesimulator -emit-localized-strings -emit-localized-strings-path /Users/mdd/zhk/kanpan/DerivedData-codex-compat-takeover/Build/Intermediates.noindex/Kanpan.build/Debug-iphonesimulator/Kanpan.build/Objects-normal/arm64 -c -j10 -enable-batch-mode -incremental -Xcc -ivfsstatcache -Xcc /Users/mdd/zhk/kanpan/DerivedData-codex-compat-takeover/SDKStatCaches.noindex/iphonesimulator26.5-23F81a-6cfe768891a92b912361537c460fe42b.sdkstatcache -output-file-map /Users/mdd/zhk/kanpan/DerivedData-codex-compat-takeover/Build/Intermediates.noindex/Kanpan.build/Debug-iphonesimulator/Kanpan.build/Objects-normal/arm64/Kanpan-OutputFileMap.json -use-frontend-parseable-output -save-temps -no-color-diagnostics -explicit-module-build -module-cache-path /Users/mdd/zhk/kanpan/DerivedData-codex-compat-takeover/Build/Intermediates.noindex/SwiftExplicitPrecompiledModules -clang-scanner-module-cache-path /Users/mdd/zhk/kanpan/DerivedData-codex-compat-takeover/ModuleCache.noindex -sdk-module-cache-path /Users/mdd/zhk/kanpan/DerivedData-codex-compat-takeover/ModuleCache.noindex -serialize-diagnostics -emit-dependencies -emit-module -emit-module-path /Users/mdd/zhk/kanpan/DerivedData-codex-compat-takeover/Build/Intermediates.noindex/Kanpan.build/Debug-iphonesimulator/Kanpan.build/Objects-normal/arm64/Kanpan.swiftmodule -validate-clang-modules-once -clang-build-session-file /Users/mdd/zhk/kanpan/DerivedData-codex-compat-takeover/ModuleCache.noindex/Session.modulevalidation -Xcc -I/Users/mdd/zhk/kanpan/DerivedData-codex-compat-takeover/Build/Intermediates.noindex/Kanpan.build/Debug-iphonesimulator/Kanpan.build/swift-overrides.hmap -emit-const-values -Xfrontend -const-gather-protocols-file -Xfrontend /Users/mdd/zhk/kanpan/DerivedData-codex-compat-takeover/Build/Intermediates.noindex/Kanpan.build/Debug-iphonesimulator/Kanpan.build/Objects-normal/arm64/Kanpan_const_extract_protocols.json -Xcc -iquote -Xcc /Users/mdd/zhk/kanpan/DerivedData-codex-compat-takeover/Build/Intermediates.noindex/Kanpan.build/Debug-iphonesimulator/Kanpan.build/Kanpan-generated-files.hmap -Xcc -I/Users/mdd/zhk/kanpan/DerivedData-codex-compat-takeover/Build/Intermediates.noindex/Kanpan.build/Debug-iphonesimulator/Kanpan.build/Kanpan-own-target-headers.hmap -Xcc -I/Users/mdd/zhk/kanpan/DerivedData-codex-compat-takeover/Build/Intermediates.noindex/Kanpan.build/Debug-iphonesimulator/Kanpan.build/Kanpan-all-non-framework-target-headers.hmap -Xcc -ivfsoverlay -Xcc /Users/mdd/zhk/kanpan/DerivedData-codex-compat-takeover/Build/Intermediates.noindex/Kanpan.build/Debug-iphonesimulator/Kanpan-88f8e4f6458ff7f878983357411ed85c-VFS-iphonesimulator/all-product-headers.yaml -Xcc -iquote -Xcc /Users/mdd/zhk/kanpan/DerivedData-codex-compat-takeover/Build/Intermediates.noindex/Kanpan.build/Debug-iphonesimulator/Kanpan.build/Kanpan-project-headers.hmap -Xcc -I/Users/mdd/zhk/kanpan/DerivedData-codex-compat-takeover/Build/Products/Debug-iphonesimulator/include -Xcc -I/Users/mdd/zhk/kanpan/DerivedData-codex-compat-takeover/Build/Intermediates.noindex/Kanpan.build/Debug-iphonesimulator/Kanpan.build/DerivedSources-normal/arm64 -Xcc -I/Users/mdd/zhk/kanpan/DerivedData-codex-compat-takeover/Build/Intermediates.noindex/Kanpan.build/Debug-iphonesimulator/Kanpan.build/DerivedSources/arm64 -Xcc -I/Users/mdd/zhk/kanpan/DerivedData-codex-compat-takeover/Build/Intermediates.noindex/Kanpan.build/Debug-iphonesimulator/Kanpan.build/DerivedSources -emit-objc-header -emit-objc-header-path /Users/mdd/zhk/kanpan/DerivedData-codex-compat-takeover/Build/Intermediates.noindex/Kanpan.build/Debug-iphonesimulator/Kanpan.build/Objects-normal/arm64/Kanpan-Swift.h -working-directory /Users/mdd/zhk/kanpan/Kanpan -experimental-emit-module-separately -disable-cmo

SwiftExplicitDependencyGeneratePcm arm64 /Users/mdd/zhk/kanpan/DerivedData-codex-compat-takeover/ModuleCache.noindex/SwiftShims-VVH5LPIT8IU2SEB8S4F50WM1.pcm

SwiftExplicitDependencyGeneratePcm arm64 /Users/mdd/zhk/kanpan/DerivedData-codex-compat-takeover/ModuleCache.noindex/_Builtin_stdarg-6U6SY9S2G484O9PHD9UP3VKM1.pcm

SwiftExplicitDependencyGeneratePcm arm64 /Users/mdd/zhk/kanpan/DerivedData-codex-compat-takeover/ModuleCache.noindex/DeveloperToolsSupport-DN35ISULHB0D6HA82YNTTQVJ4.pcm

SwiftExplicitDependencyGeneratePcm arm64 /Users/mdd/zhk/kanpan/DerivedData-codex-compat-takeover/ModuleCache.noindex/_Builtin_stddef-87ZXF7ZQZE04WIEJE6191FQZF.pcm

SwiftExplicitDependencyGeneratePcm arm64 /Users/mdd/zhk/kanpan/DerivedData-codex-compat-takeover/ModuleCache.noindex/ptrauth-B17G0O7JI9AEQA9E7PQ7FI24V.pcm

SwiftExplicitDependencyGeneratePcm arm64 /Users/mdd/zhk/kanpan/DerivedData-codex-compat-takeover/ModuleCache.noindex/_Builtin_stdbool-A6CBSZ1LGH4G003VIJJ97JM4Z.pcm

SwiftExplicitDependencyGeneratePcm arm64 /Users/mdd/zhk/kanpan/DerivedData-codex-compat-takeover/ModuleCache.noindex/ptrcheck-9N4FMCPFXIGUW7JIGR2HS2VFY.pcm

SwiftExplicitDependencyGeneratePcm arm64 /Users/mdd/zhk/kanpan/DerivedData-codex-compat-takeover/ModuleCache.noindex/_AvailabilityInternal-46C1NJDWVRPMCBV86YRMA69MP.pcm

SwiftExplicitDependencyGeneratePcm arm64 /Users/mdd/zhk/kanpan/DerivedData-codex-compat-takeover/ModuleCache.noindex/_Builtin_float-447RAQMTTP2XWMED2HYXNEQCM.pcm

SwiftExplicitDependencyGeneratePcm arm64 /Users/mdd/zhk/kanpan/DerivedData-codex-compat-takeover/ModuleCache.noindex/_SwiftConcurrencyShims-8P4NZ4GYB01ARN0O63SXCY8SK.pcm

SwiftExplicitDependencyGeneratePcm arm64 /Users/mdd/zhk/kanpan/DerivedData-codex-compat-takeover/ModuleCache.noindex/_DarwinFoundation1-8Y7DFILSWIZ4G9EEFRMJCYYOB.pcm

SwiftExplicitDependencyGeneratePcm arm64 /Users/mdd/zhk/kanpan/DerivedData-codex-compat-takeover/ModuleCache.noindex/_Builtin_limits-579KMNQZ5ZMF6BWZ2IFLDLE20.pcm

SwiftExplicitDependencyGeneratePcm arm64 /Users/mdd/zhk/kanpan/DerivedData-codex-compat-takeover/ModuleCache.noindex/_DarwinFoundation2-31XKPK3YMFRHB5AV26BFS8T1H.pcm

SwiftExplicitDependencyGeneratePcm arm64 /Users/mdd/zhk/kanpan/DerivedData-codex-compat-takeover/ModuleCache.noindex/sys_types-C858Z1TYSG20WQNGP191SIG3R.pcm

SwiftExplicitDependencyGeneratePcm arm64 /Users/mdd/zhk/kanpan/DerivedData-codex-compat-takeover/ModuleCache.noindex/_Builtin_tgmath-C4UZITSJXOYHD9MRDDY0X8EFM.pcm

SwiftExplicitDependencyGeneratePcm arm64 /Users/mdd/zhk/kanpan/DerivedData-codex-compat-takeover/ModuleCache.noindex/_Builtin_stdint-44GKX1BZE9SMVGU38DUP3JZRW.pcm

SwiftExplicitDependencyGeneratePcm arm64 /Users/mdd/zhk/kanpan/DerivedData-codex-compat-takeover/ModuleCache.noindex/_Builtin_intrinsics-82S18HKTNV9MK6FIBZGLQDRGA.pcm

SwiftExplicitDependencyGeneratePcm arm64 /Users/mdd/zhk/kanpan/DerivedData-codex-compat-takeover/ModuleCache.noindex/_Builtin_stdatomic-9HX6APL7T974DZ4EZCCI2TZO6.pcm

SwiftExplicitDependencyGeneratePcm arm64 /Users/mdd/zhk/kanpan/DerivedData-codex-compat-takeover/ModuleCache.noindex/_DarwinFoundation3-DR7ELMHEJEMW6F8O17Q1H1FCN.pcm

SwiftDriverJobDiscovery normal arm64 Compiling ChartRenderer+Layers.swift (in target 'KanpanChart' from project 'KanpanChart')

SwiftDriverJobDiscovery normal arm64 Compiling Paint.swift (in target 'KanpanChart' from project 'KanpanChart')

SwiftDriverJobDiscovery normal arm64 Compiling ChartRenderer+Sub.swift (in target 'KanpanChart' from project 'KanpanChart')

SwiftExplicitDependencyGeneratePcm arm64 /Users/mdd/zhk/kanpan/DerivedData-codex-compat-takeover/ModuleCache.noindex/_Builtin_inttypes-4PFK0QO3WN70KJBJ2YGLHTTUI.pcm

SwiftDriverJobDiscovery normal arm64 Compiling ChartView+Gesture.swift (in target 'KanpanChart' from project 'KanpanChart')

SwiftDriverJobDiscovery normal arm64 Compiling ChartRenderer.swift (in target 'KanpanChart' from project 'KanpanChart')

SwiftDriverJobDiscovery normal arm64 Compiling ChartView+Drawing.swift (in target 'KanpanChart' from project 'KanpanChart')

SwiftDriverJobDiscovery normal arm64 Compiling ChartView.swift (in target 'KanpanChart' from project 'KanpanChart')

SwiftExplicitDependencyGeneratePcm arm64 /Users/mdd/zhk/kanpan/DerivedData-codex-compat-takeover/ModuleCache.noindex/Darwin-DFUDGRKP2IF1CJX92DL4IBWSB.pcm

SwiftDriver\ Compilation KanpanChart normal arm64 com.apple.xcode.tools.swift.compiler (in target 'KanpanChart' from project 'KanpanChart')
    cd /Users/mdd/zhk/kanpan
    builtin-Swift-Compilation -- /Applications/Xcode.app/Contents/Developer/Toolchains/XcodeDefault.xctoolchain/usr/bin/swiftc -module-name KanpanChart -Onone @/Users/mdd/zhk/kanpan/DerivedData-codex-compat-takeover/Build/Intermediates.noindex/KanpanChart.build/Debug-iphonesimulator/KanpanChart.build/Objects-normal/arm64/KanpanChart.SwiftFileList -DSWIFT_PACKAGE -DDEBUG -DSWIFT_MODULE_RESOURCE_BUNDLE_UNAVAILABLE -DXcode -plugin-path /Applications/Xcode.app/Contents/Developer/Toolchains/XcodeDefault.xctoolchain/usr/lib/swift/host/plugins/testing -enable-experimental-feature DebugDescriptionMacro -sdk /Applications/Xcode.app/Contents/Developer/Platforms/iPhoneSimulator.platform/Developer/SDKs/iPhoneSimulator26.5.sdk -target arm64-apple-ios17.0-simulator -g -module-cache-path /Users/mdd/zhk/kanpan/DerivedData-codex-compat-takeover/ModuleCache.noindex -Xfrontend -serialize-debugging-options -enable-testing -suppress-warnings -index-store-path /Users/mdd/zhk/kanpan/DerivedData-codex-compat-takeover/Index.noindex/DataStore -Xcc -D_LIBCPP_HARDENING_MODE\=_LIBCPP_HARDENING_MODE_DEBUG -swift-version 6 -I /Users/mdd/zhk/kanpan/DerivedData-codex-compat-takeover/Build/Products/Debug-iphonesimulator -Isystem /Applications/Xcode.app/Contents/Developer/Platforms/iPhoneSimulator.platform/Developer/usr/lib -F /Users/mdd/zhk/kanpan/DerivedData-codex-compat-takeover/Build/Products/Debug-iphonesimulator/PackageFrameworks -F /Users/mdd/zhk/kanpan/DerivedData-codex-compat-takeover/Build/Products/Debug-iphonesimulator -F /Applications/Xcode.app/Contents/Developer/Platforms/iPhoneSimulator.platform/Developer/Library/Frameworks -F /Applications/Xcode.app/Contents/Developer/Platforms/iPhoneSimulator.platform/Developer/SDKs/iPhoneSimulator26.5.sdk/Developer/Library/Frameworks -c -j10 -enable-batch-mode -incremental -Xcc -ivfsstatcache -Xcc /Users/mdd/zhk/kanpan/DerivedData-codex-compat-takeover/SDKStatCaches.noindex/iphonesimulator26.5-23F81a-6cfe768891a92b912361537c460fe42b.sdkstatcache -output-file-map /Users/mdd/zhk/kanpan/DerivedData-codex-compat-takeover/Build/Intermediates.noindex/KanpanChart.build/Debug-iphonesimulator/KanpanChart.build/Objects-normal/arm64/KanpanChart-OutputFileMap.json -use-frontend-parseable-output -save-temps -no-color-diagnostics -explicit-module-build -module-cache-path /Users/mdd/zhk/kanpan/DerivedData-codex-compat-takeover/Build/Intermediates.noindex/SwiftExplicitPrecompiledModules -clang-scanner-module-cache-path /Users/mdd/zhk/kanpan/DerivedData-codex-compat-takeover/ModuleCache.noindex -sdk-module-cache-path /Users/mdd/zhk/kanpan/DerivedData-codex-compat-takeover/ModuleCache.noindex -serialize-diagnostics -emit-dependencies -emit-module -emit-module-path /Users/mdd/zhk/kanpan/DerivedData-codex-compat-takeover/Build/Intermediates.noindex/KanpanChart.build/Debug-iphonesimulator/KanpanChart.build/Objects-normal/arm64/KanpanChart.swiftmodule -validate-clang-modules-once -clang-build-session-file /Users/mdd/zhk/kanpan/DerivedData-codex-compat-takeover/ModuleCache.noindex/Session.modulevalidation -package-name kanpanchart -Xcc -I/Users/mdd/zhk/kanpan/DerivedData-codex-compat-takeover/Build/Intermediates.noindex/KanpanChart.build/Debug-iphonesimulator/KanpanChart.build/swift-overrides.hmap -emit-const-values -Xfrontend -const-gather-protocols-file -Xfrontend /Users/mdd/zhk/kanpan/DerivedData-codex-compat-takeover/Build/Intermediates.noindex/KanpanChart.build/Debug-iphonesimulator/KanpanChart.build/Objects-normal/arm64/KanpanChart_const_extract_protocols.json -Xcc -I/Users/mdd/zhk/kanpan/DerivedData-codex-compat-takeover/Build/Products/Debug-iphonesimulator/include -Xcc -I/Users/mdd/zhk/kanpan/DerivedData-codex-compat-takeover/Build/Intermediates.noindex/KanpanChart.build/Debug-iphonesimulator/KanpanChart.build/DerivedSources-normal/arm64 -Xcc -I/Users/mdd/zhk/kanpan/DerivedData-codex-compat-takeover/Build/Intermediates.noindex/KanpanChart.build/Debug-iphonesimulator/KanpanChart.build/DerivedSources/arm64 -Xcc -I/Users/mdd/zhk/kanpan/DerivedData-codex-compat-takeover/Build/Intermediates.noindex/KanpanChart.build/Debug-iphonesimulator/KanpanChart.build/DerivedSources -Xcc -DSWIFT_PACKAGE -Xcc -DDEBUG\=1 -emit-objc-header -emit-objc-header-path /Users/mdd/zhk/kanpan/DerivedData-codex-compat-takeover/Build/Intermediates.noindex/KanpanChart.build/Debug-iphonesimulator/KanpanChart.build/Objects-normal/arm64/KanpanChart-Swift.h -working-directory /Users/mdd/zhk/kanpan -experimental-emit-module-separately -disable-cmo

Ld /Users/mdd/zhk/kanpan/DerivedData-codex-compat-takeover/Build/Products/Debug-iphonesimulator/KanpanChart.o normal (in target 'KanpanChart' from project 'KanpanChart')
    cd /Users/mdd/zhk/kanpan/KanpanChart
    /Applications/Xcode.app/Contents/Developer/Toolchains/XcodeDefault.xctoolchain/usr/bin/clang -Xlinker -reproducible -target arm64-apple-ios17.0-simulator -r -isysroot /Applications/Xcode.app/Contents/Developer/Platforms/iPhoneSimulator.platform/Developer/SDKs/iPhoneSimulator26.5.sdk -O0 -w -F/Users/mdd/zhk/kanpan/DerivedData-codex-compat-takeover/Build/Intermediates.noindex/EagerLinkingTBDs/Debug-iphonesimulator -F/Users/mdd/zhk/kanpan/DerivedData-codex-compat-takeover/Build/Products/Debug-iphonesimulator/PackageFrameworks -F/Users/mdd/zhk/kanpan/DerivedData-codex-compat-takeover/Build/Products/Debug-iphonesimulator -iframework /Applications/Xcode.app/Contents/Developer/Platforms/iPhoneSimulator.platform/Developer/Library/Frameworks -iframework /Applications/Xcode.app/Contents/Developer/Platforms/iPhoneSimulator.platform/Developer/SDKs/iPhoneSimulator26.5.sdk/Developer/Library/Frameworks -filelist /Users/mdd/zhk/kanpan/DerivedData-codex-compat-takeover/Build/Intermediates.noindex/KanpanChart.build/Debug-iphonesimulator/KanpanChart.build/Objects-normal/arm64/KanpanChart.LinkFileList -nostdlib -Xlinker -object_path_lto -Xlinker /Users/mdd/zhk/kanpan/DerivedData-codex-compat-takeover/Build/Intermediates.noindex/KanpanChart.build/Debug-iphonesimulator/KanpanChart.build/Objects-normal/arm64/KanpanChart_lto.o -Xlinker -no_deduplicate -Xlinker -objc_abi_version -Xlinker 2 -Xlinker -dependency_info -Xlinker /Users/mdd/zhk/kanpan/DerivedData-codex-compat-takeover/Build/Intermediates.noindex/KanpanChart.build/Debug-iphonesimulator/KanpanChart.build/Objects-normal/arm64/KanpanChart_dependency_info.dat -fobjc-link-runtime -L/Applications/Xcode.app/Contents/Developer/Toolchains/XcodeDefault.xctoolchain/usr/lib/swift/iphonesimulator -L/usr/lib/swift -Xlinker -add_ast_path -Xlinker /Users/mdd/zhk/kanpan/DerivedData-codex-compat-takeover/Build/Intermediates.noindex/KanpanChart.build/Debug-iphonesimulator/KanpanChart.build/Objects-normal/arm64/KanpanChart.swiftmodule @/Users/mdd/zhk/kanpan/DerivedData-codex-compat-takeover/Build/Intermediates.noindex/KanpanChart.build/Debug-iphonesimulator/KanpanChart.build/Objects-normal/arm64/KanpanChart-linker-args.resp -o /Users/mdd/zhk/kanpan/DerivedData-codex-compat-takeover/Build/Products/Debug-iphonesimulator/KanpanChart.o

SwiftExplicitDependencyGeneratePcm arm64 /Users/mdd/zhk/kanpan/DerivedData-codex-compat-takeover/ModuleCache.noindex/simd-EN9CSQ0NKQW1D7CCFERXR1SKG.pcm

ExtractAppIntentsMetadata (in target 'KanpanChart' from project 'KanpanChart')
    cd /Users/mdd/zhk/kanpan/KanpanChart
    /Applications/Xcode.app/Contents/Developer/Toolchains/XcodeDefault.xctoolchain/usr/bin/appintentsmetadataprocessor --toolchain-dir /Applications/Xcode.app/Contents/Developer/Toolchains/XcodeDefault.xctoolchain --module-name KanpanChart --sdk-root /Applications/Xcode.app/Contents/Developer/Platforms/iPhoneSimulator.platform/Developer/SDKs/iPhoneSimulator26.5.sdk --xcode-version 17F113 --platform-family iOS --deployment-target 17.0 --bundle-identifier kanpanchart.KanpanChart --output /Users/mdd/zhk/kanpan/DerivedData-codex-compat-takeover/Build/Products/Debug-iphonesimulator/KanpanChart.appintents --target-triple arm64-apple-ios17.0-simulator --binary-file /Users/mdd/zhk/kanpan/DerivedData-codex-compat-takeover/Build/Products/Debug-iphonesimulator/KanpanChart.o --dependency-file /Users/mdd/zhk/kanpan/DerivedData-codex-compat-takeover/Build/Intermediates.noindex/KanpanChart.build/Debug-iphonesimulator/KanpanChart.build/Objects-normal/arm64/KanpanChart_dependency_info.dat --stringsdata-file /Users/mdd/zhk/kanpan/DerivedData-codex-compat-takeover/Build/Intermediates.noindex/KanpanChart.build/Debug-iphonesimulator/KanpanChart.build/Objects-normal/arm64/ExtractedAppShortcutsMetadata.stringsdata --source-file-list /Users/mdd/zhk/kanpan/DerivedData-codex-compat-takeover/Build/Intermediates.noindex/KanpanChart.build/Debug-iphonesimulator/KanpanChart.build/Objects-normal/arm64/KanpanChart.SwiftFileList --metadata-file-list /Users/mdd/zhk/kanpan/DerivedData-codex-compat-takeover/Build/Intermediates.noindex/KanpanChart.build/Debug-iphonesimulator/KanpanChart.build/KanpanChart.DependencyMetadataFileList --static-metadata-file-list /Users/mdd/zhk/kanpan/DerivedData-codex-compat-takeover/Build/Intermediates.noindex/KanpanChart.build/Debug-iphonesimulator/KanpanChart.build/KanpanChart.DependencyStaticMetadataFileList --swift-const-vals-list /Users/mdd/zhk/kanpan/DerivedData-codex-compat-takeover/Build/Intermediates.noindex/KanpanChart.build/Debug-iphonesimulator/KanpanChart.build/Objects-normal/arm64/KanpanChart.SwiftConstValuesFileList --force --compile-time-extraction --deployment-aware-processing --validate-assistant-intents --no-app-shortcuts-localization
2026-09-14 23:53:30.931 appintentsmetadataprocessor[91988:31696978] Starting appintentsmetadataprocessor export
2026-09-14 23:53:30.941 appintentsmetadataprocessor[91988:31696978] Extracted no relevant App Intents symbols, skipping writing output

RegisterExecutionPolicyException /Users/mdd/zhk/kanpan/DerivedData-codex-compat-takeover/Build/Products/Debug-iphonesimulator/KanpanChart.o (in target 'KanpanChart' from project 'KanpanChart')
    cd /Users/mdd/zhk/kanpan/KanpanChart
    builtin-RegisterExecutionPolicyException /Users/mdd/zhk/kanpan/DerivedData-codex-compat-takeover/Build/Products/Debug-iphonesimulator/KanpanChart.o

Ld /Users/mdd/zhk/kanpan/DerivedData-codex-compat-takeover/Build/Products/Debug-iphonesimulator/Kanpan.app/__preview.dylib normal (in target 'Kanpan' from project 'Kanpan')
    cd /Users/mdd/zhk/kanpan/Kanpan
    /Applications/Xcode.app/Contents/Developer/Toolchains/XcodeDefault.xctoolchain/usr/bin/clang -Xlinker -reproducible -target arm64-apple-ios17.0-simulator -dynamiclib -isysroot /Applications/Xcode.app/Contents/Developer/Platforms/iPhoneSimulator.platform/Developer/SDKs/iPhoneSimulator26.5.sdk -O0 -L/Users/mdd/zhk/kanpan/DerivedData-codex-compat-takeover/Build/Products/Debug-iphonesimulator -F/Users/mdd/zhk/kanpan/DerivedData-codex-compat-takeover/Build/Products/Debug-iphonesimulator/PackageFrameworks -F/Users/mdd/zhk/kanpan/DerivedData-codex-compat-takeover/Build/Products/Debug-iphonesimulator/PackageFrameworks -F/Users/mdd/zhk/kanpan/DerivedData-codex-compat-takeover/Build/Products/Debug-iphonesimulator/PackageFrameworks -F/Users/mdd/zhk/kanpan/DerivedData-codex-compat-takeover/Build/Products/Debug-iphonesimulator -install_name @rpath/Kanpan.debug.dylib -Xlinker -dead_strip -rdynamic -Xlinker -no_deduplicate -Xlinker -objc_abi_version -Xlinker 2 -Xlinker -dependency_info -Xlinker /Users/mdd/zhk/kanpan/DerivedData-codex-compat-takeover/Build/Intermediates.noindex/Kanpan.build/Debug-iphonesimulator/Kanpan.build/Objects-normal/arm64/Kanpan_dependency_info.dat -Xlinker -sectcreate -Xlinker __TEXT -Xlinker __entitlements -Xlinker /Users/mdd/zhk/kanpan/DerivedData-codex-compat-takeover/Build/Intermediates.noindex/Kanpan.build/Debug-iphonesimulator/Kanpan.build/Kanpan.app-Simulated.xcent -Xlinker -sectcreate -Xlinker __TEXT -Xlinker __ents_der -Xlinker /Users/mdd/zhk/kanpan/DerivedData-codex-compat-takeover/Build/Intermediates.noindex/Kanpan.build/Debug-iphonesimulator/Kanpan.build/Kanpan.app-Simulated.xcent.der -Xlinker -no_adhoc_codesign -o /Users/mdd/zhk/kanpan/DerivedData-codex-compat-takeover/Build/Products/Debug-iphonesimulator/Kanpan.app/__preview.dylib

SwiftExplicitDependencyGeneratePcm arm64 /Users/mdd/zhk/kanpan/DerivedData-codex-compat-takeover/ModuleCache.noindex/MachO-945X7KJLOGF5KLKA8ZCSOYKGR.pcm

SwiftExplicitDependencyGeneratePcm arm64 /Users/mdd/zhk/kanpan/DerivedData-codex-compat-takeover/ModuleCache.noindex/Compression-DYBAQ58FATIKVADGGB2EB106A.pcm

SwiftExplicitDependencyGeneratePcm arm64 /Users/mdd/zhk/kanpan/DerivedData-codex-compat-takeover/ModuleCache.noindex/ObjectiveC-67E6CAM6JBI65OSO9K702MFFQ.pcm

SwiftExplicitDependencyGeneratePcm arm64 /Users/mdd/zhk/kanpan/DerivedData-codex-compat-takeover/ModuleCache.noindex/os_object-41274XB44UVIRGL9TDEUBDZHR.pcm

SwiftExplicitDependencyGeneratePcm arm64 /Users/mdd/zhk/kanpan/DerivedData-codex-compat-takeover/ModuleCache.noindex/os_workgroup-9XJZGZPAPXO106MBK08AYFDG7.pcm

SwiftExplicitDependencyGeneratePcm arm64 /Users/mdd/zhk/kanpan/DerivedData-codex-compat-takeover/ModuleCache.noindex/Spatial-C19XX0LH3AMNBU92HSCK54AD7.pcm

LinkAssetCatalog /Users/mdd/zhk/kanpan/Kanpan/Kanpan/Assets.xcassets (in target 'Kanpan' from project 'Kanpan')
    cd /Users/mdd/zhk/kanpan/Kanpan
    builtin-linkAssetCatalog --thinned /Users/mdd/zhk/kanpan/DerivedData-codex-compat-takeover/Build/Intermediates.noindex/Kanpan.build/Debug-iphonesimulator/Kanpan.build/assetcatalog_output/thinned --thinned-dependencies /Users/mdd/zhk/kanpan/DerivedData-codex-compat-takeover/Build/Intermediates.noindex/Kanpan.build/Debug-iphonesimulator/Kanpan.build/assetcatalog_dependencies_thinned --thinned-info-plist-content /Users/mdd/zhk/kanpan/DerivedData-codex-compat-takeover/Build/Intermediates.noindex/Kanpan.build/Debug-iphonesimulator/Kanpan.build/assetcatalog_generated_info.plist_thinned --unthinned /Users/mdd/zhk/kanpan/DerivedData-codex-compat-takeover/Build/Intermediates.noindex/Kanpan.build/Debug-iphonesimulator/Kanpan.build/assetcatalog_output/unthinned --unthinned-dependencies /Users/mdd/zhk/kanpan/DerivedData-codex-compat-takeover/Build/Intermediates.noindex/Kanpan.build/Debug-iphonesimulator/Kanpan.build/assetcatalog_dependencies_unthinned --unthinned-info-plist-content /Users/mdd/zhk/kanpan/DerivedData-codex-compat-takeover/Build/Intermediates.noindex/Kanpan.build/Debug-iphonesimulator/Kanpan.build/assetcatalog_generated_info.plist_unthinned --output /Users/mdd/zhk/kanpan/DerivedData-codex-compat-takeover/Build/Products/Debug-iphonesimulator/Kanpan.app --plist-output /Users/mdd/zhk/kanpan/DerivedData-codex-compat-takeover/Build/Intermediates.noindex/Kanpan.build/Debug-iphonesimulator/Kanpan.build/assetcatalog_generated_info.plist

ProcessInfoPlistFile /Users/mdd/zhk/kanpan/DerivedData-codex-compat-takeover/Build/Products/Debug-iphonesimulator/Kanpan.app/Info.plist /Users/mdd/zhk/kanpan/DerivedData-codex-compat-takeover/Build/Intermediates.noindex/Kanpan.build/Debug-iphonesimulator/Kanpan.build/empty-Kanpan.plist (in target 'Kanpan' from project 'Kanpan')
    cd /Users/mdd/zhk/kanpan/Kanpan
    builtin-infoPlistUtility /Users/mdd/zhk/kanpan/DerivedData-codex-compat-takeover/Build/Intermediates.noindex/Kanpan.build/Debug-iphonesimulator/Kanpan.build/empty-Kanpan.plist -producttype com.apple.product-type.application -genpkginfo /Users/mdd/zhk/kanpan/DerivedData-codex-compat-takeover/Build/Products/Debug-iphonesimulator/Kanpan.app/PkgInfo -expandbuildsettings -format binary -platform iphonesimulator -additionalcontentfile /Users/mdd/zhk/kanpan/DerivedData-codex-compat-takeover/Build/Intermediates.noindex/Kanpan.build/Debug-iphonesimulator/Kanpan.build/assetcatalog_generated_info.plist -o /Users/mdd/zhk/kanpan/DerivedData-codex-compat-takeover/Build/Products/Debug-iphonesimulator/Kanpan.app/Info.plist

SwiftExplicitDependencyGeneratePcm arm64 /Users/mdd/zhk/kanpan/DerivedData-codex-compat-takeover/ModuleCache.noindex/Dispatch-1LORG8UMM9PEHXXJ0U0ZFS45S.pcm

SwiftExplicitDependencyGeneratePcm arm64 /Users/mdd/zhk/kanpan/DerivedData-codex-compat-takeover/ModuleCache.noindex/XPC-5YUGUNAT1HFNEXG5XVD051I0X.pcm

SwiftExplicitDependencyGeneratePcm arm64 /Users/mdd/zhk/kanpan/DerivedData-codex-compat-takeover/ModuleCache.noindex/CoreFoundation-NH4IUG72AXF2DWDUCM6VOVZQ.pcm

SwiftExplicitDependencyGeneratePcm arm64 /Users/mdd/zhk/kanpan/DerivedData-codex-compat-takeover/ModuleCache.noindex/os-EQXVWSGSOI2T6W9EEVY6G4O1E.pcm

SwiftExplicitDependencyGeneratePcm arm64 /Users/mdd/zhk/kanpan/DerivedData-codex-compat-takeover/ModuleCache.noindex/Security-6QRK73GBF2J5EIGIW3HSMPR29.pcm

SwiftExplicitDependencyGeneratePcm arm64 /Users/mdd/zhk/kanpan/DerivedData-codex-compat-takeover/ModuleCache.noindex/CoreGraphics-DWL67JKQXA1CP78R9BVYIATRP.pcm

SwiftExplicitDependencyGeneratePcm arm64 /Users/mdd/zhk/kanpan/DerivedData-codex-compat-takeover/ModuleCache.noindex/CFNetwork-EKQCX53S9P3S49D18RTZD4XM5.pcm

SwiftExplicitDependencyGeneratePcm arm64 /Users/mdd/zhk/kanpan/DerivedData-codex-compat-takeover/ModuleCache.noindex/Foundation-ZQX3L056837ELV3DE3485S3U.pcm

SwiftExplicitDependencyGeneratePcm arm64 /Users/mdd/zhk/kanpan/DerivedData-codex-compat-takeover/ModuleCache.noindex/ImageIO-Y16VZB6VBMDONANPKZGOYF5M.pcm

SwiftExplicitDependencyGeneratePcm arm64 /Users/mdd/zhk/kanpan/DerivedData-codex-compat-takeover/ModuleCache.noindex/CoreText-YWDRIERCLL3EYH0G6YW8RG13.pcm

SwiftExplicitDependencyGeneratePcm arm64 /Users/mdd/zhk/kanpan/DerivedData-codex-compat-takeover/ModuleCache.noindex/DataDetection-3YOBMV63FKSU0PKRW74DCZQZL.pcm

SwiftExplicitDependencyGeneratePcm arm64 /Users/mdd/zhk/kanpan/DerivedData-codex-compat-takeover/ModuleCache.noindex/MetricKit-17KT6Z73BCA2KAKB54JAYLJJT.pcm

SwiftExplicitDependencyGeneratePcm arm64 /Users/mdd/zhk/kanpan/DerivedData-codex-compat-takeover/ModuleCache.noindex/CoreData-39N09QXL9X9S2R4C6ZU6JLEXZ.pcm

SwiftExplicitDependencyGeneratePcm arm64 /Users/mdd/zhk/kanpan/DerivedData-codex-compat-takeover/ModuleCache.noindex/CoreTransferable-EH1CX8A74VPQ7GXHS9QTNIAPQ.pcm

SwiftExplicitDependencyGeneratePcm arm64 /Users/mdd/zhk/kanpan/DerivedData-codex-compat-takeover/ModuleCache.noindex/UserNotifications-CSYX2KO97LH9QKPQCYZ2WU1BZ.pcm

SwiftExplicitDependencyGeneratePcm arm64 /Users/mdd/zhk/kanpan/DerivedData-codex-compat-takeover/ModuleCache.noindex/Accessibility-64HWUXZ1XHL4XHJ3ZD79DCN3G.pcm

SwiftExplicitDependencyGeneratePcm arm64 /Users/mdd/zhk/kanpan/DerivedData-codex-compat-takeover/ModuleCache.noindex/OpenGLES-EIXH26CF3CTNER713TN4RDF4Y.pcm

SwiftExplicitDependencyGeneratePcm arm64 /Users/mdd/zhk/kanpan/DerivedData-codex-compat-takeover/ModuleCache.noindex/UniformTypeIdentifiers-7ZVQ148RVHWSAJL7JFFQG5NCL.pcm

SwiftExplicitDependencyGeneratePcm arm64 /Users/mdd/zhk/kanpan/DerivedData-codex-compat-takeover/ModuleCache.noindex/UIUtilities-AIRJ9FDVZMP4LA8FUCFIHT320.pcm

SwiftExplicitDependencyGeneratePcm arm64 /Users/mdd/zhk/kanpan/DerivedData-codex-compat-takeover/ModuleCache.noindex/Symbols-PR56LMBJUF2B1Y3UD6TTUKBL.pcm

SwiftExplicitDependencyGeneratePcm arm64 /Users/mdd/zhk/kanpan/DerivedData-codex-compat-takeover/ModuleCache.noindex/IOSurface-GHAURU2G34UZNUXGMI62FT3V.pcm

SwiftExplicitDependencyGeneratePcm arm64 /Users/mdd/zhk/kanpan/DerivedData-codex-compat-takeover/ModuleCache.noindex/FileProvider-5UFVYOP243WLZVW4Q2C1CZ2V0.pcm

SwiftExplicitDependencyGeneratePcm arm64 /Users/mdd/zhk/kanpan/DerivedData-codex-compat-takeover/ModuleCache.noindex/OSLog-6QI96N8NTBER445G2LZA53JER.pcm

SwiftExplicitDependencyGeneratePcm arm64 /Users/mdd/zhk/kanpan/DerivedData-codex-compat-takeover/ModuleCache.noindex/Metal-2BDLHKK2450US47YY8BF0AX2U.pcm

SwiftExplicitDependencyGeneratePcm arm64 /Users/mdd/zhk/kanpan/DerivedData-codex-compat-takeover/ModuleCache.noindex/CoreVideo-1OLWH4VJYFHP9YDN9080DDOAQ.pcm

SwiftExplicitDependencyGeneratePcm arm64 /Users/mdd/zhk/kanpan/DerivedData-codex-compat-takeover/ModuleCache.noindex/QuartzCore-ZX9ZPKNDW406GB5O3IQR57N6.pcm

SwiftExplicitDependencyGeneratePcm arm64 /Users/mdd/zhk/kanpan/DerivedData-codex-compat-takeover/ModuleCache.noindex/CoreImage-2933DWVLMV68LQ2YG5QZKTZVP.pcm

SwiftExplicitDependencyGeneratePcm arm64 /Users/mdd/zhk/kanpan/DerivedData-codex-compat-takeover/ModuleCache.noindex/SwiftUICore-D62T6P8IHH1Q7SMIDLPR0XU4.pcm

SwiftExplicitDependencyGeneratePcm arm64 /Users/mdd/zhk/kanpan/DerivedData-codex-compat-takeover/ModuleCache.noindex/UIKit-6T68F9BF2MDR34AXIA5J92GRK.pcm

SwiftExplicitDependencyGeneratePcm arm64 /Users/mdd/zhk/kanpan/DerivedData-codex-compat-takeover/ModuleCache.noindex/SwiftUI-RKP3RWM34KI1QU1SU9MEWOBP.pcm

SwiftCompile normal arm64 Compiling\ PanelChrome.swift,\ PanelPresentation.swift,\ PanelTheme.swift,\ PeriodPanel.swift,\ SettingsPanel.swift /Users/mdd/zhk/kanpan/Kanpan/Kanpan/Panels/PanelChrome.swift /Users/mdd/zhk/kanpan/Kanpan/Kanpan/Panels/PanelPresentation.swift /Users/mdd/zhk/kanpan/Kanpan/Kanpan/Panels/PanelTheme.swift /Users/mdd/zhk/kanpan/Kanpan/Kanpan/Panels/PeriodPanel.swift /Users/mdd/zhk/kanpan/Kanpan/Kanpan/Panels/SettingsPanel.swift (in target 'Kanpan' from project 'Kanpan')

SwiftCompile normal arm64 /Users/mdd/zhk/kanpan/Kanpan/Kanpan/Panels/PanelChrome.swift (in target 'Kanpan' from project 'Kanpan')
    cd /Users/mdd/zhk/kanpan/Kanpan
    

SwiftCompile normal arm64 /Users/mdd/zhk/kanpan/Kanpan/Kanpan/Panels/PanelPresentation.swift (in target 'Kanpan' from project 'Kanpan')
    cd /Users/mdd/zhk/kanpan/Kanpan
    

SwiftCompile normal arm64 /Users/mdd/zhk/kanpan/Kanpan/Kanpan/Panels/PanelTheme.swift (in target 'Kanpan' from project 'Kanpan')
    cd /Users/mdd/zhk/kanpan/Kanpan
    

SwiftCompile normal arm64 /Users/mdd/zhk/kanpan/Kanpan/Kanpan/Panels/PeriodPanel.swift (in target 'Kanpan' from project 'Kanpan')
    cd /Users/mdd/zhk/kanpan/Kanpan
    

SwiftCompile normal arm64 /Users/mdd/zhk/kanpan/Kanpan/Kanpan/Panels/SettingsPanel.swift (in target 'Kanpan' from project 'Kanpan')
    cd /Users/mdd/zhk/kanpan/Kanpan
    

SwiftEmitModule normal arm64 Emitting\ module\ for\ Kanpan (in target 'Kanpan' from project 'Kanpan')

EmitSwiftModule normal arm64 (in target 'Kanpan' from project 'Kanpan')
    cd /Users/mdd/zhk/kanpan/Kanpan
    

SwiftCompile normal arm64 Compiling\ PrefsStore.swift,\ ThemeChoice.swift,\ SymbolFixtures.swift,\ SymbolPickerModel.swift /Users/mdd/zhk/kanpan/Kanpan/Kanpan/Settings/Model/PrefsStore.swift /Users/mdd/zhk/kanpan/Kanpan/Kanpan/Settings/Model/ThemeChoice.swift /Users/mdd/zhk/kanpan/Kanpan/Kanpan/Symbols/SymbolFixtures.swift /Users/mdd/zhk/kanpan/Kanpan/Kanpan/Symbols/SymbolPickerModel.swift (in target 'Kanpan' from project 'Kanpan')

SwiftCompile normal arm64 /Users/mdd/zhk/kanpan/Kanpan/Kanpan/Settings/Model/PrefsStore.swift (in target 'Kanpan' from project 'Kanpan')
    cd /Users/mdd/zhk/kanpan/Kanpan
    

SwiftCompile normal arm64 /Users/mdd/zhk/kanpan/Kanpan/Kanpan/Settings/Model/ThemeChoice.swift (in target 'Kanpan' from project 'Kanpan')
    cd /Users/mdd/zhk/kanpan/Kanpan
    

SwiftCompile normal arm64 /Users/mdd/zhk/kanpan/Kanpan/Kanpan/Symbols/SymbolFixtures.swift (in target 'Kanpan' from project 'Kanpan')
    cd /Users/mdd/zhk/kanpan/Kanpan
    

SwiftCompile normal arm64 /Users/mdd/zhk/kanpan/Kanpan/Kanpan/Symbols/SymbolPickerModel.swift (in target 'Kanpan' from project 'Kanpan')
    cd /Users/mdd/zhk/kanpan/Kanpan
    

SwiftCompile normal arm64 Compiling\ SymbolTickerFeed.swift,\ KanpanApp.swift,\ LaunchScreen.swift,\ GeneratedAssetSymbols.swift /Users/mdd/zhk/kanpan/Kanpan/Kanpan/Symbols/SymbolTickerFeed.swift /Users/mdd/zhk/kanpan/Kanpan/Kanpan/KanpanApp.swift /Users/mdd/zhk/kanpan/Kanpan/Kanpan/LaunchScreen.swift /Users/mdd/zhk/kanpan/DerivedData-codex-compat-takeover/Build/Intermediates.noindex/Kanpan.build/Debug-iphonesimulator/Kanpan.build/DerivedSources/GeneratedAssetSymbols.swift (in target 'Kanpan' from project 'Kanpan')

SwiftCompile normal arm64 /Users/mdd/zhk/kanpan/Kanpan/Kanpan/Symbols/SymbolTickerFeed.swift (in target 'Kanpan' from project 'Kanpan')
    cd /Users/mdd/zhk/kanpan/Kanpan
    

SwiftCompile normal arm64 /Users/mdd/zhk/kanpan/Kanpan/Kanpan/KanpanApp.swift (in target 'Kanpan' from project 'Kanpan')
    cd /Users/mdd/zhk/kanpan/Kanpan
    

SwiftCompile normal arm64 /Users/mdd/zhk/kanpan/Kanpan/Kanpan/LaunchScreen.swift (in target 'Kanpan' from project 'Kanpan')
    cd /Users/mdd/zhk/kanpan/Kanpan
    

SwiftCompile normal arm64 /Users/mdd/zhk/kanpan/DerivedData-codex-compat-takeover/Build/Intermediates.noindex/Kanpan.build/Debug-iphonesimulator/Kanpan.build/DerivedSources/GeneratedAssetSymbols.swift (in target 'Kanpan' from project 'Kanpan')
    cd /Users/mdd/zhk/kanpan/Kanpan
    

SwiftCompile normal arm64 Compiling\ SymbolPickerView.swift,\ SymbolPrefs.swift,\ SymbolQuery.swift,\ SymbolSections.swift /Users/mdd/zhk/kanpan/Kanpan/Kanpan/Symbols/SymbolPickerView.swift /Users/mdd/zhk/kanpan/Kanpan/Kanpan/Symbols/SymbolPrefs.swift /Users/mdd/zhk/kanpan/Kanpan/Kanpan/Symbols/SymbolQuery.swift /Users/mdd/zhk/kanpan/Kanpan/Kanpan/Symbols/SymbolSections.swift (in target 'Kanpan' from project 'Kanpan')
SwiftCompile normal arm64 /Users/mdd/zhk/kanpan/Kanpan/Kanpan/Symbols/SymbolPickerView.swift (in target 'Kanpan' from project 'Kanpan')
    cd /Users/mdd/zhk/kanpan/Kanpan
    

SwiftCompile normal arm64 /Users/mdd/zhk/kanpan/Kanpan/Kanpan/Symbols/SymbolPrefs.swift (in target 'Kanpan' from project 'Kanpan')
    cd /Users/mdd/zhk/kanpan/Kanpan
    

SwiftCompile normal arm64 /Users/mdd/zhk/kanpan/Kanpan/Kanpan/Symbols/SymbolQuery.swift (in target 'Kanpan' from project 'Kanpan')
    cd /Users/mdd/zhk/kanpan/Kanpan
    

SwiftCompile normal arm64 /Users/mdd/zhk/kanpan/Kanpan/Kanpan/Symbols/SymbolSections.swift (in target 'Kanpan' from project 'Kanpan')
    cd /Users/mdd/zhk/kanpan/Kanpan
    

SwiftCompile normal arm64 Compiling\ ChartHost.swift,\ IntervalBar.swift,\ LandscapeChrome.swift,\ MainScreen.swift,\ MarketModel.swift /Users/mdd/zhk/kanpan/Kanpan/Kanpan/Main/ChartHost.swift /Users/mdd/zhk/kanpan/Kanpan/Kanpan/Main/IntervalBar.swift /Users/mdd/zhk/kanpan/Kanpan/Kanpan/Main/LandscapeChrome.swift /Users/mdd/zhk/kanpan/Kanpan/Kanpan/Main/MainScreen.swift /Users/mdd/zhk/kanpan/Kanpan/Kanpan/Main/MarketModel.swift (in target 'Kanpan' from project 'Kanpan')
SwiftCompile normal arm64 /Users/mdd/zhk/kanpan/Kanpan/Kanpan/Main/ChartHost.swift (in target 'Kanpan' from project 'Kanpan')
    cd /Users/mdd/zhk/kanpan/Kanpan
    

SwiftCompile normal arm64 /Users/mdd/zhk/kanpan/Kanpan/Kanpan/Main/IntervalBar.swift (in target 'Kanpan' from project 'Kanpan')
    cd /Users/mdd/zhk/kanpan/Kanpan
    

SwiftCompile normal arm64 /Users/mdd/zhk/kanpan/Kanpan/Kanpan/Main/LandscapeChrome.swift (in target 'Kanpan' from project 'Kanpan')
    cd /Users/mdd/zhk/kanpan/Kanpan
    

SwiftCompile normal arm64 /Users/mdd/zhk/kanpan/Kanpan/Kanpan/Main/MainScreen.swift (in target 'Kanpan' from project 'Kanpan')
    cd /Users/mdd/zhk/kanpan/Kanpan
    

SwiftCompile normal arm64 /Users/mdd/zhk/kanpan/Kanpan/Kanpan/Main/MarketModel.swift (in target 'Kanpan' from project 'Kanpan')
    cd /Users/mdd/zhk/kanpan/Kanpan
    

SwiftCompile normal arm64 Compiling\ OrientationBridge.swift,\ TopBar.swift,\ VectorIcon.swift,\ ChartPanel.swift,\ IndicatorPanel.swift /Users/mdd/zhk/kanpan/Kanpan/Kanpan/Main/OrientationBridge.swift /Users/mdd/zhk/kanpan/Kanpan/Kanpan/Main/TopBar.swift /Users/mdd/zhk/kanpan/Kanpan/Kanpan/Main/VectorIcon.swift /Users/mdd/zhk/kanpan/Kanpan/Kanpan/Panels/ChartPanel.swift /Users/mdd/zhk/kanpan/Kanpan/Kanpan/Panels/IndicatorPanel.swift (in target 'Kanpan' from project 'Kanpan')

SwiftCompile normal arm64 /Users/mdd/zhk/kanpan/Kanpan/Kanpan/Main/OrientationBridge.swift (in target 'Kanpan' from project 'Kanpan')
    cd /Users/mdd/zhk/kanpan/Kanpan
    

SwiftCompile normal arm64 /Users/mdd/zhk/kanpan/Kanpan/Kanpan/Main/TopBar.swift (in target 'Kanpan' from project 'Kanpan')
    cd /Users/mdd/zhk/kanpan/Kanpan
    

SwiftCompile normal arm64 /Users/mdd/zhk/kanpan/Kanpan/Kanpan/Main/VectorIcon.swift (in target 'Kanpan' from project 'Kanpan')
    cd /Users/mdd/zhk/kanpan/Kanpan
    

SwiftCompile normal arm64 /Users/mdd/zhk/kanpan/Kanpan/Kanpan/Panels/ChartPanel.swift (in target 'Kanpan' from project 'Kanpan')
    cd /Users/mdd/zhk/kanpan/Kanpan
    

SwiftCompile normal arm64 /Users/mdd/zhk/kanpan/Kanpan/Kanpan/Panels/IndicatorPanel.swift (in target 'Kanpan' from project 'Kanpan')
    cd /Users/mdd/zhk/kanpan/Kanpan
    

SwiftCompile normal arm64 Compiling\ MeasurementText.swift,\ PayloadDigest.swift,\ DrawingBar.swift,\ DrawingController.swift,\ BottomBar.swift /Users/mdd/zhk/kanpan/Kanpan/Kanpan/Diagnostics/MeasurementText.swift /Users/mdd/zhk/kanpan/Kanpan/Kanpan/Diagnostics/PayloadDigest.swift /Users/mdd/zhk/kanpan/Kanpan/Kanpan/Drawing/DrawingBar.swift /Users/mdd/zhk/kanpan/Kanpan/Kanpan/Drawing/DrawingController.swift /Users/mdd/zhk/kanpan/Kanpan/Kanpan/Main/BottomBar.swift (in target 'Kanpan' from project 'Kanpan')

SwiftCompile normal arm64 /Users/mdd/zhk/kanpan/Kanpan/Kanpan/Diagnostics/MeasurementText.swift (in target 'Kanpan' from project 'Kanpan')
    cd /Users/mdd/zhk/kanpan/Kanpan
    

SwiftCompile normal arm64 /Users/mdd/zhk/kanpan/Kanpan/Kanpan/Diagnostics/PayloadDigest.swift (in target 'Kanpan' from project 'Kanpan')
    cd /Users/mdd/zhk/kanpan/Kanpan
    

SwiftCompile normal arm64 /Users/mdd/zhk/kanpan/Kanpan/Kanpan/Drawing/DrawingBar.swift (in target 'Kanpan' from project 'Kanpan')
    cd /Users/mdd/zhk/kanpan/Kanpan
    

SwiftCompile normal arm64 /Users/mdd/zhk/kanpan/Kanpan/Kanpan/Drawing/DrawingController.swift (in target 'Kanpan' from project 'Kanpan')
    cd /Users/mdd/zhk/kanpan/Kanpan
    

SwiftCompile normal arm64 /Users/mdd/zhk/kanpan/Kanpan/Kanpan/Main/BottomBar.swift (in target 'Kanpan' from project 'Kanpan')
    cd /Users/mdd/zhk/kanpan/Kanpan
    

SwiftCompile normal arm64 Compiling\ DiagnosticsCenter.swift,\ DiagnosticsStore.swift,\ FrameProbe.swift,\ FrameReportStore.swift,\ FrameStats.swift /Users/mdd/zhk/kanpan/Kanpan/Kanpan/Diagnostics/DiagnosticsCenter.swift /Users/mdd/zhk/kanpan/Kanpan/Kanpan/Diagnostics/DiagnosticsStore.swift /Users/mdd/zhk/kanpan/Kanpan/Kanpan/Diagnostics/FrameProbe.swift /Users/mdd/zhk/kanpan/Kanpan/Kanpan/Diagnostics/FrameReportStore.swift /Users/mdd/zhk/kanpan/Kanpan/Kanpan/Diagnostics/FrameStats.swift (in target 'Kanpan' from project 'Kanpan')

SwiftCompile normal arm64 /Users/mdd/zhk/kanpan/Kanpan/Kanpan/Diagnostics/DiagnosticsCenter.swift (in target 'Kanpan' from project 'Kanpan')
    cd /Users/mdd/zhk/kanpan/Kanpan
    

SwiftCompile normal arm64 /Users/mdd/zhk/kanpan/Kanpan/Kanpan/Diagnostics/DiagnosticsStore.swift (in target 'Kanpan' from project 'Kanpan')
    cd /Users/mdd/zhk/kanpan/Kanpan
    

SwiftCompile normal arm64 /Users/mdd/zhk/kanpan/Kanpan/Kanpan/Diagnostics/FrameProbe.swift (in target 'Kanpan' from project 'Kanpan')
    cd /Users/mdd/zhk/kanpan/Kanpan
    

SwiftCompile normal arm64 /Users/mdd/zhk/kanpan/Kanpan/Kanpan/Diagnostics/FrameReportStore.swift (in target 'Kanpan' from project 'Kanpan')
    cd /Users/mdd/zhk/kanpan/Kanpan
    

SwiftCompile normal arm64 /Users/mdd/zhk/kanpan/Kanpan/Kanpan/Diagnostics/FrameStats.swift (in target 'Kanpan' from project 'Kanpan')
    cd /Users/mdd/zhk/kanpan/Kanpan
    

SwiftCompile normal arm64 Compiling\ StylePanel.swift,\ StyleThumbnail.swift,\ APIHost.swift,\ IndicatorDraft.swift /Users/mdd/zhk/kanpan/Kanpan/Kanpan/Panels/StylePanel.swift /Users/mdd/zhk/kanpan/Kanpan/Kanpan/Panels/StyleThumbnail.swift /Users/mdd/zhk/kanpan/Kanpan/Kanpan/Settings/Model/APIHost.swift /Users/mdd/zhk/kanpan/Kanpan/Kanpan/Settings/Model/IndicatorDraft.swift (in target 'Kanpan' from project 'Kanpan')

SwiftCompile normal arm64 /Users/mdd/zhk/kanpan/Kanpan/Kanpan/Panels/StylePanel.swift (in target 'Kanpan' from project 'Kanpan')
    cd /Users/mdd/zhk/kanpan/Kanpan
    

SwiftCompile normal arm64 /Users/mdd/zhk/kanpan/Kanpan/Kanpan/Panels/StyleThumbnail.swift (in target 'Kanpan' from project 'Kanpan')
    cd /Users/mdd/zhk/kanpan/Kanpan
    

SwiftCompile normal arm64 /Users/mdd/zhk/kanpan/Kanpan/Kanpan/Settings/Model/APIHost.swift (in target 'Kanpan' from project 'Kanpan')
    cd /Users/mdd/zhk/kanpan/Kanpan
    

SwiftCompile normal arm64 /Users/mdd/zhk/kanpan/Kanpan/Kanpan/Settings/Model/IndicatorDraft.swift (in target 'Kanpan' from project 'Kanpan')
    cd /Users/mdd/zhk/kanpan/Kanpan
    

SwiftCompile normal arm64 Compiling\ IndicatorParamRule.swift,\ MarketCache.swift,\ Prefs.swift,\ PrefsCodec.swift /Users/mdd/zhk/kanpan/Kanpan/Kanpan/Settings/Model/IndicatorParamRule.swift /Users/mdd/zhk/kanpan/Kanpan/Kanpan/Settings/Model/MarketCache.swift /Users/mdd/zhk/kanpan/Kanpan/Kanpan/Settings/Model/Prefs.swift /Users/mdd/zhk/kanpan/Kanpan/Kanpan/Settings/Model/PrefsCodec.swift (in target 'Kanpan' from project 'Kanpan')

SwiftCompile normal arm64 /Users/mdd/zhk/kanpan/Kanpan/Kanpan/Settings/Model/IndicatorParamRule.swift (in target 'Kanpan' from project 'Kanpan')
    cd /Users/mdd/zhk/kanpan/Kanpan
    

SwiftCompile normal arm64 /Users/mdd/zhk/kanpan/Kanpan/Kanpan/Settings/Model/MarketCache.swift (in target 'Kanpan' from project 'Kanpan')
    cd /Users/mdd/zhk/kanpan/Kanpan
    

SwiftCompile normal arm64 /Users/mdd/zhk/kanpan/Kanpan/Kanpan/Settings/Model/Prefs.swift (in target 'Kanpan' from project 'Kanpan')
    cd /Users/mdd/zhk/kanpan/Kanpan
    

SwiftCompile normal arm64 /Users/mdd/zhk/kanpan/Kanpan/Kanpan/Settings/Model/PrefsCodec.swift (in target 'Kanpan' from project 'Kanpan')
    cd /Users/mdd/zhk/kanpan/Kanpan
    

SwiftDriverJobDiscovery normal arm64 Compiling PrefsStore.swift, ThemeChoice.swift, SymbolFixtures.swift, SymbolPickerModel.swift (in target 'Kanpan' from project 'Kanpan')

SwiftDriverJobDiscovery normal arm64 Compiling IndicatorParamRule.swift, MarketCache.swift, Prefs.swift, PrefsCodec.swift (in target 'Kanpan' from project 'Kanpan')

SwiftDriverJobDiscovery normal arm64 Emitting module for Kanpan (in target 'Kanpan' from project 'Kanpan')

SwiftDriver\ Compilation\ Requirements Kanpan normal arm64 com.apple.xcode.tools.swift.compiler (in target 'Kanpan' from project 'Kanpan')
    cd /Users/mdd/zhk/kanpan/Kanpan
    builtin-Swift-Compilation-Requirements -- /Applications/Xcode.app/Contents/Developer/Toolchains/XcodeDefault.xctoolchain/usr/bin/swiftc -module-name Kanpan -Onone @/Users/mdd/zhk/kanpan/DerivedData-codex-compat-takeover/Build/Intermediates.noindex/Kanpan.build/Debug-iphonesimulator/Kanpan.build/Objects-normal/arm64/Kanpan.SwiftFileList -DDEBUG -enable-experimental-feature DebugDescriptionMacro -sdk /Applications/Xcode.app/Contents/Developer/Platforms/iPhoneSimulator.platform/Developer/SDKs/iPhoneSimulator26.5.sdk -target arm64-apple-ios17.0-simulator -g -module-cache-path /Users/mdd/zhk/kanpan/DerivedData-codex-compat-takeover/ModuleCache.noindex -Xfrontend -serialize-debugging-options -enable-testing -index-store-path /Users/mdd/zhk/kanpan/DerivedData-codex-compat-takeover/Index.noindex/DataStore -Xcc -D_LIBCPP_HARDENING_MODE\=_LIBCPP_HARDENING_MODE_DEBUG -swift-version 6 -I /Users/mdd/zhk/kanpan/DerivedData-codex-compat-takeover/Build/Products/Debug-iphonesimulator -F /Users/mdd/zhk/kanpan/DerivedData-codex-compat-takeover/Build/Products/Debug-iphonesimulator/PackageFrameworks -F /Users/mdd/zhk/kanpan/DerivedData-codex-compat-takeover/Build/Products/Debug-iphonesimulator/PackageFrameworks -F /Users/mdd/zhk/kanpan/DerivedData-codex-compat-takeover/Build/Products/Debug-iphonesimulator/PackageFrameworks -F /Users/mdd/zhk/kanpan/DerivedData-codex-compat-takeover/Build/Products/Debug-iphonesimulator -emit-localized-strings -emit-localized-strings-path /Users/mdd/zhk/kanpan/DerivedData-codex-compat-takeover/Build/Intermediates.noindex/Kanpan.build/Debug-iphonesimulator/Kanpan.build/Objects-normal/arm64 -c -j10 -enable-batch-mode -incremental -Xcc -ivfsstatcache -Xcc /Users/mdd/zhk/kanpan/DerivedData-codex-compat-takeover/SDKStatCaches.noindex/iphonesimulator26.5-23F81a-6cfe768891a92b912361537c460fe42b.sdkstatcache -output-file-map /Users/mdd/zhk/kanpan/DerivedData-codex-compat-takeover/Build/Intermediates.noindex/Kanpan.build/Debug-iphonesimulator/Kanpan.build/Objects-normal/arm64/Kanpan-OutputFileMap.json -use-frontend-parseable-output -save-temps -no-color-diagnostics -explicit-module-build -module-cache-path /Users/mdd/zhk/kanpan/DerivedData-codex-compat-takeover/Build/Intermediates.noindex/SwiftExplicitPrecompiledModules -clang-scanner-module-cache-path /Users/mdd/zhk/kanpan/DerivedData-codex-compat-takeover/ModuleCache.noindex -sdk-module-cache-path /Users/mdd/zhk/kanpan/DerivedData-codex-compat-takeover/ModuleCache.noindex -serialize-diagnostics -emit-dependencies -emit-module -emit-module-path /Users/mdd/zhk/kanpan/DerivedData-codex-compat-takeover/Build/Intermediates.noindex/Kanpan.build/Debug-iphonesimulator/Kanpan.build/Objects-normal/arm64/Kanpan.swiftmodule -validate-clang-modules-once -clang-build-session-file /Users/mdd/zhk/kanpan/DerivedData-codex-compat-takeover/ModuleCache.noindex/Session.modulevalidation -Xcc -I/Users/mdd/zhk/kanpan/DerivedData-codex-compat-takeover/Build/Intermediates.noindex/Kanpan.build/Debug-iphonesimulator/Kanpan.build/swift-overrides.hmap -emit-const-values -Xfrontend -const-gather-protocols-file -Xfrontend /Users/mdd/zhk/kanpan/DerivedData-codex-compat-takeover/Build/Intermediates.noindex/Kanpan.build/Debug-iphonesimulator/Kanpan.build/Objects-normal/arm64/Kanpan_const_extract_protocols.json -Xcc -iquote -Xcc /Users/mdd/zhk/kanpan/DerivedData-codex-compat-takeover/Build/Intermediates.noindex/Kanpan.build/Debug-iphonesimulator/Kanpan.build/Kanpan-generated-files.hmap -Xcc -I/Users/mdd/zhk/kanpan/DerivedData-codex-compat-takeover/Build/Intermediates.noindex/Kanpan.build/Debug-iphonesimulator/Kanpan.build/Kanpan-own-target-headers.hmap -Xcc -I/Users/mdd/zhk/kanpan/DerivedData-codex-compat-takeover/Build/Intermediates.noindex/Kanpan.build/Debug-iphonesimulator/Kanpan.build/Kanpan-all-non-framework-target-headers.hmap -Xcc -ivfsoverlay -Xcc /Users/mdd/zhk/kanpan/DerivedData-codex-compat-takeover/Build/Intermediates.noindex/Kanpan.build/Debug-iphonesimulator/Kanpan-88f8e4f6458ff7f878983357411ed85c-VFS-iphonesimulator/all-product-headers.yaml -Xcc -iquote -Xcc /Users/mdd/zhk/kanpan/DerivedData-codex-compat-takeover/Build/Intermediates.noindex/Kanpan.build/Debug-iphonesimulator/Kanpan.build/Kanpan-project-headers.hmap -Xcc -I/Users/mdd/zhk/kanpan/DerivedData-codex-compat-takeover/Build/Products/Debug-iphonesimulator/include -Xcc -I/Users/mdd/zhk/kanpan/DerivedData-codex-compat-takeover/Build/Intermediates.noindex/Kanpan.build/Debug-iphonesimulator/Kanpan.build/DerivedSources-normal/arm64 -Xcc -I/Users/mdd/zhk/kanpan/DerivedData-codex-compat-takeover/Build/Intermediates.noindex/Kanpan.build/Debug-iphonesimulator/Kanpan.build/DerivedSources/arm64 -Xcc -I/Users/mdd/zhk/kanpan/DerivedData-codex-compat-takeover/Build/Intermediates.noindex/Kanpan.build/Debug-iphonesimulator/Kanpan.build/DerivedSources -emit-objc-header -emit-objc-header-path /Users/mdd/zhk/kanpan/DerivedData-codex-compat-takeover/Build/Intermediates.noindex/Kanpan.build/Debug-iphonesimulator/Kanpan.build/Objects-normal/arm64/Kanpan-Swift.h -working-directory /Users/mdd/zhk/kanpan/Kanpan -experimental-emit-module-separately -disable-cmo

SwiftMergeGeneratedHeaders /Users/mdd/zhk/kanpan/DerivedData-codex-compat-takeover/Build/Intermediates.noindex/Kanpan.build/Debug-iphonesimulator/Kanpan.build/DerivedSources/Kanpan-Swift.h /Users/mdd/zhk/kanpan/DerivedData-codex-compat-takeover/Build/Intermediates.noindex/Kanpan.build/Debug-iphonesimulator/Kanpan.build/Objects-normal/arm64/Kanpan-Swift.h (in target 'Kanpan' from project 'Kanpan')
    cd /Users/mdd/zhk/kanpan/Kanpan
    builtin-swiftHeaderTool -arch arm64 /Users/mdd/zhk/kanpan/DerivedData-codex-compat-takeover/Build/Intermediates.noindex/Kanpan.build/Debug-iphonesimulator/Kanpan.build/Objects-normal/arm64/Kanpan-Swift.h -o /Users/mdd/zhk/kanpan/DerivedData-codex-compat-takeover/Build/Intermediates.noindex/Kanpan.build/Debug-iphonesimulator/Kanpan.build/DerivedSources/Kanpan-Swift.h

Copy /Users/mdd/zhk/kanpan/DerivedData-codex-compat-takeover/Build/Products/Debug-iphonesimulator/Kanpan.swiftmodule/arm64-apple-ios-simulator.swiftmodule /Users/mdd/zhk/kanpan/DerivedData-codex-compat-takeover/Build/Intermediates.noindex/Kanpan.build/Debug-iphonesimulator/Kanpan.build/Objects-normal/arm64/Kanpan.swiftmodule (in target 'Kanpan' from project 'Kanpan')
    cd /Users/mdd/zhk/kanpan/Kanpan
    builtin-copy -exclude .DS_Store -exclude CVS -exclude .svn -exclude .git -exclude .hg -strip-unsigned-binaries -strip-deterministic -strip-tool /Applications/Xcode.app/Contents/Developer/Toolchains/XcodeDefault.xctoolchain/usr/bin/strip -resolve-src-symlinks -rename /Users/mdd/zhk/kanpan/DerivedData-codex-compat-takeover/Build/Intermediates.noindex/Kanpan.build/Debug-iphonesimulator/Kanpan.build/Objects-normal/arm64/Kanpan.swiftmodule /Users/mdd/zhk/kanpan/DerivedData-codex-compat-takeover/Build/Products/Debug-iphonesimulator/Kanpan.swiftmodule/arm64-apple-ios-simulator.swiftmodule

Copy /Users/mdd/zhk/kanpan/DerivedData-codex-compat-takeover/Build/Products/Debug-iphonesimulator/Kanpan.swiftmodule/arm64-apple-ios-simulator.swiftdoc /Users/mdd/zhk/kanpan/DerivedData-codex-compat-takeover/Build/Intermediates.noindex/Kanpan.build/Debug-iphonesimulator/Kanpan.build/Objects-normal/arm64/Kanpan.swiftdoc (in target 'Kanpan' from project 'Kanpan')
    cd /Users/mdd/zhk/kanpan/Kanpan
    builtin-copy -exclude .DS_Store -exclude CVS -exclude .svn -exclude .git -exclude .hg -strip-unsigned-binaries -strip-deterministic -strip-tool /Applications/Xcode.app/Contents/Developer/Toolchains/XcodeDefault.xctoolchain/usr/bin/strip -resolve-src-symlinks -rename /Users/mdd/zhk/kanpan/DerivedData-codex-compat-takeover/Build/Intermediates.noindex/Kanpan.build/Debug-iphonesimulator/Kanpan.build/Objects-normal/arm64/Kanpan.swiftdoc /Users/mdd/zhk/kanpan/DerivedData-codex-compat-takeover/Build/Products/Debug-iphonesimulator/Kanpan.swiftmodule/arm64-apple-ios-simulator.swiftdoc

Copy /Users/mdd/zhk/kanpan/DerivedData-codex-compat-takeover/Build/Products/Debug-iphonesimulator/Kanpan.swiftmodule/arm64-apple-ios-simulator.abi.json /Users/mdd/zhk/kanpan/DerivedData-codex-compat-takeover/Build/Intermediates.noindex/Kanpan.build/Debug-iphonesimulator/Kanpan.build/Objects-normal/arm64/Kanpan.abi.json (in target 'Kanpan' from project 'Kanpan')
    cd /Users/mdd/zhk/kanpan/Kanpan
    builtin-copy -exclude .DS_Store -exclude CVS -exclude .svn -exclude .git -exclude .hg -strip-unsigned-binaries -strip-deterministic -strip-tool /Applications/Xcode.app/Contents/Developer/Toolchains/XcodeDefault.xctoolchain/usr/bin/strip -resolve-src-symlinks -rename /Users/mdd/zhk/kanpan/DerivedData-codex-compat-takeover/Build/Intermediates.noindex/Kanpan.build/Debug-iphonesimulator/Kanpan.build/Objects-normal/arm64/Kanpan.abi.json /Users/mdd/zhk/kanpan/DerivedData-codex-compat-takeover/Build/Products/Debug-iphonesimulator/Kanpan.swiftmodule/arm64-apple-ios-simulator.abi.json

Copy /Users/mdd/zhk/kanpan/DerivedData-codex-compat-takeover/Build/Products/Debug-iphonesimulator/Kanpan.swiftmodule/Project/arm64-apple-ios-simulator.swiftsourceinfo /Users/mdd/zhk/kanpan/DerivedData-codex-compat-takeover/Build/Intermediates.noindex/Kanpan.build/Debug-iphonesimulator/Kanpan.build/Objects-normal/arm64/Kanpan.swiftsourceinfo (in target 'Kanpan' from project 'Kanpan')
    cd /Users/mdd/zhk/kanpan/Kanpan
    builtin-copy -exclude .DS_Store -exclude CVS -exclude .svn -exclude .git -exclude .hg -strip-unsigned-binaries -strip-deterministic -strip-tool /Applications/Xcode.app/Contents/Developer/Toolchains/XcodeDefault.xctoolchain/usr/bin/strip -resolve-src-symlinks -rename /Users/mdd/zhk/kanpan/DerivedData-codex-compat-takeover/Build/Intermediates.noindex/Kanpan.build/Debug-iphonesimulator/Kanpan.build/Objects-normal/arm64/Kanpan.swiftsourceinfo /Users/mdd/zhk/kanpan/DerivedData-codex-compat-takeover/Build/Products/Debug-iphonesimulator/Kanpan.swiftmodule/Project/arm64-apple-ios-simulator.swiftsourceinfo

ProcessProductPackaging "" /Users/mdd/zhk/kanpan/DerivedData-codex-compat-takeover/Build/Intermediates.noindex/Kanpan.build/Debug-iphonesimulator/KanpanUITests.build/KanpanUITests.xctest-Simulated.xcent (in target 'KanpanUITests' from project 'Kanpan')
    cd /Users/mdd/zhk/kanpan/Kanpan
    
    Entitlements:
    
    {
    "application-identifier" = "27Y32PT2HZ.com.mdd.kanpan.uitests.xctrunner";
    "keychain-access-groups" =     (
        "27Y32PT2HZ.com.mdd.kanpan.uitests.xctrunner"
    );
}
    
    builtin-productPackagingUtility -entitlements -format xml -o /Users/mdd/zhk/kanpan/DerivedData-codex-compat-takeover/Build/Intermediates.noindex/Kanpan.build/Debug-iphonesimulator/KanpanUITests.build/KanpanUITests.xctest-Simulated.xcent

ProcessProductPackagingDER /Users/mdd/zhk/kanpan/DerivedData-codex-compat-takeover/Build/Intermediates.noindex/Kanpan.build/Debug-iphonesimulator/KanpanUITests.build/KanpanUITests.xctest-Simulated.xcent /Users/mdd/zhk/kanpan/DerivedData-codex-compat-takeover/Build/Intermediates.noindex/Kanpan.build/Debug-iphonesimulator/KanpanUITests.build/KanpanUITests.xctest-Simulated.xcent.der (in target 'KanpanUITests' from project 'Kanpan')
    cd /Users/mdd/zhk/kanpan/Kanpan
    /usr/bin/derq query -f xml -i /Users/mdd/zhk/kanpan/DerivedData-codex-compat-takeover/Build/Intermediates.noindex/Kanpan.build/Debug-iphonesimulator/KanpanUITests.build/KanpanUITests.xctest-Simulated.xcent -o /Users/mdd/zhk/kanpan/DerivedData-codex-compat-takeover/Build/Intermediates.noindex/Kanpan.build/Debug-iphonesimulator/KanpanUITests.build/KanpanUITests.xctest-Simulated.xcent.der --raw

SwiftDriverJobDiscovery normal arm64 Compiling DiagnosticsCenter.swift, DiagnosticsStore.swift, FrameProbe.swift, FrameReportStore.swift, FrameStats.swift (in target 'Kanpan' from project 'Kanpan')

SwiftDriver KanpanUITests normal arm64 com.apple.xcode.tools.swift.compiler (in target 'KanpanUITests' from project 'Kanpan')
    cd /Users/mdd/zhk/kanpan/Kanpan
    builtin-SwiftDriver -- /Applications/Xcode.app/Contents/Developer/Toolchains/XcodeDefault.xctoolchain/usr/bin/swiftc -module-name KanpanUITests -Onone @/Users/mdd/zhk/kanpan/DerivedData-codex-compat-takeover/Build/Intermediates.noindex/Kanpan.build/Debug-iphonesimulator/KanpanUITests.build/Objects-normal/arm64/KanpanUITests.SwiftFileList -DDEBUG -module-alias Testing\=_Testing_Unavailable -plugin-path /Applications/Xcode.app/Contents/Developer/Toolchains/XcodeDefault.xctoolchain/usr/lib/swift/host/plugins/testing -enable-experimental-feature DebugDescriptionMacro -sdk /Applications/Xcode.app/Contents/Developer/Platforms/iPhoneSimulator.platform/Developer/SDKs/iPhoneSimulator26.5.sdk -target arm64-apple-ios17.0-simulator -g -module-cache-path /Users/mdd/zhk/kanpan/DerivedData-codex-compat-takeover/ModuleCache.noindex -Xfrontend -serialize-debugging-options -enable-testing -index-store-path /Users/mdd/zhk/kanpan/DerivedData-codex-compat-takeover/Index.noindex/DataStore -Xcc -D_LIBCPP_HARDENING_MODE\=_LIBCPP_HARDENING_MODE_DEBUG -swift-version 6 -I /Users/mdd/zhk/kanpan/DerivedData-codex-compat-takeover/Build/Products/Debug-iphonesimulator -Isystem /Applications/Xcode.app/Contents/Developer/Platforms/iPhoneSimulator.platform/Developer/usr/lib -F /Users/mdd/zhk/kanpan/DerivedData-codex-compat-takeover/Build/Products/Debug-iphonesimulator -F /Applications/Xcode.app/Contents/Developer/Platforms/iPhoneSimulator.platform/Developer/Library/Frameworks -F /Applications/Xcode.app/Contents/Developer/Platforms/iPhoneSimulator.platform/Developer/SDKs/iPhoneSimulator26.5.sdk/Developer/Library/Frameworks -c -j10 -enable-batch-mode -incremental -Xcc -ivfsstatcache -Xcc /Users/mdd/zhk/kanpan/DerivedData-codex-compat-takeover/SDKStatCaches.noindex/iphonesimulator26.5-23F81a-6cfe768891a92b912361537c460fe42b.sdkstatcache -output-file-map /Users/mdd/zhk/kanpan/DerivedData-codex-compat-takeover/Build/Intermediates.noindex/Kanpan.build/Debug-iphonesimulator/KanpanUITests.build/Objects-normal/arm64/KanpanUITests-OutputFileMap.json -use-frontend-parseable-output -save-temps -no-color-diagnostics -explicit-module-build -module-cache-path /Users/mdd/zhk/kanpan/DerivedData-codex-compat-takeover/Build/Intermediates.noindex/SwiftExplicitPrecompiledModules -clang-scanner-module-cache-path /Users/mdd/zhk/kanpan/DerivedData-codex-compat-takeover/ModuleCache.noindex -sdk-module-cache-path /Users/mdd/zhk/kanpan/DerivedData-codex-compat-takeover/ModuleCache.noindex -serialize-diagnostics -emit-dependencies -emit-module -emit-module-path /Users/mdd/zhk/kanpan/DerivedData-codex-compat-takeover/Build/Intermediates.noindex/Kanpan.build/Debug-iphonesimulator/KanpanUITests.build/Objects-normal/arm64/KanpanUITests.swiftmodule -validate-clang-modules-once -clang-build-session-file /Users/mdd/zhk/kanpan/DerivedData-codex-compat-takeover/ModuleCache.noindex/Session.modulevalidation -Xcc -I/Users/mdd/zhk/kanpan/DerivedData-codex-compat-takeover/Build/Intermediates.noindex/Kanpan.build/Debug-iphonesimulator/KanpanUITests.build/swift-overrides.hmap -emit-const-values -Xfrontend -const-gather-protocols-file -Xfrontend /Users/mdd/zhk/kanpan/DerivedData-codex-compat-takeover/Build/Intermediates.noindex/Kanpan.build/Debug-iphonesimulator/KanpanUITests.build/Objects-normal/arm64/KanpanUITests_const_extract_protocols.json -Xcc -iquote -Xcc /Users/mdd/zhk/kanpan/DerivedData-codex-compat-takeover/Build/Intermediates.noindex/Kanpan.build/Debug-iphonesimulator/KanpanUITests.build/KanpanUITests-generated-files.hmap -Xcc -I/Users/mdd/zhk/kanpan/DerivedData-codex-compat-takeover/Build/Intermediates.noindex/Kanpan.build/Debug-iphonesimulator/KanpanUITests.build/KanpanUITests-own-target-headers.hmap -Xcc -I/Users/mdd/zhk/kanpan/DerivedData-codex-compat-takeover/Build/Intermediates.noindex/Kanpan.build/Debug-iphonesimulator/KanpanUITests.build/KanpanUITests-all-non-framework-target-headers.hmap -Xcc -ivfsoverlay -Xcc /Users/mdd/zhk/kanpan/DerivedData-codex-compat-takeover/Build/Intermediates.noindex/Kanpan.build/Debug-iphonesimulator/Kanpan-88f8e4f6458ff7f878983357411ed85c-VFS-iphonesimulator/all-product-headers.yaml -Xcc -iquote -Xcc /Users/mdd/zhk/kanpan/DerivedData-codex-compat-takeover/Build/Intermediates.noindex/Kanpan.build/Debug-iphonesimulator/KanpanUITests.build/KanpanUITests-project-headers.hmap -Xcc -I/Users/mdd/zhk/kanpan/DerivedData-codex-compat-takeover/Build/Products/Debug-iphonesimulator/include -Xcc -I/Users/mdd/zhk/kanpan/DerivedData-codex-compat-takeover/Build/Intermediates.noindex/Kanpan.build/Debug-iphonesimulator/KanpanUITests.build/DerivedSources-normal/arm64 -Xcc -I/Users/mdd/zhk/kanpan/DerivedData-codex-compat-takeover/Build/Intermediates.noindex/Kanpan.build/Debug-iphonesimulator/KanpanUITests.build/DerivedSources/arm64 -Xcc -I/Users/mdd/zhk/kanpan/DerivedData-codex-compat-takeover/Build/Intermediates.noindex/Kanpan.build/Debug-iphonesimulator/KanpanUITests.build/DerivedSources -emit-objc-header -emit-objc-header-path /Users/mdd/zhk/kanpan/DerivedData-codex-compat-takeover/Build/Intermediates.noindex/Kanpan.build/Debug-iphonesimulator/KanpanUITests.build/Objects-normal/arm64/KanpanUITests-Swift.h -working-directory /Users/mdd/zhk/kanpan/Kanpan -experimental-emit-module-separately -disable-cmo

SwiftDriverJobDiscovery normal arm64 Compiling SymbolTickerFeed.swift, KanpanApp.swift, LaunchScreen.swift, GeneratedAssetSymbols.swift (in target 'Kanpan' from project 'Kanpan')

SwiftDriverJobDiscovery normal arm64 Compiling StylePanel.swift, StyleThumbnail.swift, APIHost.swift, IndicatorDraft.swift (in target 'Kanpan' from project 'Kanpan')

SwiftDriverJobDiscovery normal arm64 Compiling MeasurementText.swift, PayloadDigest.swift, DrawingBar.swift, DrawingController.swift, BottomBar.swift (in target 'Kanpan' from project 'Kanpan')

SwiftDriverJobDiscovery normal arm64 Compiling PanelChrome.swift, PanelPresentation.swift, PanelTheme.swift, PeriodPanel.swift, SettingsPanel.swift (in target 'Kanpan' from project 'Kanpan')

SwiftExplicitDependencyGeneratePcm arm64 /Users/mdd/zhk/kanpan/DerivedData-codex-compat-takeover/Build/Intermediates.noindex/SwiftExplicitPrecompiledModules/XCUIAutomation-29NC0TJGHXWPXO8XHHJ899RJK.pcm

SwiftExplicitDependencyCompileModuleFromInterface arm64 /Users/mdd/zhk/kanpan/DerivedData-codex-compat-takeover/Build/Intermediates.noindex/SwiftExplicitPrecompiledModules/XCUIAutomation-2EYPUVBTRTRUC.swiftmodule

SwiftExplicitDependencyGeneratePcm arm64 /Users/mdd/zhk/kanpan/DerivedData-codex-compat-takeover/Build/Intermediates.noindex/SwiftExplicitPrecompiledModules/XCTest-BQT2V4Z4JBKACYPM3C84VX1Z7.pcm

SwiftDriverJobDiscovery normal arm64 Compiling OrientationBridge.swift, TopBar.swift, VectorIcon.swift, ChartPanel.swift, IndicatorPanel.swift (in target 'Kanpan' from project 'Kanpan')

SwiftExplicitDependencyCompileModuleFromInterface arm64 /Users/mdd/zhk/kanpan/DerivedData-codex-compat-takeover/Build/Intermediates.noindex/SwiftExplicitPrecompiledModules/XCTest-1V7Z7H4REUBSG.swiftmodule

SwiftDriverJobDiscovery normal arm64 Compiling SymbolPickerView.swift, SymbolPrefs.swift, SymbolQuery.swift, SymbolSections.swift (in target 'Kanpan' from project 'Kanpan')

SwiftCompile normal arm64 Compiling\ MainScreenUITests.swift /Users/mdd/zhk/kanpan/Kanpan/KanpanUITests/MainScreenUITests.swift (in target 'KanpanUITests' from project 'Kanpan')
SwiftCompile normal arm64 /Users/mdd/zhk/kanpan/Kanpan/KanpanUITests/MainScreenUITests.swift (in target 'KanpanUITests' from project 'Kanpan')
    cd /Users/mdd/zhk/kanpan/Kanpan
    

SwiftCompile normal arm64 Compiling\ UITestSupport.swift /Users/mdd/zhk/kanpan/Kanpan/KanpanUITests/UITestSupport.swift (in target 'KanpanUITests' from project 'Kanpan')
SwiftCompile normal arm64 /Users/mdd/zhk/kanpan/Kanpan/KanpanUITests/UITestSupport.swift (in target 'KanpanUITests' from project 'Kanpan')
    cd /Users/mdd/zhk/kanpan/Kanpan
    

SwiftEmitModule normal arm64 Emitting\ module\ for\ KanpanUITests (in target 'KanpanUITests' from project 'Kanpan')

EmitSwiftModule normal arm64 (in target 'KanpanUITests' from project 'Kanpan')
    cd /Users/mdd/zhk/kanpan/Kanpan
    

SwiftCompile normal arm64 Compiling\ AICoinBaseUITests.swift /Users/mdd/zhk/kanpan/Kanpan/KanpanUITests/AICoinBaseUITests.swift (in target 'KanpanUITests' from project 'Kanpan')
SwiftCompile normal arm64 /Users/mdd/zhk/kanpan/Kanpan/KanpanUITests/AICoinBaseUITests.swift (in target 'KanpanUITests' from project 'Kanpan')
    cd /Users/mdd/zhk/kanpan/Kanpan
    

SwiftCompile normal arm64 Compiling\ ChartFoundationUITests.swift /Users/mdd/zhk/kanpan/Kanpan/KanpanUITests/ChartFoundationUITests.swift (in target 'KanpanUITests' from project 'Kanpan')
SwiftCompile normal arm64 /Users/mdd/zhk/kanpan/Kanpan/KanpanUITests/ChartFoundationUITests.swift (in target 'KanpanUITests' from project 'Kanpan')
    cd /Users/mdd/zhk/kanpan/Kanpan
    

SwiftDriverJobDiscovery normal arm64 Emitting module for KanpanUITests (in target 'KanpanUITests' from project 'Kanpan')

SwiftDriver\ Compilation\ Requirements KanpanUITests normal arm64 com.apple.xcode.tools.swift.compiler (in target 'KanpanUITests' from project 'Kanpan')
    cd /Users/mdd/zhk/kanpan/Kanpan
    builtin-Swift-Compilation-Requirements -- /Applications/Xcode.app/Contents/Developer/Toolchains/XcodeDefault.xctoolchain/usr/bin/swiftc -module-name KanpanUITests -Onone @/Users/mdd/zhk/kanpan/DerivedData-codex-compat-takeover/Build/Intermediates.noindex/Kanpan.build/Debug-iphonesimulator/KanpanUITests.build/Objects-normal/arm64/KanpanUITests.SwiftFileList -DDEBUG -module-alias Testing\=_Testing_Unavailable -plugin-path /Applications/Xcode.app/Contents/Developer/Toolchains/XcodeDefault.xctoolchain/usr/lib/swift/host/plugins/testing -enable-experimental-feature DebugDescriptionMacro -sdk /Applications/Xcode.app/Contents/Developer/Platforms/iPhoneSimulator.platform/Developer/SDKs/iPhoneSimulator26.5.sdk -target arm64-apple-ios17.0-simulator -g -module-cache-path /Users/mdd/zhk/kanpan/DerivedData-codex-compat-takeover/ModuleCache.noindex -Xfrontend -serialize-debugging-options -enable-testing -index-store-path /Users/mdd/zhk/kanpan/DerivedData-codex-compat-takeover/Index.noindex/DataStore -Xcc -D_LIBCPP_HARDENING_MODE\=_LIBCPP_HARDENING_MODE_DEBUG -swift-version 6 -I /Users/mdd/zhk/kanpan/DerivedData-codex-compat-takeover/Build/Products/Debug-iphonesimulator -Isystem /Applications/Xcode.app/Contents/Developer/Platforms/iPhoneSimulator.platform/Developer/usr/lib -F /Users/mdd/zhk/kanpan/DerivedData-codex-compat-takeover/Build/Products/Debug-iphonesimulator -F /Applications/Xcode.app/Contents/Developer/Platforms/iPhoneSimulator.platform/Developer/Library/Frameworks -F /Applications/Xcode.app/Contents/Developer/Platforms/iPhoneSimulator.platform/Developer/SDKs/iPhoneSimulator26.5.sdk/Developer/Library/Frameworks -c -j10 -enable-batch-mode -incremental -Xcc -ivfsstatcache -Xcc /Users/mdd/zhk/kanpan/DerivedData-codex-compat-takeover/SDKStatCaches.noindex/iphonesimulator26.5-23F81a-6cfe768891a92b912361537c460fe42b.sdkstatcache -output-file-map /Users/mdd/zhk/kanpan/DerivedData-codex-compat-takeover/Build/Intermediates.noindex/Kanpan.build/Debug-iphonesimulator/KanpanUITests.build/Objects-normal/arm64/KanpanUITests-OutputFileMap.json -use-frontend-parseable-output -save-temps -no-color-diagnostics -explicit-module-build -module-cache-path /Users/mdd/zhk/kanpan/DerivedData-codex-compat-takeover/Build/Intermediates.noindex/SwiftExplicitPrecompiledModules -clang-scanner-module-cache-path /Users/mdd/zhk/kanpan/DerivedData-codex-compat-takeover/ModuleCache.noindex -sdk-module-cache-path /Users/mdd/zhk/kanpan/DerivedData-codex-compat-takeover/ModuleCache.noindex -serialize-diagnostics -emit-dependencies -emit-module -emit-module-path /Users/mdd/zhk/kanpan/DerivedData-codex-compat-takeover/Build/Intermediates.noindex/Kanpan.build/Debug-iphonesimulator/KanpanUITests.build/Objects-normal/arm64/KanpanUITests.swiftmodule -validate-clang-modules-once -clang-build-session-file /Users/mdd/zhk/kanpan/DerivedData-codex-compat-takeover/ModuleCache.noindex/Session.modulevalidation -Xcc -I/Users/mdd/zhk/kanpan/DerivedData-codex-compat-takeover/Build/Intermediates.noindex/Kanpan.build/Debug-iphonesimulator/KanpanUITests.build/swift-overrides.hmap -emit-const-values -Xfrontend -const-gather-protocols-file -Xfrontend /Users/mdd/zhk/kanpan/DerivedData-codex-compat-takeover/Build/Intermediates.noindex/Kanpan.build/Debug-iphonesimulator/KanpanUITests.build/Objects-normal/arm64/KanpanUITests_const_extract_protocols.json -Xcc -iquote -Xcc /Users/mdd/zhk/kanpan/DerivedData-codex-compat-takeover/Build/Intermediates.noindex/Kanpan.build/Debug-iphonesimulator/KanpanUITests.build/KanpanUITests-generated-files.hmap -Xcc -I/Users/mdd/zhk/kanpan/DerivedData-codex-compat-takeover/Build/Intermediates.noindex/Kanpan.build/Debug-iphonesimulator/KanpanUITests.build/KanpanUITests-own-target-headers.hmap -Xcc -I/Users/mdd/zhk/kanpan/DerivedData-codex-compat-takeover/Build/Intermediates.noindex/Kanpan.build/Debug-iphonesimulator/KanpanUITests.build/KanpanUITests-all-non-framework-target-headers.hmap -Xcc -ivfsoverlay -Xcc /Users/mdd/zhk/kanpan/DerivedData-codex-compat-takeover/Build/Intermediates.noindex/Kanpan.build/Debug-iphonesimulator/Kanpan-88f8e4f6458ff7f878983357411ed85c-VFS-iphonesimulator/all-product-headers.yaml -Xcc -iquote -Xcc /Users/mdd/zhk/kanpan/DerivedData-codex-compat-takeover/Build/Intermediates.noindex/Kanpan.build/Debug-iphonesimulator/KanpanUITests.build/KanpanUITests-project-headers.hmap -Xcc -I/Users/mdd/zhk/kanpan/DerivedData-codex-compat-takeover/Build/Products/Debug-iphonesimulator/include -Xcc -I/Users/mdd/zhk/kanpan/DerivedData-codex-compat-takeover/Build/Intermediates.noindex/Kanpan.build/Debug-iphonesimulator/KanpanUITests.build/DerivedSources-normal/arm64 -Xcc -I/Users/mdd/zhk/kanpan/DerivedData-codex-compat-takeover/Build/Intermediates.noindex/Kanpan.build/Debug-iphonesimulator/KanpanUITests.build/DerivedSources/arm64 -Xcc -I/Users/mdd/zhk/kanpan/DerivedData-codex-compat-takeover/Build/Intermediates.noindex/Kanpan.build/Debug-iphonesimulator/KanpanUITests.build/DerivedSources -emit-objc-header -emit-objc-header-path /Users/mdd/zhk/kanpan/DerivedData-codex-compat-takeover/Build/Intermediates.noindex/Kanpan.build/Debug-iphonesimulator/KanpanUITests.build/Objects-normal/arm64/KanpanUITests-Swift.h -working-directory /Users/mdd/zhk/kanpan/Kanpan -experimental-emit-module-separately -disable-cmo

SwiftMergeGeneratedHeaders /Users/mdd/zhk/kanpan/DerivedData-codex-compat-takeover/Build/Intermediates.noindex/Kanpan.build/Debug-iphonesimulator/KanpanUITests.build/DerivedSources/KanpanUITests-Swift.h /Users/mdd/zhk/kanpan/DerivedData-codex-compat-takeover/Build/Intermediates.noindex/Kanpan.build/Debug-iphonesimulator/KanpanUITests.build/Objects-normal/arm64/KanpanUITests-Swift.h (in target 'KanpanUITests' from project 'Kanpan')
    cd /Users/mdd/zhk/kanpan/Kanpan
    builtin-swiftHeaderTool -arch arm64 /Users/mdd/zhk/kanpan/DerivedData-codex-compat-takeover/Build/Intermediates.noindex/Kanpan.build/Debug-iphonesimulator/KanpanUITests.build/Objects-normal/arm64/KanpanUITests-Swift.h -o /Users/mdd/zhk/kanpan/DerivedData-codex-compat-takeover/Build/Intermediates.noindex/Kanpan.build/Debug-iphonesimulator/KanpanUITests.build/DerivedSources/KanpanUITests-Swift.h

Copy /Users/mdd/zhk/kanpan/DerivedData-codex-compat-takeover/Build/Products/Debug-iphonesimulator/KanpanUITests.swiftmodule/arm64-apple-ios-simulator.abi.json /Users/mdd/zhk/kanpan/DerivedData-codex-compat-takeover/Build/Intermediates.noindex/Kanpan.build/Debug-iphonesimulator/KanpanUITests.build/Objects-normal/arm64/KanpanUITests.abi.json (in target 'KanpanUITests' from project 'Kanpan')
    cd /Users/mdd/zhk/kanpan/Kanpan
    builtin-copy -exclude .DS_Store -exclude CVS -exclude .svn -exclude .git -exclude .hg -strip-unsigned-binaries -strip-deterministic -strip-tool /Applications/Xcode.app/Contents/Developer/Toolchains/XcodeDefault.xctoolchain/usr/bin/strip -resolve-src-symlinks -rename /Users/mdd/zhk/kanpan/DerivedData-codex-compat-takeover/Build/Intermediates.noindex/Kanpan.build/Debug-iphonesimulator/KanpanUITests.build/Objects-normal/arm64/KanpanUITests.abi.json /Users/mdd/zhk/kanpan/DerivedData-codex-compat-takeover/Build/Products/Debug-iphonesimulator/KanpanUITests.swiftmodule/arm64-apple-ios-simulator.abi.json

Copy /Users/mdd/zhk/kanpan/DerivedData-codex-compat-takeover/Build/Products/Debug-iphonesimulator/KanpanUITests.swiftmodule/arm64-apple-ios-simulator.swiftdoc /Users/mdd/zhk/kanpan/DerivedData-codex-compat-takeover/Build/Intermediates.noindex/Kanpan.build/Debug-iphonesimulator/KanpanUITests.build/Objects-normal/arm64/KanpanUITests.swiftdoc (in target 'KanpanUITests' from project 'Kanpan')
    cd /Users/mdd/zhk/kanpan/Kanpan
    builtin-copy -exclude .DS_Store -exclude CVS -exclude .svn -exclude .git -exclude .hg -strip-unsigned-binaries -strip-deterministic -strip-tool /Applications/Xcode.app/Contents/Developer/Toolchains/XcodeDefault.xctoolchain/usr/bin/strip -resolve-src-symlinks -rename /Users/mdd/zhk/kanpan/DerivedData-codex-compat-takeover/Build/Intermediates.noindex/Kanpan.build/Debug-iphonesimulator/KanpanUITests.build/Objects-normal/arm64/KanpanUITests.swiftdoc /Users/mdd/zhk/kanpan/DerivedData-codex-compat-takeover/Build/Products/Debug-iphonesimulator/KanpanUITests.swiftmodule/arm64-apple-ios-simulator.swiftdoc

Copy /Users/mdd/zhk/kanpan/DerivedData-codex-compat-takeover/Build/Products/Debug-iphonesimulator/KanpanUITests.swiftmodule/arm64-apple-ios-simulator.swiftmodule /Users/mdd/zhk/kanpan/DerivedData-codex-compat-takeover/Build/Intermediates.noindex/Kanpan.build/Debug-iphonesimulator/KanpanUITests.build/Objects-normal/arm64/KanpanUITests.swiftmodule (in target 'KanpanUITests' from project 'Kanpan')
    cd /Users/mdd/zhk/kanpan/Kanpan
    builtin-copy -exclude .DS_Store -exclude CVS -exclude .svn -exclude .git -exclude .hg -strip-unsigned-binaries -strip-deterministic -strip-tool /Applications/Xcode.app/Contents/Developer/Toolchains/XcodeDefault.xctoolchain/usr/bin/strip -resolve-src-symlinks -rename /Users/mdd/zhk/kanpan/DerivedData-codex-compat-takeover/Build/Intermediates.noindex/Kanpan.build/Debug-iphonesimulator/KanpanUITests.build/Objects-normal/arm64/KanpanUITests.swiftmodule /Users/mdd/zhk/kanpan/DerivedData-codex-compat-takeover/Build/Products/Debug-iphonesimulator/KanpanUITests.swiftmodule/arm64-apple-ios-simulator.swiftmodule

Copy /Users/mdd/zhk/kanpan/DerivedData-codex-compat-takeover/Build/Products/Debug-iphonesimulator/KanpanUITests.swiftmodule/Project/arm64-apple-ios-simulator.swiftsourceinfo /Users/mdd/zhk/kanpan/DerivedData-codex-compat-takeover/Build/Intermediates.noindex/Kanpan.build/Debug-iphonesimulator/KanpanUITests.build/Objects-normal/arm64/KanpanUITests.swiftsourceinfo (in target 'KanpanUITests' from project 'Kanpan')
    cd /Users/mdd/zhk/kanpan/Kanpan
    builtin-copy -exclude .DS_Store -exclude CVS -exclude .svn -exclude .git -exclude .hg -strip-unsigned-binaries -strip-deterministic -strip-tool /Applications/Xcode.app/Contents/Developer/Toolchains/XcodeDefault.xctoolchain/usr/bin/strip -resolve-src-symlinks -rename /Users/mdd/zhk/kanpan/DerivedData-codex-compat-takeover/Build/Intermediates.noindex/Kanpan.build/Debug-iphonesimulator/KanpanUITests.build/Objects-normal/arm64/KanpanUITests.swiftsourceinfo /Users/mdd/zhk/kanpan/DerivedData-codex-compat-takeover/Build/Products/Debug-iphonesimulator/KanpanUITests.swiftmodule/Project/arm64-apple-ios-simulator.swiftsourceinfo

SwiftDriverJobDiscovery normal arm64 Compiling ChartHost.swift, IntervalBar.swift, LandscapeChrome.swift, MainScreen.swift, MarketModel.swift (in target 'Kanpan' from project 'Kanpan')

SwiftDriver\ Compilation Kanpan normal arm64 com.apple.xcode.tools.swift.compiler (in target 'Kanpan' from project 'Kanpan')
    cd /Users/mdd/zhk/kanpan/Kanpan
    builtin-Swift-Compilation -- /Applications/Xcode.app/Contents/Developer/Toolchains/XcodeDefault.xctoolchain/usr/bin/swiftc -module-name Kanpan -Onone @/Users/mdd/zhk/kanpan/DerivedData-codex-compat-takeover/Build/Intermediates.noindex/Kanpan.build/Debug-iphonesimulator/Kanpan.build/Objects-normal/arm64/Kanpan.SwiftFileList -DDEBUG -enable-experimental-feature DebugDescriptionMacro -sdk /Applications/Xcode.app/Contents/Developer/Platforms/iPhoneSimulator.platform/Developer/SDKs/iPhoneSimulator26.5.sdk -target arm64-apple-ios17.0-simulator -g -module-cache-path /Users/mdd/zhk/kanpan/DerivedData-codex-compat-takeover/ModuleCache.noindex -Xfrontend -serialize-debugging-options -enable-testing -index-store-path /Users/mdd/zhk/kanpan/DerivedData-codex-compat-takeover/Index.noindex/DataStore -Xcc -D_LIBCPP_HARDENING_MODE\=_LIBCPP_HARDENING_MODE_DEBUG -swift-version 6 -I /Users/mdd/zhk/kanpan/DerivedData-codex-compat-takeover/Build/Products/Debug-iphonesimulator -F /Users/mdd/zhk/kanpan/DerivedData-codex-compat-takeover/Build/Products/Debug-iphonesimulator/PackageFrameworks -F /Users/mdd/zhk/kanpan/DerivedData-codex-compat-takeover/Build/Products/Debug-iphonesimulator/PackageFrameworks -F /Users/mdd/zhk/kanpan/DerivedData-codex-compat-takeover/Build/Products/Debug-iphonesimulator/PackageFrameworks -F /Users/mdd/zhk/kanpan/DerivedData-codex-compat-takeover/Build/Products/Debug-iphonesimulator -emit-localized-strings -emit-localized-strings-path /Users/mdd/zhk/kanpan/DerivedData-codex-compat-takeover/Build/Intermediates.noindex/Kanpan.build/Debug-iphonesimulator/Kanpan.build/Objects-normal/arm64 -c -j10 -enable-batch-mode -incremental -Xcc -ivfsstatcache -Xcc /Users/mdd/zhk/kanpan/DerivedData-codex-compat-takeover/SDKStatCaches.noindex/iphonesimulator26.5-23F81a-6cfe768891a92b912361537c460fe42b.sdkstatcache -output-file-map /Users/mdd/zhk/kanpan/DerivedData-codex-compat-takeover/Build/Intermediates.noindex/Kanpan.build/Debug-iphonesimulator/Kanpan.build/Objects-normal/arm64/Kanpan-OutputFileMap.json -use-frontend-parseable-output -save-temps -no-color-diagnostics -explicit-module-build -module-cache-path /Users/mdd/zhk/kanpan/DerivedData-codex-compat-takeover/Build/Intermediates.noindex/SwiftExplicitPrecompiledModules -clang-scanner-module-cache-path /Users/mdd/zhk/kanpan/DerivedData-codex-compat-takeover/ModuleCache.noindex -sdk-module-cache-path /Users/mdd/zhk/kanpan/DerivedData-codex-compat-takeover/ModuleCache.noindex -serialize-diagnostics -emit-dependencies -emit-module -emit-module-path /Users/mdd/zhk/kanpan/DerivedData-codex-compat-takeover/Build/Intermediates.noindex/Kanpan.build/Debug-iphonesimulator/Kanpan.build/Objects-normal/arm64/Kanpan.swiftmodule -validate-clang-modules-once -clang-build-session-file /Users/mdd/zhk/kanpan/DerivedData-codex-compat-takeover/ModuleCache.noindex/Session.modulevalidation -Xcc -I/Users/mdd/zhk/kanpan/DerivedData-codex-compat-takeover/Build/Intermediates.noindex/Kanpan.build/Debug-iphonesimulator/Kanpan.build/swift-overrides.hmap -emit-const-values -Xfrontend -const-gather-protocols-file -Xfrontend /Users/mdd/zhk/kanpan/DerivedData-codex-compat-takeover/Build/Intermediates.noindex/Kanpan.build/Debug-iphonesimulator/Kanpan.build/Objects-normal/arm64/Kanpan_const_extract_protocols.json -Xcc -iquote -Xcc /Users/mdd/zhk/kanpan/DerivedData-codex-compat-takeover/Build/Intermediates.noindex/Kanpan.build/Debug-iphonesimulator/Kanpan.build/Kanpan-generated-files.hmap -Xcc -I/Users/mdd/zhk/kanpan/DerivedData-codex-compat-takeover/Build/Intermediates.noindex/Kanpan.build/Debug-iphonesimulator/Kanpan.build/Kanpan-own-target-headers.hmap -Xcc -I/Users/mdd/zhk/kanpan/DerivedData-codex-compat-takeover/Build/Intermediates.noindex/Kanpan.build/Debug-iphonesimulator/Kanpan.build/Kanpan-all-non-framework-target-headers.hmap -Xcc -ivfsoverlay -Xcc /Users/mdd/zhk/kanpan/DerivedData-codex-compat-takeover/Build/Intermediates.noindex/Kanpan.build/Debug-iphonesimulator/Kanpan-88f8e4f6458ff7f878983357411ed85c-VFS-iphonesimulator/all-product-headers.yaml -Xcc -iquote -Xcc /Users/mdd/zhk/kanpan/DerivedData-codex-compat-takeover/Build/Intermediates.noindex/Kanpan.build/Debug-iphonesimulator/Kanpan.build/Kanpan-project-headers.hmap -Xcc -I/Users/mdd/zhk/kanpan/DerivedData-codex-compat-takeover/Build/Products/Debug-iphonesimulator/include -Xcc -I/Users/mdd/zhk/kanpan/DerivedData-codex-compat-takeover/Build/Intermediates.noindex/Kanpan.build/Debug-iphonesimulator/Kanpan.build/DerivedSources-normal/arm64 -Xcc -I/Users/mdd/zhk/kanpan/DerivedData-codex-compat-takeover/Build/Intermediates.noindex/Kanpan.build/Debug-iphonesimulator/Kanpan.build/DerivedSources/arm64 -Xcc -I/Users/mdd/zhk/kanpan/DerivedData-codex-compat-takeover/Build/Intermediates.noindex/Kanpan.build/Debug-iphonesimulator/Kanpan.build/DerivedSources -emit-objc-header -emit-objc-header-path /Users/mdd/zhk/kanpan/DerivedData-codex-compat-takeover/Build/Intermediates.noindex/Kanpan.build/Debug-iphonesimulator/Kanpan.build/Objects-normal/arm64/Kanpan-Swift.h -working-directory /Users/mdd/zhk/kanpan/Kanpan -experimental-emit-module-separately -disable-cmo

Ld /Users/mdd/zhk/kanpan/DerivedData-codex-compat-takeover/Build/Products/Debug-iphonesimulator/Kanpan.app/Kanpan.debug.dylib normal (in target 'Kanpan' from project 'Kanpan')
    cd /Users/mdd/zhk/kanpan/Kanpan
    /Applications/Xcode.app/Contents/Developer/Toolchains/XcodeDefault.xctoolchain/usr/bin/clang -Xlinker -reproducible -target arm64-apple-ios17.0-simulator -dynamiclib -isysroot /Applications/Xcode.app/Contents/Developer/Platforms/iPhoneSimulator.platform/Developer/SDKs/iPhoneSimulator26.5.sdk -O0 -L/Users/mdd/zhk/kanpan/DerivedData-codex-compat-takeover/Build/Intermediates.noindex/EagerLinkingTBDs/Debug-iphonesimulator -L/Users/mdd/zhk/kanpan/DerivedData-codex-compat-takeover/Build/Products/Debug-iphonesimulator -F/Users/mdd/zhk/kanpan/DerivedData-codex-compat-takeover/Build/Intermediates.noindex/EagerLinkingTBDs/Debug-iphonesimulator -F/Users/mdd/zhk/kanpan/DerivedData-codex-compat-takeover/Build/Products/Debug-iphonesimulator/PackageFrameworks -F/Users/mdd/zhk/kanpan/DerivedData-codex-compat-takeover/Build/Products/Debug-iphonesimulator/PackageFrameworks -F/Users/mdd/zhk/kanpan/DerivedData-codex-compat-takeover/Build/Products/Debug-iphonesimulator/PackageFrameworks -F/Users/mdd/zhk/kanpan/DerivedData-codex-compat-takeover/Build/Products/Debug-iphonesimulator -filelist /Users/mdd/zhk/kanpan/DerivedData-codex-compat-takeover/Build/Intermediates.noindex/Kanpan.build/Debug-iphonesimulator/Kanpan.build/Objects-normal/arm64/Kanpan.LinkFileList -install_name @rpath/Kanpan.debug.dylib -Xlinker -rpath -Xlinker /usr/lib/swift -Xlinker -rpath -Xlinker /Users/mdd/zhk/kanpan/DerivedData-codex-compat-takeover/Build/Products/Debug-iphonesimulator/PackageFrameworks -Xlinker -rpath -Xlinker @executable_path/Frameworks -Xlinker -dead_strip -Xlinker -object_path_lto -Xlinker /Users/mdd/zhk/kanpan/DerivedData-codex-compat-takeover/Build/Intermediates.noindex/Kanpan.build/Debug-iphonesimulator/Kanpan.build/Objects-normal/arm64/Kanpan_lto.o -rdynamic -Xlinker -no_deduplicate -Xlinker -objc_abi_version -Xlinker 2 -Xlinker -dependency_info -Xlinker /Users/mdd/zhk/kanpan/DerivedData-codex-compat-takeover/Build/Intermediates.noindex/Kanpan.build/Debug-iphonesimulator/Kanpan.build/Objects-normal/arm64/Kanpan_dependency_info.dat -fobjc-link-runtime -L/Applications/Xcode.app/Contents/Developer/Toolchains/XcodeDefault.xctoolchain/usr/lib/swift/iphonesimulator -L/usr/lib/swift -Xlinker -add_ast_path -Xlinker /Users/mdd/zhk/kanpan/DerivedData-codex-compat-takeover/Build/Intermediates.noindex/Kanpan.build/Debug-iphonesimulator/Kanpan.build/Objects-normal/arm64/Kanpan.swiftmodule @/Users/mdd/zhk/kanpan/DerivedData-codex-compat-takeover/Build/Intermediates.noindex/Kanpan.build/Debug-iphonesimulator/Kanpan.build/Objects-normal/arm64/Kanpan-linker-args.resp -Wl,-no_warn_duplicate_libraries -Wl,-no_warn_duplicate_libraries -Wl,-no_warn_duplicate_libraries -Xlinker -alias -Xlinker _main -Xlinker ___debug_main_executable_dylib_entry_point -Xlinker -no_adhoc_codesign -o /Users/mdd/zhk/kanpan/DerivedData-codex-compat-takeover/Build/Products/Debug-iphonesimulator/Kanpan.app/Kanpan.debug.dylib -Xlinker -add_ast_path -Xlinker /Users/mdd/zhk/kanpan/DerivedData-codex-compat-takeover/Build/Intermediates.noindex/KanpanCore.build/Debug-iphonesimulator/KanpanCore.build/Objects-normal/arm64/KanpanCore.swiftmodule @/Users/mdd/zhk/kanpan/DerivedData-codex-compat-takeover/Build/Intermediates.noindex/KanpanCore.build/Debug-iphonesimulator/KanpanCore.build/Objects-normal/arm64/KanpanCore-linker-args.resp -Xlinker -add_ast_path -Xlinker /Users/mdd/zhk/kanpan/DerivedData-codex-compat-takeover/Build/Intermediates.noindex/KanpanChart.build/Debug-iphonesimulator/KanpanChart.build/Objects-normal/arm64/KanpanChart.swiftmodule @/Users/mdd/zhk/kanpan/DerivedData-codex-compat-takeover/Build/Intermediates.noindex/KanpanChart.build/Debug-iphonesimulator/KanpanChart.build/Objects-normal/arm64/KanpanChart-linker-args.resp -Xlinker -add_ast_path -Xlinker /Users/mdd/zhk/kanpan/DerivedData-codex-compat-takeover/Build/Intermediates.noindex/KanpanData.build/Debug-iphonesimulator/KanpanData.build/Objects-normal/arm64/KanpanData.swiftmodule @/Users/mdd/zhk/kanpan/DerivedData-codex-compat-takeover/Build/Intermediates.noindex/KanpanData.build/Debug-iphonesimulator/KanpanData.build/Objects-normal/arm64/KanpanData-linker-args.resp

SwiftDriverJobDiscovery normal arm64 Compiling MainScreenUITests.swift (in target 'KanpanUITests' from project 'Kanpan')

SwiftDriverJobDiscovery normal arm64 Compiling UITestSupport.swift (in target 'KanpanUITests' from project 'Kanpan')

SwiftDriverJobDiscovery normal arm64 Compiling AICoinBaseUITests.swift (in target 'KanpanUITests' from project 'Kanpan')

SwiftDriverJobDiscovery normal arm64 Compiling ChartFoundationUITests.swift (in target 'KanpanUITests' from project 'Kanpan')

SwiftDriver\ Compilation KanpanUITests normal arm64 com.apple.xcode.tools.swift.compiler (in target 'KanpanUITests' from project 'Kanpan')
    cd /Users/mdd/zhk/kanpan/Kanpan
    builtin-Swift-Compilation -- /Applications/Xcode.app/Contents/Developer/Toolchains/XcodeDefault.xctoolchain/usr/bin/swiftc -module-name KanpanUITests -Onone @/Users/mdd/zhk/kanpan/DerivedData-codex-compat-takeover/Build/Intermediates.noindex/Kanpan.build/Debug-iphonesimulator/KanpanUITests.build/Objects-normal/arm64/KanpanUITests.SwiftFileList -DDEBUG -module-alias Testing\=_Testing_Unavailable -plugin-path /Applications/Xcode.app/Contents/Developer/Toolchains/XcodeDefault.xctoolchain/usr/lib/swift/host/plugins/testing -enable-experimental-feature DebugDescriptionMacro -sdk /Applications/Xcode.app/Contents/Developer/Platforms/iPhoneSimulator.platform/Developer/SDKs/iPhoneSimulator26.5.sdk -target arm64-apple-ios17.0-simulator -g -module-cache-path /Users/mdd/zhk/kanpan/DerivedData-codex-compat-takeover/ModuleCache.noindex -Xfrontend -serialize-debugging-options -enable-testing -index-store-path /Users/mdd/zhk/kanpan/DerivedData-codex-compat-takeover/Index.noindex/DataStore -Xcc -D_LIBCPP_HARDENING_MODE\=_LIBCPP_HARDENING_MODE_DEBUG -swift-version 6 -I /Users/mdd/zhk/kanpan/DerivedData-codex-compat-takeover/Build/Products/Debug-iphonesimulator -Isystem /Applications/Xcode.app/Contents/Developer/Platforms/iPhoneSimulator.platform/Developer/usr/lib -F /Users/mdd/zhk/kanpan/DerivedData-codex-compat-takeover/Build/Products/Debug-iphonesimulator -F /Applications/Xcode.app/Contents/Developer/Platforms/iPhoneSimulator.platform/Developer/Library/Frameworks -F /Applications/Xcode.app/Contents/Developer/Platforms/iPhoneSimulator.platform/Developer/SDKs/iPhoneSimulator26.5.sdk/Developer/Library/Frameworks -c -j10 -enable-batch-mode -incremental -Xcc -ivfsstatcache -Xcc /Users/mdd/zhk/kanpan/DerivedData-codex-compat-takeover/SDKStatCaches.noindex/iphonesimulator26.5-23F81a-6cfe768891a92b912361537c460fe42b.sdkstatcache -output-file-map /Users/mdd/zhk/kanpan/DerivedData-codex-compat-takeover/Build/Intermediates.noindex/Kanpan.build/Debug-iphonesimulator/KanpanUITests.build/Objects-normal/arm64/KanpanUITests-OutputFileMap.json -use-frontend-parseable-output -save-temps -no-color-diagnostics -explicit-module-build -module-cache-path /Users/mdd/zhk/kanpan/DerivedData-codex-compat-takeover/Build/Intermediates.noindex/SwiftExplicitPrecompiledModules -clang-scanner-module-cache-path /Users/mdd/zhk/kanpan/DerivedData-codex-compat-takeover/ModuleCache.noindex -sdk-module-cache-path /Users/mdd/zhk/kanpan/DerivedData-codex-compat-takeover/ModuleCache.noindex -serialize-diagnostics -emit-dependencies -emit-module -emit-module-path /Users/mdd/zhk/kanpan/DerivedData-codex-compat-takeover/Build/Intermediates.noindex/Kanpan.build/Debug-iphonesimulator/KanpanUITests.build/Objects-normal/arm64/KanpanUITests.swiftmodule -validate-clang-modules-once -clang-build-session-file /Users/mdd/zhk/kanpan/DerivedData-codex-compat-takeover/ModuleCache.noindex/Session.modulevalidation -Xcc -I/Users/mdd/zhk/kanpan/DerivedData-codex-compat-takeover/Build/Intermediates.noindex/Kanpan.build/Debug-iphonesimulator/KanpanUITests.build/swift-overrides.hmap -emit-const-values -Xfrontend -const-gather-protocols-file -Xfrontend /Users/mdd/zhk/kanpan/DerivedData-codex-compat-takeover/Build/Intermediates.noindex/Kanpan.build/Debug-iphonesimulator/KanpanUITests.build/Objects-normal/arm64/KanpanUITests_const_extract_protocols.json -Xcc -iquote -Xcc /Users/mdd/zhk/kanpan/DerivedData-codex-compat-takeover/Build/Intermediates.noindex/Kanpan.build/Debug-iphonesimulator/KanpanUITests.build/KanpanUITests-generated-files.hmap -Xcc -I/Users/mdd/zhk/kanpan/DerivedData-codex-compat-takeover/Build/Intermediates.noindex/Kanpan.build/Debug-iphonesimulator/KanpanUITests.build/KanpanUITests-own-target-headers.hmap -Xcc -I/Users/mdd/zhk/kanpan/DerivedData-codex-compat-takeover/Build/Intermediates.noindex/Kanpan.build/Debug-iphonesimulator/KanpanUITests.build/KanpanUITests-all-non-framework-target-headers.hmap -Xcc -ivfsoverlay -Xcc /Users/mdd/zhk/kanpan/DerivedData-codex-compat-takeover/Build/Intermediates.noindex/Kanpan.build/Debug-iphonesimulator/Kanpan-88f8e4f6458ff7f878983357411ed85c-VFS-iphonesimulator/all-product-headers.yaml -Xcc -iquote -Xcc /Users/mdd/zhk/kanpan/DerivedData-codex-compat-takeover/Build/Intermediates.noindex/Kanpan.build/Debug-iphonesimulator/KanpanUITests.build/KanpanUITests-project-headers.hmap -Xcc -I/Users/mdd/zhk/kanpan/DerivedData-codex-compat-takeover/Build/Products/Debug-iphonesimulator/include -Xcc -I/Users/mdd/zhk/kanpan/DerivedData-codex-compat-takeover/Build/Intermediates.noindex/Kanpan.build/Debug-iphonesimulator/KanpanUITests.build/DerivedSources-normal/arm64 -Xcc -I/Users/mdd/zhk/kanpan/DerivedData-codex-compat-takeover/Build/Intermediates.noindex/Kanpan.build/Debug-iphonesimulator/KanpanUITests.build/DerivedSources/arm64 -Xcc -I/Users/mdd/zhk/kanpan/DerivedData-codex-compat-takeover/Build/Intermediates.noindex/Kanpan.build/Debug-iphonesimulator/KanpanUITests.build/DerivedSources -emit-objc-header -emit-objc-header-path /Users/mdd/zhk/kanpan/DerivedData-codex-compat-takeover/Build/Intermediates.noindex/Kanpan.build/Debug-iphonesimulator/KanpanUITests.build/Objects-normal/arm64/KanpanUITests-Swift.h -working-directory /Users/mdd/zhk/kanpan/Kanpan -experimental-emit-module-separately -disable-cmo

ConstructStubExecutorLinkFileList /Users/mdd/zhk/kanpan/DerivedData-codex-compat-takeover/Build/Intermediates.noindex/Kanpan.build/Debug-iphonesimulator/Kanpan.build/Kanpan-ExecutorLinkFileList-normal-arm64.txt (in target 'Kanpan' from project 'Kanpan')
    cd /Users/mdd/zhk/kanpan/Kanpan
    construct-stub-executor-link-file-list /Users/mdd/zhk/kanpan/DerivedData-codex-compat-takeover/Build/Products/Debug-iphonesimulator/Kanpan.app/Kanpan.debug.dylib /Applications/Xcode.app/Contents/Developer/Platforms/iPhoneSimulator.platform/Developer/usr/lib/libPreviewsJITStubExecutor_no_swift_entry_point.a /Applications/Xcode.app/Contents/Developer/Platforms/iPhoneSimulator.platform/Developer/usr/lib/libPreviewsJITStubExecutor.a --output /Users/mdd/zhk/kanpan/DerivedData-codex-compat-takeover/Build/Intermediates.noindex/Kanpan.build/Debug-iphonesimulator/Kanpan.build/Kanpan-ExecutorLinkFileList-normal-arm64.txt
note: Using stub executor library with Swift entry point. (in target 'Kanpan' from project 'Kanpan')

Ld /Users/mdd/zhk/kanpan/DerivedData-codex-compat-takeover/Build/Products/Debug-iphonesimulator/Kanpan.app/Kanpan normal (in target 'Kanpan' from project 'Kanpan')
    cd /Users/mdd/zhk/kanpan/Kanpan
    /Applications/Xcode.app/Contents/Developer/Toolchains/XcodeDefault.xctoolchain/usr/bin/clang -Xlinker -reproducible -target arm64-apple-ios17.0-simulator -isysroot /Applications/Xcode.app/Contents/Developer/Platforms/iPhoneSimulator.platform/Developer/SDKs/iPhoneSimulator26.5.sdk -O0 -L/Users/mdd/zhk/kanpan/DerivedData-codex-compat-takeover/Build/Products/Debug-iphonesimulator -F/Users/mdd/zhk/kanpan/DerivedData-codex-compat-takeover/Build/Products/Debug-iphonesimulator/PackageFrameworks -F/Users/mdd/zhk/kanpan/DerivedData-codex-compat-takeover/Build/Products/Debug-iphonesimulator/PackageFrameworks -F/Users/mdd/zhk/kanpan/DerivedData-codex-compat-takeover/Build/Products/Debug-iphonesimulator/PackageFrameworks -F/Users/mdd/zhk/kanpan/DerivedData-codex-compat-takeover/Build/Products/Debug-iphonesimulator -Xlinker -rpath -Xlinker @executable_path -Xlinker -rpath -Xlinker /Users/mdd/zhk/kanpan/DerivedData-codex-compat-takeover/Build/Products/Debug-iphonesimulator/PackageFrameworks -Xlinker -rpath -Xlinker @executable_path/Frameworks -rdynamic -Xlinker -no_deduplicate -Xlinker -objc_abi_version -Xlinker 2 -e ___debug_blank_executor_main -Xlinker -sectcreate -Xlinker __TEXT -Xlinker __debug_dylib -Xlinker /Users/mdd/zhk/kanpan/DerivedData-codex-compat-takeover/Build/Intermediates.noindex/Kanpan.build/Debug-iphonesimulator/Kanpan.build/Kanpan-DebugDylibPath-normal-arm64.txt -Xlinker -sectcreate -Xlinker __TEXT -Xlinker __debug_instlnm -Xlinker /Users/mdd/zhk/kanpan/DerivedData-codex-compat-takeover/Build/Intermediates.noindex/Kanpan.build/Debug-iphonesimulator/Kanpan.build/Kanpan-DebugDylibInstallName-normal-arm64.txt -Xlinker -filelist -Xlinker /Users/mdd/zhk/kanpan/DerivedData-codex-compat-takeover/Build/Intermediates.noindex/Kanpan.build/Debug-iphonesimulator/Kanpan.build/Kanpan-ExecutorLinkFileList-normal-arm64.txt -Xlinker -sectcreate -Xlinker __TEXT -Xlinker __entitlements -Xlinker /Users/mdd/zhk/kanpan/DerivedData-codex-compat-takeover/Build/Intermediates.noindex/Kanpan.build/Debug-iphonesimulator/Kanpan.build/Kanpan.app-Simulated.xcent -Xlinker -sectcreate -Xlinker __TEXT -Xlinker __ents_der -Xlinker /Users/mdd/zhk/kanpan/DerivedData-codex-compat-takeover/Build/Intermediates.noindex/Kanpan.build/Debug-iphonesimulator/Kanpan.build/Kanpan.app-Simulated.xcent.der /Users/mdd/zhk/kanpan/DerivedData-codex-compat-takeover/Build/Products/Debug-iphonesimulator/Kanpan.app/Kanpan.debug.dylib -Xlinker -no_adhoc_codesign -o /Users/mdd/zhk/kanpan/DerivedData-codex-compat-takeover/Build/Products/Debug-iphonesimulator/Kanpan.app/Kanpan

ExtractAppIntentsMetadata (in target 'Kanpan' from project 'Kanpan')
    cd /Users/mdd/zhk/kanpan/Kanpan
    /Applications/Xcode.app/Contents/Developer/Toolchains/XcodeDefault.xctoolchain/usr/bin/appintentsmetadataprocessor --toolchain-dir /Applications/Xcode.app/Contents/Developer/Toolchains/XcodeDefault.xctoolchain --module-name Kanpan --sdk-root /Applications/Xcode.app/Contents/Developer/Platforms/iPhoneSimulator.platform/Developer/SDKs/iPhoneSimulator26.5.sdk --xcode-version 17F113 --platform-family iOS --deployment-target 17.0 --bundle-identifier com.mdd.kanpan --output /Users/mdd/zhk/kanpan/DerivedData-codex-compat-takeover/Build/Products/Debug-iphonesimulator/Kanpan.app --target-triple arm64-apple-ios17.0-simulator --binary-file /Users/mdd/zhk/kanpan/DerivedData-codex-compat-takeover/Build/Products/Debug-iphonesimulator/Kanpan.app/Kanpan --dependency-file /Users/mdd/zhk/kanpan/DerivedData-codex-compat-takeover/Build/Intermediates.noindex/Kanpan.build/Debug-iphonesimulator/Kanpan.build/Objects-normal/arm64/Kanpan_dependency_info.dat --stringsdata-file /Users/mdd/zhk/kanpan/DerivedData-codex-compat-takeover/Build/Intermediates.noindex/Kanpan.build/Debug-iphonesimulator/Kanpan.build/Objects-normal/arm64/ExtractedAppShortcutsMetadata.stringsdata --source-file-list /Users/mdd/zhk/kanpan/DerivedData-codex-compat-takeover/Build/Intermediates.noindex/Kanpan.build/Debug-iphonesimulator/Kanpan.build/Objects-normal/arm64/Kanpan.SwiftFileList --metadata-file-list /Users/mdd/zhk/kanpan/DerivedData-codex-compat-takeover/Build/Intermediates.noindex/Kanpan.build/Debug-iphonesimulator/Kanpan.build/Kanpan.DependencyMetadataFileList --static-metadata-file-list /Users/mdd/zhk/kanpan/DerivedData-codex-compat-takeover/Build/Intermediates.noindex/Kanpan.build/Debug-iphonesimulator/Kanpan.build/Kanpan.DependencyStaticMetadataFileList --swift-const-vals-list /Users/mdd/zhk/kanpan/DerivedData-codex-compat-takeover/Build/Intermediates.noindex/Kanpan.build/Debug-iphonesimulator/Kanpan.build/Objects-normal/arm64/Kanpan.SwiftConstValuesFileList --compile-time-extraction --deployment-aware-processing --validate-assistant-intents --no-app-shortcuts-localization
2026-09-14 23:53:36.661 appintentsmetadataprocessor[92073:31697402] Starting appintentsmetadataprocessor export
2026-09-14 23:53:36.662 appintentsmetadataprocessor[92073:31697402] warning: Metadata extraction skipped. No AppIntents.framework dependency found.

CopySwiftLibs /Users/mdd/zhk/kanpan/DerivedData-codex-compat-takeover/Build/Products/Debug-iphonesimulator/Kanpan.app (in target 'Kanpan' from project 'Kanpan')
    cd /Users/mdd/zhk/kanpan/Kanpan
    builtin-swiftStdLibTool --copy --verbose --sign - --scan-executable /Users/mdd/zhk/kanpan/DerivedData-codex-compat-takeover/Build/Products/Debug-iphonesimulator/Kanpan.app/Kanpan.debug.dylib --scan-folder /Users/mdd/zhk/kanpan/DerivedData-codex-compat-takeover/Build/Products/Debug-iphonesimulator/Kanpan.app/Frameworks --scan-folder /Users/mdd/zhk/kanpan/DerivedData-codex-compat-takeover/Build/Products/Debug-iphonesimulator/Kanpan.app/PlugIns --scan-folder /Users/mdd/zhk/kanpan/DerivedData-codex-compat-takeover/Build/Products/Debug-iphonesimulator/Kanpan.app/SystemExtensions --scan-folder /Users/mdd/zhk/kanpan/DerivedData-codex-compat-takeover/Build/Products/Debug-iphonesimulator/Kanpan.app/Extensions --platform iphonesimulator --toolchain /Applications/Xcode.app/Contents/Developer/Toolchains/XcodeDefault.xctoolchain --destination /Users/mdd/zhk/kanpan/DerivedData-codex-compat-takeover/Build/Products/Debug-iphonesimulator/Kanpan.app/Frameworks --strip-bitcode --strip-bitcode-tool /Applications/Xcode.app/Contents/Developer/Toolchains/XcodeDefault.xctoolchain/usr/bin/bitcode_strip --emit-dependency-info /Users/mdd/zhk/kanpan/DerivedData-codex-compat-takeover/Build/Intermediates.noindex/Kanpan.build/Debug-iphonesimulator/Kanpan.build/SwiftStdLibToolInputDependencies.dep --filter-for-swift-os

AppIntentsSSUTraining (in target 'Kanpan' from project 'Kanpan')
    cd /Users/mdd/zhk/kanpan/Kanpan
    /Applications/Xcode.app/Contents/Developer/Toolchains/XcodeDefault.xctoolchain/usr/bin/appintentsnltrainingprocessor --infoplist-path /Users/mdd/zhk/kanpan/DerivedData-codex-compat-takeover/Build/Products/Debug-iphonesimulator/Kanpan.app/Info.plist --temp-dir-path /Users/mdd/zhk/kanpan/DerivedData-codex-compat-takeover/Build/Intermediates.noindex/Kanpan.build/Debug-iphonesimulator/Kanpan.build/ssu --bundle-id com.mdd.kanpan --product-path /Users/mdd/zhk/kanpan/DerivedData-codex-compat-takeover/Build/Products/Debug-iphonesimulator/Kanpan.app --extracted-metadata-path /Users/mdd/zhk/kanpan/DerivedData-codex-compat-takeover/Build/Products/Debug-iphonesimulator/Kanpan.app/Metadata.appintents --metadata-file-list /Users/mdd/zhk/kanpan/DerivedData-codex-compat-takeover/Build/Intermediates.noindex/Kanpan.build/Debug-iphonesimulator/Kanpan.build/Kanpan.DependencyMetadataFileList --source-file /Users/mdd/zhk/kanpan/DerivedData-codex-compat-takeover/Build/Products/Debug-iphonesimulator/Kanpan.app/Info.plist --archive-ssu-assets
2026-09-14 23:53:36.682 appintentsnltrainingprocessor[92074:31697403] Parsing options for appintentsnltrainingprocessor
2026-09-14 23:53:36.682 appintentsnltrainingprocessor[92074:31697403] Starting AppIntents SSU YAML Generation
2026-09-14 23:53:36.684 appintentsnltrainingprocessor[92074:31697403] No AppShortcuts found - Skipping.

CodeSign /Users/mdd/zhk/kanpan/DerivedData-codex-compat-takeover/Build/Products/Debug-iphonesimulator/Kanpan.app/Kanpan.debug.dylib (in target 'Kanpan' from project 'Kanpan')
    cd /Users/mdd/zhk/kanpan/Kanpan
    
    Signing Identity:     "Sign to Run Locally"
    
    /usr/bin/codesign --force --sign - --timestamp\=none --generate-entitlement-der /Users/mdd/zhk/kanpan/DerivedData-codex-compat-takeover/Build/Products/Debug-iphonesimulator/Kanpan.app/Kanpan.debug.dylib

CodeSign /Users/mdd/zhk/kanpan/DerivedData-codex-compat-takeover/Build/Products/Debug-iphonesimulator/Kanpan.app/__preview.dylib (in target 'Kanpan' from project 'Kanpan')
    cd /Users/mdd/zhk/kanpan/Kanpan
    
    Signing Identity:     "Sign to Run Locally"
    
    /usr/bin/codesign --force --sign - --timestamp\=none --generate-entitlement-der /Users/mdd/zhk/kanpan/DerivedData-codex-compat-takeover/Build/Products/Debug-iphonesimulator/Kanpan.app/__preview.dylib

CodeSign /Users/mdd/zhk/kanpan/DerivedData-codex-compat-takeover/Build/Products/Debug-iphonesimulator/Kanpan.app (in target 'Kanpan' from project 'Kanpan')
    cd /Users/mdd/zhk/kanpan/Kanpan
    
    Signing Identity:     "Sign to Run Locally"
    
    /usr/bin/codesign --force --sign - --timestamp\=none --generate-entitlement-der /Users/mdd/zhk/kanpan/DerivedData-codex-compat-takeover/Build/Products/Debug-iphonesimulator/Kanpan.app

RegisterExecutionPolicyException /Users/mdd/zhk/kanpan/DerivedData-codex-compat-takeover/Build/Products/Debug-iphonesimulator/Kanpan.app (in target 'Kanpan' from project 'Kanpan')
    cd /Users/mdd/zhk/kanpan/Kanpan
    builtin-RegisterExecutionPolicyException /Users/mdd/zhk/kanpan/DerivedData-codex-compat-takeover/Build/Products/Debug-iphonesimulator/Kanpan.app

Validate /Users/mdd/zhk/kanpan/DerivedData-codex-compat-takeover/Build/Products/Debug-iphonesimulator/Kanpan.app (in target 'Kanpan' from project 'Kanpan')
    cd /Users/mdd/zhk/kanpan/Kanpan
    builtin-validationUtility /Users/mdd/zhk/kanpan/DerivedData-codex-compat-takeover/Build/Products/Debug-iphonesimulator/Kanpan.app -shallow-bundle -infoplist-subpath Info.plist

Touch /Users/mdd/zhk/kanpan/DerivedData-codex-compat-takeover/Build/Products/Debug-iphonesimulator/Kanpan.app (in target 'Kanpan' from project 'Kanpan')
    cd /Users/mdd/zhk/kanpan/Kanpan
    /usr/bin/touch -c /Users/mdd/zhk/kanpan/DerivedData-codex-compat-takeover/Build/Products/Debug-iphonesimulator/Kanpan.app

ProcessInfoPlistFile /Users/mdd/zhk/kanpan/DerivedData-codex-compat-takeover/Build/Products/Debug-iphonesimulator/KanpanUITests-Runner.app/PlugIns/KanpanUITests.xctest/Info.plist /Users/mdd/zhk/kanpan/DerivedData-codex-compat-takeover/Build/Intermediates.noindex/Kanpan.build/Debug-iphonesimulator/KanpanUITests.build/empty-KanpanUITests.plist (in target 'KanpanUITests' from project 'Kanpan')
    cd /Users/mdd/zhk/kanpan/Kanpan
    builtin-infoPlistUtility /Users/mdd/zhk/kanpan/DerivedData-codex-compat-takeover/Build/Intermediates.noindex/Kanpan.build/Debug-iphonesimulator/KanpanUITests.build/empty-KanpanUITests.plist -producttype com.apple.product-type.bundle.ui-testing -expandbuildsettings -format binary -platform iphonesimulator -additionalcontentfile /Users/mdd/zhk/kanpan/DerivedData-codex-compat-takeover/Build/Intermediates.noindex/Kanpan.build/Debug-iphonesimulator/KanpanUITests.build/ProductTypeInfoPlistAdditions.plist -o /Users/mdd/zhk/kanpan/DerivedData-codex-compat-takeover/Build/Products/Debug-iphonesimulator/KanpanUITests-Runner.app/PlugIns/KanpanUITests.xctest/Info.plist

Ld /Users/mdd/zhk/kanpan/DerivedData-codex-compat-takeover/Build/Products/Debug-iphonesimulator/KanpanUITests-Runner.app/PlugIns/KanpanUITests.xctest/KanpanUITests normal (in target 'KanpanUITests' from project 'Kanpan')
    cd /Users/mdd/zhk/kanpan/Kanpan
    /Applications/Xcode.app/Contents/Developer/Toolchains/XcodeDefault.xctoolchain/usr/bin/clang -Xlinker -reproducible -target arm64-apple-ios17.0-simulator -bundle -isysroot /Applications/Xcode.app/Contents/Developer/Platforms/iPhoneSimulator.platform/Developer/SDKs/iPhoneSimulator26.5.sdk -O0 -L/Users/mdd/zhk/kanpan/DerivedData-codex-compat-takeover/Build/Intermediates.noindex/EagerLinkingTBDs/Debug-iphonesimulator -L/Users/mdd/zhk/kanpan/DerivedData-codex-compat-takeover/Build/Products/Debug-iphonesimulator -L/Applications/Xcode.app/Contents/Developer/Platforms/iPhoneSimulator.platform/Developer/usr/lib -F/Users/mdd/zhk/kanpan/DerivedData-codex-compat-takeover/Build/Intermediates.noindex/EagerLinkingTBDs/Debug-iphonesimulator -F/Users/mdd/zhk/kanpan/DerivedData-codex-compat-takeover/Build/Products/Debug-iphonesimulator -iframework /Applications/Xcode.app/Contents/Developer/Platforms/iPhoneSimulator.platform/Developer/Library/Frameworks -iframework /Applications/Xcode.app/Contents/Developer/Platforms/iPhoneSimulator.platform/Developer/SDKs/iPhoneSimulator26.5.sdk/Developer/Library/Frameworks -filelist /Users/mdd/zhk/kanpan/DerivedData-codex-compat-takeover/Build/Intermediates.noindex/Kanpan.build/Debug-iphonesimulator/KanpanUITests.build/Objects-normal/arm64/KanpanUITests.LinkFileList -Xlinker -rpath -Xlinker /usr/lib/swift -Xlinker -rpath -Xlinker @loader_path/Frameworks -Xlinker -dead_strip -Xlinker -object_path_lto -Xlinker /Users/mdd/zhk/kanpan/DerivedData-codex-compat-takeover/Build/Intermediates.noindex/Kanpan.build/Debug-iphonesimulator/KanpanUITests.build/Objects-normal/arm64/KanpanUITests_lto.o -rdynamic -Xlinker -no_deduplicate -Xlinker -objc_abi_version -Xlinker 2 -Xlinker -dependency_info -Xlinker /Users/mdd/zhk/kanpan/DerivedData-codex-compat-takeover/Build/Intermediates.noindex/Kanpan.build/Debug-iphonesimulator/KanpanUITests.build/Objects-normal/arm64/KanpanUITests_dependency_info.dat -fobjc-link-runtime -L/Applications/Xcode.app/Contents/Developer/Toolchains/XcodeDefault.xctoolchain/usr/lib/swift/iphonesimulator -L/usr/lib/swift -Xlinker -add_ast_path -Xlinker /Users/mdd/zhk/kanpan/DerivedData-codex-compat-takeover/Build/Intermediates.noindex/Kanpan.build/Debug-iphonesimulator/KanpanUITests.build/Objects-normal/arm64/KanpanUITests.swiftmodule @/Users/mdd/zhk/kanpan/DerivedData-codex-compat-takeover/Build/Intermediates.noindex/Kanpan.build/Debug-iphonesimulator/KanpanUITests.build/Objects-normal/arm64/KanpanUITests-linker-args.resp -Xlinker -needed_framework -Xlinker XCTest -framework XCTest -Xlinker -needed-lXCTestSwiftSupport -lXCTestSwiftSupport -Xlinker -sectcreate -Xlinker __TEXT -Xlinker __entitlements -Xlinker /Users/mdd/zhk/kanpan/DerivedData-codex-compat-takeover/Build/Intermediates.noindex/Kanpan.build/Debug-iphonesimulator/KanpanUITests.build/KanpanUITests.xctest-Simulated.xcent -Xlinker -sectcreate -Xlinker __TEXT -Xlinker __ents_der -Xlinker /Users/mdd/zhk/kanpan/DerivedData-codex-compat-takeover/Build/Intermediates.noindex/Kanpan.build/Debug-iphonesimulator/KanpanUITests.build/KanpanUITests.xctest-Simulated.xcent.der -Xlinker -no_adhoc_codesign -o /Users/mdd/zhk/kanpan/DerivedData-codex-compat-takeover/Build/Products/Debug-iphonesimulator/KanpanUITests-Runner.app/PlugIns/KanpanUITests.xctest/KanpanUITests

CopySwiftLibs /Users/mdd/zhk/kanpan/DerivedData-codex-compat-takeover/Build/Products/Debug-iphonesimulator/KanpanUITests-Runner.app/PlugIns/KanpanUITests.xctest (in target 'KanpanUITests' from project 'Kanpan')
    cd /Users/mdd/zhk/kanpan/Kanpan
    builtin-swiftStdLibTool --copy --verbose --sign - --scan-executable /Users/mdd/zhk/kanpan/DerivedData-codex-compat-takeover/Build/Products/Debug-iphonesimulator/KanpanUITests-Runner.app/PlugIns/KanpanUITests.xctest/KanpanUITests --scan-folder /Users/mdd/zhk/kanpan/DerivedData-codex-compat-takeover/Build/Products/Debug-iphonesimulator/KanpanUITests-Runner.app/PlugIns/KanpanUITests.xctest/Frameworks --scan-folder /Users/mdd/zhk/kanpan/DerivedData-codex-compat-takeover/Build/Products/Debug-iphonesimulator/KanpanUITests-Runner.app/PlugIns/KanpanUITests.xctest/PlugIns --scan-folder /Users/mdd/zhk/kanpan/DerivedData-codex-compat-takeover/Build/Products/Debug-iphonesimulator/KanpanUITests-Runner.app/PlugIns/KanpanUITests.xctest/SystemExtensions --scan-folder /Users/mdd/zhk/kanpan/DerivedData-codex-compat-takeover/Build/Products/Debug-iphonesimulator/KanpanUITests-Runner.app/PlugIns/KanpanUITests.xctest/Extensions --platform iphonesimulator --toolchain /Applications/Xcode.app/Contents/Developer/Toolchains/XcodeDefault.xctoolchain --destination /Users/mdd/zhk/kanpan/DerivedData-codex-compat-takeover/Build/Products/Debug-iphonesimulator/KanpanUITests-Runner.app/PlugIns/KanpanUITests.xctest/Frameworks --strip-bitcode --scan-executable /Applications/Xcode.app/Contents/Developer/Platforms/iPhoneSimulator.platform/Developer/usr/lib/libXCTestSwiftSupport.dylib --strip-bitcode-tool /Applications/Xcode.app/Contents/Developer/Toolchains/XcodeDefault.xctoolchain/usr/bin/bitcode_strip --emit-dependency-info /Users/mdd/zhk/kanpan/DerivedData-codex-compat-takeover/Build/Intermediates.noindex/Kanpan.build/Debug-iphonesimulator/KanpanUITests.build/SwiftStdLibToolInputDependencies.dep --filter-for-swift-os

ExtractAppIntentsMetadata (in target 'KanpanUITests' from project 'Kanpan')
    cd /Users/mdd/zhk/kanpan/Kanpan
    /Applications/Xcode.app/Contents/Developer/Toolchains/XcodeDefault.xctoolchain/usr/bin/appintentsmetadataprocessor --toolchain-dir /Applications/Xcode.app/Contents/Developer/Toolchains/XcodeDefault.xctoolchain --module-name KanpanUITests --sdk-root /Applications/Xcode.app/Contents/Developer/Platforms/iPhoneSimulator.platform/Developer/SDKs/iPhoneSimulator26.5.sdk --xcode-version 17F113 --platform-family iOS --deployment-target 17.0 --bundle-identifier com.mdd.kanpan.uitests --output /Users/mdd/zhk/kanpan/DerivedData-codex-compat-takeover/Build/Products/Debug-iphonesimulator/KanpanUITests-Runner.app/PlugIns/KanpanUITests.xctest --target-triple arm64-apple-ios17.0-simulator --binary-file /Users/mdd/zhk/kanpan/DerivedData-codex-compat-takeover/Build/Products/Debug-iphonesimulator/KanpanUITests-Runner.app/PlugIns/KanpanUITests.xctest/KanpanUITests --dependency-file /Users/mdd/zhk/kanpan/DerivedData-codex-compat-takeover/Build/Intermediates.noindex/Kanpan.build/Debug-iphonesimulator/KanpanUITests.build/Objects-normal/arm64/KanpanUITests_dependency_info.dat --stringsdata-file /Users/mdd/zhk/kanpan/DerivedData-codex-compat-takeover/Build/Intermediates.noindex/Kanpan.build/Debug-iphonesimulator/KanpanUITests.build/Objects-normal/arm64/ExtractedAppShortcutsMetadata.stringsdata --source-file-list /Users/mdd/zhk/kanpan/DerivedData-codex-compat-takeover/Build/Intermediates.noindex/Kanpan.build/Debug-iphonesimulator/KanpanUITests.build/Objects-normal/arm64/KanpanUITests.SwiftFileList --metadata-file-list /Users/mdd/zhk/kanpan/DerivedData-codex-compat-takeover/Build/Intermediates.noindex/Kanpan.build/Debug-iphonesimulator/KanpanUITests.build/KanpanUITests.DependencyMetadataFileList --static-metadata-file-list /Users/mdd/zhk/kanpan/DerivedData-codex-compat-takeover/Build/Intermediates.noindex/Kanpan.build/Debug-iphonesimulator/KanpanUITests.build/KanpanUITests.DependencyStaticMetadataFileList --swift-const-vals-list /Users/mdd/zhk/kanpan/DerivedData-codex-compat-takeover/Build/Intermediates.noindex/Kanpan.build/Debug-iphonesimulator/KanpanUITests.build/Objects-normal/arm64/KanpanUITests.SwiftConstValuesFileList --compile-time-extraction --deployment-aware-processing --validate-assistant-intents --no-app-shortcuts-localization
2026-09-14 23:53:36.938 appintentsmetadataprocessor[92081:31697453] Starting appintentsmetadataprocessor export
2026-09-14 23:53:36.939 appintentsmetadataprocessor[92081:31697453] warning: Metadata extraction skipped. No AppIntents.framework dependency found.

AppIntentsSSUTraining (in target 'KanpanUITests' from project 'Kanpan')
    cd /Users/mdd/zhk/kanpan/Kanpan
    /Applications/Xcode.app/Contents/Developer/Toolchains/XcodeDefault.xctoolchain/usr/bin/appintentsnltrainingprocessor --infoplist-path /Users/mdd/zhk/kanpan/DerivedData-codex-compat-takeover/Build/Products/Debug-iphonesimulator/KanpanUITests-Runner.app/PlugIns/KanpanUITests.xctest/Info.plist --temp-dir-path /Users/mdd/zhk/kanpan/DerivedData-codex-compat-takeover/Build/Intermediates.noindex/Kanpan.build/Debug-iphonesimulator/KanpanUITests.build/ssu --bundle-id com.mdd.kanpan.uitests --product-path /Users/mdd/zhk/kanpan/DerivedData-codex-compat-takeover/Build/Products/Debug-iphonesimulator/KanpanUITests-Runner.app/PlugIns/KanpanUITests.xctest --extracted-metadata-path /Users/mdd/zhk/kanpan/DerivedData-codex-compat-takeover/Build/Products/Debug-iphonesimulator/KanpanUITests-Runner.app/PlugIns/KanpanUITests.xctest/Metadata.appintents --metadata-file-list /Users/mdd/zhk/kanpan/DerivedData-codex-compat-takeover/Build/Intermediates.noindex/Kanpan.build/Debug-iphonesimulator/KanpanUITests.build/KanpanUITests.DependencyMetadataFileList --source-file /Users/mdd/zhk/kanpan/DerivedData-codex-compat-takeover/Build/Products/Debug-iphonesimulator/KanpanUITests-Runner.app/PlugIns/KanpanUITests.xctest/Info.plist --archive-ssu-assets
2026-09-14 23:53:36.957 appintentsnltrainingprocessor[92082:31697454] Parsing options for appintentsnltrainingprocessor
2026-09-14 23:53:36.957 appintentsnltrainingprocessor[92082:31697454] Starting AppIntents SSU YAML Generation
2026-09-14 23:53:36.957 appintentsnltrainingprocessor[92082:31697454] No AppShortcuts found - Skipping.

MkDir /Users/mdd/zhk/kanpan/DerivedData-codex-compat-takeover/Build/Products/Debug-iphonesimulator/KanpanUITests-Runner.app (in target 'KanpanUITests' from project 'Kanpan')
    cd /Users/mdd/zhk/kanpan/Kanpan
    /bin/mkdir -p /Users/mdd/zhk/kanpan/DerivedData-codex-compat-takeover/Build/Products/Debug-iphonesimulator/KanpanUITests-Runner.app

CopyPlistFile /Users/mdd/zhk/kanpan/DerivedData-codex-compat-takeover/Build/Products/Debug-iphonesimulator/KanpanUITests-Runner.app/Info.plist /Applications/Xcode.app/Contents/Developer/Platforms/iPhoneSimulator.platform/Developer/Library/Xcode/Agents/XCTRunner.app/Info.plist (in target 'KanpanUITests' from project 'Kanpan')
    cd /Users/mdd/zhk/kanpan/Kanpan
    builtin-copyPlist --validate --convert xml1 --macro-expansion WRAPPEDPRODUCTNAME KanpanUITests-Runner --macro-expansion WRAPPEDPRODUCTBUNDLEIDENTIFIER com.mdd.kanpan.uitests.xctrunner --macro-expansion TESTPRODUCTNAME KanpanUITests --macro-expansion TESTPRODUCTBUNDLEIDENTIFIER com.mdd.kanpan.uitests --copy-value UIDeviceFamily /Users/mdd/zhk/kanpan/DerivedData-codex-compat-takeover/Build/Products/Debug-iphonesimulator/KanpanUITests-Runner.app/PlugIns/KanpanUITests.xctest/Info.plist --outdir /Users/mdd/zhk/kanpan/DerivedData-codex-compat-takeover/Build/Products/Debug-iphonesimulator/KanpanUITests-Runner.app -- /Applications/Xcode.app/Contents/Developer/Platforms/iPhoneSimulator.platform/Developer/Library/Xcode/Agents/XCTRunner.app/Info.plist

CopyAndPreserveArchs /Users/mdd/zhk/kanpan/DerivedData-codex-compat-takeover/Build/Products/Debug-iphonesimulator/KanpanUITests-Runner.app/KanpanUITests-Runner (in target 'KanpanUITests' from project 'Kanpan')
    cd /Users/mdd/zhk/kanpan/Kanpan
    /Applications/Xcode.app/Contents/Developer/Toolchains/XcodeDefault.xctoolchain/usr/bin/lipo /Applications/Xcode.app/Contents/Developer/Platforms/iPhoneSimulator.platform/Developer/Library/Xcode/Agents/XCTRunner.app/XCTRunner -output /Users/mdd/zhk/kanpan/DerivedData-codex-compat-takeover/Build/Products/Debug-iphonesimulator/KanpanUITests-Runner.app/KanpanUITests-Runner -extract arm64

Copy /Users/mdd/zhk/kanpan/DerivedData-codex-compat-takeover/Build/Products/Debug-iphonesimulator/KanpanUITests-Runner.app/PkgInfo /Applications/Xcode.app/Contents/Developer/Platforms/iPhoneSimulator.platform/Developer/Library/Xcode/Agents/XCTRunner.app/PkgInfo (in target 'KanpanUITests' from project 'Kanpan')
    cd /Users/mdd/zhk/kanpan/Kanpan
    builtin-copy -exclude .DS_Store -exclude CVS -exclude .svn -exclude .git -exclude .hg -strip-unsigned-binaries -strip-deterministic -strip-tool /Applications/Xcode.app/Contents/Developer/Toolchains/XcodeDefault.xctoolchain/usr/bin/strip -resolve-src-symlinks /Applications/Xcode.app/Contents/Developer/Platforms/iPhoneSimulator.platform/Developer/Library/Xcode/Agents/XCTRunner.app/PkgInfo /Users/mdd/zhk/kanpan/DerivedData-codex-compat-takeover/Build/Products/Debug-iphonesimulator/KanpanUITests-Runner.app

Copy /Users/mdd/zhk/kanpan/DerivedData-codex-compat-takeover/Build/Products/Debug-iphonesimulator/KanpanUITests-Runner.app/Frameworks/XCUnit.framework /Applications/Xcode.app/Contents/Developer/Platforms/iPhoneSimulator.platform/Developer/Library/PrivateFrameworks/XCUnit.framework (in target 'KanpanUITests' from project 'Kanpan')
    cd /Users/mdd/zhk/kanpan/Kanpan
    builtin-copy -exclude .DS_Store -exclude CVS -exclude .svn -exclude .git -exclude .hg -exclude Headers -exclude PrivateHeaders -exclude Modules -exclude \*.tbd -strip-unsigned-binaries -strip-deterministic -strip-tool /Applications/Xcode.app/Contents/Developer/Toolchains/XcodeDefault.xctoolchain/usr/bin/strip -resolve-src-symlinks /Applications/Xcode.app/Contents/Developer/Platforms/iPhoneSimulator.platform/Developer/Library/PrivateFrameworks/XCUnit.framework /Users/mdd/zhk/kanpan/DerivedData-codex-compat-takeover/Build/Products/Debug-iphonesimulator/KanpanUITests-Runner.app/Frameworks
warning: not stripping binary because it is signed: /Applications/Xcode.app/Contents/Developer/Platforms/iPhoneSimulator.platform/Developer/Library/PrivateFrameworks/XCUnit.framework/XCUnit (in target 'KanpanUITests' from project 'Kanpan')

Copy /Users/mdd/zhk/kanpan/DerivedData-codex-compat-takeover/Build/Products/Debug-iphonesimulator/KanpanUITests-Runner.app/Frameworks/XCUIAutomation.framework /Applications/Xcode.app/Contents/Developer/Platforms/iPhoneSimulator.platform/Developer/Library/Frameworks/XCUIAutomation.framework (in target 'KanpanUITests' from project 'Kanpan')
    cd /Users/mdd/zhk/kanpan/Kanpan
    builtin-copy -exclude .DS_Store -exclude CVS -exclude .svn -exclude .git -exclude .hg -exclude Headers -exclude PrivateHeaders -exclude Modules -exclude \*.tbd -strip-unsigned-binaries -strip-deterministic -strip-tool /Applications/Xcode.app/Contents/Developer/Toolchains/XcodeDefault.xctoolchain/usr/bin/strip -resolve-src-symlinks /Applications/Xcode.app/Contents/Developer/Platforms/iPhoneSimulator.platform/Developer/Library/Frameworks/XCUIAutomation.framework /Users/mdd/zhk/kanpan/DerivedData-codex-compat-takeover/Build/Products/Debug-iphonesimulator/KanpanUITests-Runner.app/Frameworks
warning: not stripping binary because it is signed: /Applications/Xcode.app/Contents/Developer/Platforms/iPhoneSimulator.platform/Developer/Library/Frameworks/XCUIAutomation.framework/XCUIAutomation (in target 'KanpanUITests' from project 'Kanpan')

Copy /Users/mdd/zhk/kanpan/DerivedData-codex-compat-takeover/Build/Products/Debug-iphonesimulator/KanpanUITests-Runner.app/Frameworks/XCTestSupport.framework /Applications/Xcode.app/Contents/Developer/Platforms/iPhoneSimulator.platform/Developer/Library/PrivateFrameworks/XCTestSupport.framework (in target 'KanpanUITests' from project 'Kanpan')
    cd /Users/mdd/zhk/kanpan/Kanpan
    builtin-copy -exclude .DS_Store -exclude CVS -exclude .svn -exclude .git -exclude .hg -exclude Headers -exclude PrivateHeaders -exclude Modules -exclude \*.tbd -strip-unsigned-binaries -strip-deterministic -strip-tool /Applications/Xcode.app/Contents/Developer/Toolchains/XcodeDefault.xctoolchain/usr/bin/strip -resolve-src-symlinks /Applications/Xcode.app/Contents/Developer/Platforms/iPhoneSimulator.platform/Developer/Library/PrivateFrameworks/XCTestSupport.framework /Users/mdd/zhk/kanpan/DerivedData-codex-compat-takeover/Build/Products/Debug-iphonesimulator/KanpanUITests-Runner.app/Frameworks
warning: not stripping binary because it is signed: /Applications/Xcode.app/Contents/Developer/Platforms/iPhoneSimulator.platform/Developer/Library/PrivateFrameworks/XCTestSupport.framework/XCTestSupport (in target 'KanpanUITests' from project 'Kanpan')

Copy /Users/mdd/zhk/kanpan/DerivedData-codex-compat-takeover/Build/Products/Debug-iphonesimulator/KanpanUITests-Runner.app/Frameworks/XCTestCore.framework /Applications/Xcode.app/Contents/Developer/Platforms/iPhoneSimulator.platform/Developer/Library/PrivateFrameworks/XCTestCore.framework (in target 'KanpanUITests' from project 'Kanpan')
    cd /Users/mdd/zhk/kanpan/Kanpan
    builtin-copy -exclude .DS_Store -exclude CVS -exclude .svn -exclude .git -exclude .hg -exclude Headers -exclude PrivateHeaders -exclude Modules -exclude \*.tbd -strip-unsigned-binaries -strip-deterministic -strip-tool /Applications/Xcode.app/Contents/Developer/Toolchains/XcodeDefault.xctoolchain/usr/bin/strip -resolve-src-symlinks /Applications/Xcode.app/Contents/Developer/Platforms/iPhoneSimulator.platform/Developer/Library/PrivateFrameworks/XCTestCore.framework /Users/mdd/zhk/kanpan/DerivedData-codex-compat-takeover/Build/Products/Debug-iphonesimulator/KanpanUITests-Runner.app/Frameworks
warning: not stripping binary because it is signed: /Applications/Xcode.app/Contents/Developer/Platforms/iPhoneSimulator.platform/Developer/Library/PrivateFrameworks/XCTestCore.framework/XCTestCore (in target 'KanpanUITests' from project 'Kanpan')

Copy /Users/mdd/zhk/kanpan/DerivedData-codex-compat-takeover/Build/Products/Debug-iphonesimulator/KanpanUITests-Runner.app/Frameworks/libXCTestSwiftSupport.dylib /Applications/Xcode.app/Contents/Developer/Platforms/iPhoneSimulator.platform/Developer/usr/lib/libXCTestSwiftSupport.dylib (in target 'KanpanUITests' from project 'Kanpan')
    cd /Users/mdd/zhk/kanpan/Kanpan
    builtin-copy -exclude .DS_Store -exclude CVS -exclude .svn -exclude .git -exclude .hg -exclude Headers -exclude PrivateHeaders -exclude Modules -exclude \*.tbd -strip-unsigned-binaries -strip-deterministic -strip-tool /Applications/Xcode.app/Contents/Developer/Toolchains/XcodeDefault.xctoolchain/usr/bin/strip -resolve-src-symlinks /Applications/Xcode.app/Contents/Developer/Platforms/iPhoneSimulator.platform/Developer/usr/lib/libXCTestSwiftSupport.dylib /Users/mdd/zhk/kanpan/DerivedData-codex-compat-takeover/Build/Products/Debug-iphonesimulator/KanpanUITests-Runner.app/Frameworks
warning: not stripping binary because it is signed: /Applications/Xcode.app/Contents/Developer/Platforms/iPhoneSimulator.platform/Developer/usr/lib/libXCTestSwiftSupport.dylib (in target 'KanpanUITests' from project 'Kanpan')

Copy /Users/mdd/zhk/kanpan/DerivedData-codex-compat-takeover/Build/Products/Debug-iphonesimulator/KanpanUITests-Runner.app/Frameworks/XCTest.framework /Applications/Xcode.app/Contents/Developer/Platforms/iPhoneSimulator.platform/Developer/Library/Frameworks/XCTest.framework (in target 'KanpanUITests' from project 'Kanpan')
    cd /Users/mdd/zhk/kanpan/Kanpan
    builtin-copy -exclude .DS_Store -exclude CVS -exclude .svn -exclude .git -exclude .hg -exclude Headers -exclude PrivateHeaders -exclude Modules -exclude \*.tbd -strip-unsigned-binaries -strip-deterministic -strip-tool /Applications/Xcode.app/Contents/Developer/Toolchains/XcodeDefault.xctoolchain/usr/bin/strip -resolve-src-symlinks /Applications/Xcode.app/Contents/Developer/Platforms/iPhoneSimulator.platform/Developer/Library/Frameworks/XCTest.framework /Users/mdd/zhk/kanpan/DerivedData-codex-compat-takeover/Build/Products/Debug-iphonesimulator/KanpanUITests-Runner.app/Frameworks
warning: not stripping binary because it is signed: /Applications/Xcode.app/Contents/Developer/Platforms/iPhoneSimulator.platform/Developer/Library/Frameworks/XCTest.framework/XCTest (in target 'KanpanUITests' from project 'Kanpan')

Copy /Users/mdd/zhk/kanpan/DerivedData-codex-compat-takeover/Build/Products/Debug-iphonesimulator/KanpanUITests-Runner.app/Frameworks/XCTAutomationSupport.framework /Applications/Xcode.app/Contents/Developer/Platforms/iPhoneSimulator.platform/Developer/Library/PrivateFrameworks/XCTAutomationSupport.framework (in target 'KanpanUITests' from project 'Kanpan')
    cd /Users/mdd/zhk/kanpan/Kanpan
    builtin-copy -exclude .DS_Store -exclude CVS -exclude .svn -exclude .git -exclude .hg -exclude Headers -exclude PrivateHeaders -exclude Modules -exclude \*.tbd -strip-unsigned-binaries -strip-deterministic -strip-tool /Applications/Xcode.app/Contents/Developer/Toolchains/XcodeDefault.xctoolchain/usr/bin/strip -resolve-src-symlinks /Applications/Xcode.app/Contents/Developer/Platforms/iPhoneSimulator.platform/Developer/Library/PrivateFrameworks/XCTAutomationSupport.framework /Users/mdd/zhk/kanpan/DerivedData-codex-compat-takeover/Build/Products/Debug-iphonesimulator/KanpanUITests-Runner.app/Frameworks
warning: not stripping binary because it is signed: /Applications/Xcode.app/Contents/Developer/Platforms/iPhoneSimulator.platform/Developer/Library/PrivateFrameworks/XCTAutomationSupport.framework/XCTAutomationSupport (in target 'KanpanUITests' from project 'Kanpan')

Copy /Users/mdd/zhk/kanpan/DerivedData-codex-compat-takeover/Build/Products/Debug-iphonesimulator/KanpanUITests-Runner.app/Frameworks/Testing.framework /Applications/Xcode.app/Contents/Developer/Platforms/iPhoneSimulator.platform/Developer/Library/Frameworks/Testing.framework (in target 'KanpanUITests' from project 'Kanpan')
    cd /Users/mdd/zhk/kanpan/Kanpan
    builtin-copy -exclude .DS_Store -exclude CVS -exclude .svn -exclude .git -exclude .hg -exclude Headers -exclude PrivateHeaders -exclude Modules -exclude \*.tbd -strip-unsigned-binaries -strip-deterministic -strip-tool /Applications/Xcode.app/Contents/Developer/Toolchains/XcodeDefault.xctoolchain/usr/bin/strip -resolve-src-symlinks /Applications/Xcode.app/Contents/Developer/Platforms/iPhoneSimulator.platform/Developer/Library/Frameworks/Testing.framework /Users/mdd/zhk/kanpan/DerivedData-codex-compat-takeover/Build/Products/Debug-iphonesimulator/KanpanUITests-Runner.app/Frameworks
warning: not stripping binary because it is signed: /Applications/Xcode.app/Contents/Developer/Platforms/iPhoneSimulator.platform/Developer/Library/Frameworks/Testing.framework/Testing (in target 'KanpanUITests' from project 'Kanpan')

CodeSign /Users/mdd/zhk/kanpan/DerivedData-codex-compat-takeover/Build/Products/Debug-iphonesimulator/KanpanUITests-Runner.app/PlugIns/KanpanUITests.xctest (in target 'KanpanUITests' from project 'Kanpan')
    cd /Users/mdd/zhk/kanpan/Kanpan
    
    Signing Identity:     "Sign to Run Locally"
    
    /usr/bin/codesign --force --sign - --timestamp\=none --generate-entitlement-der /Users/mdd/zhk/kanpan/DerivedData-codex-compat-takeover/Build/Products/Debug-iphonesimulator/KanpanUITests-Runner.app/PlugIns/KanpanUITests.xctest

RegisterExecutionPolicyException /Users/mdd/zhk/kanpan/DerivedData-codex-compat-takeover/Build/Products/Debug-iphonesimulator/KanpanUITests-Runner.app/PlugIns/KanpanUITests.xctest (in target 'KanpanUITests' from project 'Kanpan')
    cd /Users/mdd/zhk/kanpan/Kanpan
    builtin-RegisterExecutionPolicyException /Users/mdd/zhk/kanpan/DerivedData-codex-compat-takeover/Build/Products/Debug-iphonesimulator/KanpanUITests-Runner.app/PlugIns/KanpanUITests.xctest

CodeSign /Users/mdd/zhk/kanpan/DerivedData-codex-compat-takeover/Build/Products/Debug-iphonesimulator/KanpanUITests-Runner.app (in target 'KanpanUITests' from project 'Kanpan')
    cd /Users/mdd/zhk/kanpan/Kanpan
    
    Signing Identity:     "Sign to Run Locally"
    
    /usr/bin/codesign --force --sign - --timestamp\=none --generate-entitlement-der /Users/mdd/zhk/kanpan/DerivedData-codex-compat-takeover/Build/Products/Debug-iphonesimulator/KanpanUITests-Runner.app
/Users/mdd/zhk/kanpan/DerivedData-codex-compat-takeover/Build/Products/Debug-iphonesimulator/KanpanUITests-Runner.app: replacing existing signature

Touch /Users/mdd/zhk/kanpan/DerivedData-codex-compat-takeover/Build/Products/Debug-iphonesimulator/KanpanUITests-Runner.app/PlugIns/KanpanUITests.xctest (in target 'KanpanUITests' from project 'Kanpan')
    cd /Users/mdd/zhk/kanpan/Kanpan
    /usr/bin/touch -c /Users/mdd/zhk/kanpan/DerivedData-codex-compat-takeover/Build/Products/Debug-iphonesimulator/KanpanUITests-Runner.app/PlugIns/KanpanUITests.xctest

2026-09-14 23:54:02.689819+0800 KanpanUITests-Runner[92357:31700203] [Default] Running tests...
2026-09-14 23:54:02.728436+0800 KanpanUITests-Runner[92357:31700203] [UIKit App Config] Update the Info.plist: Launch screens will soon be required.
objc[92357]: Class UIAccessibilityLoaderWebShared is implemented in both /Library/Developer/CoreSimulator/Volumes/iOS_23F77/Library/Developer/CoreSimulator/Profiles/Runtimes/iOS 26.5.simruntime/Contents/Resources/RuntimeRoot/System/Library/AccessibilityBundles/WebCore.axbundle/WebCore (0x10ba48310) and /Library/Developer/CoreSimulator/Volumes/iOS_23F77/Library/Developer/CoreSimulator/Profiles/Runtimes/iOS 26.5.simruntime/Contents/Resources/RuntimeRoot/System/Library/AccessibilityBundles/WebKit.axbundle/WebKit (0x10aef4398). This may cause spurious casting failures and mysterious crashes. One of the duplicates must be removed or renamed.
    t =      nans Interface orientation changed to Portrait
Test Suite 'Selected tests' started at 2026-09-14 23:54:07.879.
Test Suite 'KanpanUITests.xctest' started at 2026-09-14 23:54:07.880.
Test Suite 'MainScreenUITests' started at 2026-09-14 23:54:07.880.
Test Case '-[KanpanUITests.MainScreenUITests testLatestButtonAppearsAfterLeavingLatest]' started.
    t =     0.00s Start Test at 2026-09-14 23:54:07.882
    t =     0.44s Set Up
    t =     0.46s     Open com.mdd.kanpan
    t =     0.46s         Launch com.mdd.kanpan
2026-09-14 23:54:08.919 xcodebuild[91813:31695801] [MT] IDELaunchParametersSnapshot: The operation couldn’t be completed. (DebuggerLLDB.DebuggerVersionStore.StoreError error 0.)
2026-09-14 23:54:08.920 xcodebuild[91813:31695801] [MT] IDELaunchParametersSnapshot: no debugger version
    t =     2.52s             Setting up automation session
    t =     3.58s             Wait for com.mdd.kanpan to idle
    t =     5.49s     Waiting 30.0s for "top.symbol" Button to exist
    t =     6.53s         Checking `Expect predicate `existsNoRetry == 1` for object "top.symbol" Button`
    t =     6.53s             Checking existence of `"top.symbol" Button`
    t =     6.63s     Find the Window (First Match)
    t =     6.64s     Find the "interval.more" Button
    t =     6.66s     Find the "bottom.style" Button
    t =     6.79s Find the "chart.latest" Button
    t =     6.83s Press Window (First Match)[0.00, 0.00] -> (40.0, 677.3) for 0.1 seconds, then drag to Window (First Match)[0.00, 0.00] -> (40.0, 677.3) -> (220.0, 0.0) with velocity of 500.00 pixels per second, and then hold for 0.0 seconds 
    t =     6.84s     Wait for com.mdd.kanpan to idle
    t =     6.86s     Find the Window (First Match)
    t =     6.87s     Check for interrupting elements affecting Window
    t =     6.93s         Wait for com.apple.springboard to idle
    t =     7.01s     Synthesize event
    t =     7.01s         Find the Window at {{0.0, 0.0}, {1032.0, 1376.0}}
    t =     7.07s         Find the Window at {{0.0, 0.0}, {1032.0, 1376.0}}
    t =     7.09s         Find the Window at {{0.0, 0.0}, {1032.0, 1376.0}}
    t =     7.10s         Find the Window at {{0.0, 0.0}, {1032.0, 1376.0}}
    t =     7.12s         Find the Window at {{0.0, 0.0}, {1032.0, 1376.0}}
    t =     7.97s     Wait for com.mdd.kanpan to idle
    t =     8.01s Find the "chart.latest" Button
    t =     8.21s Find the "chart.latest" Button
    t =     8.24s Tap "chart.latest" Button
    t =     8.24s     Wait for com.mdd.kanpan to idle
    t =     8.25s     Find the "chart.latest" Button
    t =     8.26s     Check for interrupting elements affecting "chart.latest" Button
    t =     8.28s         Wait for com.apple.springboard to idle
    t =     8.30s     Synthesize event
    t =     8.59s     Wait for com.mdd.kanpan to idle
    t =     8.59s Find the "chart.latest" Button
    t =     8.95s Find the "chart.latest" Button
    t =     9.40s Find the "chart.latest" Button
    t =     9.73s Find the "chart.latest" Button
    t =    10.04s Find the "chart.latest" Button
    t =    10.34s Find the "chart.latest" Button
    t =    10.61s Find the "chart.latest" Button
    t =    10.93s Find the "chart.latest" Button
    t =    11.22s Find the "chart.latest" Button
    t =    11.49s Find the "chart.latest" Button
    t =    11.79s Find the "chart.latest" Button
    t =    12.08s Find the "chart.latest" Button
    t =    12.36s Find the "chart.latest" Button
    t =    12.65s Find the "chart.latest" Button
    t =    12.93s Find the "chart.latest" Button
    t =    13.20s Find the "chart.latest" Button
    t =    13.47s Find the "chart.latest" Button
    t =    13.76s Find the "chart.latest" Button
    t =    14.05s Find the "chart.latest" Button
    t =    14.34s Find the "chart.latest" Button
    t =    14.66s Find the "chart.latest" Button
    t =    14.98s Find the "chart.latest" Button
    t =    15.31s Find the "chart.latest" Button
    t =    15.62s Find the "chart.latest" Button
    t =    15.90s Find the "chart.latest" Button
    t =    16.24s Find the "chart.latest" Button
    t =    16.52s Find the "chart.latest" Button
    t =    16.86s Find the "chart.latest" Button
    t =    16.88s Checking existence of `"chart.latest" Button`
    t =    16.90s Find the "chart.latest" Button
    t =    16.91s Find the "chart.latest" Button
[UIHit] chart.latest callback count: Optional(0)
    t =    16.94s Find the "chart.canvas" Other
[UIHit] chart state: Optional({"axisW":58,"bars":1500,"bodyW":2.5,"centerY":0.5,"crosshair":true,"crossPane":"OI","dataDisplay":"inside","from":1788323400000,"gestureTrace":"","height":1485.8,"hiddenMA":[],"inverted":false,"ma":[10,30,120,256],"macd":[10,30,9],"mainH":734.39999999999998,"mode":"log","oiReady":true,"plotW":974,"portraitHeight":0.5,"scrollY":0,"spacing":4,"span":876600000,"style":"aicoin","subs":["VOL","OI","MACD"],"timeY":734.39999999999998,"to":1789200000000,"viewportH":1147.5,"zoomY":1})
    t =    16.96s Find the "chart.latest" Button
    t =    16.98s Find the "chart.latest" Button
[A8.4] chart.latest 正中心点不动，改点框内 1/3 处重试
    t =    16.99s Tap Target Application 'com.mdd.kanpan'[0.00, 0.00] -> (957.0, 1260.5)
    t =    16.99s     Wait for com.mdd.kanpan to idle
    t =    17.00s     Find the Target Application 'com.mdd.kanpan'
    t =    17.01s     Check for interrupting elements affecting "看盘" Application
    t =    17.04s         Wait for com.apple.springboard to idle
    t =    17.07s     Synthesize event
    t =    17.08s         Find the Target Application 'com.mdd.kanpan'
    t =    17.08s         Find the Target Application 'com.mdd.kanpan'
    t =    17.10s         Find the Target Application 'com.mdd.kanpan'
    t =    17.41s     Wait for com.mdd.kanpan to idle
    t =    17.52s Find the "chart.latest" Button
    t =    17.60s Find the "chart.latest" Button
    t =    17.63s Press Window (First Match)[0.00, 0.00] -> (40.0, 677.3) for 0.1 seconds, then drag to Window (First Match)[0.00, 0.00] -> (40.0, 677.3) -> (220.0, 0.0) with velocity of 500.00 pixels per second, and then hold for 0.0 seconds 
    t =    17.63s     Wait for com.mdd.kanpan to idle
    t =    17.63s     Find the Window (First Match)
    t =    17.64s     Check for interrupting elements affecting Window
    t =    17.65s         Wait for com.apple.springboard to idle
    t =    17.68s     Synthesize event
    t =    17.68s         Find the Window at {{0.0, 0.0}, {1032.0, 1376.0}}
    t =    17.70s         Find the Window at {{0.0, 0.0}, {1032.0, 1376.0}}
    t =    17.73s         Find the Window at {{0.0, 0.0}, {1032.0, 1376.0}}
    t =    17.74s         Find the Window at {{0.0, 0.0}, {1032.0, 1376.0}}
    t =    17.77s         Find the Window at {{0.0, 0.0}, {1032.0, 1376.0}}
    t =    18.53s     Wait for com.mdd.kanpan to idle
    t =    18.54s Find the "chart.latest" Button
    t =    18.83s Find the "chart.latest" Button
    t =    19.15s Find the "chart.latest" Button
    t =    19.45s Find the "chart.latest" Button
    t =    19.75s Find the "chart.latest" Button
    t =    20.05s Find the "chart.latest" Button
    t =    20.34s Find the "chart.latest" Button
    t =    20.62s Find the "chart.latest" Button
    t =    20.91s Find the "chart.latest" Button
    t =    21.25s Find the "chart.latest" Button
    t =    21.57s Find the "chart.latest" Button
    t =    21.87s Find the "chart.latest" Button
    t =    22.17s Find the "chart.latest" Button
    t =    22.51s Find the "chart.latest" Button
    t =    22.80s Find the "chart.latest" Button
    t =    23.09s Find the "chart.latest" Button
    t =    23.41s Find the "chart.latest" Button
    t =    23.86s Find the "chart.latest" Button
    t =    24.17s Find the "chart.latest" Button
    t =    24.46s Find the "chart.latest" Button
    t =    24.79s Find the "chart.latest" Button
    t =    25.10s Find the "chart.latest" Button
    t =    25.44s Find the "chart.latest" Button
    t =    25.88s Find the "chart.latest" Button
    t =    26.25s Find the "chart.latest" Button
    t =    26.54s Find the "chart.latest" Button
/Users/mdd/zhk/kanpan/Kanpan/KanpanUITests/MainScreenUITests.swift:166: error: -[KanpanUITests.MainScreenUITests testLatestButtonAppearsAfterLeavingLatest] : XCTAssertTrue failed - 视野离开最新一根了，「回到最新」没出现
    t =    26.95s Tear Down
Test Case '-[KanpanUITests.MainScreenUITests testLatestButtonAppearsAfterLeavingLatest]' failed (27.040 seconds).
2026-09-14 23:54:34.922702+0800 KanpanUITests-Runner[92357:31700203] [Default] Flushing outgoing messages to the IDE with timeout 600.00s
2026-09-14 23:54:34.923768+0800 KanpanUITests-Runner[92357:31700409] [Default] Received confirmation that IDE processed remaining outgoing messages
2026-09-14 23:54:36.915893+0800 KanpanUITests-Runner[92524:31702444] [Default] Running tests...
2026-09-14 23:54:37.021220+0800 KanpanUITests-Runner[92524:31702444] [UIKit App Config] Update the Info.plist: Launch screens will soon be required.
    t =      nans Interface orientation changed to Portrait

Restarting after unexpected exit, crash, or test timeout; summary will include totals from previous launches.

Test Suite 'Selected tests' started at 2026-09-14 23:54:37.936.
Test Suite 'KanpanUITests.xctest' started at 2026-09-14 23:54:37.937.
Test Suite 'MainScreenUITests' started at 2026-09-14 23:54:37.937.
Test Case '-[KanpanUITests.MainScreenUITests testSearchButtonOpensSymbolPage]' started.
    t =     0.00s Start Test at 2026-09-14 23:54:37.938
    t =     0.05s Set Up
    t =     0.05s     Open com.mdd.kanpan
    t =     0.05s         Launch com.mdd.kanpan
2026-09-14 23:54:37.996 xcodebuild[91813:31695801] [MT] IDELaunchParametersSnapshot: The operation couldn’t be completed. (DebuggerLLDB.DebuggerVersionStore.StoreError error 0.)
2026-09-14 23:54:37.996 xcodebuild[91813:31695801] [MT] IDELaunchParametersSnapshot: no debugger version
    t =     0.49s             Setting up automation session
    t =     1.38s             Wait for com.mdd.kanpan to idle
    t =     3.38s     Waiting 30.0s for "top.symbol" Button to exist
    t =     4.40s         Checking `Expect predicate `existsNoRetry == 1` for object "top.symbol" Button`
    t =     4.41s             Checking existence of `"top.symbol" Button`
    t =     4.47s     Find the Window (First Match)
    t =     4.52s     Find the "interval.more" Button
    t =     4.54s     Find the "bottom.style" Button
    t =     4.67s Tap "top.search" Button
    t =     4.67s     Wait for com.mdd.kanpan to idle
    t =     4.70s     Find the "top.search" Button
    t =     4.73s     Check for interrupting elements affecting "top.search" Button
    t =     4.76s         Wait for com.apple.springboard to idle
    t =     4.85s     Synthesize event
    t =     5.18s     Wait for com.mdd.kanpan to idle
objc[92524]: Class UIAccessibilityLoaderWebShared is implemented in both /Library/Developer/CoreSimulator/Volumes/iOS_23F77/Library/Developer/CoreSimulator/Profiles/Runtimes/iOS 26.5.simruntime/Contents/Resources/RuntimeRoot/System/Library/AccessibilityBundles/WebCore.axbundle/WebCore (0x10856c310) and /Library/Developer/CoreSimulator/Volumes/iOS_23F77/Library/Developer/CoreSimulator/Profiles/Runtimes/iOS 26.5.simruntime/Contents/Resources/RuntimeRoot/System/Library/AccessibilityBundles/WebKit.axbundle/WebKit (0x10840c398). This may cause spurious casting failures and mysterious crashes. One of the duplicates must be removed or renamed.
    t =     5.96s Checking existence of `"top.search" Button`
    t =     6.43s Find the "top.search" Button
[UIHit] search callback count: Optional(1)
    t =     6.84s Waiting 8.0s for "symbols.query" TextField to exist
    t =     7.90s     Checking `Expect predicate `existsNoRetry == 1` for object "symbols.query" TextField`
    t =     7.90s         Checking existence of `"symbols.query" TextField`
    t =     8.01s Tap "symbols.back" Button
    t =     8.01s     Wait for com.mdd.kanpan to idle
    t =     8.03s     Find the "symbols.back" Button
    t =     8.21s     Check for interrupting elements affecting "symbols.back" Button
    t =     8.37s         Wait for com.apple.springboard to idle
    t =     8.44s     Synthesize event
    t =     8.81s     Wait for com.mdd.kanpan to idle
    t =     9.31s Checking existence of `"symbols.back" Button`
    t =     9.34s Tear Down
Test Case '-[KanpanUITests.MainScreenUITests testSearchButtonOpensSymbolPage]' passed (9.725 seconds).
Test Suite 'MainScreenUITests' passed at 2026-09-14 23:54:47.663.
	 Executed 1 test, with 0 failures (0 unexpected) in 9.725 (9.726) seconds
Test Suite 'KanpanUITests.xctest' passed at 2026-09-14 23:54:47.664.
	 Executed 1 test, with 0 failures (0 unexpected) in 9.725 (9.727) seconds
Test Suite 'Selected tests' passed at 2026-09-14 23:54:47.664.
	 Executed 1 test, with 0 failures (0 unexpected) in 9.725 (9.728) seconds
2026-09-14 23:55:00.921 xcodebuild[91813:31695801] [MT] IDETestOperationsObserverDebug: 83.882 elapsed -- Testing started completed.
2026-09-14 23:55:00.922 xcodebuild[91813:31695801] [MT] IDETestOperationsObserverDebug: 0.000 sec, +0.000 sec -- start
2026-09-14 23:55:00.922 xcodebuild[91813:31695801] [MT] IDETestOperationsObserverDebug: 83.882 sec, +83.882 sec -- end

Test session results, code coverage, and logs:
	/Users/mdd/zhk/kanpan/docs/acceptance/AICoin-base/compatibility/iPad-Pro13-takeover-r1.xcresult

Failing tests:
	MainScreenUITests.testLatestButtonAppearsAfterLeavingLatest()

** TEST FAILED **

Testing started
