Command line invocation:
    /Applications/Xcode.app/Contents/Developer/usr/bin/xcodebuild build-for-testing -workspace Kanpan.xcworkspace -scheme Kanpan -destination "generic/platform=iOS Simulator" -derivedDataPath /tmp/kanpan-p2-dd

Resolve Package Graph


Resolved source packages:
  KanpanReview: /Users/mdd/zhk/kanpan-p2/KanpanReview @ local
  KanpanChart: /Users/mdd/zhk/kanpan-p2/KanpanChart @ local
  KanpanData: /Users/mdd/zhk/kanpan-p2/KanpanData @ local
  KanpanAccount: /Users/mdd/zhk/kanpan-p2/KanpanAccount @ local
  KanpanNetwork: /Users/mdd/zhk/kanpan-p2/KanpanNetwork @ local
  KanpanCore: /Users/mdd/zhk/kanpan-p2/KanpanCore @ local

ComputePackagePrebuildTargetDependencyGraph

Prepare packages

CreateBuildRequest

SendProjectDescription

CreateBuildOperation

ComputeTargetDependencyGraph
note: Building targets in dependency order
note: Target dependency graph (16 targets)
    Target 'KanpanUITests' in project 'Kanpan'
        ➜ Explicit dependency on target 'Kanpan' in project 'Kanpan'
    Target 'Kanpan' in project 'Kanpan'
        ➜ Explicit dependency on target 'KanpanCore' in project 'KanpanCore'
        ➜ Explicit dependency on target 'KanpanChart' in project 'KanpanChart'
        ➜ Explicit dependency on target 'KanpanData' in project 'KanpanData'
        ➜ Explicit dependency on target 'KanpanReview' in project 'KanpanReview'
        ➜ Explicit dependency on target 'KanpanAccount' in project 'KanpanAccount'
    Target 'KanpanAccount' in project 'KanpanAccount'
        ➜ Explicit dependency on target 'KanpanAccount' in project 'KanpanAccount'
    Target 'KanpanAccount' in project 'KanpanAccount' (no dependencies)
    Target 'KanpanReview' in project 'KanpanReview'
        ➜ Explicit dependency on target 'ReviewDomain' in project 'KanpanReview'
        ➜ Explicit dependency on target 'ReviewData' in project 'KanpanReview'
        ➜ Explicit dependency on target 'ReviewUI' in project 'KanpanReview'
        ➜ Explicit dependency on target 'KanpanCore' in project 'KanpanCore'
    Target 'ReviewUI' in project 'KanpanReview'
        ➜ Explicit dependency on target 'ReviewDomain' in project 'KanpanReview'
        ➜ Explicit dependency on target 'ReviewData' in project 'KanpanReview'
        ➜ Explicit dependency on target 'KanpanCore' in project 'KanpanCore'
    Target 'ReviewData' in project 'KanpanReview'
        ➜ Explicit dependency on target 'ReviewDomain' in project 'KanpanReview'
    Target 'ReviewDomain' in project 'KanpanReview' (no dependencies)
    Target 'KanpanData' in project 'KanpanData'
        ➜ Explicit dependency on target 'KanpanData' in project 'KanpanData'
        ➜ Explicit dependency on target 'KanpanCore' in project 'KanpanCore'
        ➜ Explicit dependency on target 'KanpanNetwork' in project 'KanpanNetwork'
    Target 'KanpanData' in project 'KanpanData'
        ➜ Explicit dependency on target 'KanpanCore' in project 'KanpanCore'
        ➜ Explicit dependency on target 'KanpanNetwork' in project 'KanpanNetwork'
    Target 'KanpanNetwork' in project 'KanpanNetwork'
        ➜ Explicit dependency on target 'KanpanNetwork' in project 'KanpanNetwork'
        ➜ Explicit dependency on target 'KanpanCore' in project 'KanpanCore'
    Target 'KanpanNetwork' in project 'KanpanNetwork'
        ➜ Explicit dependency on target 'KanpanCore' in project 'KanpanCore'
    Target 'KanpanChart' in project 'KanpanChart'
        ➜ Explicit dependency on target 'KanpanChart' in project 'KanpanChart'
        ➜ Explicit dependency on target 'KanpanCore' in project 'KanpanCore'
    Target 'KanpanChart' in project 'KanpanChart'
        ➜ Explicit dependency on target 'KanpanCore' in project 'KanpanCore'
    Target 'KanpanCore' in project 'KanpanCore'
        ➜ Explicit dependency on target 'KanpanCore' in project 'KanpanCore'
    Target 'KanpanCore' in project 'KanpanCore' (no dependencies)

GatherProvisioningInputs

CreateBuildDescription

ExecuteExternalTool /Applications/Xcode.app/Contents/Developer/Toolchains/XcodeDefault.xctoolchain/usr/bin/swiftc --version

ExecuteExternalTool /Applications/Xcode.app/Contents/Developer/Toolchains/XcodeDefault.xctoolchain/usr/bin/clang -v -E -dM -isysroot /Applications/Xcode.app/Contents/Developer/Platforms/iPhoneSimulator.platform/Developer/SDKs/iPhoneSimulator26.5.sdk -x c -c /dev/null

ExecuteExternalTool /Applications/Xcode.app/Contents/Developer/usr/bin/actool --print-asset-tag-combinations --output-format xml1 /Users/mdd/zhk/kanpan-p2/Kanpan/Kanpan/Assets.xcassets

ExecuteExternalTool /Applications/Xcode.app/Contents/Developer/Toolchains/XcodeDefault.xctoolchain/usr/bin/ld -version_details

ExecuteExternalTool /Applications/Xcode.app/Contents/Developer/usr/bin/actool --version --output-format xml1

Build description signature: c7331b634d674fb6cc3258c7d2191f68
Build description path: /tmp/kanpan-p2-dd/Build/Intermediates.noindex/XCBuildData/c7331b634d674fb6cc3258c7d2191f68.xcbuilddata
note: Removed stale file '/tmp/kanpan-p2-dd/Build/Intermediates.noindex/Kanpan.build/Debug-iphonesimulator/Kanpan.build/Objects-normal/arm64/SymbolTickerFeed.o'

note: Removed stale file '/tmp/kanpan-p2-dd/Build/Intermediates.noindex/Kanpan.build/Debug-iphonesimulator/Kanpan.build/Objects-normal/arm64/SymbolTickerFeed.stringsdata'

note: Removed stale file '/tmp/kanpan-p2-dd/Build/Intermediates.noindex/Kanpan.build/Debug-iphonesimulator/Kanpan.build/Objects-normal/arm64/SymbolTickerFeed.swiftconstvalues'

note: Removed stale file '/tmp/kanpan-p2-dd/Build/Intermediates.noindex/Kanpan.build/Debug-iphonesimulator/Kanpan.build/Objects-normal/x86_64/SymbolTickerFeed.o'

note: Removed stale file '/tmp/kanpan-p2-dd/Build/Intermediates.noindex/Kanpan.build/Debug-iphonesimulator/Kanpan.build/Objects-normal/x86_64/SymbolTickerFeed.stringsdata'

note: Removed stale file '/tmp/kanpan-p2-dd/Build/Intermediates.noindex/Kanpan.build/Debug-iphonesimulator/Kanpan.build/Objects-normal/x86_64/SymbolTickerFeed.swiftconstvalues'

ClangStatCache /Applications/Xcode.app/Contents/Developer/Toolchains/XcodeDefault.xctoolchain/usr/bin/clang-stat-cache /Applications/Xcode.app/Contents/Developer/Platforms/iPhoneSimulator.platform/Developer/SDKs/iPhoneSimulator26.5.sdk /tmp/kanpan-p2-dd/SDKStatCaches.noindex/iphonesimulator26.5-23F81a-6cfe768891a92b912361537c460fe42b.sdkstatcache
    cd /Users/mdd/zhk/kanpan-p2
    /Applications/Xcode.app/Contents/Developer/Toolchains/XcodeDefault.xctoolchain/usr/bin/clang-stat-cache /Applications/Xcode.app/Contents/Developer/Platforms/iPhoneSimulator.platform/Developer/SDKs/iPhoneSimulator26.5.sdk -o /tmp/kanpan-p2-dd/SDKStatCaches.noindex/iphonesimulator26.5-23F81a-6cfe768891a92b912361537c460fe42b.sdkstatcache

WriteAuxiliaryFile /tmp/kanpan-p2-dd/Build/Intermediates.noindex/Kanpan.build/Debug-iphonesimulator/Kanpan.build/Objects-normal/x86_64/Kanpan.LinkFileList (in target 'Kanpan' from project 'Kanpan')
    cd /Users/mdd/zhk/kanpan-p2/Kanpan
    write-file /tmp/kanpan-p2-dd/Build/Intermediates.noindex/Kanpan.build/Debug-iphonesimulator/Kanpan.build/Objects-normal/x86_64/Kanpan.LinkFileList

WriteAuxiliaryFile /tmp/kanpan-p2-dd/Build/Intermediates.noindex/Kanpan.build/Debug-iphonesimulator/Kanpan.build/Objects-normal/x86_64/Kanpan.SwiftConstValuesFileList (in target 'Kanpan' from project 'Kanpan')
    cd /Users/mdd/zhk/kanpan-p2/Kanpan
    write-file /tmp/kanpan-p2-dd/Build/Intermediates.noindex/Kanpan.build/Debug-iphonesimulator/Kanpan.build/Objects-normal/x86_64/Kanpan.SwiftConstValuesFileList

WriteAuxiliaryFile /tmp/kanpan-p2-dd/Build/Intermediates.noindex/Kanpan.build/Debug-iphonesimulator/Kanpan.build/Objects-normal/x86_64/Kanpan.SwiftFileList (in target 'Kanpan' from project 'Kanpan')
    cd /Users/mdd/zhk/kanpan-p2/Kanpan
    write-file /tmp/kanpan-p2-dd/Build/Intermediates.noindex/Kanpan.build/Debug-iphonesimulator/Kanpan.build/Objects-normal/x86_64/Kanpan.SwiftFileList

WriteAuxiliaryFile /tmp/kanpan-p2-dd/Build/Intermediates.noindex/Kanpan.build/Debug-iphonesimulator/Kanpan.build/Objects-normal/x86_64/Kanpan-OutputFileMap.json (in target 'Kanpan' from project 'Kanpan')
    cd /Users/mdd/zhk/kanpan-p2/Kanpan
    write-file /tmp/kanpan-p2-dd/Build/Intermediates.noindex/Kanpan.build/Debug-iphonesimulator/Kanpan.build/Objects-normal/x86_64/Kanpan-OutputFileMap.json

WriteAuxiliaryFile /tmp/kanpan-p2-dd/Build/Intermediates.noindex/Kanpan.build/Debug-iphonesimulator/Kanpan.build/Objects-normal/arm64/Kanpan.SwiftFileList (in target 'Kanpan' from project 'Kanpan')
    cd /Users/mdd/zhk/kanpan-p2/Kanpan
    write-file /tmp/kanpan-p2-dd/Build/Intermediates.noindex/Kanpan.build/Debug-iphonesimulator/Kanpan.build/Objects-normal/arm64/Kanpan.SwiftFileList

WriteAuxiliaryFile /tmp/kanpan-p2-dd/Build/Intermediates.noindex/Kanpan.build/Debug-iphonesimulator/Kanpan.build/Objects-normal/arm64/Kanpan.SwiftConstValuesFileList (in target 'Kanpan' from project 'Kanpan')
    cd /Users/mdd/zhk/kanpan-p2/Kanpan
    write-file /tmp/kanpan-p2-dd/Build/Intermediates.noindex/Kanpan.build/Debug-iphonesimulator/Kanpan.build/Objects-normal/arm64/Kanpan.SwiftConstValuesFileList

WriteAuxiliaryFile /tmp/kanpan-p2-dd/Build/Intermediates.noindex/Kanpan.build/Debug-iphonesimulator/Kanpan.build/Objects-normal/arm64/Kanpan.LinkFileList (in target 'Kanpan' from project 'Kanpan')
    cd /Users/mdd/zhk/kanpan-p2/Kanpan
    write-file /tmp/kanpan-p2-dd/Build/Intermediates.noindex/Kanpan.build/Debug-iphonesimulator/Kanpan.build/Objects-normal/arm64/Kanpan.LinkFileList

WriteAuxiliaryFile /tmp/kanpan-p2-dd/Build/Intermediates.noindex/Kanpan.build/Debug-iphonesimulator/Kanpan.build/Objects-normal/arm64/Kanpan-OutputFileMap.json (in target 'Kanpan' from project 'Kanpan')
    cd /Users/mdd/zhk/kanpan-p2/Kanpan
    write-file /tmp/kanpan-p2-dd/Build/Intermediates.noindex/Kanpan.build/Debug-iphonesimulator/Kanpan.build/Objects-normal/arm64/Kanpan-OutputFileMap.json

SwiftDriver Kanpan normal x86_64 com.apple.xcode.tools.swift.compiler (in target 'Kanpan' from project 'Kanpan')
    cd /Users/mdd/zhk/kanpan-p2/Kanpan
    builtin-SwiftDriver -- /Applications/Xcode.app/Contents/Developer/Toolchains/XcodeDefault.xctoolchain/usr/bin/swiftc -module-name Kanpan -Onone @/tmp/kanpan-p2-dd/Build/Intermediates.noindex/Kanpan.build/Debug-iphonesimulator/Kanpan.build/Objects-normal/x86_64/Kanpan.SwiftFileList -DDEBUG -enable-experimental-feature DebugDescriptionMacro -sdk /Applications/Xcode.app/Contents/Developer/Platforms/iPhoneSimulator.platform/Developer/SDKs/iPhoneSimulator26.5.sdk -target x86_64-apple-ios26.0-simulator -g -module-cache-path /tmp/kanpan-p2-dd/ModuleCache.noindex -Xfrontend -serialize-debugging-options -enable-testing -index-store-path /tmp/kanpan-p2-dd/Index.noindex/DataStore -Xcc -D_LIBCPP_HARDENING_MODE\=_LIBCPP_HARDENING_MODE_DEBUG -swift-version 6 -I /tmp/kanpan-p2-dd/Build/Products/Debug-iphonesimulator -F /tmp/kanpan-p2-dd/Build/Products/Debug-iphonesimulator/PackageFrameworks -F /tmp/kanpan-p2-dd/Build/Products/Debug-iphonesimulator/PackageFrameworks -F /tmp/kanpan-p2-dd/Build/Products/Debug-iphonesimulator/PackageFrameworks -F /tmp/kanpan-p2-dd/Build/Products/Debug-iphonesimulator/PackageFrameworks -F /tmp/kanpan-p2-dd/Build/Products/Debug-iphonesimulator/PackageFrameworks -F /tmp/kanpan-p2-dd/Build/Products/Debug-iphonesimulator/PackageFrameworks -F /tmp/kanpan-p2-dd/Build/Products/Debug-iphonesimulator/PackageFrameworks -F /tmp/kanpan-p2-dd/Build/Products/Debug-iphonesimulator/PackageFrameworks -F /tmp/kanpan-p2-dd/Build/Products/Debug-iphonesimulator -emit-localized-strings -emit-localized-strings-path /tmp/kanpan-p2-dd/Build/Intermediates.noindex/Kanpan.build/Debug-iphonesimulator/Kanpan.build/Objects-normal/x86_64 -c -j10 -enable-batch-mode -incremental -Xcc -ivfsstatcache -Xcc /tmp/kanpan-p2-dd/SDKStatCaches.noindex/iphonesimulator26.5-23F81a-6cfe768891a92b912361537c460fe42b.sdkstatcache -output-file-map /tmp/kanpan-p2-dd/Build/Intermediates.noindex/Kanpan.build/Debug-iphonesimulator/Kanpan.build/Objects-normal/x86_64/Kanpan-OutputFileMap.json -use-frontend-parseable-output -save-temps -no-color-diagnostics -explicit-module-build -module-cache-path /tmp/kanpan-p2-dd/Build/Intermediates.noindex/SwiftExplicitPrecompiledModules -clang-scanner-module-cache-path /tmp/kanpan-p2-dd/ModuleCache.noindex -sdk-module-cache-path /tmp/kanpan-p2-dd/ModuleCache.noindex -serialize-diagnostics -emit-dependencies -emit-module -emit-module-path /tmp/kanpan-p2-dd/Build/Intermediates.noindex/Kanpan.build/Debug-iphonesimulator/Kanpan.build/Objects-normal/x86_64/Kanpan.swiftmodule -validate-clang-modules-once -clang-build-session-file /tmp/kanpan-p2-dd/ModuleCache.noindex/Session.modulevalidation -Xcc -I/tmp/kanpan-p2-dd/Build/Intermediates.noindex/Kanpan.build/Debug-iphonesimulator/Kanpan.build/swift-overrides.hmap -emit-const-values -Xfrontend -const-gather-protocols-file -Xfrontend /tmp/kanpan-p2-dd/Build/Intermediates.noindex/Kanpan.build/Debug-iphonesimulator/Kanpan.build/Objects-normal/x86_64/Kanpan_const_extract_protocols.json -Xcc -iquote -Xcc /tmp/kanpan-p2-dd/Build/Intermediates.noindex/Kanpan.build/Debug-iphonesimulator/Kanpan.build/Kanpan-generated-files.hmap -Xcc -I/tmp/kanpan-p2-dd/Build/Intermediates.noindex/Kanpan.build/Debug-iphonesimulator/Kanpan.build/Kanpan-own-target-headers.hmap -Xcc -I/tmp/kanpan-p2-dd/Build/Intermediates.noindex/Kanpan.build/Debug-iphonesimulator/Kanpan.build/Kanpan-all-non-framework-target-headers.hmap -Xcc -ivfsoverlay -Xcc /tmp/kanpan-p2-dd/Build/Intermediates.noindex/Kanpan.build/Debug-iphonesimulator/Kanpan-88f8e4f6458ff7f878983357411ed85c-VFS-iphonesimulator/all-product-headers.yaml -Xcc -iquote -Xcc /tmp/kanpan-p2-dd/Build/Intermediates.noindex/Kanpan.build/Debug-iphonesimulator/Kanpan.build/Kanpan-project-headers.hmap -Xcc -I/tmp/kanpan-p2-dd/Build/Products/Debug-iphonesimulator/include -Xcc -I/tmp/kanpan-p2-dd/Build/Intermediates.noindex/Kanpan.build/Debug-iphonesimulator/Kanpan.build/DerivedSources-normal/x86_64 -Xcc -I/tmp/kanpan-p2-dd/Build/Intermediates.noindex/Kanpan.build/Debug-iphonesimulator/Kanpan.build/DerivedSources/x86_64 -Xcc -I/tmp/kanpan-p2-dd/Build/Intermediates.noindex/Kanpan.build/Debug-iphonesimulator/Kanpan.build/DerivedSources -emit-objc-header -emit-objc-header-path /tmp/kanpan-p2-dd/Build/Intermediates.noindex/Kanpan.build/Debug-iphonesimulator/Kanpan.build/Objects-normal/x86_64/Kanpan-Swift.h -working-directory /Users/mdd/zhk/kanpan-p2/Kanpan -experimental-emit-module-separately -disable-cmo

SwiftDriver Kanpan normal arm64 com.apple.xcode.tools.swift.compiler (in target 'Kanpan' from project 'Kanpan')
    cd /Users/mdd/zhk/kanpan-p2/Kanpan
    builtin-SwiftDriver -- /Applications/Xcode.app/Contents/Developer/Toolchains/XcodeDefault.xctoolchain/usr/bin/swiftc -module-name Kanpan -Onone @/tmp/kanpan-p2-dd/Build/Intermediates.noindex/Kanpan.build/Debug-iphonesimulator/Kanpan.build/Objects-normal/arm64/Kanpan.SwiftFileList -DDEBUG -enable-experimental-feature DebugDescriptionMacro -sdk /Applications/Xcode.app/Contents/Developer/Platforms/iPhoneSimulator.platform/Developer/SDKs/iPhoneSimulator26.5.sdk -target arm64-apple-ios26.0-simulator -g -module-cache-path /tmp/kanpan-p2-dd/ModuleCache.noindex -Xfrontend -serialize-debugging-options -enable-testing -index-store-path /tmp/kanpan-p2-dd/Index.noindex/DataStore -Xcc -D_LIBCPP_HARDENING_MODE\=_LIBCPP_HARDENING_MODE_DEBUG -swift-version 6 -I /tmp/kanpan-p2-dd/Build/Products/Debug-iphonesimulator -F /tmp/kanpan-p2-dd/Build/Products/Debug-iphonesimulator/PackageFrameworks -F /tmp/kanpan-p2-dd/Build/Products/Debug-iphonesimulator/PackageFrameworks -F /tmp/kanpan-p2-dd/Build/Products/Debug-iphonesimulator/PackageFrameworks -F /tmp/kanpan-p2-dd/Build/Products/Debug-iphonesimulator/PackageFrameworks -F /tmp/kanpan-p2-dd/Build/Products/Debug-iphonesimulator/PackageFrameworks -F /tmp/kanpan-p2-dd/Build/Products/Debug-iphonesimulator/PackageFrameworks -F /tmp/kanpan-p2-dd/Build/Products/Debug-iphonesimulator/PackageFrameworks -F /tmp/kanpan-p2-dd/Build/Products/Debug-iphonesimulator/PackageFrameworks -F /tmp/kanpan-p2-dd/Build/Products/Debug-iphonesimulator -emit-localized-strings -emit-localized-strings-path /tmp/kanpan-p2-dd/Build/Intermediates.noindex/Kanpan.build/Debug-iphonesimulator/Kanpan.build/Objects-normal/arm64 -c -j10 -enable-batch-mode -incremental -Xcc -ivfsstatcache -Xcc /tmp/kanpan-p2-dd/SDKStatCaches.noindex/iphonesimulator26.5-23F81a-6cfe768891a92b912361537c460fe42b.sdkstatcache -output-file-map /tmp/kanpan-p2-dd/Build/Intermediates.noindex/Kanpan.build/Debug-iphonesimulator/Kanpan.build/Objects-normal/arm64/Kanpan-OutputFileMap.json -use-frontend-parseable-output -save-temps -no-color-diagnostics -explicit-module-build -module-cache-path /tmp/kanpan-p2-dd/Build/Intermediates.noindex/SwiftExplicitPrecompiledModules -clang-scanner-module-cache-path /tmp/kanpan-p2-dd/ModuleCache.noindex -sdk-module-cache-path /tmp/kanpan-p2-dd/ModuleCache.noindex -serialize-diagnostics -emit-dependencies -emit-module -emit-module-path /tmp/kanpan-p2-dd/Build/Intermediates.noindex/Kanpan.build/Debug-iphonesimulator/Kanpan.build/Objects-normal/arm64/Kanpan.swiftmodule -validate-clang-modules-once -clang-build-session-file /tmp/kanpan-p2-dd/ModuleCache.noindex/Session.modulevalidation -Xcc -I/tmp/kanpan-p2-dd/Build/Intermediates.noindex/Kanpan.build/Debug-iphonesimulator/Kanpan.build/swift-overrides.hmap -emit-const-values -Xfrontend -const-gather-protocols-file -Xfrontend /tmp/kanpan-p2-dd/Build/Intermediates.noindex/Kanpan.build/Debug-iphonesimulator/Kanpan.build/Objects-normal/arm64/Kanpan_const_extract_protocols.json -Xcc -iquote -Xcc /tmp/kanpan-p2-dd/Build/Intermediates.noindex/Kanpan.build/Debug-iphonesimulator/Kanpan.build/Kanpan-generated-files.hmap -Xcc -I/tmp/kanpan-p2-dd/Build/Intermediates.noindex/Kanpan.build/Debug-iphonesimulator/Kanpan.build/Kanpan-own-target-headers.hmap -Xcc -I/tmp/kanpan-p2-dd/Build/Intermediates.noindex/Kanpan.build/Debug-iphonesimulator/Kanpan.build/Kanpan-all-non-framework-target-headers.hmap -Xcc -ivfsoverlay -Xcc /tmp/kanpan-p2-dd/Build/Intermediates.noindex/Kanpan.build/Debug-iphonesimulator/Kanpan-88f8e4f6458ff7f878983357411ed85c-VFS-iphonesimulator/all-product-headers.yaml -Xcc -iquote -Xcc /tmp/kanpan-p2-dd/Build/Intermediates.noindex/Kanpan.build/Debug-iphonesimulator/Kanpan.build/Kanpan-project-headers.hmap -Xcc -I/tmp/kanpan-p2-dd/Build/Products/Debug-iphonesimulator/include -Xcc -I/tmp/kanpan-p2-dd/Build/Intermediates.noindex/Kanpan.build/Debug-iphonesimulator/Kanpan.build/DerivedSources-normal/arm64 -Xcc -I/tmp/kanpan-p2-dd/Build/Intermediates.noindex/Kanpan.build/Debug-iphonesimulator/Kanpan.build/DerivedSources/arm64 -Xcc -I/tmp/kanpan-p2-dd/Build/Intermediates.noindex/Kanpan.build/Debug-iphonesimulator/Kanpan.build/DerivedSources -emit-objc-header -emit-objc-header-path /tmp/kanpan-p2-dd/Build/Intermediates.noindex/Kanpan.build/Debug-iphonesimulator/Kanpan.build/Objects-normal/arm64/Kanpan-Swift.h -working-directory /Users/mdd/zhk/kanpan-p2/Kanpan -experimental-emit-module-separately -disable-cmo

SwiftEmitModule normal x86_64 Emitting\ module\ for\ Kanpan (in target 'Kanpan' from project 'Kanpan')

EmitSwiftModule normal x86_64 (in target 'Kanpan' from project 'Kanpan')
    cd /Users/mdd/zhk/kanpan-p2/Kanpan
    

SwiftCompile normal x86_64 Compiling\ AccountFeature.swift,\ AccountView.swift,\ AppAccountBridge.swift,\ PersonalFileStorage.swift,\ PersonalSyncCodec.swift,\ AlertArchive.swift,\ AlertEngine.swift,\ AlertListPage.swift,\ AlertNotifications.swift,\ AlertPermission.swift,\ AlertPrompt.swift,\ AlertSoundPage.swift,\ AlertStore.swift /Users/mdd/zhk/kanpan-p2/Kanpan/Kanpan/Account/AccountFeature.swift /Users/mdd/zhk/kanpan-p2/Kanpan/Kanpan/Account/AccountView.swift /Users/mdd/zhk/kanpan-p2/Kanpan/Kanpan/Account/AppAccountBridge.swift /Users/mdd/zhk/kanpan-p2/Kanpan/Kanpan/Account/PersonalFileStorage.swift /Users/mdd/zhk/kanpan-p2/Kanpan/Kanpan/Account/PersonalSyncCodec.swift /Users/mdd/zhk/kanpan-p2/Kanpan/Kanpan/Alerts/AlertArchive.swift /Users/mdd/zhk/kanpan-p2/Kanpan/Kanpan/Alerts/AlertEngine.swift /Users/mdd/zhk/kanpan-p2/Kanpan/Kanpan/Alerts/AlertListPage.swift /Users/mdd/zhk/kanpan-p2/Kanpan/Kanpan/Alerts/AlertNotifications.swift /Users/mdd/zhk/kanpan-p2/Kanpan/Kanpan/Alerts/AlertPermission.swift /Users/mdd/zhk/kanpan-p2/Kanpan/Kanpan/Alerts/AlertPrompt.swift /Users/mdd/zhk/kanpan-p2/Kanpan/Kanpan/Alerts/AlertSoundPage.swift /Users/mdd/zhk/kanpan-p2/Kanpan/Kanpan/Alerts/AlertStore.swift (in target 'Kanpan' from project 'Kanpan')
SwiftCompile normal x86_64 /Users/mdd/zhk/kanpan-p2/Kanpan/Kanpan/Account/AccountFeature.swift (in target 'Kanpan' from project 'Kanpan')
    cd /Users/mdd/zhk/kanpan-p2/Kanpan
    

SwiftCompile normal x86_64 /Users/mdd/zhk/kanpan-p2/Kanpan/Kanpan/Account/AccountView.swift (in target 'Kanpan' from project 'Kanpan')
    cd /Users/mdd/zhk/kanpan-p2/Kanpan
    

SwiftCompile normal x86_64 /Users/mdd/zhk/kanpan-p2/Kanpan/Kanpan/Account/AppAccountBridge.swift (in target 'Kanpan' from project 'Kanpan')
    cd /Users/mdd/zhk/kanpan-p2/Kanpan
    

SwiftCompile normal x86_64 /Users/mdd/zhk/kanpan-p2/Kanpan/Kanpan/Account/PersonalFileStorage.swift (in target 'Kanpan' from project 'Kanpan')
    cd /Users/mdd/zhk/kanpan-p2/Kanpan
    

SwiftCompile normal x86_64 /Users/mdd/zhk/kanpan-p2/Kanpan/Kanpan/Account/PersonalSyncCodec.swift (in target 'Kanpan' from project 'Kanpan')
    cd /Users/mdd/zhk/kanpan-p2/Kanpan
    

SwiftCompile normal x86_64 /Users/mdd/zhk/kanpan-p2/Kanpan/Kanpan/Alerts/AlertArchive.swift (in target 'Kanpan' from project 'Kanpan')
    cd /Users/mdd/zhk/kanpan-p2/Kanpan
    

SwiftCompile normal x86_64 /Users/mdd/zhk/kanpan-p2/Kanpan/Kanpan/Alerts/AlertEngine.swift (in target 'Kanpan' from project 'Kanpan')
    cd /Users/mdd/zhk/kanpan-p2/Kanpan
    

SwiftCompile normal x86_64 /Users/mdd/zhk/kanpan-p2/Kanpan/Kanpan/Alerts/AlertListPage.swift (in target 'Kanpan' from project 'Kanpan')
    cd /Users/mdd/zhk/kanpan-p2/Kanpan
    

SwiftCompile normal x86_64 /Users/mdd/zhk/kanpan-p2/Kanpan/Kanpan/Alerts/AlertNotifications.swift (in target 'Kanpan' from project 'Kanpan')
    cd /Users/mdd/zhk/kanpan-p2/Kanpan
    

SwiftCompile normal x86_64 /Users/mdd/zhk/kanpan-p2/Kanpan/Kanpan/Alerts/AlertPermission.swift (in target 'Kanpan' from project 'Kanpan')
    cd /Users/mdd/zhk/kanpan-p2/Kanpan
    

SwiftCompile normal x86_64 /Users/mdd/zhk/kanpan-p2/Kanpan/Kanpan/Alerts/AlertPrompt.swift (in target 'Kanpan' from project 'Kanpan')
    cd /Users/mdd/zhk/kanpan-p2/Kanpan
    

SwiftCompile normal x86_64 /Users/mdd/zhk/kanpan-p2/Kanpan/Kanpan/Alerts/AlertSoundPage.swift (in target 'Kanpan' from project 'Kanpan')
    cd /Users/mdd/zhk/kanpan-p2/Kanpan
    

SwiftCompile normal x86_64 /Users/mdd/zhk/kanpan-p2/Kanpan/Kanpan/Alerts/AlertStore.swift (in target 'Kanpan' from project 'Kanpan')
    cd /Users/mdd/zhk/kanpan-p2/Kanpan
    

SwiftCompile normal x86_64 Compiling\ ReviewThemeBridge.swift,\ SettingsPanel.swift,\ SwipeToDelete.swift,\ ReviewChartBridge.swift,\ ReviewRangeOverlay.swift,\ SectorAllSheet.swift,\ SectorBubbleField.swift,\ SectorBubbleRenderer.swift,\ SectorDrillDecision.swift,\ SectorFeed.swift,\ SectorHistoryFeed.swift,\ SectorIcon.swift /Users/mdd/zhk/kanpan-p2/Kanpan/Kanpan/Panels/ReviewThemeBridge.swift /Users/mdd/zhk/kanpan-p2/Kanpan/Kanpan/Panels/SettingsPanel.swift /Users/mdd/zhk/kanpan-p2/Kanpan/Kanpan/Panels/SwipeToDelete.swift /Users/mdd/zhk/kanpan-p2/Kanpan/Kanpan/ReviewIntegration/ReviewChartBridge.swift /Users/mdd/zhk/kanpan-p2/Kanpan/Kanpan/ReviewIntegration/ReviewRangeOverlay.swift /Users/mdd/zhk/kanpan-p2/Kanpan/Kanpan/Sector/SectorAllSheet.swift /Users/mdd/zhk/kanpan-p2/Kanpan/Kanpan/Sector/SectorBubbleField.swift /Users/mdd/zhk/kanpan-p2/Kanpan/Kanpan/Sector/SectorBubbleRenderer.swift /Users/mdd/zhk/kanpan-p2/Kanpan/Kanpan/Sector/SectorDrillDecision.swift /Users/mdd/zhk/kanpan-p2/Kanpan/Kanpan/Sector/SectorFeed.swift /Users/mdd/zhk/kanpan-p2/Kanpan/Kanpan/Sector/SectorHistoryFeed.swift /Users/mdd/zhk/kanpan-p2/Kanpan/Kanpan/Sector/SectorIcon.swift (in target 'Kanpan' from project 'Kanpan')

SwiftCompile normal x86_64 /Users/mdd/zhk/kanpan-p2/Kanpan/Kanpan/Panels/ReviewThemeBridge.swift (in target 'Kanpan' from project 'Kanpan')
    cd /Users/mdd/zhk/kanpan-p2/Kanpan
    

SwiftCompile normal x86_64 /Users/mdd/zhk/kanpan-p2/Kanpan/Kanpan/Panels/SettingsPanel.swift (in target 'Kanpan' from project 'Kanpan')
    cd /Users/mdd/zhk/kanpan-p2/Kanpan
    

SwiftCompile normal x86_64 /Users/mdd/zhk/kanpan-p2/Kanpan/Kanpan/Panels/SwipeToDelete.swift (in target 'Kanpan' from project 'Kanpan')
    cd /Users/mdd/zhk/kanpan-p2/Kanpan
    

SwiftCompile normal x86_64 /Users/mdd/zhk/kanpan-p2/Kanpan/Kanpan/ReviewIntegration/ReviewChartBridge.swift (in target 'Kanpan' from project 'Kanpan')
    cd /Users/mdd/zhk/kanpan-p2/Kanpan
    

SwiftCompile normal x86_64 /Users/mdd/zhk/kanpan-p2/Kanpan/Kanpan/ReviewIntegration/ReviewRangeOverlay.swift (in target 'Kanpan' from project 'Kanpan')
    cd /Users/mdd/zhk/kanpan-p2/Kanpan
    

SwiftCompile normal x86_64 /Users/mdd/zhk/kanpan-p2/Kanpan/Kanpan/Sector/SectorAllSheet.swift (in target 'Kanpan' from project 'Kanpan')
    cd /Users/mdd/zhk/kanpan-p2/Kanpan
    

SwiftCompile normal x86_64 /Users/mdd/zhk/kanpan-p2/Kanpan/Kanpan/Sector/SectorBubbleField.swift (in target 'Kanpan' from project 'Kanpan')
    cd /Users/mdd/zhk/kanpan-p2/Kanpan
    

SwiftCompile normal x86_64 /Users/mdd/zhk/kanpan-p2/Kanpan/Kanpan/Sector/SectorBubbleRenderer.swift (in target 'Kanpan' from project 'Kanpan')
    cd /Users/mdd/zhk/kanpan-p2/Kanpan
    

SwiftCompile normal x86_64 /Users/mdd/zhk/kanpan-p2/Kanpan/Kanpan/Sector/SectorDrillDecision.swift (in target 'Kanpan' from project 'Kanpan')
    cd /Users/mdd/zhk/kanpan-p2/Kanpan
    

SwiftCompile normal x86_64 /Users/mdd/zhk/kanpan-p2/Kanpan/Kanpan/Sector/SectorFeed.swift (in target 'Kanpan' from project 'Kanpan')
    cd /Users/mdd/zhk/kanpan-p2/Kanpan
    

SwiftCompile normal x86_64 /Users/mdd/zhk/kanpan-p2/Kanpan/Kanpan/Sector/SectorHistoryFeed.swift (in target 'Kanpan' from project 'Kanpan')
    cd /Users/mdd/zhk/kanpan-p2/Kanpan
    

SwiftCompile normal x86_64 /Users/mdd/zhk/kanpan-p2/Kanpan/Kanpan/Sector/SectorIcon.swift (in target 'Kanpan' from project 'Kanpan')
    cd /Users/mdd/zhk/kanpan-p2/Kanpan
    

SwiftCompile normal x86_64 Compiling\ DrawingSymbolSwitcher.swift,\ DrawingToolPicker.swift,\ AppLifecycle.swift,\ BackgroundGrace.swift,\ ChartHost.swift,\ ChartSnapshotRenderer.swift,\ CoinBadge.swift,\ CoinBadgeBrands.swift,\ CrosshairReadout.swift,\ DeepLink.swift,\ DetailZoom.swift,\ DisplayComfort.swift,\ HeaderStats.swift /Users/mdd/zhk/kanpan-p2/Kanpan/Kanpan/Drawing/DrawingSymbolSwitcher.swift /Users/mdd/zhk/kanpan-p2/Kanpan/Kanpan/Drawing/DrawingToolPicker.swift /Users/mdd/zhk/kanpan-p2/Kanpan/Kanpan/Main/AppLifecycle.swift /Users/mdd/zhk/kanpan-p2/Kanpan/Kanpan/Main/BackgroundGrace.swift /Users/mdd/zhk/kanpan-p2/Kanpan/Kanpan/Main/ChartHost.swift /Users/mdd/zhk/kanpan-p2/Kanpan/Kanpan/Main/ChartSnapshotRenderer.swift /Users/mdd/zhk/kanpan-p2/Kanpan/Kanpan/Main/CoinBadge.swift /Users/mdd/zhk/kanpan-p2/Kanpan/Kanpan/Main/CoinBadgeBrands.swift /Users/mdd/zhk/kanpan-p2/Kanpan/Kanpan/Main/CrosshairReadout.swift /Users/mdd/zhk/kanpan-p2/Kanpan/Kanpan/Main/DeepLink.swift /Users/mdd/zhk/kanpan-p2/Kanpan/Kanpan/Main/DetailZoom.swift /Users/mdd/zhk/kanpan-p2/Kanpan/Kanpan/Main/DisplayComfort.swift /Users/mdd/zhk/kanpan-p2/Kanpan/Kanpan/Main/HeaderStats.swift (in target 'Kanpan' from project 'Kanpan')

SwiftCompile normal x86_64 /Users/mdd/zhk/kanpan-p2/Kanpan/Kanpan/Drawing/DrawingSymbolSwitcher.swift (in target 'Kanpan' from project 'Kanpan')
    cd /Users/mdd/zhk/kanpan-p2/Kanpan
    

SwiftCompile normal x86_64 /Users/mdd/zhk/kanpan-p2/Kanpan/Kanpan/Drawing/DrawingToolPicker.swift (in target 'Kanpan' from project 'Kanpan')
    cd /Users/mdd/zhk/kanpan-p2/Kanpan
    

SwiftCompile normal x86_64 /Users/mdd/zhk/kanpan-p2/Kanpan/Kanpan/Main/AppLifecycle.swift (in target 'Kanpan' from project 'Kanpan')
    cd /Users/mdd/zhk/kanpan-p2/Kanpan
    

SwiftCompile normal x86_64 /Users/mdd/zhk/kanpan-p2/Kanpan/Kanpan/Main/BackgroundGrace.swift (in target 'Kanpan' from project 'Kanpan')
    cd /Users/mdd/zhk/kanpan-p2/Kanpan
    

SwiftCompile normal x86_64 /Users/mdd/zhk/kanpan-p2/Kanpan/Kanpan/Main/ChartHost.swift (in target 'Kanpan' from project 'Kanpan')
    cd /Users/mdd/zhk/kanpan-p2/Kanpan
    

SwiftCompile normal x86_64 /Users/mdd/zhk/kanpan-p2/Kanpan/Kanpan/Main/ChartSnapshotRenderer.swift (in target 'Kanpan' from project 'Kanpan')
    cd /Users/mdd/zhk/kanpan-p2/Kanpan
    

SwiftCompile normal x86_64 /Users/mdd/zhk/kanpan-p2/Kanpan/Kanpan/Main/CoinBadge.swift (in target 'Kanpan' from project 'Kanpan')
    cd /Users/mdd/zhk/kanpan-p2/Kanpan
    

SwiftCompile normal x86_64 /Users/mdd/zhk/kanpan-p2/Kanpan/Kanpan/Main/CoinBadgeBrands.swift (in target 'Kanpan' from project 'Kanpan')
    cd /Users/mdd/zhk/kanpan-p2/Kanpan
    

SwiftCompile normal x86_64 /Users/mdd/zhk/kanpan-p2/Kanpan/Kanpan/Main/CrosshairReadout.swift (in target 'Kanpan' from project 'Kanpan')
    cd /Users/mdd/zhk/kanpan-p2/Kanpan
    

SwiftCompile normal x86_64 /Users/mdd/zhk/kanpan-p2/Kanpan/Kanpan/Main/DeepLink.swift (in target 'Kanpan' from project 'Kanpan')
    cd /Users/mdd/zhk/kanpan-p2/Kanpan
    

SwiftCompile normal x86_64 /Users/mdd/zhk/kanpan-p2/Kanpan/Kanpan/Main/DetailZoom.swift (in target 'Kanpan' from project 'Kanpan')
    cd /Users/mdd/zhk/kanpan-p2/Kanpan
    

SwiftCompile normal x86_64 /Users/mdd/zhk/kanpan-p2/Kanpan/Kanpan/Main/DisplayComfort.swift (in target 'Kanpan' from project 'Kanpan')
    cd /Users/mdd/zhk/kanpan-p2/Kanpan
    

SwiftCompile normal x86_64 /Users/mdd/zhk/kanpan-p2/Kanpan/Kanpan/Main/HeaderStats.swift (in target 'Kanpan' from project 'Kanpan')
    cd /Users/mdd/zhk/kanpan-p2/Kanpan
    

SwiftCompile normal x86_64 Compiling\ SectorLayout.swift,\ SectorPage.swift,\ SectorRows.swift,\ SectorSymbolList.swift,\ SectorWindowChoice.swift,\ AlertSound.swift,\ APIHost.swift,\ ChartViewport.swift,\ DisplayComfortPolicy.swift,\ IndicatorDraft.swift,\ IndicatorParamRule.swift,\ LaunchThemeMirror.swift /Users/mdd/zhk/kanpan-p2/Kanpan/Kanpan/Sector/SectorLayout.swift /Users/mdd/zhk/kanpan-p2/Kanpan/Kanpan/Sector/SectorPage.swift /Users/mdd/zhk/kanpan-p2/Kanpan/Kanpan/Sector/SectorRows.swift /Users/mdd/zhk/kanpan-p2/Kanpan/Kanpan/Sector/SectorSymbolList.swift /Users/mdd/zhk/kanpan-p2/Kanpan/Kanpan/Sector/SectorWindowChoice.swift /Users/mdd/zhk/kanpan-p2/Kanpan/Kanpan/Settings/Model/AlertSound.swift /Users/mdd/zhk/kanpan-p2/Kanpan/Kanpan/Settings/Model/APIHost.swift /Users/mdd/zhk/kanpan-p2/Kanpan/Kanpan/Settings/Model/ChartViewport.swift /Users/mdd/zhk/kanpan-p2/Kanpan/Kanpan/Settings/Model/DisplayComfortPolicy.swift /Users/mdd/zhk/kanpan-p2/Kanpan/Kanpan/Settings/Model/IndicatorDraft.swift /Users/mdd/zhk/kanpan-p2/Kanpan/Kanpan/Settings/Model/IndicatorParamRule.swift /Users/mdd/zhk/kanpan-p2/Kanpan/Kanpan/Settings/Model/LaunchThemeMirror.swift (in target 'Kanpan' from project 'Kanpan')

SwiftCompile normal x86_64 /Users/mdd/zhk/kanpan-p2/Kanpan/Kanpan/Sector/SectorLayout.swift (in target 'Kanpan' from project 'Kanpan')
    cd /Users/mdd/zhk/kanpan-p2/Kanpan
    

SwiftCompile normal x86_64 /Users/mdd/zhk/kanpan-p2/Kanpan/Kanpan/Sector/SectorPage.swift (in target 'Kanpan' from project 'Kanpan')
    cd /Users/mdd/zhk/kanpan-p2/Kanpan
    

SwiftCompile normal x86_64 /Users/mdd/zhk/kanpan-p2/Kanpan/Kanpan/Sector/SectorRows.swift (in target 'Kanpan' from project 'Kanpan')
    cd /Users/mdd/zhk/kanpan-p2/Kanpan
    

SwiftCompile normal x86_64 /Users/mdd/zhk/kanpan-p2/Kanpan/Kanpan/Sector/SectorSymbolList.swift (in target 'Kanpan' from project 'Kanpan')
    cd /Users/mdd/zhk/kanpan-p2/Kanpan
    

SwiftCompile normal x86_64 /Users/mdd/zhk/kanpan-p2/Kanpan/Kanpan/Sector/SectorWindowChoice.swift (in target 'Kanpan' from project 'Kanpan')
    cd /Users/mdd/zhk/kanpan-p2/Kanpan
    

SwiftCompile normal x86_64 /Users/mdd/zhk/kanpan-p2/Kanpan/Kanpan/Settings/Model/AlertSound.swift (in target 'Kanpan' from project 'Kanpan')
    cd /Users/mdd/zhk/kanpan-p2/Kanpan
    

SwiftCompile normal x86_64 /Users/mdd/zhk/kanpan-p2/Kanpan/Kanpan/Settings/Model/APIHost.swift (in target 'Kanpan' from project 'Kanpan')
    cd /Users/mdd/zhk/kanpan-p2/Kanpan
    

SwiftCompile normal x86_64 /Users/mdd/zhk/kanpan-p2/Kanpan/Kanpan/Settings/Model/ChartViewport.swift (in target 'Kanpan' from project 'Kanpan')
    cd /Users/mdd/zhk/kanpan-p2/Kanpan
    

SwiftCompile normal x86_64 /Users/mdd/zhk/kanpan-p2/Kanpan/Kanpan/Settings/Model/DisplayComfortPolicy.swift (in target 'Kanpan' from project 'Kanpan')
    cd /Users/mdd/zhk/kanpan-p2/Kanpan
    

SwiftCompile normal x86_64 /Users/mdd/zhk/kanpan-p2/Kanpan/Kanpan/Settings/Model/IndicatorDraft.swift (in target 'Kanpan' from project 'Kanpan')
    cd /Users/mdd/zhk/kanpan-p2/Kanpan
    

SwiftCompile normal x86_64 /Users/mdd/zhk/kanpan-p2/Kanpan/Kanpan/Settings/Model/IndicatorParamRule.swift (in target 'Kanpan' from project 'Kanpan')
    cd /Users/mdd/zhk/kanpan-p2/Kanpan
    

SwiftCompile normal x86_64 /Users/mdd/zhk/kanpan-p2/Kanpan/Kanpan/Settings/Model/LaunchThemeMirror.swift (in target 'Kanpan' from project 'Kanpan')
    cd /Users/mdd/zhk/kanpan-p2/Kanpan
    

SwiftCompile normal x86_64 Compiling\ ShareItem.swift,\ ClipboardSymbol.swift,\ DefaultFavorites.swift,\ DefaultFavoritesSeeder.swift,\ FavoriteCategory.swift,\ FavoritesView.swift,\ HomeShortcuts.swift,\ HomeShortcutsBridge.swift,\ QuoteSession.swift,\ QuoteSubscriptionPlan.swift,\ SearchHistory.swift,\ SymbolAliases.swift /Users/mdd/zhk/kanpan-p2/Kanpan/Kanpan/Share/ShareItem.swift /Users/mdd/zhk/kanpan-p2/Kanpan/Kanpan/Symbols/ClipboardSymbol.swift /Users/mdd/zhk/kanpan-p2/Kanpan/Kanpan/Symbols/DefaultFavorites.swift /Users/mdd/zhk/kanpan-p2/Kanpan/Kanpan/Symbols/DefaultFavoritesSeeder.swift /Users/mdd/zhk/kanpan-p2/Kanpan/Kanpan/Symbols/FavoriteCategory.swift /Users/mdd/zhk/kanpan-p2/Kanpan/Kanpan/Symbols/FavoritesView.swift /Users/mdd/zhk/kanpan-p2/Kanpan/Kanpan/Symbols/HomeShortcuts.swift /Users/mdd/zhk/kanpan-p2/Kanpan/Kanpan/Symbols/HomeShortcutsBridge.swift /Users/mdd/zhk/kanpan-p2/Kanpan/Kanpan/Symbols/QuoteSession.swift /Users/mdd/zhk/kanpan-p2/Kanpan/Kanpan/Symbols/QuoteSubscriptionPlan.swift /Users/mdd/zhk/kanpan-p2/Kanpan/Kanpan/Symbols/SearchHistory.swift /Users/mdd/zhk/kanpan-p2/Kanpan/Kanpan/Symbols/SymbolAliases.swift (in target 'Kanpan' from project 'Kanpan')
SwiftCompile normal x86_64 /Users/mdd/zhk/kanpan-p2/Kanpan/Kanpan/Share/ShareItem.swift (in target 'Kanpan' from project 'Kanpan')
    cd /Users/mdd/zhk/kanpan-p2/Kanpan
    

SwiftCompile normal x86_64 /Users/mdd/zhk/kanpan-p2/Kanpan/Kanpan/Symbols/ClipboardSymbol.swift (in target 'Kanpan' from project 'Kanpan')
    cd /Users/mdd/zhk/kanpan-p2/Kanpan
    

SwiftCompile normal x86_64 /Users/mdd/zhk/kanpan-p2/Kanpan/Kanpan/Symbols/DefaultFavorites.swift (in target 'Kanpan' from project 'Kanpan')
    cd /Users/mdd/zhk/kanpan-p2/Kanpan
    

SwiftCompile normal x86_64 /Users/mdd/zhk/kanpan-p2/Kanpan/Kanpan/Symbols/DefaultFavoritesSeeder.swift (in target 'Kanpan' from project 'Kanpan')
    cd /Users/mdd/zhk/kanpan-p2/Kanpan
    

SwiftCompile normal x86_64 /Users/mdd/zhk/kanpan-p2/Kanpan/Kanpan/Symbols/FavoriteCategory.swift (in target 'Kanpan' from project 'Kanpan')
    cd /Users/mdd/zhk/kanpan-p2/Kanpan
    

SwiftCompile normal x86_64 /Users/mdd/zhk/kanpan-p2/Kanpan/Kanpan/Symbols/FavoritesView.swift (in target 'Kanpan' from project 'Kanpan')
    cd /Users/mdd/zhk/kanpan-p2/Kanpan
    

SwiftCompile normal x86_64 /Users/mdd/zhk/kanpan-p2/Kanpan/Kanpan/Symbols/HomeShortcuts.swift (in target 'Kanpan' from project 'Kanpan')
    cd /Users/mdd/zhk/kanpan-p2/Kanpan
    

SwiftCompile normal x86_64 /Users/mdd/zhk/kanpan-p2/Kanpan/Kanpan/Symbols/HomeShortcutsBridge.swift (in target 'Kanpan' from project 'Kanpan')
    cd /Users/mdd/zhk/kanpan-p2/Kanpan
    

SwiftCompile normal x86_64 /Users/mdd/zhk/kanpan-p2/Kanpan/Kanpan/Symbols/QuoteSession.swift (in target 'Kanpan' from project 'Kanpan')
    cd /Users/mdd/zhk/kanpan-p2/Kanpan
    

SwiftCompile normal x86_64 /Users/mdd/zhk/kanpan-p2/Kanpan/Kanpan/Symbols/QuoteSubscriptionPlan.swift (in target 'Kanpan' from project 'Kanpan')
    cd /Users/mdd/zhk/kanpan-p2/Kanpan
    

SwiftCompile normal x86_64 /Users/mdd/zhk/kanpan-p2/Kanpan/Kanpan/Symbols/SearchHistory.swift (in target 'Kanpan' from project 'Kanpan')
    cd /Users/mdd/zhk/kanpan-p2/Kanpan
    

SwiftCompile normal x86_64 /Users/mdd/zhk/kanpan-p2/Kanpan/Kanpan/Symbols/SymbolAliases.swift (in target 'Kanpan' from project 'Kanpan')
    cd /Users/mdd/zhk/kanpan-p2/Kanpan
    

SwiftCompile normal x86_64 Compiling\ MarketCache.swift,\ Prefs.swift,\ PrefsCodec.swift,\ PrefsFieldPlan.swift,\ PrefsStore.swift,\ SettingsStamp.swift,\ ThemeChoice.swift,\ FriendPickerSheet.swift,\ FriendsPage.swift,\ ShareCard.swift,\ ShareClient.swift,\ ShareInbox.swift /Users/mdd/zhk/kanpan-p2/Kanpan/Kanpan/Settings/Model/MarketCache.swift /Users/mdd/zhk/kanpan-p2/Kanpan/Kanpan/Settings/Model/Prefs.swift /Users/mdd/zhk/kanpan-p2/Kanpan/Kanpan/Settings/Model/PrefsCodec.swift /Users/mdd/zhk/kanpan-p2/Kanpan/Kanpan/Settings/Model/PrefsFieldPlan.swift /Users/mdd/zhk/kanpan-p2/Kanpan/Kanpan/Settings/Model/PrefsStore.swift /Users/mdd/zhk/kanpan-p2/Kanpan/Kanpan/Settings/Model/SettingsStamp.swift /Users/mdd/zhk/kanpan-p2/Kanpan/Kanpan/Settings/Model/ThemeChoice.swift /Users/mdd/zhk/kanpan-p2/Kanpan/Kanpan/Share/FriendPickerSheet.swift /Users/mdd/zhk/kanpan-p2/Kanpan/Kanpan/Share/FriendsPage.swift /Users/mdd/zhk/kanpan-p2/Kanpan/Kanpan/Share/ShareCard.swift /Users/mdd/zhk/kanpan-p2/Kanpan/Kanpan/Share/ShareClient.swift /Users/mdd/zhk/kanpan-p2/Kanpan/Kanpan/Share/ShareInbox.swift (in target 'Kanpan' from project 'Kanpan')

SwiftCompile normal x86_64 /Users/mdd/zhk/kanpan-p2/Kanpan/Kanpan/Settings/Model/MarketCache.swift (in target 'Kanpan' from project 'Kanpan')
    cd /Users/mdd/zhk/kanpan-p2/Kanpan
    

SwiftCompile normal x86_64 /Users/mdd/zhk/kanpan-p2/Kanpan/Kanpan/Settings/Model/Prefs.swift (in target 'Kanpan' from project 'Kanpan')
    cd /Users/mdd/zhk/kanpan-p2/Kanpan
    

SwiftCompile normal x86_64 /Users/mdd/zhk/kanpan-p2/Kanpan/Kanpan/Settings/Model/PrefsCodec.swift (in target 'Kanpan' from project 'Kanpan')
    cd /Users/mdd/zhk/kanpan-p2/Kanpan
    

SwiftCompile normal x86_64 /Users/mdd/zhk/kanpan-p2/Kanpan/Kanpan/Settings/Model/PrefsFieldPlan.swift (in target 'Kanpan' from project 'Kanpan')
    cd /Users/mdd/zhk/kanpan-p2/Kanpan
    

SwiftCompile normal x86_64 /Users/mdd/zhk/kanpan-p2/Kanpan/Kanpan/Settings/Model/PrefsStore.swift (in target 'Kanpan' from project 'Kanpan')
    cd /Users/mdd/zhk/kanpan-p2/Kanpan
    

SwiftCompile normal x86_64 /Users/mdd/zhk/kanpan-p2/Kanpan/Kanpan/Settings/Model/SettingsStamp.swift (in target 'Kanpan' from project 'Kanpan')
    cd /Users/mdd/zhk/kanpan-p2/Kanpan
    

SwiftCompile normal x86_64 /Users/mdd/zhk/kanpan-p2/Kanpan/Kanpan/Settings/Model/ThemeChoice.swift (in target 'Kanpan' from project 'Kanpan')
    cd /Users/mdd/zhk/kanpan-p2/Kanpan
    

SwiftCompile normal x86_64 /Users/mdd/zhk/kanpan-p2/Kanpan/Kanpan/Share/FriendPickerSheet.swift (in target 'Kanpan' from project 'Kanpan')
    cd /Users/mdd/zhk/kanpan-p2/Kanpan
    

SwiftCompile normal x86_64 /Users/mdd/zhk/kanpan-p2/Kanpan/Kanpan/Share/FriendsPage.swift (in target 'Kanpan' from project 'Kanpan')
    cd /Users/mdd/zhk/kanpan-p2/Kanpan
    

SwiftCompile normal x86_64 /Users/mdd/zhk/kanpan-p2/Kanpan/Kanpan/Share/ShareCard.swift (in target 'Kanpan' from project 'Kanpan')
    cd /Users/mdd/zhk/kanpan-p2/Kanpan
    

SwiftCompile normal x86_64 /Users/mdd/zhk/kanpan-p2/Kanpan/Kanpan/Share/ShareClient.swift (in target 'Kanpan' from project 'Kanpan')
    cd /Users/mdd/zhk/kanpan-p2/Kanpan
    

SwiftCompile normal x86_64 /Users/mdd/zhk/kanpan-p2/Kanpan/Kanpan/Share/ShareInbox.swift (in target 'Kanpan' from project 'Kanpan')
    cd /Users/mdd/zhk/kanpan-p2/Kanpan
    

SwiftCompile normal x86_64 Compiling\ SymbolFieldPlan.swift,\ SymbolFixtures.swift,\ SymbolPickerModel.swift,\ SymbolPickerView.swift,\ SymbolPrefs.swift,\ SymbolPreviewCard.swift,\ SymbolQuery.swift,\ SymbolSearchView.swift,\ SymbolSections.swift,\ KanpanApp.swift,\ MemoryWarningRelay.swift,\ GeneratedAssetSymbols.swift /Users/mdd/zhk/kanpan-p2/Kanpan/Kanpan/Symbols/SymbolFieldPlan.swift /Users/mdd/zhk/kanpan-p2/Kanpan/Kanpan/Symbols/SymbolFixtures.swift /Users/mdd/zhk/kanpan-p2/Kanpan/Kanpan/Symbols/SymbolPickerModel.swift /Users/mdd/zhk/kanpan-p2/Kanpan/Kanpan/Symbols/SymbolPickerView.swift /Users/mdd/zhk/kanpan-p2/Kanpan/Kanpan/Symbols/SymbolPrefs.swift /Users/mdd/zhk/kanpan-p2/Kanpan/Kanpan/Symbols/SymbolPreviewCard.swift /Users/mdd/zhk/kanpan-p2/Kanpan/Kanpan/Symbols/SymbolQuery.swift /Users/mdd/zhk/kanpan-p2/Kanpan/Kanpan/Symbols/SymbolSearchView.swift /Users/mdd/zhk/kanpan-p2/Kanpan/Kanpan/Symbols/SymbolSections.swift /Users/mdd/zhk/kanpan-p2/Kanpan/Kanpan/KanpanApp.swift /Users/mdd/zhk/kanpan-p2/Kanpan/Kanpan/MemoryWarningRelay.swift /tmp/kanpan-p2-dd/Build/Intermediates.noindex/Kanpan.build/Debug-iphonesimulator/Kanpan.build/DerivedSources/GeneratedAssetSymbols.swift (in target 'Kanpan' from project 'Kanpan')

SwiftCompile normal x86_64 /Users/mdd/zhk/kanpan-p2/Kanpan/Kanpan/Symbols/SymbolFieldPlan.swift (in target 'Kanpan' from project 'Kanpan')
    cd /Users/mdd/zhk/kanpan-p2/Kanpan
    

SwiftCompile normal x86_64 /Users/mdd/zhk/kanpan-p2/Kanpan/Kanpan/Symbols/SymbolFixtures.swift (in target 'Kanpan' from project 'Kanpan')
    cd /Users/mdd/zhk/kanpan-p2/Kanpan
    

SwiftCompile normal x86_64 /Users/mdd/zhk/kanpan-p2/Kanpan/Kanpan/Symbols/SymbolPickerModel.swift (in target 'Kanpan' from project 'Kanpan')
    cd /Users/mdd/zhk/kanpan-p2/Kanpan
    

SwiftCompile normal x86_64 /Users/mdd/zhk/kanpan-p2/Kanpan/Kanpan/Symbols/SymbolPickerView.swift (in target 'Kanpan' from project 'Kanpan')
    cd /Users/mdd/zhk/kanpan-p2/Kanpan
    

SwiftCompile normal x86_64 /Users/mdd/zhk/kanpan-p2/Kanpan/Kanpan/Symbols/SymbolPrefs.swift (in target 'Kanpan' from project 'Kanpan')
    cd /Users/mdd/zhk/kanpan-p2/Kanpan
    

SwiftCompile normal x86_64 /Users/mdd/zhk/kanpan-p2/Kanpan/Kanpan/Symbols/SymbolPreviewCard.swift (in target 'Kanpan' from project 'Kanpan')
    cd /Users/mdd/zhk/kanpan-p2/Kanpan
    

SwiftCompile normal x86_64 /Users/mdd/zhk/kanpan-p2/Kanpan/Kanpan/Symbols/SymbolQuery.swift (in target 'Kanpan' from project 'Kanpan')
    cd /Users/mdd/zhk/kanpan-p2/Kanpan
    

SwiftCompile normal x86_64 /Users/mdd/zhk/kanpan-p2/Kanpan/Kanpan/Symbols/SymbolSearchView.swift (in target 'Kanpan' from project 'Kanpan')
    cd /Users/mdd/zhk/kanpan-p2/Kanpan
    

SwiftCompile normal x86_64 /Users/mdd/zhk/kanpan-p2/Kanpan/Kanpan/Symbols/SymbolSections.swift (in target 'Kanpan' from project 'Kanpan')
    cd /Users/mdd/zhk/kanpan-p2/Kanpan
    

SwiftCompile normal x86_64 /Users/mdd/zhk/kanpan-p2/Kanpan/Kanpan/KanpanApp.swift (in target 'Kanpan' from project 'Kanpan')
    cd /Users/mdd/zhk/kanpan-p2/Kanpan
    

SwiftCompile normal x86_64 /Users/mdd/zhk/kanpan-p2/Kanpan/Kanpan/MemoryWarningRelay.swift (in target 'Kanpan' from project 'Kanpan')
    cd /Users/mdd/zhk/kanpan-p2/Kanpan
    

SwiftCompile normal x86_64 /tmp/kanpan-p2-dd/Build/Intermediates.noindex/Kanpan.build/Debug-iphonesimulator/Kanpan.build/DerivedSources/GeneratedAssetSymbols.swift (in target 'Kanpan' from project 'Kanpan')
    cd /Users/mdd/zhk/kanpan-p2/Kanpan
    

SwiftCompile normal x86_64 Compiling\ AlertWatcher.swift,\ PushRegistration.swift,\ ReviewDueNotifications.swift,\ DiagnosticsCenter.swift,\ DiagnosticsStore.swift,\ FrameProbe.swift,\ FrameReportStore.swift,\ FrameStats.swift,\ MeasurementText.swift,\ PayloadDigest.swift,\ DrawingBar.swift,\ DrawingController.swift,\ DrawingGlyph.swift /Users/mdd/zhk/kanpan-p2/Kanpan/Kanpan/Alerts/AlertWatcher.swift /Users/mdd/zhk/kanpan-p2/Kanpan/Kanpan/Alerts/PushRegistration.swift /Users/mdd/zhk/kanpan-p2/Kanpan/Kanpan/Alerts/ReviewDueNotifications.swift /Users/mdd/zhk/kanpan-p2/Kanpan/Kanpan/Diagnostics/DiagnosticsCenter.swift /Users/mdd/zhk/kanpan-p2/Kanpan/Kanpan/Diagnostics/DiagnosticsStore.swift /Users/mdd/zhk/kanpan-p2/Kanpan/Kanpan/Diagnostics/FrameProbe.swift /Users/mdd/zhk/kanpan-p2/Kanpan/Kanpan/Diagnostics/FrameReportStore.swift /Users/mdd/zhk/kanpan-p2/Kanpan/Kanpan/Diagnostics/FrameStats.swift /Users/mdd/zhk/kanpan-p2/Kanpan/Kanpan/Diagnostics/MeasurementText.swift /Users/mdd/zhk/kanpan-p2/Kanpan/Kanpan/Diagnostics/PayloadDigest.swift /Users/mdd/zhk/kanpan-p2/Kanpan/Kanpan/Drawing/DrawingBar.swift /Users/mdd/zhk/kanpan-p2/Kanpan/Kanpan/Drawing/DrawingController.swift /Users/mdd/zhk/kanpan-p2/Kanpan/Kanpan/Drawing/DrawingGlyph.swift (in target 'Kanpan' from project 'Kanpan')

SwiftCompile normal x86_64 /Users/mdd/zhk/kanpan-p2/Kanpan/Kanpan/Alerts/AlertWatcher.swift (in target 'Kanpan' from project 'Kanpan')
    cd /Users/mdd/zhk/kanpan-p2/Kanpan
    

SwiftCompile normal x86_64 /Users/mdd/zhk/kanpan-p2/Kanpan/Kanpan/Alerts/PushRegistration.swift (in target 'Kanpan' from project 'Kanpan')
    cd /Users/mdd/zhk/kanpan-p2/Kanpan
    

SwiftCompile normal x86_64 /Users/mdd/zhk/kanpan-p2/Kanpan/Kanpan/Alerts/ReviewDueNotifications.swift (in target 'Kanpan' from project 'Kanpan')
    cd /Users/mdd/zhk/kanpan-p2/Kanpan
    

SwiftCompile normal x86_64 /Users/mdd/zhk/kanpan-p2/Kanpan/Kanpan/Diagnostics/DiagnosticsCenter.swift (in target 'Kanpan' from project 'Kanpan')
    cd /Users/mdd/zhk/kanpan-p2/Kanpan
    

SwiftCompile normal x86_64 /Users/mdd/zhk/kanpan-p2/Kanpan/Kanpan/Diagnostics/DiagnosticsStore.swift (in target 'Kanpan' from project 'Kanpan')
    cd /Users/mdd/zhk/kanpan-p2/Kanpan
    

SwiftCompile normal x86_64 /Users/mdd/zhk/kanpan-p2/Kanpan/Kanpan/Diagnostics/FrameProbe.swift (in target 'Kanpan' from project 'Kanpan')
    cd /Users/mdd/zhk/kanpan-p2/Kanpan
    

SwiftCompile normal x86_64 /Users/mdd/zhk/kanpan-p2/Kanpan/Kanpan/Diagnostics/FrameReportStore.swift (in target 'Kanpan' from project 'Kanpan')
    cd /Users/mdd/zhk/kanpan-p2/Kanpan
    

SwiftCompile normal x86_64 /Users/mdd/zhk/kanpan-p2/Kanpan/Kanpan/Diagnostics/FrameStats.swift (in target 'Kanpan' from project 'Kanpan')
    cd /Users/mdd/zhk/kanpan-p2/Kanpan
    

SwiftCompile normal x86_64 /Users/mdd/zhk/kanpan-p2/Kanpan/Kanpan/Diagnostics/MeasurementText.swift (in target 'Kanpan' from project 'Kanpan')
    cd /Users/mdd/zhk/kanpan-p2/Kanpan
    

SwiftCompile normal x86_64 /Users/mdd/zhk/kanpan-p2/Kanpan/Kanpan/Diagnostics/PayloadDigest.swift (in target 'Kanpan' from project 'Kanpan')
    cd /Users/mdd/zhk/kanpan-p2/Kanpan
    

SwiftCompile normal x86_64 /Users/mdd/zhk/kanpan-p2/Kanpan/Kanpan/Drawing/DrawingBar.swift (in target 'Kanpan' from project 'Kanpan')
    cd /Users/mdd/zhk/kanpan-p2/Kanpan
    

SwiftCompile normal x86_64 /Users/mdd/zhk/kanpan-p2/Kanpan/Kanpan/Drawing/DrawingController.swift (in target 'Kanpan' from project 'Kanpan')
    cd /Users/mdd/zhk/kanpan-p2/Kanpan
    

SwiftCompile normal x86_64 /Users/mdd/zhk/kanpan-p2/Kanpan/Kanpan/Drawing/DrawingGlyph.swift (in target 'Kanpan' from project 'Kanpan')
    cd /Users/mdd/zhk/kanpan-p2/Kanpan
    

SwiftCompile normal x86_64 Compiling\ IntervalBar.swift,\ LandscapeChrome.swift,\ LaunchPrewarm.swift,\ MainScreen.swift,\ MainScreenParts.swift,\ MainThreadHeartbeat.swift,\ MarketModel.swift,\ MarketNetworkMonitor.swift,\ MarketStats.swift,\ OrientationBridge.swift,\ QuoteBook.swift,\ ReadableColumn.swift,\ RootTeardown.swift /Users/mdd/zhk/kanpan-p2/Kanpan/Kanpan/Main/IntervalBar.swift /Users/mdd/zhk/kanpan-p2/Kanpan/Kanpan/Main/LandscapeChrome.swift /Users/mdd/zhk/kanpan-p2/Kanpan/Kanpan/Main/LaunchPrewarm.swift /Users/mdd/zhk/kanpan-p2/Kanpan/Kanpan/Main/MainScreen.swift /Users/mdd/zhk/kanpan-p2/Kanpan/Kanpan/Main/MainScreenParts.swift /Users/mdd/zhk/kanpan-p2/Kanpan/Kanpan/Main/MainThreadHeartbeat.swift /Users/mdd/zhk/kanpan-p2/Kanpan/Kanpan/Main/MarketModel.swift /Users/mdd/zhk/kanpan-p2/Kanpan/Kanpan/Main/MarketNetworkMonitor.swift /Users/mdd/zhk/kanpan-p2/Kanpan/Kanpan/Main/MarketStats.swift /Users/mdd/zhk/kanpan-p2/Kanpan/Kanpan/Main/OrientationBridge.swift /Users/mdd/zhk/kanpan-p2/Kanpan/Kanpan/Main/QuoteBook.swift /Users/mdd/zhk/kanpan-p2/Kanpan/Kanpan/Main/ReadableColumn.swift /Users/mdd/zhk/kanpan-p2/Kanpan/Kanpan/Main/RootTeardown.swift (in target 'Kanpan' from project 'Kanpan')
SwiftCompile normal x86_64 /Users/mdd/zhk/kanpan-p2/Kanpan/Kanpan/Main/IntervalBar.swift (in target 'Kanpan' from project 'Kanpan')
    cd /Users/mdd/zhk/kanpan-p2/Kanpan
    

SwiftCompile normal x86_64 /Users/mdd/zhk/kanpan-p2/Kanpan/Kanpan/Main/LandscapeChrome.swift (in target 'Kanpan' from project 'Kanpan')
    cd /Users/mdd/zhk/kanpan-p2/Kanpan
    

SwiftCompile normal x86_64 /Users/mdd/zhk/kanpan-p2/Kanpan/Kanpan/Main/LaunchPrewarm.swift (in target 'Kanpan' from project 'Kanpan')
    cd /Users/mdd/zhk/kanpan-p2/Kanpan
    

SwiftCompile normal x86_64 /Users/mdd/zhk/kanpan-p2/Kanpan/Kanpan/Main/MainScreen.swift (in target 'Kanpan' from project 'Kanpan')
    cd /Users/mdd/zhk/kanpan-p2/Kanpan
    

SwiftCompile normal x86_64 /Users/mdd/zhk/kanpan-p2/Kanpan/Kanpan/Main/MainScreenParts.swift (in target 'Kanpan' from project 'Kanpan')
    cd /Users/mdd/zhk/kanpan-p2/Kanpan
    

SwiftCompile normal x86_64 /Users/mdd/zhk/kanpan-p2/Kanpan/Kanpan/Main/MainThreadHeartbeat.swift (in target 'Kanpan' from project 'Kanpan')
    cd /Users/mdd/zhk/kanpan-p2/Kanpan
    

SwiftCompile normal x86_64 /Users/mdd/zhk/kanpan-p2/Kanpan/Kanpan/Main/MarketModel.swift (in target 'Kanpan' from project 'Kanpan')
    cd /Users/mdd/zhk/kanpan-p2/Kanpan
    

SwiftCompile normal x86_64 /Users/mdd/zhk/kanpan-p2/Kanpan/Kanpan/Main/MarketNetworkMonitor.swift (in target 'Kanpan' from project 'Kanpan')
    cd /Users/mdd/zhk/kanpan-p2/Kanpan
    

SwiftCompile normal x86_64 /Users/mdd/zhk/kanpan-p2/Kanpan/Kanpan/Main/MarketStats.swift (in target 'Kanpan' from project 'Kanpan')
    cd /Users/mdd/zhk/kanpan-p2/Kanpan
    

SwiftCompile normal x86_64 /Users/mdd/zhk/kanpan-p2/Kanpan/Kanpan/Main/OrientationBridge.swift (in target 'Kanpan' from project 'Kanpan')
    cd /Users/mdd/zhk/kanpan-p2/Kanpan
    

SwiftCompile normal x86_64 /Users/mdd/zhk/kanpan-p2/Kanpan/Kanpan/Main/QuoteBook.swift (in target 'Kanpan' from project 'Kanpan')
    cd /Users/mdd/zhk/kanpan-p2/Kanpan
    

SwiftCompile normal x86_64 /Users/mdd/zhk/kanpan-p2/Kanpan/Kanpan/Main/ReadableColumn.swift (in target 'Kanpan' from project 'Kanpan')
    cd /Users/mdd/zhk/kanpan-p2/Kanpan
    

SwiftCompile normal x86_64 /Users/mdd/zhk/kanpan-p2/Kanpan/Kanpan/Main/RootTeardown.swift (in target 'Kanpan' from project 'Kanpan')
    cd /Users/mdd/zhk/kanpan-p2/Kanpan
    

SwiftEmitModule normal arm64 Emitting\ module\ for\ Kanpan (in target 'Kanpan' from project 'Kanpan')

EmitSwiftModule normal arm64 (in target 'Kanpan' from project 'Kanpan')
    cd /Users/mdd/zhk/kanpan-p2/Kanpan
    

SwiftDriverJobDiscovery normal x86_64 Compiling MarketCache.swift, Prefs.swift, PrefsCodec.swift, PrefsFieldPlan.swift, PrefsStore.swift, SettingsStamp.swift, ThemeChoice.swift, FriendPickerSheet.swift, FriendsPage.swift, ShareCard.swift, ShareClient.swift, ShareInbox.swift (in target 'Kanpan' from project 'Kanpan')

SwiftCompile normal arm64 Compiling\ IntervalBar.swift,\ LandscapeChrome.swift,\ LaunchPrewarm.swift,\ MainScreen.swift,\ MainScreenParts.swift,\ MainThreadHeartbeat.swift,\ MarketModel.swift,\ MarketNetworkMonitor.swift,\ MarketStats.swift,\ OrientationBridge.swift,\ QuoteBook.swift,\ ReadableColumn.swift,\ RootTeardown.swift /Users/mdd/zhk/kanpan-p2/Kanpan/Kanpan/Main/IntervalBar.swift /Users/mdd/zhk/kanpan-p2/Kanpan/Kanpan/Main/LandscapeChrome.swift /Users/mdd/zhk/kanpan-p2/Kanpan/Kanpan/Main/LaunchPrewarm.swift /Users/mdd/zhk/kanpan-p2/Kanpan/Kanpan/Main/MainScreen.swift /Users/mdd/zhk/kanpan-p2/Kanpan/Kanpan/Main/MainScreenParts.swift /Users/mdd/zhk/kanpan-p2/Kanpan/Kanpan/Main/MainThreadHeartbeat.swift /Users/mdd/zhk/kanpan-p2/Kanpan/Kanpan/Main/MarketModel.swift /Users/mdd/zhk/kanpan-p2/Kanpan/Kanpan/Main/MarketNetworkMonitor.swift /Users/mdd/zhk/kanpan-p2/Kanpan/Kanpan/Main/MarketStats.swift /Users/mdd/zhk/kanpan-p2/Kanpan/Kanpan/Main/OrientationBridge.swift /Users/mdd/zhk/kanpan-p2/Kanpan/Kanpan/Main/QuoteBook.swift /Users/mdd/zhk/kanpan-p2/Kanpan/Kanpan/Main/ReadableColumn.swift /Users/mdd/zhk/kanpan-p2/Kanpan/Kanpan/Main/RootTeardown.swift (in target 'Kanpan' from project 'Kanpan')
SwiftCompile normal arm64 /Users/mdd/zhk/kanpan-p2/Kanpan/Kanpan/Main/IntervalBar.swift (in target 'Kanpan' from project 'Kanpan')
    cd /Users/mdd/zhk/kanpan-p2/Kanpan
    

SwiftCompile normal arm64 /Users/mdd/zhk/kanpan-p2/Kanpan/Kanpan/Main/LandscapeChrome.swift (in target 'Kanpan' from project 'Kanpan')
    cd /Users/mdd/zhk/kanpan-p2/Kanpan
    

SwiftCompile normal arm64 /Users/mdd/zhk/kanpan-p2/Kanpan/Kanpan/Main/LaunchPrewarm.swift (in target 'Kanpan' from project 'Kanpan')
    cd /Users/mdd/zhk/kanpan-p2/Kanpan
    

SwiftCompile normal arm64 /Users/mdd/zhk/kanpan-p2/Kanpan/Kanpan/Main/MainScreen.swift (in target 'Kanpan' from project 'Kanpan')
    cd /Users/mdd/zhk/kanpan-p2/Kanpan
    

SwiftCompile normal arm64 /Users/mdd/zhk/kanpan-p2/Kanpan/Kanpan/Main/MainScreenParts.swift (in target 'Kanpan' from project 'Kanpan')
    cd /Users/mdd/zhk/kanpan-p2/Kanpan
    

SwiftCompile normal arm64 /Users/mdd/zhk/kanpan-p2/Kanpan/Kanpan/Main/MainThreadHeartbeat.swift (in target 'Kanpan' from project 'Kanpan')
    cd /Users/mdd/zhk/kanpan-p2/Kanpan
    

SwiftCompile normal arm64 /Users/mdd/zhk/kanpan-p2/Kanpan/Kanpan/Main/MarketModel.swift (in target 'Kanpan' from project 'Kanpan')
    cd /Users/mdd/zhk/kanpan-p2/Kanpan
    

SwiftCompile normal arm64 /Users/mdd/zhk/kanpan-p2/Kanpan/Kanpan/Main/MarketNetworkMonitor.swift (in target 'Kanpan' from project 'Kanpan')
    cd /Users/mdd/zhk/kanpan-p2/Kanpan
    

SwiftCompile normal arm64 /Users/mdd/zhk/kanpan-p2/Kanpan/Kanpan/Main/MarketStats.swift (in target 'Kanpan' from project 'Kanpan')
    cd /Users/mdd/zhk/kanpan-p2/Kanpan
    

SwiftCompile normal arm64 /Users/mdd/zhk/kanpan-p2/Kanpan/Kanpan/Main/OrientationBridge.swift (in target 'Kanpan' from project 'Kanpan')
    cd /Users/mdd/zhk/kanpan-p2/Kanpan
    

SwiftCompile normal arm64 /Users/mdd/zhk/kanpan-p2/Kanpan/Kanpan/Main/QuoteBook.swift (in target 'Kanpan' from project 'Kanpan')
    cd /Users/mdd/zhk/kanpan-p2/Kanpan
    

SwiftCompile normal arm64 /Users/mdd/zhk/kanpan-p2/Kanpan/Kanpan/Main/ReadableColumn.swift (in target 'Kanpan' from project 'Kanpan')
    cd /Users/mdd/zhk/kanpan-p2/Kanpan
    

SwiftCompile normal arm64 /Users/mdd/zhk/kanpan-p2/Kanpan/Kanpan/Main/RootTeardown.swift (in target 'Kanpan' from project 'Kanpan')
    cd /Users/mdd/zhk/kanpan-p2/Kanpan
    

SwiftDriverJobDiscovery normal x86_64 Compiling SectorLayout.swift, SectorPage.swift, SectorRows.swift, SectorSymbolList.swift, SectorWindowChoice.swift, AlertSound.swift, APIHost.swift, ChartViewport.swift, DisplayComfortPolicy.swift, IndicatorDraft.swift, IndicatorParamRule.swift, LaunchThemeMirror.swift (in target 'Kanpan' from project 'Kanpan')

SwiftCompile normal arm64 Compiling\ ScanList.swift,\ StreamHostProbe.swift,\ TabBar.swift,\ TopBar.swift,\ VectorIcon.swift,\ ChartPanel.swift,\ DisplaySettingsSection.swift,\ IndicatorPanel.swift,\ PanelChrome.swift,\ PanelDismissShield.swift,\ PanelPresentation.swift,\ PanelTheme.swift /Users/mdd/zhk/kanpan-p2/Kanpan/Kanpan/Main/ScanList.swift /Users/mdd/zhk/kanpan-p2/Kanpan/Kanpan/Main/StreamHostProbe.swift /Users/mdd/zhk/kanpan-p2/Kanpan/Kanpan/Main/TabBar.swift /Users/mdd/zhk/kanpan-p2/Kanpan/Kanpan/Main/TopBar.swift /Users/mdd/zhk/kanpan-p2/Kanpan/Kanpan/Main/VectorIcon.swift /Users/mdd/zhk/kanpan-p2/Kanpan/Kanpan/Panels/ChartPanel.swift /Users/mdd/zhk/kanpan-p2/Kanpan/Kanpan/Panels/DisplaySettingsSection.swift /Users/mdd/zhk/kanpan-p2/Kanpan/Kanpan/Panels/IndicatorPanel.swift /Users/mdd/zhk/kanpan-p2/Kanpan/Kanpan/Panels/PanelChrome.swift /Users/mdd/zhk/kanpan-p2/Kanpan/Kanpan/Panels/PanelDismissShield.swift /Users/mdd/zhk/kanpan-p2/Kanpan/Kanpan/Panels/PanelPresentation.swift /Users/mdd/zhk/kanpan-p2/Kanpan/Kanpan/Panels/PanelTheme.swift (in target 'Kanpan' from project 'Kanpan')

SwiftCompile normal arm64 /Users/mdd/zhk/kanpan-p2/Kanpan/Kanpan/Main/ScanList.swift (in target 'Kanpan' from project 'Kanpan')
    cd /Users/mdd/zhk/kanpan-p2/Kanpan
    

SwiftCompile normal arm64 /Users/mdd/zhk/kanpan-p2/Kanpan/Kanpan/Main/StreamHostProbe.swift (in target 'Kanpan' from project 'Kanpan')
    cd /Users/mdd/zhk/kanpan-p2/Kanpan
    

SwiftCompile normal arm64 /Users/mdd/zhk/kanpan-p2/Kanpan/Kanpan/Main/TabBar.swift (in target 'Kanpan' from project 'Kanpan')
    cd /Users/mdd/zhk/kanpan-p2/Kanpan
    

SwiftCompile normal arm64 /Users/mdd/zhk/kanpan-p2/Kanpan/Kanpan/Main/TopBar.swift (in target 'Kanpan' from project 'Kanpan')
    cd /Users/mdd/zhk/kanpan-p2/Kanpan
    

SwiftCompile normal arm64 /Users/mdd/zhk/kanpan-p2/Kanpan/Kanpan/Main/VectorIcon.swift (in target 'Kanpan' from project 'Kanpan')
    cd /Users/mdd/zhk/kanpan-p2/Kanpan
    

SwiftCompile normal arm64 /Users/mdd/zhk/kanpan-p2/Kanpan/Kanpan/Panels/ChartPanel.swift (in target 'Kanpan' from project 'Kanpan')
    cd /Users/mdd/zhk/kanpan-p2/Kanpan
    

SwiftCompile normal arm64 /Users/mdd/zhk/kanpan-p2/Kanpan/Kanpan/Panels/DisplaySettingsSection.swift (in target 'Kanpan' from project 'Kanpan')
    cd /Users/mdd/zhk/kanpan-p2/Kanpan
    

SwiftCompile normal arm64 /Users/mdd/zhk/kanpan-p2/Kanpan/Kanpan/Panels/IndicatorPanel.swift (in target 'Kanpan' from project 'Kanpan')
    cd /Users/mdd/zhk/kanpan-p2/Kanpan
    

SwiftCompile normal arm64 /Users/mdd/zhk/kanpan-p2/Kanpan/Kanpan/Panels/PanelChrome.swift (in target 'Kanpan' from project 'Kanpan')
    cd /Users/mdd/zhk/kanpan-p2/Kanpan
    

SwiftCompile normal arm64 /Users/mdd/zhk/kanpan-p2/Kanpan/Kanpan/Panels/PanelDismissShield.swift (in target 'Kanpan' from project 'Kanpan')
    cd /Users/mdd/zhk/kanpan-p2/Kanpan
    

SwiftCompile normal arm64 /Users/mdd/zhk/kanpan-p2/Kanpan/Kanpan/Panels/PanelPresentation.swift (in target 'Kanpan' from project 'Kanpan')
    cd /Users/mdd/zhk/kanpan-p2/Kanpan
    

SwiftCompile normal arm64 /Users/mdd/zhk/kanpan-p2/Kanpan/Kanpan/Panels/PanelTheme.swift (in target 'Kanpan' from project 'Kanpan')
    cd /Users/mdd/zhk/kanpan-p2/Kanpan
    

SwiftDriverJobDiscovery normal x86_64 Compiling DrawingSymbolSwitcher.swift, DrawingToolPicker.swift, AppLifecycle.swift, BackgroundGrace.swift, ChartHost.swift, ChartSnapshotRenderer.swift, CoinBadge.swift, CoinBadgeBrands.swift, CrosshairReadout.swift, DeepLink.swift, DetailZoom.swift, DisplayComfort.swift, HeaderStats.swift (in target 'Kanpan' from project 'Kanpan')

SwiftCompile normal arm64 Compiling\ MarketCache.swift,\ Prefs.swift,\ PrefsCodec.swift,\ PrefsFieldPlan.swift,\ PrefsStore.swift,\ SettingsStamp.swift,\ ThemeChoice.swift,\ FriendPickerSheet.swift,\ FriendsPage.swift,\ ShareCard.swift,\ ShareClient.swift,\ ShareInbox.swift /Users/mdd/zhk/kanpan-p2/Kanpan/Kanpan/Settings/Model/MarketCache.swift /Users/mdd/zhk/kanpan-p2/Kanpan/Kanpan/Settings/Model/Prefs.swift /Users/mdd/zhk/kanpan-p2/Kanpan/Kanpan/Settings/Model/PrefsCodec.swift /Users/mdd/zhk/kanpan-p2/Kanpan/Kanpan/Settings/Model/PrefsFieldPlan.swift /Users/mdd/zhk/kanpan-p2/Kanpan/Kanpan/Settings/Model/PrefsStore.swift /Users/mdd/zhk/kanpan-p2/Kanpan/Kanpan/Settings/Model/SettingsStamp.swift /Users/mdd/zhk/kanpan-p2/Kanpan/Kanpan/Settings/Model/ThemeChoice.swift /Users/mdd/zhk/kanpan-p2/Kanpan/Kanpan/Share/FriendPickerSheet.swift /Users/mdd/zhk/kanpan-p2/Kanpan/Kanpan/Share/FriendsPage.swift /Users/mdd/zhk/kanpan-p2/Kanpan/Kanpan/Share/ShareCard.swift /Users/mdd/zhk/kanpan-p2/Kanpan/Kanpan/Share/ShareClient.swift /Users/mdd/zhk/kanpan-p2/Kanpan/Kanpan/Share/ShareInbox.swift (in target 'Kanpan' from project 'Kanpan')

SwiftCompile normal arm64 /Users/mdd/zhk/kanpan-p2/Kanpan/Kanpan/Settings/Model/MarketCache.swift (in target 'Kanpan' from project 'Kanpan')
    cd /Users/mdd/zhk/kanpan-p2/Kanpan
    

SwiftCompile normal arm64 /Users/mdd/zhk/kanpan-p2/Kanpan/Kanpan/Settings/Model/Prefs.swift (in target 'Kanpan' from project 'Kanpan')
    cd /Users/mdd/zhk/kanpan-p2/Kanpan
    

SwiftCompile normal arm64 /Users/mdd/zhk/kanpan-p2/Kanpan/Kanpan/Settings/Model/PrefsCodec.swift (in target 'Kanpan' from project 'Kanpan')
    cd /Users/mdd/zhk/kanpan-p2/Kanpan
    

SwiftCompile normal arm64 /Users/mdd/zhk/kanpan-p2/Kanpan/Kanpan/Settings/Model/PrefsFieldPlan.swift (in target 'Kanpan' from project 'Kanpan')
    cd /Users/mdd/zhk/kanpan-p2/Kanpan
    

SwiftCompile normal arm64 /Users/mdd/zhk/kanpan-p2/Kanpan/Kanpan/Settings/Model/PrefsStore.swift (in target 'Kanpan' from project 'Kanpan')
    cd /Users/mdd/zhk/kanpan-p2/Kanpan
    

SwiftCompile normal arm64 /Users/mdd/zhk/kanpan-p2/Kanpan/Kanpan/Settings/Model/SettingsStamp.swift (in target 'Kanpan' from project 'Kanpan')
    cd /Users/mdd/zhk/kanpan-p2/Kanpan
    

SwiftCompile normal arm64 /Users/mdd/zhk/kanpan-p2/Kanpan/Kanpan/Settings/Model/ThemeChoice.swift (in target 'Kanpan' from project 'Kanpan')
    cd /Users/mdd/zhk/kanpan-p2/Kanpan
    

SwiftCompile normal arm64 /Users/mdd/zhk/kanpan-p2/Kanpan/Kanpan/Share/FriendPickerSheet.swift (in target 'Kanpan' from project 'Kanpan')
    cd /Users/mdd/zhk/kanpan-p2/Kanpan
    

SwiftCompile normal arm64 /Users/mdd/zhk/kanpan-p2/Kanpan/Kanpan/Share/FriendsPage.swift (in target 'Kanpan' from project 'Kanpan')
    cd /Users/mdd/zhk/kanpan-p2/Kanpan
    

SwiftCompile normal arm64 /Users/mdd/zhk/kanpan-p2/Kanpan/Kanpan/Share/ShareCard.swift (in target 'Kanpan' from project 'Kanpan')
    cd /Users/mdd/zhk/kanpan-p2/Kanpan
    

SwiftCompile normal arm64 /Users/mdd/zhk/kanpan-p2/Kanpan/Kanpan/Share/ShareClient.swift (in target 'Kanpan' from project 'Kanpan')
    cd /Users/mdd/zhk/kanpan-p2/Kanpan
    

SwiftCompile normal arm64 /Users/mdd/zhk/kanpan-p2/Kanpan/Kanpan/Share/ShareInbox.swift (in target 'Kanpan' from project 'Kanpan')
    cd /Users/mdd/zhk/kanpan-p2/Kanpan
    

SwiftDriverJobDiscovery normal x86_64 Compiling ReviewThemeBridge.swift, SettingsPanel.swift, SwipeToDelete.swift, ReviewChartBridge.swift, ReviewRangeOverlay.swift, SectorAllSheet.swift, SectorBubbleField.swift, SectorBubbleRenderer.swift, SectorDrillDecision.swift, SectorFeed.swift, SectorHistoryFeed.swift, SectorIcon.swift (in target 'Kanpan' from project 'Kanpan')

SwiftCompile normal arm64 Compiling\ AlertWatcher.swift,\ PushRegistration.swift,\ ReviewDueNotifications.swift,\ DiagnosticsCenter.swift,\ DiagnosticsStore.swift,\ FrameProbe.swift,\ FrameReportStore.swift,\ FrameStats.swift,\ MeasurementText.swift,\ PayloadDigest.swift,\ DrawingBar.swift,\ DrawingController.swift,\ DrawingGlyph.swift /Users/mdd/zhk/kanpan-p2/Kanpan/Kanpan/Alerts/AlertWatcher.swift /Users/mdd/zhk/kanpan-p2/Kanpan/Kanpan/Alerts/PushRegistration.swift /Users/mdd/zhk/kanpan-p2/Kanpan/Kanpan/Alerts/ReviewDueNotifications.swift /Users/mdd/zhk/kanpan-p2/Kanpan/Kanpan/Diagnostics/DiagnosticsCenter.swift /Users/mdd/zhk/kanpan-p2/Kanpan/Kanpan/Diagnostics/DiagnosticsStore.swift /Users/mdd/zhk/kanpan-p2/Kanpan/Kanpan/Diagnostics/FrameProbe.swift /Users/mdd/zhk/kanpan-p2/Kanpan/Kanpan/Diagnostics/FrameReportStore.swift /Users/mdd/zhk/kanpan-p2/Kanpan/Kanpan/Diagnostics/FrameStats.swift /Users/mdd/zhk/kanpan-p2/Kanpan/Kanpan/Diagnostics/MeasurementText.swift /Users/mdd/zhk/kanpan-p2/Kanpan/Kanpan/Diagnostics/PayloadDigest.swift /Users/mdd/zhk/kanpan-p2/Kanpan/Kanpan/Drawing/DrawingBar.swift /Users/mdd/zhk/kanpan-p2/Kanpan/Kanpan/Drawing/DrawingController.swift /Users/mdd/zhk/kanpan-p2/Kanpan/Kanpan/Drawing/DrawingGlyph.swift (in target 'Kanpan' from project 'Kanpan')

SwiftCompile normal arm64 /Users/mdd/zhk/kanpan-p2/Kanpan/Kanpan/Alerts/AlertWatcher.swift (in target 'Kanpan' from project 'Kanpan')
    cd /Users/mdd/zhk/kanpan-p2/Kanpan
    

SwiftCompile normal arm64 /Users/mdd/zhk/kanpan-p2/Kanpan/Kanpan/Alerts/PushRegistration.swift (in target 'Kanpan' from project 'Kanpan')
    cd /Users/mdd/zhk/kanpan-p2/Kanpan
    

SwiftCompile normal arm64 /Users/mdd/zhk/kanpan-p2/Kanpan/Kanpan/Alerts/ReviewDueNotifications.swift (in target 'Kanpan' from project 'Kanpan')
    cd /Users/mdd/zhk/kanpan-p2/Kanpan
    

SwiftCompile normal arm64 /Users/mdd/zhk/kanpan-p2/Kanpan/Kanpan/Diagnostics/DiagnosticsCenter.swift (in target 'Kanpan' from project 'Kanpan')
    cd /Users/mdd/zhk/kanpan-p2/Kanpan
    

SwiftCompile normal arm64 /Users/mdd/zhk/kanpan-p2/Kanpan/Kanpan/Diagnostics/DiagnosticsStore.swift (in target 'Kanpan' from project 'Kanpan')
    cd /Users/mdd/zhk/kanpan-p2/Kanpan
    

SwiftCompile normal arm64 /Users/mdd/zhk/kanpan-p2/Kanpan/Kanpan/Diagnostics/FrameProbe.swift (in target 'Kanpan' from project 'Kanpan')
    cd /Users/mdd/zhk/kanpan-p2/Kanpan
    

SwiftCompile normal arm64 /Users/mdd/zhk/kanpan-p2/Kanpan/Kanpan/Diagnostics/FrameReportStore.swift (in target 'Kanpan' from project 'Kanpan')
    cd /Users/mdd/zhk/kanpan-p2/Kanpan
    

SwiftCompile normal arm64 /Users/mdd/zhk/kanpan-p2/Kanpan/Kanpan/Diagnostics/FrameStats.swift (in target 'Kanpan' from project 'Kanpan')
    cd /Users/mdd/zhk/kanpan-p2/Kanpan
    

SwiftCompile normal arm64 /Users/mdd/zhk/kanpan-p2/Kanpan/Kanpan/Diagnostics/MeasurementText.swift (in target 'Kanpan' from project 'Kanpan')
    cd /Users/mdd/zhk/kanpan-p2/Kanpan
    

SwiftCompile normal arm64 /Users/mdd/zhk/kanpan-p2/Kanpan/Kanpan/Diagnostics/PayloadDigest.swift (in target 'Kanpan' from project 'Kanpan')
    cd /Users/mdd/zhk/kanpan-p2/Kanpan
    

SwiftCompile normal arm64 /Users/mdd/zhk/kanpan-p2/Kanpan/Kanpan/Drawing/DrawingBar.swift (in target 'Kanpan' from project 'Kanpan')
    cd /Users/mdd/zhk/kanpan-p2/Kanpan
    

SwiftCompile normal arm64 /Users/mdd/zhk/kanpan-p2/Kanpan/Kanpan/Drawing/DrawingController.swift (in target 'Kanpan' from project 'Kanpan')
    cd /Users/mdd/zhk/kanpan-p2/Kanpan
    

SwiftCompile normal arm64 /Users/mdd/zhk/kanpan-p2/Kanpan/Kanpan/Drawing/DrawingGlyph.swift (in target 'Kanpan' from project 'Kanpan')
    cd /Users/mdd/zhk/kanpan-p2/Kanpan
    

SwiftDriverJobDiscovery normal x86_64 Emitting module for Kanpan (in target 'Kanpan' from project 'Kanpan')

SwiftDriver\ Compilation\ Requirements Kanpan normal x86_64 com.apple.xcode.tools.swift.compiler (in target 'Kanpan' from project 'Kanpan')
    cd /Users/mdd/zhk/kanpan-p2/Kanpan
    builtin-Swift-Compilation-Requirements -- /Applications/Xcode.app/Contents/Developer/Toolchains/XcodeDefault.xctoolchain/usr/bin/swiftc -module-name Kanpan -Onone @/tmp/kanpan-p2-dd/Build/Intermediates.noindex/Kanpan.build/Debug-iphonesimulator/Kanpan.build/Objects-normal/x86_64/Kanpan.SwiftFileList -DDEBUG -enable-experimental-feature DebugDescriptionMacro -sdk /Applications/Xcode.app/Contents/Developer/Platforms/iPhoneSimulator.platform/Developer/SDKs/iPhoneSimulator26.5.sdk -target x86_64-apple-ios26.0-simulator -g -module-cache-path /tmp/kanpan-p2-dd/ModuleCache.noindex -Xfrontend -serialize-debugging-options -enable-testing -index-store-path /tmp/kanpan-p2-dd/Index.noindex/DataStore -Xcc -D_LIBCPP_HARDENING_MODE\=_LIBCPP_HARDENING_MODE_DEBUG -swift-version 6 -I /tmp/kanpan-p2-dd/Build/Products/Debug-iphonesimulator -F /tmp/kanpan-p2-dd/Build/Products/Debug-iphonesimulator/PackageFrameworks -F /tmp/kanpan-p2-dd/Build/Products/Debug-iphonesimulator/PackageFrameworks -F /tmp/kanpan-p2-dd/Build/Products/Debug-iphonesimulator/PackageFrameworks -F /tmp/kanpan-p2-dd/Build/Products/Debug-iphonesimulator/PackageFrameworks -F /tmp/kanpan-p2-dd/Build/Products/Debug-iphonesimulator/PackageFrameworks -F /tmp/kanpan-p2-dd/Build/Products/Debug-iphonesimulator/PackageFrameworks -F /tmp/kanpan-p2-dd/Build/Products/Debug-iphonesimulator/PackageFrameworks -F /tmp/kanpan-p2-dd/Build/Products/Debug-iphonesimulator/PackageFrameworks -F /tmp/kanpan-p2-dd/Build/Products/Debug-iphonesimulator -emit-localized-strings -emit-localized-strings-path /tmp/kanpan-p2-dd/Build/Intermediates.noindex/Kanpan.build/Debug-iphonesimulator/Kanpan.build/Objects-normal/x86_64 -c -j10 -enable-batch-mode -incremental -Xcc -ivfsstatcache -Xcc /tmp/kanpan-p2-dd/SDKStatCaches.noindex/iphonesimulator26.5-23F81a-6cfe768891a92b912361537c460fe42b.sdkstatcache -output-file-map /tmp/kanpan-p2-dd/Build/Intermediates.noindex/Kanpan.build/Debug-iphonesimulator/Kanpan.build/Objects-normal/x86_64/Kanpan-OutputFileMap.json -use-frontend-parseable-output -save-temps -no-color-diagnostics -explicit-module-build -module-cache-path /tmp/kanpan-p2-dd/Build/Intermediates.noindex/SwiftExplicitPrecompiledModules -clang-scanner-module-cache-path /tmp/kanpan-p2-dd/ModuleCache.noindex -sdk-module-cache-path /tmp/kanpan-p2-dd/ModuleCache.noindex -serialize-diagnostics -emit-dependencies -emit-module -emit-module-path /tmp/kanpan-p2-dd/Build/Intermediates.noindex/Kanpan.build/Debug-iphonesimulator/Kanpan.build/Objects-normal/x86_64/Kanpan.swiftmodule -validate-clang-modules-once -clang-build-session-file /tmp/kanpan-p2-dd/ModuleCache.noindex/Session.modulevalidation -Xcc -I/tmp/kanpan-p2-dd/Build/Intermediates.noindex/Kanpan.build/Debug-iphonesimulator/Kanpan.build/swift-overrides.hmap -emit-const-values -Xfrontend -const-gather-protocols-file -Xfrontend /tmp/kanpan-p2-dd/Build/Intermediates.noindex/Kanpan.build/Debug-iphonesimulator/Kanpan.build/Objects-normal/x86_64/Kanpan_const_extract_protocols.json -Xcc -iquote -Xcc /tmp/kanpan-p2-dd/Build/Intermediates.noindex/Kanpan.build/Debug-iphonesimulator/Kanpan.build/Kanpan-generated-files.hmap -Xcc -I/tmp/kanpan-p2-dd/Build/Intermediates.noindex/Kanpan.build/Debug-iphonesimulator/Kanpan.build/Kanpan-own-target-headers.hmap -Xcc -I/tmp/kanpan-p2-dd/Build/Intermediates.noindex/Kanpan.build/Debug-iphonesimulator/Kanpan.build/Kanpan-all-non-framework-target-headers.hmap -Xcc -ivfsoverlay -Xcc /tmp/kanpan-p2-dd/Build/Intermediates.noindex/Kanpan.build/Debug-iphonesimulator/Kanpan-88f8e4f6458ff7f878983357411ed85c-VFS-iphonesimulator/all-product-headers.yaml -Xcc -iquote -Xcc /tmp/kanpan-p2-dd/Build/Intermediates.noindex/Kanpan.build/Debug-iphonesimulator/Kanpan.build/Kanpan-project-headers.hmap -Xcc -I/tmp/kanpan-p2-dd/Build/Products/Debug-iphonesimulator/include -Xcc -I/tmp/kanpan-p2-dd/Build/Intermediates.noindex/Kanpan.build/Debug-iphonesimulator/Kanpan.build/DerivedSources-normal/x86_64 -Xcc -I/tmp/kanpan-p2-dd/Build/Intermediates.noindex/Kanpan.build/Debug-iphonesimulator/Kanpan.build/DerivedSources/x86_64 -Xcc -I/tmp/kanpan-p2-dd/Build/Intermediates.noindex/Kanpan.build/Debug-iphonesimulator/Kanpan.build/DerivedSources -emit-objc-header -emit-objc-header-path /tmp/kanpan-p2-dd/Build/Intermediates.noindex/Kanpan.build/Debug-iphonesimulator/Kanpan.build/Objects-normal/x86_64/Kanpan-Swift.h -working-directory /Users/mdd/zhk/kanpan-p2/Kanpan -experimental-emit-module-separately -disable-cmo

SwiftDriverJobDiscovery normal x86_64 Compiling AlertWatcher.swift, PushRegistration.swift, ReviewDueNotifications.swift, DiagnosticsCenter.swift, DiagnosticsStore.swift, FrameProbe.swift, FrameReportStore.swift, FrameStats.swift, MeasurementText.swift, PayloadDigest.swift, DrawingBar.swift, DrawingController.swift, DrawingGlyph.swift (in target 'Kanpan' from project 'Kanpan')

SwiftCompile normal arm64 Compiling\ ShareItem.swift,\ ClipboardSymbol.swift,\ DefaultFavorites.swift,\ DefaultFavoritesSeeder.swift,\ FavoriteCategory.swift,\ FavoritesView.swift,\ HomeShortcuts.swift,\ HomeShortcutsBridge.swift,\ QuoteSession.swift,\ QuoteSubscriptionPlan.swift,\ SearchHistory.swift,\ SymbolAliases.swift /Users/mdd/zhk/kanpan-p2/Kanpan/Kanpan/Share/ShareItem.swift /Users/mdd/zhk/kanpan-p2/Kanpan/Kanpan/Symbols/ClipboardSymbol.swift /Users/mdd/zhk/kanpan-p2/Kanpan/Kanpan/Symbols/DefaultFavorites.swift /Users/mdd/zhk/kanpan-p2/Kanpan/Kanpan/Symbols/DefaultFavoritesSeeder.swift /Users/mdd/zhk/kanpan-p2/Kanpan/Kanpan/Symbols/FavoriteCategory.swift /Users/mdd/zhk/kanpan-p2/Kanpan/Kanpan/Symbols/FavoritesView.swift /Users/mdd/zhk/kanpan-p2/Kanpan/Kanpan/Symbols/HomeShortcuts.swift /Users/mdd/zhk/kanpan-p2/Kanpan/Kanpan/Symbols/HomeShortcutsBridge.swift /Users/mdd/zhk/kanpan-p2/Kanpan/Kanpan/Symbols/QuoteSession.swift /Users/mdd/zhk/kanpan-p2/Kanpan/Kanpan/Symbols/QuoteSubscriptionPlan.swift /Users/mdd/zhk/kanpan-p2/Kanpan/Kanpan/Symbols/SearchHistory.swift /Users/mdd/zhk/kanpan-p2/Kanpan/Kanpan/Symbols/SymbolAliases.swift (in target 'Kanpan' from project 'Kanpan')

SwiftCompile normal arm64 /Users/mdd/zhk/kanpan-p2/Kanpan/Kanpan/Share/ShareItem.swift (in target 'Kanpan' from project 'Kanpan')
    cd /Users/mdd/zhk/kanpan-p2/Kanpan
    

SwiftCompile normal arm64 /Users/mdd/zhk/kanpan-p2/Kanpan/Kanpan/Symbols/ClipboardSymbol.swift (in target 'Kanpan' from project 'Kanpan')
    cd /Users/mdd/zhk/kanpan-p2/Kanpan
    

SwiftCompile normal arm64 /Users/mdd/zhk/kanpan-p2/Kanpan/Kanpan/Symbols/DefaultFavorites.swift (in target 'Kanpan' from project 'Kanpan')
    cd /Users/mdd/zhk/kanpan-p2/Kanpan
    

SwiftCompile normal arm64 /Users/mdd/zhk/kanpan-p2/Kanpan/Kanpan/Symbols/DefaultFavoritesSeeder.swift (in target 'Kanpan' from project 'Kanpan')
    cd /Users/mdd/zhk/kanpan-p2/Kanpan
    

SwiftCompile normal arm64 /Users/mdd/zhk/kanpan-p2/Kanpan/Kanpan/Symbols/FavoriteCategory.swift (in target 'Kanpan' from project 'Kanpan')
    cd /Users/mdd/zhk/kanpan-p2/Kanpan
    

SwiftCompile normal arm64 /Users/mdd/zhk/kanpan-p2/Kanpan/Kanpan/Symbols/FavoritesView.swift (in target 'Kanpan' from project 'Kanpan')
    cd /Users/mdd/zhk/kanpan-p2/Kanpan
    

SwiftCompile normal arm64 /Users/mdd/zhk/kanpan-p2/Kanpan/Kanpan/Symbols/HomeShortcuts.swift (in target 'Kanpan' from project 'Kanpan')
    cd /Users/mdd/zhk/kanpan-p2/Kanpan
    

SwiftCompile normal arm64 /Users/mdd/zhk/kanpan-p2/Kanpan/Kanpan/Symbols/HomeShortcutsBridge.swift (in target 'Kanpan' from project 'Kanpan')
    cd /Users/mdd/zhk/kanpan-p2/Kanpan
    

SwiftCompile normal arm64 /Users/mdd/zhk/kanpan-p2/Kanpan/Kanpan/Symbols/QuoteSession.swift (in target 'Kanpan' from project 'Kanpan')
    cd /Users/mdd/zhk/kanpan-p2/Kanpan
    

SwiftCompile normal arm64 /Users/mdd/zhk/kanpan-p2/Kanpan/Kanpan/Symbols/QuoteSubscriptionPlan.swift (in target 'Kanpan' from project 'Kanpan')
    cd /Users/mdd/zhk/kanpan-p2/Kanpan
    

SwiftCompile normal arm64 /Users/mdd/zhk/kanpan-p2/Kanpan/Kanpan/Symbols/SearchHistory.swift (in target 'Kanpan' from project 'Kanpan')
    cd /Users/mdd/zhk/kanpan-p2/Kanpan
    

SwiftCompile normal arm64 /Users/mdd/zhk/kanpan-p2/Kanpan/Kanpan/Symbols/SymbolAliases.swift (in target 'Kanpan' from project 'Kanpan')
    cd /Users/mdd/zhk/kanpan-p2/Kanpan
    

Copy /tmp/kanpan-p2-dd/Build/Products/Debug-iphonesimulator/Kanpan.swiftmodule/x86_64-apple-ios-simulator.swiftmodule /tmp/kanpan-p2-dd/Build/Intermediates.noindex/Kanpan.build/Debug-iphonesimulator/Kanpan.build/Objects-normal/x86_64/Kanpan.swiftmodule (in target 'Kanpan' from project 'Kanpan')
    cd /Users/mdd/zhk/kanpan-p2/Kanpan
    builtin-copy -exclude .DS_Store -exclude CVS -exclude .svn -exclude .git -exclude .hg -strip-unsigned-binaries -strip-deterministic -strip-tool /Applications/Xcode.app/Contents/Developer/Toolchains/XcodeDefault.xctoolchain/usr/bin/strip -resolve-src-symlinks -rename /tmp/kanpan-p2-dd/Build/Intermediates.noindex/Kanpan.build/Debug-iphonesimulator/Kanpan.build/Objects-normal/x86_64/Kanpan.swiftmodule /tmp/kanpan-p2-dd/Build/Products/Debug-iphonesimulator/Kanpan.swiftmodule/x86_64-apple-ios-simulator.swiftmodule

SwiftDriverJobDiscovery normal x86_64 Compiling AccountFeature.swift, AccountView.swift, AppAccountBridge.swift, PersonalFileStorage.swift, PersonalSyncCodec.swift, AlertArchive.swift, AlertEngine.swift, AlertListPage.swift, AlertNotifications.swift, AlertPermission.swift, AlertPrompt.swift, AlertSoundPage.swift, AlertStore.swift (in target 'Kanpan' from project 'Kanpan')

Copy /tmp/kanpan-p2-dd/Build/Products/Debug-iphonesimulator/Kanpan.swiftmodule/x86_64-apple-ios-simulator.swiftdoc /tmp/kanpan-p2-dd/Build/Intermediates.noindex/Kanpan.build/Debug-iphonesimulator/Kanpan.build/Objects-normal/x86_64/Kanpan.swiftdoc (in target 'Kanpan' from project 'Kanpan')
    cd /Users/mdd/zhk/kanpan-p2/Kanpan
    builtin-copy -exclude .DS_Store -exclude CVS -exclude .svn -exclude .git -exclude .hg -strip-unsigned-binaries -strip-deterministic -strip-tool /Applications/Xcode.app/Contents/Developer/Toolchains/XcodeDefault.xctoolchain/usr/bin/strip -resolve-src-symlinks -rename /tmp/kanpan-p2-dd/Build/Intermediates.noindex/Kanpan.build/Debug-iphonesimulator/Kanpan.build/Objects-normal/x86_64/Kanpan.swiftdoc /tmp/kanpan-p2-dd/Build/Products/Debug-iphonesimulator/Kanpan.swiftmodule/x86_64-apple-ios-simulator.swiftdoc

Copy /tmp/kanpan-p2-dd/Build/Products/Debug-iphonesimulator/Kanpan.swiftmodule/x86_64-apple-ios-simulator.abi.json /tmp/kanpan-p2-dd/Build/Intermediates.noindex/Kanpan.build/Debug-iphonesimulator/Kanpan.build/Objects-normal/x86_64/Kanpan.abi.json (in target 'Kanpan' from project 'Kanpan')
    cd /Users/mdd/zhk/kanpan-p2/Kanpan
    builtin-copy -exclude .DS_Store -exclude CVS -exclude .svn -exclude .git -exclude .hg -strip-unsigned-binaries -strip-deterministic -strip-tool /Applications/Xcode.app/Contents/Developer/Toolchains/XcodeDefault.xctoolchain/usr/bin/strip -resolve-src-symlinks -rename /tmp/kanpan-p2-dd/Build/Intermediates.noindex/Kanpan.build/Debug-iphonesimulator/Kanpan.build/Objects-normal/x86_64/Kanpan.abi.json /tmp/kanpan-p2-dd/Build/Products/Debug-iphonesimulator/Kanpan.swiftmodule/x86_64-apple-ios-simulator.abi.json

Copy /tmp/kanpan-p2-dd/Build/Products/Debug-iphonesimulator/Kanpan.swiftmodule/Project/x86_64-apple-ios-simulator.swiftsourceinfo /tmp/kanpan-p2-dd/Build/Intermediates.noindex/Kanpan.build/Debug-iphonesimulator/Kanpan.build/Objects-normal/x86_64/Kanpan.swiftsourceinfo (in target 'Kanpan' from project 'Kanpan')
    cd /Users/mdd/zhk/kanpan-p2/Kanpan
    builtin-copy -exclude .DS_Store -exclude CVS -exclude .svn -exclude .git -exclude .hg -strip-unsigned-binaries -strip-deterministic -strip-tool /Applications/Xcode.app/Contents/Developer/Toolchains/XcodeDefault.xctoolchain/usr/bin/strip -resolve-src-symlinks -rename /tmp/kanpan-p2-dd/Build/Intermediates.noindex/Kanpan.build/Debug-iphonesimulator/Kanpan.build/Objects-normal/x86_64/Kanpan.swiftsourceinfo /tmp/kanpan-p2-dd/Build/Products/Debug-iphonesimulator/Kanpan.swiftmodule/Project/x86_64-apple-ios-simulator.swiftsourceinfo

SwiftCompile normal arm64 Compiling\ SectorLayout.swift,\ SectorPage.swift,\ SectorRows.swift,\ SectorSymbolList.swift,\ SectorWindowChoice.swift,\ AlertSound.swift,\ APIHost.swift,\ ChartViewport.swift,\ DisplayComfortPolicy.swift,\ IndicatorDraft.swift,\ IndicatorParamRule.swift,\ LaunchThemeMirror.swift /Users/mdd/zhk/kanpan-p2/Kanpan/Kanpan/Sector/SectorLayout.swift /Users/mdd/zhk/kanpan-p2/Kanpan/Kanpan/Sector/SectorPage.swift /Users/mdd/zhk/kanpan-p2/Kanpan/Kanpan/Sector/SectorRows.swift /Users/mdd/zhk/kanpan-p2/Kanpan/Kanpan/Sector/SectorSymbolList.swift /Users/mdd/zhk/kanpan-p2/Kanpan/Kanpan/Sector/SectorWindowChoice.swift /Users/mdd/zhk/kanpan-p2/Kanpan/Kanpan/Settings/Model/AlertSound.swift /Users/mdd/zhk/kanpan-p2/Kanpan/Kanpan/Settings/Model/APIHost.swift /Users/mdd/zhk/kanpan-p2/Kanpan/Kanpan/Settings/Model/ChartViewport.swift /Users/mdd/zhk/kanpan-p2/Kanpan/Kanpan/Settings/Model/DisplayComfortPolicy.swift /Users/mdd/zhk/kanpan-p2/Kanpan/Kanpan/Settings/Model/IndicatorDraft.swift /Users/mdd/zhk/kanpan-p2/Kanpan/Kanpan/Settings/Model/IndicatorParamRule.swift /Users/mdd/zhk/kanpan-p2/Kanpan/Kanpan/Settings/Model/LaunchThemeMirror.swift (in target 'Kanpan' from project 'Kanpan')

SwiftCompile normal arm64 /Users/mdd/zhk/kanpan-p2/Kanpan/Kanpan/Sector/SectorLayout.swift (in target 'Kanpan' from project 'Kanpan')
    cd /Users/mdd/zhk/kanpan-p2/Kanpan
    

SwiftCompile normal arm64 /Users/mdd/zhk/kanpan-p2/Kanpan/Kanpan/Sector/SectorPage.swift (in target 'Kanpan' from project 'Kanpan')
    cd /Users/mdd/zhk/kanpan-p2/Kanpan
    

SwiftCompile normal arm64 /Users/mdd/zhk/kanpan-p2/Kanpan/Kanpan/Sector/SectorRows.swift (in target 'Kanpan' from project 'Kanpan')
    cd /Users/mdd/zhk/kanpan-p2/Kanpan
    

SwiftCompile normal arm64 /Users/mdd/zhk/kanpan-p2/Kanpan/Kanpan/Sector/SectorSymbolList.swift (in target 'Kanpan' from project 'Kanpan')
    cd /Users/mdd/zhk/kanpan-p2/Kanpan
    

SwiftCompile normal arm64 /Users/mdd/zhk/kanpan-p2/Kanpan/Kanpan/Sector/SectorWindowChoice.swift (in target 'Kanpan' from project 'Kanpan')
    cd /Users/mdd/zhk/kanpan-p2/Kanpan
    

SwiftCompile normal arm64 /Users/mdd/zhk/kanpan-p2/Kanpan/Kanpan/Settings/Model/AlertSound.swift (in target 'Kanpan' from project 'Kanpan')
    cd /Users/mdd/zhk/kanpan-p2/Kanpan
    

SwiftCompile normal arm64 /Users/mdd/zhk/kanpan-p2/Kanpan/Kanpan/Settings/Model/APIHost.swift (in target 'Kanpan' from project 'Kanpan')
    cd /Users/mdd/zhk/kanpan-p2/Kanpan
    

SwiftCompile normal arm64 /Users/mdd/zhk/kanpan-p2/Kanpan/Kanpan/Settings/Model/ChartViewport.swift (in target 'Kanpan' from project 'Kanpan')
    cd /Users/mdd/zhk/kanpan-p2/Kanpan
    

SwiftCompile normal arm64 /Users/mdd/zhk/kanpan-p2/Kanpan/Kanpan/Settings/Model/DisplayComfortPolicy.swift (in target 'Kanpan' from project 'Kanpan')
    cd /Users/mdd/zhk/kanpan-p2/Kanpan
    

SwiftCompile normal arm64 /Users/mdd/zhk/kanpan-p2/Kanpan/Kanpan/Settings/Model/IndicatorDraft.swift (in target 'Kanpan' from project 'Kanpan')
    cd /Users/mdd/zhk/kanpan-p2/Kanpan
    

SwiftCompile normal arm64 /Users/mdd/zhk/kanpan-p2/Kanpan/Kanpan/Settings/Model/IndicatorParamRule.swift (in target 'Kanpan' from project 'Kanpan')
    cd /Users/mdd/zhk/kanpan-p2/Kanpan
    

SwiftCompile normal arm64 /Users/mdd/zhk/kanpan-p2/Kanpan/Kanpan/Settings/Model/LaunchThemeMirror.swift (in target 'Kanpan' from project 'Kanpan')
    cd /Users/mdd/zhk/kanpan-p2/Kanpan
    

SwiftCompile normal arm64 Compiling\ DrawingSymbolSwitcher.swift,\ DrawingToolPicker.swift,\ AppLifecycle.swift,\ BackgroundGrace.swift,\ ChartHost.swift,\ ChartSnapshotRenderer.swift,\ CoinBadge.swift,\ CoinBadgeBrands.swift,\ CrosshairReadout.swift,\ DeepLink.swift,\ DetailZoom.swift,\ DisplayComfort.swift,\ HeaderStats.swift /Users/mdd/zhk/kanpan-p2/Kanpan/Kanpan/Drawing/DrawingSymbolSwitcher.swift /Users/mdd/zhk/kanpan-p2/Kanpan/Kanpan/Drawing/DrawingToolPicker.swift /Users/mdd/zhk/kanpan-p2/Kanpan/Kanpan/Main/AppLifecycle.swift /Users/mdd/zhk/kanpan-p2/Kanpan/Kanpan/Main/BackgroundGrace.swift /Users/mdd/zhk/kanpan-p2/Kanpan/Kanpan/Main/ChartHost.swift /Users/mdd/zhk/kanpan-p2/Kanpan/Kanpan/Main/ChartSnapshotRenderer.swift /Users/mdd/zhk/kanpan-p2/Kanpan/Kanpan/Main/CoinBadge.swift /Users/mdd/zhk/kanpan-p2/Kanpan/Kanpan/Main/CoinBadgeBrands.swift /Users/mdd/zhk/kanpan-p2/Kanpan/Kanpan/Main/CrosshairReadout.swift /Users/mdd/zhk/kanpan-p2/Kanpan/Kanpan/Main/DeepLink.swift /Users/mdd/zhk/kanpan-p2/Kanpan/Kanpan/Main/DetailZoom.swift /Users/mdd/zhk/kanpan-p2/Kanpan/Kanpan/Main/DisplayComfort.swift /Users/mdd/zhk/kanpan-p2/Kanpan/Kanpan/Main/HeaderStats.swift (in target 'Kanpan' from project 'Kanpan')

SwiftCompile normal arm64 /Users/mdd/zhk/kanpan-p2/Kanpan/Kanpan/Drawing/DrawingSymbolSwitcher.swift (in target 'Kanpan' from project 'Kanpan')
    cd /Users/mdd/zhk/kanpan-p2/Kanpan
    

SwiftCompile normal arm64 /Users/mdd/zhk/kanpan-p2/Kanpan/Kanpan/Drawing/DrawingToolPicker.swift (in target 'Kanpan' from project 'Kanpan')
    cd /Users/mdd/zhk/kanpan-p2/Kanpan
    

SwiftCompile normal arm64 /Users/mdd/zhk/kanpan-p2/Kanpan/Kanpan/Main/AppLifecycle.swift (in target 'Kanpan' from project 'Kanpan')
    cd /Users/mdd/zhk/kanpan-p2/Kanpan
    

SwiftCompile normal arm64 /Users/mdd/zhk/kanpan-p2/Kanpan/Kanpan/Main/BackgroundGrace.swift (in target 'Kanpan' from project 'Kanpan')
    cd /Users/mdd/zhk/kanpan-p2/Kanpan
    

SwiftCompile normal arm64 /Users/mdd/zhk/kanpan-p2/Kanpan/Kanpan/Main/ChartHost.swift (in target 'Kanpan' from project 'Kanpan')
    cd /Users/mdd/zhk/kanpan-p2/Kanpan
    

SwiftCompile normal arm64 /Users/mdd/zhk/kanpan-p2/Kanpan/Kanpan/Main/ChartSnapshotRenderer.swift (in target 'Kanpan' from project 'Kanpan')
    cd /Users/mdd/zhk/kanpan-p2/Kanpan
    

SwiftCompile normal arm64 /Users/mdd/zhk/kanpan-p2/Kanpan/Kanpan/Main/CoinBadge.swift (in target 'Kanpan' from project 'Kanpan')
    cd /Users/mdd/zhk/kanpan-p2/Kanpan
    

SwiftCompile normal arm64 /Users/mdd/zhk/kanpan-p2/Kanpan/Kanpan/Main/CoinBadgeBrands.swift (in target 'Kanpan' from project 'Kanpan')
    cd /Users/mdd/zhk/kanpan-p2/Kanpan
    

SwiftCompile normal arm64 /Users/mdd/zhk/kanpan-p2/Kanpan/Kanpan/Main/CrosshairReadout.swift (in target 'Kanpan' from project 'Kanpan')
    cd /Users/mdd/zhk/kanpan-p2/Kanpan
    

SwiftCompile normal arm64 /Users/mdd/zhk/kanpan-p2/Kanpan/Kanpan/Main/DeepLink.swift (in target 'Kanpan' from project 'Kanpan')
    cd /Users/mdd/zhk/kanpan-p2/Kanpan
    

SwiftCompile normal arm64 /Users/mdd/zhk/kanpan-p2/Kanpan/Kanpan/Main/DetailZoom.swift (in target 'Kanpan' from project 'Kanpan')
    cd /Users/mdd/zhk/kanpan-p2/Kanpan
    

SwiftCompile normal arm64 /Users/mdd/zhk/kanpan-p2/Kanpan/Kanpan/Main/DisplayComfort.swift (in target 'Kanpan' from project 'Kanpan')
    cd /Users/mdd/zhk/kanpan-p2/Kanpan
    

SwiftCompile normal arm64 /Users/mdd/zhk/kanpan-p2/Kanpan/Kanpan/Main/HeaderStats.swift (in target 'Kanpan' from project 'Kanpan')
    cd /Users/mdd/zhk/kanpan-p2/Kanpan
    

SwiftDriverJobDiscovery normal arm64 Compiling MarketCache.swift, Prefs.swift, PrefsCodec.swift, PrefsFieldPlan.swift, PrefsStore.swift, SettingsStamp.swift, ThemeChoice.swift, FriendPickerSheet.swift, FriendsPage.swift, ShareCard.swift, ShareClient.swift, ShareInbox.swift (in target 'Kanpan' from project 'Kanpan')

SwiftCompile normal arm64 Compiling\ AccountFeature.swift,\ AccountView.swift,\ AppAccountBridge.swift,\ PersonalFileStorage.swift,\ PersonalSyncCodec.swift,\ AlertArchive.swift,\ AlertEngine.swift,\ AlertListPage.swift,\ AlertNotifications.swift,\ AlertPermission.swift,\ AlertPrompt.swift,\ AlertSoundPage.swift,\ AlertStore.swift /Users/mdd/zhk/kanpan-p2/Kanpan/Kanpan/Account/AccountFeature.swift /Users/mdd/zhk/kanpan-p2/Kanpan/Kanpan/Account/AccountView.swift /Users/mdd/zhk/kanpan-p2/Kanpan/Kanpan/Account/AppAccountBridge.swift /Users/mdd/zhk/kanpan-p2/Kanpan/Kanpan/Account/PersonalFileStorage.swift /Users/mdd/zhk/kanpan-p2/Kanpan/Kanpan/Account/PersonalSyncCodec.swift /Users/mdd/zhk/kanpan-p2/Kanpan/Kanpan/Alerts/AlertArchive.swift /Users/mdd/zhk/kanpan-p2/Kanpan/Kanpan/Alerts/AlertEngine.swift /Users/mdd/zhk/kanpan-p2/Kanpan/Kanpan/Alerts/AlertListPage.swift /Users/mdd/zhk/kanpan-p2/Kanpan/Kanpan/Alerts/AlertNotifications.swift /Users/mdd/zhk/kanpan-p2/Kanpan/Kanpan/Alerts/AlertPermission.swift /Users/mdd/zhk/kanpan-p2/Kanpan/Kanpan/Alerts/AlertPrompt.swift /Users/mdd/zhk/kanpan-p2/Kanpan/Kanpan/Alerts/AlertSoundPage.swift /Users/mdd/zhk/kanpan-p2/Kanpan/Kanpan/Alerts/AlertStore.swift (in target 'Kanpan' from project 'Kanpan')

SwiftCompile normal arm64 /Users/mdd/zhk/kanpan-p2/Kanpan/Kanpan/Account/AccountFeature.swift (in target 'Kanpan' from project 'Kanpan')
    cd /Users/mdd/zhk/kanpan-p2/Kanpan
    

SwiftCompile normal arm64 /Users/mdd/zhk/kanpan-p2/Kanpan/Kanpan/Account/AccountView.swift (in target 'Kanpan' from project 'Kanpan')
    cd /Users/mdd/zhk/kanpan-p2/Kanpan
    

SwiftCompile normal arm64 /Users/mdd/zhk/kanpan-p2/Kanpan/Kanpan/Account/AppAccountBridge.swift (in target 'Kanpan' from project 'Kanpan')
    cd /Users/mdd/zhk/kanpan-p2/Kanpan
    

SwiftCompile normal arm64 /Users/mdd/zhk/kanpan-p2/Kanpan/Kanpan/Account/PersonalFileStorage.swift (in target 'Kanpan' from project 'Kanpan')
    cd /Users/mdd/zhk/kanpan-p2/Kanpan
    

SwiftCompile normal arm64 /Users/mdd/zhk/kanpan-p2/Kanpan/Kanpan/Account/PersonalSyncCodec.swift (in target 'Kanpan' from project 'Kanpan')
    cd /Users/mdd/zhk/kanpan-p2/Kanpan
    

SwiftCompile normal arm64 /Users/mdd/zhk/kanpan-p2/Kanpan/Kanpan/Alerts/AlertArchive.swift (in target 'Kanpan' from project 'Kanpan')
    cd /Users/mdd/zhk/kanpan-p2/Kanpan
    

SwiftCompile normal arm64 /Users/mdd/zhk/kanpan-p2/Kanpan/Kanpan/Alerts/AlertEngine.swift (in target 'Kanpan' from project 'Kanpan')
    cd /Users/mdd/zhk/kanpan-p2/Kanpan
    

SwiftCompile normal arm64 /Users/mdd/zhk/kanpan-p2/Kanpan/Kanpan/Alerts/AlertListPage.swift (in target 'Kanpan' from project 'Kanpan')
    cd /Users/mdd/zhk/kanpan-p2/Kanpan
    

SwiftCompile normal arm64 /Users/mdd/zhk/kanpan-p2/Kanpan/Kanpan/Alerts/AlertNotifications.swift (in target 'Kanpan' from project 'Kanpan')
    cd /Users/mdd/zhk/kanpan-p2/Kanpan
    

SwiftCompile normal arm64 /Users/mdd/zhk/kanpan-p2/Kanpan/Kanpan/Alerts/AlertPermission.swift (in target 'Kanpan' from project 'Kanpan')
    cd /Users/mdd/zhk/kanpan-p2/Kanpan
    

SwiftCompile normal arm64 /Users/mdd/zhk/kanpan-p2/Kanpan/Kanpan/Alerts/AlertPrompt.swift (in target 'Kanpan' from project 'Kanpan')
    cd /Users/mdd/zhk/kanpan-p2/Kanpan
    

SwiftCompile normal arm64 /Users/mdd/zhk/kanpan-p2/Kanpan/Kanpan/Alerts/AlertSoundPage.swift (in target 'Kanpan' from project 'Kanpan')
    cd /Users/mdd/zhk/kanpan-p2/Kanpan
    

SwiftCompile normal arm64 /Users/mdd/zhk/kanpan-p2/Kanpan/Kanpan/Alerts/AlertStore.swift (in target 'Kanpan' from project 'Kanpan')
    cd /Users/mdd/zhk/kanpan-p2/Kanpan
    

SwiftDriverJobDiscovery normal arm64 Emitting module for Kanpan (in target 'Kanpan' from project 'Kanpan')

SwiftDriver\ Compilation\ Requirements Kanpan normal arm64 com.apple.xcode.tools.swift.compiler (in target 'Kanpan' from project 'Kanpan')
    cd /Users/mdd/zhk/kanpan-p2/Kanpan
    builtin-Swift-Compilation-Requirements -- /Applications/Xcode.app/Contents/Developer/Toolchains/XcodeDefault.xctoolchain/usr/bin/swiftc -module-name Kanpan -Onone @/tmp/kanpan-p2-dd/Build/Intermediates.noindex/Kanpan.build/Debug-iphonesimulator/Kanpan.build/Objects-normal/arm64/Kanpan.SwiftFileList -DDEBUG -enable-experimental-feature DebugDescriptionMacro -sdk /Applications/Xcode.app/Contents/Developer/Platforms/iPhoneSimulator.platform/Developer/SDKs/iPhoneSimulator26.5.sdk -target arm64-apple-ios26.0-simulator -g -module-cache-path /tmp/kanpan-p2-dd/ModuleCache.noindex -Xfrontend -serialize-debugging-options -enable-testing -index-store-path /tmp/kanpan-p2-dd/Index.noindex/DataStore -Xcc -D_LIBCPP_HARDENING_MODE\=_LIBCPP_HARDENING_MODE_DEBUG -swift-version 6 -I /tmp/kanpan-p2-dd/Build/Products/Debug-iphonesimulator -F /tmp/kanpan-p2-dd/Build/Products/Debug-iphonesimulator/PackageFrameworks -F /tmp/kanpan-p2-dd/Build/Products/Debug-iphonesimulator/PackageFrameworks -F /tmp/kanpan-p2-dd/Build/Products/Debug-iphonesimulator/PackageFrameworks -F /tmp/kanpan-p2-dd/Build/Products/Debug-iphonesimulator/PackageFrameworks -F /tmp/kanpan-p2-dd/Build/Products/Debug-iphonesimulator/PackageFrameworks -F /tmp/kanpan-p2-dd/Build/Products/Debug-iphonesimulator/PackageFrameworks -F /tmp/kanpan-p2-dd/Build/Products/Debug-iphonesimulator/PackageFrameworks -F /tmp/kanpan-p2-dd/Build/Products/Debug-iphonesimulator/PackageFrameworks -F /tmp/kanpan-p2-dd/Build/Products/Debug-iphonesimulator -emit-localized-strings -emit-localized-strings-path /tmp/kanpan-p2-dd/Build/Intermediates.noindex/Kanpan.build/Debug-iphonesimulator/Kanpan.build/Objects-normal/arm64 -c -j10 -enable-batch-mode -incremental -Xcc -ivfsstatcache -Xcc /tmp/kanpan-p2-dd/SDKStatCaches.noindex/iphonesimulator26.5-23F81a-6cfe768891a92b912361537c460fe42b.sdkstatcache -output-file-map /tmp/kanpan-p2-dd/Build/Intermediates.noindex/Kanpan.build/Debug-iphonesimulator/Kanpan.build/Objects-normal/arm64/Kanpan-OutputFileMap.json -use-frontend-parseable-output -save-temps -no-color-diagnostics -explicit-module-build -module-cache-path /tmp/kanpan-p2-dd/Build/Intermediates.noindex/SwiftExplicitPrecompiledModules -clang-scanner-module-cache-path /tmp/kanpan-p2-dd/ModuleCache.noindex -sdk-module-cache-path /tmp/kanpan-p2-dd/ModuleCache.noindex -serialize-diagnostics -emit-dependencies -emit-module -emit-module-path /tmp/kanpan-p2-dd/Build/Intermediates.noindex/Kanpan.build/Debug-iphonesimulator/Kanpan.build/Objects-normal/arm64/Kanpan.swiftmodule -validate-clang-modules-once -clang-build-session-file /tmp/kanpan-p2-dd/ModuleCache.noindex/Session.modulevalidation -Xcc -I/tmp/kanpan-p2-dd/Build/Intermediates.noindex/Kanpan.build/Debug-iphonesimulator/Kanpan.build/swift-overrides.hmap -emit-const-values -Xfrontend -const-gather-protocols-file -Xfrontend /tmp/kanpan-p2-dd/Build/Intermediates.noindex/Kanpan.build/Debug-iphonesimulator/Kanpan.build/Objects-normal/arm64/Kanpan_const_extract_protocols.json -Xcc -iquote -Xcc /tmp/kanpan-p2-dd/Build/Intermediates.noindex/Kanpan.build/Debug-iphonesimulator/Kanpan.build/Kanpan-generated-files.hmap -Xcc -I/tmp/kanpan-p2-dd/Build/Intermediates.noindex/Kanpan.build/Debug-iphonesimulator/Kanpan.build/Kanpan-own-target-headers.hmap -Xcc -I/tmp/kanpan-p2-dd/Build/Intermediates.noindex/Kanpan.build/Debug-iphonesimulator/Kanpan.build/Kanpan-all-non-framework-target-headers.hmap -Xcc -ivfsoverlay -Xcc /tmp/kanpan-p2-dd/Build/Intermediates.noindex/Kanpan.build/Debug-iphonesimulator/Kanpan-88f8e4f6458ff7f878983357411ed85c-VFS-iphonesimulator/all-product-headers.yaml -Xcc -iquote -Xcc /tmp/kanpan-p2-dd/Build/Intermediates.noindex/Kanpan.build/Debug-iphonesimulator/Kanpan.build/Kanpan-project-headers.hmap -Xcc -I/tmp/kanpan-p2-dd/Build/Products/Debug-iphonesimulator/include -Xcc -I/tmp/kanpan-p2-dd/Build/Intermediates.noindex/Kanpan.build/Debug-iphonesimulator/Kanpan.build/DerivedSources-normal/arm64 -Xcc -I/tmp/kanpan-p2-dd/Build/Intermediates.noindex/Kanpan.build/Debug-iphonesimulator/Kanpan.build/DerivedSources/arm64 -Xcc -I/tmp/kanpan-p2-dd/Build/Intermediates.noindex/Kanpan.build/Debug-iphonesimulator/Kanpan.build/DerivedSources -emit-objc-header -emit-objc-header-path /tmp/kanpan-p2-dd/Build/Intermediates.noindex/Kanpan.build/Debug-iphonesimulator/Kanpan.build/Objects-normal/arm64/Kanpan-Swift.h -working-directory /Users/mdd/zhk/kanpan-p2/Kanpan -experimental-emit-module-separately -disable-cmo

SwiftDriverJobDiscovery normal x86_64 Compiling SymbolFieldPlan.swift, SymbolFixtures.swift, SymbolPickerModel.swift, SymbolPickerView.swift, SymbolPrefs.swift, SymbolPreviewCard.swift, SymbolQuery.swift, SymbolSearchView.swift, SymbolSections.swift, KanpanApp.swift, MemoryWarningRelay.swift, GeneratedAssetSymbols.swift (in target 'Kanpan' from project 'Kanpan')

SwiftCompile normal arm64 Compiling\ ReviewThemeBridge.swift,\ SettingsPanel.swift,\ SwipeToDelete.swift,\ ReviewChartBridge.swift,\ ReviewRangeOverlay.swift,\ SectorAllSheet.swift,\ SectorBubbleField.swift,\ SectorBubbleRenderer.swift,\ SectorDrillDecision.swift,\ SectorFeed.swift,\ SectorHistoryFeed.swift,\ SectorIcon.swift /Users/mdd/zhk/kanpan-p2/Kanpan/Kanpan/Panels/ReviewThemeBridge.swift /Users/mdd/zhk/kanpan-p2/Kanpan/Kanpan/Panels/SettingsPanel.swift /Users/mdd/zhk/kanpan-p2/Kanpan/Kanpan/Panels/SwipeToDelete.swift /Users/mdd/zhk/kanpan-p2/Kanpan/Kanpan/ReviewIntegration/ReviewChartBridge.swift /Users/mdd/zhk/kanpan-p2/Kanpan/Kanpan/ReviewIntegration/ReviewRangeOverlay.swift /Users/mdd/zhk/kanpan-p2/Kanpan/Kanpan/Sector/SectorAllSheet.swift /Users/mdd/zhk/kanpan-p2/Kanpan/Kanpan/Sector/SectorBubbleField.swift /Users/mdd/zhk/kanpan-p2/Kanpan/Kanpan/Sector/SectorBubbleRenderer.swift /Users/mdd/zhk/kanpan-p2/Kanpan/Kanpan/Sector/SectorDrillDecision.swift /Users/mdd/zhk/kanpan-p2/Kanpan/Kanpan/Sector/SectorFeed.swift /Users/mdd/zhk/kanpan-p2/Kanpan/Kanpan/Sector/SectorHistoryFeed.swift /Users/mdd/zhk/kanpan-p2/Kanpan/Kanpan/Sector/SectorIcon.swift (in target 'Kanpan' from project 'Kanpan')

SwiftCompile normal arm64 /Users/mdd/zhk/kanpan-p2/Kanpan/Kanpan/Panels/ReviewThemeBridge.swift (in target 'Kanpan' from project 'Kanpan')
    cd /Users/mdd/zhk/kanpan-p2/Kanpan
    

SwiftCompile normal arm64 /Users/mdd/zhk/kanpan-p2/Kanpan/Kanpan/Panels/SettingsPanel.swift (in target 'Kanpan' from project 'Kanpan')
    cd /Users/mdd/zhk/kanpan-p2/Kanpan
    

SwiftCompile normal arm64 /Users/mdd/zhk/kanpan-p2/Kanpan/Kanpan/Panels/SwipeToDelete.swift (in target 'Kanpan' from project 'Kanpan')
    cd /Users/mdd/zhk/kanpan-p2/Kanpan
    

SwiftCompile normal arm64 /Users/mdd/zhk/kanpan-p2/Kanpan/Kanpan/ReviewIntegration/ReviewChartBridge.swift (in target 'Kanpan' from project 'Kanpan')
    cd /Users/mdd/zhk/kanpan-p2/Kanpan
    

SwiftCompile normal arm64 /Users/mdd/zhk/kanpan-p2/Kanpan/Kanpan/ReviewIntegration/ReviewRangeOverlay.swift (in target 'Kanpan' from project 'Kanpan')
    cd /Users/mdd/zhk/kanpan-p2/Kanpan
    

SwiftCompile normal arm64 /Users/mdd/zhk/kanpan-p2/Kanpan/Kanpan/Sector/SectorAllSheet.swift (in target 'Kanpan' from project 'Kanpan')
    cd /Users/mdd/zhk/kanpan-p2/Kanpan
    

SwiftCompile normal arm64 /Users/mdd/zhk/kanpan-p2/Kanpan/Kanpan/Sector/SectorBubbleField.swift (in target 'Kanpan' from project 'Kanpan')
    cd /Users/mdd/zhk/kanpan-p2/Kanpan
    

SwiftCompile normal arm64 /Users/mdd/zhk/kanpan-p2/Kanpan/Kanpan/Sector/SectorBubbleRenderer.swift (in target 'Kanpan' from project 'Kanpan')
    cd /Users/mdd/zhk/kanpan-p2/Kanpan
    

SwiftCompile normal arm64 /Users/mdd/zhk/kanpan-p2/Kanpan/Kanpan/Sector/SectorDrillDecision.swift (in target 'Kanpan' from project 'Kanpan')
    cd /Users/mdd/zhk/kanpan-p2/Kanpan
    

SwiftCompile normal arm64 /Users/mdd/zhk/kanpan-p2/Kanpan/Kanpan/Sector/SectorFeed.swift (in target 'Kanpan' from project 'Kanpan')
    cd /Users/mdd/zhk/kanpan-p2/Kanpan
    

SwiftCompile normal arm64 /Users/mdd/zhk/kanpan-p2/Kanpan/Kanpan/Sector/SectorHistoryFeed.swift (in target 'Kanpan' from project 'Kanpan')
    cd /Users/mdd/zhk/kanpan-p2/Kanpan
    

SwiftCompile normal arm64 /Users/mdd/zhk/kanpan-p2/Kanpan/Kanpan/Sector/SectorIcon.swift (in target 'Kanpan' from project 'Kanpan')
    cd /Users/mdd/zhk/kanpan-p2/Kanpan
    

Copy /tmp/kanpan-p2-dd/Build/Products/Debug-iphonesimulator/Kanpan.swiftmodule/arm64-apple-ios-simulator.swiftmodule /tmp/kanpan-p2-dd/Build/Intermediates.noindex/Kanpan.build/Debug-iphonesimulator/Kanpan.build/Objects-normal/arm64/Kanpan.swiftmodule (in target 'Kanpan' from project 'Kanpan')
    cd /Users/mdd/zhk/kanpan-p2/Kanpan
    builtin-copy -exclude .DS_Store -exclude CVS -exclude .svn -exclude .git -exclude .hg -strip-unsigned-binaries -strip-deterministic -strip-tool /Applications/Xcode.app/Contents/Developer/Toolchains/XcodeDefault.xctoolchain/usr/bin/strip -resolve-src-symlinks -rename /tmp/kanpan-p2-dd/Build/Intermediates.noindex/Kanpan.build/Debug-iphonesimulator/Kanpan.build/Objects-normal/arm64/Kanpan.swiftmodule /tmp/kanpan-p2-dd/Build/Products/Debug-iphonesimulator/Kanpan.swiftmodule/arm64-apple-ios-simulator.swiftmodule

SwiftDriverJobDiscovery normal arm64 Compiling ScanList.swift, StreamHostProbe.swift, TabBar.swift, TopBar.swift, VectorIcon.swift, ChartPanel.swift, DisplaySettingsSection.swift, IndicatorPanel.swift, PanelChrome.swift, PanelDismissShield.swift, PanelPresentation.swift, PanelTheme.swift (in target 'Kanpan' from project 'Kanpan')

Copy /tmp/kanpan-p2-dd/Build/Products/Debug-iphonesimulator/Kanpan.swiftmodule/arm64-apple-ios-simulator.swiftdoc /tmp/kanpan-p2-dd/Build/Intermediates.noindex/Kanpan.build/Debug-iphonesimulator/Kanpan.build/Objects-normal/arm64/Kanpan.swiftdoc (in target 'Kanpan' from project 'Kanpan')
    cd /Users/mdd/zhk/kanpan-p2/Kanpan
    builtin-copy -exclude .DS_Store -exclude CVS -exclude .svn -exclude .git -exclude .hg -strip-unsigned-binaries -strip-deterministic -strip-tool /Applications/Xcode.app/Contents/Developer/Toolchains/XcodeDefault.xctoolchain/usr/bin/strip -resolve-src-symlinks -rename /tmp/kanpan-p2-dd/Build/Intermediates.noindex/Kanpan.build/Debug-iphonesimulator/Kanpan.build/Objects-normal/arm64/Kanpan.swiftdoc /tmp/kanpan-p2-dd/Build/Products/Debug-iphonesimulator/Kanpan.swiftmodule/arm64-apple-ios-simulator.swiftdoc

Copy /tmp/kanpan-p2-dd/Build/Products/Debug-iphonesimulator/Kanpan.swiftmodule/arm64-apple-ios-simulator.abi.json /tmp/kanpan-p2-dd/Build/Intermediates.noindex/Kanpan.build/Debug-iphonesimulator/Kanpan.build/Objects-normal/arm64/Kanpan.abi.json (in target 'Kanpan' from project 'Kanpan')
    cd /Users/mdd/zhk/kanpan-p2/Kanpan
    builtin-copy -exclude .DS_Store -exclude CVS -exclude .svn -exclude .git -exclude .hg -strip-unsigned-binaries -strip-deterministic -strip-tool /Applications/Xcode.app/Contents/Developer/Toolchains/XcodeDefault.xctoolchain/usr/bin/strip -resolve-src-symlinks -rename /tmp/kanpan-p2-dd/Build/Intermediates.noindex/Kanpan.build/Debug-iphonesimulator/Kanpan.build/Objects-normal/arm64/Kanpan.abi.json /tmp/kanpan-p2-dd/Build/Products/Debug-iphonesimulator/Kanpan.swiftmodule/arm64-apple-ios-simulator.abi.json

Copy /tmp/kanpan-p2-dd/Build/Products/Debug-iphonesimulator/Kanpan.swiftmodule/Project/arm64-apple-ios-simulator.swiftsourceinfo /tmp/kanpan-p2-dd/Build/Intermediates.noindex/Kanpan.build/Debug-iphonesimulator/Kanpan.build/Objects-normal/arm64/Kanpan.swiftsourceinfo (in target 'Kanpan' from project 'Kanpan')
    cd /Users/mdd/zhk/kanpan-p2/Kanpan
    builtin-copy -exclude .DS_Store -exclude CVS -exclude .svn -exclude .git -exclude .hg -strip-unsigned-binaries -strip-deterministic -strip-tool /Applications/Xcode.app/Contents/Developer/Toolchains/XcodeDefault.xctoolchain/usr/bin/strip -resolve-src-symlinks -rename /tmp/kanpan-p2-dd/Build/Intermediates.noindex/Kanpan.build/Debug-iphonesimulator/Kanpan.build/Objects-normal/arm64/Kanpan.swiftsourceinfo /tmp/kanpan-p2-dd/Build/Products/Debug-iphonesimulator/Kanpan.swiftmodule/Project/arm64-apple-ios-simulator.swiftsourceinfo

SwiftCompile normal arm64 Compiling\ SymbolFieldPlan.swift,\ SymbolFixtures.swift,\ SymbolPickerModel.swift,\ SymbolPickerView.swift,\ SymbolPrefs.swift,\ SymbolPreviewCard.swift,\ SymbolQuery.swift,\ SymbolSearchView.swift,\ SymbolSections.swift,\ KanpanApp.swift,\ MemoryWarningRelay.swift,\ GeneratedAssetSymbols.swift /Users/mdd/zhk/kanpan-p2/Kanpan/Kanpan/Symbols/SymbolFieldPlan.swift /Users/mdd/zhk/kanpan-p2/Kanpan/Kanpan/Symbols/SymbolFixtures.swift /Users/mdd/zhk/kanpan-p2/Kanpan/Kanpan/Symbols/SymbolPickerModel.swift /Users/mdd/zhk/kanpan-p2/Kanpan/Kanpan/Symbols/SymbolPickerView.swift /Users/mdd/zhk/kanpan-p2/Kanpan/Kanpan/Symbols/SymbolPrefs.swift /Users/mdd/zhk/kanpan-p2/Kanpan/Kanpan/Symbols/SymbolPreviewCard.swift /Users/mdd/zhk/kanpan-p2/Kanpan/Kanpan/Symbols/SymbolQuery.swift /Users/mdd/zhk/kanpan-p2/Kanpan/Kanpan/Symbols/SymbolSearchView.swift /Users/mdd/zhk/kanpan-p2/Kanpan/Kanpan/Symbols/SymbolSections.swift /Users/mdd/zhk/kanpan-p2/Kanpan/Kanpan/KanpanApp.swift /Users/mdd/zhk/kanpan-p2/Kanpan/Kanpan/MemoryWarningRelay.swift /tmp/kanpan-p2-dd/Build/Intermediates.noindex/Kanpan.build/Debug-iphonesimulator/Kanpan.build/DerivedSources/GeneratedAssetSymbols.swift (in target 'Kanpan' from project 'Kanpan')

SwiftCompile normal arm64 /Users/mdd/zhk/kanpan-p2/Kanpan/Kanpan/Symbols/SymbolFieldPlan.swift (in target 'Kanpan' from project 'Kanpan')
    cd /Users/mdd/zhk/kanpan-p2/Kanpan
    

SwiftCompile normal arm64 /Users/mdd/zhk/kanpan-p2/Kanpan/Kanpan/Symbols/SymbolFixtures.swift (in target 'Kanpan' from project 'Kanpan')
    cd /Users/mdd/zhk/kanpan-p2/Kanpan
    

SwiftCompile normal arm64 /Users/mdd/zhk/kanpan-p2/Kanpan/Kanpan/Symbols/SymbolPickerModel.swift (in target 'Kanpan' from project 'Kanpan')
    cd /Users/mdd/zhk/kanpan-p2/Kanpan
    

SwiftCompile normal arm64 /Users/mdd/zhk/kanpan-p2/Kanpan/Kanpan/Symbols/SymbolPickerView.swift (in target 'Kanpan' from project 'Kanpan')
    cd /Users/mdd/zhk/kanpan-p2/Kanpan
    

SwiftCompile normal arm64 /Users/mdd/zhk/kanpan-p2/Kanpan/Kanpan/Symbols/SymbolPrefs.swift (in target 'Kanpan' from project 'Kanpan')
    cd /Users/mdd/zhk/kanpan-p2/Kanpan
    

SwiftCompile normal arm64 /Users/mdd/zhk/kanpan-p2/Kanpan/Kanpan/Symbols/SymbolPreviewCard.swift (in target 'Kanpan' from project 'Kanpan')
    cd /Users/mdd/zhk/kanpan-p2/Kanpan
    

SwiftCompile normal arm64 /Users/mdd/zhk/kanpan-p2/Kanpan/Kanpan/Symbols/SymbolQuery.swift (in target 'Kanpan' from project 'Kanpan')
    cd /Users/mdd/zhk/kanpan-p2/Kanpan
    

SwiftCompile normal arm64 /Users/mdd/zhk/kanpan-p2/Kanpan/Kanpan/Symbols/SymbolSearchView.swift (in target 'Kanpan' from project 'Kanpan')
    cd /Users/mdd/zhk/kanpan-p2/Kanpan
    

SwiftCompile normal arm64 /Users/mdd/zhk/kanpan-p2/Kanpan/Kanpan/Symbols/SymbolSections.swift (in target 'Kanpan' from project 'Kanpan')
    cd /Users/mdd/zhk/kanpan-p2/Kanpan
    

SwiftCompile normal arm64 /Users/mdd/zhk/kanpan-p2/Kanpan/Kanpan/KanpanApp.swift (in target 'Kanpan' from project 'Kanpan')
    cd /Users/mdd/zhk/kanpan-p2/Kanpan
    

SwiftCompile normal arm64 /Users/mdd/zhk/kanpan-p2/Kanpan/Kanpan/MemoryWarningRelay.swift (in target 'Kanpan' from project 'Kanpan')
    cd /Users/mdd/zhk/kanpan-p2/Kanpan
    

SwiftCompile normal arm64 /tmp/kanpan-p2-dd/Build/Intermediates.noindex/Kanpan.build/Debug-iphonesimulator/Kanpan.build/DerivedSources/GeneratedAssetSymbols.swift (in target 'Kanpan' from project 'Kanpan')
    cd /Users/mdd/zhk/kanpan-p2/Kanpan
    

SwiftCompile normal x86_64 Compiling\ ScanList.swift,\ StreamHostProbe.swift,\ TabBar.swift,\ TopBar.swift,\ VectorIcon.swift,\ ChartPanel.swift,\ DisplaySettingsSection.swift,\ IndicatorPanel.swift,\ PanelChrome.swift,\ PanelDismissShield.swift,\ PanelPresentation.swift,\ PanelTheme.swift /Users/mdd/zhk/kanpan-p2/Kanpan/Kanpan/Main/ScanList.swift /Users/mdd/zhk/kanpan-p2/Kanpan/Kanpan/Main/StreamHostProbe.swift /Users/mdd/zhk/kanpan-p2/Kanpan/Kanpan/Main/TabBar.swift /Users/mdd/zhk/kanpan-p2/Kanpan/Kanpan/Main/TopBar.swift /Users/mdd/zhk/kanpan-p2/Kanpan/Kanpan/Main/VectorIcon.swift /Users/mdd/zhk/kanpan-p2/Kanpan/Kanpan/Panels/ChartPanel.swift /Users/mdd/zhk/kanpan-p2/Kanpan/Kanpan/Panels/DisplaySettingsSection.swift /Users/mdd/zhk/kanpan-p2/Kanpan/Kanpan/Panels/IndicatorPanel.swift /Users/mdd/zhk/kanpan-p2/Kanpan/Kanpan/Panels/PanelChrome.swift /Users/mdd/zhk/kanpan-p2/Kanpan/Kanpan/Panels/PanelDismissShield.swift /Users/mdd/zhk/kanpan-p2/Kanpan/Kanpan/Panels/PanelPresentation.swift /Users/mdd/zhk/kanpan-p2/Kanpan/Kanpan/Panels/PanelTheme.swift (in target 'Kanpan' from project 'Kanpan')

SwiftCompile normal x86_64 /Users/mdd/zhk/kanpan-p2/Kanpan/Kanpan/Main/ScanList.swift (in target 'Kanpan' from project 'Kanpan')
    cd /Users/mdd/zhk/kanpan-p2/Kanpan
    

SwiftCompile normal x86_64 /Users/mdd/zhk/kanpan-p2/Kanpan/Kanpan/Main/StreamHostProbe.swift (in target 'Kanpan' from project 'Kanpan')
    cd /Users/mdd/zhk/kanpan-p2/Kanpan
    

SwiftCompile normal x86_64 /Users/mdd/zhk/kanpan-p2/Kanpan/Kanpan/Main/TabBar.swift (in target 'Kanpan' from project 'Kanpan')
    cd /Users/mdd/zhk/kanpan-p2/Kanpan
    

SwiftCompile normal x86_64 /Users/mdd/zhk/kanpan-p2/Kanpan/Kanpan/Main/TopBar.swift (in target 'Kanpan' from project 'Kanpan')
    cd /Users/mdd/zhk/kanpan-p2/Kanpan
    

SwiftCompile normal x86_64 /Users/mdd/zhk/kanpan-p2/Kanpan/Kanpan/Main/VectorIcon.swift (in target 'Kanpan' from project 'Kanpan')
    cd /Users/mdd/zhk/kanpan-p2/Kanpan
    

SwiftCompile normal x86_64 /Users/mdd/zhk/kanpan-p2/Kanpan/Kanpan/Panels/ChartPanel.swift (in target 'Kanpan' from project 'Kanpan')
    cd /Users/mdd/zhk/kanpan-p2/Kanpan
    

SwiftCompile normal x86_64 /Users/mdd/zhk/kanpan-p2/Kanpan/Kanpan/Panels/DisplaySettingsSection.swift (in target 'Kanpan' from project 'Kanpan')
    cd /Users/mdd/zhk/kanpan-p2/Kanpan
    

SwiftCompile normal x86_64 /Users/mdd/zhk/kanpan-p2/Kanpan/Kanpan/Panels/IndicatorPanel.swift (in target 'Kanpan' from project 'Kanpan')
    cd /Users/mdd/zhk/kanpan-p2/Kanpan
    

SwiftCompile normal x86_64 /Users/mdd/zhk/kanpan-p2/Kanpan/Kanpan/Panels/PanelChrome.swift (in target 'Kanpan' from project 'Kanpan')
    cd /Users/mdd/zhk/kanpan-p2/Kanpan
    

SwiftCompile normal x86_64 /Users/mdd/zhk/kanpan-p2/Kanpan/Kanpan/Panels/PanelDismissShield.swift (in target 'Kanpan' from project 'Kanpan')
    cd /Users/mdd/zhk/kanpan-p2/Kanpan
    

SwiftCompile normal x86_64 /Users/mdd/zhk/kanpan-p2/Kanpan/Kanpan/Panels/PanelPresentation.swift (in target 'Kanpan' from project 'Kanpan')
    cd /Users/mdd/zhk/kanpan-p2/Kanpan
    

SwiftCompile normal x86_64 /Users/mdd/zhk/kanpan-p2/Kanpan/Kanpan/Panels/PanelTheme.swift (in target 'Kanpan' from project 'Kanpan')
    cd /Users/mdd/zhk/kanpan-p2/Kanpan
    

SwiftDriverJobDiscovery normal arm64 Compiling SectorLayout.swift, SectorPage.swift, SectorRows.swift, SectorSymbolList.swift, SectorWindowChoice.swift, AlertSound.swift, APIHost.swift, ChartViewport.swift, DisplayComfortPolicy.swift, IndicatorDraft.swift, IndicatorParamRule.swift, LaunchThemeMirror.swift (in target 'Kanpan' from project 'Kanpan')

SwiftDriverJobDiscovery normal arm64 Compiling AlertWatcher.swift, PushRegistration.swift, ReviewDueNotifications.swift, DiagnosticsCenter.swift, DiagnosticsStore.swift, FrameProbe.swift, FrameReportStore.swift, FrameStats.swift, MeasurementText.swift, PayloadDigest.swift, DrawingBar.swift, DrawingController.swift, DrawingGlyph.swift (in target 'Kanpan' from project 'Kanpan')

SwiftDriverJobDiscovery normal arm64 Compiling DrawingSymbolSwitcher.swift, DrawingToolPicker.swift, AppLifecycle.swift, BackgroundGrace.swift, ChartHost.swift, ChartSnapshotRenderer.swift, CoinBadge.swift, CoinBadgeBrands.swift, CrosshairReadout.swift, DeepLink.swift, DetailZoom.swift, DisplayComfort.swift, HeaderStats.swift (in target 'Kanpan' from project 'Kanpan')

SwiftDriverJobDiscovery normal x86_64 Compiling ShareItem.swift, ClipboardSymbol.swift, DefaultFavorites.swift, DefaultFavoritesSeeder.swift, FavoriteCategory.swift, FavoritesView.swift, HomeShortcuts.swift, HomeShortcutsBridge.swift, QuoteSession.swift, QuoteSubscriptionPlan.swift, SearchHistory.swift, SymbolAliases.swift (in target 'Kanpan' from project 'Kanpan')

SwiftDriverJobDiscovery normal arm64 Compiling ReviewThemeBridge.swift, SettingsPanel.swift, SwipeToDelete.swift, ReviewChartBridge.swift, ReviewRangeOverlay.swift, SectorAllSheet.swift, SectorBubbleField.swift, SectorBubbleRenderer.swift, SectorDrillDecision.swift, SectorFeed.swift, SectorHistoryFeed.swift, SectorIcon.swift (in target 'Kanpan' from project 'Kanpan')

SwiftDriverJobDiscovery normal arm64 Compiling AccountFeature.swift, AccountView.swift, AppAccountBridge.swift, PersonalFileStorage.swift, PersonalSyncCodec.swift, AlertArchive.swift, AlertEngine.swift, AlertListPage.swift, AlertNotifications.swift, AlertPermission.swift, AlertPrompt.swift, AlertSoundPage.swift, AlertStore.swift (in target 'Kanpan' from project 'Kanpan')

SwiftDriverJobDiscovery normal x86_64 Compiling ScanList.swift, StreamHostProbe.swift, TabBar.swift, TopBar.swift, VectorIcon.swift, ChartPanel.swift, DisplaySettingsSection.swift, IndicatorPanel.swift, PanelChrome.swift, PanelDismissShield.swift, PanelPresentation.swift, PanelTheme.swift (in target 'Kanpan' from project 'Kanpan')

SwiftDriverJobDiscovery normal arm64 Compiling SymbolFieldPlan.swift, SymbolFixtures.swift, SymbolPickerModel.swift, SymbolPickerView.swift, SymbolPrefs.swift, SymbolPreviewCard.swift, SymbolQuery.swift, SymbolSearchView.swift, SymbolSections.swift, KanpanApp.swift, MemoryWarningRelay.swift, GeneratedAssetSymbols.swift (in target 'Kanpan' from project 'Kanpan')

SwiftDriverJobDiscovery normal x86_64 Compiling IntervalBar.swift, LandscapeChrome.swift, LaunchPrewarm.swift, MainScreen.swift, MainScreenParts.swift, MainThreadHeartbeat.swift, MarketModel.swift, MarketNetworkMonitor.swift, MarketStats.swift, OrientationBridge.swift, QuoteBook.swift, ReadableColumn.swift, RootTeardown.swift (in target 'Kanpan' from project 'Kanpan')

SwiftDriver\ Compilation Kanpan normal x86_64 com.apple.xcode.tools.swift.compiler (in target 'Kanpan' from project 'Kanpan')
    cd /Users/mdd/zhk/kanpan-p2/Kanpan
    builtin-Swift-Compilation -- /Applications/Xcode.app/Contents/Developer/Toolchains/XcodeDefault.xctoolchain/usr/bin/swiftc -module-name Kanpan -Onone @/tmp/kanpan-p2-dd/Build/Intermediates.noindex/Kanpan.build/Debug-iphonesimulator/Kanpan.build/Objects-normal/x86_64/Kanpan.SwiftFileList -DDEBUG -enable-experimental-feature DebugDescriptionMacro -sdk /Applications/Xcode.app/Contents/Developer/Platforms/iPhoneSimulator.platform/Developer/SDKs/iPhoneSimulator26.5.sdk -target x86_64-apple-ios26.0-simulator -g -module-cache-path /tmp/kanpan-p2-dd/ModuleCache.noindex -Xfrontend -serialize-debugging-options -enable-testing -index-store-path /tmp/kanpan-p2-dd/Index.noindex/DataStore -Xcc -D_LIBCPP_HARDENING_MODE\=_LIBCPP_HARDENING_MODE_DEBUG -swift-version 6 -I /tmp/kanpan-p2-dd/Build/Products/Debug-iphonesimulator -F /tmp/kanpan-p2-dd/Build/Products/Debug-iphonesimulator/PackageFrameworks -F /tmp/kanpan-p2-dd/Build/Products/Debug-iphonesimulator/PackageFrameworks -F /tmp/kanpan-p2-dd/Build/Products/Debug-iphonesimulator/PackageFrameworks -F /tmp/kanpan-p2-dd/Build/Products/Debug-iphonesimulator/PackageFrameworks -F /tmp/kanpan-p2-dd/Build/Products/Debug-iphonesimulator/PackageFrameworks -F /tmp/kanpan-p2-dd/Build/Products/Debug-iphonesimulator/PackageFrameworks -F /tmp/kanpan-p2-dd/Build/Products/Debug-iphonesimulator/PackageFrameworks -F /tmp/kanpan-p2-dd/Build/Products/Debug-iphonesimulator/PackageFrameworks -F /tmp/kanpan-p2-dd/Build/Products/Debug-iphonesimulator -emit-localized-strings -emit-localized-strings-path /tmp/kanpan-p2-dd/Build/Intermediates.noindex/Kanpan.build/Debug-iphonesimulator/Kanpan.build/Objects-normal/x86_64 -c -j10 -enable-batch-mode -incremental -Xcc -ivfsstatcache -Xcc /tmp/kanpan-p2-dd/SDKStatCaches.noindex/iphonesimulator26.5-23F81a-6cfe768891a92b912361537c460fe42b.sdkstatcache -output-file-map /tmp/kanpan-p2-dd/Build/Intermediates.noindex/Kanpan.build/Debug-iphonesimulator/Kanpan.build/Objects-normal/x86_64/Kanpan-OutputFileMap.json -use-frontend-parseable-output -save-temps -no-color-diagnostics -explicit-module-build -module-cache-path /tmp/kanpan-p2-dd/Build/Intermediates.noindex/SwiftExplicitPrecompiledModules -clang-scanner-module-cache-path /tmp/kanpan-p2-dd/ModuleCache.noindex -sdk-module-cache-path /tmp/kanpan-p2-dd/ModuleCache.noindex -serialize-diagnostics -emit-dependencies -emit-module -emit-module-path /tmp/kanpan-p2-dd/Build/Intermediates.noindex/Kanpan.build/Debug-iphonesimulator/Kanpan.build/Objects-normal/x86_64/Kanpan.swiftmodule -validate-clang-modules-once -clang-build-session-file /tmp/kanpan-p2-dd/ModuleCache.noindex/Session.modulevalidation -Xcc -I/tmp/kanpan-p2-dd/Build/Intermediates.noindex/Kanpan.build/Debug-iphonesimulator/Kanpan.build/swift-overrides.hmap -emit-const-values -Xfrontend -const-gather-protocols-file -Xfrontend /tmp/kanpan-p2-dd/Build/Intermediates.noindex/Kanpan.build/Debug-iphonesimulator/Kanpan.build/Objects-normal/x86_64/Kanpan_const_extract_protocols.json -Xcc -iquote -Xcc /tmp/kanpan-p2-dd/Build/Intermediates.noindex/Kanpan.build/Debug-iphonesimulator/Kanpan.build/Kanpan-generated-files.hmap -Xcc -I/tmp/kanpan-p2-dd/Build/Intermediates.noindex/Kanpan.build/Debug-iphonesimulator/Kanpan.build/Kanpan-own-target-headers.hmap -Xcc -I/tmp/kanpan-p2-dd/Build/Intermediates.noindex/Kanpan.build/Debug-iphonesimulator/Kanpan.build/Kanpan-all-non-framework-target-headers.hmap -Xcc -ivfsoverlay -Xcc /tmp/kanpan-p2-dd/Build/Intermediates.noindex/Kanpan.build/Debug-iphonesimulator/Kanpan-88f8e4f6458ff7f878983357411ed85c-VFS-iphonesimulator/all-product-headers.yaml -Xcc -iquote -Xcc /tmp/kanpan-p2-dd/Build/Intermediates.noindex/Kanpan.build/Debug-iphonesimulator/Kanpan.build/Kanpan-project-headers.hmap -Xcc -I/tmp/kanpan-p2-dd/Build/Products/Debug-iphonesimulator/include -Xcc -I/tmp/kanpan-p2-dd/Build/Intermediates.noindex/Kanpan.build/Debug-iphonesimulator/Kanpan.build/DerivedSources-normal/x86_64 -Xcc -I/tmp/kanpan-p2-dd/Build/Intermediates.noindex/Kanpan.build/Debug-iphonesimulator/Kanpan.build/DerivedSources/x86_64 -Xcc -I/tmp/kanpan-p2-dd/Build/Intermediates.noindex/Kanpan.build/Debug-iphonesimulator/Kanpan.build/DerivedSources -emit-objc-header -emit-objc-header-path /tmp/kanpan-p2-dd/Build/Intermediates.noindex/Kanpan.build/Debug-iphonesimulator/Kanpan.build/Objects-normal/x86_64/Kanpan-Swift.h -working-directory /Users/mdd/zhk/kanpan-p2/Kanpan -experimental-emit-module-separately -disable-cmo

Ld /tmp/kanpan-p2-dd/Build/Intermediates.noindex/Kanpan.build/Debug-iphonesimulator/Kanpan.build/Objects-normal/x86_64/Binary/Kanpan.debug.dylib normal x86_64 (in target 'Kanpan' from project 'Kanpan')
    cd /Users/mdd/zhk/kanpan-p2/Kanpan
    /Applications/Xcode.app/Contents/Developer/Toolchains/XcodeDefault.xctoolchain/usr/bin/clang -Xlinker -reproducible -target x86_64-apple-ios26.0-simulator -dynamiclib -isysroot /Applications/Xcode.app/Contents/Developer/Platforms/iPhoneSimulator.platform/Developer/SDKs/iPhoneSimulator26.5.sdk -O0 -L/tmp/kanpan-p2-dd/Build/Intermediates.noindex/EagerLinkingTBDs/Debug-iphonesimulator -L/tmp/kanpan-p2-dd/Build/Products/Debug-iphonesimulator -F/tmp/kanpan-p2-dd/Build/Intermediates.noindex/EagerLinkingTBDs/Debug-iphonesimulator -F/tmp/kanpan-p2-dd/Build/Products/Debug-iphonesimulator/PackageFrameworks -F/tmp/kanpan-p2-dd/Build/Products/Debug-iphonesimulator/PackageFrameworks -F/tmp/kanpan-p2-dd/Build/Products/Debug-iphonesimulator/PackageFrameworks -F/tmp/kanpan-p2-dd/Build/Products/Debug-iphonesimulator/PackageFrameworks -F/tmp/kanpan-p2-dd/Build/Products/Debug-iphonesimulator/PackageFrameworks -F/tmp/kanpan-p2-dd/Build/Products/Debug-iphonesimulator/PackageFrameworks -F/tmp/kanpan-p2-dd/Build/Products/Debug-iphonesimulator/PackageFrameworks -F/tmp/kanpan-p2-dd/Build/Products/Debug-iphonesimulator/PackageFrameworks -F/tmp/kanpan-p2-dd/Build/Products/Debug-iphonesimulator -filelist /tmp/kanpan-p2-dd/Build/Intermediates.noindex/Kanpan.build/Debug-iphonesimulator/Kanpan.build/Objects-normal/x86_64/Kanpan.LinkFileList -install_name @rpath/Kanpan.debug.dylib -Xlinker -rpath -Xlinker /tmp/kanpan-p2-dd/Build/Products/Debug-iphonesimulator/PackageFrameworks -Xlinker -rpath -Xlinker @executable_path/Frameworks -Xlinker -dead_strip -Xlinker -object_path_lto -Xlinker /tmp/kanpan-p2-dd/Build/Intermediates.noindex/Kanpan.build/Debug-iphonesimulator/Kanpan.build/Objects-normal/x86_64/Kanpan_lto.o -rdynamic -Xlinker -no_deduplicate -Xlinker -objc_abi_version -Xlinker 2 -Xlinker -dependency_info -Xlinker /tmp/kanpan-p2-dd/Build/Intermediates.noindex/Kanpan.build/Debug-iphonesimulator/Kanpan.build/Objects-normal/x86_64/Kanpan_dependency_info.dat -fobjc-link-runtime -L/Applications/Xcode.app/Contents/Developer/Toolchains/XcodeDefault.xctoolchain/usr/lib/swift/iphonesimulator -L/usr/lib/swift -Xlinker -add_ast_path -Xlinker /tmp/kanpan-p2-dd/Build/Intermediates.noindex/Kanpan.build/Debug-iphonesimulator/Kanpan.build/Objects-normal/x86_64/Kanpan.swiftmodule @/tmp/kanpan-p2-dd/Build/Intermediates.noindex/Kanpan.build/Debug-iphonesimulator/Kanpan.build/Objects-normal/x86_64/Kanpan-linker-args.resp -Wl,-no_warn_duplicate_libraries -Wl,-no_warn_duplicate_libraries -Wl,-no_warn_duplicate_libraries -Wl,-no_warn_duplicate_libraries -Wl,-no_warn_duplicate_libraries -Wl,-no_warn_duplicate_libraries -Wl,-no_warn_duplicate_libraries -Wl,-no_warn_duplicate_libraries -Xlinker -alias -Xlinker _main -Xlinker ___debug_main_executable_dylib_entry_point -Xlinker -no_adhoc_codesign -o /tmp/kanpan-p2-dd/Build/Intermediates.noindex/Kanpan.build/Debug-iphonesimulator/Kanpan.build/Objects-normal/x86_64/Binary/Kanpan.debug.dylib -Xlinker -add_ast_path -Xlinker /tmp/kanpan-p2-dd/Build/Intermediates.noindex/KanpanCore.build/Debug-iphonesimulator/KanpanCore.build/Objects-normal/x86_64/KanpanCore.swiftmodule @/tmp/kanpan-p2-dd/Build/Intermediates.noindex/KanpanCore.build/Debug-iphonesimulator/KanpanCore.build/Objects-normal/x86_64/KanpanCore-linker-args.resp -Xlinker -add_ast_path -Xlinker /tmp/kanpan-p2-dd/Build/Intermediates.noindex/KanpanChart.build/Debug-iphonesimulator/KanpanChart.build/Objects-normal/x86_64/KanpanChart.swiftmodule @/tmp/kanpan-p2-dd/Build/Intermediates.noindex/KanpanChart.build/Debug-iphonesimulator/KanpanChart.build/Objects-normal/x86_64/KanpanChart-linker-args.resp -Xlinker -add_ast_path -Xlinker /tmp/kanpan-p2-dd/Build/Intermediates.noindex/KanpanData.build/Debug-iphonesimulator/KanpanData.build/Objects-normal/x86_64/KanpanData.swiftmodule @/tmp/kanpan-p2-dd/Build/Intermediates.noindex/KanpanData.build/Debug-iphonesimulator/KanpanData.build/Objects-normal/x86_64/KanpanData-linker-args.resp -Xlinker -add_ast_path -Xlinker /tmp/kanpan-p2-dd/Build/Intermediates.noindex/KanpanNetwork.build/Debug-iphonesimulator/KanpanNetwork.build/Objects-normal/x86_64/KanpanNetwork.swiftmodule @/tmp/kanpan-p2-dd/Build/Intermediates.noindex/KanpanNetwork.build/Debug-iphonesimulator/KanpanNetwork.build/Objects-normal/x86_64/KanpanNetwork-linker-args.resp -Xlinker -add_ast_path -Xlinker /tmp/kanpan-p2-dd/Build/Intermediates.noindex/KanpanReview.build/Debug-iphonesimulator/ReviewDomain.build/Objects-normal/x86_64/ReviewDomain.swiftmodule @/tmp/kanpan-p2-dd/Build/Intermediates.noindex/KanpanReview.build/Debug-iphonesimulator/ReviewDomain.build/Objects-normal/x86_64/ReviewDomain-linker-args.resp -Xlinker -add_ast_path -Xlinker /tmp/kanpan-p2-dd/Build/Intermediates.noindex/KanpanReview.build/Debug-iphonesimulator/ReviewData.build/Objects-normal/x86_64/ReviewData.swiftmodule @/tmp/kanpan-p2-dd/Build/Intermediates.noindex/KanpanReview.build/Debug-iphonesimulator/ReviewData.build/Objects-normal/x86_64/ReviewData-linker-args.resp -Xlinker -add_ast_path -Xlinker /tmp/kanpan-p2-dd/Build/Intermediates.noindex/KanpanReview.build/Debug-iphonesimulator/ReviewUI.build/Objects-normal/x86_64/ReviewUI.swiftmodule @/tmp/kanpan-p2-dd/Build/Intermediates.noindex/KanpanReview.build/Debug-iphonesimulator/ReviewUI.build/Objects-normal/x86_64/ReviewUI-linker-args.resp -Xlinker -add_ast_path -Xlinker /tmp/kanpan-p2-dd/Build/Intermediates.noindex/KanpanAccount.build/Debug-iphonesimulator/KanpanAccount.build/Objects-normal/x86_64/KanpanAccount.swiftmodule @/tmp/kanpan-p2-dd/Build/Intermediates.noindex/KanpanAccount.build/Debug-iphonesimulator/KanpanAccount.build/Objects-normal/x86_64/KanpanAccount-linker-args.resp

ConstructStubExecutorLinkFileList /tmp/kanpan-p2-dd/Build/Intermediates.noindex/Kanpan.build/Debug-iphonesimulator/Kanpan.build/Kanpan-ExecutorLinkFileList-normal-x86_64.txt (in target 'Kanpan' from project 'Kanpan')
    cd /Users/mdd/zhk/kanpan-p2/Kanpan
    construct-stub-executor-link-file-list /tmp/kanpan-p2-dd/Build/Intermediates.noindex/Kanpan.build/Debug-iphonesimulator/Kanpan.build/Objects-normal/x86_64/Binary/Kanpan.debug.dylib /Applications/Xcode.app/Contents/Developer/Platforms/iPhoneSimulator.platform/Developer/usr/lib/libPreviewsJITStubExecutor_no_swift_entry_point.a /Applications/Xcode.app/Contents/Developer/Platforms/iPhoneSimulator.platform/Developer/usr/lib/libPreviewsJITStubExecutor.a --output /tmp/kanpan-p2-dd/Build/Intermediates.noindex/Kanpan.build/Debug-iphonesimulator/Kanpan.build/Kanpan-ExecutorLinkFileList-normal-x86_64.txt
note: Using stub executor library with Swift entry point. (in target 'Kanpan' from project 'Kanpan')

Ld /tmp/kanpan-p2-dd/Build/Intermediates.noindex/Kanpan.build/Debug-iphonesimulator/Kanpan.build/Objects-normal/x86_64/Binary/Kanpan normal x86_64 (in target 'Kanpan' from project 'Kanpan')
    cd /Users/mdd/zhk/kanpan-p2/Kanpan
    /Applications/Xcode.app/Contents/Developer/Toolchains/XcodeDefault.xctoolchain/usr/bin/clang -Xlinker -reproducible -target x86_64-apple-ios26.0-simulator -isysroot /Applications/Xcode.app/Contents/Developer/Platforms/iPhoneSimulator.platform/Developer/SDKs/iPhoneSimulator26.5.sdk -O0 -L/tmp/kanpan-p2-dd/Build/Products/Debug-iphonesimulator -F/tmp/kanpan-p2-dd/Build/Products/Debug-iphonesimulator/PackageFrameworks -F/tmp/kanpan-p2-dd/Build/Products/Debug-iphonesimulator/PackageFrameworks -F/tmp/kanpan-p2-dd/Build/Products/Debug-iphonesimulator/PackageFrameworks -F/tmp/kanpan-p2-dd/Build/Products/Debug-iphonesimulator/PackageFrameworks -F/tmp/kanpan-p2-dd/Build/Products/Debug-iphonesimulator/PackageFrameworks -F/tmp/kanpan-p2-dd/Build/Products/Debug-iphonesimulator/PackageFrameworks -F/tmp/kanpan-p2-dd/Build/Products/Debug-iphonesimulator/PackageFrameworks -F/tmp/kanpan-p2-dd/Build/Products/Debug-iphonesimulator/PackageFrameworks -F/tmp/kanpan-p2-dd/Build/Products/Debug-iphonesimulator -Xlinker -rpath -Xlinker @executable_path -Xlinker -rpath -Xlinker /tmp/kanpan-p2-dd/Build/Products/Debug-iphonesimulator/PackageFrameworks -Xlinker -rpath -Xlinker @executable_path/Frameworks -rdynamic -Xlinker -no_deduplicate -Xlinker -objc_abi_version -Xlinker 2 -e ___debug_blank_executor_main -Xlinker -sectcreate -Xlinker __TEXT -Xlinker __debug_dylib -Xlinker /tmp/kanpan-p2-dd/Build/Intermediates.noindex/Kanpan.build/Debug-iphonesimulator/Kanpan.build/Kanpan-DebugDylibPath-normal-x86_64.txt -Xlinker -sectcreate -Xlinker __TEXT -Xlinker __debug_instlnm -Xlinker /tmp/kanpan-p2-dd/Build/Intermediates.noindex/Kanpan.build/Debug-iphonesimulator/Kanpan.build/Kanpan-DebugDylibInstallName-normal-x86_64.txt -Xlinker -filelist -Xlinker /tmp/kanpan-p2-dd/Build/Intermediates.noindex/Kanpan.build/Debug-iphonesimulator/Kanpan.build/Kanpan-ExecutorLinkFileList-normal-x86_64.txt -Xlinker -sectcreate -Xlinker __TEXT -Xlinker __entitlements -Xlinker /tmp/kanpan-p2-dd/Build/Intermediates.noindex/Kanpan.build/Debug-iphonesimulator/Kanpan.build/Kanpan.app-Simulated.xcent -Xlinker -sectcreate -Xlinker __TEXT -Xlinker __ents_der -Xlinker /tmp/kanpan-p2-dd/Build/Intermediates.noindex/Kanpan.build/Debug-iphonesimulator/Kanpan.build/Kanpan.app-Simulated.xcent.der /tmp/kanpan-p2-dd/Build/Intermediates.noindex/Kanpan.build/Debug-iphonesimulator/Kanpan.build/Objects-normal/x86_64/Binary/Kanpan.debug.dylib -Xlinker -no_adhoc_codesign -o /tmp/kanpan-p2-dd/Build/Intermediates.noindex/Kanpan.build/Debug-iphonesimulator/Kanpan.build/Objects-normal/x86_64/Binary/Kanpan

SwiftDriverJobDiscovery normal arm64 Compiling ShareItem.swift, ClipboardSymbol.swift, DefaultFavorites.swift, DefaultFavoritesSeeder.swift, FavoriteCategory.swift, FavoritesView.swift, HomeShortcuts.swift, HomeShortcutsBridge.swift, QuoteSession.swift, QuoteSubscriptionPlan.swift, SearchHistory.swift, SymbolAliases.swift (in target 'Kanpan' from project 'Kanpan')

SwiftDriverJobDiscovery normal arm64 Compiling IntervalBar.swift, LandscapeChrome.swift, LaunchPrewarm.swift, MainScreen.swift, MainScreenParts.swift, MainThreadHeartbeat.swift, MarketModel.swift, MarketNetworkMonitor.swift, MarketStats.swift, OrientationBridge.swift, QuoteBook.swift, ReadableColumn.swift, RootTeardown.swift (in target 'Kanpan' from project 'Kanpan')

SwiftDriver\ Compilation Kanpan normal arm64 com.apple.xcode.tools.swift.compiler (in target 'Kanpan' from project 'Kanpan')
    cd /Users/mdd/zhk/kanpan-p2/Kanpan
    builtin-Swift-Compilation -- /Applications/Xcode.app/Contents/Developer/Toolchains/XcodeDefault.xctoolchain/usr/bin/swiftc -module-name Kanpan -Onone @/tmp/kanpan-p2-dd/Build/Intermediates.noindex/Kanpan.build/Debug-iphonesimulator/Kanpan.build/Objects-normal/arm64/Kanpan.SwiftFileList -DDEBUG -enable-experimental-feature DebugDescriptionMacro -sdk /Applications/Xcode.app/Contents/Developer/Platforms/iPhoneSimulator.platform/Developer/SDKs/iPhoneSimulator26.5.sdk -target arm64-apple-ios26.0-simulator -g -module-cache-path /tmp/kanpan-p2-dd/ModuleCache.noindex -Xfrontend -serialize-debugging-options -enable-testing -index-store-path /tmp/kanpan-p2-dd/Index.noindex/DataStore -Xcc -D_LIBCPP_HARDENING_MODE\=_LIBCPP_HARDENING_MODE_DEBUG -swift-version 6 -I /tmp/kanpan-p2-dd/Build/Products/Debug-iphonesimulator -F /tmp/kanpan-p2-dd/Build/Products/Debug-iphonesimulator/PackageFrameworks -F /tmp/kanpan-p2-dd/Build/Products/Debug-iphonesimulator/PackageFrameworks -F /tmp/kanpan-p2-dd/Build/Products/Debug-iphonesimulator/PackageFrameworks -F /tmp/kanpan-p2-dd/Build/Products/Debug-iphonesimulator/PackageFrameworks -F /tmp/kanpan-p2-dd/Build/Products/Debug-iphonesimulator/PackageFrameworks -F /tmp/kanpan-p2-dd/Build/Products/Debug-iphonesimulator/PackageFrameworks -F /tmp/kanpan-p2-dd/Build/Products/Debug-iphonesimulator/PackageFrameworks -F /tmp/kanpan-p2-dd/Build/Products/Debug-iphonesimulator/PackageFrameworks -F /tmp/kanpan-p2-dd/Build/Products/Debug-iphonesimulator -emit-localized-strings -emit-localized-strings-path /tmp/kanpan-p2-dd/Build/Intermediates.noindex/Kanpan.build/Debug-iphonesimulator/Kanpan.build/Objects-normal/arm64 -c -j10 -enable-batch-mode -incremental -Xcc -ivfsstatcache -Xcc /tmp/kanpan-p2-dd/SDKStatCaches.noindex/iphonesimulator26.5-23F81a-6cfe768891a92b912361537c460fe42b.sdkstatcache -output-file-map /tmp/kanpan-p2-dd/Build/Intermediates.noindex/Kanpan.build/Debug-iphonesimulator/Kanpan.build/Objects-normal/arm64/Kanpan-OutputFileMap.json -use-frontend-parseable-output -save-temps -no-color-diagnostics -explicit-module-build -module-cache-path /tmp/kanpan-p2-dd/Build/Intermediates.noindex/SwiftExplicitPrecompiledModules -clang-scanner-module-cache-path /tmp/kanpan-p2-dd/ModuleCache.noindex -sdk-module-cache-path /tmp/kanpan-p2-dd/ModuleCache.noindex -serialize-diagnostics -emit-dependencies -emit-module -emit-module-path /tmp/kanpan-p2-dd/Build/Intermediates.noindex/Kanpan.build/Debug-iphonesimulator/Kanpan.build/Objects-normal/arm64/Kanpan.swiftmodule -validate-clang-modules-once -clang-build-session-file /tmp/kanpan-p2-dd/ModuleCache.noindex/Session.modulevalidation -Xcc -I/tmp/kanpan-p2-dd/Build/Intermediates.noindex/Kanpan.build/Debug-iphonesimulator/Kanpan.build/swift-overrides.hmap -emit-const-values -Xfrontend -const-gather-protocols-file -Xfrontend /tmp/kanpan-p2-dd/Build/Intermediates.noindex/Kanpan.build/Debug-iphonesimulator/Kanpan.build/Objects-normal/arm64/Kanpan_const_extract_protocols.json -Xcc -iquote -Xcc /tmp/kanpan-p2-dd/Build/Intermediates.noindex/Kanpan.build/Debug-iphonesimulator/Kanpan.build/Kanpan-generated-files.hmap -Xcc -I/tmp/kanpan-p2-dd/Build/Intermediates.noindex/Kanpan.build/Debug-iphonesimulator/Kanpan.build/Kanpan-own-target-headers.hmap -Xcc -I/tmp/kanpan-p2-dd/Build/Intermediates.noindex/Kanpan.build/Debug-iphonesimulator/Kanpan.build/Kanpan-all-non-framework-target-headers.hmap -Xcc -ivfsoverlay -Xcc /tmp/kanpan-p2-dd/Build/Intermediates.noindex/Kanpan.build/Debug-iphonesimulator/Kanpan-88f8e4f6458ff7f878983357411ed85c-VFS-iphonesimulator/all-product-headers.yaml -Xcc -iquote -Xcc /tmp/kanpan-p2-dd/Build/Intermediates.noindex/Kanpan.build/Debug-iphonesimulator/Kanpan.build/Kanpan-project-headers.hmap -Xcc -I/tmp/kanpan-p2-dd/Build/Products/Debug-iphonesimulator/include -Xcc -I/tmp/kanpan-p2-dd/Build/Intermediates.noindex/Kanpan.build/Debug-iphonesimulator/Kanpan.build/DerivedSources-normal/arm64 -Xcc -I/tmp/kanpan-p2-dd/Build/Intermediates.noindex/Kanpan.build/Debug-iphonesimulator/Kanpan.build/DerivedSources/arm64 -Xcc -I/tmp/kanpan-p2-dd/Build/Intermediates.noindex/Kanpan.build/Debug-iphonesimulator/Kanpan.build/DerivedSources -emit-objc-header -emit-objc-header-path /tmp/kanpan-p2-dd/Build/Intermediates.noindex/Kanpan.build/Debug-iphonesimulator/Kanpan.build/Objects-normal/arm64/Kanpan-Swift.h -working-directory /Users/mdd/zhk/kanpan-p2/Kanpan -experimental-emit-module-separately -disable-cmo

Ld /tmp/kanpan-p2-dd/Build/Intermediates.noindex/Kanpan.build/Debug-iphonesimulator/Kanpan.build/Objects-normal/arm64/Binary/Kanpan.debug.dylib normal arm64 (in target 'Kanpan' from project 'Kanpan')
    cd /Users/mdd/zhk/kanpan-p2/Kanpan
    /Applications/Xcode.app/Contents/Developer/Toolchains/XcodeDefault.xctoolchain/usr/bin/clang -Xlinker -reproducible -target arm64-apple-ios26.0-simulator -dynamiclib -isysroot /Applications/Xcode.app/Contents/Developer/Platforms/iPhoneSimulator.platform/Developer/SDKs/iPhoneSimulator26.5.sdk -O0 -L/tmp/kanpan-p2-dd/Build/Intermediates.noindex/EagerLinkingTBDs/Debug-iphonesimulator -L/tmp/kanpan-p2-dd/Build/Products/Debug-iphonesimulator -F/tmp/kanpan-p2-dd/Build/Intermediates.noindex/EagerLinkingTBDs/Debug-iphonesimulator -F/tmp/kanpan-p2-dd/Build/Products/Debug-iphonesimulator/PackageFrameworks -F/tmp/kanpan-p2-dd/Build/Products/Debug-iphonesimulator/PackageFrameworks -F/tmp/kanpan-p2-dd/Build/Products/Debug-iphonesimulator/PackageFrameworks -F/tmp/kanpan-p2-dd/Build/Products/Debug-iphonesimulator/PackageFrameworks -F/tmp/kanpan-p2-dd/Build/Products/Debug-iphonesimulator/PackageFrameworks -F/tmp/kanpan-p2-dd/Build/Products/Debug-iphonesimulator/PackageFrameworks -F/tmp/kanpan-p2-dd/Build/Products/Debug-iphonesimulator/PackageFrameworks -F/tmp/kanpan-p2-dd/Build/Products/Debug-iphonesimulator/PackageFrameworks -F/tmp/kanpan-p2-dd/Build/Products/Debug-iphonesimulator -filelist /tmp/kanpan-p2-dd/Build/Intermediates.noindex/Kanpan.build/Debug-iphonesimulator/Kanpan.build/Objects-normal/arm64/Kanpan.LinkFileList -install_name @rpath/Kanpan.debug.dylib -Xlinker -rpath -Xlinker /tmp/kanpan-p2-dd/Build/Products/Debug-iphonesimulator/PackageFrameworks -Xlinker -rpath -Xlinker @executable_path/Frameworks -Xlinker -dead_strip -Xlinker -object_path_lto -Xlinker /tmp/kanpan-p2-dd/Build/Intermediates.noindex/Kanpan.build/Debug-iphonesimulator/Kanpan.build/Objects-normal/arm64/Kanpan_lto.o -rdynamic -Xlinker -no_deduplicate -Xlinker -objc_abi_version -Xlinker 2 -Xlinker -dependency_info -Xlinker /tmp/kanpan-p2-dd/Build/Intermediates.noindex/Kanpan.build/Debug-iphonesimulator/Kanpan.build/Objects-normal/arm64/Kanpan_dependency_info.dat -fobjc-link-runtime -L/Applications/Xcode.app/Contents/Developer/Toolchains/XcodeDefault.xctoolchain/usr/lib/swift/iphonesimulator -L/usr/lib/swift -Xlinker -add_ast_path -Xlinker /tmp/kanpan-p2-dd/Build/Intermediates.noindex/Kanpan.build/Debug-iphonesimulator/Kanpan.build/Objects-normal/arm64/Kanpan.swiftmodule @/tmp/kanpan-p2-dd/Build/Intermediates.noindex/Kanpan.build/Debug-iphonesimulator/Kanpan.build/Objects-normal/arm64/Kanpan-linker-args.resp -Wl,-no_warn_duplicate_libraries -Wl,-no_warn_duplicate_libraries -Wl,-no_warn_duplicate_libraries -Wl,-no_warn_duplicate_libraries -Wl,-no_warn_duplicate_libraries -Wl,-no_warn_duplicate_libraries -Wl,-no_warn_duplicate_libraries -Wl,-no_warn_duplicate_libraries -Xlinker -alias -Xlinker _main -Xlinker ___debug_main_executable_dylib_entry_point -Xlinker -no_adhoc_codesign -o /tmp/kanpan-p2-dd/Build/Intermediates.noindex/Kanpan.build/Debug-iphonesimulator/Kanpan.build/Objects-normal/arm64/Binary/Kanpan.debug.dylib -Xlinker -add_ast_path -Xlinker /tmp/kanpan-p2-dd/Build/Intermediates.noindex/KanpanCore.build/Debug-iphonesimulator/KanpanCore.build/Objects-normal/arm64/KanpanCore.swiftmodule @/tmp/kanpan-p2-dd/Build/Intermediates.noindex/KanpanCore.build/Debug-iphonesimulator/KanpanCore.build/Objects-normal/arm64/KanpanCore-linker-args.resp -Xlinker -add_ast_path -Xlinker /tmp/kanpan-p2-dd/Build/Intermediates.noindex/KanpanChart.build/Debug-iphonesimulator/KanpanChart.build/Objects-normal/arm64/KanpanChart.swiftmodule @/tmp/kanpan-p2-dd/Build/Intermediates.noindex/KanpanChart.build/Debug-iphonesimulator/KanpanChart.build/Objects-normal/arm64/KanpanChart-linker-args.resp -Xlinker -add_ast_path -Xlinker /tmp/kanpan-p2-dd/Build/Intermediates.noindex/KanpanData.build/Debug-iphonesimulator/KanpanData.build/Objects-normal/arm64/KanpanData.swiftmodule @/tmp/kanpan-p2-dd/Build/Intermediates.noindex/KanpanData.build/Debug-iphonesimulator/KanpanData.build/Objects-normal/arm64/KanpanData-linker-args.resp -Xlinker -add_ast_path -Xlinker /tmp/kanpan-p2-dd/Build/Intermediates.noindex/KanpanNetwork.build/Debug-iphonesimulator/KanpanNetwork.build/Objects-normal/arm64/KanpanNetwork.swiftmodule @/tmp/kanpan-p2-dd/Build/Intermediates.noindex/KanpanNetwork.build/Debug-iphonesimulator/KanpanNetwork.build/Objects-normal/arm64/KanpanNetwork-linker-args.resp -Xlinker -add_ast_path -Xlinker /tmp/kanpan-p2-dd/Build/Intermediates.noindex/KanpanReview.build/Debug-iphonesimulator/ReviewDomain.build/Objects-normal/arm64/ReviewDomain.swiftmodule @/tmp/kanpan-p2-dd/Build/Intermediates.noindex/KanpanReview.build/Debug-iphonesimulator/ReviewDomain.build/Objects-normal/arm64/ReviewDomain-linker-args.resp -Xlinker -add_ast_path -Xlinker /tmp/kanpan-p2-dd/Build/Intermediates.noindex/KanpanReview.build/Debug-iphonesimulator/ReviewData.build/Objects-normal/arm64/ReviewData.swiftmodule @/tmp/kanpan-p2-dd/Build/Intermediates.noindex/KanpanReview.build/Debug-iphonesimulator/ReviewData.build/Objects-normal/arm64/ReviewData-linker-args.resp -Xlinker -add_ast_path -Xlinker /tmp/kanpan-p2-dd/Build/Intermediates.noindex/KanpanReview.build/Debug-iphonesimulator/ReviewUI.build/Objects-normal/arm64/ReviewUI.swiftmodule @/tmp/kanpan-p2-dd/Build/Intermediates.noindex/KanpanReview.build/Debug-iphonesimulator/ReviewUI.build/Objects-normal/arm64/ReviewUI-linker-args.resp -Xlinker -add_ast_path -Xlinker /tmp/kanpan-p2-dd/Build/Intermediates.noindex/KanpanAccount.build/Debug-iphonesimulator/KanpanAccount.build/Objects-normal/arm64/KanpanAccount.swiftmodule @/tmp/kanpan-p2-dd/Build/Intermediates.noindex/KanpanAccount.build/Debug-iphonesimulator/KanpanAccount.build/Objects-normal/arm64/KanpanAccount-linker-args.resp

CreateUniversalBinary /tmp/kanpan-p2-dd/Build/Products/Debug-iphonesimulator/Kanpan.app/Kanpan.debug.dylib normal arm64\ x86_64 (in target 'Kanpan' from project 'Kanpan')
    cd /Users/mdd/zhk/kanpan-p2/Kanpan
    /Applications/Xcode.app/Contents/Developer/Toolchains/XcodeDefault.xctoolchain/usr/bin/lipo -create /tmp/kanpan-p2-dd/Build/Intermediates.noindex/Kanpan.build/Debug-iphonesimulator/Kanpan.build/Objects-normal/arm64/Binary/Kanpan.debug.dylib /tmp/kanpan-p2-dd/Build/Intermediates.noindex/Kanpan.build/Debug-iphonesimulator/Kanpan.build/Objects-normal/x86_64/Binary/Kanpan.debug.dylib -output /tmp/kanpan-p2-dd/Build/Products/Debug-iphonesimulator/Kanpan.app/Kanpan.debug.dylib

ConstructStubExecutorLinkFileList /tmp/kanpan-p2-dd/Build/Intermediates.noindex/Kanpan.build/Debug-iphonesimulator/Kanpan.build/Kanpan-ExecutorLinkFileList-normal-arm64.txt (in target 'Kanpan' from project 'Kanpan')
    cd /Users/mdd/zhk/kanpan-p2/Kanpan
    construct-stub-executor-link-file-list /tmp/kanpan-p2-dd/Build/Intermediates.noindex/Kanpan.build/Debug-iphonesimulator/Kanpan.build/Objects-normal/arm64/Binary/Kanpan.debug.dylib /Applications/Xcode.app/Contents/Developer/Platforms/iPhoneSimulator.platform/Developer/usr/lib/libPreviewsJITStubExecutor_no_swift_entry_point.a /Applications/Xcode.app/Contents/Developer/Platforms/iPhoneSimulator.platform/Developer/usr/lib/libPreviewsJITStubExecutor.a --output /tmp/kanpan-p2-dd/Build/Intermediates.noindex/Kanpan.build/Debug-iphonesimulator/Kanpan.build/Kanpan-ExecutorLinkFileList-normal-arm64.txt
note: Using stub executor library with Swift entry point. (in target 'Kanpan' from project 'Kanpan')

Ld /tmp/kanpan-p2-dd/Build/Intermediates.noindex/Kanpan.build/Debug-iphonesimulator/Kanpan.build/Objects-normal/arm64/Binary/Kanpan normal arm64 (in target 'Kanpan' from project 'Kanpan')
    cd /Users/mdd/zhk/kanpan-p2/Kanpan
    /Applications/Xcode.app/Contents/Developer/Toolchains/XcodeDefault.xctoolchain/usr/bin/clang -Xlinker -reproducible -target arm64-apple-ios26.0-simulator -isysroot /Applications/Xcode.app/Contents/Developer/Platforms/iPhoneSimulator.platform/Developer/SDKs/iPhoneSimulator26.5.sdk -O0 -L/tmp/kanpan-p2-dd/Build/Products/Debug-iphonesimulator -F/tmp/kanpan-p2-dd/Build/Products/Debug-iphonesimulator/PackageFrameworks -F/tmp/kanpan-p2-dd/Build/Products/Debug-iphonesimulator/PackageFrameworks -F/tmp/kanpan-p2-dd/Build/Products/Debug-iphonesimulator/PackageFrameworks -F/tmp/kanpan-p2-dd/Build/Products/Debug-iphonesimulator/PackageFrameworks -F/tmp/kanpan-p2-dd/Build/Products/Debug-iphonesimulator/PackageFrameworks -F/tmp/kanpan-p2-dd/Build/Products/Debug-iphonesimulator/PackageFrameworks -F/tmp/kanpan-p2-dd/Build/Products/Debug-iphonesimulator/PackageFrameworks -F/tmp/kanpan-p2-dd/Build/Products/Debug-iphonesimulator/PackageFrameworks -F/tmp/kanpan-p2-dd/Build/Products/Debug-iphonesimulator -Xlinker -rpath -Xlinker @executable_path -Xlinker -rpath -Xlinker /tmp/kanpan-p2-dd/Build/Products/Debug-iphonesimulator/PackageFrameworks -Xlinker -rpath -Xlinker @executable_path/Frameworks -rdynamic -Xlinker -no_deduplicate -Xlinker -objc_abi_version -Xlinker 2 -e ___debug_blank_executor_main -Xlinker -sectcreate -Xlinker __TEXT -Xlinker __debug_dylib -Xlinker /tmp/kanpan-p2-dd/Build/Intermediates.noindex/Kanpan.build/Debug-iphonesimulator/Kanpan.build/Kanpan-DebugDylibPath-normal-arm64.txt -Xlinker -sectcreate -Xlinker __TEXT -Xlinker __debug_instlnm -Xlinker /tmp/kanpan-p2-dd/Build/Intermediates.noindex/Kanpan.build/Debug-iphonesimulator/Kanpan.build/Kanpan-DebugDylibInstallName-normal-arm64.txt -Xlinker -filelist -Xlinker /tmp/kanpan-p2-dd/Build/Intermediates.noindex/Kanpan.build/Debug-iphonesimulator/Kanpan.build/Kanpan-ExecutorLinkFileList-normal-arm64.txt -Xlinker -sectcreate -Xlinker __TEXT -Xlinker __entitlements -Xlinker /tmp/kanpan-p2-dd/Build/Intermediates.noindex/Kanpan.build/Debug-iphonesimulator/Kanpan.build/Kanpan.app-Simulated.xcent -Xlinker -sectcreate -Xlinker __TEXT -Xlinker __ents_der -Xlinker /tmp/kanpan-p2-dd/Build/Intermediates.noindex/Kanpan.build/Debug-iphonesimulator/Kanpan.build/Kanpan.app-Simulated.xcent.der /tmp/kanpan-p2-dd/Build/Intermediates.noindex/Kanpan.build/Debug-iphonesimulator/Kanpan.build/Objects-normal/arm64/Binary/Kanpan.debug.dylib -Xlinker -no_adhoc_codesign -o /tmp/kanpan-p2-dd/Build/Intermediates.noindex/Kanpan.build/Debug-iphonesimulator/Kanpan.build/Objects-normal/arm64/Binary/Kanpan

CreateUniversalBinary /tmp/kanpan-p2-dd/Build/Products/Debug-iphonesimulator/Kanpan.app/Kanpan normal arm64\ x86_64 (in target 'Kanpan' from project 'Kanpan')
    cd /Users/mdd/zhk/kanpan-p2/Kanpan
    /Applications/Xcode.app/Contents/Developer/Toolchains/XcodeDefault.xctoolchain/usr/bin/lipo -create /tmp/kanpan-p2-dd/Build/Intermediates.noindex/Kanpan.build/Debug-iphonesimulator/Kanpan.build/Objects-normal/arm64/Binary/Kanpan /tmp/kanpan-p2-dd/Build/Intermediates.noindex/Kanpan.build/Debug-iphonesimulator/Kanpan.build/Objects-normal/x86_64/Binary/Kanpan -output /tmp/kanpan-p2-dd/Build/Products/Debug-iphonesimulator/Kanpan.app/Kanpan

ExtractAppIntentsMetadata (in target 'Kanpan' from project 'Kanpan')
    cd /Users/mdd/zhk/kanpan-p2/Kanpan
    /Applications/Xcode.app/Contents/Developer/Toolchains/XcodeDefault.xctoolchain/usr/bin/appintentsmetadataprocessor --toolchain-dir /Applications/Xcode.app/Contents/Developer/Toolchains/XcodeDefault.xctoolchain --module-name Kanpan --sdk-root /Applications/Xcode.app/Contents/Developer/Platforms/iPhoneSimulator.platform/Developer/SDKs/iPhoneSimulator26.5.sdk --xcode-version 17F113 --platform-family iOS --deployment-target 26.0 --bundle-identifier com.mdd.kanpan --output /tmp/kanpan-p2-dd/Build/Products/Debug-iphonesimulator/Kanpan.app --target-triple arm64-apple-ios26.0-simulator --target-triple x86_64-apple-ios26.0-simulator --binary-file /tmp/kanpan-p2-dd/Build/Products/Debug-iphonesimulator/Kanpan.app/Kanpan --dependency-file /tmp/kanpan-p2-dd/Build/Intermediates.noindex/Kanpan.build/Debug-iphonesimulator/Kanpan.build/Objects-normal/arm64/Kanpan_dependency_info.dat --dependency-file /tmp/kanpan-p2-dd/Build/Intermediates.noindex/Kanpan.build/Debug-iphonesimulator/Kanpan.build/Objects-normal/x86_64/Kanpan_dependency_info.dat --stringsdata-file /tmp/kanpan-p2-dd/Build/Intermediates.noindex/Kanpan.build/Debug-iphonesimulator/Kanpan.build/Objects-normal/arm64/ExtractedAppShortcutsMetadata.stringsdata --stringsdata-file /tmp/kanpan-p2-dd/Build/Intermediates.noindex/Kanpan.build/Debug-iphonesimulator/Kanpan.build/Objects-normal/x86_64/ExtractedAppShortcutsMetadata.stringsdata --source-file-list /tmp/kanpan-p2-dd/Build/Intermediates.noindex/Kanpan.build/Debug-iphonesimulator/Kanpan.build/Objects-normal/arm64/Kanpan.SwiftFileList --source-file-list /tmp/kanpan-p2-dd/Build/Intermediates.noindex/Kanpan.build/Debug-iphonesimulator/Kanpan.build/Objects-normal/x86_64/Kanpan.SwiftFileList --metadata-file-list /tmp/kanpan-p2-dd/Build/Intermediates.noindex/Kanpan.build/Debug-iphonesimulator/Kanpan.build/Kanpan.DependencyMetadataFileList --static-metadata-file-list /tmp/kanpan-p2-dd/Build/Intermediates.noindex/Kanpan.build/Debug-iphonesimulator/Kanpan.build/Kanpan.DependencyStaticMetadataFileList --swift-const-vals-list /tmp/kanpan-p2-dd/Build/Intermediates.noindex/Kanpan.build/Debug-iphonesimulator/Kanpan.build/Objects-normal/arm64/Kanpan.SwiftConstValuesFileList --swift-const-vals-list /tmp/kanpan-p2-dd/Build/Intermediates.noindex/Kanpan.build/Debug-iphonesimulator/Kanpan.build/Objects-normal/x86_64/Kanpan.SwiftConstValuesFileList --compile-time-extraction --deployment-aware-processing --validate-assistant-intents --no-app-shortcuts-localization
2026-09-23 02:52:29.246 appintentsmetadataprocessor[71114:5308527] Starting appintentsmetadataprocessor export
2026-09-23 02:52:29.287 appintentsmetadataprocessor[71114:5308527] warning: Metadata extraction skipped. No AppIntents.framework dependency found.

ProcessInfoPlistFile /tmp/kanpan-p2-dd/Build/Products/Debug-iphonesimulator/Kanpan.app/Info.plist /Users/mdd/zhk/kanpan-p2/Kanpan/Config/Info.plist (in target 'Kanpan' from project 'Kanpan')
    cd /Users/mdd/zhk/kanpan-p2/Kanpan
    builtin-infoPlistUtility /Users/mdd/zhk/kanpan-p2/Kanpan/Config/Info.plist -producttype com.apple.product-type.application -genpkginfo /tmp/kanpan-p2-dd/Build/Products/Debug-iphonesimulator/Kanpan.app/PkgInfo -expandbuildsettings -format binary -platform iphonesimulator -additionalcontentfile /tmp/kanpan-p2-dd/Build/Intermediates.noindex/Kanpan.build/Debug-iphonesimulator/Kanpan.build/assetcatalog_generated_info.plist -o /tmp/kanpan-p2-dd/Build/Products/Debug-iphonesimulator/Kanpan.app/Info.plist

CopySwiftLibs /tmp/kanpan-p2-dd/Build/Products/Debug-iphonesimulator/Kanpan.app (in target 'Kanpan' from project 'Kanpan')
    cd /Users/mdd/zhk/kanpan-p2/Kanpan
    builtin-swiftStdLibTool --copy --verbose --sign - --scan-executable /tmp/kanpan-p2-dd/Build/Products/Debug-iphonesimulator/Kanpan.app/Kanpan.debug.dylib --scan-folder /tmp/kanpan-p2-dd/Build/Products/Debug-iphonesimulator/Kanpan.app/Frameworks --scan-folder /tmp/kanpan-p2-dd/Build/Products/Debug-iphonesimulator/Kanpan.app/PlugIns --scan-folder /tmp/kanpan-p2-dd/Build/Products/Debug-iphonesimulator/Kanpan.app/SystemExtensions --scan-folder /tmp/kanpan-p2-dd/Build/Products/Debug-iphonesimulator/Kanpan.app/Extensions --platform iphonesimulator --toolchain /Applications/Xcode.app/Contents/Developer/Toolchains/XcodeDefault.xctoolchain --destination /tmp/kanpan-p2-dd/Build/Products/Debug-iphonesimulator/Kanpan.app/Frameworks --strip-bitcode --strip-bitcode-tool /Applications/Xcode.app/Contents/Developer/Toolchains/XcodeDefault.xctoolchain/usr/bin/bitcode_strip --emit-dependency-info /tmp/kanpan-p2-dd/Build/Intermediates.noindex/Kanpan.build/Debug-iphonesimulator/Kanpan.build/SwiftStdLibToolInputDependencies.dep --filter-for-swift-os

SwiftDriver KanpanUITests normal x86_64 com.apple.xcode.tools.swift.compiler (in target 'KanpanUITests' from project 'Kanpan')
    cd /Users/mdd/zhk/kanpan-p2/Kanpan
    builtin-SwiftDriver -- /Applications/Xcode.app/Contents/Developer/Toolchains/XcodeDefault.xctoolchain/usr/bin/swiftc -module-name KanpanUITests -Onone @/tmp/kanpan-p2-dd/Build/Intermediates.noindex/Kanpan.build/Debug-iphonesimulator/KanpanUITests.build/Objects-normal/x86_64/KanpanUITests.SwiftFileList -DDEBUG -module-alias Testing\=_Testing_Unavailable -plugin-path /Applications/Xcode.app/Contents/Developer/Toolchains/XcodeDefault.xctoolchain/usr/lib/swift/host/plugins/testing -enable-experimental-feature DebugDescriptionMacro -sdk /Applications/Xcode.app/Contents/Developer/Platforms/iPhoneSimulator.platform/Developer/SDKs/iPhoneSimulator26.5.sdk -target x86_64-apple-ios26.0-simulator -g -module-cache-path /tmp/kanpan-p2-dd/ModuleCache.noindex -Xfrontend -serialize-debugging-options -enable-testing -index-store-path /tmp/kanpan-p2-dd/Index.noindex/DataStore -Xcc -D_LIBCPP_HARDENING_MODE\=_LIBCPP_HARDENING_MODE_DEBUG -swift-version 6 -I /tmp/kanpan-p2-dd/Build/Products/Debug-iphonesimulator -Isystem /Applications/Xcode.app/Contents/Developer/Platforms/iPhoneSimulator.platform/Developer/usr/lib -F /tmp/kanpan-p2-dd/Build/Products/Debug-iphonesimulator -F /Applications/Xcode.app/Contents/Developer/Platforms/iPhoneSimulator.platform/Developer/Library/Frameworks -F /Applications/Xcode.app/Contents/Developer/Platforms/iPhoneSimulator.platform/Developer/SDKs/iPhoneSimulator26.5.sdk/Developer/Library/Frameworks -c -j10 -enable-batch-mode -incremental -Xcc -ivfsstatcache -Xcc /tmp/kanpan-p2-dd/SDKStatCaches.noindex/iphonesimulator26.5-23F81a-6cfe768891a92b912361537c460fe42b.sdkstatcache -output-file-map /tmp/kanpan-p2-dd/Build/Intermediates.noindex/Kanpan.build/Debug-iphonesimulator/KanpanUITests.build/Objects-normal/x86_64/KanpanUITests-OutputFileMap.json -use-frontend-parseable-output -save-temps -no-color-diagnostics -explicit-module-build -module-cache-path /tmp/kanpan-p2-dd/Build/Intermediates.noindex/SwiftExplicitPrecompiledModules -clang-scanner-module-cache-path /tmp/kanpan-p2-dd/ModuleCache.noindex -sdk-module-cache-path /tmp/kanpan-p2-dd/ModuleCache.noindex -serialize-diagnostics -emit-dependencies -emit-module -emit-module-path /tmp/kanpan-p2-dd/Build/Intermediates.noindex/Kanpan.build/Debug-iphonesimulator/KanpanUITests.build/Objects-normal/x86_64/KanpanUITests.swiftmodule -validate-clang-modules-once -clang-build-session-file /tmp/kanpan-p2-dd/ModuleCache.noindex/Session.modulevalidation -Xcc -I/tmp/kanpan-p2-dd/Build/Intermediates.noindex/Kanpan.build/Debug-iphonesimulator/KanpanUITests.build/swift-overrides.hmap -emit-const-values -Xfrontend -const-gather-protocols-file -Xfrontend /tmp/kanpan-p2-dd/Build/Intermediates.noindex/Kanpan.build/Debug-iphonesimulator/KanpanUITests.build/Objects-normal/x86_64/KanpanUITests_const_extract_protocols.json -Xcc -iquote -Xcc /tmp/kanpan-p2-dd/Build/Intermediates.noindex/Kanpan.build/Debug-iphonesimulator/KanpanUITests.build/KanpanUITests-generated-files.hmap -Xcc -I/tmp/kanpan-p2-dd/Build/Intermediates.noindex/Kanpan.build/Debug-iphonesimulator/KanpanUITests.build/KanpanUITests-own-target-headers.hmap -Xcc -I/tmp/kanpan-p2-dd/Build/Intermediates.noindex/Kanpan.build/Debug-iphonesimulator/KanpanUITests.build/KanpanUITests-all-non-framework-target-headers.hmap -Xcc -ivfsoverlay -Xcc /tmp/kanpan-p2-dd/Build/Intermediates.noindex/Kanpan.build/Debug-iphonesimulator/Kanpan-88f8e4f6458ff7f878983357411ed85c-VFS-iphonesimulator/all-product-headers.yaml -Xcc -iquote -Xcc /tmp/kanpan-p2-dd/Build/Intermediates.noindex/Kanpan.build/Debug-iphonesimulator/KanpanUITests.build/KanpanUITests-project-headers.hmap -Xcc -I/tmp/kanpan-p2-dd/Build/Products/Debug-iphonesimulator/include -Xcc -I/tmp/kanpan-p2-dd/Build/Intermediates.noindex/Kanpan.build/Debug-iphonesimulator/KanpanUITests.build/DerivedSources-normal/x86_64 -Xcc -I/tmp/kanpan-p2-dd/Build/Intermediates.noindex/Kanpan.build/Debug-iphonesimulator/KanpanUITests.build/DerivedSources/x86_64 -Xcc -I/tmp/kanpan-p2-dd/Build/Intermediates.noindex/Kanpan.build/Debug-iphonesimulator/KanpanUITests.build/DerivedSources -emit-objc-header -emit-objc-header-path /tmp/kanpan-p2-dd/Build/Intermediates.noindex/Kanpan.build/Debug-iphonesimulator/KanpanUITests.build/Objects-normal/x86_64/KanpanUITests-Swift.h -working-directory /Users/mdd/zhk/kanpan-p2/Kanpan -experimental-emit-module-separately -disable-cmo

SwiftDriver KanpanUITests normal arm64 com.apple.xcode.tools.swift.compiler (in target 'KanpanUITests' from project 'Kanpan')
    cd /Users/mdd/zhk/kanpan-p2/Kanpan
    builtin-SwiftDriver -- /Applications/Xcode.app/Contents/Developer/Toolchains/XcodeDefault.xctoolchain/usr/bin/swiftc -module-name KanpanUITests -Onone @/tmp/kanpan-p2-dd/Build/Intermediates.noindex/Kanpan.build/Debug-iphonesimulator/KanpanUITests.build/Objects-normal/arm64/KanpanUITests.SwiftFileList -DDEBUG -module-alias Testing\=_Testing_Unavailable -plugin-path /Applications/Xcode.app/Contents/Developer/Toolchains/XcodeDefault.xctoolchain/usr/lib/swift/host/plugins/testing -enable-experimental-feature DebugDescriptionMacro -sdk /Applications/Xcode.app/Contents/Developer/Platforms/iPhoneSimulator.platform/Developer/SDKs/iPhoneSimulator26.5.sdk -target arm64-apple-ios26.0-simulator -g -module-cache-path /tmp/kanpan-p2-dd/ModuleCache.noindex -Xfrontend -serialize-debugging-options -enable-testing -index-store-path /tmp/kanpan-p2-dd/Index.noindex/DataStore -Xcc -D_LIBCPP_HARDENING_MODE\=_LIBCPP_HARDENING_MODE_DEBUG -swift-version 6 -I /tmp/kanpan-p2-dd/Build/Products/Debug-iphonesimulator -Isystem /Applications/Xcode.app/Contents/Developer/Platforms/iPhoneSimulator.platform/Developer/usr/lib -F /tmp/kanpan-p2-dd/Build/Products/Debug-iphonesimulator -F /Applications/Xcode.app/Contents/Developer/Platforms/iPhoneSimulator.platform/Developer/Library/Frameworks -F /Applications/Xcode.app/Contents/Developer/Platforms/iPhoneSimulator.platform/Developer/SDKs/iPhoneSimulator26.5.sdk/Developer/Library/Frameworks -c -j10 -enable-batch-mode -incremental -Xcc -ivfsstatcache -Xcc /tmp/kanpan-p2-dd/SDKStatCaches.noindex/iphonesimulator26.5-23F81a-6cfe768891a92b912361537c460fe42b.sdkstatcache -output-file-map /tmp/kanpan-p2-dd/Build/Intermediates.noindex/Kanpan.build/Debug-iphonesimulator/KanpanUITests.build/Objects-normal/arm64/KanpanUITests-OutputFileMap.json -use-frontend-parseable-output -save-temps -no-color-diagnostics -explicit-module-build -module-cache-path /tmp/kanpan-p2-dd/Build/Intermediates.noindex/SwiftExplicitPrecompiledModules -clang-scanner-module-cache-path /tmp/kanpan-p2-dd/ModuleCache.noindex -sdk-module-cache-path /tmp/kanpan-p2-dd/ModuleCache.noindex -serialize-diagnostics -emit-dependencies -emit-module -emit-module-path /tmp/kanpan-p2-dd/Build/Intermediates.noindex/Kanpan.build/Debug-iphonesimulator/KanpanUITests.build/Objects-normal/arm64/KanpanUITests.swiftmodule -validate-clang-modules-once -clang-build-session-file /tmp/kanpan-p2-dd/ModuleCache.noindex/Session.modulevalidation -Xcc -I/tmp/kanpan-p2-dd/Build/Intermediates.noindex/Kanpan.build/Debug-iphonesimulator/KanpanUITests.build/swift-overrides.hmap -emit-const-values -Xfrontend -const-gather-protocols-file -Xfrontend /tmp/kanpan-p2-dd/Build/Intermediates.noindex/Kanpan.build/Debug-iphonesimulator/KanpanUITests.build/Objects-normal/arm64/KanpanUITests_const_extract_protocols.json -Xcc -iquote -Xcc /tmp/kanpan-p2-dd/Build/Intermediates.noindex/Kanpan.build/Debug-iphonesimulator/KanpanUITests.build/KanpanUITests-generated-files.hmap -Xcc -I/tmp/kanpan-p2-dd/Build/Intermediates.noindex/Kanpan.build/Debug-iphonesimulator/KanpanUITests.build/KanpanUITests-own-target-headers.hmap -Xcc -I/tmp/kanpan-p2-dd/Build/Intermediates.noindex/Kanpan.build/Debug-iphonesimulator/KanpanUITests.build/KanpanUITests-all-non-framework-target-headers.hmap -Xcc -ivfsoverlay -Xcc /tmp/kanpan-p2-dd/Build/Intermediates.noindex/Kanpan.build/Debug-iphonesimulator/Kanpan-88f8e4f6458ff7f878983357411ed85c-VFS-iphonesimulator/all-product-headers.yaml -Xcc -iquote -Xcc /tmp/kanpan-p2-dd/Build/Intermediates.noindex/Kanpan.build/Debug-iphonesimulator/KanpanUITests.build/KanpanUITests-project-headers.hmap -Xcc -I/tmp/kanpan-p2-dd/Build/Products/Debug-iphonesimulator/include -Xcc -I/tmp/kanpan-p2-dd/Build/Intermediates.noindex/Kanpan.build/Debug-iphonesimulator/KanpanUITests.build/DerivedSources-normal/arm64 -Xcc -I/tmp/kanpan-p2-dd/Build/Intermediates.noindex/Kanpan.build/Debug-iphonesimulator/KanpanUITests.build/DerivedSources/arm64 -Xcc -I/tmp/kanpan-p2-dd/Build/Intermediates.noindex/Kanpan.build/Debug-iphonesimulator/KanpanUITests.build/DerivedSources -emit-objc-header -emit-objc-header-path /tmp/kanpan-p2-dd/Build/Intermediates.noindex/Kanpan.build/Debug-iphonesimulator/KanpanUITests.build/Objects-normal/arm64/KanpanUITests-Swift.h -working-directory /Users/mdd/zhk/kanpan-p2/Kanpan -experimental-emit-module-separately -disable-cmo

CodeSign /tmp/kanpan-p2-dd/Build/Products/Debug-iphonesimulator/Kanpan.app/Kanpan.debug.dylib (in target 'Kanpan' from project 'Kanpan')
    cd /Users/mdd/zhk/kanpan-p2/Kanpan
    
    Signing Identity:     "Sign to Run Locally"
    
    /usr/bin/codesign --force --sign - --timestamp\=none --generate-entitlement-der /tmp/kanpan-p2-dd/Build/Products/Debug-iphonesimulator/Kanpan.app/Kanpan.debug.dylib

CodeSign /tmp/kanpan-p2-dd/Build/Products/Debug-iphonesimulator/Kanpan.app/__preview.dylib (in target 'Kanpan' from project 'Kanpan')
    cd /Users/mdd/zhk/kanpan-p2/Kanpan
    
    Signing Identity:     "Sign to Run Locally"
    
    /usr/bin/codesign --force --sign - --timestamp\=none --generate-entitlement-der /tmp/kanpan-p2-dd/Build/Products/Debug-iphonesimulator/Kanpan.app/__preview.dylib
/tmp/kanpan-p2-dd/Build/Products/Debug-iphonesimulator/Kanpan.app/__preview.dylib: replacing existing signature

CodeSign /tmp/kanpan-p2-dd/Build/Products/Debug-iphonesimulator/Kanpan.app (in target 'Kanpan' from project 'Kanpan')
    cd /Users/mdd/zhk/kanpan-p2/Kanpan
    
    Signing Identity:     "Sign to Run Locally"
    
    /usr/bin/codesign --force --sign - --timestamp\=none --generate-entitlement-der /tmp/kanpan-p2-dd/Build/Products/Debug-iphonesimulator/Kanpan.app

Validate /tmp/kanpan-p2-dd/Build/Products/Debug-iphonesimulator/Kanpan.app (in target 'Kanpan' from project 'Kanpan')
    cd /Users/mdd/zhk/kanpan-p2/Kanpan
    builtin-validationUtility /tmp/kanpan-p2-dd/Build/Products/Debug-iphonesimulator/Kanpan.app -shallow-bundle -infoplist-subpath Info.plist

ProcessInfoPlistFile /tmp/kanpan-p2-dd/Build/Products/Debug-iphonesimulator/KanpanUITests-Runner.app/PlugIns/KanpanUITests.xctest/Info.plist /tmp/kanpan-p2-dd/Build/Intermediates.noindex/Kanpan.build/Debug-iphonesimulator/KanpanUITests.build/empty-KanpanUITests.plist (in target 'KanpanUITests' from project 'Kanpan')
    cd /Users/mdd/zhk/kanpan-p2/Kanpan
    builtin-infoPlistUtility /tmp/kanpan-p2-dd/Build/Intermediates.noindex/Kanpan.build/Debug-iphonesimulator/KanpanUITests.build/empty-KanpanUITests.plist -producttype com.apple.product-type.bundle.ui-testing -expandbuildsettings -format binary -platform iphonesimulator -additionalcontentfile /tmp/kanpan-p2-dd/Build/Intermediates.noindex/Kanpan.build/Debug-iphonesimulator/KanpanUITests.build/ProductTypeInfoPlistAdditions.plist -o /tmp/kanpan-p2-dd/Build/Products/Debug-iphonesimulator/KanpanUITests-Runner.app/PlugIns/KanpanUITests.xctest/Info.plist

SwiftEmitModule normal arm64 Emitting\ module\ for\ KanpanUITests (in target 'KanpanUITests' from project 'Kanpan')

EmitSwiftModule normal arm64 (in target 'KanpanUITests' from project 'Kanpan')
    cd /Users/mdd/zhk/kanpan-p2/Kanpan
    

SwiftCompile normal arm64 Compiling\ ChartFoundationUITests.swift /Users/mdd/zhk/kanpan-p2/Kanpan/KanpanUITests/ChartFoundationUITests.swift (in target 'KanpanUITests' from project 'Kanpan')
SwiftCompile normal arm64 /Users/mdd/zhk/kanpan-p2/Kanpan/KanpanUITests/ChartFoundationUITests.swift (in target 'KanpanUITests' from project 'Kanpan')
    cd /Users/mdd/zhk/kanpan-p2/Kanpan
    

SwiftEmitModule normal x86_64 Emitting\ module\ for\ KanpanUITests (in target 'KanpanUITests' from project 'Kanpan')

EmitSwiftModule normal x86_64 (in target 'KanpanUITests' from project 'Kanpan')
    cd /Users/mdd/zhk/kanpan-p2/Kanpan
    

SwiftCompile normal x86_64 Compiling\ ChartFoundationUITests.swift /Users/mdd/zhk/kanpan-p2/Kanpan/KanpanUITests/ChartFoundationUITests.swift (in target 'KanpanUITests' from project 'Kanpan')
SwiftCompile normal x86_64 /Users/mdd/zhk/kanpan-p2/Kanpan/KanpanUITests/ChartFoundationUITests.swift (in target 'KanpanUITests' from project 'Kanpan')
    cd /Users/mdd/zhk/kanpan-p2/Kanpan
    

SwiftDriverJobDiscovery normal arm64 Emitting module for KanpanUITests (in target 'KanpanUITests' from project 'Kanpan')

SwiftDriver\ Compilation\ Requirements KanpanUITests normal arm64 com.apple.xcode.tools.swift.compiler (in target 'KanpanUITests' from project 'Kanpan')
    cd /Users/mdd/zhk/kanpan-p2/Kanpan
    builtin-Swift-Compilation-Requirements -- /Applications/Xcode.app/Contents/Developer/Toolchains/XcodeDefault.xctoolchain/usr/bin/swiftc -module-name KanpanUITests -Onone @/tmp/kanpan-p2-dd/Build/Intermediates.noindex/Kanpan.build/Debug-iphonesimulator/KanpanUITests.build/Objects-normal/arm64/KanpanUITests.SwiftFileList -DDEBUG -module-alias Testing\=_Testing_Unavailable -plugin-path /Applications/Xcode.app/Contents/Developer/Toolchains/XcodeDefault.xctoolchain/usr/lib/swift/host/plugins/testing -enable-experimental-feature DebugDescriptionMacro -sdk /Applications/Xcode.app/Contents/Developer/Platforms/iPhoneSimulator.platform/Developer/SDKs/iPhoneSimulator26.5.sdk -target arm64-apple-ios26.0-simulator -g -module-cache-path /tmp/kanpan-p2-dd/ModuleCache.noindex -Xfrontend -serialize-debugging-options -enable-testing -index-store-path /tmp/kanpan-p2-dd/Index.noindex/DataStore -Xcc -D_LIBCPP_HARDENING_MODE\=_LIBCPP_HARDENING_MODE_DEBUG -swift-version 6 -I /tmp/kanpan-p2-dd/Build/Products/Debug-iphonesimulator -Isystem /Applications/Xcode.app/Contents/Developer/Platforms/iPhoneSimulator.platform/Developer/usr/lib -F /tmp/kanpan-p2-dd/Build/Products/Debug-iphonesimulator -F /Applications/Xcode.app/Contents/Developer/Platforms/iPhoneSimulator.platform/Developer/Library/Frameworks -F /Applications/Xcode.app/Contents/Developer/Platforms/iPhoneSimulator.platform/Developer/SDKs/iPhoneSimulator26.5.sdk/Developer/Library/Frameworks -c -j10 -enable-batch-mode -incremental -Xcc -ivfsstatcache -Xcc /tmp/kanpan-p2-dd/SDKStatCaches.noindex/iphonesimulator26.5-23F81a-6cfe768891a92b912361537c460fe42b.sdkstatcache -output-file-map /tmp/kanpan-p2-dd/Build/Intermediates.noindex/Kanpan.build/Debug-iphonesimulator/KanpanUITests.build/Objects-normal/arm64/KanpanUITests-OutputFileMap.json -use-frontend-parseable-output -save-temps -no-color-diagnostics -explicit-module-build -module-cache-path /tmp/kanpan-p2-dd/Build/Intermediates.noindex/SwiftExplicitPrecompiledModules -clang-scanner-module-cache-path /tmp/kanpan-p2-dd/ModuleCache.noindex -sdk-module-cache-path /tmp/kanpan-p2-dd/ModuleCache.noindex -serialize-diagnostics -emit-dependencies -emit-module -emit-module-path /tmp/kanpan-p2-dd/Build/Intermediates.noindex/Kanpan.build/Debug-iphonesimulator/KanpanUITests.build/Objects-normal/arm64/KanpanUITests.swiftmodule -validate-clang-modules-once -clang-build-session-file /tmp/kanpan-p2-dd/ModuleCache.noindex/Session.modulevalidation -Xcc -I/tmp/kanpan-p2-dd/Build/Intermediates.noindex/Kanpan.build/Debug-iphonesimulator/KanpanUITests.build/swift-overrides.hmap -emit-const-values -Xfrontend -const-gather-protocols-file -Xfrontend /tmp/kanpan-p2-dd/Build/Intermediates.noindex/Kanpan.build/Debug-iphonesimulator/KanpanUITests.build/Objects-normal/arm64/KanpanUITests_const_extract_protocols.json -Xcc -iquote -Xcc /tmp/kanpan-p2-dd/Build/Intermediates.noindex/Kanpan.build/Debug-iphonesimulator/KanpanUITests.build/KanpanUITests-generated-files.hmap -Xcc -I/tmp/kanpan-p2-dd/Build/Intermediates.noindex/Kanpan.build/Debug-iphonesimulator/KanpanUITests.build/KanpanUITests-own-target-headers.hmap -Xcc -I/tmp/kanpan-p2-dd/Build/Intermediates.noindex/Kanpan.build/Debug-iphonesimulator/KanpanUITests.build/KanpanUITests-all-non-framework-target-headers.hmap -Xcc -ivfsoverlay -Xcc /tmp/kanpan-p2-dd/Build/Intermediates.noindex/Kanpan.build/Debug-iphonesimulator/Kanpan-88f8e4f6458ff7f878983357411ed85c-VFS-iphonesimulator/all-product-headers.yaml -Xcc -iquote -Xcc /tmp/kanpan-p2-dd/Build/Intermediates.noindex/Kanpan.build/Debug-iphonesimulator/KanpanUITests.build/KanpanUITests-project-headers.hmap -Xcc -I/tmp/kanpan-p2-dd/Build/Products/Debug-iphonesimulator/include -Xcc -I/tmp/kanpan-p2-dd/Build/Intermediates.noindex/Kanpan.build/Debug-iphonesimulator/KanpanUITests.build/DerivedSources-normal/arm64 -Xcc -I/tmp/kanpan-p2-dd/Build/Intermediates.noindex/Kanpan.build/Debug-iphonesimulator/KanpanUITests.build/DerivedSources/arm64 -Xcc -I/tmp/kanpan-p2-dd/Build/Intermediates.noindex/Kanpan.build/Debug-iphonesimulator/KanpanUITests.build/DerivedSources -emit-objc-header -emit-objc-header-path /tmp/kanpan-p2-dd/Build/Intermediates.noindex/Kanpan.build/Debug-iphonesimulator/KanpanUITests.build/Objects-normal/arm64/KanpanUITests-Swift.h -working-directory /Users/mdd/zhk/kanpan-p2/Kanpan -experimental-emit-module-separately -disable-cmo

Copy /tmp/kanpan-p2-dd/Build/Products/Debug-iphonesimulator/KanpanUITests.swiftmodule/Project/arm64-apple-ios-simulator.swiftsourceinfo /tmp/kanpan-p2-dd/Build/Intermediates.noindex/Kanpan.build/Debug-iphonesimulator/KanpanUITests.build/Objects-normal/arm64/KanpanUITests.swiftsourceinfo (in target 'KanpanUITests' from project 'Kanpan')
    cd /Users/mdd/zhk/kanpan-p2/Kanpan
    builtin-copy -exclude .DS_Store -exclude CVS -exclude .svn -exclude .git -exclude .hg -strip-unsigned-binaries -strip-deterministic -strip-tool /Applications/Xcode.app/Contents/Developer/Toolchains/XcodeDefault.xctoolchain/usr/bin/strip -resolve-src-symlinks -rename /tmp/kanpan-p2-dd/Build/Intermediates.noindex/Kanpan.build/Debug-iphonesimulator/KanpanUITests.build/Objects-normal/arm64/KanpanUITests.swiftsourceinfo /tmp/kanpan-p2-dd/Build/Products/Debug-iphonesimulator/KanpanUITests.swiftmodule/Project/arm64-apple-ios-simulator.swiftsourceinfo

Copy /tmp/kanpan-p2-dd/Build/Products/Debug-iphonesimulator/KanpanUITests.swiftmodule/arm64-apple-ios-simulator.abi.json /tmp/kanpan-p2-dd/Build/Intermediates.noindex/Kanpan.build/Debug-iphonesimulator/KanpanUITests.build/Objects-normal/arm64/KanpanUITests.abi.json (in target 'KanpanUITests' from project 'Kanpan')
    cd /Users/mdd/zhk/kanpan-p2/Kanpan
    builtin-copy -exclude .DS_Store -exclude CVS -exclude .svn -exclude .git -exclude .hg -strip-unsigned-binaries -strip-deterministic -strip-tool /Applications/Xcode.app/Contents/Developer/Toolchains/XcodeDefault.xctoolchain/usr/bin/strip -resolve-src-symlinks -rename /tmp/kanpan-p2-dd/Build/Intermediates.noindex/Kanpan.build/Debug-iphonesimulator/KanpanUITests.build/Objects-normal/arm64/KanpanUITests.abi.json /tmp/kanpan-p2-dd/Build/Products/Debug-iphonesimulator/KanpanUITests.swiftmodule/arm64-apple-ios-simulator.abi.json

SwiftDriverJobDiscovery normal x86_64 Emitting module for KanpanUITests (in target 'KanpanUITests' from project 'Kanpan')

SwiftDriver\ Compilation\ Requirements KanpanUITests normal x86_64 com.apple.xcode.tools.swift.compiler (in target 'KanpanUITests' from project 'Kanpan')
    cd /Users/mdd/zhk/kanpan-p2/Kanpan
    builtin-Swift-Compilation-Requirements -- /Applications/Xcode.app/Contents/Developer/Toolchains/XcodeDefault.xctoolchain/usr/bin/swiftc -module-name KanpanUITests -Onone @/tmp/kanpan-p2-dd/Build/Intermediates.noindex/Kanpan.build/Debug-iphonesimulator/KanpanUITests.build/Objects-normal/x86_64/KanpanUITests.SwiftFileList -DDEBUG -module-alias Testing\=_Testing_Unavailable -plugin-path /Applications/Xcode.app/Contents/Developer/Toolchains/XcodeDefault.xctoolchain/usr/lib/swift/host/plugins/testing -enable-experimental-feature DebugDescriptionMacro -sdk /Applications/Xcode.app/Contents/Developer/Platforms/iPhoneSimulator.platform/Developer/SDKs/iPhoneSimulator26.5.sdk -target x86_64-apple-ios26.0-simulator -g -module-cache-path /tmp/kanpan-p2-dd/ModuleCache.noindex -Xfrontend -serialize-debugging-options -enable-testing -index-store-path /tmp/kanpan-p2-dd/Index.noindex/DataStore -Xcc -D_LIBCPP_HARDENING_MODE\=_LIBCPP_HARDENING_MODE_DEBUG -swift-version 6 -I /tmp/kanpan-p2-dd/Build/Products/Debug-iphonesimulator -Isystem /Applications/Xcode.app/Contents/Developer/Platforms/iPhoneSimulator.platform/Developer/usr/lib -F /tmp/kanpan-p2-dd/Build/Products/Debug-iphonesimulator -F /Applications/Xcode.app/Contents/Developer/Platforms/iPhoneSimulator.platform/Developer/Library/Frameworks -F /Applications/Xcode.app/Contents/Developer/Platforms/iPhoneSimulator.platform/Developer/SDKs/iPhoneSimulator26.5.sdk/Developer/Library/Frameworks -c -j10 -enable-batch-mode -incremental -Xcc -ivfsstatcache -Xcc /tmp/kanpan-p2-dd/SDKStatCaches.noindex/iphonesimulator26.5-23F81a-6cfe768891a92b912361537c460fe42b.sdkstatcache -output-file-map /tmp/kanpan-p2-dd/Build/Intermediates.noindex/Kanpan.build/Debug-iphonesimulator/KanpanUITests.build/Objects-normal/x86_64/KanpanUITests-OutputFileMap.json -use-frontend-parseable-output -save-temps -no-color-diagnostics -explicit-module-build -module-cache-path /tmp/kanpan-p2-dd/Build/Intermediates.noindex/SwiftExplicitPrecompiledModules -clang-scanner-module-cache-path /tmp/kanpan-p2-dd/ModuleCache.noindex -sdk-module-cache-path /tmp/kanpan-p2-dd/ModuleCache.noindex -serialize-diagnostics -emit-dependencies -emit-module -emit-module-path /tmp/kanpan-p2-dd/Build/Intermediates.noindex/Kanpan.build/Debug-iphonesimulator/KanpanUITests.build/Objects-normal/x86_64/KanpanUITests.swiftmodule -validate-clang-modules-once -clang-build-session-file /tmp/kanpan-p2-dd/ModuleCache.noindex/Session.modulevalidation -Xcc -I/tmp/kanpan-p2-dd/Build/Intermediates.noindex/Kanpan.build/Debug-iphonesimulator/KanpanUITests.build/swift-overrides.hmap -emit-const-values -Xfrontend -const-gather-protocols-file -Xfrontend /tmp/kanpan-p2-dd/Build/Intermediates.noindex/Kanpan.build/Debug-iphonesimulator/KanpanUITests.build/Objects-normal/x86_64/KanpanUITests_const_extract_protocols.json -Xcc -iquote -Xcc /tmp/kanpan-p2-dd/Build/Intermediates.noindex/Kanpan.build/Debug-iphonesimulator/KanpanUITests.build/KanpanUITests-generated-files.hmap -Xcc -I/tmp/kanpan-p2-dd/Build/Intermediates.noindex/Kanpan.build/Debug-iphonesimulator/KanpanUITests.build/KanpanUITests-own-target-headers.hmap -Xcc -I/tmp/kanpan-p2-dd/Build/Intermediates.noindex/Kanpan.build/Debug-iphonesimulator/KanpanUITests.build/KanpanUITests-all-non-framework-target-headers.hmap -Xcc -ivfsoverlay -Xcc /tmp/kanpan-p2-dd/Build/Intermediates.noindex/Kanpan.build/Debug-iphonesimulator/Kanpan-88f8e4f6458ff7f878983357411ed85c-VFS-iphonesimulator/all-product-headers.yaml -Xcc -iquote -Xcc /tmp/kanpan-p2-dd/Build/Intermediates.noindex/Kanpan.build/Debug-iphonesimulator/KanpanUITests.build/KanpanUITests-project-headers.hmap -Xcc -I/tmp/kanpan-p2-dd/Build/Products/Debug-iphonesimulator/include -Xcc -I/tmp/kanpan-p2-dd/Build/Intermediates.noindex/Kanpan.build/Debug-iphonesimulator/KanpanUITests.build/DerivedSources-normal/x86_64 -Xcc -I/tmp/kanpan-p2-dd/Build/Intermediates.noindex/Kanpan.build/Debug-iphonesimulator/KanpanUITests.build/DerivedSources/x86_64 -Xcc -I/tmp/kanpan-p2-dd/Build/Intermediates.noindex/Kanpan.build/Debug-iphonesimulator/KanpanUITests.build/DerivedSources -emit-objc-header -emit-objc-header-path /tmp/kanpan-p2-dd/Build/Intermediates.noindex/Kanpan.build/Debug-iphonesimulator/KanpanUITests.build/Objects-normal/x86_64/KanpanUITests-Swift.h -working-directory /Users/mdd/zhk/kanpan-p2/Kanpan -experimental-emit-module-separately -disable-cmo

Copy /tmp/kanpan-p2-dd/Build/Products/Debug-iphonesimulator/KanpanUITests.swiftmodule/Project/x86_64-apple-ios-simulator.swiftsourceinfo /tmp/kanpan-p2-dd/Build/Intermediates.noindex/Kanpan.build/Debug-iphonesimulator/KanpanUITests.build/Objects-normal/x86_64/KanpanUITests.swiftsourceinfo (in target 'KanpanUITests' from project 'Kanpan')
    cd /Users/mdd/zhk/kanpan-p2/Kanpan
    builtin-copy -exclude .DS_Store -exclude CVS -exclude .svn -exclude .git -exclude .hg -strip-unsigned-binaries -strip-deterministic -strip-tool /Applications/Xcode.app/Contents/Developer/Toolchains/XcodeDefault.xctoolchain/usr/bin/strip -resolve-src-symlinks -rename /tmp/kanpan-p2-dd/Build/Intermediates.noindex/Kanpan.build/Debug-iphonesimulator/KanpanUITests.build/Objects-normal/x86_64/KanpanUITests.swiftsourceinfo /tmp/kanpan-p2-dd/Build/Products/Debug-iphonesimulator/KanpanUITests.swiftmodule/Project/x86_64-apple-ios-simulator.swiftsourceinfo

Copy /tmp/kanpan-p2-dd/Build/Products/Debug-iphonesimulator/KanpanUITests.swiftmodule/x86_64-apple-ios-simulator.abi.json /tmp/kanpan-p2-dd/Build/Intermediates.noindex/Kanpan.build/Debug-iphonesimulator/KanpanUITests.build/Objects-normal/x86_64/KanpanUITests.abi.json (in target 'KanpanUITests' from project 'Kanpan')
    cd /Users/mdd/zhk/kanpan-p2/Kanpan
    builtin-copy -exclude .DS_Store -exclude CVS -exclude .svn -exclude .git -exclude .hg -strip-unsigned-binaries -strip-deterministic -strip-tool /Applications/Xcode.app/Contents/Developer/Toolchains/XcodeDefault.xctoolchain/usr/bin/strip -resolve-src-symlinks -rename /tmp/kanpan-p2-dd/Build/Intermediates.noindex/Kanpan.build/Debug-iphonesimulator/KanpanUITests.build/Objects-normal/x86_64/KanpanUITests.abi.json /tmp/kanpan-p2-dd/Build/Products/Debug-iphonesimulator/KanpanUITests.swiftmodule/x86_64-apple-ios-simulator.abi.json

SwiftDriverJobDiscovery normal arm64 Compiling ChartFoundationUITests.swift (in target 'KanpanUITests' from project 'Kanpan')

SwiftDriver\ Compilation KanpanUITests normal arm64 com.apple.xcode.tools.swift.compiler (in target 'KanpanUITests' from project 'Kanpan')
    cd /Users/mdd/zhk/kanpan-p2/Kanpan
    builtin-Swift-Compilation -- /Applications/Xcode.app/Contents/Developer/Toolchains/XcodeDefault.xctoolchain/usr/bin/swiftc -module-name KanpanUITests -Onone @/tmp/kanpan-p2-dd/Build/Intermediates.noindex/Kanpan.build/Debug-iphonesimulator/KanpanUITests.build/Objects-normal/arm64/KanpanUITests.SwiftFileList -DDEBUG -module-alias Testing\=_Testing_Unavailable -plugin-path /Applications/Xcode.app/Contents/Developer/Toolchains/XcodeDefault.xctoolchain/usr/lib/swift/host/plugins/testing -enable-experimental-feature DebugDescriptionMacro -sdk /Applications/Xcode.app/Contents/Developer/Platforms/iPhoneSimulator.platform/Developer/SDKs/iPhoneSimulator26.5.sdk -target arm64-apple-ios26.0-simulator -g -module-cache-path /tmp/kanpan-p2-dd/ModuleCache.noindex -Xfrontend -serialize-debugging-options -enable-testing -index-store-path /tmp/kanpan-p2-dd/Index.noindex/DataStore -Xcc -D_LIBCPP_HARDENING_MODE\=_LIBCPP_HARDENING_MODE_DEBUG -swift-version 6 -I /tmp/kanpan-p2-dd/Build/Products/Debug-iphonesimulator -Isystem /Applications/Xcode.app/Contents/Developer/Platforms/iPhoneSimulator.platform/Developer/usr/lib -F /tmp/kanpan-p2-dd/Build/Products/Debug-iphonesimulator -F /Applications/Xcode.app/Contents/Developer/Platforms/iPhoneSimulator.platform/Developer/Library/Frameworks -F /Applications/Xcode.app/Contents/Developer/Platforms/iPhoneSimulator.platform/Developer/SDKs/iPhoneSimulator26.5.sdk/Developer/Library/Frameworks -c -j10 -enable-batch-mode -incremental -Xcc -ivfsstatcache -Xcc /tmp/kanpan-p2-dd/SDKStatCaches.noindex/iphonesimulator26.5-23F81a-6cfe768891a92b912361537c460fe42b.sdkstatcache -output-file-map /tmp/kanpan-p2-dd/Build/Intermediates.noindex/Kanpan.build/Debug-iphonesimulator/KanpanUITests.build/Objects-normal/arm64/KanpanUITests-OutputFileMap.json -use-frontend-parseable-output -save-temps -no-color-diagnostics -explicit-module-build -module-cache-path /tmp/kanpan-p2-dd/Build/Intermediates.noindex/SwiftExplicitPrecompiledModules -clang-scanner-module-cache-path /tmp/kanpan-p2-dd/ModuleCache.noindex -sdk-module-cache-path /tmp/kanpan-p2-dd/ModuleCache.noindex -serialize-diagnostics -emit-dependencies -emit-module -emit-module-path /tmp/kanpan-p2-dd/Build/Intermediates.noindex/Kanpan.build/Debug-iphonesimulator/KanpanUITests.build/Objects-normal/arm64/KanpanUITests.swiftmodule -validate-clang-modules-once -clang-build-session-file /tmp/kanpan-p2-dd/ModuleCache.noindex/Session.modulevalidation -Xcc -I/tmp/kanpan-p2-dd/Build/Intermediates.noindex/Kanpan.build/Debug-iphonesimulator/KanpanUITests.build/swift-overrides.hmap -emit-const-values -Xfrontend -const-gather-protocols-file -Xfrontend /tmp/kanpan-p2-dd/Build/Intermediates.noindex/Kanpan.build/Debug-iphonesimulator/KanpanUITests.build/Objects-normal/arm64/KanpanUITests_const_extract_protocols.json -Xcc -iquote -Xcc /tmp/kanpan-p2-dd/Build/Intermediates.noindex/Kanpan.build/Debug-iphonesimulator/KanpanUITests.build/KanpanUITests-generated-files.hmap -Xcc -I/tmp/kanpan-p2-dd/Build/Intermediates.noindex/Kanpan.build/Debug-iphonesimulator/KanpanUITests.build/KanpanUITests-own-target-headers.hmap -Xcc -I/tmp/kanpan-p2-dd/Build/Intermediates.noindex/Kanpan.build/Debug-iphonesimulator/KanpanUITests.build/KanpanUITests-all-non-framework-target-headers.hmap -Xcc -ivfsoverlay -Xcc /tmp/kanpan-p2-dd/Build/Intermediates.noindex/Kanpan.build/Debug-iphonesimulator/Kanpan-88f8e4f6458ff7f878983357411ed85c-VFS-iphonesimulator/all-product-headers.yaml -Xcc -iquote -Xcc /tmp/kanpan-p2-dd/Build/Intermediates.noindex/Kanpan.build/Debug-iphonesimulator/KanpanUITests.build/KanpanUITests-project-headers.hmap -Xcc -I/tmp/kanpan-p2-dd/Build/Products/Debug-iphonesimulator/include -Xcc -I/tmp/kanpan-p2-dd/Build/Intermediates.noindex/Kanpan.build/Debug-iphonesimulator/KanpanUITests.build/DerivedSources-normal/arm64 -Xcc -I/tmp/kanpan-p2-dd/Build/Intermediates.noindex/Kanpan.build/Debug-iphonesimulator/KanpanUITests.build/DerivedSources/arm64 -Xcc -I/tmp/kanpan-p2-dd/Build/Intermediates.noindex/Kanpan.build/Debug-iphonesimulator/KanpanUITests.build/DerivedSources -emit-objc-header -emit-objc-header-path /tmp/kanpan-p2-dd/Build/Intermediates.noindex/Kanpan.build/Debug-iphonesimulator/KanpanUITests.build/Objects-normal/arm64/KanpanUITests-Swift.h -working-directory /Users/mdd/zhk/kanpan-p2/Kanpan -experimental-emit-module-separately -disable-cmo

Ld /tmp/kanpan-p2-dd/Build/Intermediates.noindex/Kanpan.build/Debug-iphonesimulator/KanpanUITests.build/Objects-normal/arm64/Binary/KanpanUITests normal arm64 (in target 'KanpanUITests' from project 'Kanpan')
    cd /Users/mdd/zhk/kanpan-p2/Kanpan
    /Applications/Xcode.app/Contents/Developer/Toolchains/XcodeDefault.xctoolchain/usr/bin/clang -Xlinker -reproducible -target arm64-apple-ios26.0-simulator -bundle -isysroot /Applications/Xcode.app/Contents/Developer/Platforms/iPhoneSimulator.platform/Developer/SDKs/iPhoneSimulator26.5.sdk -O0 -L/tmp/kanpan-p2-dd/Build/Intermediates.noindex/EagerLinkingTBDs/Debug-iphonesimulator -L/tmp/kanpan-p2-dd/Build/Products/Debug-iphonesimulator -L/Applications/Xcode.app/Contents/Developer/Platforms/iPhoneSimulator.platform/Developer/usr/lib -F/tmp/kanpan-p2-dd/Build/Intermediates.noindex/EagerLinkingTBDs/Debug-iphonesimulator -F/tmp/kanpan-p2-dd/Build/Products/Debug-iphonesimulator -iframework /Applications/Xcode.app/Contents/Developer/Platforms/iPhoneSimulator.platform/Developer/Library/Frameworks -iframework /Applications/Xcode.app/Contents/Developer/Platforms/iPhoneSimulator.platform/Developer/SDKs/iPhoneSimulator26.5.sdk/Developer/Library/Frameworks -filelist /tmp/kanpan-p2-dd/Build/Intermediates.noindex/Kanpan.build/Debug-iphonesimulator/KanpanUITests.build/Objects-normal/arm64/KanpanUITests.LinkFileList -Xlinker -rpath -Xlinker @loader_path/Frameworks -Xlinker -dead_strip -Xlinker -object_path_lto -Xlinker /tmp/kanpan-p2-dd/Build/Intermediates.noindex/Kanpan.build/Debug-iphonesimulator/KanpanUITests.build/Objects-normal/arm64/KanpanUITests_lto.o -rdynamic -Xlinker -no_deduplicate -Xlinker -objc_abi_version -Xlinker 2 -Xlinker -dependency_info -Xlinker /tmp/kanpan-p2-dd/Build/Intermediates.noindex/Kanpan.build/Debug-iphonesimulator/KanpanUITests.build/Objects-normal/arm64/KanpanUITests_dependency_info.dat -fobjc-link-runtime -L/Applications/Xcode.app/Contents/Developer/Toolchains/XcodeDefault.xctoolchain/usr/lib/swift/iphonesimulator -L/usr/lib/swift -Xlinker -add_ast_path -Xlinker /tmp/kanpan-p2-dd/Build/Intermediates.noindex/Kanpan.build/Debug-iphonesimulator/KanpanUITests.build/Objects-normal/arm64/KanpanUITests.swiftmodule @/tmp/kanpan-p2-dd/Build/Intermediates.noindex/Kanpan.build/Debug-iphonesimulator/KanpanUITests.build/Objects-normal/arm64/KanpanUITests-linker-args.resp -Xlinker -needed_framework -Xlinker XCTest -framework XCTest -Xlinker -needed-lXCTestSwiftSupport -lXCTestSwiftSupport -Xlinker -sectcreate -Xlinker __TEXT -Xlinker __entitlements -Xlinker /tmp/kanpan-p2-dd/Build/Intermediates.noindex/Kanpan.build/Debug-iphonesimulator/KanpanUITests.build/KanpanUITests.xctest-Simulated.xcent -Xlinker -sectcreate -Xlinker __TEXT -Xlinker __ents_der -Xlinker /tmp/kanpan-p2-dd/Build/Intermediates.noindex/Kanpan.build/Debug-iphonesimulator/KanpanUITests.build/KanpanUITests.xctest-Simulated.xcent.der -Xlinker -no_adhoc_codesign -o /tmp/kanpan-p2-dd/Build/Intermediates.noindex/Kanpan.build/Debug-iphonesimulator/KanpanUITests.build/Objects-normal/arm64/Binary/KanpanUITests

SwiftDriverJobDiscovery normal x86_64 Compiling ChartFoundationUITests.swift (in target 'KanpanUITests' from project 'Kanpan')

SwiftDriver\ Compilation KanpanUITests normal x86_64 com.apple.xcode.tools.swift.compiler (in target 'KanpanUITests' from project 'Kanpan')
    cd /Users/mdd/zhk/kanpan-p2/Kanpan
    builtin-Swift-Compilation -- /Applications/Xcode.app/Contents/Developer/Toolchains/XcodeDefault.xctoolchain/usr/bin/swiftc -module-name KanpanUITests -Onone @/tmp/kanpan-p2-dd/Build/Intermediates.noindex/Kanpan.build/Debug-iphonesimulator/KanpanUITests.build/Objects-normal/x86_64/KanpanUITests.SwiftFileList -DDEBUG -module-alias Testing\=_Testing_Unavailable -plugin-path /Applications/Xcode.app/Contents/Developer/Toolchains/XcodeDefault.xctoolchain/usr/lib/swift/host/plugins/testing -enable-experimental-feature DebugDescriptionMacro -sdk /Applications/Xcode.app/Contents/Developer/Platforms/iPhoneSimulator.platform/Developer/SDKs/iPhoneSimulator26.5.sdk -target x86_64-apple-ios26.0-simulator -g -module-cache-path /tmp/kanpan-p2-dd/ModuleCache.noindex -Xfrontend -serialize-debugging-options -enable-testing -index-store-path /tmp/kanpan-p2-dd/Index.noindex/DataStore -Xcc -D_LIBCPP_HARDENING_MODE\=_LIBCPP_HARDENING_MODE_DEBUG -swift-version 6 -I /tmp/kanpan-p2-dd/Build/Products/Debug-iphonesimulator -Isystem /Applications/Xcode.app/Contents/Developer/Platforms/iPhoneSimulator.platform/Developer/usr/lib -F /tmp/kanpan-p2-dd/Build/Products/Debug-iphonesimulator -F /Applications/Xcode.app/Contents/Developer/Platforms/iPhoneSimulator.platform/Developer/Library/Frameworks -F /Applications/Xcode.app/Contents/Developer/Platforms/iPhoneSimulator.platform/Developer/SDKs/iPhoneSimulator26.5.sdk/Developer/Library/Frameworks -c -j10 -enable-batch-mode -incremental -Xcc -ivfsstatcache -Xcc /tmp/kanpan-p2-dd/SDKStatCaches.noindex/iphonesimulator26.5-23F81a-6cfe768891a92b912361537c460fe42b.sdkstatcache -output-file-map /tmp/kanpan-p2-dd/Build/Intermediates.noindex/Kanpan.build/Debug-iphonesimulator/KanpanUITests.build/Objects-normal/x86_64/KanpanUITests-OutputFileMap.json -use-frontend-parseable-output -save-temps -no-color-diagnostics -explicit-module-build -module-cache-path /tmp/kanpan-p2-dd/Build/Intermediates.noindex/SwiftExplicitPrecompiledModules -clang-scanner-module-cache-path /tmp/kanpan-p2-dd/ModuleCache.noindex -sdk-module-cache-path /tmp/kanpan-p2-dd/ModuleCache.noindex -serialize-diagnostics -emit-dependencies -emit-module -emit-module-path /tmp/kanpan-p2-dd/Build/Intermediates.noindex/Kanpan.build/Debug-iphonesimulator/KanpanUITests.build/Objects-normal/x86_64/KanpanUITests.swiftmodule -validate-clang-modules-once -clang-build-session-file /tmp/kanpan-p2-dd/ModuleCache.noindex/Session.modulevalidation -Xcc -I/tmp/kanpan-p2-dd/Build/Intermediates.noindex/Kanpan.build/Debug-iphonesimulator/KanpanUITests.build/swift-overrides.hmap -emit-const-values -Xfrontend -const-gather-protocols-file -Xfrontend /tmp/kanpan-p2-dd/Build/Intermediates.noindex/Kanpan.build/Debug-iphonesimulator/KanpanUITests.build/Objects-normal/x86_64/KanpanUITests_const_extract_protocols.json -Xcc -iquote -Xcc /tmp/kanpan-p2-dd/Build/Intermediates.noindex/Kanpan.build/Debug-iphonesimulator/KanpanUITests.build/KanpanUITests-generated-files.hmap -Xcc -I/tmp/kanpan-p2-dd/Build/Intermediates.noindex/Kanpan.build/Debug-iphonesimulator/KanpanUITests.build/KanpanUITests-own-target-headers.hmap -Xcc -I/tmp/kanpan-p2-dd/Build/Intermediates.noindex/Kanpan.build/Debug-iphonesimulator/KanpanUITests.build/KanpanUITests-all-non-framework-target-headers.hmap -Xcc -ivfsoverlay -Xcc /tmp/kanpan-p2-dd/Build/Intermediates.noindex/Kanpan.build/Debug-iphonesimulator/Kanpan-88f8e4f6458ff7f878983357411ed85c-VFS-iphonesimulator/all-product-headers.yaml -Xcc -iquote -Xcc /tmp/kanpan-p2-dd/Build/Intermediates.noindex/Kanpan.build/Debug-iphonesimulator/KanpanUITests.build/KanpanUITests-project-headers.hmap -Xcc -I/tmp/kanpan-p2-dd/Build/Products/Debug-iphonesimulator/include -Xcc -I/tmp/kanpan-p2-dd/Build/Intermediates.noindex/Kanpan.build/Debug-iphonesimulator/KanpanUITests.build/DerivedSources-normal/x86_64 -Xcc -I/tmp/kanpan-p2-dd/Build/Intermediates.noindex/Kanpan.build/Debug-iphonesimulator/KanpanUITests.build/DerivedSources/x86_64 -Xcc -I/tmp/kanpan-p2-dd/Build/Intermediates.noindex/Kanpan.build/Debug-iphonesimulator/KanpanUITests.build/DerivedSources -emit-objc-header -emit-objc-header-path /tmp/kanpan-p2-dd/Build/Intermediates.noindex/Kanpan.build/Debug-iphonesimulator/KanpanUITests.build/Objects-normal/x86_64/KanpanUITests-Swift.h -working-directory /Users/mdd/zhk/kanpan-p2/Kanpan -experimental-emit-module-separately -disable-cmo

Ld /tmp/kanpan-p2-dd/Build/Intermediates.noindex/Kanpan.build/Debug-iphonesimulator/KanpanUITests.build/Objects-normal/x86_64/Binary/KanpanUITests normal x86_64 (in target 'KanpanUITests' from project 'Kanpan')
    cd /Users/mdd/zhk/kanpan-p2/Kanpan
    /Applications/Xcode.app/Contents/Developer/Toolchains/XcodeDefault.xctoolchain/usr/bin/clang -Xlinker -reproducible -target x86_64-apple-ios26.0-simulator -bundle -isysroot /Applications/Xcode.app/Contents/Developer/Platforms/iPhoneSimulator.platform/Developer/SDKs/iPhoneSimulator26.5.sdk -O0 -L/tmp/kanpan-p2-dd/Build/Intermediates.noindex/EagerLinkingTBDs/Debug-iphonesimulator -L/tmp/kanpan-p2-dd/Build/Products/Debug-iphonesimulator -L/Applications/Xcode.app/Contents/Developer/Platforms/iPhoneSimulator.platform/Developer/usr/lib -F/tmp/kanpan-p2-dd/Build/Intermediates.noindex/EagerLinkingTBDs/Debug-iphonesimulator -F/tmp/kanpan-p2-dd/Build/Products/Debug-iphonesimulator -iframework /Applications/Xcode.app/Contents/Developer/Platforms/iPhoneSimulator.platform/Developer/Library/Frameworks -iframework /Applications/Xcode.app/Contents/Developer/Platforms/iPhoneSimulator.platform/Developer/SDKs/iPhoneSimulator26.5.sdk/Developer/Library/Frameworks -filelist /tmp/kanpan-p2-dd/Build/Intermediates.noindex/Kanpan.build/Debug-iphonesimulator/KanpanUITests.build/Objects-normal/x86_64/KanpanUITests.LinkFileList -Xlinker -rpath -Xlinker @loader_path/Frameworks -Xlinker -dead_strip -Xlinker -object_path_lto -Xlinker /tmp/kanpan-p2-dd/Build/Intermediates.noindex/Kanpan.build/Debug-iphonesimulator/KanpanUITests.build/Objects-normal/x86_64/KanpanUITests_lto.o -rdynamic -Xlinker -no_deduplicate -Xlinker -objc_abi_version -Xlinker 2 -Xlinker -dependency_info -Xlinker /tmp/kanpan-p2-dd/Build/Intermediates.noindex/Kanpan.build/Debug-iphonesimulator/KanpanUITests.build/Objects-normal/x86_64/KanpanUITests_dependency_info.dat -fobjc-link-runtime -L/Applications/Xcode.app/Contents/Developer/Toolchains/XcodeDefault.xctoolchain/usr/lib/swift/iphonesimulator -L/usr/lib/swift -Xlinker -add_ast_path -Xlinker /tmp/kanpan-p2-dd/Build/Intermediates.noindex/Kanpan.build/Debug-iphonesimulator/KanpanUITests.build/Objects-normal/x86_64/KanpanUITests.swiftmodule @/tmp/kanpan-p2-dd/Build/Intermediates.noindex/Kanpan.build/Debug-iphonesimulator/KanpanUITests.build/Objects-normal/x86_64/KanpanUITests-linker-args.resp -Xlinker -needed_framework -Xlinker XCTest -framework XCTest -Xlinker -needed-lXCTestSwiftSupport -lXCTestSwiftSupport -Xlinker -sectcreate -Xlinker __TEXT -Xlinker __entitlements -Xlinker /tmp/kanpan-p2-dd/Build/Intermediates.noindex/Kanpan.build/Debug-iphonesimulator/KanpanUITests.build/KanpanUITests.xctest-Simulated.xcent -Xlinker -sectcreate -Xlinker __TEXT -Xlinker __ents_der -Xlinker /tmp/kanpan-p2-dd/Build/Intermediates.noindex/Kanpan.build/Debug-iphonesimulator/KanpanUITests.build/KanpanUITests.xctest-Simulated.xcent.der -Xlinker -no_adhoc_codesign -o /tmp/kanpan-p2-dd/Build/Intermediates.noindex/Kanpan.build/Debug-iphonesimulator/KanpanUITests.build/Objects-normal/x86_64/Binary/KanpanUITests

CreateUniversalBinary /tmp/kanpan-p2-dd/Build/Products/Debug-iphonesimulator/KanpanUITests-Runner.app/PlugIns/KanpanUITests.xctest/KanpanUITests normal arm64\ x86_64 (in target 'KanpanUITests' from project 'Kanpan')
    cd /Users/mdd/zhk/kanpan-p2/Kanpan
    /Applications/Xcode.app/Contents/Developer/Toolchains/XcodeDefault.xctoolchain/usr/bin/lipo -create /tmp/kanpan-p2-dd/Build/Intermediates.noindex/Kanpan.build/Debug-iphonesimulator/KanpanUITests.build/Objects-normal/arm64/Binary/KanpanUITests /tmp/kanpan-p2-dd/Build/Intermediates.noindex/Kanpan.build/Debug-iphonesimulator/KanpanUITests.build/Objects-normal/x86_64/Binary/KanpanUITests -output /tmp/kanpan-p2-dd/Build/Products/Debug-iphonesimulator/KanpanUITests-Runner.app/PlugIns/KanpanUITests.xctest/KanpanUITests

CopySwiftLibs /tmp/kanpan-p2-dd/Build/Products/Debug-iphonesimulator/KanpanUITests-Runner.app/PlugIns/KanpanUITests.xctest (in target 'KanpanUITests' from project 'Kanpan')
    cd /Users/mdd/zhk/kanpan-p2/Kanpan
    builtin-swiftStdLibTool --copy --verbose --sign - --scan-executable /tmp/kanpan-p2-dd/Build/Products/Debug-iphonesimulator/KanpanUITests-Runner.app/PlugIns/KanpanUITests.xctest/KanpanUITests --scan-folder /tmp/kanpan-p2-dd/Build/Products/Debug-iphonesimulator/KanpanUITests-Runner.app/PlugIns/KanpanUITests.xctest/Frameworks --scan-folder /tmp/kanpan-p2-dd/Build/Products/Debug-iphonesimulator/KanpanUITests-Runner.app/PlugIns/KanpanUITests.xctest/PlugIns --scan-folder /tmp/kanpan-p2-dd/Build/Products/Debug-iphonesimulator/KanpanUITests-Runner.app/PlugIns/KanpanUITests.xctest/SystemExtensions --scan-folder /tmp/kanpan-p2-dd/Build/Products/Debug-iphonesimulator/KanpanUITests-Runner.app/PlugIns/KanpanUITests.xctest/Extensions --platform iphonesimulator --toolchain /Applications/Xcode.app/Contents/Developer/Toolchains/XcodeDefault.xctoolchain --destination /tmp/kanpan-p2-dd/Build/Products/Debug-iphonesimulator/KanpanUITests-Runner.app/PlugIns/KanpanUITests.xctest/Frameworks --strip-bitcode --scan-executable /Applications/Xcode.app/Contents/Developer/Platforms/iPhoneSimulator.platform/Developer/usr/lib/libXCTestSwiftSupport.dylib --strip-bitcode-tool /Applications/Xcode.app/Contents/Developer/Toolchains/XcodeDefault.xctoolchain/usr/bin/bitcode_strip --emit-dependency-info /tmp/kanpan-p2-dd/Build/Intermediates.noindex/Kanpan.build/Debug-iphonesimulator/KanpanUITests.build/SwiftStdLibToolInputDependencies.dep --filter-for-swift-os

ExtractAppIntentsMetadata (in target 'KanpanUITests' from project 'Kanpan')
    cd /Users/mdd/zhk/kanpan-p2/Kanpan
    /Applications/Xcode.app/Contents/Developer/Toolchains/XcodeDefault.xctoolchain/usr/bin/appintentsmetadataprocessor --toolchain-dir /Applications/Xcode.app/Contents/Developer/Toolchains/XcodeDefault.xctoolchain --module-name KanpanUITests --sdk-root /Applications/Xcode.app/Contents/Developer/Platforms/iPhoneSimulator.platform/Developer/SDKs/iPhoneSimulator26.5.sdk --xcode-version 17F113 --platform-family iOS --deployment-target 26.0 --bundle-identifier com.mdd.kanpan.uitests --output /tmp/kanpan-p2-dd/Build/Products/Debug-iphonesimulator/KanpanUITests-Runner.app/PlugIns/KanpanUITests.xctest --target-triple arm64-apple-ios26.0-simulator --target-triple x86_64-apple-ios26.0-simulator --binary-file /tmp/kanpan-p2-dd/Build/Products/Debug-iphonesimulator/KanpanUITests-Runner.app/PlugIns/KanpanUITests.xctest/KanpanUITests --dependency-file /tmp/kanpan-p2-dd/Build/Intermediates.noindex/Kanpan.build/Debug-iphonesimulator/KanpanUITests.build/Objects-normal/arm64/KanpanUITests_dependency_info.dat --dependency-file /tmp/kanpan-p2-dd/Build/Intermediates.noindex/Kanpan.build/Debug-iphonesimulator/KanpanUITests.build/Objects-normal/x86_64/KanpanUITests_dependency_info.dat --stringsdata-file /tmp/kanpan-p2-dd/Build/Intermediates.noindex/Kanpan.build/Debug-iphonesimulator/KanpanUITests.build/Objects-normal/arm64/ExtractedAppShortcutsMetadata.stringsdata --stringsdata-file /tmp/kanpan-p2-dd/Build/Intermediates.noindex/Kanpan.build/Debug-iphonesimulator/KanpanUITests.build/Objects-normal/x86_64/ExtractedAppShortcutsMetadata.stringsdata --source-file-list /tmp/kanpan-p2-dd/Build/Intermediates.noindex/Kanpan.build/Debug-iphonesimulator/KanpanUITests.build/Objects-normal/arm64/KanpanUITests.SwiftFileList --source-file-list /tmp/kanpan-p2-dd/Build/Intermediates.noindex/Kanpan.build/Debug-iphonesimulator/KanpanUITests.build/Objects-normal/x86_64/KanpanUITests.SwiftFileList --metadata-file-list /tmp/kanpan-p2-dd/Build/Intermediates.noindex/Kanpan.build/Debug-iphonesimulator/KanpanUITests.build/KanpanUITests.DependencyMetadataFileList --static-metadata-file-list /tmp/kanpan-p2-dd/Build/Intermediates.noindex/Kanpan.build/Debug-iphonesimulator/KanpanUITests.build/KanpanUITests.DependencyStaticMetadataFileList --swift-const-vals-list /tmp/kanpan-p2-dd/Build/Intermediates.noindex/Kanpan.build/Debug-iphonesimulator/KanpanUITests.build/Objects-normal/arm64/KanpanUITests.SwiftConstValuesFileList --swift-const-vals-list /tmp/kanpan-p2-dd/Build/Intermediates.noindex/Kanpan.build/Debug-iphonesimulator/KanpanUITests.build/Objects-normal/x86_64/KanpanUITests.SwiftConstValuesFileList --compile-time-extraction --deployment-aware-processing --validate-assistant-intents --no-app-shortcuts-localization
2026-09-23 02:54:46.056 appintentsmetadataprocessor[71881:5315303] Starting appintentsmetadataprocessor export
2026-09-23 02:54:46.074 appintentsmetadataprocessor[71881:5315303] warning: Metadata extraction skipped. No AppIntents.framework dependency found.

CodeSign /tmp/kanpan-p2-dd/Build/Products/Debug-iphonesimulator/KanpanUITests-Runner.app/PlugIns/KanpanUITests.xctest (in target 'KanpanUITests' from project 'Kanpan')
    cd /Users/mdd/zhk/kanpan-p2/Kanpan
    
    Signing Identity:     "Sign to Run Locally"
    
    /usr/bin/codesign --force --sign - --timestamp\=none --generate-entitlement-der /tmp/kanpan-p2-dd/Build/Products/Debug-iphonesimulator/KanpanUITests-Runner.app/PlugIns/KanpanUITests.xctest

CodeSign /tmp/kanpan-p2-dd/Build/Products/Debug-iphonesimulator/KanpanUITests-Runner.app (in target 'KanpanUITests' from project 'Kanpan')
    cd /Users/mdd/zhk/kanpan-p2/Kanpan
    
    Signing Identity:     "Sign to Run Locally"
    
    /usr/bin/codesign --force --sign - --timestamp\=none --generate-entitlement-der /tmp/kanpan-p2-dd/Build/Products/Debug-iphonesimulator/KanpanUITests-Runner.app
/tmp/kanpan-p2-dd/Build/Products/Debug-iphonesimulator/KanpanUITests-Runner.app: replacing existing signature

** TEST BUILD SUCCEEDED **

