Command line invocation:
    /Applications/Xcode.app/Contents/Developer/usr/bin/xcodebuild build-for-testing -workspace Kanpan.xcworkspace -scheme Kanpan -destination generic/platform=iOS -derivedDataPath DerivedData-chart-foundation-device -allowProvisioningUpdates

Resolve Package Graph


Resolved source packages:
  KanpanChart: /Users/mdd/zhk/kanpan/KanpanChart @ local
  KanpanData: /Users/mdd/zhk/kanpan/KanpanData @ local
  KanpanCore: /Users/mdd/zhk/kanpan/KanpanCore @ local

ComputePackagePrebuildTargetDependencyGraph

Prepare packages

CreateBuildRequest

SendProjectDescription

CreateBuildOperation

ComputeTargetDependencyGraph
note: Building targets in dependency order
note: Target dependency graph (8 targets)
    Target 'KanpanUITests' in project 'Kanpan'
        ➜ Explicit dependency on target 'Kanpan' in project 'Kanpan'
    Target 'Kanpan' in project 'Kanpan'
        ➜ Explicit dependency on target 'KanpanCore' in project 'KanpanCore'
        ➜ Explicit dependency on target 'KanpanChart' in project 'KanpanChart'
        ➜ Explicit dependency on target 'KanpanData' in project 'KanpanData'
    Target 'KanpanData' in project 'KanpanData'
        ➜ Explicit dependency on target 'KanpanData' in project 'KanpanData'
        ➜ Explicit dependency on target 'KanpanCore' in project 'KanpanCore'
    Target 'KanpanData' in project 'KanpanData'
        ➜ Explicit dependency on target 'KanpanCore' in project 'KanpanCore'
    Target 'KanpanChart' in project 'KanpanChart'
        ➜ Explicit dependency on target 'KanpanChart' in project 'KanpanChart'
        ➜ Explicit dependency on target 'KanpanCore' in project 'KanpanCore'
    Target 'KanpanChart' in project 'KanpanChart'
        ➜ Explicit dependency on target 'KanpanCore' in project 'KanpanCore'
    Target 'KanpanCore' in project 'KanpanCore'
        ➜ Explicit dependency on target 'KanpanCore' in project 'KanpanCore'
    Target 'KanpanCore' in project 'KanpanCore' (no dependencies)

GatherProvisioningInputs

CreateBuildDescription

ExecuteExternalTool /Applications/Xcode.app/Contents/Developer/Toolchains/XcodeDefault.xctoolchain/usr/bin/swiftc --version

ExecuteExternalTool /Applications/Xcode.app/Contents/Developer/usr/bin/actool --print-asset-tag-combinations --output-format xml1 /Users/mdd/zhk/kanpan/Kanpan/Kanpan/Assets.xcassets

ExecuteExternalTool /Applications/Xcode.app/Contents/Developer/Toolchains/XcodeDefault.xctoolchain/usr/bin/clang -v -E -dM -isysroot /Applications/Xcode.app/Contents/Developer/Platforms/iPhoneOS.platform/Developer/SDKs/iPhoneOS26.5.sdk -x c -c /dev/null

ExecuteExternalTool /Applications/Xcode.app/Contents/Developer/usr/bin/actool --version --output-format xml1

ExecuteExternalTool /Applications/Xcode.app/Contents/Developer/Toolchains/XcodeDefault.xctoolchain/usr/bin/ld -version_details

Build description signature: f384d0bd9b03db3f1ab21c853e762cf2
Build description path: /Users/mdd/zhk/kanpan/DerivedData-chart-foundation-device/Build/Intermediates.noindex/XCBuildData/f384d0bd9b03db3f1ab21c853e762cf2.xcbuilddata
ClangStatCache /Applications/Xcode.app/Contents/Developer/Toolchains/XcodeDefault.xctoolchain/usr/bin/clang-stat-cache /Applications/Xcode.app/Contents/Developer/Platforms/iPhoneOS.platform/Developer/SDKs/iPhoneOS26.5.sdk /Users/mdd/zhk/kanpan/DerivedData-chart-foundation-device/SDKStatCaches.noindex/iphoneos26.5-23F81a-32daed1954a7d5dd0789fcaf2a9bb78b.sdkstatcache
    cd /Users/mdd/zhk/kanpan
    /Applications/Xcode.app/Contents/Developer/Toolchains/XcodeDefault.xctoolchain/usr/bin/clang-stat-cache /Applications/Xcode.app/Contents/Developer/Platforms/iPhoneOS.platform/Developer/SDKs/iPhoneOS26.5.sdk -o /Users/mdd/zhk/kanpan/DerivedData-chart-foundation-device/SDKStatCaches.noindex/iphoneos26.5-23F81a-32daed1954a7d5dd0789fcaf2a9bb78b.sdkstatcache

CreateBuildDirectory /Users/mdd/zhk/kanpan/DerivedData-chart-foundation-device/Build/Intermediates.noindex
    cd /Users/mdd/zhk/kanpan
    builtin-create-build-directory /Users/mdd/zhk/kanpan/DerivedData-chart-foundation-device/Build/Intermediates.noindex

CreateBuildDirectory /Users/mdd/zhk/kanpan/DerivedData-chart-foundation-device/Build/Products
    cd /Users/mdd/zhk/kanpan
    builtin-create-build-directory /Users/mdd/zhk/kanpan/DerivedData-chart-foundation-device/Build/Products

CreateBuildDirectory /Users/mdd/zhk/kanpan/DerivedData-chart-foundation-device/Build/Intermediates.noindex/SwiftExplicitPrecompiledModules
    cd /Users/mdd/zhk/kanpan
    builtin-create-build-directory /Users/mdd/zhk/kanpan/DerivedData-chart-foundation-device/Build/Intermediates.noindex/SwiftExplicitPrecompiledModules

CreateBuildDirectory /Users/mdd/zhk/kanpan/DerivedData-chart-foundation-device/Build/Intermediates.noindex/ExplicitPrecompiledModules
    cd /Users/mdd/zhk/kanpan
    builtin-create-build-directory /Users/mdd/zhk/kanpan/DerivedData-chart-foundation-device/Build/Intermediates.noindex/ExplicitPrecompiledModules

WriteAuxiliaryFile /Users/mdd/zhk/kanpan/DerivedData-chart-foundation-device/Build/Intermediates.noindex/Kanpan.build/Debug-iphoneos/Kanpan-88f8e4f6458ff7f878983357411ed85c-VFS-iphoneos/all-product-headers.yaml
    cd /Users/mdd/zhk/kanpan
    write-file /Users/mdd/zhk/kanpan/DerivedData-chart-foundation-device/Build/Intermediates.noindex/Kanpan.build/Debug-iphoneos/Kanpan-88f8e4f6458ff7f878983357411ed85c-VFS-iphoneos/all-product-headers.yaml

CreateBuildDirectory /Users/mdd/zhk/kanpan/DerivedData-chart-foundation-device/Build/Intermediates.noindex/EagerLinkingTBDs/Debug-iphoneos
    cd /Users/mdd/zhk/kanpan
    builtin-create-build-directory /Users/mdd/zhk/kanpan/DerivedData-chart-foundation-device/Build/Intermediates.noindex/EagerLinkingTBDs/Debug-iphoneos

CreateBuildDirectory /Users/mdd/zhk/kanpan/DerivedData-chart-foundation-device/Build/Products/Debug-iphoneos
    cd /Users/mdd/zhk/kanpan
    builtin-create-build-directory /Users/mdd/zhk/kanpan/DerivedData-chart-foundation-device/Build/Products/Debug-iphoneos

CreateBuildDirectory /Users/mdd/zhk/kanpan/DerivedData-chart-foundation-device/Build/Products/Debug-iphoneos/PackageFrameworks
    cd /Users/mdd/zhk/kanpan
    builtin-create-build-directory /Users/mdd/zhk/kanpan/DerivedData-chart-foundation-device/Build/Products/Debug-iphoneos/PackageFrameworks

WriteAuxiliaryFile /Users/mdd/zhk/kanpan/DerivedData-chart-foundation-device/Build/Intermediates.noindex/Kanpan.build/Debug-iphoneos/KanpanUITests.build/ProductTypeInfoPlistAdditions.plist (in target 'KanpanUITests' from project 'Kanpan')
    cd /Users/mdd/zhk/kanpan/Kanpan
    write-file /Users/mdd/zhk/kanpan/DerivedData-chart-foundation-device/Build/Intermediates.noindex/Kanpan.build/Debug-iphoneos/KanpanUITests.build/ProductTypeInfoPlistAdditions.plist

WriteAuxiliaryFile /Users/mdd/zhk/kanpan/DerivedData-chart-foundation-device/Build/Intermediates.noindex/Kanpan.build/Debug-iphoneos/Kanpan.build/Objects-normal/arm64/Kanpan_const_extract_protocols.json (in target 'Kanpan' from project 'Kanpan')
    cd /Users/mdd/zhk/kanpan/Kanpan
    write-file /Users/mdd/zhk/kanpan/DerivedData-chart-foundation-device/Build/Intermediates.noindex/Kanpan.build/Debug-iphoneos/Kanpan.build/Objects-normal/arm64/Kanpan_const_extract_protocols.json

WriteAuxiliaryFile /Users/mdd/zhk/kanpan/DerivedData-chart-foundation-device/Build/Intermediates.noindex/Kanpan.build/Debug-iphoneos/KanpanUITests.build/Objects-normal/arm64/KanpanUITests.SwiftFileList (in target 'KanpanUITests' from project 'Kanpan')
    cd /Users/mdd/zhk/kanpan/Kanpan
    write-file /Users/mdd/zhk/kanpan/DerivedData-chart-foundation-device/Build/Intermediates.noindex/Kanpan.build/Debug-iphoneos/KanpanUITests.build/Objects-normal/arm64/KanpanUITests.SwiftFileList

WriteAuxiliaryFile /Users/mdd/zhk/kanpan/DerivedData-chart-foundation-device/Build/Intermediates.noindex/Kanpan.build/Debug-iphoneos/KanpanUITests.build/Objects-normal/arm64/KanpanUITests_const_extract_protocols.json (in target 'KanpanUITests' from project 'Kanpan')
    cd /Users/mdd/zhk/kanpan/Kanpan
    write-file /Users/mdd/zhk/kanpan/DerivedData-chart-foundation-device/Build/Intermediates.noindex/Kanpan.build/Debug-iphoneos/KanpanUITests.build/Objects-normal/arm64/KanpanUITests_const_extract_protocols.json

WriteAuxiliaryFile /Users/mdd/zhk/kanpan/DerivedData-chart-foundation-device/Build/Intermediates.noindex/Kanpan.build/Debug-iphoneos/KanpanUITests.build/Objects-normal/arm64/KanpanUITests.SwiftConstValuesFileList (in target 'KanpanUITests' from project 'Kanpan')
    cd /Users/mdd/zhk/kanpan/Kanpan
    write-file /Users/mdd/zhk/kanpan/DerivedData-chart-foundation-device/Build/Intermediates.noindex/Kanpan.build/Debug-iphoneos/KanpanUITests.build/Objects-normal/arm64/KanpanUITests.SwiftConstValuesFileList

WriteAuxiliaryFile /Users/mdd/zhk/kanpan/DerivedData-chart-foundation-device/Build/Intermediates.noindex/Kanpan.build/Debug-iphoneos/Kanpan.build/Objects-normal/arm64/Kanpan-OutputFileMap.json (in target 'Kanpan' from project 'Kanpan')
    cd /Users/mdd/zhk/kanpan/Kanpan
    write-file /Users/mdd/zhk/kanpan/DerivedData-chart-foundation-device/Build/Intermediates.noindex/Kanpan.build/Debug-iphoneos/Kanpan.build/Objects-normal/arm64/Kanpan-OutputFileMap.json

WriteAuxiliaryFile /Users/mdd/zhk/kanpan/DerivedData-chart-foundation-device/Build/Intermediates.noindex/Kanpan.build/Debug-iphoneos/Kanpan.build/empty-Kanpan.plist (in target 'Kanpan' from project 'Kanpan')
    cd /Users/mdd/zhk/kanpan/Kanpan
    write-file /Users/mdd/zhk/kanpan/DerivedData-chart-foundation-device/Build/Intermediates.noindex/Kanpan.build/Debug-iphoneos/Kanpan.build/empty-Kanpan.plist

WriteAuxiliaryFile /Users/mdd/zhk/kanpan/DerivedData-chart-foundation-device/Build/Intermediates.noindex/Kanpan.build/Debug-iphoneos/Kanpan.build/Objects-normal/arm64/Kanpan.LinkFileList (in target 'Kanpan' from project 'Kanpan')
    cd /Users/mdd/zhk/kanpan/Kanpan
    write-file /Users/mdd/zhk/kanpan/DerivedData-chart-foundation-device/Build/Intermediates.noindex/Kanpan.build/Debug-iphoneos/Kanpan.build/Objects-normal/arm64/Kanpan.LinkFileList

WriteAuxiliaryFile /Users/mdd/zhk/kanpan/DerivedData-chart-foundation-device/Build/Intermediates.noindex/Kanpan.build/Debug-iphoneos/KanpanUITests.build/empty-KanpanUITests.plist (in target 'KanpanUITests' from project 'Kanpan')
    cd /Users/mdd/zhk/kanpan/Kanpan
    write-file /Users/mdd/zhk/kanpan/DerivedData-chart-foundation-device/Build/Intermediates.noindex/Kanpan.build/Debug-iphoneos/KanpanUITests.build/empty-KanpanUITests.plist

WriteAuxiliaryFile /Users/mdd/zhk/kanpan/DerivedData-chart-foundation-device/Build/Intermediates.noindex/Kanpan.build/Debug-iphoneos/KanpanUITests.build/Objects-normal/arm64/KanpanUITests.LinkFileList (in target 'KanpanUITests' from project 'Kanpan')
    cd /Users/mdd/zhk/kanpan/Kanpan
    write-file /Users/mdd/zhk/kanpan/DerivedData-chart-foundation-device/Build/Intermediates.noindex/Kanpan.build/Debug-iphoneos/KanpanUITests.build/Objects-normal/arm64/KanpanUITests.LinkFileList

WriteAuxiliaryFile /Users/mdd/zhk/kanpan/DerivedData-chart-foundation-device/Build/Intermediates.noindex/Kanpan.build/Debug-iphoneos/KanpanUITests.build/Objects-normal/arm64/KanpanUITests-OutputFileMap.json (in target 'KanpanUITests' from project 'Kanpan')
    cd /Users/mdd/zhk/kanpan/Kanpan
    write-file /Users/mdd/zhk/kanpan/DerivedData-chart-foundation-device/Build/Intermediates.noindex/Kanpan.build/Debug-iphoneos/KanpanUITests.build/Objects-normal/arm64/KanpanUITests-OutputFileMap.json

WriteAuxiliaryFile /Users/mdd/zhk/kanpan/DerivedData-chart-foundation-device/Build/Intermediates.noindex/Kanpan.build/Debug-iphoneos/KanpanUITests.build/KanpanUITests.hmap (in target 'KanpanUITests' from project 'Kanpan')
    cd /Users/mdd/zhk/kanpan/Kanpan
    write-file /Users/mdd/zhk/kanpan/DerivedData-chart-foundation-device/Build/Intermediates.noindex/Kanpan.build/Debug-iphoneos/KanpanUITests.build/KanpanUITests.hmap

WriteAuxiliaryFile /Users/mdd/zhk/kanpan/DerivedData-chart-foundation-device/Build/Intermediates.noindex/Kanpan.build/Debug-iphoneos/KanpanUITests.build/KanpanUITests.DependencyStaticMetadataFileList (in target 'KanpanUITests' from project 'Kanpan')
    cd /Users/mdd/zhk/kanpan/Kanpan
    write-file /Users/mdd/zhk/kanpan/DerivedData-chart-foundation-device/Build/Intermediates.noindex/Kanpan.build/Debug-iphoneos/KanpanUITests.build/KanpanUITests.DependencyStaticMetadataFileList

WriteAuxiliaryFile /Users/mdd/zhk/kanpan/DerivedData-chart-foundation-device/Build/Intermediates.noindex/Kanpan.build/Debug-iphoneos/KanpanUITests.build/KanpanUITests.DependencyMetadataFileList (in target 'KanpanUITests' from project 'Kanpan')
    cd /Users/mdd/zhk/kanpan/Kanpan
    write-file /Users/mdd/zhk/kanpan/DerivedData-chart-foundation-device/Build/Intermediates.noindex/Kanpan.build/Debug-iphoneos/KanpanUITests.build/KanpanUITests.DependencyMetadataFileList

WriteAuxiliaryFile /Users/mdd/zhk/kanpan/DerivedData-chart-foundation-device/Build/Intermediates.noindex/Kanpan.build/Debug-iphoneos/KanpanUITests.build/KanpanUITests-own-target-headers.hmap (in target 'KanpanUITests' from project 'Kanpan')
    cd /Users/mdd/zhk/kanpan/Kanpan
    write-file /Users/mdd/zhk/kanpan/DerivedData-chart-foundation-device/Build/Intermediates.noindex/Kanpan.build/Debug-iphoneos/KanpanUITests.build/KanpanUITests-own-target-headers.hmap

WriteAuxiliaryFile /Users/mdd/zhk/kanpan/DerivedData-chart-foundation-device/Build/Intermediates.noindex/Kanpan.build/Debug-iphoneos/KanpanUITests.build/KanpanUITests-project-headers.hmap (in target 'KanpanUITests' from project 'Kanpan')
    cd /Users/mdd/zhk/kanpan/Kanpan
    write-file /Users/mdd/zhk/kanpan/DerivedData-chart-foundation-device/Build/Intermediates.noindex/Kanpan.build/Debug-iphoneos/KanpanUITests.build/KanpanUITests-project-headers.hmap

WriteAuxiliaryFile /Users/mdd/zhk/kanpan/DerivedData-chart-foundation-device/Build/Intermediates.noindex/Kanpan.build/Debug-iphoneos/KanpanUITests.build/KanpanUITests-generated-files.hmap (in target 'KanpanUITests' from project 'Kanpan')
    cd /Users/mdd/zhk/kanpan/Kanpan
    write-file /Users/mdd/zhk/kanpan/DerivedData-chart-foundation-device/Build/Intermediates.noindex/Kanpan.build/Debug-iphoneos/KanpanUITests.build/KanpanUITests-generated-files.hmap

WriteAuxiliaryFile /Users/mdd/zhk/kanpan/DerivedData-chart-foundation-device/Build/Intermediates.noindex/Kanpan.build/Debug-iphoneos/KanpanUITests.build/KanpanUITests-all-target-headers.hmap (in target 'KanpanUITests' from project 'Kanpan')
    cd /Users/mdd/zhk/kanpan/Kanpan
    write-file /Users/mdd/zhk/kanpan/DerivedData-chart-foundation-device/Build/Intermediates.noindex/Kanpan.build/Debug-iphoneos/KanpanUITests.build/KanpanUITests-all-target-headers.hmap

WriteAuxiliaryFile /Users/mdd/zhk/kanpan/DerivedData-chart-foundation-device/Build/Intermediates.noindex/Kanpan.build/Debug-iphoneos/KanpanUITests.build/KanpanUITests-all-non-framework-target-headers.hmap (in target 'KanpanUITests' from project 'Kanpan')
    cd /Users/mdd/zhk/kanpan/Kanpan
    write-file /Users/mdd/zhk/kanpan/DerivedData-chart-foundation-device/Build/Intermediates.noindex/Kanpan.build/Debug-iphoneos/KanpanUITests.build/KanpanUITests-all-non-framework-target-headers.hmap

WriteAuxiliaryFile /Users/mdd/zhk/kanpan/DerivedData-chart-foundation-device/Build/Intermediates.noindex/Kanpan.build/Debug-iphoneos/KanpanUITests.build/DerivedSources/Entitlements.plist (in target 'KanpanUITests' from project 'Kanpan')
    cd /Users/mdd/zhk/kanpan/Kanpan
    write-file /Users/mdd/zhk/kanpan/DerivedData-chart-foundation-device/Build/Intermediates.noindex/Kanpan.build/Debug-iphoneos/KanpanUITests.build/DerivedSources/Entitlements.plist

WriteAuxiliaryFile /Users/mdd/zhk/kanpan/DerivedData-chart-foundation-device/Build/Intermediates.noindex/KanpanData.build/Debug-iphoneos/KanpanData.build/Objects-normal/arm64/KanpanData_const_extract_protocols.json (in target 'KanpanData' from project 'KanpanData')
    cd /Users/mdd/zhk/kanpan/KanpanData
    write-file /Users/mdd/zhk/kanpan/DerivedData-chart-foundation-device/Build/Intermediates.noindex/KanpanData.build/Debug-iphoneos/KanpanData.build/Objects-normal/arm64/KanpanData_const_extract_protocols.json

WriteAuxiliaryFile /Users/mdd/zhk/kanpan/DerivedData-chart-foundation-device/Build/Intermediates.noindex/KanpanData.build/Debug-iphoneos/KanpanData.build/Objects-normal/arm64/KanpanData.SwiftFileList (in target 'KanpanData' from project 'KanpanData')
    cd /Users/mdd/zhk/kanpan/KanpanData
    write-file /Users/mdd/zhk/kanpan/DerivedData-chart-foundation-device/Build/Intermediates.noindex/KanpanData.build/Debug-iphoneos/KanpanData.build/Objects-normal/arm64/KanpanData.SwiftFileList

WriteAuxiliaryFile /Users/mdd/zhk/kanpan/DerivedData-chart-foundation-device/Build/Intermediates.noindex/KanpanData.build/Debug-iphoneos/KanpanData.build/Objects-normal/arm64/KanpanData.SwiftConstValuesFileList (in target 'KanpanData' from project 'KanpanData')
    cd /Users/mdd/zhk/kanpan/KanpanData
    write-file /Users/mdd/zhk/kanpan/DerivedData-chart-foundation-device/Build/Intermediates.noindex/KanpanData.build/Debug-iphoneos/KanpanData.build/Objects-normal/arm64/KanpanData.SwiftConstValuesFileList

WriteAuxiliaryFile /Users/mdd/zhk/kanpan/DerivedData-chart-foundation-device/Build/Intermediates.noindex/KanpanData.build/Debug-iphoneos/KanpanData.build/Objects-normal/arm64/KanpanData.LinkFileList (in target 'KanpanData' from project 'KanpanData')
    cd /Users/mdd/zhk/kanpan/KanpanData
    write-file /Users/mdd/zhk/kanpan/DerivedData-chart-foundation-device/Build/Intermediates.noindex/KanpanData.build/Debug-iphoneos/KanpanData.build/Objects-normal/arm64/KanpanData.LinkFileList

WriteAuxiliaryFile /Users/mdd/zhk/kanpan/DerivedData-chart-foundation-device/Build/Intermediates.noindex/KanpanData.build/Debug-iphoneos/KanpanData.build/Objects-normal/arm64/KanpanData-OutputFileMap.json (in target 'KanpanData' from project 'KanpanData')
    cd /Users/mdd/zhk/kanpan/KanpanData
    write-file /Users/mdd/zhk/kanpan/DerivedData-chart-foundation-device/Build/Intermediates.noindex/KanpanData.build/Debug-iphoneos/KanpanData.build/Objects-normal/arm64/KanpanData-OutputFileMap.json

WriteAuxiliaryFile /Users/mdd/zhk/kanpan/DerivedData-chart-foundation-device/Build/Intermediates.noindex/KanpanData.build/Debug-iphoneos/KanpanData.build/KanpanData.modulemap (in target 'KanpanData' from project 'KanpanData')
    cd /Users/mdd/zhk/kanpan/KanpanData
    write-file /Users/mdd/zhk/kanpan/DerivedData-chart-foundation-device/Build/Intermediates.noindex/KanpanData.build/Debug-iphoneos/KanpanData.build/KanpanData.modulemap

WriteAuxiliaryFile /Users/mdd/zhk/kanpan/DerivedData-chart-foundation-device/Build/Intermediates.noindex/KanpanData.build/Debug-iphoneos/KanpanData.build/KanpanData.DependencyStaticMetadataFileList (in target 'KanpanData' from project 'KanpanData')
    cd /Users/mdd/zhk/kanpan/KanpanData
    write-file /Users/mdd/zhk/kanpan/DerivedData-chart-foundation-device/Build/Intermediates.noindex/KanpanData.build/Debug-iphoneos/KanpanData.build/KanpanData.DependencyStaticMetadataFileList

WriteAuxiliaryFile /Users/mdd/zhk/kanpan/DerivedData-chart-foundation-device/Build/Intermediates.noindex/KanpanData.build/Debug-iphoneos/KanpanData.build/KanpanData.DependencyMetadataFileList (in target 'KanpanData' from project 'KanpanData')
    cd /Users/mdd/zhk/kanpan/KanpanData
    write-file /Users/mdd/zhk/kanpan/DerivedData-chart-foundation-device/Build/Intermediates.noindex/KanpanData.build/Debug-iphoneos/KanpanData.build/KanpanData.DependencyMetadataFileList

WriteAuxiliaryFile /Users/mdd/zhk/kanpan/DerivedData-chart-foundation-device/Build/Intermediates.noindex/KanpanCore.build/Debug-iphoneos/KanpanCore.build/Objects-normal/arm64/KanpanCore_const_extract_protocols.json (in target 'KanpanCore' from project 'KanpanCore')
    cd /Users/mdd/zhk/kanpan/KanpanCore
    write-file /Users/mdd/zhk/kanpan/DerivedData-chart-foundation-device/Build/Intermediates.noindex/KanpanCore.build/Debug-iphoneos/KanpanCore.build/Objects-normal/arm64/KanpanCore_const_extract_protocols.json

WriteAuxiliaryFile /Users/mdd/zhk/kanpan/DerivedData-chart-foundation-device/Build/Intermediates.noindex/KanpanCore.build/Debug-iphoneos/KanpanCore.build/Objects-normal/arm64/KanpanCore.SwiftFileList (in target 'KanpanCore' from project 'KanpanCore')
    cd /Users/mdd/zhk/kanpan/KanpanCore
    write-file /Users/mdd/zhk/kanpan/DerivedData-chart-foundation-device/Build/Intermediates.noindex/KanpanCore.build/Debug-iphoneos/KanpanCore.build/Objects-normal/arm64/KanpanCore.SwiftFileList

WriteAuxiliaryFile /Users/mdd/zhk/kanpan/DerivedData-chart-foundation-device/Build/Intermediates.noindex/KanpanCore.build/Debug-iphoneos/KanpanCore.build/Objects-normal/arm64/KanpanCore.SwiftConstValuesFileList (in target 'KanpanCore' from project 'KanpanCore')
    cd /Users/mdd/zhk/kanpan/KanpanCore
    write-file /Users/mdd/zhk/kanpan/DerivedData-chart-foundation-device/Build/Intermediates.noindex/KanpanCore.build/Debug-iphoneos/KanpanCore.build/Objects-normal/arm64/KanpanCore.SwiftConstValuesFileList

WriteAuxiliaryFile /Users/mdd/zhk/kanpan/DerivedData-chart-foundation-device/Build/Intermediates.noindex/KanpanCore.build/Debug-iphoneos/KanpanCore.build/Objects-normal/arm64/KanpanCore-OutputFileMap.json (in target 'KanpanCore' from project 'KanpanCore')
    cd /Users/mdd/zhk/kanpan/KanpanCore
    write-file /Users/mdd/zhk/kanpan/DerivedData-chart-foundation-device/Build/Intermediates.noindex/KanpanCore.build/Debug-iphoneos/KanpanCore.build/Objects-normal/arm64/KanpanCore-OutputFileMap.json

WriteAuxiliaryFile /Users/mdd/zhk/kanpan/DerivedData-chart-foundation-device/Build/Intermediates.noindex/KanpanCore.build/Debug-iphoneos/KanpanCore.build/Objects-normal/arm64/KanpanCore.LinkFileList (in target 'KanpanCore' from project 'KanpanCore')
    cd /Users/mdd/zhk/kanpan/KanpanCore
    write-file /Users/mdd/zhk/kanpan/DerivedData-chart-foundation-device/Build/Intermediates.noindex/KanpanCore.build/Debug-iphoneos/KanpanCore.build/Objects-normal/arm64/KanpanCore.LinkFileList

WriteAuxiliaryFile /Users/mdd/zhk/kanpan/DerivedData-chart-foundation-device/Build/Intermediates.noindex/KanpanCore.build/Debug-iphoneos/KanpanCore.build/KanpanCore.modulemap (in target 'KanpanCore' from project 'KanpanCore')
    cd /Users/mdd/zhk/kanpan/KanpanCore
    write-file /Users/mdd/zhk/kanpan/DerivedData-chart-foundation-device/Build/Intermediates.noindex/KanpanCore.build/Debug-iphoneos/KanpanCore.build/KanpanCore.modulemap

WriteAuxiliaryFile /Users/mdd/zhk/kanpan/DerivedData-chart-foundation-device/Build/Intermediates.noindex/KanpanCore.build/Debug-iphoneos/KanpanCore.build/KanpanCore.DependencyStaticMetadataFileList (in target 'KanpanCore' from project 'KanpanCore')
    cd /Users/mdd/zhk/kanpan/KanpanCore
    write-file /Users/mdd/zhk/kanpan/DerivedData-chart-foundation-device/Build/Intermediates.noindex/KanpanCore.build/Debug-iphoneos/KanpanCore.build/KanpanCore.DependencyStaticMetadataFileList

WriteAuxiliaryFile /Users/mdd/zhk/kanpan/DerivedData-chart-foundation-device/Build/Intermediates.noindex/KanpanCore.build/Debug-iphoneos/KanpanCore.build/KanpanCore.DependencyMetadataFileList (in target 'KanpanCore' from project 'KanpanCore')
    cd /Users/mdd/zhk/kanpan/KanpanCore
    write-file /Users/mdd/zhk/kanpan/DerivedData-chart-foundation-device/Build/Intermediates.noindex/KanpanCore.build/Debug-iphoneos/KanpanCore.build/KanpanCore.DependencyMetadataFileList

Copy /Users/mdd/zhk/kanpan/DerivedData-chart-foundation-device/Build/Intermediates.noindex/GeneratedModuleMaps-iphoneos/KanpanData.modulemap /Users/mdd/zhk/kanpan/DerivedData-chart-foundation-device/Build/Intermediates.noindex/KanpanData.build/Debug-iphoneos/KanpanData.build/KanpanData.modulemap (in target 'KanpanData' from project 'KanpanData')
    cd /Users/mdd/zhk/kanpan/KanpanData
    builtin-copy -exclude .DS_Store -exclude CVS -exclude .svn -exclude .git -exclude .hg -resolve-src-symlinks /Users/mdd/zhk/kanpan/DerivedData-chart-foundation-device/Build/Intermediates.noindex/KanpanData.build/Debug-iphoneos/KanpanData.build/KanpanData.modulemap /Users/mdd/zhk/kanpan/DerivedData-chart-foundation-device/Build/Intermediates.noindex/GeneratedModuleMaps-iphoneos

WriteAuxiliaryFile /Users/mdd/zhk/kanpan/DerivedData-chart-foundation-device/Build/Intermediates.noindex/KanpanChart.build/Debug-iphoneos/KanpanChart.build/Objects-normal/arm64/KanpanChart.SwiftFileList (in target 'KanpanChart' from project 'KanpanChart')
    cd /Users/mdd/zhk/kanpan/KanpanChart
    write-file /Users/mdd/zhk/kanpan/DerivedData-chart-foundation-device/Build/Intermediates.noindex/KanpanChart.build/Debug-iphoneos/KanpanChart.build/Objects-normal/arm64/KanpanChart.SwiftFileList

WriteAuxiliaryFile /Users/mdd/zhk/kanpan/DerivedData-chart-foundation-device/Build/Intermediates.noindex/KanpanChart.build/Debug-iphoneos/KanpanChart.build/Objects-normal/arm64/KanpanChart_const_extract_protocols.json (in target 'KanpanChart' from project 'KanpanChart')
    cd /Users/mdd/zhk/kanpan/KanpanChart
    write-file /Users/mdd/zhk/kanpan/DerivedData-chart-foundation-device/Build/Intermediates.noindex/KanpanChart.build/Debug-iphoneos/KanpanChart.build/Objects-normal/arm64/KanpanChart_const_extract_protocols.json

WriteAuxiliaryFile /Users/mdd/zhk/kanpan/DerivedData-chart-foundation-device/Build/Intermediates.noindex/KanpanChart.build/Debug-iphoneos/KanpanChart.build/Objects-normal/arm64/KanpanChart.SwiftConstValuesFileList (in target 'KanpanChart' from project 'KanpanChart')
    cd /Users/mdd/zhk/kanpan/KanpanChart
    write-file /Users/mdd/zhk/kanpan/DerivedData-chart-foundation-device/Build/Intermediates.noindex/KanpanChart.build/Debug-iphoneos/KanpanChart.build/Objects-normal/arm64/KanpanChart.SwiftConstValuesFileList

WriteAuxiliaryFile /Users/mdd/zhk/kanpan/DerivedData-chart-foundation-device/Build/Intermediates.noindex/KanpanChart.build/Debug-iphoneos/KanpanChart.build/Objects-normal/arm64/KanpanChart.LinkFileList (in target 'KanpanChart' from project 'KanpanChart')
    cd /Users/mdd/zhk/kanpan/KanpanChart
    write-file /Users/mdd/zhk/kanpan/DerivedData-chart-foundation-device/Build/Intermediates.noindex/KanpanChart.build/Debug-iphoneos/KanpanChart.build/Objects-normal/arm64/KanpanChart.LinkFileList

WriteAuxiliaryFile /Users/mdd/zhk/kanpan/DerivedData-chart-foundation-device/Build/Intermediates.noindex/KanpanChart.build/Debug-iphoneos/KanpanChart.build/Objects-normal/arm64/KanpanChart-OutputFileMap.json (in target 'KanpanChart' from project 'KanpanChart')
    cd /Users/mdd/zhk/kanpan/KanpanChart
    write-file /Users/mdd/zhk/kanpan/DerivedData-chart-foundation-device/Build/Intermediates.noindex/KanpanChart.build/Debug-iphoneos/KanpanChart.build/Objects-normal/arm64/KanpanChart-OutputFileMap.json

WriteAuxiliaryFile /Users/mdd/zhk/kanpan/DerivedData-chart-foundation-device/Build/Intermediates.noindex/KanpanChart.build/Debug-iphoneos/KanpanChart.build/KanpanChart.modulemap (in target 'KanpanChart' from project 'KanpanChart')
    cd /Users/mdd/zhk/kanpan/KanpanChart
    write-file /Users/mdd/zhk/kanpan/DerivedData-chart-foundation-device/Build/Intermediates.noindex/KanpanChart.build/Debug-iphoneos/KanpanChart.build/KanpanChart.modulemap

Copy /Users/mdd/zhk/kanpan/DerivedData-chart-foundation-device/Build/Intermediates.noindex/GeneratedModuleMaps-iphoneos/KanpanCore.modulemap /Users/mdd/zhk/kanpan/DerivedData-chart-foundation-device/Build/Intermediates.noindex/KanpanCore.build/Debug-iphoneos/KanpanCore.build/KanpanCore.modulemap (in target 'KanpanCore' from project 'KanpanCore')
    cd /Users/mdd/zhk/kanpan/KanpanCore
    builtin-copy -exclude .DS_Store -exclude CVS -exclude .svn -exclude .git -exclude .hg -resolve-src-symlinks /Users/mdd/zhk/kanpan/DerivedData-chart-foundation-device/Build/Intermediates.noindex/KanpanCore.build/Debug-iphoneos/KanpanCore.build/KanpanCore.modulemap /Users/mdd/zhk/kanpan/DerivedData-chart-foundation-device/Build/Intermediates.noindex/GeneratedModuleMaps-iphoneos

WriteAuxiliaryFile /Users/mdd/zhk/kanpan/DerivedData-chart-foundation-device/Build/Intermediates.noindex/KanpanChart.build/Debug-iphoneos/KanpanChart.build/KanpanChart.DependencyStaticMetadataFileList (in target 'KanpanChart' from project 'KanpanChart')
    cd /Users/mdd/zhk/kanpan/KanpanChart
    write-file /Users/mdd/zhk/kanpan/DerivedData-chart-foundation-device/Build/Intermediates.noindex/KanpanChart.build/Debug-iphoneos/KanpanChart.build/KanpanChart.DependencyStaticMetadataFileList

WriteAuxiliaryFile /Users/mdd/zhk/kanpan/DerivedData-chart-foundation-device/Build/Intermediates.noindex/KanpanChart.build/Debug-iphoneos/KanpanChart.build/KanpanChart.DependencyMetadataFileList (in target 'KanpanChart' from project 'KanpanChart')
    cd /Users/mdd/zhk/kanpan/KanpanChart
    write-file /Users/mdd/zhk/kanpan/DerivedData-chart-foundation-device/Build/Intermediates.noindex/KanpanChart.build/Debug-iphoneos/KanpanChart.build/KanpanChart.DependencyMetadataFileList

WriteAuxiliaryFile /Users/mdd/zhk/kanpan/DerivedData-chart-foundation-device/Build/Intermediates.noindex/Kanpan.build/Debug-iphoneos/Kanpan.build/Objects-normal/arm64/Kanpan.SwiftFileList (in target 'Kanpan' from project 'Kanpan')
    cd /Users/mdd/zhk/kanpan/Kanpan
    write-file /Users/mdd/zhk/kanpan/DerivedData-chart-foundation-device/Build/Intermediates.noindex/Kanpan.build/Debug-iphoneos/Kanpan.build/Objects-normal/arm64/Kanpan.SwiftFileList

WriteAuxiliaryFile /Users/mdd/zhk/kanpan/DerivedData-chart-foundation-device/Build/Intermediates.noindex/Kanpan.build/Debug-iphoneos/Kanpan.build/Objects-normal/arm64/Kanpan.SwiftConstValuesFileList (in target 'Kanpan' from project 'Kanpan')
    cd /Users/mdd/zhk/kanpan/Kanpan
    write-file /Users/mdd/zhk/kanpan/DerivedData-chart-foundation-device/Build/Intermediates.noindex/Kanpan.build/Debug-iphoneos/Kanpan.build/Objects-normal/arm64/Kanpan.SwiftConstValuesFileList

WriteAuxiliaryFile /Users/mdd/zhk/kanpan/DerivedData-chart-foundation-device/Build/Intermediates.noindex/Kanpan.build/Debug-iphoneos/Kanpan.build/Kanpan.hmap (in target 'Kanpan' from project 'Kanpan')
    cd /Users/mdd/zhk/kanpan/Kanpan
    write-file /Users/mdd/zhk/kanpan/DerivedData-chart-foundation-device/Build/Intermediates.noindex/Kanpan.build/Debug-iphoneos/Kanpan.build/Kanpan.hmap

WriteAuxiliaryFile /Users/mdd/zhk/kanpan/DerivedData-chart-foundation-device/Build/Intermediates.noindex/Kanpan.build/Debug-iphoneos/Kanpan.build/Kanpan.DependencyStaticMetadataFileList (in target 'Kanpan' from project 'Kanpan')
    cd /Users/mdd/zhk/kanpan/Kanpan
    write-file /Users/mdd/zhk/kanpan/DerivedData-chart-foundation-device/Build/Intermediates.noindex/Kanpan.build/Debug-iphoneos/Kanpan.build/Kanpan.DependencyStaticMetadataFileList

WriteAuxiliaryFile /Users/mdd/zhk/kanpan/DerivedData-chart-foundation-device/Build/Intermediates.noindex/Kanpan.build/Debug-iphoneos/Kanpan.build/Kanpan.DependencyMetadataFileList (in target 'Kanpan' from project 'Kanpan')
    cd /Users/mdd/zhk/kanpan/Kanpan
    write-file /Users/mdd/zhk/kanpan/DerivedData-chart-foundation-device/Build/Intermediates.noindex/Kanpan.build/Debug-iphoneos/Kanpan.build/Kanpan.DependencyMetadataFileList

Copy /Users/mdd/zhk/kanpan/DerivedData-chart-foundation-device/Build/Intermediates.noindex/GeneratedModuleMaps-iphoneos/KanpanChart.modulemap /Users/mdd/zhk/kanpan/DerivedData-chart-foundation-device/Build/Intermediates.noindex/KanpanChart.build/Debug-iphoneos/KanpanChart.build/KanpanChart.modulemap (in target 'KanpanChart' from project 'KanpanChart')
    cd /Users/mdd/zhk/kanpan/KanpanChart
    builtin-copy -exclude .DS_Store -exclude CVS -exclude .svn -exclude .git -exclude .hg -resolve-src-symlinks /Users/mdd/zhk/kanpan/DerivedData-chart-foundation-device/Build/Intermediates.noindex/KanpanChart.build/Debug-iphoneos/KanpanChart.build/KanpanChart.modulemap /Users/mdd/zhk/kanpan/DerivedData-chart-foundation-device/Build/Intermediates.noindex/GeneratedModuleMaps-iphoneos

WriteAuxiliaryFile /Users/mdd/zhk/kanpan/DerivedData-chart-foundation-device/Build/Intermediates.noindex/Kanpan.build/Debug-iphoneos/Kanpan.build/Kanpan-project-headers.hmap (in target 'Kanpan' from project 'Kanpan')
    cd /Users/mdd/zhk/kanpan/Kanpan
    write-file /Users/mdd/zhk/kanpan/DerivedData-chart-foundation-device/Build/Intermediates.noindex/Kanpan.build/Debug-iphoneos/Kanpan.build/Kanpan-project-headers.hmap

WriteAuxiliaryFile /Users/mdd/zhk/kanpan/DerivedData-chart-foundation-device/Build/Intermediates.noindex/Kanpan.build/Debug-iphoneos/Kanpan.build/Kanpan-generated-files.hmap (in target 'Kanpan' from project 'Kanpan')
    cd /Users/mdd/zhk/kanpan/Kanpan
    write-file /Users/mdd/zhk/kanpan/DerivedData-chart-foundation-device/Build/Intermediates.noindex/Kanpan.build/Debug-iphoneos/Kanpan.build/Kanpan-generated-files.hmap

WriteAuxiliaryFile /Users/mdd/zhk/kanpan/DerivedData-chart-foundation-device/Build/Intermediates.noindex/Kanpan.build/Debug-iphoneos/Kanpan.build/Kanpan-own-target-headers.hmap (in target 'Kanpan' from project 'Kanpan')
    cd /Users/mdd/zhk/kanpan/Kanpan
    write-file /Users/mdd/zhk/kanpan/DerivedData-chart-foundation-device/Build/Intermediates.noindex/Kanpan.build/Debug-iphoneos/Kanpan.build/Kanpan-own-target-headers.hmap

WriteAuxiliaryFile /Users/mdd/zhk/kanpan/DerivedData-chart-foundation-device/Build/Intermediates.noindex/Kanpan.build/Debug-iphoneos/Kanpan.build/Kanpan-all-target-headers.hmap (in target 'Kanpan' from project 'Kanpan')
    cd /Users/mdd/zhk/kanpan/Kanpan
    write-file /Users/mdd/zhk/kanpan/DerivedData-chart-foundation-device/Build/Intermediates.noindex/Kanpan.build/Debug-iphoneos/Kanpan.build/Kanpan-all-target-headers.hmap

WriteAuxiliaryFile /Users/mdd/zhk/kanpan/DerivedData-chart-foundation-device/Build/Intermediates.noindex/Kanpan.build/Debug-iphoneos/Kanpan.build/Kanpan-DebugDylibPath-normal-arm64.txt (in target 'Kanpan' from project 'Kanpan')
    cd /Users/mdd/zhk/kanpan/Kanpan
    write-file /Users/mdd/zhk/kanpan/DerivedData-chart-foundation-device/Build/Intermediates.noindex/Kanpan.build/Debug-iphoneos/Kanpan.build/Kanpan-DebugDylibPath-normal-arm64.txt

WriteAuxiliaryFile /Users/mdd/zhk/kanpan/DerivedData-chart-foundation-device/Build/Intermediates.noindex/Kanpan.build/Debug-iphoneos/Kanpan.build/Kanpan-all-non-framework-target-headers.hmap (in target 'Kanpan' from project 'Kanpan')
    cd /Users/mdd/zhk/kanpan/Kanpan
    write-file /Users/mdd/zhk/kanpan/DerivedData-chart-foundation-device/Build/Intermediates.noindex/Kanpan.build/Debug-iphoneos/Kanpan.build/Kanpan-all-non-framework-target-headers.hmap

WriteAuxiliaryFile /Users/mdd/zhk/kanpan/DerivedData-chart-foundation-device/Build/Intermediates.noindex/Kanpan.build/Debug-iphoneos/Kanpan.build/Kanpan-DebugDylibInstallName-normal-arm64.txt (in target 'Kanpan' from project 'Kanpan')
    cd /Users/mdd/zhk/kanpan/Kanpan
    write-file /Users/mdd/zhk/kanpan/DerivedData-chart-foundation-device/Build/Intermediates.noindex/Kanpan.build/Debug-iphoneos/Kanpan.build/Kanpan-DebugDylibInstallName-normal-arm64.txt

WriteAuxiliaryFile /Users/mdd/zhk/kanpan/DerivedData-chart-foundation-device/Build/Intermediates.noindex/Kanpan.build/Debug-iphoneos/Kanpan.build/DerivedSources/Entitlements.plist (in target 'Kanpan' from project 'Kanpan')
    cd /Users/mdd/zhk/kanpan/Kanpan
    write-file /Users/mdd/zhk/kanpan/DerivedData-chart-foundation-device/Build/Intermediates.noindex/Kanpan.build/Debug-iphoneos/Kanpan.build/DerivedSources/Entitlements.plist

MkDir /Users/mdd/zhk/kanpan/DerivedData-chart-foundation-device/Build/Products/Debug-iphoneos/KanpanUITests-Runner.app/PlugIns/KanpanUITests.xctest (in target 'KanpanUITests' from project 'Kanpan')
    cd /Users/mdd/zhk/kanpan/Kanpan
    /bin/mkdir -p /Users/mdd/zhk/kanpan/DerivedData-chart-foundation-device/Build/Products/Debug-iphoneos/KanpanUITests-Runner.app/PlugIns/KanpanUITests.xctest

MkDir /Users/mdd/zhk/kanpan/DerivedData-chart-foundation-device/Build/Products/Debug-iphoneos/Kanpan.app (in target 'Kanpan' from project 'Kanpan')
    cd /Users/mdd/zhk/kanpan/Kanpan
    /bin/mkdir -p /Users/mdd/zhk/kanpan/DerivedData-chart-foundation-device/Build/Products/Debug-iphoneos/Kanpan.app

SwiftDriver KanpanCore normal arm64 com.apple.xcode.tools.swift.compiler (in target 'KanpanCore' from project 'KanpanCore')
    cd /Users/mdd/zhk/kanpan
    builtin-SwiftDriver -- /Applications/Xcode.app/Contents/Developer/Toolchains/XcodeDefault.xctoolchain/usr/bin/swiftc -module-name KanpanCore -Onone @/Users/mdd/zhk/kanpan/DerivedData-chart-foundation-device/Build/Intermediates.noindex/KanpanCore.build/Debug-iphoneos/KanpanCore.build/Objects-normal/arm64/KanpanCore.SwiftFileList -DSWIFT_PACKAGE -DDEBUG -DSWIFT_MODULE_RESOURCE_BUNDLE_UNAVAILABLE -DXcode -plugin-path /Applications/Xcode.app/Contents/Developer/Toolchains/XcodeDefault.xctoolchain/usr/lib/swift/host/plugins/testing -enable-experimental-feature DebugDescriptionMacro -sdk /Applications/Xcode.app/Contents/Developer/Platforms/iPhoneOS.platform/Developer/SDKs/iPhoneOS26.5.sdk -target arm64-apple-ios17.0 -g -module-cache-path /Users/mdd/zhk/kanpan/DerivedData-chart-foundation-device/ModuleCache.noindex -Xfrontend -serialize-debugging-options -enable-testing -suppress-warnings -index-store-path /Users/mdd/zhk/kanpan/DerivedData-chart-foundation-device/Index.noindex/DataStore -Xcc -D_LIBCPP_HARDENING_MODE\=_LIBCPP_HARDENING_MODE_DEBUG -swift-version 6 -I /Users/mdd/zhk/kanpan/DerivedData-chart-foundation-device/Build/Products/Debug-iphoneos -Isystem /Applications/Xcode.app/Contents/Developer/Platforms/iPhoneOS.platform/Developer/usr/lib -F /Users/mdd/zhk/kanpan/DerivedData-chart-foundation-device/Build/Products/Debug-iphoneos -F /Applications/Xcode.app/Contents/Developer/Platforms/iPhoneOS.platform/Developer/Library/Frameworks -F /Applications/Xcode.app/Contents/Developer/Platforms/iPhoneOS.platform/Developer/SDKs/iPhoneOS26.5.sdk/Developer/Library/Frameworks -c -j10 -enable-batch-mode -incremental -Xcc -ivfsstatcache -Xcc /Users/mdd/zhk/kanpan/DerivedData-chart-foundation-device/SDKStatCaches.noindex/iphoneos26.5-23F81a-32daed1954a7d5dd0789fcaf2a9bb78b.sdkstatcache -output-file-map /Users/mdd/zhk/kanpan/DerivedData-chart-foundation-device/Build/Intermediates.noindex/KanpanCore.build/Debug-iphoneos/KanpanCore.build/Objects-normal/arm64/KanpanCore-OutputFileMap.json -use-frontend-parseable-output -save-temps -no-color-diagnostics -explicit-module-build -module-cache-path /Users/mdd/zhk/kanpan/DerivedData-chart-foundation-device/Build/Intermediates.noindex/SwiftExplicitPrecompiledModules -clang-scanner-module-cache-path /Users/mdd/zhk/kanpan/DerivedData-chart-foundation-device/ModuleCache.noindex -sdk-module-cache-path /Users/mdd/zhk/kanpan/DerivedData-chart-foundation-device/ModuleCache.noindex -serialize-diagnostics -emit-dependencies -emit-module -emit-module-path /Users/mdd/zhk/kanpan/DerivedData-chart-foundation-device/Build/Intermediates.noindex/KanpanCore.build/Debug-iphoneos/KanpanCore.build/Objects-normal/arm64/KanpanCore.swiftmodule -validate-clang-modules-once -clang-build-session-file /Users/mdd/zhk/kanpan/DerivedData-chart-foundation-device/ModuleCache.noindex/Session.modulevalidation -package-name kanpancore -Xcc -I/Users/mdd/zhk/kanpan/DerivedData-chart-foundation-device/Build/Intermediates.noindex/KanpanCore.build/Debug-iphoneos/KanpanCore.build/swift-overrides.hmap -emit-const-values -Xfrontend -const-gather-protocols-file -Xfrontend /Users/mdd/zhk/kanpan/DerivedData-chart-foundation-device/Build/Intermediates.noindex/KanpanCore.build/Debug-iphoneos/KanpanCore.build/Objects-normal/arm64/KanpanCore_const_extract_protocols.json -Xcc -I/Users/mdd/zhk/kanpan/DerivedData-chart-foundation-device/Build/Products/Debug-iphoneos/include -Xcc -I/Users/mdd/zhk/kanpan/DerivedData-chart-foundation-device/Build/Intermediates.noindex/KanpanCore.build/Debug-iphoneos/KanpanCore.build/DerivedSources-normal/arm64 -Xcc -I/Users/mdd/zhk/kanpan/DerivedData-chart-foundation-device/Build/Intermediates.noindex/KanpanCore.build/Debug-iphoneos/KanpanCore.build/DerivedSources/arm64 -Xcc -I/Users/mdd/zhk/kanpan/DerivedData-chart-foundation-device/Build/Intermediates.noindex/KanpanCore.build/Debug-iphoneos/KanpanCore.build/DerivedSources -Xcc -DSWIFT_PACKAGE -Xcc -DDEBUG\=1 -emit-objc-header -emit-objc-header-path /Users/mdd/zhk/kanpan/DerivedData-chart-foundation-device/Build/Intermediates.noindex/KanpanCore.build/Debug-iphoneos/KanpanCore.build/Objects-normal/arm64/KanpanCore-Swift.h -working-directory /Users/mdd/zhk/kanpan -experimental-emit-module-separately -disable-cmo

SwiftExplicitDependencyGeneratePcm arm64 /Users/mdd/zhk/kanpan/DerivedData-chart-foundation-device/ModuleCache.noindex/_Builtin_stdarg-6M7UPKU6CJY21KBJYZXONXO3J.pcm

SwiftExplicitDependencyGeneratePcm arm64 /Users/mdd/zhk/kanpan/DerivedData-chart-foundation-device/ModuleCache.noindex/_SwiftConcurrencyShims-3HOVDW9IV60JP3EOS272R5IG2.pcm

SwiftExplicitDependencyGeneratePcm arm64 /Users/mdd/zhk/kanpan/DerivedData-chart-foundation-device/ModuleCache.noindex/ptrauth-14ZID7ESC521KKWPAOHW8EP0U.pcm

SwiftExplicitDependencyGeneratePcm arm64 /Users/mdd/zhk/kanpan/DerivedData-chart-foundation-device/ModuleCache.noindex/_Builtin_float-8NR3OZQR7FMGH08DY0GPDW0N8.pcm

SwiftExplicitDependencyGeneratePcm arm64 /Users/mdd/zhk/kanpan/DerivedData-chart-foundation-device/ModuleCache.noindex/SwiftShims-C3C0EK673QKD122XHL8APRONT.pcm

SwiftExplicitDependencyGeneratePcm arm64 /Users/mdd/zhk/kanpan/DerivedData-chart-foundation-device/ModuleCache.noindex/_Builtin_stddef-1J9D97MNF010600TMPA069G7R.pcm

SwiftExplicitDependencyGeneratePcm arm64 /Users/mdd/zhk/kanpan/DerivedData-chart-foundation-device/ModuleCache.noindex/_Builtin_stdbool-5TJLQXTMGENTH5OT38MBN6KCW.pcm

SwiftExplicitDependencyGeneratePcm arm64 /Users/mdd/zhk/kanpan/DerivedData-chart-foundation-device/ModuleCache.noindex/ptrcheck-AIIJQA5FWE924SA1PUSHE0YR.pcm

SwiftExplicitDependencyGeneratePcm arm64 /Users/mdd/zhk/kanpan/DerivedData-chart-foundation-device/ModuleCache.noindex/_AvailabilityInternal-3G18BFIZQKLZ83WWNTDVJIEM1.pcm

SwiftExplicitDependencyGeneratePcm arm64 /Users/mdd/zhk/kanpan/DerivedData-chart-foundation-device/ModuleCache.noindex/_DarwinFoundation1-2TYE67N8CH11H2E02I1PF46TH.pcm

SwiftExplicitDependencyGeneratePcm arm64 /Users/mdd/zhk/kanpan/DerivedData-chart-foundation-device/ModuleCache.noindex/_DarwinFoundation2-2POHWV0DQS8CL0RMA6SDV68PU.pcm

SwiftExplicitDependencyGeneratePcm arm64 /Users/mdd/zhk/kanpan/DerivedData-chart-foundation-device/ModuleCache.noindex/_Builtin_limits-EGLYA4QLNK2DD8REYJN0B0MM0.pcm

SwiftExplicitDependencyGeneratePcm arm64 /Users/mdd/zhk/kanpan/DerivedData-chart-foundation-device/ModuleCache.noindex/sys_types-B7GQPCZL7GUL3M0IHV2MFMTBL.pcm

SwiftExplicitDependencyGeneratePcm arm64 /Users/mdd/zhk/kanpan/DerivedData-chart-foundation-device/ModuleCache.noindex/_Builtin_stdint-F13HNOHJ7TIKK6MMX2UQ6SDNZ.pcm

SwiftExplicitDependencyGeneratePcm arm64 /Users/mdd/zhk/kanpan/DerivedData-chart-foundation-device/ModuleCache.noindex/_DarwinFoundation3-CFCW8ZIHKS5KZWPLST4HHH6HI.pcm

SwiftExplicitDependencyGeneratePcm arm64 /Users/mdd/zhk/kanpan/DerivedData-chart-foundation-device/ModuleCache.noindex/_Builtin_inttypes-8S9HH92L1NWXT18XSTJ8R1RLD.pcm

SwiftExplicitDependencyGeneratePcm arm64 /Users/mdd/zhk/kanpan/DerivedData-chart-foundation-device/ModuleCache.noindex/Darwin-CULXK7042NH41GIOF35O1DGGT.pcm

SwiftExplicitDependencyGeneratePcm arm64 /Users/mdd/zhk/kanpan/DerivedData-chart-foundation-device/ModuleCache.noindex/ObjectiveC-3DJU5ZBHT4Z8SDB4D520IYO6X.pcm

SwiftExplicitDependencyGeneratePcm arm64 /Users/mdd/zhk/kanpan/DerivedData-chart-foundation-device/ModuleCache.noindex/os_object-CEQCNTGAZ3DSTLAHWN3E6Z8K0.pcm

SwiftExplicitDependencyGeneratePcm arm64 /Users/mdd/zhk/kanpan/DerivedData-chart-foundation-device/ModuleCache.noindex/os_workgroup-BJYW4HOW0JWGTDTQOI5IQLZVW.pcm

SwiftExplicitDependencyGeneratePcm arm64 /Users/mdd/zhk/kanpan/DerivedData-chart-foundation-device/ModuleCache.noindex/Dispatch-2UUDC10XYHMR1AA4XEDYSVNZ.pcm

SwiftExplicitDependencyGeneratePcm arm64 /Users/mdd/zhk/kanpan/DerivedData-chart-foundation-device/ModuleCache.noindex/CoreFoundation-CMO3WBAR2G90JXZ7XEFJO9442.pcm

SwiftExplicitDependencyGeneratePcm arm64 /Users/mdd/zhk/kanpan/DerivedData-chart-foundation-device/ModuleCache.noindex/XPC-1SMJB58WTZWSHE929KHGGREP1.pcm

SwiftExplicitDependencyGeneratePcm arm64 /Users/mdd/zhk/kanpan/DerivedData-chart-foundation-device/ModuleCache.noindex/Security-5N5NCR8X3UESMVNXLR38GHDJI.pcm

SwiftExplicitDependencyGeneratePcm arm64 /Users/mdd/zhk/kanpan/DerivedData-chart-foundation-device/ModuleCache.noindex/CFNetwork-C885ZCN1UG594B9NW6CIZEEZF.pcm

SwiftExplicitDependencyGeneratePcm arm64 /Users/mdd/zhk/kanpan/DerivedData-chart-foundation-device/ModuleCache.noindex/Foundation-VOGMYE7SHPSCYFWL8YES2V1D.pcm

SwiftCompile normal arm64 Compiling\ CandleWidths.swift,\ Clamp.swift,\ Constants.swift /Users/mdd/zhk/kanpan/KanpanCore/Sources/KanpanCore/Geometry/CandleWidths.swift /Users/mdd/zhk/kanpan/KanpanCore/Sources/KanpanCore/Geometry/Clamp.swift /Users/mdd/zhk/kanpan/KanpanCore/Sources/KanpanCore/Geometry/Constants.swift (in target 'KanpanCore' from project 'KanpanCore')

SwiftCompile normal arm64 /Users/mdd/zhk/kanpan/KanpanCore/Sources/KanpanCore/Geometry/CandleWidths.swift (in target 'KanpanCore' from project 'KanpanCore')
    cd /Users/mdd/zhk/kanpan
    

SwiftCompile normal arm64 /Users/mdd/zhk/kanpan/KanpanCore/Sources/KanpanCore/Geometry/Clamp.swift (in target 'KanpanCore' from project 'KanpanCore')
    cd /Users/mdd/zhk/kanpan
    

SwiftCompile normal arm64 /Users/mdd/zhk/kanpan/KanpanCore/Sources/KanpanCore/Geometry/Constants.swift (in target 'KanpanCore' from project 'KanpanCore')
    cd /Users/mdd/zhk/kanpan
    

SwiftCompile normal arm64 Compiling\ DrawStore.swift,\ Drawing.swift,\ Format.swift /Users/mdd/zhk/kanpan/KanpanCore/Sources/KanpanCore/Drawing/DrawStore.swift /Users/mdd/zhk/kanpan/KanpanCore/Sources/KanpanCore/Drawing/Drawing.swift /Users/mdd/zhk/kanpan/KanpanCore/Sources/KanpanCore/Format/Format.swift (in target 'KanpanCore' from project 'KanpanCore')
SwiftCompile normal arm64 /Users/mdd/zhk/kanpan/KanpanCore/Sources/KanpanCore/Drawing/DrawStore.swift (in target 'KanpanCore' from project 'KanpanCore')
    cd /Users/mdd/zhk/kanpan
    

SwiftCompile normal arm64 /Users/mdd/zhk/kanpan/KanpanCore/Sources/KanpanCore/Drawing/Drawing.swift (in target 'KanpanCore' from project 'KanpanCore')
    cd /Users/mdd/zhk/kanpan
    

SwiftCompile normal arm64 /Users/mdd/zhk/kanpan/KanpanCore/Sources/KanpanCore/Format/Format.swift (in target 'KanpanCore' from project 'KanpanCore')
    cd /Users/mdd/zhk/kanpan
    

SwiftCompile normal arm64 Compiling\ Interval.swift,\ SymbolInfo.swift /Users/mdd/zhk/kanpan/KanpanCore/Sources/KanpanCore/Model/Interval.swift /Users/mdd/zhk/kanpan/KanpanCore/Sources/KanpanCore/Model/SymbolInfo.swift (in target 'KanpanCore' from project 'KanpanCore')
SwiftCompile normal arm64 /Users/mdd/zhk/kanpan/KanpanCore/Sources/KanpanCore/Model/Interval.swift (in target 'KanpanCore' from project 'KanpanCore')
    cd /Users/mdd/zhk/kanpan
    

SwiftCompile normal arm64 /Users/mdd/zhk/kanpan/KanpanCore/Sources/KanpanCore/Model/SymbolInfo.swift (in target 'KanpanCore' from project 'KanpanCore')
    cd /Users/mdd/zhk/kanpan
    

SwiftCompile normal arm64 Compiling\ Fling.swift,\ Layout.swift,\ PriceScale.swift /Users/mdd/zhk/kanpan/KanpanCore/Sources/KanpanCore/Geometry/Fling.swift /Users/mdd/zhk/kanpan/KanpanCore/Sources/KanpanCore/Geometry/Layout.swift /Users/mdd/zhk/kanpan/KanpanCore/Sources/KanpanCore/Geometry/PriceScale.swift (in target 'KanpanCore' from project 'KanpanCore')

SwiftCompile normal arm64 /Users/mdd/zhk/kanpan/KanpanCore/Sources/KanpanCore/Geometry/Fling.swift (in target 'KanpanCore' from project 'KanpanCore')
    cd /Users/mdd/zhk/kanpan
    

SwiftCompile normal arm64 /Users/mdd/zhk/kanpan/KanpanCore/Sources/KanpanCore/Geometry/Layout.swift (in target 'KanpanCore' from project 'KanpanCore')
    cd /Users/mdd/zhk/kanpan
    

SwiftCompile normal arm64 /Users/mdd/zhk/kanpan/KanpanCore/Sources/KanpanCore/Geometry/PriceScale.swift (in target 'KanpanCore' from project 'KanpanCore')
    cd /Users/mdd/zhk/kanpan
    

SwiftCompile normal arm64 Compiling\ AICoinBehavior.swift,\ ChartOptions.swift,\ DrawEdit.swift /Users/mdd/zhk/kanpan/KanpanCore/Sources/KanpanCore/Chart/AICoinBehavior.swift /Users/mdd/zhk/kanpan/KanpanCore/Sources/KanpanCore/Chart/ChartOptions.swift /Users/mdd/zhk/kanpan/KanpanCore/Sources/KanpanCore/Drawing/DrawEdit.swift (in target 'KanpanCore' from project 'KanpanCore')

SwiftCompile normal arm64 /Users/mdd/zhk/kanpan/KanpanCore/Sources/KanpanCore/Chart/AICoinBehavior.swift (in target 'KanpanCore' from project 'KanpanCore')
    cd /Users/mdd/zhk/kanpan
    

SwiftCompile normal arm64 /Users/mdd/zhk/kanpan/KanpanCore/Sources/KanpanCore/Chart/ChartOptions.swift (in target 'KanpanCore' from project 'KanpanCore')
    cd /Users/mdd/zhk/kanpan
    

SwiftCompile normal arm64 /Users/mdd/zhk/kanpan/KanpanCore/Sources/KanpanCore/Drawing/DrawEdit.swift (in target 'KanpanCore' from project 'KanpanCore')
    cd /Users/mdd/zhk/kanpan
    

SwiftCompile normal arm64 Compiling\ Indicators.swift,\ Math.swift,\ Aggregator.swift /Users/mdd/zhk/kanpan/KanpanCore/Sources/KanpanCore/Indicator/Indicators.swift /Users/mdd/zhk/kanpan/KanpanCore/Sources/KanpanCore/Indicator/Math.swift /Users/mdd/zhk/kanpan/KanpanCore/Sources/KanpanCore/Model/Aggregator.swift (in target 'KanpanCore' from project 'KanpanCore')

SwiftCompile normal arm64 /Users/mdd/zhk/kanpan/KanpanCore/Sources/KanpanCore/Indicator/Indicators.swift (in target 'KanpanCore' from project 'KanpanCore')
    cd /Users/mdd/zhk/kanpan
    

SwiftCompile normal arm64 /Users/mdd/zhk/kanpan/KanpanCore/Sources/KanpanCore/Indicator/Math.swift (in target 'KanpanCore' from project 'KanpanCore')
    cd /Users/mdd/zhk/kanpan
    

SwiftCompile normal arm64 /Users/mdd/zhk/kanpan/KanpanCore/Sources/KanpanCore/Model/Aggregator.swift (in target 'KanpanCore' from project 'KanpanCore')
    cd /Users/mdd/zhk/kanpan
    

SwiftCompile normal arm64 Compiling\ IncrementalLines.swift,\ IndicatorEngine.swift,\ IndicatorID.swift /Users/mdd/zhk/kanpan/KanpanCore/Sources/KanpanCore/Indicator/IncrementalLines.swift /Users/mdd/zhk/kanpan/KanpanCore/Sources/KanpanCore/Indicator/IndicatorEngine.swift /Users/mdd/zhk/kanpan/KanpanCore/Sources/KanpanCore/Indicator/IndicatorID.swift (in target 'KanpanCore' from project 'KanpanCore')

SwiftCompile normal arm64 /Users/mdd/zhk/kanpan/KanpanCore/Sources/KanpanCore/Indicator/IncrementalLines.swift (in target 'KanpanCore' from project 'KanpanCore')
    cd /Users/mdd/zhk/kanpan
    

SwiftCompile normal arm64 /Users/mdd/zhk/kanpan/KanpanCore/Sources/KanpanCore/Indicator/IndicatorEngine.swift (in target 'KanpanCore' from project 'KanpanCore')
    cd /Users/mdd/zhk/kanpan
    

SwiftCompile normal arm64 /Users/mdd/zhk/kanpan/KanpanCore/Sources/KanpanCore/Indicator/IndicatorID.swift (in target 'KanpanCore' from project 'KanpanCore')
    cd /Users/mdd/zhk/kanpan
    

SwiftEmitModule normal arm64 Emitting\ module\ for\ KanpanCore (in target 'KanpanCore' from project 'KanpanCore')

EmitSwiftModule normal arm64 (in target 'KanpanCore' from project 'KanpanCore')
    cd /Users/mdd/zhk/kanpan
    

SwiftCompile normal arm64 Compiling\ CandleStyle.swift,\ Palette.swift /Users/mdd/zhk/kanpan/KanpanCore/Sources/KanpanCore/Style/CandleStyle.swift /Users/mdd/zhk/kanpan/KanpanCore/Sources/KanpanCore/Style/Palette.swift (in target 'KanpanCore' from project 'KanpanCore')
SwiftCompile normal arm64 /Users/mdd/zhk/kanpan/KanpanCore/Sources/KanpanCore/Style/CandleStyle.swift (in target 'KanpanCore' from project 'KanpanCore')
    cd /Users/mdd/zhk/kanpan
    

SwiftCompile normal arm64 /Users/mdd/zhk/kanpan/KanpanCore/Sources/KanpanCore/Style/Palette.swift (in target 'KanpanCore' from project 'KanpanCore')
    cd /Users/mdd/zhk/kanpan
    

SwiftCompile normal arm64 Compiling\ Bar.swift,\ BarSeries.swift,\ HeikinAshi.swift /Users/mdd/zhk/kanpan/KanpanCore/Sources/KanpanCore/Model/Bar.swift /Users/mdd/zhk/kanpan/KanpanCore/Sources/KanpanCore/Model/BarSeries.swift /Users/mdd/zhk/kanpan/KanpanCore/Sources/KanpanCore/Model/HeikinAshi.swift (in target 'KanpanCore' from project 'KanpanCore')

SwiftCompile normal arm64 /Users/mdd/zhk/kanpan/KanpanCore/Sources/KanpanCore/Model/Bar.swift (in target 'KanpanCore' from project 'KanpanCore')
    cd /Users/mdd/zhk/kanpan
    

SwiftCompile normal arm64 /Users/mdd/zhk/kanpan/KanpanCore/Sources/KanpanCore/Model/BarSeries.swift (in target 'KanpanCore' from project 'KanpanCore')
    cd /Users/mdd/zhk/kanpan
    

SwiftCompile normal arm64 /Users/mdd/zhk/kanpan/KanpanCore/Sources/KanpanCore/Model/HeikinAshi.swift (in target 'KanpanCore' from project 'KanpanCore')
    cd /Users/mdd/zhk/kanpan
    

SwiftCompile normal arm64 Compiling\ Ticks.swift,\ ViewTransition.swift,\ ViewWindow.swift /Users/mdd/zhk/kanpan/KanpanCore/Sources/KanpanCore/Geometry/Ticks.swift /Users/mdd/zhk/kanpan/KanpanCore/Sources/KanpanCore/Geometry/ViewTransition.swift /Users/mdd/zhk/kanpan/KanpanCore/Sources/KanpanCore/Geometry/ViewWindow.swift (in target 'KanpanCore' from project 'KanpanCore')
SwiftCompile normal arm64 /Users/mdd/zhk/kanpan/KanpanCore/Sources/KanpanCore/Geometry/Ticks.swift (in target 'KanpanCore' from project 'KanpanCore')
    cd /Users/mdd/zhk/kanpan
    

SwiftCompile normal arm64 /Users/mdd/zhk/kanpan/KanpanCore/Sources/KanpanCore/Geometry/ViewTransition.swift (in target 'KanpanCore' from project 'KanpanCore')
    cd /Users/mdd/zhk/kanpan
    

SwiftCompile normal arm64 /Users/mdd/zhk/kanpan/KanpanCore/Sources/KanpanCore/Geometry/ViewWindow.swift (in target 'KanpanCore' from project 'KanpanCore')
    cd /Users/mdd/zhk/kanpan
    

SwiftDriverJobDiscovery normal arm64 Emitting module for KanpanCore (in target 'KanpanCore' from project 'KanpanCore')

SwiftDriver\ Compilation\ Requirements KanpanCore normal arm64 com.apple.xcode.tools.swift.compiler (in target 'KanpanCore' from project 'KanpanCore')
    cd /Users/mdd/zhk/kanpan
    builtin-Swift-Compilation-Requirements -- /Applications/Xcode.app/Contents/Developer/Toolchains/XcodeDefault.xctoolchain/usr/bin/swiftc -module-name KanpanCore -Onone @/Users/mdd/zhk/kanpan/DerivedData-chart-foundation-device/Build/Intermediates.noindex/KanpanCore.build/Debug-iphoneos/KanpanCore.build/Objects-normal/arm64/KanpanCore.SwiftFileList -DSWIFT_PACKAGE -DDEBUG -DSWIFT_MODULE_RESOURCE_BUNDLE_UNAVAILABLE -DXcode -plugin-path /Applications/Xcode.app/Contents/Developer/Toolchains/XcodeDefault.xctoolchain/usr/lib/swift/host/plugins/testing -enable-experimental-feature DebugDescriptionMacro -sdk /Applications/Xcode.app/Contents/Developer/Platforms/iPhoneOS.platform/Developer/SDKs/iPhoneOS26.5.sdk -target arm64-apple-ios17.0 -g -module-cache-path /Users/mdd/zhk/kanpan/DerivedData-chart-foundation-device/ModuleCache.noindex -Xfrontend -serialize-debugging-options -enable-testing -suppress-warnings -index-store-path /Users/mdd/zhk/kanpan/DerivedData-chart-foundation-device/Index.noindex/DataStore -Xcc -D_LIBCPP_HARDENING_MODE\=_LIBCPP_HARDENING_MODE_DEBUG -swift-version 6 -I /Users/mdd/zhk/kanpan/DerivedData-chart-foundation-device/Build/Products/Debug-iphoneos -Isystem /Applications/Xcode.app/Contents/Developer/Platforms/iPhoneOS.platform/Developer/usr/lib -F /Users/mdd/zhk/kanpan/DerivedData-chart-foundation-device/Build/Products/Debug-iphoneos -F /Applications/Xcode.app/Contents/Developer/Platforms/iPhoneOS.platform/Developer/Library/Frameworks -F /Applications/Xcode.app/Contents/Developer/Platforms/iPhoneOS.platform/Developer/SDKs/iPhoneOS26.5.sdk/Developer/Library/Frameworks -c -j10 -enable-batch-mode -incremental -Xcc -ivfsstatcache -Xcc /Users/mdd/zhk/kanpan/DerivedData-chart-foundation-device/SDKStatCaches.noindex/iphoneos26.5-23F81a-32daed1954a7d5dd0789fcaf2a9bb78b.sdkstatcache -output-file-map /Users/mdd/zhk/kanpan/DerivedData-chart-foundation-device/Build/Intermediates.noindex/KanpanCore.build/Debug-iphoneos/KanpanCore.build/Objects-normal/arm64/KanpanCore-OutputFileMap.json -use-frontend-parseable-output -save-temps -no-color-diagnostics -explicit-module-build -module-cache-path /Users/mdd/zhk/kanpan/DerivedData-chart-foundation-device/Build/Intermediates.noindex/SwiftExplicitPrecompiledModules -clang-scanner-module-cache-path /Users/mdd/zhk/kanpan/DerivedData-chart-foundation-device/ModuleCache.noindex -sdk-module-cache-path /Users/mdd/zhk/kanpan/DerivedData-chart-foundation-device/ModuleCache.noindex -serialize-diagnostics -emit-dependencies -emit-module -emit-module-path /Users/mdd/zhk/kanpan/DerivedData-chart-foundation-device/Build/Intermediates.noindex/KanpanCore.build/Debug-iphoneos/KanpanCore.build/Objects-normal/arm64/KanpanCore.swiftmodule -validate-clang-modules-once -clang-build-session-file /Users/mdd/zhk/kanpan/DerivedData-chart-foundation-device/ModuleCache.noindex/Session.modulevalidation -package-name kanpancore -Xcc -I/Users/mdd/zhk/kanpan/DerivedData-chart-foundation-device/Build/Intermediates.noindex/KanpanCore.build/Debug-iphoneos/KanpanCore.build/swift-overrides.hmap -emit-const-values -Xfrontend -const-gather-protocols-file -Xfrontend /Users/mdd/zhk/kanpan/DerivedData-chart-foundation-device/Build/Intermediates.noindex/KanpanCore.build/Debug-iphoneos/KanpanCore.build/Objects-normal/arm64/KanpanCore_const_extract_protocols.json -Xcc -I/Users/mdd/zhk/kanpan/DerivedData-chart-foundation-device/Build/Products/Debug-iphoneos/include -Xcc -I/Users/mdd/zhk/kanpan/DerivedData-chart-foundation-device/Build/Intermediates.noindex/KanpanCore.build/Debug-iphoneos/KanpanCore.build/DerivedSources-normal/arm64 -Xcc -I/Users/mdd/zhk/kanpan/DerivedData-chart-foundation-device/Build/Intermediates.noindex/KanpanCore.build/Debug-iphoneos/KanpanCore.build/DerivedSources/arm64 -Xcc -I/Users/mdd/zhk/kanpan/DerivedData-chart-foundation-device/Build/Intermediates.noindex/KanpanCore.build/Debug-iphoneos/KanpanCore.build/DerivedSources -Xcc -DSWIFT_PACKAGE -Xcc -DDEBUG\=1 -emit-objc-header -emit-objc-header-path /Users/mdd/zhk/kanpan/DerivedData-chart-foundation-device/Build/Intermediates.noindex/KanpanCore.build/Debug-iphoneos/KanpanCore.build/Objects-normal/arm64/KanpanCore-Swift.h -working-directory /Users/mdd/zhk/kanpan -experimental-emit-module-separately -disable-cmo

SwiftDriverJobDiscovery normal arm64 Compiling CandleWidths.swift, Clamp.swift, Constants.swift (in target 'KanpanCore' from project 'KanpanCore')

SwiftMergeGeneratedHeaders /Users/mdd/zhk/kanpan/DerivedData-chart-foundation-device/Build/Intermediates.noindex/GeneratedModuleMaps-iphoneos/KanpanCore-Swift.h /Users/mdd/zhk/kanpan/DerivedData-chart-foundation-device/Build/Intermediates.noindex/KanpanCore.build/Debug-iphoneos/KanpanCore.build/Objects-normal/arm64/KanpanCore-Swift.h (in target 'KanpanCore' from project 'KanpanCore')
    cd /Users/mdd/zhk/kanpan/KanpanCore
    builtin-swiftHeaderTool -arch arm64 /Users/mdd/zhk/kanpan/DerivedData-chart-foundation-device/Build/Intermediates.noindex/KanpanCore.build/Debug-iphoneos/KanpanCore.build/Objects-normal/arm64/KanpanCore-Swift.h -o /Users/mdd/zhk/kanpan/DerivedData-chart-foundation-device/Build/Intermediates.noindex/GeneratedModuleMaps-iphoneos/KanpanCore-Swift.h

Copy /Users/mdd/zhk/kanpan/DerivedData-chart-foundation-device/Build/Products/Debug-iphoneos/KanpanCore.swiftmodule/arm64-apple-ios.swiftmodule /Users/mdd/zhk/kanpan/DerivedData-chart-foundation-device/Build/Intermediates.noindex/KanpanCore.build/Debug-iphoneos/KanpanCore.build/Objects-normal/arm64/KanpanCore.swiftmodule (in target 'KanpanCore' from project 'KanpanCore')
    cd /Users/mdd/zhk/kanpan/KanpanCore
    builtin-copy -exclude .DS_Store -exclude CVS -exclude .svn -exclude .git -exclude .hg -resolve-src-symlinks -rename /Users/mdd/zhk/kanpan/DerivedData-chart-foundation-device/Build/Intermediates.noindex/KanpanCore.build/Debug-iphoneos/KanpanCore.build/Objects-normal/arm64/KanpanCore.swiftmodule /Users/mdd/zhk/kanpan/DerivedData-chart-foundation-device/Build/Products/Debug-iphoneos/KanpanCore.swiftmodule/arm64-apple-ios.swiftmodule

Copy /Users/mdd/zhk/kanpan/DerivedData-chart-foundation-device/Build/Products/Debug-iphoneos/KanpanCore.swiftmodule/arm64-apple-ios.swiftdoc /Users/mdd/zhk/kanpan/DerivedData-chart-foundation-device/Build/Intermediates.noindex/KanpanCore.build/Debug-iphoneos/KanpanCore.build/Objects-normal/arm64/KanpanCore.swiftdoc (in target 'KanpanCore' from project 'KanpanCore')
    cd /Users/mdd/zhk/kanpan/KanpanCore
    builtin-copy -exclude .DS_Store -exclude CVS -exclude .svn -exclude .git -exclude .hg -resolve-src-symlinks -rename /Users/mdd/zhk/kanpan/DerivedData-chart-foundation-device/Build/Intermediates.noindex/KanpanCore.build/Debug-iphoneos/KanpanCore.build/Objects-normal/arm64/KanpanCore.swiftdoc /Users/mdd/zhk/kanpan/DerivedData-chart-foundation-device/Build/Products/Debug-iphoneos/KanpanCore.swiftmodule/arm64-apple-ios.swiftdoc

Copy /Users/mdd/zhk/kanpan/DerivedData-chart-foundation-device/Build/Products/Debug-iphoneos/KanpanCore.swiftmodule/arm64-apple-ios.abi.json /Users/mdd/zhk/kanpan/DerivedData-chart-foundation-device/Build/Intermediates.noindex/KanpanCore.build/Debug-iphoneos/KanpanCore.build/Objects-normal/arm64/KanpanCore.abi.json (in target 'KanpanCore' from project 'KanpanCore')
    cd /Users/mdd/zhk/kanpan/KanpanCore
    builtin-copy -exclude .DS_Store -exclude CVS -exclude .svn -exclude .git -exclude .hg -resolve-src-symlinks -rename /Users/mdd/zhk/kanpan/DerivedData-chart-foundation-device/Build/Intermediates.noindex/KanpanCore.build/Debug-iphoneos/KanpanCore.build/Objects-normal/arm64/KanpanCore.abi.json /Users/mdd/zhk/kanpan/DerivedData-chart-foundation-device/Build/Products/Debug-iphoneos/KanpanCore.swiftmodule/arm64-apple-ios.abi.json

Copy /Users/mdd/zhk/kanpan/DerivedData-chart-foundation-device/Build/Products/Debug-iphoneos/KanpanCore.swiftmodule/Project/arm64-apple-ios.swiftsourceinfo /Users/mdd/zhk/kanpan/DerivedData-chart-foundation-device/Build/Intermediates.noindex/KanpanCore.build/Debug-iphoneos/KanpanCore.build/Objects-normal/arm64/KanpanCore.swiftsourceinfo (in target 'KanpanCore' from project 'KanpanCore')
    cd /Users/mdd/zhk/kanpan/KanpanCore
    builtin-copy -exclude .DS_Store -exclude CVS -exclude .svn -exclude .git -exclude .hg -resolve-src-symlinks -rename /Users/mdd/zhk/kanpan/DerivedData-chart-foundation-device/Build/Intermediates.noindex/KanpanCore.build/Debug-iphoneos/KanpanCore.build/Objects-normal/arm64/KanpanCore.swiftsourceinfo /Users/mdd/zhk/kanpan/DerivedData-chart-foundation-device/Build/Products/Debug-iphoneos/KanpanCore.swiftmodule/Project/arm64-apple-ios.swiftsourceinfo

SwiftDriver KanpanData normal arm64 com.apple.xcode.tools.swift.compiler (in target 'KanpanData' from project 'KanpanData')
    cd /Users/mdd/zhk/kanpan
    builtin-SwiftDriver -- /Applications/Xcode.app/Contents/Developer/Toolchains/XcodeDefault.xctoolchain/usr/bin/swiftc -module-name KanpanData -Onone @/Users/mdd/zhk/kanpan/DerivedData-chart-foundation-device/Build/Intermediates.noindex/KanpanData.build/Debug-iphoneos/KanpanData.build/Objects-normal/arm64/KanpanData.SwiftFileList -DSWIFT_PACKAGE -DDEBUG -DSWIFT_MODULE_RESOURCE_BUNDLE_UNAVAILABLE -DXcode -plugin-path /Applications/Xcode.app/Contents/Developer/Toolchains/XcodeDefault.xctoolchain/usr/lib/swift/host/plugins/testing -enable-experimental-feature DebugDescriptionMacro -sdk /Applications/Xcode.app/Contents/Developer/Platforms/iPhoneOS.platform/Developer/SDKs/iPhoneOS26.5.sdk -target arm64-apple-ios17.0 -g -module-cache-path /Users/mdd/zhk/kanpan/DerivedData-chart-foundation-device/ModuleCache.noindex -Xfrontend -serialize-debugging-options -enable-testing -suppress-warnings -index-store-path /Users/mdd/zhk/kanpan/DerivedData-chart-foundation-device/Index.noindex/DataStore -Xcc -D_LIBCPP_HARDENING_MODE\=_LIBCPP_HARDENING_MODE_DEBUG -swift-version 6 -I /Users/mdd/zhk/kanpan/DerivedData-chart-foundation-device/Build/Products/Debug-iphoneos -Isystem /Applications/Xcode.app/Contents/Developer/Platforms/iPhoneOS.platform/Developer/usr/lib -F /Users/mdd/zhk/kanpan/DerivedData-chart-foundation-device/Build/Products/Debug-iphoneos/PackageFrameworks -F /Users/mdd/zhk/kanpan/DerivedData-chart-foundation-device/Build/Products/Debug-iphoneos -F /Applications/Xcode.app/Contents/Developer/Platforms/iPhoneOS.platform/Developer/Library/Frameworks -F /Applications/Xcode.app/Contents/Developer/Platforms/iPhoneOS.platform/Developer/SDKs/iPhoneOS26.5.sdk/Developer/Library/Frameworks -c -j10 -enable-batch-mode -incremental -Xcc -ivfsstatcache -Xcc /Users/mdd/zhk/kanpan/DerivedData-chart-foundation-device/SDKStatCaches.noindex/iphoneos26.5-23F81a-32daed1954a7d5dd0789fcaf2a9bb78b.sdkstatcache -output-file-map /Users/mdd/zhk/kanpan/DerivedData-chart-foundation-device/Build/Intermediates.noindex/KanpanData.build/Debug-iphoneos/KanpanData.build/Objects-normal/arm64/KanpanData-OutputFileMap.json -use-frontend-parseable-output -save-temps -no-color-diagnostics -explicit-module-build -module-cache-path /Users/mdd/zhk/kanpan/DerivedData-chart-foundation-device/Build/Intermediates.noindex/SwiftExplicitPrecompiledModules -clang-scanner-module-cache-path /Users/mdd/zhk/kanpan/DerivedData-chart-foundation-device/ModuleCache.noindex -sdk-module-cache-path /Users/mdd/zhk/kanpan/DerivedData-chart-foundation-device/ModuleCache.noindex -serialize-diagnostics -emit-dependencies -emit-module -emit-module-path /Users/mdd/zhk/kanpan/DerivedData-chart-foundation-device/Build/Intermediates.noindex/KanpanData.build/Debug-iphoneos/KanpanData.build/Objects-normal/arm64/KanpanData.swiftmodule -validate-clang-modules-once -clang-build-session-file /Users/mdd/zhk/kanpan/DerivedData-chart-foundation-device/ModuleCache.noindex/Session.modulevalidation -package-name kanpandata -Xcc -I/Users/mdd/zhk/kanpan/DerivedData-chart-foundation-device/Build/Intermediates.noindex/KanpanData.build/Debug-iphoneos/KanpanData.build/swift-overrides.hmap -emit-const-values -Xfrontend -const-gather-protocols-file -Xfrontend /Users/mdd/zhk/kanpan/DerivedData-chart-foundation-device/Build/Intermediates.noindex/KanpanData.build/Debug-iphoneos/KanpanData.build/Objects-normal/arm64/KanpanData_const_extract_protocols.json -Xcc -I/Users/mdd/zhk/kanpan/DerivedData-chart-foundation-device/Build/Products/Debug-iphoneos/include -Xcc -I/Users/mdd/zhk/kanpan/DerivedData-chart-foundation-device/Build/Intermediates.noindex/KanpanData.build/Debug-iphoneos/KanpanData.build/DerivedSources-normal/arm64 -Xcc -I/Users/mdd/zhk/kanpan/DerivedData-chart-foundation-device/Build/Intermediates.noindex/KanpanData.build/Debug-iphoneos/KanpanData.build/DerivedSources/arm64 -Xcc -I/Users/mdd/zhk/kanpan/DerivedData-chart-foundation-device/Build/Intermediates.noindex/KanpanData.build/Debug-iphoneos/KanpanData.build/DerivedSources -Xcc -DSWIFT_PACKAGE -Xcc -DDEBUG\=1 -emit-objc-header -emit-objc-header-path /Users/mdd/zhk/kanpan/DerivedData-chart-foundation-device/Build/Intermediates.noindex/KanpanData.build/Debug-iphoneos/KanpanData.build/Objects-normal/arm64/KanpanData-Swift.h -working-directory /Users/mdd/zhk/kanpan -experimental-emit-module-separately -disable-cmo

SwiftDriverJobDiscovery normal arm64 Compiling IncrementalLines.swift, IndicatorEngine.swift, IndicatorID.swift (in target 'KanpanCore' from project 'KanpanCore')

SwiftDriver KanpanChart normal arm64 com.apple.xcode.tools.swift.compiler (in target 'KanpanChart' from project 'KanpanChart')
    cd /Users/mdd/zhk/kanpan
    builtin-SwiftDriver -- /Applications/Xcode.app/Contents/Developer/Toolchains/XcodeDefault.xctoolchain/usr/bin/swiftc -module-name KanpanChart -Onone @/Users/mdd/zhk/kanpan/DerivedData-chart-foundation-device/Build/Intermediates.noindex/KanpanChart.build/Debug-iphoneos/KanpanChart.build/Objects-normal/arm64/KanpanChart.SwiftFileList -DSWIFT_PACKAGE -DDEBUG -DSWIFT_MODULE_RESOURCE_BUNDLE_UNAVAILABLE -DXcode -plugin-path /Applications/Xcode.app/Contents/Developer/Toolchains/XcodeDefault.xctoolchain/usr/lib/swift/host/plugins/testing -enable-experimental-feature DebugDescriptionMacro -sdk /Applications/Xcode.app/Contents/Developer/Platforms/iPhoneOS.platform/Developer/SDKs/iPhoneOS26.5.sdk -target arm64-apple-ios17.0 -g -module-cache-path /Users/mdd/zhk/kanpan/DerivedData-chart-foundation-device/ModuleCache.noindex -Xfrontend -serialize-debugging-options -enable-testing -suppress-warnings -index-store-path /Users/mdd/zhk/kanpan/DerivedData-chart-foundation-device/Index.noindex/DataStore -Xcc -D_LIBCPP_HARDENING_MODE\=_LIBCPP_HARDENING_MODE_DEBUG -swift-version 6 -I /Users/mdd/zhk/kanpan/DerivedData-chart-foundation-device/Build/Products/Debug-iphoneos -Isystem /Applications/Xcode.app/Contents/Developer/Platforms/iPhoneOS.platform/Developer/usr/lib -F /Users/mdd/zhk/kanpan/DerivedData-chart-foundation-device/Build/Products/Debug-iphoneos/PackageFrameworks -F /Users/mdd/zhk/kanpan/DerivedData-chart-foundation-device/Build/Products/Debug-iphoneos -F /Applications/Xcode.app/Contents/Developer/Platforms/iPhoneOS.platform/Developer/Library/Frameworks -F /Applications/Xcode.app/Contents/Developer/Platforms/iPhoneOS.platform/Developer/SDKs/iPhoneOS26.5.sdk/Developer/Library/Frameworks -c -j10 -enable-batch-mode -incremental -Xcc -ivfsstatcache -Xcc /Users/mdd/zhk/kanpan/DerivedData-chart-foundation-device/SDKStatCaches.noindex/iphoneos26.5-23F81a-32daed1954a7d5dd0789fcaf2a9bb78b.sdkstatcache -output-file-map /Users/mdd/zhk/kanpan/DerivedData-chart-foundation-device/Build/Intermediates.noindex/KanpanChart.build/Debug-iphoneos/KanpanChart.build/Objects-normal/arm64/KanpanChart-OutputFileMap.json -use-frontend-parseable-output -save-temps -no-color-diagnostics -explicit-module-build -module-cache-path /Users/mdd/zhk/kanpan/DerivedData-chart-foundation-device/Build/Intermediates.noindex/SwiftExplicitPrecompiledModules -clang-scanner-module-cache-path /Users/mdd/zhk/kanpan/DerivedData-chart-foundation-device/ModuleCache.noindex -sdk-module-cache-path /Users/mdd/zhk/kanpan/DerivedData-chart-foundation-device/ModuleCache.noindex -serialize-diagnostics -emit-dependencies -emit-module -emit-module-path /Users/mdd/zhk/kanpan/DerivedData-chart-foundation-device/Build/Intermediates.noindex/KanpanChart.build/Debug-iphoneos/KanpanChart.build/Objects-normal/arm64/KanpanChart.swiftmodule -validate-clang-modules-once -clang-build-session-file /Users/mdd/zhk/kanpan/DerivedData-chart-foundation-device/ModuleCache.noindex/Session.modulevalidation -package-name kanpanchart -Xcc -I/Users/mdd/zhk/kanpan/DerivedData-chart-foundation-device/Build/Intermediates.noindex/KanpanChart.build/Debug-iphoneos/KanpanChart.build/swift-overrides.hmap -emit-const-values -Xfrontend -const-gather-protocols-file -Xfrontend /Users/mdd/zhk/kanpan/DerivedData-chart-foundation-device/Build/Intermediates.noindex/KanpanChart.build/Debug-iphoneos/KanpanChart.build/Objects-normal/arm64/KanpanChart_const_extract_protocols.json -Xcc -I/Users/mdd/zhk/kanpan/DerivedData-chart-foundation-device/Build/Products/Debug-iphoneos/include -Xcc -I/Users/mdd/zhk/kanpan/DerivedData-chart-foundation-device/Build/Intermediates.noindex/KanpanChart.build/Debug-iphoneos/KanpanChart.build/DerivedSources-normal/arm64 -Xcc -I/Users/mdd/zhk/kanpan/DerivedData-chart-foundation-device/Build/Intermediates.noindex/KanpanChart.build/Debug-iphoneos/KanpanChart.build/DerivedSources/arm64 -Xcc -I/Users/mdd/zhk/kanpan/DerivedData-chart-foundation-device/Build/Intermediates.noindex/KanpanChart.build/Debug-iphoneos/KanpanChart.build/DerivedSources -Xcc -DSWIFT_PACKAGE -Xcc -DDEBUG\=1 -emit-objc-header -emit-objc-header-path /Users/mdd/zhk/kanpan/DerivedData-chart-foundation-device/Build/Intermediates.noindex/KanpanChart.build/Debug-iphoneos/KanpanChart.build/Objects-normal/arm64/KanpanChart-Swift.h -working-directory /Users/mdd/zhk/kanpan -experimental-emit-module-separately -disable-cmo

SwiftDriverJobDiscovery normal arm64 Compiling Indicators.swift, Math.swift, Aggregator.swift (in target 'KanpanCore' from project 'KanpanCore')

SwiftDriverJobDiscovery normal arm64 Compiling DrawStore.swift, Drawing.swift, Format.swift (in target 'KanpanCore' from project 'KanpanCore')

SwiftDriverJobDiscovery normal arm64 Compiling Fling.swift, Layout.swift, PriceScale.swift (in target 'KanpanCore' from project 'KanpanCore')

SwiftDriverJobDiscovery normal arm64 Compiling AICoinBehavior.swift, ChartOptions.swift, DrawEdit.swift (in target 'KanpanCore' from project 'KanpanCore')

SwiftDriverJobDiscovery normal arm64 Compiling Bar.swift, BarSeries.swift, HeikinAshi.swift (in target 'KanpanCore' from project 'KanpanCore')

SwiftDriverJobDiscovery normal arm64 Compiling Interval.swift, SymbolInfo.swift (in target 'KanpanCore' from project 'KanpanCore')

SwiftDriverJobDiscovery normal arm64 Compiling CandleStyle.swift, Palette.swift (in target 'KanpanCore' from project 'KanpanCore')

SwiftDriverJobDiscovery normal arm64 Compiling Ticks.swift, ViewTransition.swift, ViewWindow.swift (in target 'KanpanCore' from project 'KanpanCore')

SwiftDriver\ Compilation KanpanCore normal arm64 com.apple.xcode.tools.swift.compiler (in target 'KanpanCore' from project 'KanpanCore')
    cd /Users/mdd/zhk/kanpan
    builtin-Swift-Compilation -- /Applications/Xcode.app/Contents/Developer/Toolchains/XcodeDefault.xctoolchain/usr/bin/swiftc -module-name KanpanCore -Onone @/Users/mdd/zhk/kanpan/DerivedData-chart-foundation-device/Build/Intermediates.noindex/KanpanCore.build/Debug-iphoneos/KanpanCore.build/Objects-normal/arm64/KanpanCore.SwiftFileList -DSWIFT_PACKAGE -DDEBUG -DSWIFT_MODULE_RESOURCE_BUNDLE_UNAVAILABLE -DXcode -plugin-path /Applications/Xcode.app/Contents/Developer/Toolchains/XcodeDefault.xctoolchain/usr/lib/swift/host/plugins/testing -enable-experimental-feature DebugDescriptionMacro -sdk /Applications/Xcode.app/Contents/Developer/Platforms/iPhoneOS.platform/Developer/SDKs/iPhoneOS26.5.sdk -target arm64-apple-ios17.0 -g -module-cache-path /Users/mdd/zhk/kanpan/DerivedData-chart-foundation-device/ModuleCache.noindex -Xfrontend -serialize-debugging-options -enable-testing -suppress-warnings -index-store-path /Users/mdd/zhk/kanpan/DerivedData-chart-foundation-device/Index.noindex/DataStore -Xcc -D_LIBCPP_HARDENING_MODE\=_LIBCPP_HARDENING_MODE_DEBUG -swift-version 6 -I /Users/mdd/zhk/kanpan/DerivedData-chart-foundation-device/Build/Products/Debug-iphoneos -Isystem /Applications/Xcode.app/Contents/Developer/Platforms/iPhoneOS.platform/Developer/usr/lib -F /Users/mdd/zhk/kanpan/DerivedData-chart-foundation-device/Build/Products/Debug-iphoneos -F /Applications/Xcode.app/Contents/Developer/Platforms/iPhoneOS.platform/Developer/Library/Frameworks -F /Applications/Xcode.app/Contents/Developer/Platforms/iPhoneOS.platform/Developer/SDKs/iPhoneOS26.5.sdk/Developer/Library/Frameworks -c -j10 -enable-batch-mode -incremental -Xcc -ivfsstatcache -Xcc /Users/mdd/zhk/kanpan/DerivedData-chart-foundation-device/SDKStatCaches.noindex/iphoneos26.5-23F81a-32daed1954a7d5dd0789fcaf2a9bb78b.sdkstatcache -output-file-map /Users/mdd/zhk/kanpan/DerivedData-chart-foundation-device/Build/Intermediates.noindex/KanpanCore.build/Debug-iphoneos/KanpanCore.build/Objects-normal/arm64/KanpanCore-OutputFileMap.json -use-frontend-parseable-output -save-temps -no-color-diagnostics -explicit-module-build -module-cache-path /Users/mdd/zhk/kanpan/DerivedData-chart-foundation-device/Build/Intermediates.noindex/SwiftExplicitPrecompiledModules -clang-scanner-module-cache-path /Users/mdd/zhk/kanpan/DerivedData-chart-foundation-device/ModuleCache.noindex -sdk-module-cache-path /Users/mdd/zhk/kanpan/DerivedData-chart-foundation-device/ModuleCache.noindex -serialize-diagnostics -emit-dependencies -emit-module -emit-module-path /Users/mdd/zhk/kanpan/DerivedData-chart-foundation-device/Build/Intermediates.noindex/KanpanCore.build/Debug-iphoneos/KanpanCore.build/Objects-normal/arm64/KanpanCore.swiftmodule -validate-clang-modules-once -clang-build-session-file /Users/mdd/zhk/kanpan/DerivedData-chart-foundation-device/ModuleCache.noindex/Session.modulevalidation -package-name kanpancore -Xcc -I/Users/mdd/zhk/kanpan/DerivedData-chart-foundation-device/Build/Intermediates.noindex/KanpanCore.build/Debug-iphoneos/KanpanCore.build/swift-overrides.hmap -emit-const-values -Xfrontend -const-gather-protocols-file -Xfrontend /Users/mdd/zhk/kanpan/DerivedData-chart-foundation-device/Build/Intermediates.noindex/KanpanCore.build/Debug-iphoneos/KanpanCore.build/Objects-normal/arm64/KanpanCore_const_extract_protocols.json -Xcc -I/Users/mdd/zhk/kanpan/DerivedData-chart-foundation-device/Build/Products/Debug-iphoneos/include -Xcc -I/Users/mdd/zhk/kanpan/DerivedData-chart-foundation-device/Build/Intermediates.noindex/KanpanCore.build/Debug-iphoneos/KanpanCore.build/DerivedSources-normal/arm64 -Xcc -I/Users/mdd/zhk/kanpan/DerivedData-chart-foundation-device/Build/Intermediates.noindex/KanpanCore.build/Debug-iphoneos/KanpanCore.build/DerivedSources/arm64 -Xcc -I/Users/mdd/zhk/kanpan/DerivedData-chart-foundation-device/Build/Intermediates.noindex/KanpanCore.build/Debug-iphoneos/KanpanCore.build/DerivedSources -Xcc -DSWIFT_PACKAGE -Xcc -DDEBUG\=1 -emit-objc-header -emit-objc-header-path /Users/mdd/zhk/kanpan/DerivedData-chart-foundation-device/Build/Intermediates.noindex/KanpanCore.build/Debug-iphoneos/KanpanCore.build/Objects-normal/arm64/KanpanCore-Swift.h -working-directory /Users/mdd/zhk/kanpan -experimental-emit-module-separately -disable-cmo

Ld /Users/mdd/zhk/kanpan/DerivedData-chart-foundation-device/Build/Products/Debug-iphoneos/KanpanCore.o normal (in target 'KanpanCore' from project 'KanpanCore')
    cd /Users/mdd/zhk/kanpan/KanpanCore
    /Applications/Xcode.app/Contents/Developer/Toolchains/XcodeDefault.xctoolchain/usr/bin/clang -Xlinker -reproducible -target arm64-apple-ios17.0 -r -isysroot /Applications/Xcode.app/Contents/Developer/Platforms/iPhoneOS.platform/Developer/SDKs/iPhoneOS26.5.sdk -O0 -w -F/Users/mdd/zhk/kanpan/DerivedData-chart-foundation-device/Build/Intermediates.noindex/EagerLinkingTBDs/Debug-iphoneos -F/Users/mdd/zhk/kanpan/DerivedData-chart-foundation-device/Build/Products/Debug-iphoneos -iframework /Applications/Xcode.app/Contents/Developer/Platforms/iPhoneOS.platform/Developer/Library/Frameworks -iframework /Applications/Xcode.app/Contents/Developer/Platforms/iPhoneOS.platform/Developer/SDKs/iPhoneOS26.5.sdk/Developer/Library/Frameworks -filelist /Users/mdd/zhk/kanpan/DerivedData-chart-foundation-device/Build/Intermediates.noindex/KanpanCore.build/Debug-iphoneos/KanpanCore.build/Objects-normal/arm64/KanpanCore.LinkFileList -nostdlib -Xlinker -object_path_lto -Xlinker /Users/mdd/zhk/kanpan/DerivedData-chart-foundation-device/Build/Intermediates.noindex/KanpanCore.build/Debug-iphoneos/KanpanCore.build/Objects-normal/arm64/KanpanCore_lto.o -Xlinker -no_deduplicate -Xlinker -dependency_info -Xlinker /Users/mdd/zhk/kanpan/DerivedData-chart-foundation-device/Build/Intermediates.noindex/KanpanCore.build/Debug-iphoneos/KanpanCore.build/Objects-normal/arm64/KanpanCore_dependency_info.dat -fobjc-link-runtime -L/Applications/Xcode.app/Contents/Developer/Toolchains/XcodeDefault.xctoolchain/usr/lib/swift/iphoneos -L/usr/lib/swift -Xlinker -add_ast_path -Xlinker /Users/mdd/zhk/kanpan/DerivedData-chart-foundation-device/Build/Intermediates.noindex/KanpanCore.build/Debug-iphoneos/KanpanCore.build/Objects-normal/arm64/KanpanCore.swiftmodule @/Users/mdd/zhk/kanpan/DerivedData-chart-foundation-device/Build/Intermediates.noindex/KanpanCore.build/Debug-iphoneos/KanpanCore.build/Objects-normal/arm64/KanpanCore-linker-args.resp -o /Users/mdd/zhk/kanpan/DerivedData-chart-foundation-device/Build/Products/Debug-iphoneos/KanpanCore.o

SwiftExplicitDependencyGeneratePcm arm64 /Users/mdd/zhk/kanpan/DerivedData-chart-foundation-device/ModuleCache.noindex/Compression-17DKMTVCBHJTWASN7ZO4I5XWE.pcm

SwiftEmitModule normal arm64 Emitting\ module\ for\ KanpanData (in target 'KanpanData' from project 'KanpanData')
EmitSwiftModule normal arm64 (in target 'KanpanData' from project 'KanpanData')
    cd /Users/mdd/zhk/kanpan
    

SwiftCompile normal arm64 Compiling\ Paths.swift,\ Snapshot.swift /Users/mdd/zhk/kanpan/KanpanData/Sources/KanpanData/Store/Paths.swift /Users/mdd/zhk/kanpan/KanpanData/Sources/KanpanData/Store/Snapshot.swift (in target 'KanpanData' from project 'KanpanData')
SwiftCompile normal arm64 /Users/mdd/zhk/kanpan/KanpanData/Sources/KanpanData/Store/Paths.swift (in target 'KanpanData' from project 'KanpanData')
    cd /Users/mdd/zhk/kanpan
    

SwiftCompile normal arm64 /Users/mdd/zhk/kanpan/KanpanData/Sources/KanpanData/Store/Snapshot.swift (in target 'KanpanData' from project 'KanpanData')
    cd /Users/mdd/zhk/kanpan
    

SwiftCompile normal arm64 Compiling\ Backoff.swift,\ DTO.swift /Users/mdd/zhk/kanpan/KanpanData/Sources/KanpanData/Binance/Backoff.swift /Users/mdd/zhk/kanpan/KanpanData/Sources/KanpanData/Binance/DTO.swift (in target 'KanpanData' from project 'KanpanData')
SwiftCompile normal arm64 /Users/mdd/zhk/kanpan/KanpanData/Sources/KanpanData/Binance/Backoff.swift (in target 'KanpanData' from project 'KanpanData')
    cd /Users/mdd/zhk/kanpan
    

SwiftCompile normal arm64 /Users/mdd/zhk/kanpan/KanpanData/Sources/KanpanData/Binance/DTO.swift (in target 'KanpanData' from project 'KanpanData')
    cd /Users/mdd/zhk/kanpan
    

SwiftCompile normal arm64 Compiling\ RESTClient.swift,\ RateLimiter.swift /Users/mdd/zhk/kanpan/KanpanData/Sources/KanpanData/Binance/RESTClient.swift /Users/mdd/zhk/kanpan/KanpanData/Sources/KanpanData/Binance/RateLimiter.swift (in target 'KanpanData' from project 'KanpanData')

SwiftCompile normal arm64 /Users/mdd/zhk/kanpan/KanpanData/Sources/KanpanData/Binance/RESTClient.swift (in target 'KanpanData' from project 'KanpanData')
    cd /Users/mdd/zhk/kanpan
    

SwiftCompile normal arm64 /Users/mdd/zhk/kanpan/KanpanData/Sources/KanpanData/Binance/RateLimiter.swift (in target 'KanpanData' from project 'KanpanData')
    cd /Users/mdd/zhk/kanpan
    

SwiftCompile normal arm64 Compiling\ SymbolCatalog.swift,\ Zip.swift /Users/mdd/zhk/kanpan/KanpanData/Sources/KanpanData/Store/SymbolCatalog.swift /Users/mdd/zhk/kanpan/KanpanData/Sources/KanpanData/Store/Zip.swift (in target 'KanpanData' from project 'KanpanData')
SwiftCompile normal arm64 /Users/mdd/zhk/kanpan/KanpanData/Sources/KanpanData/Store/SymbolCatalog.swift (in target 'KanpanData' from project 'KanpanData')
    cd /Users/mdd/zhk/kanpan
    

SwiftCompile normal arm64 /Users/mdd/zhk/kanpan/KanpanData/Sources/KanpanData/Store/Zip.swift (in target 'KanpanData' from project 'KanpanData')
    cd /Users/mdd/zhk/kanpan
    

SwiftCompile normal arm64 Compiling\ Endpoints.swift,\ Errors.swift /Users/mdd/zhk/kanpan/KanpanData/Sources/KanpanData/Binance/Endpoints.swift /Users/mdd/zhk/kanpan/KanpanData/Sources/KanpanData/Binance/Errors.swift (in target 'KanpanData' from project 'KanpanData')

SwiftCompile normal arm64 /Users/mdd/zhk/kanpan/KanpanData/Sources/KanpanData/Binance/Endpoints.swift (in target 'KanpanData' from project 'KanpanData')
    cd /Users/mdd/zhk/kanpan
    

SwiftCompile normal arm64 /Users/mdd/zhk/kanpan/KanpanData/Sources/KanpanData/Binance/Errors.swift (in target 'KanpanData' from project 'KanpanData')
    cd /Users/mdd/zhk/kanpan
    

SwiftCompile normal arm64 Compiling\ OIArchive.swift,\ OIStore.swift /Users/mdd/zhk/kanpan/KanpanData/Sources/KanpanData/Store/OIArchive.swift /Users/mdd/zhk/kanpan/KanpanData/Sources/KanpanData/Store/OIStore.swift (in target 'KanpanData' from project 'KanpanData')
SwiftCompile normal arm64 /Users/mdd/zhk/kanpan/KanpanData/Sources/KanpanData/Store/OIArchive.swift (in target 'KanpanData' from project 'KanpanData')
    cd /Users/mdd/zhk/kanpan
    

SwiftCompile normal arm64 /Users/mdd/zhk/kanpan/KanpanData/Sources/KanpanData/Store/OIStore.swift (in target 'KanpanData' from project 'KanpanData')
    cd /Users/mdd/zhk/kanpan
    

SwiftCompile normal arm64 Compiling\ FeedComposer.swift,\ MarketFeed.swift /Users/mdd/zhk/kanpan/KanpanData/Sources/KanpanData/Feed/FeedComposer.swift /Users/mdd/zhk/kanpan/KanpanData/Sources/KanpanData/Feed/MarketFeed.swift (in target 'KanpanData' from project 'KanpanData')
SwiftCompile normal arm64 /Users/mdd/zhk/kanpan/KanpanData/Sources/KanpanData/Feed/FeedComposer.swift (in target 'KanpanData' from project 'KanpanData')
    cd /Users/mdd/zhk/kanpan
    

SwiftCompile normal arm64 /Users/mdd/zhk/kanpan/KanpanData/Sources/KanpanData/Feed/MarketFeed.swift (in target 'KanpanData' from project 'KanpanData')
    cd /Users/mdd/zhk/kanpan
    

SwiftCompile normal arm64 Compiling\ OISource.swift,\ BarCache.swift /Users/mdd/zhk/kanpan/KanpanData/Sources/KanpanData/Feed/OISource.swift /Users/mdd/zhk/kanpan/KanpanData/Sources/KanpanData/Store/BarCache.swift (in target 'KanpanData' from project 'KanpanData')

SwiftCompile normal arm64 /Users/mdd/zhk/kanpan/KanpanData/Sources/KanpanData/Feed/OISource.swift (in target 'KanpanData' from project 'KanpanData')
    cd /Users/mdd/zhk/kanpan
    

SwiftCompile normal arm64 /Users/mdd/zhk/kanpan/KanpanData/Sources/KanpanData/Store/BarCache.swift (in target 'KanpanData' from project 'KanpanData')
    cd /Users/mdd/zhk/kanpan
    

SwiftCompile normal arm64 Compiling\ HTTPTransport.swift,\ Pacer.swift /Users/mdd/zhk/kanpan/KanpanData/Sources/KanpanData/Binance/HTTPTransport.swift /Users/mdd/zhk/kanpan/KanpanData/Sources/KanpanData/Binance/Pacer.swift (in target 'KanpanData' from project 'KanpanData')

SwiftCompile normal arm64 /Users/mdd/zhk/kanpan/KanpanData/Sources/KanpanData/Binance/HTTPTransport.swift (in target 'KanpanData' from project 'KanpanData')
    cd /Users/mdd/zhk/kanpan
    

SwiftCompile normal arm64 /Users/mdd/zhk/kanpan/KanpanData/Sources/KanpanData/Binance/Pacer.swift (in target 'KanpanData' from project 'KanpanData')
    cd /Users/mdd/zhk/kanpan
    

SwiftExplicitDependencyGeneratePcm arm64 /Users/mdd/zhk/kanpan/DerivedData-chart-foundation-device/ModuleCache.noindex/DeveloperToolsSupport-2H8DNZQE7LHBYJOZUN1OTNYOY.pcm

SwiftDriverJobDiscovery normal arm64 Compiling HTTPTransport.swift, Pacer.swift (in target 'KanpanData' from project 'KanpanData')

SwiftExplicitDependencyGeneratePcm arm64 /Users/mdd/zhk/kanpan/DerivedData-chart-foundation-device/ModuleCache.noindex/UniformTypeIdentifiers-3EKTVI5ATY1R31EWOPJJ0VKRZ.pcm

SwiftDriverJobDiscovery normal arm64 Emitting module for KanpanData (in target 'KanpanData' from project 'KanpanData')

SwiftDriver\ Compilation\ Requirements KanpanData normal arm64 com.apple.xcode.tools.swift.compiler (in target 'KanpanData' from project 'KanpanData')
    cd /Users/mdd/zhk/kanpan
    builtin-Swift-Compilation-Requirements -- /Applications/Xcode.app/Contents/Developer/Toolchains/XcodeDefault.xctoolchain/usr/bin/swiftc -module-name KanpanData -Onone @/Users/mdd/zhk/kanpan/DerivedData-chart-foundation-device/Build/Intermediates.noindex/KanpanData.build/Debug-iphoneos/KanpanData.build/Objects-normal/arm64/KanpanData.SwiftFileList -DSWIFT_PACKAGE -DDEBUG -DSWIFT_MODULE_RESOURCE_BUNDLE_UNAVAILABLE -DXcode -plugin-path /Applications/Xcode.app/Contents/Developer/Toolchains/XcodeDefault.xctoolchain/usr/lib/swift/host/plugins/testing -enable-experimental-feature DebugDescriptionMacro -sdk /Applications/Xcode.app/Contents/Developer/Platforms/iPhoneOS.platform/Developer/SDKs/iPhoneOS26.5.sdk -target arm64-apple-ios17.0 -g -module-cache-path /Users/mdd/zhk/kanpan/DerivedData-chart-foundation-device/ModuleCache.noindex -Xfrontend -serialize-debugging-options -enable-testing -suppress-warnings -index-store-path /Users/mdd/zhk/kanpan/DerivedData-chart-foundation-device/Index.noindex/DataStore -Xcc -D_LIBCPP_HARDENING_MODE\=_LIBCPP_HARDENING_MODE_DEBUG -swift-version 6 -I /Users/mdd/zhk/kanpan/DerivedData-chart-foundation-device/Build/Products/Debug-iphoneos -Isystem /Applications/Xcode.app/Contents/Developer/Platforms/iPhoneOS.platform/Developer/usr/lib -F /Users/mdd/zhk/kanpan/DerivedData-chart-foundation-device/Build/Products/Debug-iphoneos/PackageFrameworks -F /Users/mdd/zhk/kanpan/DerivedData-chart-foundation-device/Build/Products/Debug-iphoneos -F /Applications/Xcode.app/Contents/Developer/Platforms/iPhoneOS.platform/Developer/Library/Frameworks -F /Applications/Xcode.app/Contents/Developer/Platforms/iPhoneOS.platform/Developer/SDKs/iPhoneOS26.5.sdk/Developer/Library/Frameworks -c -j10 -enable-batch-mode -incremental -Xcc -ivfsstatcache -Xcc /Users/mdd/zhk/kanpan/DerivedData-chart-foundation-device/SDKStatCaches.noindex/iphoneos26.5-23F81a-32daed1954a7d5dd0789fcaf2a9bb78b.sdkstatcache -output-file-map /Users/mdd/zhk/kanpan/DerivedData-chart-foundation-device/Build/Intermediates.noindex/KanpanData.build/Debug-iphoneos/KanpanData.build/Objects-normal/arm64/KanpanData-OutputFileMap.json -use-frontend-parseable-output -save-temps -no-color-diagnostics -explicit-module-build -module-cache-path /Users/mdd/zhk/kanpan/DerivedData-chart-foundation-device/Build/Intermediates.noindex/SwiftExplicitPrecompiledModules -clang-scanner-module-cache-path /Users/mdd/zhk/kanpan/DerivedData-chart-foundation-device/ModuleCache.noindex -sdk-module-cache-path /Users/mdd/zhk/kanpan/DerivedData-chart-foundation-device/ModuleCache.noindex -serialize-diagnostics -emit-dependencies -emit-module -emit-module-path /Users/mdd/zhk/kanpan/DerivedData-chart-foundation-device/Build/Intermediates.noindex/KanpanData.build/Debug-iphoneos/KanpanData.build/Objects-normal/arm64/KanpanData.swiftmodule -validate-clang-modules-once -clang-build-session-file /Users/mdd/zhk/kanpan/DerivedData-chart-foundation-device/ModuleCache.noindex/Session.modulevalidation -package-name kanpandata -Xcc -I/Users/mdd/zhk/kanpan/DerivedData-chart-foundation-device/Build/Intermediates.noindex/KanpanData.build/Debug-iphoneos/KanpanData.build/swift-overrides.hmap -emit-const-values -Xfrontend -const-gather-protocols-file -Xfrontend /Users/mdd/zhk/kanpan/DerivedData-chart-foundation-device/Build/Intermediates.noindex/KanpanData.build/Debug-iphoneos/KanpanData.build/Objects-normal/arm64/KanpanData_const_extract_protocols.json -Xcc -I/Users/mdd/zhk/kanpan/DerivedData-chart-foundation-device/Build/Products/Debug-iphoneos/include -Xcc -I/Users/mdd/zhk/kanpan/DerivedData-chart-foundation-device/Build/Intermediates.noindex/KanpanData.build/Debug-iphoneos/KanpanData.build/DerivedSources-normal/arm64 -Xcc -I/Users/mdd/zhk/kanpan/DerivedData-chart-foundation-device/Build/Intermediates.noindex/KanpanData.build/Debug-iphoneos/KanpanData.build/DerivedSources/arm64 -Xcc -I/Users/mdd/zhk/kanpan/DerivedData-chart-foundation-device/Build/Intermediates.noindex/KanpanData.build/Debug-iphoneos/KanpanData.build/DerivedSources -Xcc -DSWIFT_PACKAGE -Xcc -DDEBUG\=1 -emit-objc-header -emit-objc-header-path /Users/mdd/zhk/kanpan/DerivedData-chart-foundation-device/Build/Intermediates.noindex/KanpanData.build/Debug-iphoneos/KanpanData.build/Objects-normal/arm64/KanpanData-Swift.h -working-directory /Users/mdd/zhk/kanpan -experimental-emit-module-separately -disable-cmo

SwiftExplicitDependencyGeneratePcm arm64 /Users/mdd/zhk/kanpan/DerivedData-chart-foundation-device/ModuleCache.noindex/DataDetection-2GPEEH6AI8VMDTAZMYEHZGK75.pcm

SwiftMergeGeneratedHeaders /Users/mdd/zhk/kanpan/DerivedData-chart-foundation-device/Build/Intermediates.noindex/GeneratedModuleMaps-iphoneos/KanpanData-Swift.h /Users/mdd/zhk/kanpan/DerivedData-chart-foundation-device/Build/Intermediates.noindex/KanpanData.build/Debug-iphoneos/KanpanData.build/Objects-normal/arm64/KanpanData-Swift.h (in target 'KanpanData' from project 'KanpanData')
    cd /Users/mdd/zhk/kanpan/KanpanData
    builtin-swiftHeaderTool -arch arm64 /Users/mdd/zhk/kanpan/DerivedData-chart-foundation-device/Build/Intermediates.noindex/KanpanData.build/Debug-iphoneos/KanpanData.build/Objects-normal/arm64/KanpanData-Swift.h -o /Users/mdd/zhk/kanpan/DerivedData-chart-foundation-device/Build/Intermediates.noindex/GeneratedModuleMaps-iphoneos/KanpanData-Swift.h

SwiftDriverJobDiscovery normal arm64 Compiling Endpoints.swift, Errors.swift (in target 'KanpanData' from project 'KanpanData')

Copy /Users/mdd/zhk/kanpan/DerivedData-chart-foundation-device/Build/Products/Debug-iphoneos/KanpanData.swiftmodule/arm64-apple-ios.swiftmodule /Users/mdd/zhk/kanpan/DerivedData-chart-foundation-device/Build/Intermediates.noindex/KanpanData.build/Debug-iphoneos/KanpanData.build/Objects-normal/arm64/KanpanData.swiftmodule (in target 'KanpanData' from project 'KanpanData')
    cd /Users/mdd/zhk/kanpan/KanpanData
    builtin-copy -exclude .DS_Store -exclude CVS -exclude .svn -exclude .git -exclude .hg -resolve-src-symlinks -rename /Users/mdd/zhk/kanpan/DerivedData-chart-foundation-device/Build/Intermediates.noindex/KanpanData.build/Debug-iphoneos/KanpanData.build/Objects-normal/arm64/KanpanData.swiftmodule /Users/mdd/zhk/kanpan/DerivedData-chart-foundation-device/Build/Products/Debug-iphoneos/KanpanData.swiftmodule/arm64-apple-ios.swiftmodule

Copy /Users/mdd/zhk/kanpan/DerivedData-chart-foundation-device/Build/Products/Debug-iphoneos/KanpanData.swiftmodule/arm64-apple-ios.swiftdoc /Users/mdd/zhk/kanpan/DerivedData-chart-foundation-device/Build/Intermediates.noindex/KanpanData.build/Debug-iphoneos/KanpanData.build/Objects-normal/arm64/KanpanData.swiftdoc (in target 'KanpanData' from project 'KanpanData')
    cd /Users/mdd/zhk/kanpan/KanpanData
    builtin-copy -exclude .DS_Store -exclude CVS -exclude .svn -exclude .git -exclude .hg -resolve-src-symlinks -rename /Users/mdd/zhk/kanpan/DerivedData-chart-foundation-device/Build/Intermediates.noindex/KanpanData.build/Debug-iphoneos/KanpanData.build/Objects-normal/arm64/KanpanData.swiftdoc /Users/mdd/zhk/kanpan/DerivedData-chart-foundation-device/Build/Products/Debug-iphoneos/KanpanData.swiftmodule/arm64-apple-ios.swiftdoc

Copy /Users/mdd/zhk/kanpan/DerivedData-chart-foundation-device/Build/Products/Debug-iphoneos/KanpanData.swiftmodule/arm64-apple-ios.abi.json /Users/mdd/zhk/kanpan/DerivedData-chart-foundation-device/Build/Intermediates.noindex/KanpanData.build/Debug-iphoneos/KanpanData.build/Objects-normal/arm64/KanpanData.abi.json (in target 'KanpanData' from project 'KanpanData')
    cd /Users/mdd/zhk/kanpan/KanpanData
    builtin-copy -exclude .DS_Store -exclude CVS -exclude .svn -exclude .git -exclude .hg -resolve-src-symlinks -rename /Users/mdd/zhk/kanpan/DerivedData-chart-foundation-device/Build/Intermediates.noindex/KanpanData.build/Debug-iphoneos/KanpanData.build/Objects-normal/arm64/KanpanData.abi.json /Users/mdd/zhk/kanpan/DerivedData-chart-foundation-device/Build/Products/Debug-iphoneos/KanpanData.swiftmodule/arm64-apple-ios.abi.json

Copy /Users/mdd/zhk/kanpan/DerivedData-chart-foundation-device/Build/Products/Debug-iphoneos/KanpanData.swiftmodule/Project/arm64-apple-ios.swiftsourceinfo /Users/mdd/zhk/kanpan/DerivedData-chart-foundation-device/Build/Intermediates.noindex/KanpanData.build/Debug-iphoneos/KanpanData.build/Objects-normal/arm64/KanpanData.swiftsourceinfo (in target 'KanpanData' from project 'KanpanData')
    cd /Users/mdd/zhk/kanpan/KanpanData
    builtin-copy -exclude .DS_Store -exclude CVS -exclude .svn -exclude .git -exclude .hg -resolve-src-symlinks -rename /Users/mdd/zhk/kanpan/DerivedData-chart-foundation-device/Build/Intermediates.noindex/KanpanData.build/Debug-iphoneos/KanpanData.build/Objects-normal/arm64/KanpanData.swiftsourceinfo /Users/mdd/zhk/kanpan/DerivedData-chart-foundation-device/Build/Products/Debug-iphoneos/KanpanData.swiftmodule/Project/arm64-apple-ios.swiftsourceinfo

SwiftExplicitDependencyGeneratePcm arm64 /Users/mdd/zhk/kanpan/DerivedData-chart-foundation-device/ModuleCache.noindex/Symbols-CLB4CSR3IL8I0SD013LLM12U.pcm

SwiftExplicitDependencyGeneratePcm arm64 /Users/mdd/zhk/kanpan/DerivedData-chart-foundation-device/ModuleCache.noindex/_Builtin_intrinsics-47GQO67IIPIG3YITDV0DG8DPR.pcm

SwiftExplicitDependencyGeneratePcm arm64 /Users/mdd/zhk/kanpan/DerivedData-chart-foundation-device/ModuleCache.noindex/CoreGraphics-AOKZ9GV89CB95QGBMOGSP6TU.pcm

SwiftExplicitDependencyGeneratePcm arm64 /Users/mdd/zhk/kanpan/DerivedData-chart-foundation-device/ModuleCache.noindex/UserNotifications-6844IZOW66MDH2VD32UZWW4L0.pcm

SwiftExplicitDependencyGeneratePcm arm64 /Users/mdd/zhk/kanpan/DerivedData-chart-foundation-device/ModuleCache.noindex/UIUtilities-37DQX4GT3XTQUD31I4IN3WX40.pcm

SwiftExplicitDependencyGeneratePcm arm64 /Users/mdd/zhk/kanpan/DerivedData-chart-foundation-device/ModuleCache.noindex/_Builtin_tgmath-4RD104D4M5DLOH265MSNGLL4L.pcm

SwiftExplicitDependencyGeneratePcm arm64 /Users/mdd/zhk/kanpan/DerivedData-chart-foundation-device/ModuleCache.noindex/CoreText-8C2VSB639WEUIK6S4DQ1PZVYM.pcm

SwiftExplicitDependencyGeneratePcm arm64 /Users/mdd/zhk/kanpan/DerivedData-chart-foundation-device/ModuleCache.noindex/ImageIO-ACXV4TK0V3YOJ32IR8FMKNLNV.pcm

SwiftExplicitDependencyGeneratePcm arm64 /Users/mdd/zhk/kanpan/DerivedData-chart-foundation-device/ModuleCache.noindex/FileProvider-AMIMVNI9NAZS37LCCR169WRW4.pcm

SwiftExplicitDependencyGeneratePcm arm64 /Users/mdd/zhk/kanpan/DerivedData-chart-foundation-device/ModuleCache.noindex/IOSurface-AOFE014MIY37G0IGAYR5C9LOV.pcm

SwiftExplicitDependencyGeneratePcm arm64 /Users/mdd/zhk/kanpan/DerivedData-chart-foundation-device/ModuleCache.noindex/CoreTransferable-6F4ZFJVU3D2EH2EVR1521QSWY.pcm

SwiftExplicitDependencyGeneratePcm arm64 /Users/mdd/zhk/kanpan/DerivedData-chart-foundation-device/ModuleCache.noindex/_Builtin_stdatomic-9I6D6ODX1VO6VPDYS0Z97PIS2.pcm

SwiftExplicitDependencyGeneratePcm arm64 /Users/mdd/zhk/kanpan/DerivedData-chart-foundation-device/ModuleCache.noindex/Metal-A124E2JPULVVOEDG23ZKVY4L4.pcm

SwiftExplicitDependencyGeneratePcm arm64 /Users/mdd/zhk/kanpan/DerivedData-chart-foundation-device/ModuleCache.noindex/OpenGLES-8ELQ9XWM15UU9H2VP8HZO50HU.pcm

SwiftExplicitDependencyGeneratePcm arm64 /Users/mdd/zhk/kanpan/DerivedData-chart-foundation-device/ModuleCache.noindex/Accessibility-2WGXALI5940PXBCQN6MS3OOH0.pcm

SwiftDriverJobDiscovery normal arm64 Compiling OISource.swift, BarCache.swift (in target 'KanpanData' from project 'KanpanData')

SwiftExplicitDependencyGeneratePcm arm64 /Users/mdd/zhk/kanpan/DerivedData-chart-foundation-device/ModuleCache.noindex/MachO-CH4BZDEMAZHZTGEKNNB51ZBKX.pcm

SwiftExplicitDependencyGeneratePcm arm64 /Users/mdd/zhk/kanpan/DerivedData-chart-foundation-device/ModuleCache.noindex/simd-CRC3HTT9XDHMHN2571YGP8N8X.pcm

SwiftDriverJobDiscovery normal arm64 Compiling RESTClient.swift, RateLimiter.swift (in target 'KanpanData' from project 'KanpanData')

SwiftCompile normal arm64 Compiling\ WSClient.swift,\ WSSocket.swift /Users/mdd/zhk/kanpan/KanpanData/Sources/KanpanData/Binance/WSClient.swift /Users/mdd/zhk/kanpan/KanpanData/Sources/KanpanData/Binance/WSSocket.swift (in target 'KanpanData' from project 'KanpanData')

SwiftCompile normal arm64 /Users/mdd/zhk/kanpan/KanpanData/Sources/KanpanData/Binance/WSClient.swift (in target 'KanpanData' from project 'KanpanData')
    cd /Users/mdd/zhk/kanpan
    

SwiftCompile normal arm64 /Users/mdd/zhk/kanpan/KanpanData/Sources/KanpanData/Binance/WSSocket.swift (in target 'KanpanData' from project 'KanpanData')
    cd /Users/mdd/zhk/kanpan
    

SwiftExplicitDependencyGeneratePcm arm64 /Users/mdd/zhk/kanpan/DerivedData-chart-foundation-device/ModuleCache.noindex/os-E6BP920NES475O52BSMOFVV2V.pcm

ExtractAppIntentsMetadata (in target 'KanpanCore' from project 'KanpanCore')
    cd /Users/mdd/zhk/kanpan/KanpanCore
    /Applications/Xcode.app/Contents/Developer/Toolchains/XcodeDefault.xctoolchain/usr/bin/appintentsmetadataprocessor --toolchain-dir /Applications/Xcode.app/Contents/Developer/Toolchains/XcodeDefault.xctoolchain --module-name KanpanCore --sdk-root /Applications/Xcode.app/Contents/Developer/Platforms/iPhoneOS.platform/Developer/SDKs/iPhoneOS26.5.sdk --xcode-version 17F113 --platform-family iOS --deployment-target 17.0 --bundle-identifier kanpancore.KanpanCore --output /Users/mdd/zhk/kanpan/DerivedData-chart-foundation-device/Build/Products/Debug-iphoneos/KanpanCore.appintents --target-triple arm64-apple-ios17.0 --binary-file /Users/mdd/zhk/kanpan/DerivedData-chart-foundation-device/Build/Products/Debug-iphoneos/KanpanCore.o --dependency-file /Users/mdd/zhk/kanpan/DerivedData-chart-foundation-device/Build/Intermediates.noindex/KanpanCore.build/Debug-iphoneos/KanpanCore.build/Objects-normal/arm64/KanpanCore_dependency_info.dat --stringsdata-file /Users/mdd/zhk/kanpan/DerivedData-chart-foundation-device/Build/Intermediates.noindex/KanpanCore.build/Debug-iphoneos/KanpanCore.build/Objects-normal/arm64/ExtractedAppShortcutsMetadata.stringsdata --source-file-list /Users/mdd/zhk/kanpan/DerivedData-chart-foundation-device/Build/Intermediates.noindex/KanpanCore.build/Debug-iphoneos/KanpanCore.build/Objects-normal/arm64/KanpanCore.SwiftFileList --metadata-file-list /Users/mdd/zhk/kanpan/DerivedData-chart-foundation-device/Build/Intermediates.noindex/KanpanCore.build/Debug-iphoneos/KanpanCore.build/KanpanCore.DependencyMetadataFileList --static-metadata-file-list /Users/mdd/zhk/kanpan/DerivedData-chart-foundation-device/Build/Intermediates.noindex/KanpanCore.build/Debug-iphoneos/KanpanCore.build/KanpanCore.DependencyStaticMetadataFileList --swift-const-vals-list /Users/mdd/zhk/kanpan/DerivedData-chart-foundation-device/Build/Intermediates.noindex/KanpanCore.build/Debug-iphoneos/KanpanCore.build/Objects-normal/arm64/KanpanCore.SwiftConstValuesFileList --force --compile-time-extraction --deployment-aware-processing --validate-assistant-intents --no-app-shortcuts-localization
2026-09-14 23:42:16.712 appintentsmetadataprocessor[88317:31636199] Starting appintentsmetadataprocessor export
2026-09-14 23:42:16.739 appintentsmetadataprocessor[88317:31636199] Extracted no relevant App Intents symbols, skipping writing output

SwiftDriverJobDiscovery normal arm64 Compiling Paths.swift, Snapshot.swift (in target 'KanpanData' from project 'KanpanData')

SwiftExplicitDependencyGeneratePcm arm64 /Users/mdd/zhk/kanpan/DerivedData-chart-foundation-device/ModuleCache.noindex/OSLog-8C3PPJZI8NRT45BXEBS2L1OOL.pcm

RegisterExecutionPolicyException /Users/mdd/zhk/kanpan/DerivedData-chart-foundation-device/Build/Products/Debug-iphoneos/KanpanCore.o (in target 'KanpanCore' from project 'KanpanCore')
    cd /Users/mdd/zhk/kanpan/KanpanCore
    builtin-RegisterExecutionPolicyException /Users/mdd/zhk/kanpan/DerivedData-chart-foundation-device/Build/Products/Debug-iphoneos/KanpanCore.o

SwiftExplicitDependencyGeneratePcm arm64 /Users/mdd/zhk/kanpan/DerivedData-chart-foundation-device/ModuleCache.noindex/CoreVideo-4DDOSRH4X30W8NL66HIXLIHJX.pcm

SwiftDriverJobDiscovery normal arm64 Compiling Backoff.swift, DTO.swift (in target 'KanpanData' from project 'KanpanData')

SwiftDriverJobDiscovery normal arm64 Compiling SymbolCatalog.swift, Zip.swift (in target 'KanpanData' from project 'KanpanData')

SwiftExplicitDependencyGeneratePcm arm64 /Users/mdd/zhk/kanpan/DerivedData-chart-foundation-device/ModuleCache.noindex/CoreImage-4PTCZWCKY8FKQT9GYOSQAJ8F7.pcm

SwiftExplicitDependencyGeneratePcm arm64 /Users/mdd/zhk/kanpan/DerivedData-chart-foundation-device/ModuleCache.noindex/QuartzCore-72Y8ESQA7KMPDZ1SISLPBYKSJ.pcm

SwiftDriverJobDiscovery normal arm64 Compiling OIArchive.swift, OIStore.swift (in target 'KanpanData' from project 'KanpanData')

SwiftExplicitDependencyGeneratePcm arm64 /Users/mdd/zhk/kanpan/DerivedData-chart-foundation-device/ModuleCache.noindex/SwiftUICore-8YUSQX8W26F8WUASA8FKQ3AL6.pcm

SwiftExplicitDependencyGeneratePcm arm64 /Users/mdd/zhk/kanpan/DerivedData-chart-foundation-device/ModuleCache.noindex/UIKit-UU8S6BSM63A1RPL1FNRRTY68.pcm

SwiftDriverJobDiscovery normal arm64 Compiling FeedComposer.swift, MarketFeed.swift (in target 'KanpanData' from project 'KanpanData')

SwiftDriverJobDiscovery normal arm64 Compiling WSClient.swift, WSSocket.swift (in target 'KanpanData' from project 'KanpanData')

SwiftExplicitDependencyGeneratePcm arm64 /Users/mdd/zhk/kanpan/DerivedData-chart-foundation-device/ModuleCache.noindex/Spatial-4ZMABWFV85LT9RW8QZVUV5AZ9.pcm

SwiftDriver\ Compilation KanpanData normal arm64 com.apple.xcode.tools.swift.compiler (in target 'KanpanData' from project 'KanpanData')
    cd /Users/mdd/zhk/kanpan
    builtin-Swift-Compilation -- /Applications/Xcode.app/Contents/Developer/Toolchains/XcodeDefault.xctoolchain/usr/bin/swiftc -module-name KanpanData -Onone @/Users/mdd/zhk/kanpan/DerivedData-chart-foundation-device/Build/Intermediates.noindex/KanpanData.build/Debug-iphoneos/KanpanData.build/Objects-normal/arm64/KanpanData.SwiftFileList -DSWIFT_PACKAGE -DDEBUG -DSWIFT_MODULE_RESOURCE_BUNDLE_UNAVAILABLE -DXcode -plugin-path /Applications/Xcode.app/Contents/Developer/Toolchains/XcodeDefault.xctoolchain/usr/lib/swift/host/plugins/testing -enable-experimental-feature DebugDescriptionMacro -sdk /Applications/Xcode.app/Contents/Developer/Platforms/iPhoneOS.platform/Developer/SDKs/iPhoneOS26.5.sdk -target arm64-apple-ios17.0 -g -module-cache-path /Users/mdd/zhk/kanpan/DerivedData-chart-foundation-device/ModuleCache.noindex -Xfrontend -serialize-debugging-options -enable-testing -suppress-warnings -index-store-path /Users/mdd/zhk/kanpan/DerivedData-chart-foundation-device/Index.noindex/DataStore -Xcc -D_LIBCPP_HARDENING_MODE\=_LIBCPP_HARDENING_MODE_DEBUG -swift-version 6 -I /Users/mdd/zhk/kanpan/DerivedData-chart-foundation-device/Build/Products/Debug-iphoneos -Isystem /Applications/Xcode.app/Contents/Developer/Platforms/iPhoneOS.platform/Developer/usr/lib -F /Users/mdd/zhk/kanpan/DerivedData-chart-foundation-device/Build/Products/Debug-iphoneos/PackageFrameworks -F /Users/mdd/zhk/kanpan/DerivedData-chart-foundation-device/Build/Products/Debug-iphoneos -F /Applications/Xcode.app/Contents/Developer/Platforms/iPhoneOS.platform/Developer/Library/Frameworks -F /Applications/Xcode.app/Contents/Developer/Platforms/iPhoneOS.platform/Developer/SDKs/iPhoneOS26.5.sdk/Developer/Library/Frameworks -c -j10 -enable-batch-mode -incremental -Xcc -ivfsstatcache -Xcc /Users/mdd/zhk/kanpan/DerivedData-chart-foundation-device/SDKStatCaches.noindex/iphoneos26.5-23F81a-32daed1954a7d5dd0789fcaf2a9bb78b.sdkstatcache -output-file-map /Users/mdd/zhk/kanpan/DerivedData-chart-foundation-device/Build/Intermediates.noindex/KanpanData.build/Debug-iphoneos/KanpanData.build/Objects-normal/arm64/KanpanData-OutputFileMap.json -use-frontend-parseable-output -save-temps -no-color-diagnostics -explicit-module-build -module-cache-path /Users/mdd/zhk/kanpan/DerivedData-chart-foundation-device/Build/Intermediates.noindex/SwiftExplicitPrecompiledModules -clang-scanner-module-cache-path /Users/mdd/zhk/kanpan/DerivedData-chart-foundation-device/ModuleCache.noindex -sdk-module-cache-path /Users/mdd/zhk/kanpan/DerivedData-chart-foundation-device/ModuleCache.noindex -serialize-diagnostics -emit-dependencies -emit-module -emit-module-path /Users/mdd/zhk/kanpan/DerivedData-chart-foundation-device/Build/Intermediates.noindex/KanpanData.build/Debug-iphoneos/KanpanData.build/Objects-normal/arm64/KanpanData.swiftmodule -validate-clang-modules-once -clang-build-session-file /Users/mdd/zhk/kanpan/DerivedData-chart-foundation-device/ModuleCache.noindex/Session.modulevalidation -package-name kanpandata -Xcc -I/Users/mdd/zhk/kanpan/DerivedData-chart-foundation-device/Build/Intermediates.noindex/KanpanData.build/Debug-iphoneos/KanpanData.build/swift-overrides.hmap -emit-const-values -Xfrontend -const-gather-protocols-file -Xfrontend /Users/mdd/zhk/kanpan/DerivedData-chart-foundation-device/Build/Intermediates.noindex/KanpanData.build/Debug-iphoneos/KanpanData.build/Objects-normal/arm64/KanpanData_const_extract_protocols.json -Xcc -I/Users/mdd/zhk/kanpan/DerivedData-chart-foundation-device/Build/Products/Debug-iphoneos/include -Xcc -I/Users/mdd/zhk/kanpan/DerivedData-chart-foundation-device/Build/Intermediates.noindex/KanpanData.build/Debug-iphoneos/KanpanData.build/DerivedSources-normal/arm64 -Xcc -I/Users/mdd/zhk/kanpan/DerivedData-chart-foundation-device/Build/Intermediates.noindex/KanpanData.build/Debug-iphoneos/KanpanData.build/DerivedSources/arm64 -Xcc -I/Users/mdd/zhk/kanpan/DerivedData-chart-foundation-device/Build/Intermediates.noindex/KanpanData.build/Debug-iphoneos/KanpanData.build/DerivedSources -Xcc -DSWIFT_PACKAGE -Xcc -DDEBUG\=1 -emit-objc-header -emit-objc-header-path /Users/mdd/zhk/kanpan/DerivedData-chart-foundation-device/Build/Intermediates.noindex/KanpanData.build/Debug-iphoneos/KanpanData.build/Objects-normal/arm64/KanpanData-Swift.h -working-directory /Users/mdd/zhk/kanpan -experimental-emit-module-separately -disable-cmo

Ld /Users/mdd/zhk/kanpan/DerivedData-chart-foundation-device/Build/Products/Debug-iphoneos/KanpanData.o normal (in target 'KanpanData' from project 'KanpanData')
    cd /Users/mdd/zhk/kanpan/KanpanData
    /Applications/Xcode.app/Contents/Developer/Toolchains/XcodeDefault.xctoolchain/usr/bin/clang -Xlinker -reproducible -target arm64-apple-ios17.0 -r -isysroot /Applications/Xcode.app/Contents/Developer/Platforms/iPhoneOS.platform/Developer/SDKs/iPhoneOS26.5.sdk -O0 -w -F/Users/mdd/zhk/kanpan/DerivedData-chart-foundation-device/Build/Intermediates.noindex/EagerLinkingTBDs/Debug-iphoneos -F/Users/mdd/zhk/kanpan/DerivedData-chart-foundation-device/Build/Products/Debug-iphoneos/PackageFrameworks -F/Users/mdd/zhk/kanpan/DerivedData-chart-foundation-device/Build/Products/Debug-iphoneos -iframework /Applications/Xcode.app/Contents/Developer/Platforms/iPhoneOS.platform/Developer/Library/Frameworks -iframework /Applications/Xcode.app/Contents/Developer/Platforms/iPhoneOS.platform/Developer/SDKs/iPhoneOS26.5.sdk/Developer/Library/Frameworks -filelist /Users/mdd/zhk/kanpan/DerivedData-chart-foundation-device/Build/Intermediates.noindex/KanpanData.build/Debug-iphoneos/KanpanData.build/Objects-normal/arm64/KanpanData.LinkFileList -nostdlib -Xlinker -object_path_lto -Xlinker /Users/mdd/zhk/kanpan/DerivedData-chart-foundation-device/Build/Intermediates.noindex/KanpanData.build/Debug-iphoneos/KanpanData.build/Objects-normal/arm64/KanpanData_lto.o -Xlinker -no_deduplicate -Xlinker -dependency_info -Xlinker /Users/mdd/zhk/kanpan/DerivedData-chart-foundation-device/Build/Intermediates.noindex/KanpanData.build/Debug-iphoneos/KanpanData.build/Objects-normal/arm64/KanpanData_dependency_info.dat -fobjc-link-runtime -L/Applications/Xcode.app/Contents/Developer/Toolchains/XcodeDefault.xctoolchain/usr/lib/swift/iphoneos -L/usr/lib/swift -Xlinker -add_ast_path -Xlinker /Users/mdd/zhk/kanpan/DerivedData-chart-foundation-device/Build/Intermediates.noindex/KanpanData.build/Debug-iphoneos/KanpanData.build/Objects-normal/arm64/KanpanData.swiftmodule @/Users/mdd/zhk/kanpan/DerivedData-chart-foundation-device/Build/Intermediates.noindex/KanpanData.build/Debug-iphoneos/KanpanData.build/Objects-normal/arm64/KanpanData-linker-args.resp -o /Users/mdd/zhk/kanpan/DerivedData-chart-foundation-device/Build/Products/Debug-iphoneos/KanpanData.o

ExtractAppIntentsMetadata (in target 'KanpanData' from project 'KanpanData')
    cd /Users/mdd/zhk/kanpan/KanpanData
    /Applications/Xcode.app/Contents/Developer/Toolchains/XcodeDefault.xctoolchain/usr/bin/appintentsmetadataprocessor --toolchain-dir /Applications/Xcode.app/Contents/Developer/Toolchains/XcodeDefault.xctoolchain --module-name KanpanData --sdk-root /Applications/Xcode.app/Contents/Developer/Platforms/iPhoneOS.platform/Developer/SDKs/iPhoneOS26.5.sdk --xcode-version 17F113 --platform-family iOS --deployment-target 17.0 --bundle-identifier kanpandata.KanpanData --output /Users/mdd/zhk/kanpan/DerivedData-chart-foundation-device/Build/Products/Debug-iphoneos/KanpanData.appintents --target-triple arm64-apple-ios17.0 --binary-file /Users/mdd/zhk/kanpan/DerivedData-chart-foundation-device/Build/Products/Debug-iphoneos/KanpanData.o --dependency-file /Users/mdd/zhk/kanpan/DerivedData-chart-foundation-device/Build/Intermediates.noindex/KanpanData.build/Debug-iphoneos/KanpanData.build/Objects-normal/arm64/KanpanData_dependency_info.dat --stringsdata-file /Users/mdd/zhk/kanpan/DerivedData-chart-foundation-device/Build/Intermediates.noindex/KanpanData.build/Debug-iphoneos/KanpanData.build/Objects-normal/arm64/ExtractedAppShortcutsMetadata.stringsdata --source-file-list /Users/mdd/zhk/kanpan/DerivedData-chart-foundation-device/Build/Intermediates.noindex/KanpanData.build/Debug-iphoneos/KanpanData.build/Objects-normal/arm64/KanpanData.SwiftFileList --metadata-file-list /Users/mdd/zhk/kanpan/DerivedData-chart-foundation-device/Build/Intermediates.noindex/KanpanData.build/Debug-iphoneos/KanpanData.build/KanpanData.DependencyMetadataFileList --static-metadata-file-list /Users/mdd/zhk/kanpan/DerivedData-chart-foundation-device/Build/Intermediates.noindex/KanpanData.build/Debug-iphoneos/KanpanData.build/KanpanData.DependencyStaticMetadataFileList --swift-const-vals-list /Users/mdd/zhk/kanpan/DerivedData-chart-foundation-device/Build/Intermediates.noindex/KanpanData.build/Debug-iphoneos/KanpanData.build/Objects-normal/arm64/KanpanData.SwiftConstValuesFileList --force --compile-time-extraction --deployment-aware-processing --validate-assistant-intents --no-app-shortcuts-localization
2026-09-14 23:42:17.458 appintentsmetadataprocessor[88327:31636247] Starting appintentsmetadataprocessor export
2026-09-14 23:42:17.469 appintentsmetadataprocessor[88327:31636247] Extracted no relevant App Intents symbols, skipping writing output

RegisterExecutionPolicyException /Users/mdd/zhk/kanpan/DerivedData-chart-foundation-device/Build/Products/Debug-iphoneos/KanpanData.o (in target 'KanpanData' from project 'KanpanData')
    cd /Users/mdd/zhk/kanpan/KanpanData
    builtin-RegisterExecutionPolicyException /Users/mdd/zhk/kanpan/DerivedData-chart-foundation-device/Build/Products/Debug-iphoneos/KanpanData.o

SwiftCompile normal arm64 Compiling\ ChartState.swift /Users/mdd/zhk/kanpan/KanpanChart/Sources/KanpanChart/ChartState.swift (in target 'KanpanChart' from project 'KanpanChart')

SwiftCompile normal arm64 /Users/mdd/zhk/kanpan/KanpanChart/Sources/KanpanChart/ChartState.swift (in target 'KanpanChart' from project 'KanpanChart')
    cd /Users/mdd/zhk/kanpan
    

SwiftEmitModule normal arm64 Emitting\ module\ for\ KanpanChart (in target 'KanpanChart' from project 'KanpanChart')
EmitSwiftModule normal arm64 (in target 'KanpanChart' from project 'KanpanChart')
    cd /Users/mdd/zhk/kanpan
    

SwiftCompile normal arm64 Compiling\ ChartRenderer+Probe.swift /Users/mdd/zhk/kanpan/KanpanChart/Sources/KanpanChart/ChartRenderer+Probe.swift (in target 'KanpanChart' from project 'KanpanChart')
SwiftCompile normal arm64 /Users/mdd/zhk/kanpan/KanpanChart/Sources/KanpanChart/ChartRenderer+Probe.swift (in target 'KanpanChart' from project 'KanpanChart')
    cd /Users/mdd/zhk/kanpan
    

SwiftCompile normal arm64 Compiling\ ChartView+Drawing.swift /Users/mdd/zhk/kanpan/KanpanChart/Sources/KanpanChart/ChartView+Drawing.swift (in target 'KanpanChart' from project 'KanpanChart')
SwiftCompile normal arm64 /Users/mdd/zhk/kanpan/KanpanChart/Sources/KanpanChart/ChartView+Drawing.swift (in target 'KanpanChart' from project 'KanpanChart')
    cd /Users/mdd/zhk/kanpan
    

SwiftCompile normal arm64 Compiling\ ChartView.swift /Users/mdd/zhk/kanpan/KanpanChart/Sources/KanpanChart/ChartView.swift (in target 'KanpanChart' from project 'KanpanChart')
SwiftCompile normal arm64 /Users/mdd/zhk/kanpan/KanpanChart/Sources/KanpanChart/ChartView.swift (in target 'KanpanChart' from project 'KanpanChart')
    cd /Users/mdd/zhk/kanpan
    

SwiftCompile normal arm64 Compiling\ ChartRenderer+Sub.swift /Users/mdd/zhk/kanpan/KanpanChart/Sources/KanpanChart/ChartRenderer+Sub.swift (in target 'KanpanChart' from project 'KanpanChart')

SwiftCompile normal arm64 /Users/mdd/zhk/kanpan/KanpanChart/Sources/KanpanChart/ChartRenderer+Sub.swift (in target 'KanpanChart' from project 'KanpanChart')
    cd /Users/mdd/zhk/kanpan
    

SwiftCompile normal arm64 Compiling\ ChartRenderer+Layers.swift /Users/mdd/zhk/kanpan/KanpanChart/Sources/KanpanChart/ChartRenderer+Layers.swift (in target 'KanpanChart' from project 'KanpanChart')

SwiftCompile normal arm64 /Users/mdd/zhk/kanpan/KanpanChart/Sources/KanpanChart/ChartRenderer+Layers.swift (in target 'KanpanChart' from project 'KanpanChart')
    cd /Users/mdd/zhk/kanpan
    

SwiftCompile normal arm64 Compiling\ ChartRenderer.swift /Users/mdd/zhk/kanpan/KanpanChart/Sources/KanpanChart/ChartRenderer.swift (in target 'KanpanChart' from project 'KanpanChart')

SwiftCompile normal arm64 /Users/mdd/zhk/kanpan/KanpanChart/Sources/KanpanChart/ChartRenderer.swift (in target 'KanpanChart' from project 'KanpanChart')
    cd /Users/mdd/zhk/kanpan
    

SwiftCompile normal arm64 Compiling\ Paint.swift /Users/mdd/zhk/kanpan/KanpanChart/Sources/KanpanChart/Paint.swift (in target 'KanpanChart' from project 'KanpanChart')

SwiftCompile normal arm64 /Users/mdd/zhk/kanpan/KanpanChart/Sources/KanpanChart/Paint.swift (in target 'KanpanChart' from project 'KanpanChart')
    cd /Users/mdd/zhk/kanpan
    

SwiftCompile normal arm64 Compiling\ ChartView+Gesture.swift /Users/mdd/zhk/kanpan/KanpanChart/Sources/KanpanChart/ChartView+Gesture.swift (in target 'KanpanChart' from project 'KanpanChart')

SwiftCompile normal arm64 /Users/mdd/zhk/kanpan/KanpanChart/Sources/KanpanChart/ChartView+Gesture.swift (in target 'KanpanChart' from project 'KanpanChart')
    cd /Users/mdd/zhk/kanpan
    

SwiftDriverJobDiscovery normal arm64 Compiling ChartState.swift (in target 'KanpanChart' from project 'KanpanChart')

SwiftDriverJobDiscovery normal arm64 Emitting module for KanpanChart (in target 'KanpanChart' from project 'KanpanChart')

SwiftDriver\ Compilation\ Requirements KanpanChart normal arm64 com.apple.xcode.tools.swift.compiler (in target 'KanpanChart' from project 'KanpanChart')
    cd /Users/mdd/zhk/kanpan
    builtin-Swift-Compilation-Requirements -- /Applications/Xcode.app/Contents/Developer/Toolchains/XcodeDefault.xctoolchain/usr/bin/swiftc -module-name KanpanChart -Onone @/Users/mdd/zhk/kanpan/DerivedData-chart-foundation-device/Build/Intermediates.noindex/KanpanChart.build/Debug-iphoneos/KanpanChart.build/Objects-normal/arm64/KanpanChart.SwiftFileList -DSWIFT_PACKAGE -DDEBUG -DSWIFT_MODULE_RESOURCE_BUNDLE_UNAVAILABLE -DXcode -plugin-path /Applications/Xcode.app/Contents/Developer/Toolchains/XcodeDefault.xctoolchain/usr/lib/swift/host/plugins/testing -enable-experimental-feature DebugDescriptionMacro -sdk /Applications/Xcode.app/Contents/Developer/Platforms/iPhoneOS.platform/Developer/SDKs/iPhoneOS26.5.sdk -target arm64-apple-ios17.0 -g -module-cache-path /Users/mdd/zhk/kanpan/DerivedData-chart-foundation-device/ModuleCache.noindex -Xfrontend -serialize-debugging-options -enable-testing -suppress-warnings -index-store-path /Users/mdd/zhk/kanpan/DerivedData-chart-foundation-device/Index.noindex/DataStore -Xcc -D_LIBCPP_HARDENING_MODE\=_LIBCPP_HARDENING_MODE_DEBUG -swift-version 6 -I /Users/mdd/zhk/kanpan/DerivedData-chart-foundation-device/Build/Products/Debug-iphoneos -Isystem /Applications/Xcode.app/Contents/Developer/Platforms/iPhoneOS.platform/Developer/usr/lib -F /Users/mdd/zhk/kanpan/DerivedData-chart-foundation-device/Build/Products/Debug-iphoneos/PackageFrameworks -F /Users/mdd/zhk/kanpan/DerivedData-chart-foundation-device/Build/Products/Debug-iphoneos -F /Applications/Xcode.app/Contents/Developer/Platforms/iPhoneOS.platform/Developer/Library/Frameworks -F /Applications/Xcode.app/Contents/Developer/Platforms/iPhoneOS.platform/Developer/SDKs/iPhoneOS26.5.sdk/Developer/Library/Frameworks -c -j10 -enable-batch-mode -incremental -Xcc -ivfsstatcache -Xcc /Users/mdd/zhk/kanpan/DerivedData-chart-foundation-device/SDKStatCaches.noindex/iphoneos26.5-23F81a-32daed1954a7d5dd0789fcaf2a9bb78b.sdkstatcache -output-file-map /Users/mdd/zhk/kanpan/DerivedData-chart-foundation-device/Build/Intermediates.noindex/KanpanChart.build/Debug-iphoneos/KanpanChart.build/Objects-normal/arm64/KanpanChart-OutputFileMap.json -use-frontend-parseable-output -save-temps -no-color-diagnostics -explicit-module-build -module-cache-path /Users/mdd/zhk/kanpan/DerivedData-chart-foundation-device/Build/Intermediates.noindex/SwiftExplicitPrecompiledModules -clang-scanner-module-cache-path /Users/mdd/zhk/kanpan/DerivedData-chart-foundation-device/ModuleCache.noindex -sdk-module-cache-path /Users/mdd/zhk/kanpan/DerivedData-chart-foundation-device/ModuleCache.noindex -serialize-diagnostics -emit-dependencies -emit-module -emit-module-path /Users/mdd/zhk/kanpan/DerivedData-chart-foundation-device/Build/Intermediates.noindex/KanpanChart.build/Debug-iphoneos/KanpanChart.build/Objects-normal/arm64/KanpanChart.swiftmodule -validate-clang-modules-once -clang-build-session-file /Users/mdd/zhk/kanpan/DerivedData-chart-foundation-device/ModuleCache.noindex/Session.modulevalidation -package-name kanpanchart -Xcc -I/Users/mdd/zhk/kanpan/DerivedData-chart-foundation-device/Build/Intermediates.noindex/KanpanChart.build/Debug-iphoneos/KanpanChart.build/swift-overrides.hmap -emit-const-values -Xfrontend -const-gather-protocols-file -Xfrontend /Users/mdd/zhk/kanpan/DerivedData-chart-foundation-device/Build/Intermediates.noindex/KanpanChart.build/Debug-iphoneos/KanpanChart.build/Objects-normal/arm64/KanpanChart_const_extract_protocols.json -Xcc -I/Users/mdd/zhk/kanpan/DerivedData-chart-foundation-device/Build/Products/Debug-iphoneos/include -Xcc -I/Users/mdd/zhk/kanpan/DerivedData-chart-foundation-device/Build/Intermediates.noindex/KanpanChart.build/Debug-iphoneos/KanpanChart.build/DerivedSources-normal/arm64 -Xcc -I/Users/mdd/zhk/kanpan/DerivedData-chart-foundation-device/Build/Intermediates.noindex/KanpanChart.build/Debug-iphoneos/KanpanChart.build/DerivedSources/arm64 -Xcc -I/Users/mdd/zhk/kanpan/DerivedData-chart-foundation-device/Build/Intermediates.noindex/KanpanChart.build/Debug-iphoneos/KanpanChart.build/DerivedSources -Xcc -DSWIFT_PACKAGE -Xcc -DDEBUG\=1 -emit-objc-header -emit-objc-header-path /Users/mdd/zhk/kanpan/DerivedData-chart-foundation-device/Build/Intermediates.noindex/KanpanChart.build/Debug-iphoneos/KanpanChart.build/Objects-normal/arm64/KanpanChart-Swift.h -working-directory /Users/mdd/zhk/kanpan -experimental-emit-module-separately -disable-cmo

SwiftMergeGeneratedHeaders /Users/mdd/zhk/kanpan/DerivedData-chart-foundation-device/Build/Intermediates.noindex/GeneratedModuleMaps-iphoneos/KanpanChart-Swift.h /Users/mdd/zhk/kanpan/DerivedData-chart-foundation-device/Build/Intermediates.noindex/KanpanChart.build/Debug-iphoneos/KanpanChart.build/Objects-normal/arm64/KanpanChart-Swift.h (in target 'KanpanChart' from project 'KanpanChart')
    cd /Users/mdd/zhk/kanpan/KanpanChart
    builtin-swiftHeaderTool -arch arm64 /Users/mdd/zhk/kanpan/DerivedData-chart-foundation-device/Build/Intermediates.noindex/KanpanChart.build/Debug-iphoneos/KanpanChart.build/Objects-normal/arm64/KanpanChart-Swift.h -o /Users/mdd/zhk/kanpan/DerivedData-chart-foundation-device/Build/Intermediates.noindex/GeneratedModuleMaps-iphoneos/KanpanChart-Swift.h

Copy /Users/mdd/zhk/kanpan/DerivedData-chart-foundation-device/Build/Products/Debug-iphoneos/KanpanChart.swiftmodule/arm64-apple-ios.swiftmodule /Users/mdd/zhk/kanpan/DerivedData-chart-foundation-device/Build/Intermediates.noindex/KanpanChart.build/Debug-iphoneos/KanpanChart.build/Objects-normal/arm64/KanpanChart.swiftmodule (in target 'KanpanChart' from project 'KanpanChart')
    cd /Users/mdd/zhk/kanpan/KanpanChart
    builtin-copy -exclude .DS_Store -exclude CVS -exclude .svn -exclude .git -exclude .hg -resolve-src-symlinks -rename /Users/mdd/zhk/kanpan/DerivedData-chart-foundation-device/Build/Intermediates.noindex/KanpanChart.build/Debug-iphoneos/KanpanChart.build/Objects-normal/arm64/KanpanChart.swiftmodule /Users/mdd/zhk/kanpan/DerivedData-chart-foundation-device/Build/Products/Debug-iphoneos/KanpanChart.swiftmodule/arm64-apple-ios.swiftmodule

Copy /Users/mdd/zhk/kanpan/DerivedData-chart-foundation-device/Build/Products/Debug-iphoneos/KanpanChart.swiftmodule/arm64-apple-ios.swiftdoc /Users/mdd/zhk/kanpan/DerivedData-chart-foundation-device/Build/Intermediates.noindex/KanpanChart.build/Debug-iphoneos/KanpanChart.build/Objects-normal/arm64/KanpanChart.swiftdoc (in target 'KanpanChart' from project 'KanpanChart')
    cd /Users/mdd/zhk/kanpan/KanpanChart
    builtin-copy -exclude .DS_Store -exclude CVS -exclude .svn -exclude .git -exclude .hg -resolve-src-symlinks -rename /Users/mdd/zhk/kanpan/DerivedData-chart-foundation-device/Build/Intermediates.noindex/KanpanChart.build/Debug-iphoneos/KanpanChart.build/Objects-normal/arm64/KanpanChart.swiftdoc /Users/mdd/zhk/kanpan/DerivedData-chart-foundation-device/Build/Products/Debug-iphoneos/KanpanChart.swiftmodule/arm64-apple-ios.swiftdoc

Copy /Users/mdd/zhk/kanpan/DerivedData-chart-foundation-device/Build/Products/Debug-iphoneos/KanpanChart.swiftmodule/arm64-apple-ios.abi.json /Users/mdd/zhk/kanpan/DerivedData-chart-foundation-device/Build/Intermediates.noindex/KanpanChart.build/Debug-iphoneos/KanpanChart.build/Objects-normal/arm64/KanpanChart.abi.json (in target 'KanpanChart' from project 'KanpanChart')
    cd /Users/mdd/zhk/kanpan/KanpanChart
    builtin-copy -exclude .DS_Store -exclude CVS -exclude .svn -exclude .git -exclude .hg -resolve-src-symlinks -rename /Users/mdd/zhk/kanpan/DerivedData-chart-foundation-device/Build/Intermediates.noindex/KanpanChart.build/Debug-iphoneos/KanpanChart.build/Objects-normal/arm64/KanpanChart.abi.json /Users/mdd/zhk/kanpan/DerivedData-chart-foundation-device/Build/Products/Debug-iphoneos/KanpanChart.swiftmodule/arm64-apple-ios.abi.json

Copy /Users/mdd/zhk/kanpan/DerivedData-chart-foundation-device/Build/Products/Debug-iphoneos/KanpanChart.swiftmodule/Project/arm64-apple-ios.swiftsourceinfo /Users/mdd/zhk/kanpan/DerivedData-chart-foundation-device/Build/Intermediates.noindex/KanpanChart.build/Debug-iphoneos/KanpanChart.build/Objects-normal/arm64/KanpanChart.swiftsourceinfo (in target 'KanpanChart' from project 'KanpanChart')
    cd /Users/mdd/zhk/kanpan/KanpanChart
    builtin-copy -exclude .DS_Store -exclude CVS -exclude .svn -exclude .git -exclude .hg -resolve-src-symlinks -rename /Users/mdd/zhk/kanpan/DerivedData-chart-foundation-device/Build/Intermediates.noindex/KanpanChart.build/Debug-iphoneos/KanpanChart.build/Objects-normal/arm64/KanpanChart.swiftsourceinfo /Users/mdd/zhk/kanpan/DerivedData-chart-foundation-device/Build/Products/Debug-iphoneos/KanpanChart.swiftmodule/Project/arm64-apple-ios.swiftsourceinfo

ProcessProductPackaging /Users/mdd/Library/Developer/Xcode/UserData/Provisioning\ Profiles/5293a111-32ef-468a-935c-3371af81f9dd.mobileprovision /Users/mdd/zhk/kanpan/DerivedData-chart-foundation-device/Build/Products/Debug-iphoneos/Kanpan.app/embedded.mobileprovision (in target 'Kanpan' from project 'Kanpan')
    cd /Users/mdd/zhk/kanpan/Kanpan
    builtin-productPackagingUtility /Users/mdd/Library/Developer/Xcode/UserData/Provisioning\ Profiles/5293a111-32ef-468a-935c-3371af81f9dd.mobileprovision -o /Users/mdd/zhk/kanpan/DerivedData-chart-foundation-device/Build/Products/Debug-iphoneos/Kanpan.app/embedded.mobileprovision

ProcessProductPackaging "" /Users/mdd/zhk/kanpan/DerivedData-chart-foundation-device/Build/Intermediates.noindex/Kanpan.build/Debug-iphoneos/Kanpan.build/Kanpan.app.xcent (in target 'Kanpan' from project 'Kanpan')
    cd /Users/mdd/zhk/kanpan/Kanpan
    
    Entitlements:
    
    {
    "application-identifier" = "27Y32PT2HZ.com.mdd.kanpan";
    "com.apple.developer.team-identifier" = 27Y32PT2HZ;
    "get-task-allow" = 1;
}
    
    builtin-productPackagingUtility -entitlements -format xml -o /Users/mdd/zhk/kanpan/DerivedData-chart-foundation-device/Build/Intermediates.noindex/Kanpan.build/Debug-iphoneos/Kanpan.build/Kanpan.app.xcent

ProcessProductPackagingDER /Users/mdd/zhk/kanpan/DerivedData-chart-foundation-device/Build/Intermediates.noindex/Kanpan.build/Debug-iphoneos/Kanpan.build/Kanpan.app.xcent /Users/mdd/zhk/kanpan/DerivedData-chart-foundation-device/Build/Intermediates.noindex/Kanpan.build/Debug-iphoneos/Kanpan.build/Kanpan.app.xcent.der (in target 'Kanpan' from project 'Kanpan')
    cd /Users/mdd/zhk/kanpan/Kanpan
    /usr/bin/derq query -f xml -i /Users/mdd/zhk/kanpan/DerivedData-chart-foundation-device/Build/Intermediates.noindex/Kanpan.build/Debug-iphoneos/Kanpan.build/Kanpan.app.xcent -o /Users/mdd/zhk/kanpan/DerivedData-chart-foundation-device/Build/Intermediates.noindex/Kanpan.build/Debug-iphoneos/Kanpan.build/Kanpan.app.xcent.der --raw

MkDir /Users/mdd/zhk/kanpan/DerivedData-chart-foundation-device/Build/Intermediates.noindex/Kanpan.build/Debug-iphoneos/Kanpan.build/assetcatalog_output/unthinned (in target 'Kanpan' from project 'Kanpan')
    cd /Users/mdd/zhk/kanpan/Kanpan
    /bin/mkdir -p /Users/mdd/zhk/kanpan/DerivedData-chart-foundation-device/Build/Intermediates.noindex/Kanpan.build/Debug-iphoneos/Kanpan.build/assetcatalog_output/unthinned

MkDir /Users/mdd/zhk/kanpan/DerivedData-chart-foundation-device/Build/Intermediates.noindex/Kanpan.build/Debug-iphoneos/Kanpan.build/assetcatalog_output/thinned (in target 'Kanpan' from project 'Kanpan')
    cd /Users/mdd/zhk/kanpan/Kanpan
    /bin/mkdir -p /Users/mdd/zhk/kanpan/DerivedData-chart-foundation-device/Build/Intermediates.noindex/Kanpan.build/Debug-iphoneos/Kanpan.build/assetcatalog_output/thinned

GenerateAssetSymbols /Users/mdd/zhk/kanpan/Kanpan/Kanpan/Assets.xcassets (in target 'Kanpan' from project 'Kanpan')
    cd /Users/mdd/zhk/kanpan/Kanpan
    /Applications/Xcode.app/Contents/Developer/usr/bin/actool /Users/mdd/zhk/kanpan/Kanpan/Kanpan/Assets.xcassets --compile /Users/mdd/zhk/kanpan/DerivedData-chart-foundation-device/Build/Products/Debug-iphoneos/Kanpan.app --output-format human-readable-text --notices --warnings --export-dependency-info /Users/mdd/zhk/kanpan/DerivedData-chart-foundation-device/Build/Intermediates.noindex/Kanpan.build/Debug-iphoneos/Kanpan.build/assetcatalog_dependencies --output-partial-info-plist /Users/mdd/zhk/kanpan/DerivedData-chart-foundation-device/Build/Intermediates.noindex/Kanpan.build/Debug-iphoneos/Kanpan.build/assetcatalog_generated_info.plist --app-icon AppIcon --accent-color AccentColor --compress-pngs --enable-on-demand-resources YES --development-region zh-Hans --target-device iphone --target-device ipad --minimum-deployment-target 17.0 --platform iphoneos --bundle-identifier com.mdd.kanpan --generate-swift-asset-symbol-extensions NO --generate-swift-asset-symbols /Users/mdd/zhk/kanpan/DerivedData-chart-foundation-device/Build/Intermediates.noindex/Kanpan.build/Debug-iphoneos/Kanpan.build/DerivedSources/GeneratedAssetSymbols.swift --generate-objc-asset-symbols /Users/mdd/zhk/kanpan/DerivedData-chart-foundation-device/Build/Intermediates.noindex/Kanpan.build/Debug-iphoneos/Kanpan.build/DerivedSources/GeneratedAssetSymbols.h --generate-asset-symbol-index /Users/mdd/zhk/kanpan/DerivedData-chart-foundation-device/Build/Intermediates.noindex/Kanpan.build/Debug-iphoneos/Kanpan.build/DerivedSources/GeneratedAssetSymbols-Index.plist
/* com.apple.actool.compilation-results */
/Users/mdd/zhk/kanpan/DerivedData-chart-foundation-device/Build/Intermediates.noindex/Kanpan.build/Debug-iphoneos/Kanpan.build/DerivedSources/GeneratedAssetSymbols-Index.plist
/Users/mdd/zhk/kanpan/DerivedData-chart-foundation-device/Build/Intermediates.noindex/Kanpan.build/Debug-iphoneos/Kanpan.build/DerivedSources/GeneratedAssetSymbols.h
/Users/mdd/zhk/kanpan/DerivedData-chart-foundation-device/Build/Intermediates.noindex/Kanpan.build/Debug-iphoneos/Kanpan.build/DerivedSources/GeneratedAssetSymbols.swift


CompileAssetCatalogVariant thinned /Users/mdd/zhk/kanpan/DerivedData-chart-foundation-device/Build/Products/Debug-iphoneos/Kanpan.app /Users/mdd/zhk/kanpan/Kanpan/Kanpan/Assets.xcassets (in target 'Kanpan' from project 'Kanpan')
    cd /Users/mdd/zhk/kanpan/Kanpan
    /Applications/Xcode.app/Contents/Developer/usr/bin/actool /Users/mdd/zhk/kanpan/Kanpan/Kanpan/Assets.xcassets --compile /Users/mdd/zhk/kanpan/DerivedData-chart-foundation-device/Build/Intermediates.noindex/Kanpan.build/Debug-iphoneos/Kanpan.build/assetcatalog_output/thinned --output-format human-readable-text --notices --warnings --export-dependency-info /Users/mdd/zhk/kanpan/DerivedData-chart-foundation-device/Build/Intermediates.noindex/Kanpan.build/Debug-iphoneos/Kanpan.build/assetcatalog_dependencies_thinned --output-partial-info-plist /Users/mdd/zhk/kanpan/DerivedData-chart-foundation-device/Build/Intermediates.noindex/Kanpan.build/Debug-iphoneos/Kanpan.build/assetcatalog_generated_info.plist_thinned --app-icon AppIcon --accent-color AccentColor --compress-pngs --enable-on-demand-resources YES --development-region zh-Hans --target-device iphone --target-device ipad --minimum-deployment-target 17.0 --platform iphoneos
/* com.apple.actool.compilation-results */
/Users/mdd/zhk/kanpan/DerivedData-chart-foundation-device/Build/Intermediates.noindex/Kanpan.build/Debug-iphoneos/Kanpan.build/assetcatalog_generated_info.plist_thinned


LinkAssetCatalog /Users/mdd/zhk/kanpan/Kanpan/Kanpan/Assets.xcassets (in target 'Kanpan' from project 'Kanpan')
    cd /Users/mdd/zhk/kanpan/Kanpan
    builtin-linkAssetCatalog --thinned /Users/mdd/zhk/kanpan/DerivedData-chart-foundation-device/Build/Intermediates.noindex/Kanpan.build/Debug-iphoneos/Kanpan.build/assetcatalog_output/thinned --thinned-dependencies /Users/mdd/zhk/kanpan/DerivedData-chart-foundation-device/Build/Intermediates.noindex/Kanpan.build/Debug-iphoneos/Kanpan.build/assetcatalog_dependencies_thinned --thinned-info-plist-content /Users/mdd/zhk/kanpan/DerivedData-chart-foundation-device/Build/Intermediates.noindex/Kanpan.build/Debug-iphoneos/Kanpan.build/assetcatalog_generated_info.plist_thinned --unthinned /Users/mdd/zhk/kanpan/DerivedData-chart-foundation-device/Build/Intermediates.noindex/Kanpan.build/Debug-iphoneos/Kanpan.build/assetcatalog_output/unthinned --unthinned-dependencies /Users/mdd/zhk/kanpan/DerivedData-chart-foundation-device/Build/Intermediates.noindex/Kanpan.build/Debug-iphoneos/Kanpan.build/assetcatalog_dependencies_unthinned --unthinned-info-plist-content /Users/mdd/zhk/kanpan/DerivedData-chart-foundation-device/Build/Intermediates.noindex/Kanpan.build/Debug-iphoneos/Kanpan.build/assetcatalog_generated_info.plist_unthinned --output /Users/mdd/zhk/kanpan/DerivedData-chart-foundation-device/Build/Products/Debug-iphoneos/Kanpan.app --plist-output /Users/mdd/zhk/kanpan/DerivedData-chart-foundation-device/Build/Intermediates.noindex/Kanpan.build/Debug-iphoneos/Kanpan.build/assetcatalog_generated_info.plist

SwiftDriver Kanpan normal arm64 com.apple.xcode.tools.swift.compiler (in target 'Kanpan' from project 'Kanpan')
    cd /Users/mdd/zhk/kanpan/Kanpan
    builtin-SwiftDriver -- /Applications/Xcode.app/Contents/Developer/Toolchains/XcodeDefault.xctoolchain/usr/bin/swiftc -module-name Kanpan -Onone @/Users/mdd/zhk/kanpan/DerivedData-chart-foundation-device/Build/Intermediates.noindex/Kanpan.build/Debug-iphoneos/Kanpan.build/Objects-normal/arm64/Kanpan.SwiftFileList -DDEBUG -enable-experimental-feature DebugDescriptionMacro -sdk /Applications/Xcode.app/Contents/Developer/Platforms/iPhoneOS.platform/Developer/SDKs/iPhoneOS26.5.sdk -target arm64-apple-ios17.0 -g -module-cache-path /Users/mdd/zhk/kanpan/DerivedData-chart-foundation-device/ModuleCache.noindex -Xfrontend -serialize-debugging-options -enable-testing -index-store-path /Users/mdd/zhk/kanpan/DerivedData-chart-foundation-device/Index.noindex/DataStore -Xcc -D_LIBCPP_HARDENING_MODE\=_LIBCPP_HARDENING_MODE_DEBUG -swift-version 6 -I /Users/mdd/zhk/kanpan/DerivedData-chart-foundation-device/Build/Products/Debug-iphoneos -F /Users/mdd/zhk/kanpan/DerivedData-chart-foundation-device/Build/Products/Debug-iphoneos/PackageFrameworks -F /Users/mdd/zhk/kanpan/DerivedData-chart-foundation-device/Build/Products/Debug-iphoneos/PackageFrameworks -F /Users/mdd/zhk/kanpan/DerivedData-chart-foundation-device/Build/Products/Debug-iphoneos/PackageFrameworks -F /Users/mdd/zhk/kanpan/DerivedData-chart-foundation-device/Build/Products/Debug-iphoneos -emit-localized-strings -emit-localized-strings-path /Users/mdd/zhk/kanpan/DerivedData-chart-foundation-device/Build/Intermediates.noindex/Kanpan.build/Debug-iphoneos/Kanpan.build/Objects-normal/arm64 -c -j10 -enable-batch-mode -incremental -Xcc -ivfsstatcache -Xcc /Users/mdd/zhk/kanpan/DerivedData-chart-foundation-device/SDKStatCaches.noindex/iphoneos26.5-23F81a-32daed1954a7d5dd0789fcaf2a9bb78b.sdkstatcache -output-file-map /Users/mdd/zhk/kanpan/DerivedData-chart-foundation-device/Build/Intermediates.noindex/Kanpan.build/Debug-iphoneos/Kanpan.build/Objects-normal/arm64/Kanpan-OutputFileMap.json -use-frontend-parseable-output -save-temps -no-color-diagnostics -explicit-module-build -module-cache-path /Users/mdd/zhk/kanpan/DerivedData-chart-foundation-device/Build/Intermediates.noindex/SwiftExplicitPrecompiledModules -clang-scanner-module-cache-path /Users/mdd/zhk/kanpan/DerivedData-chart-foundation-device/ModuleCache.noindex -sdk-module-cache-path /Users/mdd/zhk/kanpan/DerivedData-chart-foundation-device/ModuleCache.noindex -serialize-diagnostics -emit-dependencies -emit-module -emit-module-path /Users/mdd/zhk/kanpan/DerivedData-chart-foundation-device/Build/Intermediates.noindex/Kanpan.build/Debug-iphoneos/Kanpan.build/Objects-normal/arm64/Kanpan.swiftmodule -validate-clang-modules-once -clang-build-session-file /Users/mdd/zhk/kanpan/DerivedData-chart-foundation-device/ModuleCache.noindex/Session.modulevalidation -Xcc -I/Users/mdd/zhk/kanpan/DerivedData-chart-foundation-device/Build/Intermediates.noindex/Kanpan.build/Debug-iphoneos/Kanpan.build/swift-overrides.hmap -emit-const-values -Xfrontend -const-gather-protocols-file -Xfrontend /Users/mdd/zhk/kanpan/DerivedData-chart-foundation-device/Build/Intermediates.noindex/Kanpan.build/Debug-iphoneos/Kanpan.build/Objects-normal/arm64/Kanpan_const_extract_protocols.json -Xcc -iquote -Xcc /Users/mdd/zhk/kanpan/DerivedData-chart-foundation-device/Build/Intermediates.noindex/Kanpan.build/Debug-iphoneos/Kanpan.build/Kanpan-generated-files.hmap -Xcc -I/Users/mdd/zhk/kanpan/DerivedData-chart-foundation-device/Build/Intermediates.noindex/Kanpan.build/Debug-iphoneos/Kanpan.build/Kanpan-own-target-headers.hmap -Xcc -I/Users/mdd/zhk/kanpan/DerivedData-chart-foundation-device/Build/Intermediates.noindex/Kanpan.build/Debug-iphoneos/Kanpan.build/Kanpan-all-non-framework-target-headers.hmap -Xcc -ivfsoverlay -Xcc /Users/mdd/zhk/kanpan/DerivedData-chart-foundation-device/Build/Intermediates.noindex/Kanpan.build/Debug-iphoneos/Kanpan-88f8e4f6458ff7f878983357411ed85c-VFS-iphoneos/all-product-headers.yaml -Xcc -iquote -Xcc /Users/mdd/zhk/kanpan/DerivedData-chart-foundation-device/Build/Intermediates.noindex/Kanpan.build/Debug-iphoneos/Kanpan.build/Kanpan-project-headers.hmap -Xcc -I/Users/mdd/zhk/kanpan/DerivedData-chart-foundation-device/Build/Products/Debug-iphoneos/include -Xcc -I/Users/mdd/zhk/kanpan/DerivedData-chart-foundation-device/Build/Intermediates.noindex/Kanpan.build/Debug-iphoneos/Kanpan.build/DerivedSources-normal/arm64 -Xcc -I/Users/mdd/zhk/kanpan/DerivedData-chart-foundation-device/Build/Intermediates.noindex/Kanpan.build/Debug-iphoneos/Kanpan.build/DerivedSources/arm64 -Xcc -I/Users/mdd/zhk/kanpan/DerivedData-chart-foundation-device/Build/Intermediates.noindex/Kanpan.build/Debug-iphoneos/Kanpan.build/DerivedSources -emit-objc-header -emit-objc-header-path /Users/mdd/zhk/kanpan/DerivedData-chart-foundation-device/Build/Intermediates.noindex/Kanpan.build/Debug-iphoneos/Kanpan.build/Objects-normal/arm64/Kanpan-Swift.h -working-directory /Users/mdd/zhk/kanpan/Kanpan -experimental-emit-module-separately -disable-cmo

SwiftDriverJobDiscovery normal arm64 Compiling ChartRenderer+Probe.swift (in target 'KanpanChart' from project 'KanpanChart')

SwiftExplicitDependencyGeneratePcm arm64 /Users/mdd/zhk/kanpan/DerivedData-chart-foundation-device/ModuleCache.noindex/_Builtin_float-8XGG0WYKRFEZCY1HGF10S9Z2T.pcm

SwiftExplicitDependencyGeneratePcm arm64 /Users/mdd/zhk/kanpan/DerivedData-chart-foundation-device/ModuleCache.noindex/ptrcheck-4CSNFQ3L9SUWIXB3VRKV1P0ZD.pcm

SwiftExplicitDependencyGeneratePcm arm64 /Users/mdd/zhk/kanpan/DerivedData-chart-foundation-device/ModuleCache.noindex/SwiftShims-9Y0EFU43H3TNJ88GTYL7DSJVW.pcm

SwiftExplicitDependencyGeneratePcm arm64 /Users/mdd/zhk/kanpan/DerivedData-chart-foundation-device/ModuleCache.noindex/_Builtin_stdbool-1HFBFS4XVR4GHTKC30REE9TIZ.pcm

SwiftExplicitDependencyGeneratePcm arm64 /Users/mdd/zhk/kanpan/DerivedData-chart-foundation-device/ModuleCache.noindex/_AvailabilityInternal-BSLBH1M0BF9JRMZO5ANSE31II.pcm

SwiftExplicitDependencyGeneratePcm arm64 /Users/mdd/zhk/kanpan/DerivedData-chart-foundation-device/ModuleCache.noindex/_SwiftConcurrencyShims-1AVSACBT6Z9CCK4RBWQMZU353.pcm

SwiftExplicitDependencyGeneratePcm arm64 /Users/mdd/zhk/kanpan/DerivedData-chart-foundation-device/ModuleCache.noindex/_Builtin_stddef-9X144CYJZLX86CGAJ2HVY3ITS.pcm

SwiftExplicitDependencyGeneratePcm arm64 /Users/mdd/zhk/kanpan/DerivedData-chart-foundation-device/ModuleCache.noindex/DeveloperToolsSupport-CA9Y0JMWC9OW7RSP16N6API8K.pcm

SwiftExplicitDependencyGeneratePcm arm64 /Users/mdd/zhk/kanpan/DerivedData-chart-foundation-device/ModuleCache.noindex/_Builtin_stdarg-43ZXY874V0K122Y60KPXL44JJ.pcm

SwiftExplicitDependencyGeneratePcm arm64 /Users/mdd/zhk/kanpan/DerivedData-chart-foundation-device/ModuleCache.noindex/_DarwinFoundation1-8LLI6660MOF9GB67ADDUS70M3.pcm

SwiftExplicitDependencyGeneratePcm arm64 /Users/mdd/zhk/kanpan/DerivedData-chart-foundation-device/ModuleCache.noindex/ptrauth-CL6JTA66WL8EK6ZLLEB3SNX94.pcm

SwiftExplicitDependencyGeneratePcm arm64 /Users/mdd/zhk/kanpan/DerivedData-chart-foundation-device/ModuleCache.noindex/_DarwinFoundation2-C97XFLNUI5D510X66FYHJC320.pcm

SwiftExplicitDependencyGeneratePcm arm64 /Users/mdd/zhk/kanpan/DerivedData-chart-foundation-device/ModuleCache.noindex/_Builtin_limits-7O1L3Y4E5GW6EO3NOWQMJVP91.pcm

SwiftExplicitDependencyGeneratePcm arm64 /Users/mdd/zhk/kanpan/DerivedData-chart-foundation-device/ModuleCache.noindex/_Builtin_stdint-5L6HOYRM3K8C745V6POMN4FA.pcm

SwiftExplicitDependencyGeneratePcm arm64 /Users/mdd/zhk/kanpan/DerivedData-chart-foundation-device/ModuleCache.noindex/sys_types-3XUHUL5F76E6WWUQN6BCQOCBW.pcm

SwiftExplicitDependencyGeneratePcm arm64 /Users/mdd/zhk/kanpan/DerivedData-chart-foundation-device/ModuleCache.noindex/_Builtin_tgmath-64DY0KOCIBQ7ELYZCAN6015OZ.pcm

SwiftExplicitDependencyGeneratePcm arm64 /Users/mdd/zhk/kanpan/DerivedData-chart-foundation-device/ModuleCache.noindex/_Builtin_intrinsics-9GVTXBE59NTZYZWINC15C3SZE.pcm

SwiftExplicitDependencyGeneratePcm arm64 /Users/mdd/zhk/kanpan/DerivedData-chart-foundation-device/ModuleCache.noindex/_Builtin_stdatomic-7AT09QXXTQ16861F9G45V0TXY.pcm

SwiftExplicitDependencyGeneratePcm arm64 /Users/mdd/zhk/kanpan/DerivedData-chart-foundation-device/ModuleCache.noindex/_DarwinFoundation3-98USCSGEQKLZ5UDKXYD5IXWH3.pcm

SwiftExplicitDependencyGeneratePcm arm64 /Users/mdd/zhk/kanpan/DerivedData-chart-foundation-device/ModuleCache.noindex/_Builtin_inttypes-EGC0FYGPINN6K54DN8B8CFU8B.pcm

SwiftExplicitDependencyGeneratePcm arm64 /Users/mdd/zhk/kanpan/DerivedData-chart-foundation-device/ModuleCache.noindex/Darwin-714SU5CKA54HHNX77K793TTHZ.pcm

SwiftExplicitDependencyGeneratePcm arm64 /Users/mdd/zhk/kanpan/DerivedData-chart-foundation-device/ModuleCache.noindex/simd-7ZOFNTHVM1A1BHEUQB0V05JJF.pcm

SwiftDriverJobDiscovery normal arm64 Compiling ChartRenderer+Layers.swift (in target 'KanpanChart' from project 'KanpanChart')

SwiftDriverJobDiscovery normal arm64 Compiling Paint.swift (in target 'KanpanChart' from project 'KanpanChart')

SwiftDriverJobDiscovery normal arm64 Compiling ChartRenderer+Sub.swift (in target 'KanpanChart' from project 'KanpanChart')

SwiftDriverJobDiscovery normal arm64 Compiling ChartView+Gesture.swift (in target 'KanpanChart' from project 'KanpanChart')

SwiftDriverJobDiscovery normal arm64 Compiling ChartRenderer.swift (in target 'KanpanChart' from project 'KanpanChart')

SwiftDriverJobDiscovery normal arm64 Compiling ChartView+Drawing.swift (in target 'KanpanChart' from project 'KanpanChart')

SwiftDriverJobDiscovery normal arm64 Compiling ChartView.swift (in target 'KanpanChart' from project 'KanpanChart')

SwiftDriver\ Compilation KanpanChart normal arm64 com.apple.xcode.tools.swift.compiler (in target 'KanpanChart' from project 'KanpanChart')
    cd /Users/mdd/zhk/kanpan
    builtin-Swift-Compilation -- /Applications/Xcode.app/Contents/Developer/Toolchains/XcodeDefault.xctoolchain/usr/bin/swiftc -module-name KanpanChart -Onone @/Users/mdd/zhk/kanpan/DerivedData-chart-foundation-device/Build/Intermediates.noindex/KanpanChart.build/Debug-iphoneos/KanpanChart.build/Objects-normal/arm64/KanpanChart.SwiftFileList -DSWIFT_PACKAGE -DDEBUG -DSWIFT_MODULE_RESOURCE_BUNDLE_UNAVAILABLE -DXcode -plugin-path /Applications/Xcode.app/Contents/Developer/Toolchains/XcodeDefault.xctoolchain/usr/lib/swift/host/plugins/testing -enable-experimental-feature DebugDescriptionMacro -sdk /Applications/Xcode.app/Contents/Developer/Platforms/iPhoneOS.platform/Developer/SDKs/iPhoneOS26.5.sdk -target arm64-apple-ios17.0 -g -module-cache-path /Users/mdd/zhk/kanpan/DerivedData-chart-foundation-device/ModuleCache.noindex -Xfrontend -serialize-debugging-options -enable-testing -suppress-warnings -index-store-path /Users/mdd/zhk/kanpan/DerivedData-chart-foundation-device/Index.noindex/DataStore -Xcc -D_LIBCPP_HARDENING_MODE\=_LIBCPP_HARDENING_MODE_DEBUG -swift-version 6 -I /Users/mdd/zhk/kanpan/DerivedData-chart-foundation-device/Build/Products/Debug-iphoneos -Isystem /Applications/Xcode.app/Contents/Developer/Platforms/iPhoneOS.platform/Developer/usr/lib -F /Users/mdd/zhk/kanpan/DerivedData-chart-foundation-device/Build/Products/Debug-iphoneos/PackageFrameworks -F /Users/mdd/zhk/kanpan/DerivedData-chart-foundation-device/Build/Products/Debug-iphoneos -F /Applications/Xcode.app/Contents/Developer/Platforms/iPhoneOS.platform/Developer/Library/Frameworks -F /Applications/Xcode.app/Contents/Developer/Platforms/iPhoneOS.platform/Developer/SDKs/iPhoneOS26.5.sdk/Developer/Library/Frameworks -c -j10 -enable-batch-mode -incremental -Xcc -ivfsstatcache -Xcc /Users/mdd/zhk/kanpan/DerivedData-chart-foundation-device/SDKStatCaches.noindex/iphoneos26.5-23F81a-32daed1954a7d5dd0789fcaf2a9bb78b.sdkstatcache -output-file-map /Users/mdd/zhk/kanpan/DerivedData-chart-foundation-device/Build/Intermediates.noindex/KanpanChart.build/Debug-iphoneos/KanpanChart.build/Objects-normal/arm64/KanpanChart-OutputFileMap.json -use-frontend-parseable-output -save-temps -no-color-diagnostics -explicit-module-build -module-cache-path /Users/mdd/zhk/kanpan/DerivedData-chart-foundation-device/Build/Intermediates.noindex/SwiftExplicitPrecompiledModules -clang-scanner-module-cache-path /Users/mdd/zhk/kanpan/DerivedData-chart-foundation-device/ModuleCache.noindex -sdk-module-cache-path /Users/mdd/zhk/kanpan/DerivedData-chart-foundation-device/ModuleCache.noindex -serialize-diagnostics -emit-dependencies -emit-module -emit-module-path /Users/mdd/zhk/kanpan/DerivedData-chart-foundation-device/Build/Intermediates.noindex/KanpanChart.build/Debug-iphoneos/KanpanChart.build/Objects-normal/arm64/KanpanChart.swiftmodule -validate-clang-modules-once -clang-build-session-file /Users/mdd/zhk/kanpan/DerivedData-chart-foundation-device/ModuleCache.noindex/Session.modulevalidation -package-name kanpanchart -Xcc -I/Users/mdd/zhk/kanpan/DerivedData-chart-foundation-device/Build/Intermediates.noindex/KanpanChart.build/Debug-iphoneos/KanpanChart.build/swift-overrides.hmap -emit-const-values -Xfrontend -const-gather-protocols-file -Xfrontend /Users/mdd/zhk/kanpan/DerivedData-chart-foundation-device/Build/Intermediates.noindex/KanpanChart.build/Debug-iphoneos/KanpanChart.build/Objects-normal/arm64/KanpanChart_const_extract_protocols.json -Xcc -I/Users/mdd/zhk/kanpan/DerivedData-chart-foundation-device/Build/Products/Debug-iphoneos/include -Xcc -I/Users/mdd/zhk/kanpan/DerivedData-chart-foundation-device/Build/Intermediates.noindex/KanpanChart.build/Debug-iphoneos/KanpanChart.build/DerivedSources-normal/arm64 -Xcc -I/Users/mdd/zhk/kanpan/DerivedData-chart-foundation-device/Build/Intermediates.noindex/KanpanChart.build/Debug-iphoneos/KanpanChart.build/DerivedSources/arm64 -Xcc -I/Users/mdd/zhk/kanpan/DerivedData-chart-foundation-device/Build/Intermediates.noindex/KanpanChart.build/Debug-iphoneos/KanpanChart.build/DerivedSources -Xcc -DSWIFT_PACKAGE -Xcc -DDEBUG\=1 -emit-objc-header -emit-objc-header-path /Users/mdd/zhk/kanpan/DerivedData-chart-foundation-device/Build/Intermediates.noindex/KanpanChart.build/Debug-iphoneos/KanpanChart.build/Objects-normal/arm64/KanpanChart-Swift.h -working-directory /Users/mdd/zhk/kanpan -experimental-emit-module-separately -disable-cmo

Ld /Users/mdd/zhk/kanpan/DerivedData-chart-foundation-device/Build/Products/Debug-iphoneos/KanpanChart.o normal (in target 'KanpanChart' from project 'KanpanChart')
    cd /Users/mdd/zhk/kanpan/KanpanChart
    /Applications/Xcode.app/Contents/Developer/Toolchains/XcodeDefault.xctoolchain/usr/bin/clang -Xlinker -reproducible -target arm64-apple-ios17.0 -r -isysroot /Applications/Xcode.app/Contents/Developer/Platforms/iPhoneOS.platform/Developer/SDKs/iPhoneOS26.5.sdk -O0 -w -F/Users/mdd/zhk/kanpan/DerivedData-chart-foundation-device/Build/Intermediates.noindex/EagerLinkingTBDs/Debug-iphoneos -F/Users/mdd/zhk/kanpan/DerivedData-chart-foundation-device/Build/Products/Debug-iphoneos/PackageFrameworks -F/Users/mdd/zhk/kanpan/DerivedData-chart-foundation-device/Build/Products/Debug-iphoneos -iframework /Applications/Xcode.app/Contents/Developer/Platforms/iPhoneOS.platform/Developer/Library/Frameworks -iframework /Applications/Xcode.app/Contents/Developer/Platforms/iPhoneOS.platform/Developer/SDKs/iPhoneOS26.5.sdk/Developer/Library/Frameworks -filelist /Users/mdd/zhk/kanpan/DerivedData-chart-foundation-device/Build/Intermediates.noindex/KanpanChart.build/Debug-iphoneos/KanpanChart.build/Objects-normal/arm64/KanpanChart.LinkFileList -nostdlib -Xlinker -object_path_lto -Xlinker /Users/mdd/zhk/kanpan/DerivedData-chart-foundation-device/Build/Intermediates.noindex/KanpanChart.build/Debug-iphoneos/KanpanChart.build/Objects-normal/arm64/KanpanChart_lto.o -Xlinker -no_deduplicate -Xlinker -dependency_info -Xlinker /Users/mdd/zhk/kanpan/DerivedData-chart-foundation-device/Build/Intermediates.noindex/KanpanChart.build/Debug-iphoneos/KanpanChart.build/Objects-normal/arm64/KanpanChart_dependency_info.dat -fobjc-link-runtime -L/Applications/Xcode.app/Contents/Developer/Toolchains/XcodeDefault.xctoolchain/usr/lib/swift/iphoneos -L/usr/lib/swift -Xlinker -add_ast_path -Xlinker /Users/mdd/zhk/kanpan/DerivedData-chart-foundation-device/Build/Intermediates.noindex/KanpanChart.build/Debug-iphoneos/KanpanChart.build/Objects-normal/arm64/KanpanChart.swiftmodule @/Users/mdd/zhk/kanpan/DerivedData-chart-foundation-device/Build/Intermediates.noindex/KanpanChart.build/Debug-iphoneos/KanpanChart.build/Objects-normal/arm64/KanpanChart-linker-args.resp -o /Users/mdd/zhk/kanpan/DerivedData-chart-foundation-device/Build/Products/Debug-iphoneos/KanpanChart.o

ExtractAppIntentsMetadata (in target 'KanpanChart' from project 'KanpanChart')
    cd /Users/mdd/zhk/kanpan/KanpanChart
    /Applications/Xcode.app/Contents/Developer/Toolchains/XcodeDefault.xctoolchain/usr/bin/appintentsmetadataprocessor --toolchain-dir /Applications/Xcode.app/Contents/Developer/Toolchains/XcodeDefault.xctoolchain --module-name KanpanChart --sdk-root /Applications/Xcode.app/Contents/Developer/Platforms/iPhoneOS.platform/Developer/SDKs/iPhoneOS26.5.sdk --xcode-version 17F113 --platform-family iOS --deployment-target 17.0 --bundle-identifier kanpanchart.KanpanChart --output /Users/mdd/zhk/kanpan/DerivedData-chart-foundation-device/Build/Products/Debug-iphoneos/KanpanChart.appintents --target-triple arm64-apple-ios17.0 --binary-file /Users/mdd/zhk/kanpan/DerivedData-chart-foundation-device/Build/Products/Debug-iphoneos/KanpanChart.o --dependency-file /Users/mdd/zhk/kanpan/DerivedData-chart-foundation-device/Build/Intermediates.noindex/KanpanChart.build/Debug-iphoneos/KanpanChart.build/Objects-normal/arm64/KanpanChart_dependency_info.dat --stringsdata-file /Users/mdd/zhk/kanpan/DerivedData-chart-foundation-device/Build/Intermediates.noindex/KanpanChart.build/Debug-iphoneos/KanpanChart.build/Objects-normal/arm64/ExtractedAppShortcutsMetadata.stringsdata --source-file-list /Users/mdd/zhk/kanpan/DerivedData-chart-foundation-device/Build/Intermediates.noindex/KanpanChart.build/Debug-iphoneos/KanpanChart.build/Objects-normal/arm64/KanpanChart.SwiftFileList --metadata-file-list /Users/mdd/zhk/kanpan/DerivedData-chart-foundation-device/Build/Intermediates.noindex/KanpanChart.build/Debug-iphoneos/KanpanChart.build/KanpanChart.DependencyMetadataFileList --static-metadata-file-list /Users/mdd/zhk/kanpan/DerivedData-chart-foundation-device/Build/Intermediates.noindex/KanpanChart.build/Debug-iphoneos/KanpanChart.build/KanpanChart.DependencyStaticMetadataFileList --swift-const-vals-list /Users/mdd/zhk/kanpan/DerivedData-chart-foundation-device/Build/Intermediates.noindex/KanpanChart.build/Debug-iphoneos/KanpanChart.build/Objects-normal/arm64/KanpanChart.SwiftConstValuesFileList --force --compile-time-extraction --deployment-aware-processing --validate-assistant-intents --no-app-shortcuts-localization
2026-09-14 23:42:22.052 appintentsmetadataprocessor[88393:31636679] Starting appintentsmetadataprocessor export
2026-09-14 23:42:22.063 appintentsmetadataprocessor[88393:31636679] Extracted no relevant App Intents symbols, skipping writing output

SwiftExplicitDependencyGeneratePcm arm64 /Users/mdd/zhk/kanpan/DerivedData-chart-foundation-device/ModuleCache.noindex/Compression-2DQ8K4YM5MSHF14QI2C6DJHE8.pcm

SwiftExplicitDependencyGeneratePcm arm64 /Users/mdd/zhk/kanpan/DerivedData-chart-foundation-device/ModuleCache.noindex/ObjectiveC-CX90855K4JLR4782LVBB9ANVO.pcm

SwiftExplicitDependencyGeneratePcm arm64 /Users/mdd/zhk/kanpan/DerivedData-chart-foundation-device/ModuleCache.noindex/MachO-6UU0M885HZY4XO98M2BAQ2X6P.pcm

RegisterExecutionPolicyException /Users/mdd/zhk/kanpan/DerivedData-chart-foundation-device/Build/Products/Debug-iphoneos/KanpanChart.o (in target 'KanpanChart' from project 'KanpanChart')
    cd /Users/mdd/zhk/kanpan/KanpanChart
    builtin-RegisterExecutionPolicyException /Users/mdd/zhk/kanpan/DerivedData-chart-foundation-device/Build/Products/Debug-iphoneos/KanpanChart.o

Ld /Users/mdd/zhk/kanpan/DerivedData-chart-foundation-device/Build/Products/Debug-iphoneos/Kanpan.app/__preview.dylib normal (in target 'Kanpan' from project 'Kanpan')
    cd /Users/mdd/zhk/kanpan/Kanpan
    /Applications/Xcode.app/Contents/Developer/Toolchains/XcodeDefault.xctoolchain/usr/bin/clang -Xlinker -reproducible -target arm64-apple-ios17.0 -dynamiclib -isysroot /Applications/Xcode.app/Contents/Developer/Platforms/iPhoneOS.platform/Developer/SDKs/iPhoneOS26.5.sdk -O0 -L/Users/mdd/zhk/kanpan/DerivedData-chart-foundation-device/Build/Products/Debug-iphoneos -F/Users/mdd/zhk/kanpan/DerivedData-chart-foundation-device/Build/Products/Debug-iphoneos/PackageFrameworks -F/Users/mdd/zhk/kanpan/DerivedData-chart-foundation-device/Build/Products/Debug-iphoneos/PackageFrameworks -F/Users/mdd/zhk/kanpan/DerivedData-chart-foundation-device/Build/Products/Debug-iphoneos/PackageFrameworks -F/Users/mdd/zhk/kanpan/DerivedData-chart-foundation-device/Build/Products/Debug-iphoneos -install_name @rpath/Kanpan.debug.dylib -Xlinker -dead_strip -rdynamic -Xlinker -no_deduplicate -Xlinker -dependency_info -Xlinker /Users/mdd/zhk/kanpan/DerivedData-chart-foundation-device/Build/Intermediates.noindex/Kanpan.build/Debug-iphoneos/Kanpan.build/Objects-normal/arm64/Kanpan_dependency_info.dat -Xlinker -no_adhoc_codesign -o /Users/mdd/zhk/kanpan/DerivedData-chart-foundation-device/Build/Products/Debug-iphoneos/Kanpan.app/__preview.dylib

ProcessInfoPlistFile /Users/mdd/zhk/kanpan/DerivedData-chart-foundation-device/Build/Products/Debug-iphoneos/Kanpan.app/Info.plist /Users/mdd/zhk/kanpan/DerivedData-chart-foundation-device/Build/Intermediates.noindex/Kanpan.build/Debug-iphoneos/Kanpan.build/empty-Kanpan.plist (in target 'Kanpan' from project 'Kanpan')
    cd /Users/mdd/zhk/kanpan/Kanpan
    builtin-infoPlistUtility /Users/mdd/zhk/kanpan/DerivedData-chart-foundation-device/Build/Intermediates.noindex/Kanpan.build/Debug-iphoneos/Kanpan.build/empty-Kanpan.plist -producttype com.apple.product-type.application -genpkginfo /Users/mdd/zhk/kanpan/DerivedData-chart-foundation-device/Build/Products/Debug-iphoneos/Kanpan.app/PkgInfo -expandbuildsettings -format binary -platform iphoneos -additionalcontentfile /Users/mdd/zhk/kanpan/DerivedData-chart-foundation-device/Build/Intermediates.noindex/Kanpan.build/Debug-iphoneos/Kanpan.build/assetcatalog_generated_info.plist -requiredArchitecture arm64 -o /Users/mdd/zhk/kanpan/DerivedData-chart-foundation-device/Build/Products/Debug-iphoneos/Kanpan.app/Info.plist

SwiftExplicitDependencyGeneratePcm arm64 /Users/mdd/zhk/kanpan/DerivedData-chart-foundation-device/ModuleCache.noindex/os_object-3O2ROPDDXEDV9U6XPLLPBAY8A.pcm

SwiftExplicitDependencyGeneratePcm arm64 /Users/mdd/zhk/kanpan/DerivedData-chart-foundation-device/ModuleCache.noindex/Spatial-5PB2XC1YYIUQ89SZQZLML83XD.pcm

SwiftExplicitDependencyGeneratePcm arm64 /Users/mdd/zhk/kanpan/DerivedData-chart-foundation-device/ModuleCache.noindex/os_workgroup-91UXJKRN2UOHNTXHS27UB5X4E.pcm

SwiftExplicitDependencyGeneratePcm arm64 /Users/mdd/zhk/kanpan/DerivedData-chart-foundation-device/ModuleCache.noindex/Dispatch-AF8A3BNVIL4XG126TTEFFL3YC.pcm

SwiftExplicitDependencyGeneratePcm arm64 /Users/mdd/zhk/kanpan/DerivedData-chart-foundation-device/ModuleCache.noindex/XPC-TKZLGG8PFRC8GZ56Q5XE1EN9.pcm

SwiftExplicitDependencyGeneratePcm arm64 /Users/mdd/zhk/kanpan/DerivedData-chart-foundation-device/ModuleCache.noindex/CoreFoundation-LBO8250CJ8WG2O20V1QV8JNL.pcm

SwiftExplicitDependencyGeneratePcm arm64 /Users/mdd/zhk/kanpan/DerivedData-chart-foundation-device/ModuleCache.noindex/os-AL80I89KBDO8PAM2E1RNB0RL9.pcm

SwiftExplicitDependencyGeneratePcm arm64 /Users/mdd/zhk/kanpan/DerivedData-chart-foundation-device/ModuleCache.noindex/CFNetwork-BYFT1KH490VXV3YYKFSYZO7QZ.pcm

SwiftExplicitDependencyGeneratePcm arm64 /Users/mdd/zhk/kanpan/DerivedData-chart-foundation-device/ModuleCache.noindex/CoreGraphics-WU0Y1CAWBSPAER7YGTGU8QTP.pcm

SwiftExplicitDependencyGeneratePcm arm64 /Users/mdd/zhk/kanpan/DerivedData-chart-foundation-device/ModuleCache.noindex/Security-CHE3RJ4WUWRRNXT1N8OC9Q080.pcm

SwiftExplicitDependencyGeneratePcm arm64 /Users/mdd/zhk/kanpan/DerivedData-chart-foundation-device/ModuleCache.noindex/Foundation-CRFNVWAN0GTXJK5ZE6VUM4XOU.pcm

SwiftExplicitDependencyGeneratePcm arm64 /Users/mdd/zhk/kanpan/DerivedData-chart-foundation-device/ModuleCache.noindex/ImageIO-1OJW896ZFE6CD1BYVN1RITQ4L.pcm

SwiftExplicitDependencyGeneratePcm arm64 /Users/mdd/zhk/kanpan/DerivedData-chart-foundation-device/ModuleCache.noindex/CoreText-CHTT3R6JRE6ID005BKTNPQKPS.pcm

SwiftExplicitDependencyGeneratePcm arm64 /Users/mdd/zhk/kanpan/DerivedData-chart-foundation-device/ModuleCache.noindex/CoreTransferable-1G81G5GK18HSDUZ82070E7KDK.pcm

SwiftExplicitDependencyGeneratePcm arm64 /Users/mdd/zhk/kanpan/DerivedData-chart-foundation-device/ModuleCache.noindex/UIUtilities-CVM9TEJUL36KM7UABH6HTYM60.pcm

SwiftExplicitDependencyGeneratePcm arm64 /Users/mdd/zhk/kanpan/DerivedData-chart-foundation-device/ModuleCache.noindex/DataDetection-WZ17O40Q8IFDZY1ML18LZMGT.pcm

SwiftExplicitDependencyGeneratePcm arm64 /Users/mdd/zhk/kanpan/DerivedData-chart-foundation-device/ModuleCache.noindex/CoreData-AMV4FFN82GIDTHTOVCYEDLCPG.pcm

SwiftExplicitDependencyGeneratePcm arm64 /Users/mdd/zhk/kanpan/DerivedData-chart-foundation-device/ModuleCache.noindex/MetricKit-F56UMXQKECLS9N8KQXLBIMUEK.pcm

SwiftExplicitDependencyGeneratePcm arm64 /Users/mdd/zhk/kanpan/DerivedData-chart-foundation-device/ModuleCache.noindex/UniformTypeIdentifiers-EPSGUUZ9H5TFAY14H92Y9ONDT.pcm

SwiftExplicitDependencyGeneratePcm arm64 /Users/mdd/zhk/kanpan/DerivedData-chart-foundation-device/ModuleCache.noindex/IOSurface-1YZKQEPHBAQSBHIPQD79OVQNC.pcm

SwiftExplicitDependencyGeneratePcm arm64 /Users/mdd/zhk/kanpan/DerivedData-chart-foundation-device/ModuleCache.noindex/OSLog-8PD1OUIXKPUA4SUJV6EPOZ64D.pcm

SwiftExplicitDependencyGeneratePcm arm64 /Users/mdd/zhk/kanpan/DerivedData-chart-foundation-device/ModuleCache.noindex/FileProvider-1D7UIXAFALTOSRGALDIVL4FTL.pcm

SwiftExplicitDependencyGeneratePcm arm64 /Users/mdd/zhk/kanpan/DerivedData-chart-foundation-device/ModuleCache.noindex/Accessibility-D2E2WU6HJ3TVDDQ1FJWMKNGYI.pcm

SwiftExplicitDependencyGeneratePcm arm64 /Users/mdd/zhk/kanpan/DerivedData-chart-foundation-device/ModuleCache.noindex/UserNotifications-9IVVCL1D28NZXRQPOSFAT0J0Q.pcm

SwiftExplicitDependencyGeneratePcm arm64 /Users/mdd/zhk/kanpan/DerivedData-chart-foundation-device/ModuleCache.noindex/Symbols-4QKLFRNA74P6W6OXC2SUT0WPF.pcm

SwiftExplicitDependencyGeneratePcm arm64 /Users/mdd/zhk/kanpan/DerivedData-chart-foundation-device/ModuleCache.noindex/Metal-6RRQC4JLD0E4T84YBO8FI0UGS.pcm

SwiftExplicitDependencyGeneratePcm arm64 /Users/mdd/zhk/kanpan/DerivedData-chart-foundation-device/ModuleCache.noindex/OpenGLES-4FPXW380M7DYV05Z0BFRIK5VC.pcm

SwiftExplicitDependencyGeneratePcm arm64 /Users/mdd/zhk/kanpan/DerivedData-chart-foundation-device/ModuleCache.noindex/CoreVideo-8DDF4DM0ZIIAYDT2IQ5K4U8VH.pcm

SwiftExplicitDependencyGeneratePcm arm64 /Users/mdd/zhk/kanpan/DerivedData-chart-foundation-device/ModuleCache.noindex/CoreImage-9AFBX7FOFY2IJ14Z2BTYSYTCL.pcm

SwiftExplicitDependencyGeneratePcm arm64 /Users/mdd/zhk/kanpan/DerivedData-chart-foundation-device/ModuleCache.noindex/QuartzCore-AAOPSCXPYADLEIAI5XE9V41RY.pcm

SwiftExplicitDependencyGeneratePcm arm64 /Users/mdd/zhk/kanpan/DerivedData-chart-foundation-device/ModuleCache.noindex/SwiftUICore-26T1G4UF26ZLXYN43UQQTMPH2.pcm

SwiftExplicitDependencyGeneratePcm arm64 /Users/mdd/zhk/kanpan/DerivedData-chart-foundation-device/ModuleCache.noindex/UIKit-6P66A2YM7WKK0PKTXW9VMZOKP.pcm

SwiftExplicitDependencyGeneratePcm arm64 /Users/mdd/zhk/kanpan/DerivedData-chart-foundation-device/ModuleCache.noindex/SwiftUI-D0YOZ15TFZF6I5HCJJMMFNI64.pcm

SwiftEmitModule normal arm64 Emitting\ module\ for\ Kanpan (in target 'Kanpan' from project 'Kanpan')

EmitSwiftModule normal arm64 (in target 'Kanpan' from project 'Kanpan')
    cd /Users/mdd/zhk/kanpan/Kanpan
    

SwiftCompile normal arm64 Compiling\ SymbolTickerFeed.swift,\ KanpanApp.swift,\ LaunchScreen.swift,\ GeneratedAssetSymbols.swift /Users/mdd/zhk/kanpan/Kanpan/Kanpan/Symbols/SymbolTickerFeed.swift /Users/mdd/zhk/kanpan/Kanpan/Kanpan/KanpanApp.swift /Users/mdd/zhk/kanpan/Kanpan/Kanpan/LaunchScreen.swift /Users/mdd/zhk/kanpan/DerivedData-chart-foundation-device/Build/Intermediates.noindex/Kanpan.build/Debug-iphoneos/Kanpan.build/DerivedSources/GeneratedAssetSymbols.swift (in target 'Kanpan' from project 'Kanpan')
SwiftCompile normal arm64 /Users/mdd/zhk/kanpan/Kanpan/Kanpan/Symbols/SymbolTickerFeed.swift (in target 'Kanpan' from project 'Kanpan')
    cd /Users/mdd/zhk/kanpan/Kanpan
    

SwiftCompile normal arm64 /Users/mdd/zhk/kanpan/Kanpan/Kanpan/KanpanApp.swift (in target 'Kanpan' from project 'Kanpan')
    cd /Users/mdd/zhk/kanpan/Kanpan
    

SwiftCompile normal arm64 /Users/mdd/zhk/kanpan/Kanpan/Kanpan/LaunchScreen.swift (in target 'Kanpan' from project 'Kanpan')
    cd /Users/mdd/zhk/kanpan/Kanpan
    

SwiftCompile normal arm64 /Users/mdd/zhk/kanpan/DerivedData-chart-foundation-device/Build/Intermediates.noindex/Kanpan.build/Debug-iphoneos/Kanpan.build/DerivedSources/GeneratedAssetSymbols.swift (in target 'Kanpan' from project 'Kanpan')
    cd /Users/mdd/zhk/kanpan/Kanpan
    

SwiftCompile normal arm64 Compiling\ SymbolPickerView.swift,\ SymbolPrefs.swift,\ SymbolQuery.swift,\ SymbolSections.swift /Users/mdd/zhk/kanpan/Kanpan/Kanpan/Symbols/SymbolPickerView.swift /Users/mdd/zhk/kanpan/Kanpan/Kanpan/Symbols/SymbolPrefs.swift /Users/mdd/zhk/kanpan/Kanpan/Kanpan/Symbols/SymbolQuery.swift /Users/mdd/zhk/kanpan/Kanpan/Kanpan/Symbols/SymbolSections.swift (in target 'Kanpan' from project 'Kanpan')
SwiftCompile normal arm64 /Users/mdd/zhk/kanpan/Kanpan/Kanpan/Symbols/SymbolPickerView.swift (in target 'Kanpan' from project 'Kanpan')
    cd /Users/mdd/zhk/kanpan/Kanpan
    

SwiftCompile normal arm64 /Users/mdd/zhk/kanpan/Kanpan/Kanpan/Symbols/SymbolPrefs.swift (in target 'Kanpan' from project 'Kanpan')
    cd /Users/mdd/zhk/kanpan/Kanpan
    

SwiftCompile normal arm64 /Users/mdd/zhk/kanpan/Kanpan/Kanpan/Symbols/SymbolQuery.swift (in target 'Kanpan' from project 'Kanpan')
    cd /Users/mdd/zhk/kanpan/Kanpan
    

SwiftCompile normal arm64 /Users/mdd/zhk/kanpan/Kanpan/Kanpan/Symbols/SymbolSections.swift (in target 'Kanpan' from project 'Kanpan')
    cd /Users/mdd/zhk/kanpan/Kanpan
    

SwiftCompile normal arm64 Compiling\ ChartHost.swift,\ IntervalBar.swift,\ LandscapeChrome.swift,\ MainScreen.swift,\ MarketModel.swift /Users/mdd/zhk/kanpan/Kanpan/Kanpan/Main/ChartHost.swift /Users/mdd/zhk/kanpan/Kanpan/Kanpan/Main/IntervalBar.swift /Users/mdd/zhk/kanpan/Kanpan/Kanpan/Main/LandscapeChrome.swift /Users/mdd/zhk/kanpan/Kanpan/Kanpan/Main/MainScreen.swift /Users/mdd/zhk/kanpan/Kanpan/Kanpan/Main/MarketModel.swift (in target 'Kanpan' from project 'Kanpan')
SwiftCompile normal arm64 /Users/mdd/zhk/kanpan/Kanpan/Kanpan/Main/ChartHost.swift (in target 'Kanpan' from project 'Kanpan')
    cd /Users/mdd/zhk/kanpan/Kanpan
    

SwiftCompile normal arm64 /Users/mdd/zhk/kanpan/Kanpan/Kanpan/Main/IntervalBar.swift (in target 'Kanpan' from project 'Kanpan')
    cd /Users/mdd/zhk/kanpan/Kanpan
    

SwiftCompile normal arm64 /Users/mdd/zhk/kanpan/Kanpan/Kanpan/Main/LandscapeChrome.swift (in target 'Kanpan' from project 'Kanpan')
    cd /Users/mdd/zhk/kanpan/Kanpan
    

SwiftCompile normal arm64 /Users/mdd/zhk/kanpan/Kanpan/Kanpan/Main/MainScreen.swift (in target 'Kanpan' from project 'Kanpan')
    cd /Users/mdd/zhk/kanpan/Kanpan
    

SwiftCompile normal arm64 /Users/mdd/zhk/kanpan/Kanpan/Kanpan/Main/MarketModel.swift (in target 'Kanpan' from project 'Kanpan')
    cd /Users/mdd/zhk/kanpan/Kanpan
    

SwiftCompile normal arm64 Compiling\ MeasurementText.swift,\ PayloadDigest.swift,\ DrawingBar.swift,\ DrawingController.swift,\ BottomBar.swift /Users/mdd/zhk/kanpan/Kanpan/Kanpan/Diagnostics/MeasurementText.swift /Users/mdd/zhk/kanpan/Kanpan/Kanpan/Diagnostics/PayloadDigest.swift /Users/mdd/zhk/kanpan/Kanpan/Kanpan/Drawing/DrawingBar.swift /Users/mdd/zhk/kanpan/Kanpan/Kanpan/Drawing/DrawingController.swift /Users/mdd/zhk/kanpan/Kanpan/Kanpan/Main/BottomBar.swift (in target 'Kanpan' from project 'Kanpan')

SwiftCompile normal arm64 /Users/mdd/zhk/kanpan/Kanpan/Kanpan/Diagnostics/MeasurementText.swift (in target 'Kanpan' from project 'Kanpan')
    cd /Users/mdd/zhk/kanpan/Kanpan
    

SwiftCompile normal arm64 /Users/mdd/zhk/kanpan/Kanpan/Kanpan/Diagnostics/PayloadDigest.swift (in target 'Kanpan' from project 'Kanpan')
    cd /Users/mdd/zhk/kanpan/Kanpan
    

SwiftCompile normal arm64 /Users/mdd/zhk/kanpan/Kanpan/Kanpan/Drawing/DrawingBar.swift (in target 'Kanpan' from project 'Kanpan')
    cd /Users/mdd/zhk/kanpan/Kanpan
    

SwiftCompile normal arm64 /Users/mdd/zhk/kanpan/Kanpan/Kanpan/Drawing/DrawingController.swift (in target 'Kanpan' from project 'Kanpan')
    cd /Users/mdd/zhk/kanpan/Kanpan
    

SwiftCompile normal arm64 /Users/mdd/zhk/kanpan/Kanpan/Kanpan/Main/BottomBar.swift (in target 'Kanpan' from project 'Kanpan')
    cd /Users/mdd/zhk/kanpan/Kanpan
    

SwiftCompile normal arm64 Compiling\ OrientationBridge.swift,\ TopBar.swift,\ VectorIcon.swift,\ ChartPanel.swift,\ IndicatorPanel.swift /Users/mdd/zhk/kanpan/Kanpan/Kanpan/Main/OrientationBridge.swift /Users/mdd/zhk/kanpan/Kanpan/Kanpan/Main/TopBar.swift /Users/mdd/zhk/kanpan/Kanpan/Kanpan/Main/VectorIcon.swift /Users/mdd/zhk/kanpan/Kanpan/Kanpan/Panels/ChartPanel.swift /Users/mdd/zhk/kanpan/Kanpan/Kanpan/Panels/IndicatorPanel.swift (in target 'Kanpan' from project 'Kanpan')

SwiftCompile normal arm64 /Users/mdd/zhk/kanpan/Kanpan/Kanpan/Main/OrientationBridge.swift (in target 'Kanpan' from project 'Kanpan')
    cd /Users/mdd/zhk/kanpan/Kanpan
    

SwiftCompile normal arm64 /Users/mdd/zhk/kanpan/Kanpan/Kanpan/Main/TopBar.swift (in target 'Kanpan' from project 'Kanpan')
    cd /Users/mdd/zhk/kanpan/Kanpan
    

SwiftCompile normal arm64 /Users/mdd/zhk/kanpan/Kanpan/Kanpan/Main/VectorIcon.swift (in target 'Kanpan' from project 'Kanpan')
    cd /Users/mdd/zhk/kanpan/Kanpan
    

SwiftCompile normal arm64 /Users/mdd/zhk/kanpan/Kanpan/Kanpan/Panels/ChartPanel.swift (in target 'Kanpan' from project 'Kanpan')
    cd /Users/mdd/zhk/kanpan/Kanpan
    

SwiftCompile normal arm64 /Users/mdd/zhk/kanpan/Kanpan/Kanpan/Panels/IndicatorPanel.swift (in target 'Kanpan' from project 'Kanpan')
    cd /Users/mdd/zhk/kanpan/Kanpan
    

SwiftCompile normal arm64 Compiling\ DiagnosticsCenter.swift,\ DiagnosticsStore.swift,\ FrameProbe.swift,\ FrameReportStore.swift,\ FrameStats.swift /Users/mdd/zhk/kanpan/Kanpan/Kanpan/Diagnostics/DiagnosticsCenter.swift /Users/mdd/zhk/kanpan/Kanpan/Kanpan/Diagnostics/DiagnosticsStore.swift /Users/mdd/zhk/kanpan/Kanpan/Kanpan/Diagnostics/FrameProbe.swift /Users/mdd/zhk/kanpan/Kanpan/Kanpan/Diagnostics/FrameReportStore.swift /Users/mdd/zhk/kanpan/Kanpan/Kanpan/Diagnostics/FrameStats.swift (in target 'Kanpan' from project 'Kanpan')

SwiftCompile normal arm64 /Users/mdd/zhk/kanpan/Kanpan/Kanpan/Diagnostics/DiagnosticsCenter.swift (in target 'Kanpan' from project 'Kanpan')
    cd /Users/mdd/zhk/kanpan/Kanpan
    

SwiftCompile normal arm64 /Users/mdd/zhk/kanpan/Kanpan/Kanpan/Diagnostics/DiagnosticsStore.swift (in target 'Kanpan' from project 'Kanpan')
    cd /Users/mdd/zhk/kanpan/Kanpan
    

SwiftCompile normal arm64 /Users/mdd/zhk/kanpan/Kanpan/Kanpan/Diagnostics/FrameProbe.swift (in target 'Kanpan' from project 'Kanpan')
    cd /Users/mdd/zhk/kanpan/Kanpan
    

SwiftCompile normal arm64 /Users/mdd/zhk/kanpan/Kanpan/Kanpan/Diagnostics/FrameReportStore.swift (in target 'Kanpan' from project 'Kanpan')
    cd /Users/mdd/zhk/kanpan/Kanpan
    

SwiftCompile normal arm64 /Users/mdd/zhk/kanpan/Kanpan/Kanpan/Diagnostics/FrameStats.swift (in target 'Kanpan' from project 'Kanpan')
    cd /Users/mdd/zhk/kanpan/Kanpan
    

SwiftCompile normal arm64 Compiling\ StylePanel.swift,\ StyleThumbnail.swift,\ APIHost.swift,\ IndicatorDraft.swift /Users/mdd/zhk/kanpan/Kanpan/Kanpan/Panels/StylePanel.swift /Users/mdd/zhk/kanpan/Kanpan/Kanpan/Panels/StyleThumbnail.swift /Users/mdd/zhk/kanpan/Kanpan/Kanpan/Settings/Model/APIHost.swift /Users/mdd/zhk/kanpan/Kanpan/Kanpan/Settings/Model/IndicatorDraft.swift (in target 'Kanpan' from project 'Kanpan')

SwiftCompile normal arm64 /Users/mdd/zhk/kanpan/Kanpan/Kanpan/Panels/StylePanel.swift (in target 'Kanpan' from project 'Kanpan')
    cd /Users/mdd/zhk/kanpan/Kanpan
    

SwiftCompile normal arm64 /Users/mdd/zhk/kanpan/Kanpan/Kanpan/Panels/StyleThumbnail.swift (in target 'Kanpan' from project 'Kanpan')
    cd /Users/mdd/zhk/kanpan/Kanpan
    

SwiftCompile normal arm64 /Users/mdd/zhk/kanpan/Kanpan/Kanpan/Settings/Model/APIHost.swift (in target 'Kanpan' from project 'Kanpan')
    cd /Users/mdd/zhk/kanpan/Kanpan
    

SwiftCompile normal arm64 /Users/mdd/zhk/kanpan/Kanpan/Kanpan/Settings/Model/IndicatorDraft.swift (in target 'Kanpan' from project 'Kanpan')
    cd /Users/mdd/zhk/kanpan/Kanpan
    

SwiftCompile normal arm64 Compiling\ IndicatorParamRule.swift,\ MarketCache.swift,\ Prefs.swift,\ PrefsCodec.swift /Users/mdd/zhk/kanpan/Kanpan/Kanpan/Settings/Model/IndicatorParamRule.swift /Users/mdd/zhk/kanpan/Kanpan/Kanpan/Settings/Model/MarketCache.swift /Users/mdd/zhk/kanpan/Kanpan/Kanpan/Settings/Model/Prefs.swift /Users/mdd/zhk/kanpan/Kanpan/Kanpan/Settings/Model/PrefsCodec.swift (in target 'Kanpan' from project 'Kanpan')

SwiftCompile normal arm64 /Users/mdd/zhk/kanpan/Kanpan/Kanpan/Settings/Model/IndicatorParamRule.swift (in target 'Kanpan' from project 'Kanpan')
    cd /Users/mdd/zhk/kanpan/Kanpan
    

SwiftCompile normal arm64 /Users/mdd/zhk/kanpan/Kanpan/Kanpan/Settings/Model/MarketCache.swift (in target 'Kanpan' from project 'Kanpan')
    cd /Users/mdd/zhk/kanpan/Kanpan
    

SwiftCompile normal arm64 /Users/mdd/zhk/kanpan/Kanpan/Kanpan/Settings/Model/Prefs.swift (in target 'Kanpan' from project 'Kanpan')
    cd /Users/mdd/zhk/kanpan/Kanpan
    

SwiftCompile normal arm64 /Users/mdd/zhk/kanpan/Kanpan/Kanpan/Settings/Model/PrefsCodec.swift (in target 'Kanpan' from project 'Kanpan')
    cd /Users/mdd/zhk/kanpan/Kanpan
    

SwiftCompile normal arm64 Compiling\ PanelChrome.swift,\ PanelPresentation.swift,\ PanelTheme.swift,\ PeriodPanel.swift,\ SettingsPanel.swift /Users/mdd/zhk/kanpan/Kanpan/Kanpan/Panels/PanelChrome.swift /Users/mdd/zhk/kanpan/Kanpan/Kanpan/Panels/PanelPresentation.swift /Users/mdd/zhk/kanpan/Kanpan/Kanpan/Panels/PanelTheme.swift /Users/mdd/zhk/kanpan/Kanpan/Kanpan/Panels/PeriodPanel.swift /Users/mdd/zhk/kanpan/Kanpan/Kanpan/Panels/SettingsPanel.swift (in target 'Kanpan' from project 'Kanpan')

SwiftCompile normal arm64 /Users/mdd/zhk/kanpan/Kanpan/Kanpan/Panels/PanelChrome.swift (in target 'Kanpan' from project 'Kanpan')
    cd /Users/mdd/zhk/kanpan/Kanpan
    

SwiftCompile normal arm64 /Users/mdd/zhk/kanpan/Kanpan/Kanpan/Panels/PanelPresentation.swift (in target 'Kanpan' from project 'Kanpan')
    cd /Users/mdd/zhk/kanpan/Kanpan
    

SwiftCompile normal arm64 /Users/mdd/zhk/kanpan/Kanpan/Kanpan/Panels/PanelTheme.swift (in target 'Kanpan' from project 'Kanpan')
    cd /Users/mdd/zhk/kanpan/Kanpan
    

SwiftCompile normal arm64 /Users/mdd/zhk/kanpan/Kanpan/Kanpan/Panels/PeriodPanel.swift (in target 'Kanpan' from project 'Kanpan')
    cd /Users/mdd/zhk/kanpan/Kanpan
    

SwiftCompile normal arm64 /Users/mdd/zhk/kanpan/Kanpan/Kanpan/Panels/SettingsPanel.swift (in target 'Kanpan' from project 'Kanpan')
    cd /Users/mdd/zhk/kanpan/Kanpan
    

SwiftCompile normal arm64 Compiling\ PrefsStore.swift,\ ThemeChoice.swift,\ SymbolFixtures.swift,\ SymbolPickerModel.swift /Users/mdd/zhk/kanpan/Kanpan/Kanpan/Settings/Model/PrefsStore.swift /Users/mdd/zhk/kanpan/Kanpan/Kanpan/Settings/Model/ThemeChoice.swift /Users/mdd/zhk/kanpan/Kanpan/Kanpan/Symbols/SymbolFixtures.swift /Users/mdd/zhk/kanpan/Kanpan/Kanpan/Symbols/SymbolPickerModel.swift (in target 'Kanpan' from project 'Kanpan')

SwiftCompile normal arm64 /Users/mdd/zhk/kanpan/Kanpan/Kanpan/Settings/Model/PrefsStore.swift (in target 'Kanpan' from project 'Kanpan')
    cd /Users/mdd/zhk/kanpan/Kanpan
    

SwiftCompile normal arm64 /Users/mdd/zhk/kanpan/Kanpan/Kanpan/Settings/Model/ThemeChoice.swift (in target 'Kanpan' from project 'Kanpan')
    cd /Users/mdd/zhk/kanpan/Kanpan
    

SwiftCompile normal arm64 /Users/mdd/zhk/kanpan/Kanpan/Kanpan/Symbols/SymbolFixtures.swift (in target 'Kanpan' from project 'Kanpan')
    cd /Users/mdd/zhk/kanpan/Kanpan
    

SwiftCompile normal arm64 /Users/mdd/zhk/kanpan/Kanpan/Kanpan/Symbols/SymbolPickerModel.swift (in target 'Kanpan' from project 'Kanpan')
    cd /Users/mdd/zhk/kanpan/Kanpan
    

SwiftDriverJobDiscovery normal arm64 Compiling IndicatorParamRule.swift, MarketCache.swift, Prefs.swift, PrefsCodec.swift (in target 'Kanpan' from project 'Kanpan')

SwiftDriverJobDiscovery normal arm64 Emitting module for Kanpan (in target 'Kanpan' from project 'Kanpan')

SwiftDriver\ Compilation\ Requirements Kanpan normal arm64 com.apple.xcode.tools.swift.compiler (in target 'Kanpan' from project 'Kanpan')
    cd /Users/mdd/zhk/kanpan/Kanpan
    builtin-Swift-Compilation-Requirements -- /Applications/Xcode.app/Contents/Developer/Toolchains/XcodeDefault.xctoolchain/usr/bin/swiftc -module-name Kanpan -Onone @/Users/mdd/zhk/kanpan/DerivedData-chart-foundation-device/Build/Intermediates.noindex/Kanpan.build/Debug-iphoneos/Kanpan.build/Objects-normal/arm64/Kanpan.SwiftFileList -DDEBUG -enable-experimental-feature DebugDescriptionMacro -sdk /Applications/Xcode.app/Contents/Developer/Platforms/iPhoneOS.platform/Developer/SDKs/iPhoneOS26.5.sdk -target arm64-apple-ios17.0 -g -module-cache-path /Users/mdd/zhk/kanpan/DerivedData-chart-foundation-device/ModuleCache.noindex -Xfrontend -serialize-debugging-options -enable-testing -index-store-path /Users/mdd/zhk/kanpan/DerivedData-chart-foundation-device/Index.noindex/DataStore -Xcc -D_LIBCPP_HARDENING_MODE\=_LIBCPP_HARDENING_MODE_DEBUG -swift-version 6 -I /Users/mdd/zhk/kanpan/DerivedData-chart-foundation-device/Build/Products/Debug-iphoneos -F /Users/mdd/zhk/kanpan/DerivedData-chart-foundation-device/Build/Products/Debug-iphoneos/PackageFrameworks -F /Users/mdd/zhk/kanpan/DerivedData-chart-foundation-device/Build/Products/Debug-iphoneos/PackageFrameworks -F /Users/mdd/zhk/kanpan/DerivedData-chart-foundation-device/Build/Products/Debug-iphoneos/PackageFrameworks -F /Users/mdd/zhk/kanpan/DerivedData-chart-foundation-device/Build/Products/Debug-iphoneos -emit-localized-strings -emit-localized-strings-path /Users/mdd/zhk/kanpan/DerivedData-chart-foundation-device/Build/Intermediates.noindex/Kanpan.build/Debug-iphoneos/Kanpan.build/Objects-normal/arm64 -c -j10 -enable-batch-mode -incremental -Xcc -ivfsstatcache -Xcc /Users/mdd/zhk/kanpan/DerivedData-chart-foundation-device/SDKStatCaches.noindex/iphoneos26.5-23F81a-32daed1954a7d5dd0789fcaf2a9bb78b.sdkstatcache -output-file-map /Users/mdd/zhk/kanpan/DerivedData-chart-foundation-device/Build/Intermediates.noindex/Kanpan.build/Debug-iphoneos/Kanpan.build/Objects-normal/arm64/Kanpan-OutputFileMap.json -use-frontend-parseable-output -save-temps -no-color-diagnostics -explicit-module-build -module-cache-path /Users/mdd/zhk/kanpan/DerivedData-chart-foundation-device/Build/Intermediates.noindex/SwiftExplicitPrecompiledModules -clang-scanner-module-cache-path /Users/mdd/zhk/kanpan/DerivedData-chart-foundation-device/ModuleCache.noindex -sdk-module-cache-path /Users/mdd/zhk/kanpan/DerivedData-chart-foundation-device/ModuleCache.noindex -serialize-diagnostics -emit-dependencies -emit-module -emit-module-path /Users/mdd/zhk/kanpan/DerivedData-chart-foundation-device/Build/Intermediates.noindex/Kanpan.build/Debug-iphoneos/Kanpan.build/Objects-normal/arm64/Kanpan.swiftmodule -validate-clang-modules-once -clang-build-session-file /Users/mdd/zhk/kanpan/DerivedData-chart-foundation-device/ModuleCache.noindex/Session.modulevalidation -Xcc -I/Users/mdd/zhk/kanpan/DerivedData-chart-foundation-device/Build/Intermediates.noindex/Kanpan.build/Debug-iphoneos/Kanpan.build/swift-overrides.hmap -emit-const-values -Xfrontend -const-gather-protocols-file -Xfrontend /Users/mdd/zhk/kanpan/DerivedData-chart-foundation-device/Build/Intermediates.noindex/Kanpan.build/Debug-iphoneos/Kanpan.build/Objects-normal/arm64/Kanpan_const_extract_protocols.json -Xcc -iquote -Xcc /Users/mdd/zhk/kanpan/DerivedData-chart-foundation-device/Build/Intermediates.noindex/Kanpan.build/Debug-iphoneos/Kanpan.build/Kanpan-generated-files.hmap -Xcc -I/Users/mdd/zhk/kanpan/DerivedData-chart-foundation-device/Build/Intermediates.noindex/Kanpan.build/Debug-iphoneos/Kanpan.build/Kanpan-own-target-headers.hmap -Xcc -I/Users/mdd/zhk/kanpan/DerivedData-chart-foundation-device/Build/Intermediates.noindex/Kanpan.build/Debug-iphoneos/Kanpan.build/Kanpan-all-non-framework-target-headers.hmap -Xcc -ivfsoverlay -Xcc /Users/mdd/zhk/kanpan/DerivedData-chart-foundation-device/Build/Intermediates.noindex/Kanpan.build/Debug-iphoneos/Kanpan-88f8e4f6458ff7f878983357411ed85c-VFS-iphoneos/all-product-headers.yaml -Xcc -iquote -Xcc /Users/mdd/zhk/kanpan/DerivedData-chart-foundation-device/Build/Intermediates.noindex/Kanpan.build/Debug-iphoneos/Kanpan.build/Kanpan-project-headers.hmap -Xcc -I/Users/mdd/zhk/kanpan/DerivedData-chart-foundation-device/Build/Products/Debug-iphoneos/include -Xcc -I/Users/mdd/zhk/kanpan/DerivedData-chart-foundation-device/Build/Intermediates.noindex/Kanpan.build/Debug-iphoneos/Kanpan.build/DerivedSources-normal/arm64 -Xcc -I/Users/mdd/zhk/kanpan/DerivedData-chart-foundation-device/Build/Intermediates.noindex/Kanpan.build/Debug-iphoneos/Kanpan.build/DerivedSources/arm64 -Xcc -I/Users/mdd/zhk/kanpan/DerivedData-chart-foundation-device/Build/Intermediates.noindex/Kanpan.build/Debug-iphoneos/Kanpan.build/DerivedSources -emit-objc-header -emit-objc-header-path /Users/mdd/zhk/kanpan/DerivedData-chart-foundation-device/Build/Intermediates.noindex/Kanpan.build/Debug-iphoneos/Kanpan.build/Objects-normal/arm64/Kanpan-Swift.h -working-directory /Users/mdd/zhk/kanpan/Kanpan -experimental-emit-module-separately -disable-cmo

SwiftMergeGeneratedHeaders /Users/mdd/zhk/kanpan/DerivedData-chart-foundation-device/Build/Intermediates.noindex/Kanpan.build/Debug-iphoneos/Kanpan.build/DerivedSources/Kanpan-Swift.h /Users/mdd/zhk/kanpan/DerivedData-chart-foundation-device/Build/Intermediates.noindex/Kanpan.build/Debug-iphoneos/Kanpan.build/Objects-normal/arm64/Kanpan-Swift.h (in target 'Kanpan' from project 'Kanpan')
    cd /Users/mdd/zhk/kanpan/Kanpan
    builtin-swiftHeaderTool -arch arm64 /Users/mdd/zhk/kanpan/DerivedData-chart-foundation-device/Build/Intermediates.noindex/Kanpan.build/Debug-iphoneos/Kanpan.build/Objects-normal/arm64/Kanpan-Swift.h -o /Users/mdd/zhk/kanpan/DerivedData-chart-foundation-device/Build/Intermediates.noindex/Kanpan.build/Debug-iphoneos/Kanpan.build/DerivedSources/Kanpan-Swift.h

Copy /Users/mdd/zhk/kanpan/DerivedData-chart-foundation-device/Build/Products/Debug-iphoneos/Kanpan.swiftmodule/arm64-apple-ios.swiftmodule /Users/mdd/zhk/kanpan/DerivedData-chart-foundation-device/Build/Intermediates.noindex/Kanpan.build/Debug-iphoneos/Kanpan.build/Objects-normal/arm64/Kanpan.swiftmodule (in target 'Kanpan' from project 'Kanpan')
    cd /Users/mdd/zhk/kanpan/Kanpan
    builtin-copy -exclude .DS_Store -exclude CVS -exclude .svn -exclude .git -exclude .hg -strip-unsigned-binaries -strip-deterministic -strip-tool /Applications/Xcode.app/Contents/Developer/Toolchains/XcodeDefault.xctoolchain/usr/bin/strip -resolve-src-symlinks -rename /Users/mdd/zhk/kanpan/DerivedData-chart-foundation-device/Build/Intermediates.noindex/Kanpan.build/Debug-iphoneos/Kanpan.build/Objects-normal/arm64/Kanpan.swiftmodule /Users/mdd/zhk/kanpan/DerivedData-chart-foundation-device/Build/Products/Debug-iphoneos/Kanpan.swiftmodule/arm64-apple-ios.swiftmodule

Copy /Users/mdd/zhk/kanpan/DerivedData-chart-foundation-device/Build/Products/Debug-iphoneos/Kanpan.swiftmodule/arm64-apple-ios.swiftdoc /Users/mdd/zhk/kanpan/DerivedData-chart-foundation-device/Build/Intermediates.noindex/Kanpan.build/Debug-iphoneos/Kanpan.build/Objects-normal/arm64/Kanpan.swiftdoc (in target 'Kanpan' from project 'Kanpan')
    cd /Users/mdd/zhk/kanpan/Kanpan
    builtin-copy -exclude .DS_Store -exclude CVS -exclude .svn -exclude .git -exclude .hg -strip-unsigned-binaries -strip-deterministic -strip-tool /Applications/Xcode.app/Contents/Developer/Toolchains/XcodeDefault.xctoolchain/usr/bin/strip -resolve-src-symlinks -rename /Users/mdd/zhk/kanpan/DerivedData-chart-foundation-device/Build/Intermediates.noindex/Kanpan.build/Debug-iphoneos/Kanpan.build/Objects-normal/arm64/Kanpan.swiftdoc /Users/mdd/zhk/kanpan/DerivedData-chart-foundation-device/Build/Products/Debug-iphoneos/Kanpan.swiftmodule/arm64-apple-ios.swiftdoc

Copy /Users/mdd/zhk/kanpan/DerivedData-chart-foundation-device/Build/Products/Debug-iphoneos/Kanpan.swiftmodule/arm64-apple-ios.abi.json /Users/mdd/zhk/kanpan/DerivedData-chart-foundation-device/Build/Intermediates.noindex/Kanpan.build/Debug-iphoneos/Kanpan.build/Objects-normal/arm64/Kanpan.abi.json (in target 'Kanpan' from project 'Kanpan')
    cd /Users/mdd/zhk/kanpan/Kanpan
    builtin-copy -exclude .DS_Store -exclude CVS -exclude .svn -exclude .git -exclude .hg -strip-unsigned-binaries -strip-deterministic -strip-tool /Applications/Xcode.app/Contents/Developer/Toolchains/XcodeDefault.xctoolchain/usr/bin/strip -resolve-src-symlinks -rename /Users/mdd/zhk/kanpan/DerivedData-chart-foundation-device/Build/Intermediates.noindex/Kanpan.build/Debug-iphoneos/Kanpan.build/Objects-normal/arm64/Kanpan.abi.json /Users/mdd/zhk/kanpan/DerivedData-chart-foundation-device/Build/Products/Debug-iphoneos/Kanpan.swiftmodule/arm64-apple-ios.abi.json

Copy /Users/mdd/zhk/kanpan/DerivedData-chart-foundation-device/Build/Products/Debug-iphoneos/Kanpan.swiftmodule/Project/arm64-apple-ios.swiftsourceinfo /Users/mdd/zhk/kanpan/DerivedData-chart-foundation-device/Build/Intermediates.noindex/Kanpan.build/Debug-iphoneos/Kanpan.build/Objects-normal/arm64/Kanpan.swiftsourceinfo (in target 'Kanpan' from project 'Kanpan')
    cd /Users/mdd/zhk/kanpan/Kanpan
    builtin-copy -exclude .DS_Store -exclude CVS -exclude .svn -exclude .git -exclude .hg -strip-unsigned-binaries -strip-deterministic -strip-tool /Applications/Xcode.app/Contents/Developer/Toolchains/XcodeDefault.xctoolchain/usr/bin/strip -resolve-src-symlinks -rename /Users/mdd/zhk/kanpan/DerivedData-chart-foundation-device/Build/Intermediates.noindex/Kanpan.build/Debug-iphoneos/Kanpan.build/Objects-normal/arm64/Kanpan.swiftsourceinfo /Users/mdd/zhk/kanpan/DerivedData-chart-foundation-device/Build/Products/Debug-iphoneos/Kanpan.swiftmodule/Project/arm64-apple-ios.swiftsourceinfo

ProcessProductPackaging /Users/mdd/Library/Developer/Xcode/UserData/Provisioning\ Profiles/85f3d3a5-28b1-4344-a61e-4f39b6ac998d.mobileprovision /Users/mdd/zhk/kanpan/DerivedData-chart-foundation-device/Build/Products/Debug-iphoneos/KanpanUITests-Runner.app/embedded.mobileprovision (in target 'KanpanUITests' from project 'Kanpan')
    cd /Users/mdd/zhk/kanpan/Kanpan
    builtin-productPackagingUtility /Users/mdd/Library/Developer/Xcode/UserData/Provisioning\ Profiles/85f3d3a5-28b1-4344-a61e-4f39b6ac998d.mobileprovision -o /Users/mdd/zhk/kanpan/DerivedData-chart-foundation-device/Build/Products/Debug-iphoneos/KanpanUITests-Runner.app/embedded.mobileprovision

ProcessProductPackaging "" /Users/mdd/zhk/kanpan/DerivedData-chart-foundation-device/Build/Intermediates.noindex/Kanpan.build/Debug-iphoneos/KanpanUITests.build/KanpanUITests.xctest.xcent (in target 'KanpanUITests' from project 'Kanpan')
    cd /Users/mdd/zhk/kanpan/Kanpan
    
    Entitlements:
    
    {
    "application-identifier" = "27Y32PT2HZ.com.mdd.kanpan.uitests.xctrunner";
    "com.apple.developer.team-identifier" = 27Y32PT2HZ;
    "get-task-allow" = 1;
    "keychain-access-groups" =     (
        "27Y32PT2HZ.com.mdd.kanpan.uitests.xctrunner"
    );
}
    
    builtin-productPackagingUtility -entitlements -format xml -o /Users/mdd/zhk/kanpan/DerivedData-chart-foundation-device/Build/Intermediates.noindex/Kanpan.build/Debug-iphoneos/KanpanUITests.build/KanpanUITests.xctest.xcent

ProcessProductPackagingDER /Users/mdd/zhk/kanpan/DerivedData-chart-foundation-device/Build/Intermediates.noindex/Kanpan.build/Debug-iphoneos/KanpanUITests.build/KanpanUITests.xctest.xcent /Users/mdd/zhk/kanpan/DerivedData-chart-foundation-device/Build/Intermediates.noindex/Kanpan.build/Debug-iphoneos/KanpanUITests.build/KanpanUITests.xctest.xcent.der (in target 'KanpanUITests' from project 'Kanpan')
    cd /Users/mdd/zhk/kanpan/Kanpan
    /usr/bin/derq query -f xml -i /Users/mdd/zhk/kanpan/DerivedData-chart-foundation-device/Build/Intermediates.noindex/Kanpan.build/Debug-iphoneos/KanpanUITests.build/KanpanUITests.xctest.xcent -o /Users/mdd/zhk/kanpan/DerivedData-chart-foundation-device/Build/Intermediates.noindex/Kanpan.build/Debug-iphoneos/KanpanUITests.build/KanpanUITests.xctest.xcent.der --raw

SwiftDriver KanpanUITests normal arm64 com.apple.xcode.tools.swift.compiler (in target 'KanpanUITests' from project 'Kanpan')
    cd /Users/mdd/zhk/kanpan/Kanpan
    builtin-SwiftDriver -- /Applications/Xcode.app/Contents/Developer/Toolchains/XcodeDefault.xctoolchain/usr/bin/swiftc -module-name KanpanUITests -Onone @/Users/mdd/zhk/kanpan/DerivedData-chart-foundation-device/Build/Intermediates.noindex/Kanpan.build/Debug-iphoneos/KanpanUITests.build/Objects-normal/arm64/KanpanUITests.SwiftFileList -DDEBUG -module-alias Testing\=_Testing_Unavailable -plugin-path /Applications/Xcode.app/Contents/Developer/Toolchains/XcodeDefault.xctoolchain/usr/lib/swift/host/plugins/testing -enable-experimental-feature DebugDescriptionMacro -sdk /Applications/Xcode.app/Contents/Developer/Platforms/iPhoneOS.platform/Developer/SDKs/iPhoneOS26.5.sdk -target arm64-apple-ios17.0 -g -module-cache-path /Users/mdd/zhk/kanpan/DerivedData-chart-foundation-device/ModuleCache.noindex -Xfrontend -serialize-debugging-options -enable-testing -index-store-path /Users/mdd/zhk/kanpan/DerivedData-chart-foundation-device/Index.noindex/DataStore -Xcc -D_LIBCPP_HARDENING_MODE\=_LIBCPP_HARDENING_MODE_DEBUG -swift-version 6 -I /Users/mdd/zhk/kanpan/DerivedData-chart-foundation-device/Build/Products/Debug-iphoneos -Isystem /Applications/Xcode.app/Contents/Developer/Platforms/iPhoneOS.platform/Developer/usr/lib -F /Users/mdd/zhk/kanpan/DerivedData-chart-foundation-device/Build/Products/Debug-iphoneos -F /Applications/Xcode.app/Contents/Developer/Platforms/iPhoneOS.platform/Developer/Library/Frameworks -F /Applications/Xcode.app/Contents/Developer/Platforms/iPhoneOS.platform/Developer/SDKs/iPhoneOS26.5.sdk/Developer/Library/Frameworks -c -j10 -enable-batch-mode -incremental -Xcc -ivfsstatcache -Xcc /Users/mdd/zhk/kanpan/DerivedData-chart-foundation-device/SDKStatCaches.noindex/iphoneos26.5-23F81a-32daed1954a7d5dd0789fcaf2a9bb78b.sdkstatcache -output-file-map /Users/mdd/zhk/kanpan/DerivedData-chart-foundation-device/Build/Intermediates.noindex/Kanpan.build/Debug-iphoneos/KanpanUITests.build/Objects-normal/arm64/KanpanUITests-OutputFileMap.json -use-frontend-parseable-output -save-temps -no-color-diagnostics -explicit-module-build -module-cache-path /Users/mdd/zhk/kanpan/DerivedData-chart-foundation-device/Build/Intermediates.noindex/SwiftExplicitPrecompiledModules -clang-scanner-module-cache-path /Users/mdd/zhk/kanpan/DerivedData-chart-foundation-device/ModuleCache.noindex -sdk-module-cache-path /Users/mdd/zhk/kanpan/DerivedData-chart-foundation-device/ModuleCache.noindex -serialize-diagnostics -emit-dependencies -emit-module -emit-module-path /Users/mdd/zhk/kanpan/DerivedData-chart-foundation-device/Build/Intermediates.noindex/Kanpan.build/Debug-iphoneos/KanpanUITests.build/Objects-normal/arm64/KanpanUITests.swiftmodule -validate-clang-modules-once -clang-build-session-file /Users/mdd/zhk/kanpan/DerivedData-chart-foundation-device/ModuleCache.noindex/Session.modulevalidation -Xcc -I/Users/mdd/zhk/kanpan/DerivedData-chart-foundation-device/Build/Intermediates.noindex/Kanpan.build/Debug-iphoneos/KanpanUITests.build/swift-overrides.hmap -emit-const-values -Xfrontend -const-gather-protocols-file -Xfrontend /Users/mdd/zhk/kanpan/DerivedData-chart-foundation-device/Build/Intermediates.noindex/Kanpan.build/Debug-iphoneos/KanpanUITests.build/Objects-normal/arm64/KanpanUITests_const_extract_protocols.json -Xcc -iquote -Xcc /Users/mdd/zhk/kanpan/DerivedData-chart-foundation-device/Build/Intermediates.noindex/Kanpan.build/Debug-iphoneos/KanpanUITests.build/KanpanUITests-generated-files.hmap -Xcc -I/Users/mdd/zhk/kanpan/DerivedData-chart-foundation-device/Build/Intermediates.noindex/Kanpan.build/Debug-iphoneos/KanpanUITests.build/KanpanUITests-own-target-headers.hmap -Xcc -I/Users/mdd/zhk/kanpan/DerivedData-chart-foundation-device/Build/Intermediates.noindex/Kanpan.build/Debug-iphoneos/KanpanUITests.build/KanpanUITests-all-non-framework-target-headers.hmap -Xcc -ivfsoverlay -Xcc /Users/mdd/zhk/kanpan/DerivedData-chart-foundation-device/Build/Intermediates.noindex/Kanpan.build/Debug-iphoneos/Kanpan-88f8e4f6458ff7f878983357411ed85c-VFS-iphoneos/all-product-headers.yaml -Xcc -iquote -Xcc /Users/mdd/zhk/kanpan/DerivedData-chart-foundation-device/Build/Intermediates.noindex/Kanpan.build/Debug-iphoneos/KanpanUITests.build/KanpanUITests-project-headers.hmap -Xcc -I/Users/mdd/zhk/kanpan/DerivedData-chart-foundation-device/Build/Products/Debug-iphoneos/include -Xcc -I/Users/mdd/zhk/kanpan/DerivedData-chart-foundation-device/Build/Intermediates.noindex/Kanpan.build/Debug-iphoneos/KanpanUITests.build/DerivedSources-normal/arm64 -Xcc -I/Users/mdd/zhk/kanpan/DerivedData-chart-foundation-device/Build/Intermediates.noindex/Kanpan.build/Debug-iphoneos/KanpanUITests.build/DerivedSources/arm64 -Xcc -I/Users/mdd/zhk/kanpan/DerivedData-chart-foundation-device/Build/Intermediates.noindex/Kanpan.build/Debug-iphoneos/KanpanUITests.build/DerivedSources -emit-objc-header -emit-objc-header-path /Users/mdd/zhk/kanpan/DerivedData-chart-foundation-device/Build/Intermediates.noindex/Kanpan.build/Debug-iphoneos/KanpanUITests.build/Objects-normal/arm64/KanpanUITests-Swift.h -working-directory /Users/mdd/zhk/kanpan/Kanpan -experimental-emit-module-separately -disable-cmo

SwiftDriverJobDiscovery normal arm64 Compiling PrefsStore.swift, ThemeChoice.swift, SymbolFixtures.swift, SymbolPickerModel.swift (in target 'Kanpan' from project 'Kanpan')

SwiftDriverJobDiscovery normal arm64 Compiling SymbolTickerFeed.swift, KanpanApp.swift, LaunchScreen.swift, GeneratedAssetSymbols.swift (in target 'Kanpan' from project 'Kanpan')

SwiftExplicitDependencyGeneratePcm arm64 /Users/mdd/zhk/kanpan/DerivedData-chart-foundation-device/Build/Intermediates.noindex/SwiftExplicitPrecompiledModules/XCUIAutomation-A18Q59CYLSK49LFXTTP6ESO9K.pcm

SwiftDriverJobDiscovery normal arm64 Compiling DiagnosticsCenter.swift, DiagnosticsStore.swift, FrameProbe.swift, FrameReportStore.swift, FrameStats.swift (in target 'Kanpan' from project 'Kanpan')

SwiftDriverJobDiscovery normal arm64 Compiling StylePanel.swift, StyleThumbnail.swift, APIHost.swift, IndicatorDraft.swift (in target 'Kanpan' from project 'Kanpan')

SwiftExplicitDependencyCompileModuleFromInterface arm64 /Users/mdd/zhk/kanpan/DerivedData-chart-foundation-device/Build/Intermediates.noindex/SwiftExplicitPrecompiledModules/XCUIAutomation-1925KLLAX8LTH.swiftmodule

SwiftExplicitDependencyGeneratePcm arm64 /Users/mdd/zhk/kanpan/DerivedData-chart-foundation-device/Build/Intermediates.noindex/SwiftExplicitPrecompiledModules/XCTest-CK4MI1V6NEJ7D02XBES13KG04.pcm

SwiftDriverJobDiscovery normal arm64 Compiling MeasurementText.swift, PayloadDigest.swift, DrawingBar.swift, DrawingController.swift, BottomBar.swift (in target 'Kanpan' from project 'Kanpan')

SwiftExplicitDependencyCompileModuleFromInterface arm64 /Users/mdd/zhk/kanpan/DerivedData-chart-foundation-device/Build/Intermediates.noindex/SwiftExplicitPrecompiledModules/XCTest-14LEQF9ID8SQQ.swiftmodule

SwiftDriverJobDiscovery normal arm64 Compiling PanelChrome.swift, PanelPresentation.swift, PanelTheme.swift, PeriodPanel.swift, SettingsPanel.swift (in target 'Kanpan' from project 'Kanpan')

SwiftCompile normal arm64 Compiling\ MainScreenUITests.swift /Users/mdd/zhk/kanpan/Kanpan/KanpanUITests/MainScreenUITests.swift (in target 'KanpanUITests' from project 'Kanpan')

SwiftCompile normal arm64 /Users/mdd/zhk/kanpan/Kanpan/KanpanUITests/MainScreenUITests.swift (in target 'KanpanUITests' from project 'Kanpan')
    cd /Users/mdd/zhk/kanpan/Kanpan
    

SwiftCompile normal arm64 Compiling\ AICoinBaseUITests.swift /Users/mdd/zhk/kanpan/Kanpan/KanpanUITests/AICoinBaseUITests.swift (in target 'KanpanUITests' from project 'Kanpan')

SwiftCompile normal arm64 /Users/mdd/zhk/kanpan/Kanpan/KanpanUITests/AICoinBaseUITests.swift (in target 'KanpanUITests' from project 'Kanpan')
    cd /Users/mdd/zhk/kanpan/Kanpan
    

SwiftEmitModule normal arm64 Emitting\ module\ for\ KanpanUITests (in target 'KanpanUITests' from project 'Kanpan')

EmitSwiftModule normal arm64 (in target 'KanpanUITests' from project 'Kanpan')
    cd /Users/mdd/zhk/kanpan/Kanpan
    

SwiftCompile normal arm64 Compiling\ ChartFoundationUITests.swift /Users/mdd/zhk/kanpan/Kanpan/KanpanUITests/ChartFoundationUITests.swift (in target 'KanpanUITests' from project 'Kanpan')

SwiftCompile normal arm64 /Users/mdd/zhk/kanpan/Kanpan/KanpanUITests/ChartFoundationUITests.swift (in target 'KanpanUITests' from project 'Kanpan')
    cd /Users/mdd/zhk/kanpan/Kanpan
    

SwiftCompile normal arm64 Compiling\ UITestSupport.swift /Users/mdd/zhk/kanpan/Kanpan/KanpanUITests/UITestSupport.swift (in target 'KanpanUITests' from project 'Kanpan')

SwiftCompile normal arm64 /Users/mdd/zhk/kanpan/Kanpan/KanpanUITests/UITestSupport.swift (in target 'KanpanUITests' from project 'Kanpan')
    cd /Users/mdd/zhk/kanpan/Kanpan
    

SwiftDriverJobDiscovery normal arm64 Emitting module for KanpanUITests (in target 'KanpanUITests' from project 'Kanpan')

SwiftDriver\ Compilation\ Requirements KanpanUITests normal arm64 com.apple.xcode.tools.swift.compiler (in target 'KanpanUITests' from project 'Kanpan')
    cd /Users/mdd/zhk/kanpan/Kanpan
    builtin-Swift-Compilation-Requirements -- /Applications/Xcode.app/Contents/Developer/Toolchains/XcodeDefault.xctoolchain/usr/bin/swiftc -module-name KanpanUITests -Onone @/Users/mdd/zhk/kanpan/DerivedData-chart-foundation-device/Build/Intermediates.noindex/Kanpan.build/Debug-iphoneos/KanpanUITests.build/Objects-normal/arm64/KanpanUITests.SwiftFileList -DDEBUG -module-alias Testing\=_Testing_Unavailable -plugin-path /Applications/Xcode.app/Contents/Developer/Toolchains/XcodeDefault.xctoolchain/usr/lib/swift/host/plugins/testing -enable-experimental-feature DebugDescriptionMacro -sdk /Applications/Xcode.app/Contents/Developer/Platforms/iPhoneOS.platform/Developer/SDKs/iPhoneOS26.5.sdk -target arm64-apple-ios17.0 -g -module-cache-path /Users/mdd/zhk/kanpan/DerivedData-chart-foundation-device/ModuleCache.noindex -Xfrontend -serialize-debugging-options -enable-testing -index-store-path /Users/mdd/zhk/kanpan/DerivedData-chart-foundation-device/Index.noindex/DataStore -Xcc -D_LIBCPP_HARDENING_MODE\=_LIBCPP_HARDENING_MODE_DEBUG -swift-version 6 -I /Users/mdd/zhk/kanpan/DerivedData-chart-foundation-device/Build/Products/Debug-iphoneos -Isystem /Applications/Xcode.app/Contents/Developer/Platforms/iPhoneOS.platform/Developer/usr/lib -F /Users/mdd/zhk/kanpan/DerivedData-chart-foundation-device/Build/Products/Debug-iphoneos -F /Applications/Xcode.app/Contents/Developer/Platforms/iPhoneOS.platform/Developer/Library/Frameworks -F /Applications/Xcode.app/Contents/Developer/Platforms/iPhoneOS.platform/Developer/SDKs/iPhoneOS26.5.sdk/Developer/Library/Frameworks -c -j10 -enable-batch-mode -incremental -Xcc -ivfsstatcache -Xcc /Users/mdd/zhk/kanpan/DerivedData-chart-foundation-device/SDKStatCaches.noindex/iphoneos26.5-23F81a-32daed1954a7d5dd0789fcaf2a9bb78b.sdkstatcache -output-file-map /Users/mdd/zhk/kanpan/DerivedData-chart-foundation-device/Build/Intermediates.noindex/Kanpan.build/Debug-iphoneos/KanpanUITests.build/Objects-normal/arm64/KanpanUITests-OutputFileMap.json -use-frontend-parseable-output -save-temps -no-color-diagnostics -explicit-module-build -module-cache-path /Users/mdd/zhk/kanpan/DerivedData-chart-foundation-device/Build/Intermediates.noindex/SwiftExplicitPrecompiledModules -clang-scanner-module-cache-path /Users/mdd/zhk/kanpan/DerivedData-chart-foundation-device/ModuleCache.noindex -sdk-module-cache-path /Users/mdd/zhk/kanpan/DerivedData-chart-foundation-device/ModuleCache.noindex -serialize-diagnostics -emit-dependencies -emit-module -emit-module-path /Users/mdd/zhk/kanpan/DerivedData-chart-foundation-device/Build/Intermediates.noindex/Kanpan.build/Debug-iphoneos/KanpanUITests.build/Objects-normal/arm64/KanpanUITests.swiftmodule -validate-clang-modules-once -clang-build-session-file /Users/mdd/zhk/kanpan/DerivedData-chart-foundation-device/ModuleCache.noindex/Session.modulevalidation -Xcc -I/Users/mdd/zhk/kanpan/DerivedData-chart-foundation-device/Build/Intermediates.noindex/Kanpan.build/Debug-iphoneos/KanpanUITests.build/swift-overrides.hmap -emit-const-values -Xfrontend -const-gather-protocols-file -Xfrontend /Users/mdd/zhk/kanpan/DerivedData-chart-foundation-device/Build/Intermediates.noindex/Kanpan.build/Debug-iphoneos/KanpanUITests.build/Objects-normal/arm64/KanpanUITests_const_extract_protocols.json -Xcc -iquote -Xcc /Users/mdd/zhk/kanpan/DerivedData-chart-foundation-device/Build/Intermediates.noindex/Kanpan.build/Debug-iphoneos/KanpanUITests.build/KanpanUITests-generated-files.hmap -Xcc -I/Users/mdd/zhk/kanpan/DerivedData-chart-foundation-device/Build/Intermediates.noindex/Kanpan.build/Debug-iphoneos/KanpanUITests.build/KanpanUITests-own-target-headers.hmap -Xcc -I/Users/mdd/zhk/kanpan/DerivedData-chart-foundation-device/Build/Intermediates.noindex/Kanpan.build/Debug-iphoneos/KanpanUITests.build/KanpanUITests-all-non-framework-target-headers.hmap -Xcc -ivfsoverlay -Xcc /Users/mdd/zhk/kanpan/DerivedData-chart-foundation-device/Build/Intermediates.noindex/Kanpan.build/Debug-iphoneos/Kanpan-88f8e4f6458ff7f878983357411ed85c-VFS-iphoneos/all-product-headers.yaml -Xcc -iquote -Xcc /Users/mdd/zhk/kanpan/DerivedData-chart-foundation-device/Build/Intermediates.noindex/Kanpan.build/Debug-iphoneos/KanpanUITests.build/KanpanUITests-project-headers.hmap -Xcc -I/Users/mdd/zhk/kanpan/DerivedData-chart-foundation-device/Build/Products/Debug-iphoneos/include -Xcc -I/Users/mdd/zhk/kanpan/DerivedData-chart-foundation-device/Build/Intermediates.noindex/Kanpan.build/Debug-iphoneos/KanpanUITests.build/DerivedSources-normal/arm64 -Xcc -I/Users/mdd/zhk/kanpan/DerivedData-chart-foundation-device/Build/Intermediates.noindex/Kanpan.build/Debug-iphoneos/KanpanUITests.build/DerivedSources/arm64 -Xcc -I/Users/mdd/zhk/kanpan/DerivedData-chart-foundation-device/Build/Intermediates.noindex/Kanpan.build/Debug-iphoneos/KanpanUITests.build/DerivedSources -emit-objc-header -emit-objc-header-path /Users/mdd/zhk/kanpan/DerivedData-chart-foundation-device/Build/Intermediates.noindex/Kanpan.build/Debug-iphoneos/KanpanUITests.build/Objects-normal/arm64/KanpanUITests-Swift.h -working-directory /Users/mdd/zhk/kanpan/Kanpan -experimental-emit-module-separately -disable-cmo

SwiftMergeGeneratedHeaders /Users/mdd/zhk/kanpan/DerivedData-chart-foundation-device/Build/Intermediates.noindex/Kanpan.build/Debug-iphoneos/KanpanUITests.build/DerivedSources/KanpanUITests-Swift.h /Users/mdd/zhk/kanpan/DerivedData-chart-foundation-device/Build/Intermediates.noindex/Kanpan.build/Debug-iphoneos/KanpanUITests.build/Objects-normal/arm64/KanpanUITests-Swift.h (in target 'KanpanUITests' from project 'Kanpan')
    cd /Users/mdd/zhk/kanpan/Kanpan
    builtin-swiftHeaderTool -arch arm64 /Users/mdd/zhk/kanpan/DerivedData-chart-foundation-device/Build/Intermediates.noindex/Kanpan.build/Debug-iphoneos/KanpanUITests.build/Objects-normal/arm64/KanpanUITests-Swift.h -o /Users/mdd/zhk/kanpan/DerivedData-chart-foundation-device/Build/Intermediates.noindex/Kanpan.build/Debug-iphoneos/KanpanUITests.build/DerivedSources/KanpanUITests-Swift.h

Copy /Users/mdd/zhk/kanpan/DerivedData-chart-foundation-device/Build/Products/Debug-iphoneos/KanpanUITests.swiftmodule/arm64-apple-ios.swiftmodule /Users/mdd/zhk/kanpan/DerivedData-chart-foundation-device/Build/Intermediates.noindex/Kanpan.build/Debug-iphoneos/KanpanUITests.build/Objects-normal/arm64/KanpanUITests.swiftmodule (in target 'KanpanUITests' from project 'Kanpan')
    cd /Users/mdd/zhk/kanpan/Kanpan
    builtin-copy -exclude .DS_Store -exclude CVS -exclude .svn -exclude .git -exclude .hg -strip-unsigned-binaries -strip-deterministic -strip-tool /Applications/Xcode.app/Contents/Developer/Toolchains/XcodeDefault.xctoolchain/usr/bin/strip -resolve-src-symlinks -rename /Users/mdd/zhk/kanpan/DerivedData-chart-foundation-device/Build/Intermediates.noindex/Kanpan.build/Debug-iphoneos/KanpanUITests.build/Objects-normal/arm64/KanpanUITests.swiftmodule /Users/mdd/zhk/kanpan/DerivedData-chart-foundation-device/Build/Products/Debug-iphoneos/KanpanUITests.swiftmodule/arm64-apple-ios.swiftmodule

Copy /Users/mdd/zhk/kanpan/DerivedData-chart-foundation-device/Build/Products/Debug-iphoneos/KanpanUITests.swiftmodule/arm64-apple-ios.swiftdoc /Users/mdd/zhk/kanpan/DerivedData-chart-foundation-device/Build/Intermediates.noindex/Kanpan.build/Debug-iphoneos/KanpanUITests.build/Objects-normal/arm64/KanpanUITests.swiftdoc (in target 'KanpanUITests' from project 'Kanpan')
    cd /Users/mdd/zhk/kanpan/Kanpan
    builtin-copy -exclude .DS_Store -exclude CVS -exclude .svn -exclude .git -exclude .hg -strip-unsigned-binaries -strip-deterministic -strip-tool /Applications/Xcode.app/Contents/Developer/Toolchains/XcodeDefault.xctoolchain/usr/bin/strip -resolve-src-symlinks -rename /Users/mdd/zhk/kanpan/DerivedData-chart-foundation-device/Build/Intermediates.noindex/Kanpan.build/Debug-iphoneos/KanpanUITests.build/Objects-normal/arm64/KanpanUITests.swiftdoc /Users/mdd/zhk/kanpan/DerivedData-chart-foundation-device/Build/Products/Debug-iphoneos/KanpanUITests.swiftmodule/arm64-apple-ios.swiftdoc

Copy /Users/mdd/zhk/kanpan/DerivedData-chart-foundation-device/Build/Products/Debug-iphoneos/KanpanUITests.swiftmodule/arm64-apple-ios.abi.json /Users/mdd/zhk/kanpan/DerivedData-chart-foundation-device/Build/Intermediates.noindex/Kanpan.build/Debug-iphoneos/KanpanUITests.build/Objects-normal/arm64/KanpanUITests.abi.json (in target 'KanpanUITests' from project 'Kanpan')
    cd /Users/mdd/zhk/kanpan/Kanpan
    builtin-copy -exclude .DS_Store -exclude CVS -exclude .svn -exclude .git -exclude .hg -strip-unsigned-binaries -strip-deterministic -strip-tool /Applications/Xcode.app/Contents/Developer/Toolchains/XcodeDefault.xctoolchain/usr/bin/strip -resolve-src-symlinks -rename /Users/mdd/zhk/kanpan/DerivedData-chart-foundation-device/Build/Intermediates.noindex/Kanpan.build/Debug-iphoneos/KanpanUITests.build/Objects-normal/arm64/KanpanUITests.abi.json /Users/mdd/zhk/kanpan/DerivedData-chart-foundation-device/Build/Products/Debug-iphoneos/KanpanUITests.swiftmodule/arm64-apple-ios.abi.json

Copy /Users/mdd/zhk/kanpan/DerivedData-chart-foundation-device/Build/Products/Debug-iphoneos/KanpanUITests.swiftmodule/Project/arm64-apple-ios.swiftsourceinfo /Users/mdd/zhk/kanpan/DerivedData-chart-foundation-device/Build/Intermediates.noindex/Kanpan.build/Debug-iphoneos/KanpanUITests.build/Objects-normal/arm64/KanpanUITests.swiftsourceinfo (in target 'KanpanUITests' from project 'Kanpan')
    cd /Users/mdd/zhk/kanpan/Kanpan
    builtin-copy -exclude .DS_Store -exclude CVS -exclude .svn -exclude .git -exclude .hg -strip-unsigned-binaries -strip-deterministic -strip-tool /Applications/Xcode.app/Contents/Developer/Toolchains/XcodeDefault.xctoolchain/usr/bin/strip -resolve-src-symlinks -rename /Users/mdd/zhk/kanpan/DerivedData-chart-foundation-device/Build/Intermediates.noindex/Kanpan.build/Debug-iphoneos/KanpanUITests.build/Objects-normal/arm64/KanpanUITests.swiftsourceinfo /Users/mdd/zhk/kanpan/DerivedData-chart-foundation-device/Build/Products/Debug-iphoneos/KanpanUITests.swiftmodule/Project/arm64-apple-ios.swiftsourceinfo

SwiftDriverJobDiscovery normal arm64 Compiling OrientationBridge.swift, TopBar.swift, VectorIcon.swift, ChartPanel.swift, IndicatorPanel.swift (in target 'Kanpan' from project 'Kanpan')

SwiftDriverJobDiscovery normal arm64 Compiling SymbolPickerView.swift, SymbolPrefs.swift, SymbolQuery.swift, SymbolSections.swift (in target 'Kanpan' from project 'Kanpan')

SwiftDriverJobDiscovery normal arm64 Compiling MainScreenUITests.swift (in target 'KanpanUITests' from project 'Kanpan')

SwiftDriverJobDiscovery normal arm64 Compiling UITestSupport.swift (in target 'KanpanUITests' from project 'Kanpan')

SwiftDriverJobDiscovery normal arm64 Compiling AICoinBaseUITests.swift (in target 'KanpanUITests' from project 'Kanpan')

SwiftDriverJobDiscovery normal arm64 Compiling ChartFoundationUITests.swift (in target 'KanpanUITests' from project 'Kanpan')

SwiftDriver\ Compilation KanpanUITests normal arm64 com.apple.xcode.tools.swift.compiler (in target 'KanpanUITests' from project 'Kanpan')
    cd /Users/mdd/zhk/kanpan/Kanpan
    builtin-Swift-Compilation -- /Applications/Xcode.app/Contents/Developer/Toolchains/XcodeDefault.xctoolchain/usr/bin/swiftc -module-name KanpanUITests -Onone @/Users/mdd/zhk/kanpan/DerivedData-chart-foundation-device/Build/Intermediates.noindex/Kanpan.build/Debug-iphoneos/KanpanUITests.build/Objects-normal/arm64/KanpanUITests.SwiftFileList -DDEBUG -module-alias Testing\=_Testing_Unavailable -plugin-path /Applications/Xcode.app/Contents/Developer/Toolchains/XcodeDefault.xctoolchain/usr/lib/swift/host/plugins/testing -enable-experimental-feature DebugDescriptionMacro -sdk /Applications/Xcode.app/Contents/Developer/Platforms/iPhoneOS.platform/Developer/SDKs/iPhoneOS26.5.sdk -target arm64-apple-ios17.0 -g -module-cache-path /Users/mdd/zhk/kanpan/DerivedData-chart-foundation-device/ModuleCache.noindex -Xfrontend -serialize-debugging-options -enable-testing -index-store-path /Users/mdd/zhk/kanpan/DerivedData-chart-foundation-device/Index.noindex/DataStore -Xcc -D_LIBCPP_HARDENING_MODE\=_LIBCPP_HARDENING_MODE_DEBUG -swift-version 6 -I /Users/mdd/zhk/kanpan/DerivedData-chart-foundation-device/Build/Products/Debug-iphoneos -Isystem /Applications/Xcode.app/Contents/Developer/Platforms/iPhoneOS.platform/Developer/usr/lib -F /Users/mdd/zhk/kanpan/DerivedData-chart-foundation-device/Build/Products/Debug-iphoneos -F /Applications/Xcode.app/Contents/Developer/Platforms/iPhoneOS.platform/Developer/Library/Frameworks -F /Applications/Xcode.app/Contents/Developer/Platforms/iPhoneOS.platform/Developer/SDKs/iPhoneOS26.5.sdk/Developer/Library/Frameworks -c -j10 -enable-batch-mode -incremental -Xcc -ivfsstatcache -Xcc /Users/mdd/zhk/kanpan/DerivedData-chart-foundation-device/SDKStatCaches.noindex/iphoneos26.5-23F81a-32daed1954a7d5dd0789fcaf2a9bb78b.sdkstatcache -output-file-map /Users/mdd/zhk/kanpan/DerivedData-chart-foundation-device/Build/Intermediates.noindex/Kanpan.build/Debug-iphoneos/KanpanUITests.build/Objects-normal/arm64/KanpanUITests-OutputFileMap.json -use-frontend-parseable-output -save-temps -no-color-diagnostics -explicit-module-build -module-cache-path /Users/mdd/zhk/kanpan/DerivedData-chart-foundation-device/Build/Intermediates.noindex/SwiftExplicitPrecompiledModules -clang-scanner-module-cache-path /Users/mdd/zhk/kanpan/DerivedData-chart-foundation-device/ModuleCache.noindex -sdk-module-cache-path /Users/mdd/zhk/kanpan/DerivedData-chart-foundation-device/ModuleCache.noindex -serialize-diagnostics -emit-dependencies -emit-module -emit-module-path /Users/mdd/zhk/kanpan/DerivedData-chart-foundation-device/Build/Intermediates.noindex/Kanpan.build/Debug-iphoneos/KanpanUITests.build/Objects-normal/arm64/KanpanUITests.swiftmodule -validate-clang-modules-once -clang-build-session-file /Users/mdd/zhk/kanpan/DerivedData-chart-foundation-device/ModuleCache.noindex/Session.modulevalidation -Xcc -I/Users/mdd/zhk/kanpan/DerivedData-chart-foundation-device/Build/Intermediates.noindex/Kanpan.build/Debug-iphoneos/KanpanUITests.build/swift-overrides.hmap -emit-const-values -Xfrontend -const-gather-protocols-file -Xfrontend /Users/mdd/zhk/kanpan/DerivedData-chart-foundation-device/Build/Intermediates.noindex/Kanpan.build/Debug-iphoneos/KanpanUITests.build/Objects-normal/arm64/KanpanUITests_const_extract_protocols.json -Xcc -iquote -Xcc /Users/mdd/zhk/kanpan/DerivedData-chart-foundation-device/Build/Intermediates.noindex/Kanpan.build/Debug-iphoneos/KanpanUITests.build/KanpanUITests-generated-files.hmap -Xcc -I/Users/mdd/zhk/kanpan/DerivedData-chart-foundation-device/Build/Intermediates.noindex/Kanpan.build/Debug-iphoneos/KanpanUITests.build/KanpanUITests-own-target-headers.hmap -Xcc -I/Users/mdd/zhk/kanpan/DerivedData-chart-foundation-device/Build/Intermediates.noindex/Kanpan.build/Debug-iphoneos/KanpanUITests.build/KanpanUITests-all-non-framework-target-headers.hmap -Xcc -ivfsoverlay -Xcc /Users/mdd/zhk/kanpan/DerivedData-chart-foundation-device/Build/Intermediates.noindex/Kanpan.build/Debug-iphoneos/Kanpan-88f8e4f6458ff7f878983357411ed85c-VFS-iphoneos/all-product-headers.yaml -Xcc -iquote -Xcc /Users/mdd/zhk/kanpan/DerivedData-chart-foundation-device/Build/Intermediates.noindex/Kanpan.build/Debug-iphoneos/KanpanUITests.build/KanpanUITests-project-headers.hmap -Xcc -I/Users/mdd/zhk/kanpan/DerivedData-chart-foundation-device/Build/Products/Debug-iphoneos/include -Xcc -I/Users/mdd/zhk/kanpan/DerivedData-chart-foundation-device/Build/Intermediates.noindex/Kanpan.build/Debug-iphoneos/KanpanUITests.build/DerivedSources-normal/arm64 -Xcc -I/Users/mdd/zhk/kanpan/DerivedData-chart-foundation-device/Build/Intermediates.noindex/Kanpan.build/Debug-iphoneos/KanpanUITests.build/DerivedSources/arm64 -Xcc -I/Users/mdd/zhk/kanpan/DerivedData-chart-foundation-device/Build/Intermediates.noindex/Kanpan.build/Debug-iphoneos/KanpanUITests.build/DerivedSources -emit-objc-header -emit-objc-header-path /Users/mdd/zhk/kanpan/DerivedData-chart-foundation-device/Build/Intermediates.noindex/Kanpan.build/Debug-iphoneos/KanpanUITests.build/Objects-normal/arm64/KanpanUITests-Swift.h -working-directory /Users/mdd/zhk/kanpan/Kanpan -experimental-emit-module-separately -disable-cmo

SwiftDriverJobDiscovery normal arm64 Compiling ChartHost.swift, IntervalBar.swift, LandscapeChrome.swift, MainScreen.swift, MarketModel.swift (in target 'Kanpan' from project 'Kanpan')

SwiftDriver\ Compilation Kanpan normal arm64 com.apple.xcode.tools.swift.compiler (in target 'Kanpan' from project 'Kanpan')
    cd /Users/mdd/zhk/kanpan/Kanpan
    builtin-Swift-Compilation -- /Applications/Xcode.app/Contents/Developer/Toolchains/XcodeDefault.xctoolchain/usr/bin/swiftc -module-name Kanpan -Onone @/Users/mdd/zhk/kanpan/DerivedData-chart-foundation-device/Build/Intermediates.noindex/Kanpan.build/Debug-iphoneos/Kanpan.build/Objects-normal/arm64/Kanpan.SwiftFileList -DDEBUG -enable-experimental-feature DebugDescriptionMacro -sdk /Applications/Xcode.app/Contents/Developer/Platforms/iPhoneOS.platform/Developer/SDKs/iPhoneOS26.5.sdk -target arm64-apple-ios17.0 -g -module-cache-path /Users/mdd/zhk/kanpan/DerivedData-chart-foundation-device/ModuleCache.noindex -Xfrontend -serialize-debugging-options -enable-testing -index-store-path /Users/mdd/zhk/kanpan/DerivedData-chart-foundation-device/Index.noindex/DataStore -Xcc -D_LIBCPP_HARDENING_MODE\=_LIBCPP_HARDENING_MODE_DEBUG -swift-version 6 -I /Users/mdd/zhk/kanpan/DerivedData-chart-foundation-device/Build/Products/Debug-iphoneos -F /Users/mdd/zhk/kanpan/DerivedData-chart-foundation-device/Build/Products/Debug-iphoneos/PackageFrameworks -F /Users/mdd/zhk/kanpan/DerivedData-chart-foundation-device/Build/Products/Debug-iphoneos/PackageFrameworks -F /Users/mdd/zhk/kanpan/DerivedData-chart-foundation-device/Build/Products/Debug-iphoneos/PackageFrameworks -F /Users/mdd/zhk/kanpan/DerivedData-chart-foundation-device/Build/Products/Debug-iphoneos -emit-localized-strings -emit-localized-strings-path /Users/mdd/zhk/kanpan/DerivedData-chart-foundation-device/Build/Intermediates.noindex/Kanpan.build/Debug-iphoneos/Kanpan.build/Objects-normal/arm64 -c -j10 -enable-batch-mode -incremental -Xcc -ivfsstatcache -Xcc /Users/mdd/zhk/kanpan/DerivedData-chart-foundation-device/SDKStatCaches.noindex/iphoneos26.5-23F81a-32daed1954a7d5dd0789fcaf2a9bb78b.sdkstatcache -output-file-map /Users/mdd/zhk/kanpan/DerivedData-chart-foundation-device/Build/Intermediates.noindex/Kanpan.build/Debug-iphoneos/Kanpan.build/Objects-normal/arm64/Kanpan-OutputFileMap.json -use-frontend-parseable-output -save-temps -no-color-diagnostics -explicit-module-build -module-cache-path /Users/mdd/zhk/kanpan/DerivedData-chart-foundation-device/Build/Intermediates.noindex/SwiftExplicitPrecompiledModules -clang-scanner-module-cache-path /Users/mdd/zhk/kanpan/DerivedData-chart-foundation-device/ModuleCache.noindex -sdk-module-cache-path /Users/mdd/zhk/kanpan/DerivedData-chart-foundation-device/ModuleCache.noindex -serialize-diagnostics -emit-dependencies -emit-module -emit-module-path /Users/mdd/zhk/kanpan/DerivedData-chart-foundation-device/Build/Intermediates.noindex/Kanpan.build/Debug-iphoneos/Kanpan.build/Objects-normal/arm64/Kanpan.swiftmodule -validate-clang-modules-once -clang-build-session-file /Users/mdd/zhk/kanpan/DerivedData-chart-foundation-device/ModuleCache.noindex/Session.modulevalidation -Xcc -I/Users/mdd/zhk/kanpan/DerivedData-chart-foundation-device/Build/Intermediates.noindex/Kanpan.build/Debug-iphoneos/Kanpan.build/swift-overrides.hmap -emit-const-values -Xfrontend -const-gather-protocols-file -Xfrontend /Users/mdd/zhk/kanpan/DerivedData-chart-foundation-device/Build/Intermediates.noindex/Kanpan.build/Debug-iphoneos/Kanpan.build/Objects-normal/arm64/Kanpan_const_extract_protocols.json -Xcc -iquote -Xcc /Users/mdd/zhk/kanpan/DerivedData-chart-foundation-device/Build/Intermediates.noindex/Kanpan.build/Debug-iphoneos/Kanpan.build/Kanpan-generated-files.hmap -Xcc -I/Users/mdd/zhk/kanpan/DerivedData-chart-foundation-device/Build/Intermediates.noindex/Kanpan.build/Debug-iphoneos/Kanpan.build/Kanpan-own-target-headers.hmap -Xcc -I/Users/mdd/zhk/kanpan/DerivedData-chart-foundation-device/Build/Intermediates.noindex/Kanpan.build/Debug-iphoneos/Kanpan.build/Kanpan-all-non-framework-target-headers.hmap -Xcc -ivfsoverlay -Xcc /Users/mdd/zhk/kanpan/DerivedData-chart-foundation-device/Build/Intermediates.noindex/Kanpan.build/Debug-iphoneos/Kanpan-88f8e4f6458ff7f878983357411ed85c-VFS-iphoneos/all-product-headers.yaml -Xcc -iquote -Xcc /Users/mdd/zhk/kanpan/DerivedData-chart-foundation-device/Build/Intermediates.noindex/Kanpan.build/Debug-iphoneos/Kanpan.build/Kanpan-project-headers.hmap -Xcc -I/Users/mdd/zhk/kanpan/DerivedData-chart-foundation-device/Build/Products/Debug-iphoneos/include -Xcc -I/Users/mdd/zhk/kanpan/DerivedData-chart-foundation-device/Build/Intermediates.noindex/Kanpan.build/Debug-iphoneos/Kanpan.build/DerivedSources-normal/arm64 -Xcc -I/Users/mdd/zhk/kanpan/DerivedData-chart-foundation-device/Build/Intermediates.noindex/Kanpan.build/Debug-iphoneos/Kanpan.build/DerivedSources/arm64 -Xcc -I/Users/mdd/zhk/kanpan/DerivedData-chart-foundation-device/Build/Intermediates.noindex/Kanpan.build/Debug-iphoneos/Kanpan.build/DerivedSources -emit-objc-header -emit-objc-header-path /Users/mdd/zhk/kanpan/DerivedData-chart-foundation-device/Build/Intermediates.noindex/Kanpan.build/Debug-iphoneos/Kanpan.build/Objects-normal/arm64/Kanpan-Swift.h -working-directory /Users/mdd/zhk/kanpan/Kanpan -experimental-emit-module-separately -disable-cmo

Ld /Users/mdd/zhk/kanpan/DerivedData-chart-foundation-device/Build/Products/Debug-iphoneos/Kanpan.app/Kanpan.debug.dylib normal (in target 'Kanpan' from project 'Kanpan')
    cd /Users/mdd/zhk/kanpan/Kanpan
    /Applications/Xcode.app/Contents/Developer/Toolchains/XcodeDefault.xctoolchain/usr/bin/clang -Xlinker -reproducible -target arm64-apple-ios17.0 -dynamiclib -isysroot /Applications/Xcode.app/Contents/Developer/Platforms/iPhoneOS.platform/Developer/SDKs/iPhoneOS26.5.sdk -O0 -L/Users/mdd/zhk/kanpan/DerivedData-chart-foundation-device/Build/Intermediates.noindex/EagerLinkingTBDs/Debug-iphoneos -L/Users/mdd/zhk/kanpan/DerivedData-chart-foundation-device/Build/Products/Debug-iphoneos -F/Users/mdd/zhk/kanpan/DerivedData-chart-foundation-device/Build/Intermediates.noindex/EagerLinkingTBDs/Debug-iphoneos -F/Users/mdd/zhk/kanpan/DerivedData-chart-foundation-device/Build/Products/Debug-iphoneos/PackageFrameworks -F/Users/mdd/zhk/kanpan/DerivedData-chart-foundation-device/Build/Products/Debug-iphoneos/PackageFrameworks -F/Users/mdd/zhk/kanpan/DerivedData-chart-foundation-device/Build/Products/Debug-iphoneos/PackageFrameworks -F/Users/mdd/zhk/kanpan/DerivedData-chart-foundation-device/Build/Products/Debug-iphoneos -filelist /Users/mdd/zhk/kanpan/DerivedData-chart-foundation-device/Build/Intermediates.noindex/Kanpan.build/Debug-iphoneos/Kanpan.build/Objects-normal/arm64/Kanpan.LinkFileList -install_name @rpath/Kanpan.debug.dylib -Xlinker -rpath -Xlinker /usr/lib/swift -Xlinker -rpath -Xlinker /Users/mdd/zhk/kanpan/DerivedData-chart-foundation-device/Build/Products/Debug-iphoneos/PackageFrameworks -Xlinker -rpath -Xlinker @executable_path/Frameworks -Xlinker -dead_strip -Xlinker -object_path_lto -Xlinker /Users/mdd/zhk/kanpan/DerivedData-chart-foundation-device/Build/Intermediates.noindex/Kanpan.build/Debug-iphoneos/Kanpan.build/Objects-normal/arm64/Kanpan_lto.o -rdynamic -Xlinker -no_deduplicate -Xlinker -dependency_info -Xlinker /Users/mdd/zhk/kanpan/DerivedData-chart-foundation-device/Build/Intermediates.noindex/Kanpan.build/Debug-iphoneos/Kanpan.build/Objects-normal/arm64/Kanpan_dependency_info.dat -fobjc-link-runtime -L/Applications/Xcode.app/Contents/Developer/Toolchains/XcodeDefault.xctoolchain/usr/lib/swift/iphoneos -L/usr/lib/swift -Xlinker -add_ast_path -Xlinker /Users/mdd/zhk/kanpan/DerivedData-chart-foundation-device/Build/Intermediates.noindex/Kanpan.build/Debug-iphoneos/Kanpan.build/Objects-normal/arm64/Kanpan.swiftmodule @/Users/mdd/zhk/kanpan/DerivedData-chart-foundation-device/Build/Intermediates.noindex/Kanpan.build/Debug-iphoneos/Kanpan.build/Objects-normal/arm64/Kanpan-linker-args.resp -Wl,-no_warn_duplicate_libraries -Wl,-no_warn_duplicate_libraries -Wl,-no_warn_duplicate_libraries -Xlinker -alias -Xlinker _main -Xlinker ___debug_main_executable_dylib_entry_point -Xlinker -no_adhoc_codesign -o /Users/mdd/zhk/kanpan/DerivedData-chart-foundation-device/Build/Products/Debug-iphoneos/Kanpan.app/Kanpan.debug.dylib -Xlinker -add_ast_path -Xlinker /Users/mdd/zhk/kanpan/DerivedData-chart-foundation-device/Build/Intermediates.noindex/KanpanCore.build/Debug-iphoneos/KanpanCore.build/Objects-normal/arm64/KanpanCore.swiftmodule @/Users/mdd/zhk/kanpan/DerivedData-chart-foundation-device/Build/Intermediates.noindex/KanpanCore.build/Debug-iphoneos/KanpanCore.build/Objects-normal/arm64/KanpanCore-linker-args.resp -Xlinker -add_ast_path -Xlinker /Users/mdd/zhk/kanpan/DerivedData-chart-foundation-device/Build/Intermediates.noindex/KanpanChart.build/Debug-iphoneos/KanpanChart.build/Objects-normal/arm64/KanpanChart.swiftmodule @/Users/mdd/zhk/kanpan/DerivedData-chart-foundation-device/Build/Intermediates.noindex/KanpanChart.build/Debug-iphoneos/KanpanChart.build/Objects-normal/arm64/KanpanChart-linker-args.resp -Xlinker -add_ast_path -Xlinker /Users/mdd/zhk/kanpan/DerivedData-chart-foundation-device/Build/Intermediates.noindex/KanpanData.build/Debug-iphoneos/KanpanData.build/Objects-normal/arm64/KanpanData.swiftmodule @/Users/mdd/zhk/kanpan/DerivedData-chart-foundation-device/Build/Intermediates.noindex/KanpanData.build/Debug-iphoneos/KanpanData.build/Objects-normal/arm64/KanpanData-linker-args.resp

ConstructStubExecutorLinkFileList /Users/mdd/zhk/kanpan/DerivedData-chart-foundation-device/Build/Intermediates.noindex/Kanpan.build/Debug-iphoneos/Kanpan.build/Kanpan-ExecutorLinkFileList-normal-arm64.txt (in target 'Kanpan' from project 'Kanpan')
    cd /Users/mdd/zhk/kanpan/Kanpan
    construct-stub-executor-link-file-list /Users/mdd/zhk/kanpan/DerivedData-chart-foundation-device/Build/Products/Debug-iphoneos/Kanpan.app/Kanpan.debug.dylib /Applications/Xcode.app/Contents/Developer/Platforms/iPhoneOS.platform/Developer/usr/lib/libPreviewsJITStubExecutor_no_swift_entry_point.a /Applications/Xcode.app/Contents/Developer/Platforms/iPhoneOS.platform/Developer/usr/lib/libPreviewsJITStubExecutor.a --output /Users/mdd/zhk/kanpan/DerivedData-chart-foundation-device/Build/Intermediates.noindex/Kanpan.build/Debug-iphoneos/Kanpan.build/Kanpan-ExecutorLinkFileList-normal-arm64.txt
note: Using stub executor library with Swift entry point. (in target 'Kanpan' from project 'Kanpan')

Ld /Users/mdd/zhk/kanpan/DerivedData-chart-foundation-device/Build/Products/Debug-iphoneos/Kanpan.app/Kanpan normal (in target 'Kanpan' from project 'Kanpan')
    cd /Users/mdd/zhk/kanpan/Kanpan
    /Applications/Xcode.app/Contents/Developer/Toolchains/XcodeDefault.xctoolchain/usr/bin/clang -Xlinker -reproducible -target arm64-apple-ios17.0 -isysroot /Applications/Xcode.app/Contents/Developer/Platforms/iPhoneOS.platform/Developer/SDKs/iPhoneOS26.5.sdk -O0 -L/Users/mdd/zhk/kanpan/DerivedData-chart-foundation-device/Build/Products/Debug-iphoneos -F/Users/mdd/zhk/kanpan/DerivedData-chart-foundation-device/Build/Products/Debug-iphoneos/PackageFrameworks -F/Users/mdd/zhk/kanpan/DerivedData-chart-foundation-device/Build/Products/Debug-iphoneos/PackageFrameworks -F/Users/mdd/zhk/kanpan/DerivedData-chart-foundation-device/Build/Products/Debug-iphoneos/PackageFrameworks -F/Users/mdd/zhk/kanpan/DerivedData-chart-foundation-device/Build/Products/Debug-iphoneos -Xlinker -rpath -Xlinker @executable_path -Xlinker -rpath -Xlinker /Users/mdd/zhk/kanpan/DerivedData-chart-foundation-device/Build/Products/Debug-iphoneos/PackageFrameworks -Xlinker -rpath -Xlinker @executable_path/Frameworks -rdynamic -Xlinker -no_deduplicate -e ___debug_blank_executor_main -Xlinker -sectcreate -Xlinker __TEXT -Xlinker __debug_dylib -Xlinker /Users/mdd/zhk/kanpan/DerivedData-chart-foundation-device/Build/Intermediates.noindex/Kanpan.build/Debug-iphoneos/Kanpan.build/Kanpan-DebugDylibPath-normal-arm64.txt -Xlinker -sectcreate -Xlinker __TEXT -Xlinker __debug_instlnm -Xlinker /Users/mdd/zhk/kanpan/DerivedData-chart-foundation-device/Build/Intermediates.noindex/Kanpan.build/Debug-iphoneos/Kanpan.build/Kanpan-DebugDylibInstallName-normal-arm64.txt -Xlinker -filelist -Xlinker /Users/mdd/zhk/kanpan/DerivedData-chart-foundation-device/Build/Intermediates.noindex/Kanpan.build/Debug-iphoneos/Kanpan.build/Kanpan-ExecutorLinkFileList-normal-arm64.txt /Users/mdd/zhk/kanpan/DerivedData-chart-foundation-device/Build/Products/Debug-iphoneos/Kanpan.app/Kanpan.debug.dylib -Xlinker -no_adhoc_codesign -o /Users/mdd/zhk/kanpan/DerivedData-chart-foundation-device/Build/Products/Debug-iphoneos/Kanpan.app/Kanpan

ExtractAppIntentsMetadata (in target 'Kanpan' from project 'Kanpan')
    cd /Users/mdd/zhk/kanpan/Kanpan
    /Applications/Xcode.app/Contents/Developer/Toolchains/XcodeDefault.xctoolchain/usr/bin/appintentsmetadataprocessor --toolchain-dir /Applications/Xcode.app/Contents/Developer/Toolchains/XcodeDefault.xctoolchain --module-name Kanpan --sdk-root /Applications/Xcode.app/Contents/Developer/Platforms/iPhoneOS.platform/Developer/SDKs/iPhoneOS26.5.sdk --xcode-version 17F113 --platform-family iOS --deployment-target 17.0 --bundle-identifier com.mdd.kanpan --output /Users/mdd/zhk/kanpan/DerivedData-chart-foundation-device/Build/Products/Debug-iphoneos/Kanpan.app --target-triple arm64-apple-ios17.0 --binary-file /Users/mdd/zhk/kanpan/DerivedData-chart-foundation-device/Build/Products/Debug-iphoneos/Kanpan.app/Kanpan --dependency-file /Users/mdd/zhk/kanpan/DerivedData-chart-foundation-device/Build/Intermediates.noindex/Kanpan.build/Debug-iphoneos/Kanpan.build/Objects-normal/arm64/Kanpan_dependency_info.dat --stringsdata-file /Users/mdd/zhk/kanpan/DerivedData-chart-foundation-device/Build/Intermediates.noindex/Kanpan.build/Debug-iphoneos/Kanpan.build/Objects-normal/arm64/ExtractedAppShortcutsMetadata.stringsdata --source-file-list /Users/mdd/zhk/kanpan/DerivedData-chart-foundation-device/Build/Intermediates.noindex/Kanpan.build/Debug-iphoneos/Kanpan.build/Objects-normal/arm64/Kanpan.SwiftFileList --metadata-file-list /Users/mdd/zhk/kanpan/DerivedData-chart-foundation-device/Build/Intermediates.noindex/Kanpan.build/Debug-iphoneos/Kanpan.build/Kanpan.DependencyMetadataFileList --static-metadata-file-list /Users/mdd/zhk/kanpan/DerivedData-chart-foundation-device/Build/Intermediates.noindex/Kanpan.build/Debug-iphoneos/Kanpan.build/Kanpan.DependencyStaticMetadataFileList --swift-const-vals-list /Users/mdd/zhk/kanpan/DerivedData-chart-foundation-device/Build/Intermediates.noindex/Kanpan.build/Debug-iphoneos/Kanpan.build/Objects-normal/arm64/Kanpan.SwiftConstValuesFileList --compile-time-extraction --deployment-aware-processing --validate-assistant-intents --no-app-shortcuts-localization
2026-09-14 23:42:29.940 appintentsmetadataprocessor[88493:31637135] Starting appintentsmetadataprocessor export
2026-09-14 23:42:29.942 appintentsmetadataprocessor[88493:31637135] warning: Metadata extraction skipped. No AppIntents.framework dependency found.

CopySwiftLibs /Users/mdd/zhk/kanpan/DerivedData-chart-foundation-device/Build/Products/Debug-iphoneos/Kanpan.app (in target 'Kanpan' from project 'Kanpan')
    cd /Users/mdd/zhk/kanpan/Kanpan
    builtin-swiftStdLibTool --copy --verbose --sign E0C31B074D83DD35DE7C0A5EC6895DE9617C460A --scan-executable /Users/mdd/zhk/kanpan/DerivedData-chart-foundation-device/Build/Products/Debug-iphoneos/Kanpan.app/Kanpan.debug.dylib --scan-folder /Users/mdd/zhk/kanpan/DerivedData-chart-foundation-device/Build/Products/Debug-iphoneos/Kanpan.app/Frameworks --scan-folder /Users/mdd/zhk/kanpan/DerivedData-chart-foundation-device/Build/Products/Debug-iphoneos/Kanpan.app/PlugIns --scan-folder /Users/mdd/zhk/kanpan/DerivedData-chart-foundation-device/Build/Products/Debug-iphoneos/Kanpan.app/SystemExtensions --scan-folder /Users/mdd/zhk/kanpan/DerivedData-chart-foundation-device/Build/Products/Debug-iphoneos/Kanpan.app/Extensions --platform iphoneos --toolchain /Applications/Xcode.app/Contents/Developer/Toolchains/XcodeDefault.xctoolchain --destination /Users/mdd/zhk/kanpan/DerivedData-chart-foundation-device/Build/Products/Debug-iphoneos/Kanpan.app/Frameworks --strip-bitcode --strip-bitcode-tool /Applications/Xcode.app/Contents/Developer/Toolchains/XcodeDefault.xctoolchain/usr/bin/bitcode_strip --emit-dependency-info /Users/mdd/zhk/kanpan/DerivedData-chart-foundation-device/Build/Intermediates.noindex/Kanpan.build/Debug-iphoneos/Kanpan.build/SwiftStdLibToolInputDependencies.dep --filter-for-swift-os --back-deploy-swift-span

AppIntentsSSUTraining (in target 'Kanpan' from project 'Kanpan')
    cd /Users/mdd/zhk/kanpan/Kanpan
    /Applications/Xcode.app/Contents/Developer/Toolchains/XcodeDefault.xctoolchain/usr/bin/appintentsnltrainingprocessor --infoplist-path /Users/mdd/zhk/kanpan/DerivedData-chart-foundation-device/Build/Products/Debug-iphoneos/Kanpan.app/Info.plist --temp-dir-path /Users/mdd/zhk/kanpan/DerivedData-chart-foundation-device/Build/Intermediates.noindex/Kanpan.build/Debug-iphoneos/Kanpan.build/ssu --bundle-id com.mdd.kanpan --product-path /Users/mdd/zhk/kanpan/DerivedData-chart-foundation-device/Build/Products/Debug-iphoneos/Kanpan.app --extracted-metadata-path /Users/mdd/zhk/kanpan/DerivedData-chart-foundation-device/Build/Products/Debug-iphoneos/Kanpan.app/Metadata.appintents --metadata-file-list /Users/mdd/zhk/kanpan/DerivedData-chart-foundation-device/Build/Intermediates.noindex/Kanpan.build/Debug-iphoneos/Kanpan.build/Kanpan.DependencyMetadataFileList --source-file /Users/mdd/zhk/kanpan/DerivedData-chart-foundation-device/Build/Products/Debug-iphoneos/Kanpan.app/Info.plist --archive-ssu-assets
2026-09-14 23:42:29.973 appintentsnltrainingprocessor[88494:31637136] Parsing options for appintentsnltrainingprocessor
2026-09-14 23:42:29.974 appintentsnltrainingprocessor[88494:31637136] Starting AppIntents SSU YAML Generation
2026-09-14 23:42:29.975 appintentsnltrainingprocessor[88494:31637136] No AppShortcuts found - Skipping.

CodeSign /Users/mdd/zhk/kanpan/DerivedData-chart-foundation-device/Build/Products/Debug-iphoneos/Kanpan.app/Kanpan.debug.dylib (in target 'Kanpan' from project 'Kanpan')
    cd /Users/mdd/zhk/kanpan/Kanpan
    
    Signing Identity:     "Apple Development: eth2022df@gmail.com (RZ92N4R9JW)"
    Provisioning Profile: "iOS Team Provisioning Profile: com.mdd.kanpan"
                          (5293a111-32ef-468a-935c-3371af81f9dd)
    
    /usr/bin/codesign --force --sign E0C31B074D83DD35DE7C0A5EC6895DE9617C460A --timestamp\=none --generate-entitlement-der /Users/mdd/zhk/kanpan/DerivedData-chart-foundation-device/Build/Products/Debug-iphoneos/Kanpan.app/Kanpan.debug.dylib

CodeSign /Users/mdd/zhk/kanpan/DerivedData-chart-foundation-device/Build/Products/Debug-iphoneos/Kanpan.app/__preview.dylib (in target 'Kanpan' from project 'Kanpan')
    cd /Users/mdd/zhk/kanpan/Kanpan
    
    Signing Identity:     "Apple Development: eth2022df@gmail.com (RZ92N4R9JW)"
    Provisioning Profile: "iOS Team Provisioning Profile: com.mdd.kanpan"
                          (5293a111-32ef-468a-935c-3371af81f9dd)
    
    /usr/bin/codesign --force --sign E0C31B074D83DD35DE7C0A5EC6895DE9617C460A --timestamp\=none --generate-entitlement-der /Users/mdd/zhk/kanpan/DerivedData-chart-foundation-device/Build/Products/Debug-iphoneos/Kanpan.app/__preview.dylib

CodeSign /Users/mdd/zhk/kanpan/DerivedData-chart-foundation-device/Build/Products/Debug-iphoneos/Kanpan.app (in target 'Kanpan' from project 'Kanpan')
    cd /Users/mdd/zhk/kanpan/Kanpan
    
    Signing Identity:     "Apple Development: eth2022df@gmail.com (RZ92N4R9JW)"
    Provisioning Profile: "iOS Team Provisioning Profile: com.mdd.kanpan"
                          (5293a111-32ef-468a-935c-3371af81f9dd)
    
    /usr/bin/codesign --force --sign E0C31B074D83DD35DE7C0A5EC6895DE9617C460A --entitlements /Users/mdd/zhk/kanpan/DerivedData-chart-foundation-device/Build/Intermediates.noindex/Kanpan.build/Debug-iphoneos/Kanpan.build/Kanpan.app.xcent --timestamp\=none --generate-entitlement-der /Users/mdd/zhk/kanpan/DerivedData-chart-foundation-device/Build/Products/Debug-iphoneos/Kanpan.app

RegisterExecutionPolicyException /Users/mdd/zhk/kanpan/DerivedData-chart-foundation-device/Build/Products/Debug-iphoneos/Kanpan.app (in target 'Kanpan' from project 'Kanpan')
    cd /Users/mdd/zhk/kanpan/Kanpan
    builtin-RegisterExecutionPolicyException /Users/mdd/zhk/kanpan/DerivedData-chart-foundation-device/Build/Products/Debug-iphoneos/Kanpan.app

Validate /Users/mdd/zhk/kanpan/DerivedData-chart-foundation-device/Build/Products/Debug-iphoneos/Kanpan.app (in target 'Kanpan' from project 'Kanpan')
    cd /Users/mdd/zhk/kanpan/Kanpan
    builtin-validationUtility /Users/mdd/zhk/kanpan/DerivedData-chart-foundation-device/Build/Products/Debug-iphoneos/Kanpan.app -shallow-bundle -infoplist-subpath Info.plist

Touch /Users/mdd/zhk/kanpan/DerivedData-chart-foundation-device/Build/Products/Debug-iphoneos/Kanpan.app (in target 'Kanpan' from project 'Kanpan')
    cd /Users/mdd/zhk/kanpan/Kanpan
    /usr/bin/touch -c /Users/mdd/zhk/kanpan/DerivedData-chart-foundation-device/Build/Products/Debug-iphoneos/Kanpan.app

Ld /Users/mdd/zhk/kanpan/DerivedData-chart-foundation-device/Build/Products/Debug-iphoneos/KanpanUITests-Runner.app/PlugIns/KanpanUITests.xctest/KanpanUITests normal (in target 'KanpanUITests' from project 'Kanpan')
    cd /Users/mdd/zhk/kanpan/Kanpan
    /Applications/Xcode.app/Contents/Developer/Toolchains/XcodeDefault.xctoolchain/usr/bin/clang -Xlinker -reproducible -target arm64-apple-ios17.0 -bundle -isysroot /Applications/Xcode.app/Contents/Developer/Platforms/iPhoneOS.platform/Developer/SDKs/iPhoneOS26.5.sdk -O0 -L/Users/mdd/zhk/kanpan/DerivedData-chart-foundation-device/Build/Intermediates.noindex/EagerLinkingTBDs/Debug-iphoneos -L/Users/mdd/zhk/kanpan/DerivedData-chart-foundation-device/Build/Products/Debug-iphoneos -L/Applications/Xcode.app/Contents/Developer/Platforms/iPhoneOS.platform/Developer/usr/lib -F/Users/mdd/zhk/kanpan/DerivedData-chart-foundation-device/Build/Intermediates.noindex/EagerLinkingTBDs/Debug-iphoneos -F/Users/mdd/zhk/kanpan/DerivedData-chart-foundation-device/Build/Products/Debug-iphoneos -iframework /Applications/Xcode.app/Contents/Developer/Platforms/iPhoneOS.platform/Developer/Library/Frameworks -iframework /Applications/Xcode.app/Contents/Developer/Platforms/iPhoneOS.platform/Developer/SDKs/iPhoneOS26.5.sdk/Developer/Library/Frameworks -filelist /Users/mdd/zhk/kanpan/DerivedData-chart-foundation-device/Build/Intermediates.noindex/Kanpan.build/Debug-iphoneos/KanpanUITests.build/Objects-normal/arm64/KanpanUITests.LinkFileList -Xlinker -rpath -Xlinker /usr/lib/swift -Xlinker -rpath -Xlinker @loader_path/Frameworks -Xlinker -dead_strip -Xlinker -object_path_lto -Xlinker /Users/mdd/zhk/kanpan/DerivedData-chart-foundation-device/Build/Intermediates.noindex/Kanpan.build/Debug-iphoneos/KanpanUITests.build/Objects-normal/arm64/KanpanUITests_lto.o -rdynamic -Xlinker -no_deduplicate -Xlinker -dependency_info -Xlinker /Users/mdd/zhk/kanpan/DerivedData-chart-foundation-device/Build/Intermediates.noindex/Kanpan.build/Debug-iphoneos/KanpanUITests.build/Objects-normal/arm64/KanpanUITests_dependency_info.dat -fobjc-link-runtime -L/Applications/Xcode.app/Contents/Developer/Toolchains/XcodeDefault.xctoolchain/usr/lib/swift/iphoneos -L/usr/lib/swift -Xlinker -add_ast_path -Xlinker /Users/mdd/zhk/kanpan/DerivedData-chart-foundation-device/Build/Intermediates.noindex/Kanpan.build/Debug-iphoneos/KanpanUITests.build/Objects-normal/arm64/KanpanUITests.swiftmodule @/Users/mdd/zhk/kanpan/DerivedData-chart-foundation-device/Build/Intermediates.noindex/Kanpan.build/Debug-iphoneos/KanpanUITests.build/Objects-normal/arm64/KanpanUITests-linker-args.resp -Xlinker -needed_framework -Xlinker XCTest -framework XCTest -Xlinker -needed-lXCTestSwiftSupport -lXCTestSwiftSupport -Xlinker -no_adhoc_codesign -o /Users/mdd/zhk/kanpan/DerivedData-chart-foundation-device/Build/Products/Debug-iphoneos/KanpanUITests-Runner.app/PlugIns/KanpanUITests.xctest/KanpanUITests

ProcessInfoPlistFile /Users/mdd/zhk/kanpan/DerivedData-chart-foundation-device/Build/Products/Debug-iphoneos/KanpanUITests-Runner.app/PlugIns/KanpanUITests.xctest/Info.plist /Users/mdd/zhk/kanpan/DerivedData-chart-foundation-device/Build/Intermediates.noindex/Kanpan.build/Debug-iphoneos/KanpanUITests.build/empty-KanpanUITests.plist (in target 'KanpanUITests' from project 'Kanpan')
    cd /Users/mdd/zhk/kanpan/Kanpan
    builtin-infoPlistUtility /Users/mdd/zhk/kanpan/DerivedData-chart-foundation-device/Build/Intermediates.noindex/Kanpan.build/Debug-iphoneos/KanpanUITests.build/empty-KanpanUITests.plist -producttype com.apple.product-type.bundle.ui-testing -expandbuildsettings -format binary -platform iphoneos -additionalcontentfile /Users/mdd/zhk/kanpan/DerivedData-chart-foundation-device/Build/Intermediates.noindex/Kanpan.build/Debug-iphoneos/KanpanUITests.build/ProductTypeInfoPlistAdditions.plist -requiredArchitecture arm64 -o /Users/mdd/zhk/kanpan/DerivedData-chart-foundation-device/Build/Products/Debug-iphoneos/KanpanUITests-Runner.app/PlugIns/KanpanUITests.xctest/Info.plist

CopySwiftLibs /Users/mdd/zhk/kanpan/DerivedData-chart-foundation-device/Build/Products/Debug-iphoneos/KanpanUITests-Runner.app/PlugIns/KanpanUITests.xctest (in target 'KanpanUITests' from project 'Kanpan')
    cd /Users/mdd/zhk/kanpan/Kanpan
    builtin-swiftStdLibTool --copy --verbose --sign E0C31B074D83DD35DE7C0A5EC6895DE9617C460A --scan-executable /Users/mdd/zhk/kanpan/DerivedData-chart-foundation-device/Build/Products/Debug-iphoneos/KanpanUITests-Runner.app/PlugIns/KanpanUITests.xctest/KanpanUITests --scan-folder /Users/mdd/zhk/kanpan/DerivedData-chart-foundation-device/Build/Products/Debug-iphoneos/KanpanUITests-Runner.app/PlugIns/KanpanUITests.xctest/Frameworks --scan-folder /Users/mdd/zhk/kanpan/DerivedData-chart-foundation-device/Build/Products/Debug-iphoneos/KanpanUITests-Runner.app/PlugIns/KanpanUITests.xctest/PlugIns --scan-folder /Users/mdd/zhk/kanpan/DerivedData-chart-foundation-device/Build/Products/Debug-iphoneos/KanpanUITests-Runner.app/PlugIns/KanpanUITests.xctest/SystemExtensions --scan-folder /Users/mdd/zhk/kanpan/DerivedData-chart-foundation-device/Build/Products/Debug-iphoneos/KanpanUITests-Runner.app/PlugIns/KanpanUITests.xctest/Extensions --platform iphoneos --toolchain /Applications/Xcode.app/Contents/Developer/Toolchains/XcodeDefault.xctoolchain --destination /Users/mdd/zhk/kanpan/DerivedData-chart-foundation-device/Build/Products/Debug-iphoneos/KanpanUITests-Runner.app/PlugIns/KanpanUITests.xctest/Frameworks --strip-bitcode --scan-executable /Applications/Xcode.app/Contents/Developer/Platforms/iPhoneOS.platform/Developer/usr/lib/libXCTestSwiftSupport.dylib --strip-bitcode-tool /Applications/Xcode.app/Contents/Developer/Toolchains/XcodeDefault.xctoolchain/usr/bin/bitcode_strip --emit-dependency-info /Users/mdd/zhk/kanpan/DerivedData-chart-foundation-device/Build/Intermediates.noindex/Kanpan.build/Debug-iphoneos/KanpanUITests.build/SwiftStdLibToolInputDependencies.dep --filter-for-swift-os --back-deploy-swift-span

ExtractAppIntentsMetadata (in target 'KanpanUITests' from project 'Kanpan')
    cd /Users/mdd/zhk/kanpan/Kanpan
    /Applications/Xcode.app/Contents/Developer/Toolchains/XcodeDefault.xctoolchain/usr/bin/appintentsmetadataprocessor --toolchain-dir /Applications/Xcode.app/Contents/Developer/Toolchains/XcodeDefault.xctoolchain --module-name KanpanUITests --sdk-root /Applications/Xcode.app/Contents/Developer/Platforms/iPhoneOS.platform/Developer/SDKs/iPhoneOS26.5.sdk --xcode-version 17F113 --platform-family iOS --deployment-target 17.0 --bundle-identifier com.mdd.kanpan.uitests --output /Users/mdd/zhk/kanpan/DerivedData-chart-foundation-device/Build/Products/Debug-iphoneos/KanpanUITests-Runner.app/PlugIns/KanpanUITests.xctest --target-triple arm64-apple-ios17.0 --binary-file /Users/mdd/zhk/kanpan/DerivedData-chart-foundation-device/Build/Products/Debug-iphoneos/KanpanUITests-Runner.app/PlugIns/KanpanUITests.xctest/KanpanUITests --dependency-file /Users/mdd/zhk/kanpan/DerivedData-chart-foundation-device/Build/Intermediates.noindex/Kanpan.build/Debug-iphoneos/KanpanUITests.build/Objects-normal/arm64/KanpanUITests_dependency_info.dat --stringsdata-file /Users/mdd/zhk/kanpan/DerivedData-chart-foundation-device/Build/Intermediates.noindex/Kanpan.build/Debug-iphoneos/KanpanUITests.build/Objects-normal/arm64/ExtractedAppShortcutsMetadata.stringsdata --source-file-list /Users/mdd/zhk/kanpan/DerivedData-chart-foundation-device/Build/Intermediates.noindex/Kanpan.build/Debug-iphoneos/KanpanUITests.build/Objects-normal/arm64/KanpanUITests.SwiftFileList --metadata-file-list /Users/mdd/zhk/kanpan/DerivedData-chart-foundation-device/Build/Intermediates.noindex/Kanpan.build/Debug-iphoneos/KanpanUITests.build/KanpanUITests.DependencyMetadataFileList --static-metadata-file-list /Users/mdd/zhk/kanpan/DerivedData-chart-foundation-device/Build/Intermediates.noindex/Kanpan.build/Debug-iphoneos/KanpanUITests.build/KanpanUITests.DependencyStaticMetadataFileList --swift-const-vals-list /Users/mdd/zhk/kanpan/DerivedData-chart-foundation-device/Build/Intermediates.noindex/Kanpan.build/Debug-iphoneos/KanpanUITests.build/Objects-normal/arm64/KanpanUITests.SwiftConstValuesFileList --compile-time-extraction --deployment-aware-processing --validate-assistant-intents --no-app-shortcuts-localization
2026-09-14 23:42:30.370 appintentsmetadataprocessor[88501:31637170] Starting appintentsmetadataprocessor export
2026-09-14 23:42:30.372 appintentsmetadataprocessor[88501:31637170] warning: Metadata extraction skipped. No AppIntents.framework dependency found.

GenerateDSYMFile /Users/mdd/zhk/kanpan/DerivedData-chart-foundation-device/Build/Products/Debug-iphoneos/KanpanUITests-Runner.app/PlugIns/KanpanUITests.xctest.dSYM /Users/mdd/zhk/kanpan/DerivedData-chart-foundation-device/Build/Products/Debug-iphoneos/KanpanUITests-Runner.app/PlugIns/KanpanUITests.xctest/KanpanUITests (in target 'KanpanUITests' from project 'Kanpan')
    cd /Users/mdd/zhk/kanpan/Kanpan
    /Applications/Xcode.app/Contents/Developer/Toolchains/XcodeDefault.xctoolchain/usr/bin/dsymutil /Users/mdd/zhk/kanpan/DerivedData-chart-foundation-device/Build/Products/Debug-iphoneos/KanpanUITests-Runner.app/PlugIns/KanpanUITests.xctest/KanpanUITests -o /Users/mdd/zhk/kanpan/DerivedData-chart-foundation-device/Build/Products/Debug-iphoneos/KanpanUITests-Runner.app/PlugIns/KanpanUITests.xctest.dSYM

AppIntentsSSUTraining (in target 'KanpanUITests' from project 'Kanpan')
    cd /Users/mdd/zhk/kanpan/Kanpan
    /Applications/Xcode.app/Contents/Developer/Toolchains/XcodeDefault.xctoolchain/usr/bin/appintentsnltrainingprocessor --infoplist-path /Users/mdd/zhk/kanpan/DerivedData-chart-foundation-device/Build/Products/Debug-iphoneos/KanpanUITests-Runner.app/PlugIns/KanpanUITests.xctest/Info.plist --temp-dir-path /Users/mdd/zhk/kanpan/DerivedData-chart-foundation-device/Build/Intermediates.noindex/Kanpan.build/Debug-iphoneos/KanpanUITests.build/ssu --bundle-id com.mdd.kanpan.uitests --product-path /Users/mdd/zhk/kanpan/DerivedData-chart-foundation-device/Build/Products/Debug-iphoneos/KanpanUITests-Runner.app/PlugIns/KanpanUITests.xctest --extracted-metadata-path /Users/mdd/zhk/kanpan/DerivedData-chart-foundation-device/Build/Products/Debug-iphoneos/KanpanUITests-Runner.app/PlugIns/KanpanUITests.xctest/Metadata.appintents --metadata-file-list /Users/mdd/zhk/kanpan/DerivedData-chart-foundation-device/Build/Intermediates.noindex/Kanpan.build/Debug-iphoneos/KanpanUITests.build/KanpanUITests.DependencyMetadataFileList --source-file /Users/mdd/zhk/kanpan/DerivedData-chart-foundation-device/Build/Products/Debug-iphoneos/KanpanUITests-Runner.app/PlugIns/KanpanUITests.xctest/Info.plist --archive-ssu-assets
2026-09-14 23:42:30.390 appintentsnltrainingprocessor[88503:31637172] Parsing options for appintentsnltrainingprocessor
2026-09-14 23:42:30.390 appintentsnltrainingprocessor[88503:31637172] Starting AppIntents SSU YAML Generation
2026-09-14 23:42:30.390 appintentsnltrainingprocessor[88503:31637172] No AppShortcuts found - Skipping.

CopyAndPreserveArchs /Users/mdd/zhk/kanpan/DerivedData-chart-foundation-device/Build/Products/Debug-iphoneos/KanpanUITests-Runner.app/KanpanUITests-Runner (in target 'KanpanUITests' from project 'Kanpan')
    cd /Users/mdd/zhk/kanpan/Kanpan
    /Applications/Xcode.app/Contents/Developer/Toolchains/XcodeDefault.xctoolchain/usr/bin/lipo /Applications/Xcode.app/Contents/Developer/Platforms/iPhoneOS.platform/Developer/Library/Xcode/Agents/XCTRunner.app/XCTRunner -output /Users/mdd/zhk/kanpan/DerivedData-chart-foundation-device/Build/Products/Debug-iphoneos/KanpanUITests-Runner.app/KanpanUITests-Runner -extract arm64

Copy /Users/mdd/zhk/kanpan/DerivedData-chart-foundation-device/Build/Products/Debug-iphoneos/KanpanUITests-Runner.app/PkgInfo /Applications/Xcode.app/Contents/Developer/Platforms/iPhoneOS.platform/Developer/Library/Xcode/Agents/XCTRunner.app/PkgInfo (in target 'KanpanUITests' from project 'Kanpan')
    cd /Users/mdd/zhk/kanpan/Kanpan
    builtin-copy -exclude .DS_Store -exclude CVS -exclude .svn -exclude .git -exclude .hg -strip-unsigned-binaries -strip-deterministic -strip-tool /Applications/Xcode.app/Contents/Developer/Toolchains/XcodeDefault.xctoolchain/usr/bin/strip -resolve-src-symlinks /Applications/Xcode.app/Contents/Developer/Platforms/iPhoneOS.platform/Developer/Library/Xcode/Agents/XCTRunner.app/PkgInfo /Users/mdd/zhk/kanpan/DerivedData-chart-foundation-device/Build/Products/Debug-iphoneos/KanpanUITests-Runner.app

CopyPlistFile /Users/mdd/zhk/kanpan/DerivedData-chart-foundation-device/Build/Products/Debug-iphoneos/KanpanUITests-Runner.app/Info.plist /Applications/Xcode.app/Contents/Developer/Platforms/iPhoneOS.platform/Developer/Library/Xcode/Agents/XCTRunner.app/Info.plist (in target 'KanpanUITests' from project 'Kanpan')
    cd /Users/mdd/zhk/kanpan/Kanpan
    builtin-copyPlist --validate --convert xml1 --macro-expansion WRAPPEDPRODUCTNAME KanpanUITests-Runner --macro-expansion WRAPPEDPRODUCTBUNDLEIDENTIFIER com.mdd.kanpan.uitests.xctrunner --macro-expansion TESTPRODUCTNAME KanpanUITests --macro-expansion TESTPRODUCTBUNDLEIDENTIFIER com.mdd.kanpan.uitests --copy-value UIDeviceFamily /Users/mdd/zhk/kanpan/DerivedData-chart-foundation-device/Build/Products/Debug-iphoneos/KanpanUITests-Runner.app/PlugIns/KanpanUITests.xctest/Info.plist --outdir /Users/mdd/zhk/kanpan/DerivedData-chart-foundation-device/Build/Products/Debug-iphoneos/KanpanUITests-Runner.app -- /Applications/Xcode.app/Contents/Developer/Platforms/iPhoneOS.platform/Developer/Library/Xcode/Agents/XCTRunner.app/Info.plist

Copy /Users/mdd/zhk/kanpan/DerivedData-chart-foundation-device/Build/Products/Debug-iphoneos/KanpanUITests-Runner.app/Frameworks/XCUnit.framework /Applications/Xcode.app/Contents/Developer/Platforms/iPhoneOS.platform/Developer/Library/PrivateFrameworks/XCUnit.framework (in target 'KanpanUITests' from project 'Kanpan')
    cd /Users/mdd/zhk/kanpan/Kanpan
    builtin-copy -exclude .DS_Store -exclude CVS -exclude .svn -exclude .git -exclude .hg -exclude Headers -exclude PrivateHeaders -exclude Modules -exclude \*.tbd -strip-unsigned-binaries -strip-deterministic -strip-tool /Applications/Xcode.app/Contents/Developer/Toolchains/XcodeDefault.xctoolchain/usr/bin/strip -resolve-src-symlinks /Applications/Xcode.app/Contents/Developer/Platforms/iPhoneOS.platform/Developer/Library/PrivateFrameworks/XCUnit.framework /Users/mdd/zhk/kanpan/DerivedData-chart-foundation-device/Build/Products/Debug-iphoneos/KanpanUITests-Runner.app/Frameworks
warning: not stripping binary because it is signed: /Applications/Xcode.app/Contents/Developer/Platforms/iPhoneOS.platform/Developer/Library/PrivateFrameworks/XCUnit.framework/XCUnit (in target 'KanpanUITests' from project 'Kanpan')

MkDir /Users/mdd/zhk/kanpan/DerivedData-chart-foundation-device/Build/Products/Debug-iphoneos/KanpanUITests-Runner.app (in target 'KanpanUITests' from project 'Kanpan')
    cd /Users/mdd/zhk/kanpan/Kanpan
    /bin/mkdir -p /Users/mdd/zhk/kanpan/DerivedData-chart-foundation-device/Build/Products/Debug-iphoneos/KanpanUITests-Runner.app

Copy /Users/mdd/zhk/kanpan/DerivedData-chart-foundation-device/Build/Products/Debug-iphoneos/KanpanUITests-Runner.app/Frameworks/libXCTestSwiftSupport.dylib /Applications/Xcode.app/Contents/Developer/Platforms/iPhoneOS.platform/Developer/usr/lib/libXCTestSwiftSupport.dylib (in target 'KanpanUITests' from project 'Kanpan')
    cd /Users/mdd/zhk/kanpan/Kanpan
    builtin-copy -exclude .DS_Store -exclude CVS -exclude .svn -exclude .git -exclude .hg -exclude Headers -exclude PrivateHeaders -exclude Modules -exclude \*.tbd -strip-unsigned-binaries -strip-deterministic -strip-tool /Applications/Xcode.app/Contents/Developer/Toolchains/XcodeDefault.xctoolchain/usr/bin/strip -resolve-src-symlinks /Applications/Xcode.app/Contents/Developer/Platforms/iPhoneOS.platform/Developer/usr/lib/libXCTestSwiftSupport.dylib /Users/mdd/zhk/kanpan/DerivedData-chart-foundation-device/Build/Products/Debug-iphoneos/KanpanUITests-Runner.app/Frameworks
warning: not stripping binary because it is signed: /Applications/Xcode.app/Contents/Developer/Platforms/iPhoneOS.platform/Developer/usr/lib/libXCTestSwiftSupport.dylib (in target 'KanpanUITests' from project 'Kanpan')

Copy /Users/mdd/zhk/kanpan/DerivedData-chart-foundation-device/Build/Products/Debug-iphoneos/KanpanUITests-Runner.app/Frameworks/XCTestSupport.framework /Applications/Xcode.app/Contents/Developer/Platforms/iPhoneOS.platform/Developer/Library/PrivateFrameworks/XCTestSupport.framework (in target 'KanpanUITests' from project 'Kanpan')
    cd /Users/mdd/zhk/kanpan/Kanpan
    builtin-copy -exclude .DS_Store -exclude CVS -exclude .svn -exclude .git -exclude .hg -exclude Headers -exclude PrivateHeaders -exclude Modules -exclude \*.tbd -strip-unsigned-binaries -strip-deterministic -strip-tool /Applications/Xcode.app/Contents/Developer/Toolchains/XcodeDefault.xctoolchain/usr/bin/strip -resolve-src-symlinks /Applications/Xcode.app/Contents/Developer/Platforms/iPhoneOS.platform/Developer/Library/PrivateFrameworks/XCTestSupport.framework /Users/mdd/zhk/kanpan/DerivedData-chart-foundation-device/Build/Products/Debug-iphoneos/KanpanUITests-Runner.app/Frameworks
warning: not stripping binary because it is signed: /Applications/Xcode.app/Contents/Developer/Platforms/iPhoneOS.platform/Developer/Library/PrivateFrameworks/XCTestSupport.framework/XCTestSupport (in target 'KanpanUITests' from project 'Kanpan')

Copy /Users/mdd/zhk/kanpan/DerivedData-chart-foundation-device/Build/Products/Debug-iphoneos/KanpanUITests-Runner.app/Frameworks/XCUIAutomation.framework /Applications/Xcode.app/Contents/Developer/Platforms/iPhoneOS.platform/Developer/Library/Frameworks/XCUIAutomation.framework (in target 'KanpanUITests' from project 'Kanpan')
    cd /Users/mdd/zhk/kanpan/Kanpan
    builtin-copy -exclude .DS_Store -exclude CVS -exclude .svn -exclude .git -exclude .hg -exclude Headers -exclude PrivateHeaders -exclude Modules -exclude \*.tbd -strip-unsigned-binaries -strip-deterministic -strip-tool /Applications/Xcode.app/Contents/Developer/Toolchains/XcodeDefault.xctoolchain/usr/bin/strip -resolve-src-symlinks /Applications/Xcode.app/Contents/Developer/Platforms/iPhoneOS.platform/Developer/Library/Frameworks/XCUIAutomation.framework /Users/mdd/zhk/kanpan/DerivedData-chart-foundation-device/Build/Products/Debug-iphoneos/KanpanUITests-Runner.app/Frameworks
warning: not stripping binary because it is signed: /Applications/Xcode.app/Contents/Developer/Platforms/iPhoneOS.platform/Developer/Library/Frameworks/XCUIAutomation.framework/XCUIAutomation (in target 'KanpanUITests' from project 'Kanpan')

Copy /Users/mdd/zhk/kanpan/DerivedData-chart-foundation-device/Build/Products/Debug-iphoneos/KanpanUITests-Runner.app/Frameworks/XCTestCore.framework /Applications/Xcode.app/Contents/Developer/Platforms/iPhoneOS.platform/Developer/Library/PrivateFrameworks/XCTestCore.framework (in target 'KanpanUITests' from project 'Kanpan')
    cd /Users/mdd/zhk/kanpan/Kanpan
    builtin-copy -exclude .DS_Store -exclude CVS -exclude .svn -exclude .git -exclude .hg -exclude Headers -exclude PrivateHeaders -exclude Modules -exclude \*.tbd -strip-unsigned-binaries -strip-deterministic -strip-tool /Applications/Xcode.app/Contents/Developer/Toolchains/XcodeDefault.xctoolchain/usr/bin/strip -resolve-src-symlinks /Applications/Xcode.app/Contents/Developer/Platforms/iPhoneOS.platform/Developer/Library/PrivateFrameworks/XCTestCore.framework /Users/mdd/zhk/kanpan/DerivedData-chart-foundation-device/Build/Products/Debug-iphoneos/KanpanUITests-Runner.app/Frameworks
warning: not stripping binary because it is signed: /Applications/Xcode.app/Contents/Developer/Platforms/iPhoneOS.platform/Developer/Library/PrivateFrameworks/XCTestCore.framework/XCTestCore (in target 'KanpanUITests' from project 'Kanpan')

Copy /Users/mdd/zhk/kanpan/DerivedData-chart-foundation-device/Build/Products/Debug-iphoneos/KanpanUITests-Runner.app/Frameworks/XCTest.framework /Applications/Xcode.app/Contents/Developer/Platforms/iPhoneOS.platform/Developer/Library/Frameworks/XCTest.framework (in target 'KanpanUITests' from project 'Kanpan')
    cd /Users/mdd/zhk/kanpan/Kanpan
    builtin-copy -exclude .DS_Store -exclude CVS -exclude .svn -exclude .git -exclude .hg -exclude Headers -exclude PrivateHeaders -exclude Modules -exclude \*.tbd -strip-unsigned-binaries -strip-deterministic -strip-tool /Applications/Xcode.app/Contents/Developer/Toolchains/XcodeDefault.xctoolchain/usr/bin/strip -resolve-src-symlinks /Applications/Xcode.app/Contents/Developer/Platforms/iPhoneOS.platform/Developer/Library/Frameworks/XCTest.framework /Users/mdd/zhk/kanpan/DerivedData-chart-foundation-device/Build/Products/Debug-iphoneos/KanpanUITests-Runner.app/Frameworks
warning: not stripping binary because it is signed: /Applications/Xcode.app/Contents/Developer/Platforms/iPhoneOS.platform/Developer/Library/Frameworks/XCTest.framework/XCTest (in target 'KanpanUITests' from project 'Kanpan')

Copy /Users/mdd/zhk/kanpan/DerivedData-chart-foundation-device/Build/Products/Debug-iphoneos/KanpanUITests-Runner.app/Frameworks/XCTAutomationSupport.framework /Applications/Xcode.app/Contents/Developer/Platforms/iPhoneOS.platform/Developer/Library/PrivateFrameworks/XCTAutomationSupport.framework (in target 'KanpanUITests' from project 'Kanpan')
    cd /Users/mdd/zhk/kanpan/Kanpan
    builtin-copy -exclude .DS_Store -exclude CVS -exclude .svn -exclude .git -exclude .hg -exclude Headers -exclude PrivateHeaders -exclude Modules -exclude \*.tbd -strip-unsigned-binaries -strip-deterministic -strip-tool /Applications/Xcode.app/Contents/Developer/Toolchains/XcodeDefault.xctoolchain/usr/bin/strip -resolve-src-symlinks /Applications/Xcode.app/Contents/Developer/Platforms/iPhoneOS.platform/Developer/Library/PrivateFrameworks/XCTAutomationSupport.framework /Users/mdd/zhk/kanpan/DerivedData-chart-foundation-device/Build/Products/Debug-iphoneos/KanpanUITests-Runner.app/Frameworks
warning: not stripping binary because it is signed: /Applications/Xcode.app/Contents/Developer/Platforms/iPhoneOS.platform/Developer/Library/PrivateFrameworks/XCTAutomationSupport.framework/XCTAutomationSupport (in target 'KanpanUITests' from project 'Kanpan')

Copy /Users/mdd/zhk/kanpan/DerivedData-chart-foundation-device/Build/Products/Debug-iphoneos/KanpanUITests-Runner.app/Frameworks/Testing.framework /Applications/Xcode.app/Contents/Developer/Platforms/iPhoneOS.platform/Developer/Library/Frameworks/Testing.framework (in target 'KanpanUITests' from project 'Kanpan')
    cd /Users/mdd/zhk/kanpan/Kanpan
    builtin-copy -exclude .DS_Store -exclude CVS -exclude .svn -exclude .git -exclude .hg -exclude Headers -exclude PrivateHeaders -exclude Modules -exclude \*.tbd -strip-unsigned-binaries -strip-deterministic -strip-tool /Applications/Xcode.app/Contents/Developer/Toolchains/XcodeDefault.xctoolchain/usr/bin/strip -resolve-src-symlinks /Applications/Xcode.app/Contents/Developer/Platforms/iPhoneOS.platform/Developer/Library/Frameworks/Testing.framework /Users/mdd/zhk/kanpan/DerivedData-chart-foundation-device/Build/Products/Debug-iphoneos/KanpanUITests-Runner.app/Frameworks
warning: not stripping binary because it is signed: /Applications/Xcode.app/Contents/Developer/Platforms/iPhoneOS.platform/Developer/Library/Frameworks/Testing.framework/Testing (in target 'KanpanUITests' from project 'Kanpan')

CodeSign /Users/mdd/zhk/kanpan/DerivedData-chart-foundation-device/Build/Products/Debug-iphoneos/KanpanUITests-Runner.app/Frameworks/XCTestSupport.framework (in target 'KanpanUITests' from project 'Kanpan')
    cd /Users/mdd/zhk/kanpan/Kanpan
    
    Signing Identity:     "Apple Development: eth2022df@gmail.com (RZ92N4R9JW)"
    Provisioning Profile: "iOS Team Provisioning Profile: com.mdd.kanpan.uitests.xctrunner"
                          (85f3d3a5-28b1-4344-a61e-4f39b6ac998d)
    
    /usr/bin/codesign --force --sign E0C31B074D83DD35DE7C0A5EC6895DE9617C460A --timestamp\=none --preserve-metadata\=identifier,entitlements,flags --generate-entitlement-der /Users/mdd/zhk/kanpan/DerivedData-chart-foundation-device/Build/Products/Debug-iphoneos/KanpanUITests-Runner.app/Frameworks/XCTestSupport.framework
/Users/mdd/zhk/kanpan/DerivedData-chart-foundation-device/Build/Products/Debug-iphoneos/KanpanUITests-Runner.app/Frameworks/XCTestSupport.framework: replacing existing signature

CodeSign /Users/mdd/zhk/kanpan/DerivedData-chart-foundation-device/Build/Products/Debug-iphoneos/KanpanUITests-Runner.app/Frameworks/libXCTestSwiftSupport.dylib (in target 'KanpanUITests' from project 'Kanpan')
    cd /Users/mdd/zhk/kanpan/Kanpan
    
    Signing Identity:     "Apple Development: eth2022df@gmail.com (RZ92N4R9JW)"
    Provisioning Profile: "iOS Team Provisioning Profile: com.mdd.kanpan.uitests.xctrunner"
                          (85f3d3a5-28b1-4344-a61e-4f39b6ac998d)
    
    /usr/bin/codesign --force --sign E0C31B074D83DD35DE7C0A5EC6895DE9617C460A --timestamp\=none --preserve-metadata\=identifier,entitlements,flags --generate-entitlement-der /Users/mdd/zhk/kanpan/DerivedData-chart-foundation-device/Build/Products/Debug-iphoneos/KanpanUITests-Runner.app/Frameworks/libXCTestSwiftSupport.dylib
/Users/mdd/zhk/kanpan/DerivedData-chart-foundation-device/Build/Products/Debug-iphoneos/KanpanUITests-Runner.app/Frameworks/libXCTestSwiftSupport.dylib: replacing existing signature

CodeSign /Users/mdd/zhk/kanpan/DerivedData-chart-foundation-device/Build/Products/Debug-iphoneos/KanpanUITests-Runner.app/Frameworks/XCUnit.framework (in target 'KanpanUITests' from project 'Kanpan')
    cd /Users/mdd/zhk/kanpan/Kanpan
    
    Signing Identity:     "Apple Development: eth2022df@gmail.com (RZ92N4R9JW)"
    Provisioning Profile: "iOS Team Provisioning Profile: com.mdd.kanpan.uitests.xctrunner"
                          (85f3d3a5-28b1-4344-a61e-4f39b6ac998d)
    
    /usr/bin/codesign --force --sign E0C31B074D83DD35DE7C0A5EC6895DE9617C460A --timestamp\=none --preserve-metadata\=identifier,entitlements,flags --generate-entitlement-der /Users/mdd/zhk/kanpan/DerivedData-chart-foundation-device/Build/Products/Debug-iphoneos/KanpanUITests-Runner.app/Frameworks/XCUnit.framework
/Users/mdd/zhk/kanpan/DerivedData-chart-foundation-device/Build/Products/Debug-iphoneos/KanpanUITests-Runner.app/Frameworks/XCUnit.framework: replacing existing signature

CodeSign /Users/mdd/zhk/kanpan/DerivedData-chart-foundation-device/Build/Products/Debug-iphoneos/KanpanUITests-Runner.app/Frameworks/XCTest.framework (in target 'KanpanUITests' from project 'Kanpan')
    cd /Users/mdd/zhk/kanpan/Kanpan
    
    Signing Identity:     "Apple Development: eth2022df@gmail.com (RZ92N4R9JW)"
    Provisioning Profile: "iOS Team Provisioning Profile: com.mdd.kanpan.uitests.xctrunner"
                          (85f3d3a5-28b1-4344-a61e-4f39b6ac998d)
    
    /usr/bin/codesign --force --sign E0C31B074D83DD35DE7C0A5EC6895DE9617C460A --timestamp\=none --preserve-metadata\=identifier,entitlements,flags --generate-entitlement-der /Users/mdd/zhk/kanpan/DerivedData-chart-foundation-device/Build/Products/Debug-iphoneos/KanpanUITests-Runner.app/Frameworks/XCTest.framework
/Users/mdd/zhk/kanpan/DerivedData-chart-foundation-device/Build/Products/Debug-iphoneos/KanpanUITests-Runner.app/Frameworks/XCTest.framework: replacing existing signature

CodeSign /Users/mdd/zhk/kanpan/DerivedData-chart-foundation-device/Build/Products/Debug-iphoneos/KanpanUITests-Runner.app/Frameworks/XCTAutomationSupport.framework (in target 'KanpanUITests' from project 'Kanpan')
    cd /Users/mdd/zhk/kanpan/Kanpan
    
    Signing Identity:     "Apple Development: eth2022df@gmail.com (RZ92N4R9JW)"
    Provisioning Profile: "iOS Team Provisioning Profile: com.mdd.kanpan.uitests.xctrunner"
                          (85f3d3a5-28b1-4344-a61e-4f39b6ac998d)
    
    /usr/bin/codesign --force --sign E0C31B074D83DD35DE7C0A5EC6895DE9617C460A --timestamp\=none --preserve-metadata\=identifier,entitlements,flags --generate-entitlement-der /Users/mdd/zhk/kanpan/DerivedData-chart-foundation-device/Build/Products/Debug-iphoneos/KanpanUITests-Runner.app/Frameworks/XCTAutomationSupport.framework
/Users/mdd/zhk/kanpan/DerivedData-chart-foundation-device/Build/Products/Debug-iphoneos/KanpanUITests-Runner.app/Frameworks/XCTAutomationSupport.framework: replacing existing signature

CodeSign /Users/mdd/zhk/kanpan/DerivedData-chart-foundation-device/Build/Products/Debug-iphoneos/KanpanUITests-Runner.app/Frameworks/XCTestCore.framework (in target 'KanpanUITests' from project 'Kanpan')
    cd /Users/mdd/zhk/kanpan/Kanpan
    
    Signing Identity:     "Apple Development: eth2022df@gmail.com (RZ92N4R9JW)"
    Provisioning Profile: "iOS Team Provisioning Profile: com.mdd.kanpan.uitests.xctrunner"
                          (85f3d3a5-28b1-4344-a61e-4f39b6ac998d)
    
    /usr/bin/codesign --force --sign E0C31B074D83DD35DE7C0A5EC6895DE9617C460A --timestamp\=none --preserve-metadata\=identifier,entitlements,flags --generate-entitlement-der /Users/mdd/zhk/kanpan/DerivedData-chart-foundation-device/Build/Products/Debug-iphoneos/KanpanUITests-Runner.app/Frameworks/XCTestCore.framework
/Users/mdd/zhk/kanpan/DerivedData-chart-foundation-device/Build/Products/Debug-iphoneos/KanpanUITests-Runner.app/Frameworks/XCTestCore.framework: replacing existing signature

CodeSign /Users/mdd/zhk/kanpan/DerivedData-chart-foundation-device/Build/Products/Debug-iphoneos/KanpanUITests-Runner.app/Frameworks/XCUIAutomation.framework (in target 'KanpanUITests' from project 'Kanpan')
    cd /Users/mdd/zhk/kanpan/Kanpan
    
    Signing Identity:     "Apple Development: eth2022df@gmail.com (RZ92N4R9JW)"
    Provisioning Profile: "iOS Team Provisioning Profile: com.mdd.kanpan.uitests.xctrunner"
                          (85f3d3a5-28b1-4344-a61e-4f39b6ac998d)
    
    /usr/bin/codesign --force --sign E0C31B074D83DD35DE7C0A5EC6895DE9617C460A --timestamp\=none --preserve-metadata\=identifier,entitlements,flags --generate-entitlement-der /Users/mdd/zhk/kanpan/DerivedData-chart-foundation-device/Build/Products/Debug-iphoneos/KanpanUITests-Runner.app/Frameworks/XCUIAutomation.framework
/Users/mdd/zhk/kanpan/DerivedData-chart-foundation-device/Build/Products/Debug-iphoneos/KanpanUITests-Runner.app/Frameworks/XCUIAutomation.framework: replacing existing signature

CodeSign /Users/mdd/zhk/kanpan/DerivedData-chart-foundation-device/Build/Products/Debug-iphoneos/KanpanUITests-Runner.app/Frameworks/Testing.framework (in target 'KanpanUITests' from project 'Kanpan')
    cd /Users/mdd/zhk/kanpan/Kanpan
    
    Signing Identity:     "Apple Development: eth2022df@gmail.com (RZ92N4R9JW)"
    Provisioning Profile: "iOS Team Provisioning Profile: com.mdd.kanpan.uitests.xctrunner"
                          (85f3d3a5-28b1-4344-a61e-4f39b6ac998d)
    
    /usr/bin/codesign --force --sign E0C31B074D83DD35DE7C0A5EC6895DE9617C460A --timestamp\=none --preserve-metadata\=identifier,entitlements,flags --generate-entitlement-der /Users/mdd/zhk/kanpan/DerivedData-chart-foundation-device/Build/Products/Debug-iphoneos/KanpanUITests-Runner.app/Frameworks/Testing.framework
/Users/mdd/zhk/kanpan/DerivedData-chart-foundation-device/Build/Products/Debug-iphoneos/KanpanUITests-Runner.app/Frameworks/Testing.framework: replacing existing signature

CodeSign /Users/mdd/zhk/kanpan/DerivedData-chart-foundation-device/Build/Products/Debug-iphoneos/KanpanUITests-Runner.app/PlugIns/KanpanUITests.xctest (in target 'KanpanUITests' from project 'Kanpan')
    cd /Users/mdd/zhk/kanpan/Kanpan
    
    Signing Identity:     "Apple Development: eth2022df@gmail.com (RZ92N4R9JW)"
    Provisioning Profile: "iOS Team Provisioning Profile: com.mdd.kanpan.uitests.xctrunner"
                          (85f3d3a5-28b1-4344-a61e-4f39b6ac998d)
    
    /usr/bin/codesign --force --sign E0C31B074D83DD35DE7C0A5EC6895DE9617C460A --entitlements /Users/mdd/zhk/kanpan/DerivedData-chart-foundation-device/Build/Intermediates.noindex/Kanpan.build/Debug-iphoneos/KanpanUITests.build/KanpanUITests.xctest.xcent --timestamp\=none --generate-entitlement-der /Users/mdd/zhk/kanpan/DerivedData-chart-foundation-device/Build/Products/Debug-iphoneos/KanpanUITests-Runner.app/PlugIns/KanpanUITests.xctest

RegisterExecutionPolicyException /Users/mdd/zhk/kanpan/DerivedData-chart-foundation-device/Build/Products/Debug-iphoneos/KanpanUITests-Runner.app/PlugIns/KanpanUITests.xctest (in target 'KanpanUITests' from project 'Kanpan')
    cd /Users/mdd/zhk/kanpan/Kanpan
    builtin-RegisterExecutionPolicyException /Users/mdd/zhk/kanpan/DerivedData-chart-foundation-device/Build/Products/Debug-iphoneos/KanpanUITests-Runner.app/PlugIns/KanpanUITests.xctest

Touch /Users/mdd/zhk/kanpan/DerivedData-chart-foundation-device/Build/Products/Debug-iphoneos/KanpanUITests-Runner.app/PlugIns/KanpanUITests.xctest (in target 'KanpanUITests' from project 'Kanpan')
    cd /Users/mdd/zhk/kanpan/Kanpan
    /usr/bin/touch -c /Users/mdd/zhk/kanpan/DerivedData-chart-foundation-device/Build/Products/Debug-iphoneos/KanpanUITests-Runner.app/PlugIns/KanpanUITests.xctest

CodeSign /Users/mdd/zhk/kanpan/DerivedData-chart-foundation-device/Build/Products/Debug-iphoneos/KanpanUITests-Runner.app (in target 'KanpanUITests' from project 'Kanpan')
    cd /Users/mdd/zhk/kanpan/Kanpan
    
    Signing Identity:     "Apple Development: eth2022df@gmail.com (RZ92N4R9JW)"
    Provisioning Profile: "iOS Team Provisioning Profile: com.mdd.kanpan.uitests.xctrunner"
                          (85f3d3a5-28b1-4344-a61e-4f39b6ac998d)
    
    /usr/bin/codesign --force --sign E0C31B074D83DD35DE7C0A5EC6895DE9617C460A --entitlements /Users/mdd/zhk/kanpan/DerivedData-chart-foundation-device/Build/Intermediates.noindex/Kanpan.build/Debug-iphoneos/KanpanUITests.build/KanpanUITests.xctest.xcent --timestamp\=none --generate-entitlement-der /Users/mdd/zhk/kanpan/DerivedData-chart-foundation-device/Build/Products/Debug-iphoneos/KanpanUITests-Runner.app
/Users/mdd/zhk/kanpan/DerivedData-chart-foundation-device/Build/Products/Debug-iphoneos/KanpanUITests-Runner.app: replacing existing signature

** TEST BUILD SUCCEEDED **

