Command line invocation:
    /Applications/Xcode.app/Contents/Developer/usr/bin/xcodebuild test-without-building -workspace Kanpan.xcworkspace -scheme Kanpan -destination platform=iOS,id=00008140-00010C902690801C -derivedDataPath DerivedData-chart-foundation-device -parallel-testing-enabled NO "-only-testing:KanpanUITests/ChartFoundationUITests/testFavoritesCategoriesAndNavigation" "-only-testing:KanpanUITests/ChartFoundationUITests/testColdLaunchFavoritesAndLiveQuotes" "-only-testing:KanpanUITests/ChartFoundationUITests/testChangeBasisUpdatesFavorites" "-only-testing:KanpanUITests/ChartFoundationUITests/testHistoricalOIUsesChartPeriod" "-only-testing:KanpanUITests/ChartFoundationUITests/testTradFiSearchAndMarketData" "-only-testing:KanpanUITests/ChartFoundationUITests/testLiveMarketUpdatesWithinSeconds" "-only-testing:KanpanUITests/MainScreenUITests/testDrawingModeEntersAndExits" "-only-testing:KanpanUITests/AICoinBaseUITests/testColdLaunchStylesAndChartInteractions" -resultBundlePath docs/acceptance/AICoin-base/foundation/native-device-complete.xcresult

Resolve Package Graph


Resolved source packages:
  KanpanChart: /Users/mdd/zhk/kanpan/KanpanChart @ local
  KanpanData: /Users/mdd/zhk/kanpan/KanpanData @ local
  KanpanCore: /Users/mdd/zhk/kanpan/KanpanCore @ local

Writing result bundle at path:
	/Users/mdd/zhk/kanpan/docs/acceptance/AICoin-base/foundation/native-device-complete.xcresult

2026-09-15 02:00:48.826900+0800 KanpanUITests-Runner[1886:295807] [Default] Running tests...
    t =      nans Interface orientation changed to Portrait
Test Suite 'Selected tests' started at 2026-09-15 02:00:49.195.
Test Suite 'KanpanUITests.xctest' started at 2026-09-15 02:00:49.195.
Test Suite 'AICoinBaseUITests' started at 2026-09-15 02:00:49.195.
Test Case '-[KanpanUITests.AICoinBaseUITests testColdLaunchStylesAndChartInteractions]' started.
    t =     0.00s Start Test at 2026-09-15 02:00:49.196
    t =     0.02s Set Up
    t =     0.02s     Setting device orientation to Portrait
    t =     0.02s         Device orientation changed to Portrait
    t =     0.04s         Wait for com.apple.springboard to idle
    t =     0.04s Open com.mdd.kanpan
    t =     0.05s     Launch com.mdd.kanpan
2026-09-15 02:00:49.589 xcodebuild[22161:32164334] [MT] IDELaunchParametersSnapshot: The operation couldn’t be completed. (DebuggerLLDB.DebuggerVersionStore.StoreError error 0.)
2026-09-15 02:00:49.589 xcodebuild[22161:32164334] [MT] IDELaunchParametersSnapshot: no debugger version
    t =     2.44s         Setting up automation session
    t =     2.50s         Wait for com.mdd.kanpan to idle
    t =     3.62s Waiting 30.0s for "chart.canvas" Other to exist
    t =     4.65s     Checking `Expect predicate `existsNoRetry == 1` for object "chart.canvas" Other`
    t =     4.65s         Checking existence of `"chart.canvas" Other`
    t =     4.66s             Requesting snapshot of accessibility hierarchy for app with pid 1887
    t =     4.73s             Find: Descendants matching type Other
    t =     4.73s             Find: Elements matching predicate '"chart.canvas" IN identifiers'
    t =     5.76s Find the "chart.canvas" Other
    t =     5.77s     Requesting snapshot of accessibility hierarchy for app with pid 1887
    t =     5.83s     Find: Descendants matching type Other
    t =     5.83s     Find: Elements matching predicate '"chart.canvas" IN identifiers'
    t =     5.84s Find the "chart.canvas" Other
    t =     5.84s     Requesting snapshot of accessibility hierarchy for app with pid 1887
    t =     5.87s     Find: Descendants matching type Other
    t =     5.87s     Find: Elements matching predicate '"chart.canvas" IN identifiers'
    t =     5.98s Added attachment named '01-冷启动-AICoin默认'
    t =     5.98s Tap "bottom.style" Button
    t =     5.98s     Wait for com.mdd.kanpan to idle
    t =     5.98s     Find the "bottom.style" Button
    t =     5.98s         Requesting snapshot of accessibility hierarchy for app with pid 1887
    t =     6.02s         Find: Descendants matching type Button
    t =     6.02s         Find: Elements matching predicate '"bottom.style" IN identifiers'
    t =     6.02s     Check for interrupting elements affecting "bottom.style" Button
    t =     6.03s         Requesting snapshot of accessibility hierarchy for app with pid 1887
    t =     6.04s         Find: Descendants matching predicate identifier == "NotificationShortLookView" OR elementType == 7
    t =     6.05s     Synthesize event
    t =     6.33s     Wait for com.mdd.kanpan to idle
    t =     6.74s Checking existence of `"style.card.stout" Button`
    t =     6.74s     Requesting snapshot of accessibility hierarchy for app with pid 1887
    t =     6.84s     Find: Descendants matching type Button
    t =     6.84s     Find: Elements matching predicate '"style.card.stout" IN identifiers'
    t =     6.85s Find the "style.card.stout" Button
    t =     6.85s     Requesting snapshot of accessibility hierarchy for app with pid 1887
    t =     6.92s     Find: Descendants matching type Button
    t =     6.92s     Find: Elements matching predicate '"style.card.stout" IN identifiers'
    t =     6.98s Find the "panel.content" ScrollView
    t =     6.98s     Requesting snapshot of accessibility hierarchy for app with pid 1887
    t =     7.03s     Find: Descendants matching type ScrollView
    t =     7.03s     Find: Elements matching predicate '"panel.content" IN identifiers'
    t =     7.04s Find the "style.card.stout" Button
    t =     7.04s     Requesting snapshot of accessibility hierarchy for app with pid 1887
    t =     7.09s     Find: Descendants matching type Button
    t =     7.09s     Find: Elements matching predicate '"style.card.stout" IN identifiers'
    t =     7.10s Waiting 8.0s for "style.card.stout" Button to exist
    t =     8.12s     Checking `Expect predicate `existsNoRetry == 1` for object "style.card.stout" Button`
    t =     8.12s         Checking existence of `"style.card.stout" Button`
    t =     8.13s             Requesting snapshot of accessibility hierarchy for app with pid 1887
    t =     8.22s             Find: Descendants matching type Button
    t =     8.22s             Find: Elements matching predicate '"style.card.stout" IN identifiers'
    t =     8.23s Tap "style.card.stout" Button
    t =     8.23s     Wait for com.mdd.kanpan to idle
    t =     8.24s     Find the "style.card.stout" Button
    t =     8.24s         Requesting snapshot of accessibility hierarchy for app with pid 1887
    t =     8.32s         Find: Descendants matching type Button
    t =     8.32s         Find: Elements matching predicate '"style.card.stout" IN identifiers'
    t =     8.33s     Check for interrupting elements affecting "style.card.stout" Button
    t =     8.34s         Requesting snapshot of accessibility hierarchy for app with pid 1887
    t =     8.38s         Find: Descendants matching predicate identifier == "NotificationShortLookView" OR elementType == 7
    t =     8.39s     Synthesize event
    t =     8.68s     Wait for com.mdd.kanpan to idle
    t =    10.08s Find the "chart.canvas" Other
    t =    10.09s     Requesting snapshot of accessibility hierarchy for app with pid 1887
    t =    10.14s     Find: Descendants matching type Other
    t =    10.14s     Find: Elements matching predicate '"chart.canvas" IN identifiers'
    t =    10.15s Find the "chart.canvas" Other
    t =    10.16s     Requesting snapshot of accessibility hierarchy for app with pid 1887
    t =    10.21s     Find: Descendants matching type Other
    t =    10.21s     Find: Elements matching predicate '"chart.canvas" IN identifiers'
    t =    10.23s Find the "chart.canvas" Other
    t =    10.24s     Requesting snapshot of accessibility hierarchy for app with pid 1887
    t =    10.28s     Find: Descendants matching type Other
    t =    10.28s     Find: Elements matching predicate '"chart.canvas" IN identifiers'
    t =    10.29s Find the "chart.canvas" Other
    t =    10.30s     Requesting snapshot of accessibility hierarchy for app with pid 1887
    t =    10.32s     Find: Descendants matching type Other
    t =    10.32s     Find: Elements matching predicate '"chart.canvas" IN identifiers'
    t =    10.33s Find the "chart.canvas" Other
    t =    10.34s     Requesting snapshot of accessibility hierarchy for app with pid 1887
    t =    10.36s     Find: Descendants matching type Other
    t =    10.36s     Find: Elements matching predicate '"chart.canvas" IN identifiers'
    t =    10.37s Find the "chart.canvas" Other
    t =    10.37s     Requesting snapshot of accessibility hierarchy for app with pid 1887
    t =    10.40s     Find: Descendants matching type Other
    t =    10.40s     Find: Elements matching predicate '"chart.canvas" IN identifiers'
    t =    10.41s Find the "chart.canvas" Other
    t =    10.41s     Requesting snapshot of accessibility hierarchy for app with pid 1887
    t =    10.43s     Find: Descendants matching type Other
    t =    10.44s     Find: Elements matching predicate '"chart.canvas" IN identifiers'
    t =    10.45s Tap "bottom.style" Button
    t =    10.45s     Wait for com.mdd.kanpan to idle
    t =    10.45s     Find the "bottom.style" Button
    t =    10.45s         Requesting snapshot of accessibility hierarchy for app with pid 1887
    t =    10.48s         Find: Descendants matching type Button
    t =    10.48s         Find: Elements matching predicate '"bottom.style" IN identifiers'
    t =    10.48s     Check for interrupting elements affecting "bottom.style" Button
    t =    10.50s         Requesting snapshot of accessibility hierarchy for app with pid 1887
    t =    10.53s         Find: Descendants matching predicate identifier == "NotificationShortLookView" OR elementType == 7
    t =    10.55s     Synthesize event
    t =    10.85s     Wait for com.mdd.kanpan to idle
    t =    11.24s Checking existence of `"style.card.indigo" Button`
    t =    11.25s     Requesting snapshot of accessibility hierarchy for app with pid 1887
    t =    11.34s     Find: Descendants matching type Button
    t =    11.34s     Find: Elements matching predicate '"style.card.indigo" IN identifiers'
    t =    11.34s Find the "style.card.indigo" Button
    t =    11.35s     Requesting snapshot of accessibility hierarchy for app with pid 1887
    t =    11.41s     Find: Descendants matching type Button
    t =    11.41s     Find: Elements matching predicate '"style.card.indigo" IN identifiers'
    t =    11.43s Find the "panel.content" ScrollView
    t =    11.43s     Requesting snapshot of accessibility hierarchy for app with pid 1887
    t =    11.52s     Find: Descendants matching type ScrollView
    t =    11.52s     Find: Elements matching predicate '"panel.content" IN identifiers'
    t =    11.53s Find the "style.card.indigo" Button
    t =    11.53s     Requesting snapshot of accessibility hierarchy for app with pid 1887
    t =    11.58s     Find: Descendants matching type Button
    t =    11.59s     Find: Elements matching predicate '"style.card.indigo" IN identifiers'
    t =    11.60s Waiting 8.0s for "style.card.indigo" Button to exist
    t =    12.61s     Checking `Expect predicate `existsNoRetry == 1` for object "style.card.indigo" Button`
    t =    12.61s         Checking existence of `"style.card.indigo" Button`
    t =    12.62s             Requesting snapshot of accessibility hierarchy for app with pid 1887
    t =    12.72s             Find: Descendants matching type Button
    t =    12.73s             Find: Elements matching predicate '"style.card.indigo" IN identifiers'
    t =    12.73s Tap "style.card.indigo" Button
    t =    12.73s     Wait for com.mdd.kanpan to idle
    t =    12.74s     Find the "style.card.indigo" Button
    t =    12.74s         Requesting snapshot of accessibility hierarchy for app with pid 1887
    t =    12.79s         Find: Descendants matching type Button
    t =    12.80s         Find: Elements matching predicate '"style.card.indigo" IN identifiers'
    t =    12.80s     Check for interrupting elements affecting "style.card.indigo" Button
    t =    12.81s         Requesting snapshot of accessibility hierarchy for app with pid 1887
    t =    12.85s         Find: Descendants matching predicate identifier == "NotificationShortLookView" OR elementType == 7
    t =    12.86s     Synthesize event
    t =    13.15s     Wait for com.mdd.kanpan to idle
    t =    14.56s Find the "chart.canvas" Other
    t =    14.57s     Requesting snapshot of accessibility hierarchy for app with pid 1887
    t =    14.61s     Find: Descendants matching type Other
    t =    14.61s     Find: Elements matching predicate '"chart.canvas" IN identifiers'
    t =    14.64s Find the "chart.canvas" Other
    t =    14.64s     Requesting snapshot of accessibility hierarchy for app with pid 1887
    t =    14.68s     Find: Descendants matching type Other
    t =    14.68s     Find: Elements matching predicate '"chart.canvas" IN identifiers'
    t =    14.69s Find the "chart.canvas" Other
    t =    14.69s     Requesting snapshot of accessibility hierarchy for app with pid 1887
    t =    14.72s     Find: Descendants matching type Other
    t =    14.72s     Find: Elements matching predicate '"chart.canvas" IN identifiers'
    t =    14.73s Find the "chart.canvas" Other
    t =    14.73s     Requesting snapshot of accessibility hierarchy for app with pid 1887
    t =    14.76s     Find: Descendants matching type Other
    t =    14.76s     Find: Elements matching predicate '"chart.canvas" IN identifiers'
    t =    14.77s Find the "chart.canvas" Other
    t =    14.77s     Requesting snapshot of accessibility hierarchy for app with pid 1887
    t =    14.80s     Find: Descendants matching type Other
    t =    14.80s     Find: Elements matching predicate '"chart.canvas" IN identifiers'
    t =    14.81s Find the "chart.canvas" Other
    t =    14.81s     Requesting snapshot of accessibility hierarchy for app with pid 1887
    t =    14.84s     Find: Descendants matching type Other
    t =    14.84s     Find: Elements matching predicate '"chart.canvas" IN identifiers'
    t =    14.85s Find the "chart.canvas" Other
    t =    14.85s     Requesting snapshot of accessibility hierarchy for app with pid 1887
    t =    14.88s     Find: Descendants matching type Other
    t =    14.88s     Find: Elements matching predicate '"chart.canvas" IN identifiers'
    t =    14.89s Tap "bottom.style" Button
    t =    14.89s     Wait for com.mdd.kanpan to idle
    t =    14.90s     Find the "bottom.style" Button
    t =    14.90s         Requesting snapshot of accessibility hierarchy for app with pid 1887
    t =    14.93s         Find: Descendants matching type Button
    t =    14.94s         Find: Elements matching predicate '"bottom.style" IN identifiers'
    t =    14.94s     Check for interrupting elements affecting "bottom.style" Button
    t =    14.98s         Requesting snapshot of accessibility hierarchy for app with pid 1887
    t =    14.99s         Find: Descendants matching predicate identifier == "NotificationShortLookView" OR elementType == 7
    t =    15.00s     Synthesize event
    t =    15.30s     Wait for com.mdd.kanpan to idle
    t =    15.67s Checking existence of `"style.card.glow" Button`
    t =    15.68s     Requesting snapshot of accessibility hierarchy for app with pid 1887
    t =    15.78s     Find: Descendants matching type Button
    t =    15.78s     Find: Elements matching predicate '"style.card.glow" IN identifiers'
    t =    15.79s Find the "style.card.glow" Button
    t =    15.79s     Requesting snapshot of accessibility hierarchy for app with pid 1887
    t =    15.84s     Find: Descendants matching type Button
    t =    15.85s     Find: Elements matching predicate '"style.card.glow" IN identifiers'
    t =    15.86s Find the "panel.content" ScrollView
    t =    15.86s     Requesting snapshot of accessibility hierarchy for app with pid 1887
    t =    15.91s     Find: Descendants matching type ScrollView
    t =    15.91s     Find: Elements matching predicate '"panel.content" IN identifiers'
    t =    15.92s Find the "style.card.glow" Button
    t =    15.92s     Requesting snapshot of accessibility hierarchy for app with pid 1887
    t =    15.97s     Find: Descendants matching type Button
    t =    15.98s     Find: Elements matching predicate '"style.card.glow" IN identifiers'
    t =    15.99s Waiting 8.0s for "style.card.glow" Button to exist
    t =    17.01s     Checking `Expect predicate `existsNoRetry == 1` for object "style.card.glow" Button`
    t =    17.01s         Checking existence of `"style.card.glow" Button`
    t =    17.02s             Requesting snapshot of accessibility hierarchy for app with pid 1887
    t =    17.11s             Find: Descendants matching type Button
    t =    17.11s             Find: Elements matching predicate '"style.card.glow" IN identifiers'
    t =    17.11s Tap "style.card.glow" Button
    t =    17.11s     Wait for com.mdd.kanpan to idle
    t =    17.12s     Find the "style.card.glow" Button
    t =    17.12s         Requesting snapshot of accessibility hierarchy for app with pid 1887
    t =    17.22s         Find: Descendants matching type Button
    t =    17.22s         Find: Elements matching predicate '"style.card.glow" IN identifiers'
    t =    17.23s     Check for interrupting elements affecting "style.card.glow" Button
    t =    17.24s         Requesting snapshot of accessibility hierarchy for app with pid 1887
    t =    17.28s         Find: Descendants matching predicate identifier == "NotificationShortLookView" OR elementType == 7
    t =    17.29s     Synthesize event
    t =    17.58s     Wait for com.mdd.kanpan to idle
    t =    18.98s Find the "chart.canvas" Other
    t =    18.99s     Requesting snapshot of accessibility hierarchy for app with pid 1887
    t =    19.04s     Find: Descendants matching type Other
    t =    19.04s     Find: Elements matching predicate '"chart.canvas" IN identifiers'
    t =    19.07s Find the "chart.canvas" Other
    t =    19.08s     Requesting snapshot of accessibility hierarchy for app with pid 1887
    t =    19.10s     Find: Descendants matching type Other
    t =    19.10s     Find: Elements matching predicate '"chart.canvas" IN identifiers'
    t =    19.11s Find the "chart.canvas" Other
    t =    19.12s     Requesting snapshot of accessibility hierarchy for app with pid 1887
    t =    19.14s     Find: Descendants matching type Other
    t =    19.14s     Find: Elements matching predicate '"chart.canvas" IN identifiers'
    t =    19.15s Find the "chart.canvas" Other
    t =    19.16s     Requesting snapshot of accessibility hierarchy for app with pid 1887
    t =    19.18s     Find: Descendants matching type Other
    t =    19.18s     Find: Elements matching predicate '"chart.canvas" IN identifiers'
    t =    19.19s Find the "chart.canvas" Other
    t =    19.19s     Requesting snapshot of accessibility hierarchy for app with pid 1887
    t =    19.22s     Find: Descendants matching type Other
    t =    19.22s     Find: Elements matching predicate '"chart.canvas" IN identifiers'
    t =    19.23s Find the "chart.canvas" Other
    t =    19.23s     Requesting snapshot of accessibility hierarchy for app with pid 1887
    t =    19.26s     Find: Descendants matching type Other
    t =    19.26s     Find: Elements matching predicate '"chart.canvas" IN identifiers'
    t =    19.27s Find the "chart.canvas" Other
    t =    19.27s     Requesting snapshot of accessibility hierarchy for app with pid 1887
    t =    19.30s     Find: Descendants matching type Other
    t =    19.30s     Find: Elements matching predicate '"chart.canvas" IN identifiers'
    t =    19.31s Tap "bottom.style" Button
    t =    19.31s     Wait for com.mdd.kanpan to idle
    t =    19.32s     Find the "bottom.style" Button
    t =    19.32s         Requesting snapshot of accessibility hierarchy for app with pid 1887
    t =    19.35s         Find: Descendants matching type Button
    t =    19.35s         Find: Elements matching predicate '"bottom.style" IN identifiers'
    t =    19.36s     Check for interrupting elements affecting "bottom.style" Button
    t =    19.37s         Requesting snapshot of accessibility hierarchy for app with pid 1887
    t =    19.41s         Find: Descendants matching predicate identifier == "NotificationShortLookView" OR elementType == 7
    t =    19.41s     Synthesize event
    t =    19.72s     Wait for com.mdd.kanpan to idle
    t =    20.09s Checking existence of `"style.card.airy" Button`
    t =    20.10s     Requesting snapshot of accessibility hierarchy for app with pid 1887
    t =    20.21s     Find: Descendants matching type Button
    t =    20.22s     Find: Elements matching predicate '"style.card.airy" IN identifiers'
    t =    20.22s Find the "style.card.airy" Button
    t =    20.23s     Requesting snapshot of accessibility hierarchy for app with pid 1887
    t =    20.28s     Find: Descendants matching type Button
    t =    20.28s     Find: Elements matching predicate '"style.card.airy" IN identifiers'
    t =    20.30s Find the "panel.content" ScrollView
    t =    20.30s     Requesting snapshot of accessibility hierarchy for app with pid 1887
    t =    20.35s     Find: Descendants matching type ScrollView
    t =    20.35s     Find: Elements matching predicate '"panel.content" IN identifiers'
    t =    20.36s Find the "style.card.airy" Button
    t =    20.36s     Requesting snapshot of accessibility hierarchy for app with pid 1887
    t =    20.42s     Find: Descendants matching type Button
    t =    20.42s     Find: Elements matching predicate '"style.card.airy" IN identifiers'
    t =    20.43s Swipe up "panel.content" ScrollView
    t =    20.43s     Wait for com.mdd.kanpan to idle
    t =    20.43s     Find the "panel.content" ScrollView
    t =    20.44s         Requesting snapshot of accessibility hierarchy for app with pid 1887
    t =    20.49s         Find: Descendants matching type ScrollView
    t =    20.50s         Find: Elements matching predicate '"panel.content" IN identifiers'
    t =    20.50s     Check for interrupting elements affecting "panel.content" ScrollView
    t =    20.51s         Requesting snapshot of accessibility hierarchy for app with pid 1887
    t =    20.56s         Find: Descendants matching predicate identifier == "NotificationShortLookView" OR elementType == 7
    t =    20.57s     Synthesize event
    t =    21.01s     Wait for com.mdd.kanpan to idle
    t =    21.68s Checking existence of `"style.card.airy" Button`
    t =    21.68s     Requesting snapshot of accessibility hierarchy for app with pid 1887
    t =    21.77s     Find: Descendants matching type Button
    t =    21.78s     Find: Elements matching predicate '"style.card.airy" IN identifiers'
    t =    21.78s Find the "style.card.airy" Button
    t =    21.78s     Requesting snapshot of accessibility hierarchy for app with pid 1887
    t =    21.86s     Find: Descendants matching type Button
    t =    21.86s     Find: Elements matching predicate '"style.card.airy" IN identifiers'
    t =    21.88s Find the "panel.content" ScrollView
    t =    21.89s     Requesting snapshot of accessibility hierarchy for app with pid 1887
    t =    21.93s     Find: Descendants matching type ScrollView
    t =    21.94s     Find: Elements matching predicate '"panel.content" IN identifiers'
    t =    21.94s Find the "style.card.airy" Button
    t =    21.94s     Requesting snapshot of accessibility hierarchy for app with pid 1887
    t =    21.99s     Find: Descendants matching type Button
    t =    21.99s     Find: Elements matching predicate '"style.card.airy" IN identifiers'
    t =    22.00s Waiting 8.0s for "style.card.airy" Button to exist
    t =    23.03s     Checking `Expect predicate `existsNoRetry == 1` for object "style.card.airy" Button`
    t =    23.03s         Checking existence of `"style.card.airy" Button`
    t =    23.04s             Requesting snapshot of accessibility hierarchy for app with pid 1887
    t =    23.12s             Find: Descendants matching type Button
    t =    23.13s             Find: Elements matching predicate '"style.card.airy" IN identifiers'
    t =    23.13s Tap "style.card.airy" Button
    t =    23.13s     Wait for com.mdd.kanpan to idle
    t =    23.14s     Find the "style.card.airy" Button
    t =    23.14s         Requesting snapshot of accessibility hierarchy for app with pid 1887
    t =    23.20s         Find: Descendants matching type Button
    t =    23.21s         Find: Elements matching predicate '"style.card.airy" IN identifiers'
    t =    23.21s     Check for interrupting elements affecting "style.card.airy" Button
    t =    23.25s         Requesting snapshot of accessibility hierarchy for app with pid 1887
    t =    23.29s         Find: Descendants matching predicate identifier == "NotificationShortLookView" OR elementType == 7
    t =    23.30s     Synthesize event
    t =    23.59s     Wait for com.mdd.kanpan to idle
    t =    24.98s Find the "chart.canvas" Other
    t =    24.99s     Requesting snapshot of accessibility hierarchy for app with pid 1887
    t =    25.03s     Find: Descendants matching type Other
    t =    25.03s     Find: Elements matching predicate '"chart.canvas" IN identifiers'
    t =    25.04s Find the "chart.canvas" Other
    t =    25.05s     Requesting snapshot of accessibility hierarchy for app with pid 1887
    t =    25.07s     Find: Descendants matching type Other
    t =    25.08s     Find: Elements matching predicate '"chart.canvas" IN identifiers'
    t =    25.09s Find the "chart.canvas" Other
    t =    25.09s     Requesting snapshot of accessibility hierarchy for app with pid 1887
    t =    25.12s     Find: Descendants matching type Other
    t =    25.12s     Find: Elements matching predicate '"chart.canvas" IN identifiers'
    t =    25.13s Find the "chart.canvas" Other
    t =    25.13s     Requesting snapshot of accessibility hierarchy for app with pid 1887
    t =    25.18s     Find: Descendants matching type Other
    t =    25.18s     Find: Elements matching predicate '"chart.canvas" IN identifiers'
    t =    25.19s Find the "chart.canvas" Other
    t =    25.19s     Requesting snapshot of accessibility hierarchy for app with pid 1887
    t =    25.21s     Find: Descendants matching type Other
    t =    25.22s     Find: Elements matching predicate '"chart.canvas" IN identifiers'
    t =    25.22s Find the "chart.canvas" Other
    t =    25.22s     Requesting snapshot of accessibility hierarchy for app with pid 1887
    t =    25.25s     Find: Descendants matching type Other
    t =    25.25s     Find: Elements matching predicate '"chart.canvas" IN identifiers'
    t =    25.26s Find the "chart.canvas" Other
    t =    25.26s     Requesting snapshot of accessibility hierarchy for app with pid 1887
    t =    25.28s     Find: Descendants matching type Other
    t =    25.28s     Find: Elements matching predicate '"chart.canvas" IN identifiers'
    t =    25.29s Tap "bottom.style" Button
    t =    25.29s     Wait for com.mdd.kanpan to idle
    t =    25.30s     Find the "bottom.style" Button
    t =    25.30s         Requesting snapshot of accessibility hierarchy for app with pid 1887
    t =    25.32s         Find: Descendants matching type Button
    t =    25.32s         Find: Elements matching predicate '"bottom.style" IN identifiers'
    t =    25.33s     Check for interrupting elements affecting "bottom.style" Button
    t =    25.34s         Requesting snapshot of accessibility hierarchy for app with pid 1887
    t =    25.36s         Find: Descendants matching predicate identifier == "NotificationShortLookView" OR elementType == 7
    t =    25.37s     Synthesize event
    t =    25.66s     Wait for com.mdd.kanpan to idle
    t =    26.04s Checking existence of `"style.card.brick" Button`
    t =    26.05s     Requesting snapshot of accessibility hierarchy for app with pid 1887
    t =    26.14s     Find: Descendants matching type Button
    t =    26.15s     Find: Elements matching predicate '"style.card.brick" IN identifiers'
    t =    26.15s Find the "style.card.brick" Button
    t =    26.16s     Requesting snapshot of accessibility hierarchy for app with pid 1887
    t =    26.20s     Find: Descendants matching type Button
    t =    26.21s     Find: Elements matching predicate '"style.card.brick" IN identifiers'
    t =    26.22s Find the "panel.content" ScrollView
    t =    26.23s     Requesting snapshot of accessibility hierarchy for app with pid 1887
    t =    26.27s     Find: Descendants matching type ScrollView
    t =    26.28s     Find: Elements matching predicate '"panel.content" IN identifiers'
    t =    26.28s Find the "style.card.brick" Button
    t =    26.29s     Requesting snapshot of accessibility hierarchy for app with pid 1887
    t =    26.34s     Find: Descendants matching type Button
    t =    26.34s     Find: Elements matching predicate '"style.card.brick" IN identifiers'
    t =    26.35s Swipe up "panel.content" ScrollView
    t =    26.35s     Wait for com.mdd.kanpan to idle
    t =    26.36s     Find the "panel.content" ScrollView
    t =    26.36s         Requesting snapshot of accessibility hierarchy for app with pid 1887
    t =    26.41s         Find: Descendants matching type ScrollView
    t =    26.41s         Find: Elements matching predicate '"panel.content" IN identifiers'
    t =    26.41s     Check for interrupting elements affecting "panel.content" ScrollView
    t =    26.43s         Requesting snapshot of accessibility hierarchy for app with pid 1887
    t =    26.47s         Find: Descendants matching predicate identifier == "NotificationShortLookView" OR elementType == 7
    t =    26.48s     Synthesize event
    t =    26.96s     Wait for com.mdd.kanpan to idle
    t =    27.63s Checking existence of `"style.card.brick" Button`
    t =    27.63s     Requesting snapshot of accessibility hierarchy for app with pid 1887
    t =    27.72s     Find: Descendants matching type Button
    t =    27.73s     Find: Elements matching predicate '"style.card.brick" IN identifiers'
    t =    27.73s Find the "style.card.brick" Button
    t =    27.74s     Requesting snapshot of accessibility hierarchy for app with pid 1887
    t =    27.80s     Find: Descendants matching type Button
    t =    27.81s     Find: Elements matching predicate '"style.card.brick" IN identifiers'
    t =    27.83s Find the "panel.content" ScrollView
    t =    27.83s     Requesting snapshot of accessibility hierarchy for app with pid 1887
    t =    27.90s     Find: Descendants matching type ScrollView
    t =    27.90s     Find: Elements matching predicate '"panel.content" IN identifiers'
    t =    27.91s Find the "style.card.brick" Button
    t =    27.91s     Requesting snapshot of accessibility hierarchy for app with pid 1887
    t =    27.97s     Find: Descendants matching type Button
    t =    27.97s     Find: Elements matching predicate '"style.card.brick" IN identifiers'
    t =    27.98s Waiting 8.0s for "style.card.brick" Button to exist
    t =    29.01s     Checking `Expect predicate `existsNoRetry == 1` for object "style.card.brick" Button`
    t =    29.01s         Checking existence of `"style.card.brick" Button`
    t =    29.02s             Requesting snapshot of accessibility hierarchy for app with pid 1887
    t =    29.11s             Find: Descendants matching type Button
    t =    29.11s             Find: Elements matching predicate '"style.card.brick" IN identifiers'
    t =    29.12s Tap "style.card.brick" Button
    t =    29.12s     Wait for com.mdd.kanpan to idle
    t =    29.12s     Find the "style.card.brick" Button
    t =    29.12s         Requesting snapshot of accessibility hierarchy for app with pid 1887
    t =    29.20s         Find: Descendants matching type Button
    t =    29.20s         Find: Elements matching predicate '"style.card.brick" IN identifiers'
    t =    29.21s     Check for interrupting elements affecting "style.card.brick" Button
    t =    29.22s         Requesting snapshot of accessibility hierarchy for app with pid 1887
    t =    29.29s         Find: Descendants matching predicate identifier == "NotificationShortLookView" OR elementType == 7
    t =    29.30s     Synthesize event
    t =    29.59s     Wait for com.mdd.kanpan to idle
    t =    31.01s Find the "chart.canvas" Other
    t =    31.01s     Requesting snapshot of accessibility hierarchy for app with pid 1887
    t =    31.05s     Find: Descendants matching type Other
    t =    31.06s     Find: Elements matching predicate '"chart.canvas" IN identifiers'
    t =    31.07s Find the "chart.canvas" Other
    t =    31.07s     Requesting snapshot of accessibility hierarchy for app with pid 1887
    t =    31.11s     Find: Descendants matching type Other
    t =    31.12s     Find: Elements matching predicate '"chart.canvas" IN identifiers'
    t =    31.13s Find the "chart.canvas" Other
    t =    31.13s     Requesting snapshot of accessibility hierarchy for app with pid 1887
    t =    31.17s     Find: Descendants matching type Other
    t =    31.18s     Find: Elements matching predicate '"chart.canvas" IN identifiers'
    t =    31.19s Find the "chart.canvas" Other
    t =    31.19s     Requesting snapshot of accessibility hierarchy for app with pid 1887
    t =    31.27s     Find: Descendants matching type Other
    t =    31.27s     Find: Elements matching predicate '"chart.canvas" IN identifiers'
    t =    31.28s Find the "chart.canvas" Other
    t =    31.28s     Requesting snapshot of accessibility hierarchy for app with pid 1887
    t =    31.31s     Find: Descendants matching type Other
    t =    31.31s     Find: Elements matching predicate '"chart.canvas" IN identifiers'
    t =    31.32s Find the "chart.canvas" Other
    t =    31.33s     Requesting snapshot of accessibility hierarchy for app with pid 1887
    t =    31.35s     Find: Descendants matching type Other
    t =    31.36s     Find: Elements matching predicate '"chart.canvas" IN identifiers'
    t =    31.37s Find the "chart.canvas" Other
    t =    31.37s     Requesting snapshot of accessibility hierarchy for app with pid 1887
    t =    31.40s     Find: Descendants matching type Other
    t =    31.40s     Find: Elements matching predicate '"chart.canvas" IN identifiers'
    t =    31.41s Tap "bottom.style" Button
    t =    31.41s     Wait for com.mdd.kanpan to idle
    t =    31.42s     Find the "bottom.style" Button
    t =    31.42s         Requesting snapshot of accessibility hierarchy for app with pid 1887
    t =    31.45s         Find: Descendants matching type Button
    t =    31.45s         Find: Elements matching predicate '"bottom.style" IN identifiers'
    t =    31.45s     Check for interrupting elements affecting "bottom.style" Button
    t =    31.47s         Requesting snapshot of accessibility hierarchy for app with pid 1887
    t =    31.50s         Find: Descendants matching predicate identifier == "NotificationShortLookView" OR elementType == 7
    t =    31.51s     Synthesize event
    t =    31.81s     Wait for com.mdd.kanpan to idle
    t =    32.19s Checking existence of `"style.card.needle" Button`
    t =    32.20s     Requesting snapshot of accessibility hierarchy for app with pid 1887
    t =    32.29s     Find: Descendants matching type Button
    t =    32.30s     Find: Elements matching predicate '"style.card.needle" IN identifiers'
    t =    32.30s Find the "style.card.needle" Button
    t =    32.31s     Requesting snapshot of accessibility hierarchy for app with pid 1887
    t =    32.36s     Find: Descendants matching type Button
    t =    32.36s     Find: Elements matching predicate '"style.card.needle" IN identifiers'
    t =    32.38s Swipe up "panel.content" ScrollView
    t =    32.38s     Wait for com.mdd.kanpan to idle
    t =    32.38s     Find the "panel.content" ScrollView
    t =    32.38s         Requesting snapshot of accessibility hierarchy for app with pid 1887
    t =    32.43s         Find: Descendants matching type ScrollView
    t =    32.43s         Find: Elements matching predicate '"panel.content" IN identifiers'
    t =    32.44s     Check for interrupting elements affecting "panel.content" ScrollView
    t =    32.45s         Requesting snapshot of accessibility hierarchy for app with pid 1887
    t =    32.49s         Find: Descendants matching predicate identifier == "NotificationShortLookView" OR elementType == 7
    t =    32.50s     Synthesize event
    t =    32.95s     Wait for com.mdd.kanpan to idle
    t =    33.61s Checking existence of `"style.card.needle" Button`
    t =    33.62s     Requesting snapshot of accessibility hierarchy for app with pid 1887
    t =    33.70s     Find: Descendants matching type Button
    t =    33.71s     Find: Elements matching predicate '"style.card.needle" IN identifiers'
    t =    33.71s Find the "style.card.needle" Button
    t =    33.72s     Requesting snapshot of accessibility hierarchy for app with pid 1887
    t =    33.79s     Find: Descendants matching type Button
    t =    33.79s     Find: Elements matching predicate '"style.card.needle" IN identifiers'
    t =    33.81s Find the "panel.content" ScrollView
    t =    33.82s     Requesting snapshot of accessibility hierarchy for app with pid 1887
    t =    33.90s     Find: Descendants matching type ScrollView
    t =    33.91s     Find: Elements matching predicate '"panel.content" IN identifiers'
    t =    33.92s Find the "style.card.needle" Button
    t =    33.92s     Requesting snapshot of accessibility hierarchy for app with pid 1887
    t =    33.97s     Find: Descendants matching type Button
    t =    33.97s     Find: Elements matching predicate '"style.card.needle" IN identifiers'
    t =    33.98s Waiting 8.0s for "style.card.needle" Button to exist
    t =    35.01s     Checking `Expect predicate `existsNoRetry == 1` for object "style.card.needle" Button`
    t =    35.01s         Checking existence of `"style.card.needle" Button`
    t =    35.02s             Requesting snapshot of accessibility hierarchy for app with pid 1887
    t =    35.10s             Find: Descendants matching type Button
    t =    35.10s             Find: Elements matching predicate '"style.card.needle" IN identifiers'
    t =    35.11s Tap "style.card.needle" Button
    t =    35.11s     Wait for com.mdd.kanpan to idle
    t =    35.11s     Find the "style.card.needle" Button
    t =    35.11s         Requesting snapshot of accessibility hierarchy for app with pid 1887
    t =    35.18s         Find: Descendants matching type Button
    t =    35.18s         Find: Elements matching predicate '"style.card.needle" IN identifiers'
    t =    35.19s     Check for interrupting elements affecting "style.card.needle" Button
    t =    35.20s         Requesting snapshot of accessibility hierarchy for app with pid 1887
    t =    35.25s         Find: Descendants matching predicate identifier == "NotificationShortLookView" OR elementType == 7
    t =    35.26s     Synthesize event
    t =    35.55s     Wait for com.mdd.kanpan to idle
    t =    36.96s Find the "chart.canvas" Other
    t =    36.97s     Requesting snapshot of accessibility hierarchy for app with pid 1887
    t =    37.02s     Find: Descendants matching type Other
    t =    37.02s     Find: Elements matching predicate '"chart.canvas" IN identifiers'
    t =    37.13s Find the "chart.canvas" Other
    t =    37.14s     Requesting snapshot of accessibility hierarchy for app with pid 1887
    t =    37.19s     Find: Descendants matching type Other
    t =    37.19s     Find: Elements matching predicate '"chart.canvas" IN identifiers'
    t =    37.20s Find the "chart.canvas" Other
    t =    37.21s     Requesting snapshot of accessibility hierarchy for app with pid 1887
    t =    37.25s     Find: Descendants matching type Other
    t =    37.25s     Find: Elements matching predicate '"chart.canvas" IN identifiers'
    t =    37.26s Find the "chart.canvas" Other
    t =    37.27s     Requesting snapshot of accessibility hierarchy for app with pid 1887
    t =    37.31s     Find: Descendants matching type Other
    t =    37.31s     Find: Elements matching predicate '"chart.canvas" IN identifiers'
    t =    37.32s Find the "chart.canvas" Other
    t =    37.33s     Requesting snapshot of accessibility hierarchy for app with pid 1887
    t =    37.38s     Find: Descendants matching type Other
    t =    37.38s     Find: Elements matching predicate '"chart.canvas" IN identifiers'
    t =    37.39s Find the "chart.canvas" Other
    t =    37.40s     Requesting snapshot of accessibility hierarchy for app with pid 1887
    t =    37.42s     Find: Descendants matching type Other
    t =    37.43s     Find: Elements matching predicate '"chart.canvas" IN identifiers'
    t =    37.44s Find the "chart.canvas" Other
    t =    37.44s     Requesting snapshot of accessibility hierarchy for app with pid 1887
    t =    37.46s     Find: Descendants matching type Other
    t =    37.47s     Find: Elements matching predicate '"chart.canvas" IN identifiers'
    t =    37.48s Tap "bottom.style" Button
    t =    37.48s     Wait for com.mdd.kanpan to idle
    t =    37.48s     Find the "bottom.style" Button
    t =    37.48s         Requesting snapshot of accessibility hierarchy for app with pid 1887
    t =    37.51s         Find: Descendants matching type Button
    t =    37.51s         Find: Elements matching predicate '"bottom.style" IN identifiers'
    t =    37.51s     Check for interrupting elements affecting "bottom.style" Button
    t =    37.53s         Requesting snapshot of accessibility hierarchy for app with pid 1887
    t =    37.55s         Find: Descendants matching predicate identifier == "NotificationShortLookView" OR elementType == 7
    t =    37.57s     Synthesize event
    t =    37.89s     Wait for com.mdd.kanpan to idle
    t =    38.28s Checking existence of `"style.card.pill" Button`
    t =    38.28s     Requesting snapshot of accessibility hierarchy for app with pid 1887
    t =    38.38s     Find: Descendants matching type Button
    t =    38.38s     Find: Elements matching predicate '"style.card.pill" IN identifiers'
    t =    38.39s Find the "style.card.pill" Button
    t =    38.39s     Requesting snapshot of accessibility hierarchy for app with pid 1887
    t =    38.45s     Find: Descendants matching type Button
    t =    38.45s     Find: Elements matching predicate '"style.card.pill" IN identifiers'
    t =    38.50s Swipe up "panel.content" ScrollView
    t =    38.50s     Wait for com.mdd.kanpan to idle
    t =    38.51s     Find the "panel.content" ScrollView
    t =    38.52s         Requesting snapshot of accessibility hierarchy for app with pid 1887
    t =    38.57s         Find: Descendants matching type ScrollView
    t =    38.57s         Find: Elements matching predicate '"panel.content" IN identifiers'
    t =    38.57s     Check for interrupting elements affecting "panel.content" ScrollView
    t =    38.58s         Requesting snapshot of accessibility hierarchy for app with pid 1887
    t =    38.62s         Find: Descendants matching predicate identifier == "NotificationShortLookView" OR elementType == 7
    t =    38.63s     Synthesize event
    t =    39.07s     Wait for com.mdd.kanpan to idle
    t =    39.73s Checking existence of `"style.card.pill" Button`
    t =    39.73s     Requesting snapshot of accessibility hierarchy for app with pid 1887
    t =    39.83s     Find: Descendants matching type Button
    t =    39.83s     Find: Elements matching predicate '"style.card.pill" IN identifiers'
    t =    39.84s Find the "style.card.pill" Button
    t =    39.84s     Requesting snapshot of accessibility hierarchy for app with pid 1887
    t =    39.89s     Find: Descendants matching type Button
    t =    39.90s     Find: Elements matching predicate '"style.card.pill" IN identifiers'
    t =    39.92s Find the "panel.content" ScrollView
    t =    39.92s     Requesting snapshot of accessibility hierarchy for app with pid 1887
    t =    39.97s     Find: Descendants matching type ScrollView
    t =    39.97s     Find: Elements matching predicate '"panel.content" IN identifiers'
    t =    39.98s Find the "style.card.pill" Button
    t =    39.98s     Requesting snapshot of accessibility hierarchy for app with pid 1887
    t =    40.03s     Find: Descendants matching type Button
    t =    40.03s     Find: Elements matching predicate '"style.card.pill" IN identifiers'
    t =    40.04s Waiting 8.0s for "style.card.pill" Button to exist
    t =    41.04s     Checking `Expect predicate `existsNoRetry == 1` for object "style.card.pill" Button`
    t =    41.05s         Checking existence of `"style.card.pill" Button`
    t =    41.05s             Requesting snapshot of accessibility hierarchy for app with pid 1887
    t =    41.13s             Find: Descendants matching type Button
    t =    41.13s             Find: Elements matching predicate '"style.card.pill" IN identifiers'
    t =    41.14s Tap "style.card.pill" Button
    t =    41.14s     Wait for com.mdd.kanpan to idle
    t =    41.14s     Find the "style.card.pill" Button
    t =    41.15s         Requesting snapshot of accessibility hierarchy for app with pid 1887
    t =    41.20s         Find: Descendants matching type Button
    t =    41.20s         Find: Elements matching predicate '"style.card.pill" IN identifiers'
    t =    41.21s     Check for interrupting elements affecting "style.card.pill" Button
    t =    41.22s         Requesting snapshot of accessibility hierarchy for app with pid 1887
    t =    41.26s         Find: Descendants matching predicate identifier == "NotificationShortLookView" OR elementType == 7
    t =    41.27s     Synthesize event
    t =    41.57s     Wait for com.mdd.kanpan to idle
    t =    42.96s Find the "chart.canvas" Other
    t =    42.97s     Requesting snapshot of accessibility hierarchy for app with pid 1887
    t =    43.03s     Find: Descendants matching type Other
    t =    43.03s     Find: Elements matching predicate '"chart.canvas" IN identifiers'
    t =    43.04s Find the "chart.canvas" Other
    t =    43.04s     Requesting snapshot of accessibility hierarchy for app with pid 1887
    t =    43.08s     Find: Descendants matching type Other
    t =    43.08s     Find: Elements matching predicate '"chart.canvas" IN identifiers'
    t =    43.10s Find the "chart.canvas" Other
    t =    43.10s     Requesting snapshot of accessibility hierarchy for app with pid 1887
    t =    43.14s     Find: Descendants matching type Other
    t =    43.14s     Find: Elements matching predicate '"chart.canvas" IN identifiers'
    t =    43.16s Find the "chart.canvas" Other
    t =    43.16s     Requesting snapshot of accessibility hierarchy for app with pid 1887
    t =    43.21s     Find: Descendants matching type Other
    t =    43.22s     Find: Elements matching predicate '"chart.canvas" IN identifiers'
    t =    43.23s Find the "chart.canvas" Other
    t =    43.23s     Requesting snapshot of accessibility hierarchy for app with pid 1887
    t =    43.26s     Find: Descendants matching type Other
    t =    43.26s     Find: Elements matching predicate '"chart.canvas" IN identifiers'
    t =    43.27s Find the "chart.canvas" Other
    t =    43.27s     Requesting snapshot of accessibility hierarchy for app with pid 1887
    t =    43.29s     Find: Descendants matching type Other
    t =    43.30s     Find: Elements matching predicate '"chart.canvas" IN identifiers'
    t =    43.31s Find the "chart.canvas" Other
    t =    43.31s     Requesting snapshot of accessibility hierarchy for app with pid 1887
    t =    43.33s     Find: Descendants matching type Other
    t =    43.34s     Find: Elements matching predicate '"chart.canvas" IN identifiers'
    t =    43.35s Tap "bottom.style" Button
    t =    43.35s     Wait for com.mdd.kanpan to idle
    t =    43.35s     Find the "bottom.style" Button
    t =    43.35s         Requesting snapshot of accessibility hierarchy for app with pid 1887
    t =    43.37s         Find: Descendants matching type Button
    t =    43.38s         Find: Elements matching predicate '"bottom.style" IN identifiers'
    t =    43.38s     Check for interrupting elements affecting "bottom.style" Button
    t =    43.39s         Requesting snapshot of accessibility hierarchy for app with pid 1887
    t =    43.41s         Find: Descendants matching predicate identifier == "NotificationShortLookView" OR elementType == 7
    t =    43.42s     Synthesize event
    t =    43.71s     Wait for com.mdd.kanpan to idle
    t =    44.10s Checking existence of `"style.card.paper" Button`
    t =    44.10s     Requesting snapshot of accessibility hierarchy for app with pid 1887
    t =    44.20s     Find: Descendants matching type Button
    t =    44.20s     Find: Elements matching predicate '"style.card.paper" IN identifiers'
    t =    44.21s Find the "style.card.paper" Button
    t =    44.21s     Requesting snapshot of accessibility hierarchy for app with pid 1887
    t =    44.26s     Find: Descendants matching type Button
    t =    44.26s     Find: Elements matching predicate '"style.card.paper" IN identifiers'
    t =    44.28s Swipe up "panel.content" ScrollView
    t =    44.28s     Wait for com.mdd.kanpan to idle
    t =    44.28s     Find the "panel.content" ScrollView
    t =    44.28s         Requesting snapshot of accessibility hierarchy for app with pid 1887
    t =    44.34s         Find: Descendants matching type ScrollView
    t =    44.34s         Find: Elements matching predicate '"panel.content" IN identifiers'
    t =    44.34s     Check for interrupting elements affecting "panel.content" ScrollView
    t =    44.35s         Requesting snapshot of accessibility hierarchy for app with pid 1887
    t =    44.39s         Find: Descendants matching predicate identifier == "NotificationShortLookView" OR elementType == 7
    t =    44.40s     Synthesize event
    t =    44.85s     Wait for com.mdd.kanpan to idle
    t =    45.51s Checking existence of `"style.card.paper" Button`
    t =    45.52s     Requesting snapshot of accessibility hierarchy for app with pid 1887
    t =    45.61s     Find: Descendants matching type Button
    t =    45.62s     Find: Elements matching predicate '"style.card.paper" IN identifiers'
    t =    45.62s Find the "style.card.paper" Button
    t =    45.62s     Requesting snapshot of accessibility hierarchy for app with pid 1887
    t =    45.70s     Find: Descendants matching type Button
    t =    45.70s     Find: Elements matching predicate '"style.card.paper" IN identifiers'
    t =    45.72s Find the "panel.content" ScrollView
    t =    45.73s     Requesting snapshot of accessibility hierarchy for app with pid 1887
    t =    45.79s     Find: Descendants matching type ScrollView
    t =    45.79s     Find: Elements matching predicate '"panel.content" IN identifiers'
    t =    45.83s Find the "style.card.paper" Button
    t =    45.83s     Requesting snapshot of accessibility hierarchy for app with pid 1887
    t =    45.88s     Find: Descendants matching type Button
    t =    45.88s     Find: Elements matching predicate '"style.card.paper" IN identifiers'
    t =    45.89s Waiting 8.0s for "style.card.paper" Button to exist
    t =    46.91s     Checking `Expect predicate `existsNoRetry == 1` for object "style.card.paper" Button`
    t =    46.91s         Checking existence of `"style.card.paper" Button`
    t =    46.92s             Requesting snapshot of accessibility hierarchy for app with pid 1887
    t =    46.98s             Find: Descendants matching type Button
    t =    46.98s             Find: Elements matching predicate '"style.card.paper" IN identifiers'
    t =    46.99s Tap "style.card.paper" Button
    t =    46.99s     Wait for com.mdd.kanpan to idle
    t =    46.99s     Find the "style.card.paper" Button
    t =    47.00s         Requesting snapshot of accessibility hierarchy for app with pid 1887
    t =    47.05s         Find: Descendants matching type Button
    t =    47.05s         Find: Elements matching predicate '"style.card.paper" IN identifiers'
    t =    47.05s     Check for interrupting elements affecting "style.card.paper" Button
    t =    47.06s         Requesting snapshot of accessibility hierarchy for app with pid 1887
    t =    47.10s         Find: Descendants matching predicate identifier == "NotificationShortLookView" OR elementType == 7
    t =    47.11s     Synthesize event
    t =    47.40s     Wait for com.mdd.kanpan to idle
    t =    48.77s Find the "chart.canvas" Other
    t =    48.78s     Requesting snapshot of accessibility hierarchy for app with pid 1887
    t =    48.82s     Find: Descendants matching type Other
    t =    48.82s     Find: Elements matching predicate '"chart.canvas" IN identifiers'
    t =    48.84s Find the "chart.canvas" Other
    t =    48.84s     Requesting snapshot of accessibility hierarchy for app with pid 1887
    t =    48.88s     Find: Descendants matching type Other
    t =    48.88s     Find: Elements matching predicate '"chart.canvas" IN identifiers'
    t =    48.89s Find the "chart.canvas" Other
    t =    48.90s     Requesting snapshot of accessibility hierarchy for app with pid 1887
    t =    48.95s     Find: Descendants matching type Other
    t =    48.95s     Find: Elements matching predicate '"chart.canvas" IN identifiers'
    t =    48.96s Find the "chart.canvas" Other
    t =    48.97s     Requesting snapshot of accessibility hierarchy for app with pid 1887
    t =    49.01s     Find: Descendants matching type Other
    t =    49.01s     Find: Elements matching predicate '"chart.canvas" IN identifiers'
    t =    49.02s Find the "chart.canvas" Other
    t =    49.03s     Requesting snapshot of accessibility hierarchy for app with pid 1887
    t =    49.07s     Find: Descendants matching type Other
    t =    49.07s     Find: Elements matching predicate '"chart.canvas" IN identifiers'
    t =    49.08s Find the "chart.canvas" Other
    t =    49.09s     Requesting snapshot of accessibility hierarchy for app with pid 1887
    t =    49.14s     Find: Descendants matching type Other
    t =    49.14s     Find: Elements matching predicate '"chart.canvas" IN identifiers'
    t =    49.16s Find the "chart.canvas" Other
    t =    49.16s     Requesting snapshot of accessibility hierarchy for app with pid 1887
    t =    49.19s     Find: Descendants matching type Other
    t =    49.19s     Find: Elements matching predicate '"chart.canvas" IN identifiers'
    t =    49.20s Tap "bottom.style" Button
    t =    49.20s     Wait for com.mdd.kanpan to idle
    t =    49.20s     Find the "bottom.style" Button
    t =    49.21s         Requesting snapshot of accessibility hierarchy for app with pid 1887
    t =    49.23s         Find: Descendants matching type Button
    t =    49.23s         Find: Elements matching predicate '"bottom.style" IN identifiers'
    t =    49.24s     Check for interrupting elements affecting "bottom.style" Button
    t =    49.25s         Requesting snapshot of accessibility hierarchy for app with pid 1887
    t =    49.27s         Find: Descendants matching predicate identifier == "NotificationShortLookView" OR elementType == 7
    t =    49.27s     Synthesize event
    t =    49.57s     Wait for com.mdd.kanpan to idle
    t =    49.96s Checking existence of `"style.card.outline" Button`
    t =    49.96s     Requesting snapshot of accessibility hierarchy for app with pid 1887
    t =    50.07s     Find: Descendants matching type Button
    t =    50.07s     Find: Elements matching predicate '"style.card.outline" IN identifiers'
    t =    50.07s Find the "style.card.outline" Button
    t =    50.08s     Requesting snapshot of accessibility hierarchy for app with pid 1887
    t =    50.14s     Find: Descendants matching type Button
    t =    50.14s     Find: Elements matching predicate '"style.card.outline" IN identifiers'
    t =    50.16s Swipe up "panel.content" ScrollView
    t =    50.16s     Wait for com.mdd.kanpan to idle
    t =    50.16s     Find the "panel.content" ScrollView
    t =    50.16s         Requesting snapshot of accessibility hierarchy for app with pid 1887
    t =    50.21s         Find: Descendants matching type ScrollView
    t =    50.22s         Find: Elements matching predicate '"panel.content" IN identifiers'
    t =    50.22s     Check for interrupting elements affecting "panel.content" ScrollView
    t =    50.23s         Requesting snapshot of accessibility hierarchy for app with pid 1887
    t =    50.28s         Find: Descendants matching predicate identifier == "NotificationShortLookView" OR elementType == 7
    t =    50.28s     Synthesize event
    t =    50.73s     Wait for com.mdd.kanpan to idle
    t =    51.38s Checking existence of `"style.card.outline" Button`
    t =    51.38s     Requesting snapshot of accessibility hierarchy for app with pid 1887
    t =    51.45s     Find: Descendants matching type Button
    t =    51.45s     Find: Elements matching predicate '"style.card.outline" IN identifiers'
    t =    51.45s Find the "style.card.outline" Button
    t =    51.46s     Requesting snapshot of accessibility hierarchy for app with pid 1887
    t =    51.52s     Find: Descendants matching type Button
    t =    51.52s     Find: Elements matching predicate '"style.card.outline" IN identifiers'
    t =    51.54s Find the "panel.content" ScrollView
    t =    51.54s     Requesting snapshot of accessibility hierarchy for app with pid 1887
    t =    51.60s     Find: Descendants matching type ScrollView
    t =    51.60s     Find: Elements matching predicate '"panel.content" IN identifiers'
    t =    51.61s Find the "style.card.outline" Button
    t =    51.61s     Requesting snapshot of accessibility hierarchy for app with pid 1887
    t =    51.67s     Find: Descendants matching type Button
    t =    51.68s     Find: Elements matching predicate '"style.card.outline" IN identifiers'
    t =    51.69s Waiting 8.0s for "style.card.outline" Button to exist
    t =    52.71s     Checking `Expect predicate `existsNoRetry == 1` for object "style.card.outline" Button`
    t =    52.71s         Checking existence of `"style.card.outline" Button`
    t =    52.72s             Requesting snapshot of accessibility hierarchy for app with pid 1887
    t =    52.81s             Find: Descendants matching type Button
    t =    52.81s             Find: Elements matching predicate '"style.card.outline" IN identifiers'
    t =    52.82s Tap "style.card.outline" Button
    t =    52.82s     Wait for com.mdd.kanpan to idle
    t =    52.82s     Find the "style.card.outline" Button
    t =    52.82s         Requesting snapshot of accessibility hierarchy for app with pid 1887
    t =    52.90s         Find: Descendants matching type Button
    t =    52.90s         Find: Elements matching predicate '"style.card.outline" IN identifiers'
    t =    52.90s     Check for interrupting elements affecting "style.card.outline" Button
    t =    52.93s         Requesting snapshot of accessibility hierarchy for app with pid 1887
    t =    52.98s         Find: Descendants matching predicate identifier == "NotificationShortLookView" OR elementType == 7
    t =    52.99s     Synthesize event
    t =    53.28s     Wait for com.mdd.kanpan to idle
    t =    54.68s Find the "chart.canvas" Other
    t =    54.68s     Requesting snapshot of accessibility hierarchy for app with pid 1887
    t =    54.73s     Find: Descendants matching type Other
    t =    54.73s     Find: Elements matching predicate '"chart.canvas" IN identifiers'
    t =    54.75s Find the "chart.canvas" Other
    t =    54.75s     Requesting snapshot of accessibility hierarchy for app with pid 1887
    t =    54.79s     Find: Descendants matching type Other
    t =    54.79s     Find: Elements matching predicate '"chart.canvas" IN identifiers'
    t =    54.80s Find the "chart.canvas" Other
    t =    54.81s     Requesting snapshot of accessibility hierarchy for app with pid 1887
    t =    54.85s     Find: Descendants matching type Other
    t =    54.85s     Find: Elements matching predicate '"chart.canvas" IN identifiers'
    t =    54.86s Find the "chart.canvas" Other
    t =    54.87s     Requesting snapshot of accessibility hierarchy for app with pid 1887
    t =    54.91s     Find: Descendants matching type Other
    t =    54.91s     Find: Elements matching predicate '"chart.canvas" IN identifiers'
    t =    54.92s Find the "chart.canvas" Other
    t =    54.92s     Requesting snapshot of accessibility hierarchy for app with pid 1887
    t =    54.97s     Find: Descendants matching type Other
    t =    54.97s     Find: Elements matching predicate '"chart.canvas" IN identifiers'
    t =    54.99s Find the "chart.canvas" Other
    t =    54.99s     Requesting snapshot of accessibility hierarchy for app with pid 1887
    t =    55.03s     Find: Descendants matching type Other
    t =    55.03s     Find: Elements matching predicate '"chart.canvas" IN identifiers'
    t =    55.04s Find the "chart.canvas" Other
    t =    55.05s     Requesting snapshot of accessibility hierarchy for app with pid 1887
    t =    55.09s     Find: Descendants matching type Other
    t =    55.09s     Find: Elements matching predicate '"chart.canvas" IN identifiers'
    t =    55.10s Tap "bottom.style" Button
    t =    55.10s     Wait for com.mdd.kanpan to idle
    t =    55.11s     Find the "bottom.style" Button
    t =    55.11s         Requesting snapshot of accessibility hierarchy for app with pid 1887
    t =    55.15s         Find: Descendants matching type Button
    t =    55.15s         Find: Elements matching predicate '"bottom.style" IN identifiers'
    t =    55.16s     Check for interrupting elements affecting "bottom.style" Button
    t =    55.18s         Requesting snapshot of accessibility hierarchy for app with pid 1887
    t =    55.21s         Find: Descendants matching predicate identifier == "NotificationShortLookView" OR elementType == 7
    t =    55.21s     Synthesize event
    t =    55.52s     Wait for com.mdd.kanpan to idle
    t =    55.88s Checking existence of `"style.card.bone" Button`
    t =    55.88s     Requesting snapshot of accessibility hierarchy for app with pid 1887
    t =    55.97s     Find: Descendants matching type Button
    t =    55.98s     Find: Elements matching predicate '"style.card.bone" IN identifiers'
    t =    55.98s Find the "style.card.bone" Button
    t =    55.98s     Requesting snapshot of accessibility hierarchy for app with pid 1887
    t =    56.04s     Find: Descendants matching type Button
    t =    56.04s     Find: Elements matching predicate '"style.card.bone" IN identifiers'
    t =    56.06s Swipe up "panel.content" ScrollView
    t =    56.06s     Wait for com.mdd.kanpan to idle
    t =    56.06s     Find the "panel.content" ScrollView
    t =    56.07s         Requesting snapshot of accessibility hierarchy for app with pid 1887
    t =    56.12s         Find: Descendants matching type ScrollView
    t =    56.12s         Find: Elements matching predicate '"panel.content" IN identifiers'
    t =    56.13s     Check for interrupting elements affecting "panel.content" ScrollView
    t =    56.14s         Requesting snapshot of accessibility hierarchy for app with pid 1887
    t =    56.18s         Find: Descendants matching predicate identifier == "NotificationShortLookView" OR elementType == 7
    t =    56.19s     Synthesize event
    t =    56.64s     Wait for com.mdd.kanpan to idle
    t =    57.29s Checking existence of `"style.card.bone" Button`
    t =    57.30s     Requesting snapshot of accessibility hierarchy for app with pid 1887
    t =    57.42s     Find: Descendants matching type Button
    t =    57.42s     Find: Elements matching predicate '"style.card.bone" IN identifiers'
    t =    57.43s Find the "style.card.bone" Button
    t =    57.43s     Requesting snapshot of accessibility hierarchy for app with pid 1887
    t =    57.48s     Find: Descendants matching type Button
    t =    57.48s     Find: Elements matching predicate '"style.card.bone" IN identifiers'
    t =    57.50s Find the "panel.content" ScrollView
    t =    57.50s     Requesting snapshot of accessibility hierarchy for app with pid 1887
    t =    57.56s     Find: Descendants matching type ScrollView
    t =    57.56s     Find: Elements matching predicate '"panel.content" IN identifiers'
    t =    57.57s Find the "style.card.bone" Button
    t =    57.57s     Requesting snapshot of accessibility hierarchy for app with pid 1887
    t =    57.62s     Find: Descendants matching type Button
    t =    57.62s     Find: Elements matching predicate '"style.card.bone" IN identifiers'
    t =    57.63s Swipe up "panel.content" ScrollView
    t =    57.63s     Wait for com.mdd.kanpan to idle
    t =    57.65s     Find the "panel.content" ScrollView
    t =    57.66s         Requesting snapshot of accessibility hierarchy for app with pid 1887
    t =    57.71s         Find: Descendants matching type ScrollView
    t =    57.71s         Find: Elements matching predicate '"panel.content" IN identifiers'
    t =    57.71s     Check for interrupting elements affecting "panel.content" ScrollView
    t =    57.72s         Requesting snapshot of accessibility hierarchy for app with pid 1887
    t =    57.77s         Find: Descendants matching predicate identifier == "NotificationShortLookView" OR elementType == 7
    t =    57.77s     Synthesize event
    t =    58.21s     Wait for com.mdd.kanpan to idle
    t =    58.76s Checking existence of `"style.card.bone" Button`
    t =    58.77s     Requesting snapshot of accessibility hierarchy for app with pid 1887
    t =    58.86s     Find: Descendants matching type Button
    t =    58.86s     Find: Elements matching predicate '"style.card.bone" IN identifiers'
    t =    58.87s Find the "style.card.bone" Button
    t =    58.87s     Requesting snapshot of accessibility hierarchy for app with pid 1887
    t =    58.95s     Find: Descendants matching type Button
    t =    58.95s     Find: Elements matching predicate '"style.card.bone" IN identifiers'
    t =    58.98s Find the "panel.content" ScrollView
    t =    58.98s     Requesting snapshot of accessibility hierarchy for app with pid 1887
    t =    59.05s     Find: Descendants matching type ScrollView
    t =    59.05s     Find: Elements matching predicate '"panel.content" IN identifiers'
    t =    59.06s Find the "style.card.bone" Button
    t =    59.06s     Requesting snapshot of accessibility hierarchy for app with pid 1887
    t =    59.12s     Find: Descendants matching type Button
    t =    59.12s     Find: Elements matching predicate '"style.card.bone" IN identifiers'
    t =    59.13s Waiting 8.0s for "style.card.bone" Button to exist
    t =    60.15s     Checking `Expect predicate `existsNoRetry == 1` for object "style.card.bone" Button`
    t =    60.15s         Checking existence of `"style.card.bone" Button`
    t =    60.16s             Requesting snapshot of accessibility hierarchy for app with pid 1887
    t =    60.23s             Find: Descendants matching type Button
    t =    60.23s             Find: Elements matching predicate '"style.card.bone" IN identifiers'
    t =    60.24s Tap "style.card.bone" Button
    t =    60.24s     Wait for com.mdd.kanpan to idle
    t =    60.24s     Find the "style.card.bone" Button
    t =    60.25s         Requesting snapshot of accessibility hierarchy for app with pid 1887
    t =    60.31s         Find: Descendants matching type Button
    t =    60.31s         Find: Elements matching predicate '"style.card.bone" IN identifiers'
    t =    60.32s     Check for interrupting elements affecting "style.card.bone" Button
    t =    60.33s         Requesting snapshot of accessibility hierarchy for app with pid 1887
    t =    60.38s         Find: Descendants matching predicate identifier == "NotificationShortLookView" OR elementType == 7
    t =    60.39s     Synthesize event
    t =    60.68s     Wait for com.mdd.kanpan to idle
    t =    62.08s Find the "chart.canvas" Other
    t =    62.09s     Requesting snapshot of accessibility hierarchy for app with pid 1887
    t =    62.14s     Find: Descendants matching type Other
    t =    62.14s     Find: Elements matching predicate '"chart.canvas" IN identifiers'
    t =    62.15s Find the "chart.canvas" Other
    t =    62.16s     Requesting snapshot of accessibility hierarchy for app with pid 1887
    t =    62.20s     Find: Descendants matching type Other
    t =    62.20s     Find: Elements matching predicate '"chart.canvas" IN identifiers'
    t =    62.21s Find the "chart.canvas" Other
    t =    62.22s     Requesting snapshot of accessibility hierarchy for app with pid 1887
    t =    62.26s     Find: Descendants matching type Other
    t =    62.26s     Find: Elements matching predicate '"chart.canvas" IN identifiers'
    t =    62.27s Find the "chart.canvas" Other
    t =    62.28s     Requesting snapshot of accessibility hierarchy for app with pid 1887
    t =    62.31s     Find: Descendants matching type Other
    t =    62.32s     Find: Elements matching predicate '"chart.canvas" IN identifiers'
    t =    62.34s Find the "chart.canvas" Other
    t =    62.35s     Requesting snapshot of accessibility hierarchy for app with pid 1887
    t =    62.39s     Find: Descendants matching type Other
    t =    62.39s     Find: Elements matching predicate '"chart.canvas" IN identifiers'
    t =    62.40s Find the "chart.canvas" Other
    t =    62.40s     Requesting snapshot of accessibility hierarchy for app with pid 1887
    t =    62.43s     Find: Descendants matching type Other
    t =    62.43s     Find: Elements matching predicate '"chart.canvas" IN identifiers'
    t =    62.44s Find the "chart.canvas" Other
    t =    62.45s     Requesting snapshot of accessibility hierarchy for app with pid 1887
    t =    62.47s     Find: Descendants matching type Other
    t =    62.47s     Find: Elements matching predicate '"chart.canvas" IN identifiers'
    t =    62.49s Tap "bottom.style" Button
    t =    62.49s     Wait for com.mdd.kanpan to idle
    t =    62.49s     Find the "bottom.style" Button
    t =    62.49s         Requesting snapshot of accessibility hierarchy for app with pid 1887
    t =    62.52s         Find: Descendants matching type Button
    t =    62.52s         Find: Elements matching predicate '"bottom.style" IN identifiers'
    t =    62.53s     Check for interrupting elements affecting "bottom.style" Button
    t =    62.54s         Requesting snapshot of accessibility hierarchy for app with pid 1887
    t =    62.57s         Find: Descendants matching predicate identifier == "NotificationShortLookView" OR elementType == 7
    t =    62.58s     Synthesize event
    t =    62.87s     Wait for com.mdd.kanpan to idle
    t =    63.28s Checking existence of `"style.card.dense" Button`
    t =    63.29s     Requesting snapshot of accessibility hierarchy for app with pid 1887
    t =    63.37s     Find: Descendants matching type Button
    t =    63.37s     Find: Elements matching predicate '"style.card.dense" IN identifiers'
    t =    63.37s Find the "style.card.dense" Button
    t =    63.38s     Requesting snapshot of accessibility hierarchy for app with pid 1887
    t =    63.43s     Find: Descendants matching type Button
    t =    63.43s     Find: Elements matching predicate '"style.card.dense" IN identifiers'
    t =    63.45s Swipe up "panel.content" ScrollView
    t =    63.45s     Wait for com.mdd.kanpan to idle
    t =    63.45s     Find the "panel.content" ScrollView
    t =    63.45s         Requesting snapshot of accessibility hierarchy for app with pid 1887
    t =    63.50s         Find: Descendants matching type ScrollView
    t =    63.51s         Find: Elements matching predicate '"panel.content" IN identifiers'
    t =    63.51s     Check for interrupting elements affecting "panel.content" ScrollView
    t =    63.52s         Requesting snapshot of accessibility hierarchy for app with pid 1887
    t =    63.57s         Find: Descendants matching predicate identifier == "NotificationShortLookView" OR elementType == 7
    t =    63.57s     Synthesize event
    t =    64.02s     Wait for com.mdd.kanpan to idle
    t =    64.68s Checking existence of `"style.card.dense" Button`
    t =    64.68s     Requesting snapshot of accessibility hierarchy for app with pid 1887
    t =    64.79s     Find: Descendants matching type Button
    t =    64.80s     Find: Elements matching predicate '"style.card.dense" IN identifiers'
    t =    64.80s Find the "style.card.dense" Button
    t =    64.80s     Requesting snapshot of accessibility hierarchy for app with pid 1887
    t =    64.86s     Find: Descendants matching type Button
    t =    64.86s     Find: Elements matching predicate '"style.card.dense" IN identifiers'
    t =    64.88s Find the "panel.content" ScrollView
    t =    64.88s     Requesting snapshot of accessibility hierarchy for app with pid 1887
    t =    64.93s     Find: Descendants matching type ScrollView
    t =    64.94s     Find: Elements matching predicate '"panel.content" IN identifiers'
    t =    64.95s Find the "style.card.dense" Button
    t =    64.95s     Requesting snapshot of accessibility hierarchy for app with pid 1887
    t =    65.00s     Find: Descendants matching type Button
    t =    65.01s     Find: Elements matching predicate '"style.card.dense" IN identifiers'
    t =    65.01s Swipe up "panel.content" ScrollView
    t =    65.01s     Wait for com.mdd.kanpan to idle
    t =    65.02s     Find the "panel.content" ScrollView
    t =    65.02s         Requesting snapshot of accessibility hierarchy for app with pid 1887
    t =    65.06s         Find: Descendants matching type ScrollView
    t =    65.07s         Find: Elements matching predicate '"panel.content" IN identifiers'
    t =    65.07s     Check for interrupting elements affecting "panel.content" ScrollView
    t =    65.08s         Requesting snapshot of accessibility hierarchy for app with pid 1887
    t =    65.12s         Find: Descendants matching predicate identifier == "NotificationShortLookView" OR elementType == 7
    t =    65.13s     Synthesize event
    t =    65.58s     Wait for com.mdd.kanpan to idle
    t =    66.11s Checking existence of `"style.card.dense" Button`
    t =    66.12s     Requesting snapshot of accessibility hierarchy for app with pid 1887
    t =    66.21s     Find: Descendants matching type Button
    t =    66.21s     Find: Elements matching predicate '"style.card.dense" IN identifiers'
    t =    66.22s Find the "style.card.dense" Button
    t =    66.22s     Requesting snapshot of accessibility hierarchy for app with pid 1887
    t =    66.30s     Find: Descendants matching type Button
    t =    66.30s     Find: Elements matching predicate '"style.card.dense" IN identifiers'
    t =    66.37s Find the "panel.content" ScrollView
    t =    66.37s     Requesting snapshot of accessibility hierarchy for app with pid 1887
    t =    66.43s     Find: Descendants matching type ScrollView
    t =    66.43s     Find: Elements matching predicate '"panel.content" IN identifiers'
    t =    66.44s Find the "style.card.dense" Button
    t =    66.44s     Requesting snapshot of accessibility hierarchy for app with pid 1887
    t =    66.50s     Find: Descendants matching type Button
    t =    66.50s     Find: Elements matching predicate '"style.card.dense" IN identifiers'
    t =    66.51s Waiting 8.0s for "style.card.dense" Button to exist
    t =    67.53s     Checking `Expect predicate `existsNoRetry == 1` for object "style.card.dense" Button`
    t =    67.53s         Checking existence of `"style.card.dense" Button`
    t =    67.54s             Requesting snapshot of accessibility hierarchy for app with pid 1887
    t =    67.65s             Find: Descendants matching type Button
    t =    67.65s             Find: Elements matching predicate '"style.card.dense" IN identifiers'
    t =    67.66s Tap "style.card.dense" Button
    t =    67.66s     Wait for com.mdd.kanpan to idle
    t =    67.66s     Find the "style.card.dense" Button
    t =    67.66s         Requesting snapshot of accessibility hierarchy for app with pid 1887
    t =    67.71s         Find: Descendants matching type Button
    t =    67.72s         Find: Elements matching predicate '"style.card.dense" IN identifiers'
    t =    67.72s     Check for interrupting elements affecting "style.card.dense" Button
    t =    67.73s         Requesting snapshot of accessibility hierarchy for app with pid 1887
    t =    67.78s         Find: Descendants matching predicate identifier == "NotificationShortLookView" OR elementType == 7
    t =    67.78s     Synthesize event
    t =    68.08s     Wait for com.mdd.kanpan to idle
    t =    69.48s Find the "chart.canvas" Other
    t =    69.49s     Requesting snapshot of accessibility hierarchy for app with pid 1887
    t =    69.56s     Find: Descendants matching type Other
    t =    69.57s     Find: Elements matching predicate '"chart.canvas" IN identifiers'
    t =    69.58s Find the "chart.canvas" Other
    t =    69.58s     Requesting snapshot of accessibility hierarchy for app with pid 1887
    t =    69.61s     Find: Descendants matching type Other
    t =    69.61s     Find: Elements matching predicate '"chart.canvas" IN identifiers'
    t =    69.62s Find the "chart.canvas" Other
    t =    69.62s     Requesting snapshot of accessibility hierarchy for app with pid 1887
    t =    69.65s     Find: Descendants matching type Other
    t =    69.65s     Find: Elements matching predicate '"chart.canvas" IN identifiers'
    t =    69.66s Find the "chart.canvas" Other
    t =    69.66s     Requesting snapshot of accessibility hierarchy for app with pid 1887
    t =    69.69s     Find: Descendants matching type Other
    t =    69.69s     Find: Elements matching predicate '"chart.canvas" IN identifiers'
    t =    69.70s Find the "chart.canvas" Other
    t =    69.71s     Requesting snapshot of accessibility hierarchy for app with pid 1887
    t =    69.73s     Find: Descendants matching type Other
    t =    69.74s     Find: Elements matching predicate '"chart.canvas" IN identifiers'
    t =    69.74s Find the "chart.canvas" Other
    t =    69.75s     Requesting snapshot of accessibility hierarchy for app with pid 1887
    t =    69.78s     Find: Descendants matching type Other
    t =    69.78s     Find: Elements matching predicate '"chart.canvas" IN identifiers'
    t =    69.79s Find the "chart.canvas" Other
    t =    69.79s     Requesting snapshot of accessibility hierarchy for app with pid 1887
    t =    69.83s     Find: Descendants matching type Other
    t =    69.83s     Find: Elements matching predicate '"chart.canvas" IN identifiers'
    t =    69.94s Added attachment named '02-原有风格-尺寸保持'
    t =    69.95s Tap "bottom.style" Button
    t =    69.95s     Wait for com.mdd.kanpan to idle
    t =    69.95s     Find the "bottom.style" Button
    t =    69.95s         Requesting snapshot of accessibility hierarchy for app with pid 1887
    t =    69.98s         Find: Descendants matching type Button
    t =    69.98s         Find: Elements matching predicate '"bottom.style" IN identifiers'
    t =    69.98s     Check for interrupting elements affecting "bottom.style" Button
    t =    69.98s         Requesting snapshot of accessibility hierarchy for app with pid 1887
    t =    70.01s         Find: Descendants matching predicate identifier == "NotificationShortLookView" OR elementType == 7
    t =    70.01s     Synthesize event
    t =    70.29s     Wait for com.mdd.kanpan to idle
    t =    70.68s Tap "style.card.aicoin" Button
    t =    70.68s     Wait for com.mdd.kanpan to idle
    t =    70.69s     Find the "style.card.aicoin" Button
    t =    70.70s         Requesting snapshot of accessibility hierarchy for app with pid 1887
    t =    70.76s         Find: Descendants matching type Button
    t =    70.77s         Find: Elements matching predicate '"style.card.aicoin" IN identifiers'
    t =    70.77s     Check for interrupting elements affecting "style.card.aicoin" Button
    t =    70.78s         Requesting snapshot of accessibility hierarchy for app with pid 1887
    t =    70.83s         Find: Descendants matching predicate identifier == "NotificationShortLookView" OR elementType == 7
    t =    70.83s     Synthesize event
    t =    71.13s     Wait for com.mdd.kanpan to idle
    t =    72.50s Find the "chart.canvas" Other
    t =    72.51s     Requesting snapshot of accessibility hierarchy for app with pid 1887
    t =    72.55s     Find: Descendants matching type Other
    t =    72.56s     Find: Elements matching predicate '"chart.canvas" IN identifiers'
    t =    72.58s Tap "chart.canvas" Other[0.35, 0.20]
    t =    72.58s     Wait for com.mdd.kanpan to idle
    t =    72.59s     Find the "chart.canvas" Other
    t =    72.60s         Requesting snapshot of accessibility hierarchy for app with pid 1887
    t =    72.63s         Find: Descendants matching type Other
    t =    72.64s         Find: Elements matching predicate '"chart.canvas" IN identifiers'
    t =    72.64s     Check for interrupting elements affecting "chart.canvas" Other
    t =    72.66s         Requesting snapshot of accessibility hierarchy for app with pid 1887
    t =    72.68s         Find: Descendants matching predicate identifier == "NotificationShortLookView" OR elementType == 7
    t =    72.68s     Synthesize event
    t =    72.69s         Find the "chart.canvas" Other
    t =    72.69s             Requesting snapshot of accessibility hierarchy for app with pid 1887
    t =    72.71s             Find: Descendants matching type Other
    t =    72.71s             Find: Elements matching predicate '"chart.canvas" IN identifiers'
    t =    72.73s         Find the "chart.canvas" Other
    t =    72.73s             Requesting snapshot of accessibility hierarchy for app with pid 1887
    t =    72.75s             Find: Descendants matching type Other
    t =    72.76s             Find: Elements matching predicate '"chart.canvas" IN identifiers'
    t =    72.77s         Find the "chart.canvas" Other
    t =    72.77s             Requesting snapshot of accessibility hierarchy for app with pid 1887
    t =    72.80s             Find: Descendants matching type Other
    t =    72.80s             Find: Elements matching predicate '"chart.canvas" IN identifiers'
    t =    73.10s     Wait for com.mdd.kanpan to idle
    t =    74.11s Find the "chart.canvas" Other
    t =    74.12s     Requesting snapshot of accessibility hierarchy for app with pid 1887
    t =    74.15s     Find: Descendants matching type Other
    t =    74.15s     Find: Elements matching predicate '"chart.canvas" IN identifiers'
    t =    74.26s Added attachment named '03-单击十字线'
    t =    74.26s Tap "chart.canvas" Other[0.35, 0.20]
    t =    74.26s     Wait for com.mdd.kanpan to idle
    t =    74.26s     Find the "chart.canvas" Other
    t =    74.27s         Requesting snapshot of accessibility hierarchy for app with pid 1887
    t =    74.31s         Find: Descendants matching type Other
    t =    74.31s         Find: Elements matching predicate '"chart.canvas" IN identifiers'
    t =    74.31s     Check for interrupting elements affecting "chart.canvas" Other
    t =    74.31s         Requesting snapshot of accessibility hierarchy for app with pid 1887
    t =    74.34s         Find: Descendants matching predicate identifier == "NotificationShortLookView" OR elementType == 7
    t =    74.34s     Synthesize event
    t =    74.34s         Find the "chart.canvas" Other
    t =    74.34s             Requesting snapshot of accessibility hierarchy for app with pid 1887
    t =    74.37s             Find: Descendants matching type Other
    t =    74.37s             Find: Elements matching predicate '"chart.canvas" IN identifiers'
    t =    74.38s         Find the "chart.canvas" Other
    t =    74.38s             Requesting snapshot of accessibility hierarchy for app with pid 1887
    t =    74.41s             Find: Descendants matching type Other
    t =    74.41s             Find: Elements matching predicate '"chart.canvas" IN identifiers'
    t =    74.42s         Find the "chart.canvas" Other
    t =    74.42s             Requesting snapshot of accessibility hierarchy for app with pid 1887
    t =    74.45s             Find: Descendants matching type Other
    t =    74.45s             Find: Elements matching predicate '"chart.canvas" IN identifiers'
    t =    74.74s     Wait for com.mdd.kanpan to idle
    t =    75.75s Find the "chart.canvas" Other
    t =    75.76s     Requesting snapshot of accessibility hierarchy for app with pid 1887
    t =    75.80s     Find: Descendants matching type Other
    t =    75.80s     Find: Elements matching predicate '"chart.canvas" IN identifiers'
    t =    75.82s Tap "chart.canvas" Other[0.98, 0.20]
    t =    75.82s     Wait for com.mdd.kanpan to idle
    t =    75.82s     Find the "chart.canvas" Other
    t =    75.83s         Requesting snapshot of accessibility hierarchy for app with pid 1887
    t =    75.86s         Find: Descendants matching type Other
    t =    75.87s         Find: Elements matching predicate '"chart.canvas" IN identifiers'
    t =    75.87s     Check for interrupting elements affecting "chart.canvas" Other
    t =    75.89s         Requesting snapshot of accessibility hierarchy for app with pid 1887
    t =    75.92s         Find: Descendants matching predicate identifier == "NotificationShortLookView" OR elementType == 7
    t =    75.93s     Synthesize event
    t =    75.93s         Find the "chart.canvas" Other
    t =    75.93s             Requesting snapshot of accessibility hierarchy for app with pid 1887
    t =    75.99s             Find: Descendants matching type Other
    t =    75.99s             Find: Elements matching predicate '"chart.canvas" IN identifiers'
    t =    76.01s         Find the "chart.canvas" Other
    t =    76.02s             Requesting snapshot of accessibility hierarchy for app with pid 1887
    t =    76.06s             Find: Descendants matching type Other
    t =    76.07s             Find: Elements matching predicate '"chart.canvas" IN identifiers'
    t =    76.08s         Find the "chart.canvas" Other
    t =    76.08s             Requesting snapshot of accessibility hierarchy for app with pid 1887
    t =    76.11s             Find: Descendants matching type Other
    t =    76.11s             Find: Elements matching predicate '"chart.canvas" IN identifiers'
    t =    76.40s     Wait for com.mdd.kanpan to idle
    t =    77.42s Find the "chart.canvas" Other
    t =    77.43s     Requesting snapshot of accessibility hierarchy for app with pid 1887
    t =    77.46s     Find: Descendants matching type Other
    t =    77.46s     Find: Elements matching predicate '"chart.canvas" IN identifiers'
    t =    77.47s Tap "chart.canvas" Other[0.98, 0.20]
    t =    77.47s     Wait for com.mdd.kanpan to idle
    t =    77.48s     Find the "chart.canvas" Other
    t =    77.48s         Requesting snapshot of accessibility hierarchy for app with pid 1887
    t =    77.51s         Find: Descendants matching type Other
    t =    77.51s         Find: Elements matching predicate '"chart.canvas" IN identifiers'
    t =    77.52s     Check for interrupting elements affecting "chart.canvas" Other
    t =    77.53s         Requesting snapshot of accessibility hierarchy for app with pid 1887
    t =    77.56s         Find: Descendants matching predicate identifier == "NotificationShortLookView" OR elementType == 7
    t =    77.57s     Synthesize event
    t =    77.57s         Find the "chart.canvas" Other
    t =    77.58s             Requesting snapshot of accessibility hierarchy for app with pid 1887
    t =    77.65s             Find: Descendants matching type Other
    t =    77.65s             Find: Elements matching predicate '"chart.canvas" IN identifiers'
    t =    77.67s         Find the "chart.canvas" Other
    t =    77.67s             Requesting snapshot of accessibility hierarchy for app with pid 1887
    t =    77.69s             Find: Descendants matching type Other
    t =    77.70s             Find: Elements matching predicate '"chart.canvas" IN identifiers'
    t =    77.71s         Find the "chart.canvas" Other
    t =    77.71s             Requesting snapshot of accessibility hierarchy for app with pid 1887
    t =    77.73s             Find: Descendants matching type Other
    t =    77.73s             Find: Elements matching predicate '"chart.canvas" IN identifiers'
    t =    78.03s     Wait for com.mdd.kanpan to idle
    t =    79.07s Find the "chart.canvas" Other
    t =    79.07s     Requesting snapshot of accessibility hierarchy for app with pid 1887
    t =    79.13s     Find: Descendants matching type Other
    t =    79.14s     Find: Elements matching predicate '"chart.canvas" IN identifiers'
    t =    79.15s Press "chart.canvas" Other[0.98, 0.20] for 0.1 seconds, then drag to "chart.canvas" Other[0.98, 0.32] with velocity of 500.00 pixels per second, and then hold for 0.0 seconds 
    t =    79.15s     Wait for com.mdd.kanpan to idle
    t =    79.15s     Find the "chart.canvas" Other
    t =    79.16s         Requesting snapshot of accessibility hierarchy for app with pid 1887
    t =    79.18s         Find: Descendants matching type Other
    t =    79.18s         Find: Elements matching predicate '"chart.canvas" IN identifiers'
    t =    79.19s     Check for interrupting elements affecting "chart.canvas" Other
    t =    79.20s         Requesting snapshot of accessibility hierarchy for app with pid 1887
    t =    79.22s         Find: Descendants matching predicate identifier == "NotificationShortLookView" OR elementType == 7
    t =    79.23s     Synthesize event
    t =    79.23s         Find the "chart.canvas" Other
    t =    79.23s             Requesting snapshot of accessibility hierarchy for app with pid 1887
    t =    79.26s             Find: Descendants matching type Other
    t =    79.26s             Find: Elements matching predicate '"chart.canvas" IN identifiers'
    t =    79.27s         Find the "chart.canvas" Other
    t =    79.27s             Requesting snapshot of accessibility hierarchy for app with pid 1887
    t =    79.30s             Find: Descendants matching type Other
    t =    79.30s             Find: Elements matching predicate '"chart.canvas" IN identifiers'
    t =    79.31s         Find the "chart.canvas" Other
    t =    79.31s             Requesting snapshot of accessibility hierarchy for app with pid 1887
    t =    79.34s             Find: Descendants matching type Other
    t =    79.34s             Find: Elements matching predicate '"chart.canvas" IN identifiers'
    t =    79.36s         Find the "chart.canvas" Other
    t =    79.36s             Requesting snapshot of accessibility hierarchy for app with pid 1887
    t =    79.39s             Find: Descendants matching type Other
    t =    79.39s             Find: Elements matching predicate '"chart.canvas" IN identifiers'
    t =    79.40s         Find the "chart.canvas" Other
    t =    79.41s             Requesting snapshot of accessibility hierarchy for app with pid 1887
    t =    79.46s             Find: Descendants matching type Other
    t =    79.46s             Find: Elements matching predicate '"chart.canvas" IN identifiers'
    t =    79.91s     Wait for com.mdd.kanpan to idle
    t =    80.92s Find the "chart.canvas" Other
    t =    80.93s     Requesting snapshot of accessibility hierarchy for app with pid 1887
    t =    80.99s     Find: Descendants matching type Other
    t =    80.99s     Find: Elements matching predicate '"chart.canvas" IN identifiers'
    t =    81.02s Find the "chart.canvas" Other
    t =    81.02s     Requesting snapshot of accessibility hierarchy for app with pid 1887
    t =    81.05s     Find: Descendants matching type Other
    t =    81.05s     Find: Elements matching predicate '"chart.canvas" IN identifiers'
    t =    81.06s Find the "chart.canvas" Other
    t =    81.06s     Requesting snapshot of accessibility hierarchy for app with pid 1887
    t =    81.08s     Find: Descendants matching type Other
    t =    81.09s     Find: Elements matching predicate '"chart.canvas" IN identifiers'
    t =    81.09s Find the "chart.canvas" Other
    t =    81.10s     Requesting snapshot of accessibility hierarchy for app with pid 1887
    t =    81.12s     Find: Descendants matching type Other
    t =    81.12s     Find: Elements matching predicate '"chart.canvas" IN identifiers'
    t =    81.13s Find the "chart.canvas" Other
    t =    81.13s     Requesting snapshot of accessibility hierarchy for app with pid 1887
    t =    81.16s     Find: Descendants matching type Other
    t =    81.16s     Find: Elements matching predicate '"chart.canvas" IN identifiers'
    t =    81.17s Find the "chart.canvas" Other
    t =    81.17s     Requesting snapshot of accessibility hierarchy for app with pid 1887
    t =    81.20s     Find: Descendants matching type Other
    t =    81.20s     Find: Elements matching predicate '"chart.canvas" IN identifiers'
    t =    81.21s Tap "chart.canvas" Other[0.93, 0.43]
    t =    81.21s     Wait for com.mdd.kanpan to idle
    t =    81.21s     Find the "chart.canvas" Other
    t =    81.21s         Requesting snapshot of accessibility hierarchy for app with pid 1887
    t =    81.24s         Find: Descendants matching type Other
    t =    81.24s         Find: Elements matching predicate '"chart.canvas" IN identifiers'
    t =    81.25s     Check for interrupting elements affecting "chart.canvas" Other
    t =    81.26s         Requesting snapshot of accessibility hierarchy for app with pid 1887
    t =    81.29s         Find: Descendants matching predicate identifier == "NotificationShortLookView" OR elementType == 7
    t =    81.29s     Synthesize event
    t =    81.29s         Find the "chart.canvas" Other
    t =    81.30s             Requesting snapshot of accessibility hierarchy for app with pid 1887
    t =    81.33s             Find: Descendants matching type Other
    t =    81.33s             Find: Elements matching predicate '"chart.canvas" IN identifiers'
    t =    81.35s         Find the "chart.canvas" Other
    t =    81.35s             Requesting snapshot of accessibility hierarchy for app with pid 1887
    t =    81.39s             Find: Descendants matching type Other
    t =    81.39s             Find: Elements matching predicate '"chart.canvas" IN identifiers'
    t =    81.40s         Find the "chart.canvas" Other
    t =    81.41s             Requesting snapshot of accessibility hierarchy for app with pid 1887
    t =    81.44s             Find: Descendants matching type Other
    t =    81.45s             Find: Elements matching predicate '"chart.canvas" IN identifiers'
    t =    81.77s     Wait for com.mdd.kanpan to idle
    t =    82.81s Find the "chart.canvas" Other
    t =    82.82s     Requesting snapshot of accessibility hierarchy for app with pid 1887
    t =    82.86s     Find: Descendants matching type Other
    t =    82.87s     Find: Elements matching predicate '"chart.canvas" IN identifiers'
    t =    82.88s Find the "chart.canvas" Other
    t =    82.88s     Requesting snapshot of accessibility hierarchy for app with pid 1887
    t =    82.93s     Find: Descendants matching type Other
    t =    82.94s     Find: Elements matching predicate '"chart.canvas" IN identifiers'
    t =    82.95s Pinch with scale 2, velocity 1 in "chart.canvas" Other
    t =    82.95s     Wait for com.mdd.kanpan to idle
    t =    82.96s     Find the "chart.canvas" Other
    t =    82.96s         Requesting snapshot of accessibility hierarchy for app with pid 1887
    t =    82.98s         Find: Descendants matching type Other
    t =    82.98s         Find: Elements matching predicate '"chart.canvas" IN identifiers'
    t =    82.99s     Check for interrupting elements affecting "chart.canvas" Other
    t =    83.00s         Requesting snapshot of accessibility hierarchy for app with pid 1887
    t =    83.02s         Find: Descendants matching predicate identifier == "NotificationShortLookView" OR elementType == 7
    t =    83.02s     Synthesize event
    t =    83.05s         Pinching with rect {{50, 189.33333333333334}, {302, 603.33333333333314}}
    t =    85.39s     Wait for com.mdd.kanpan to idle
    t =    86.42s Find the "chart.canvas" Other
    t =    86.43s     Requesting snapshot of accessibility hierarchy for app with pid 1887
    t =    86.47s     Find: Descendants matching type Other
    t =    86.48s     Find: Elements matching predicate '"chart.canvas" IN identifiers'
    t =    86.58s Added attachment named '04-真机双指缩放'
    t =    86.58s Press "chart.canvas" Other[0.35, 0.20] for 0.6 seconds
    t =    86.58s     Wait for com.mdd.kanpan to idle
    t =    86.58s     Find the "chart.canvas" Other
    t =    86.58s         Requesting snapshot of accessibility hierarchy for app with pid 1887
    t =    86.62s         Find: Descendants matching type Other
    t =    86.62s         Find: Elements matching predicate '"chart.canvas" IN identifiers'
    t =    86.62s     Check for interrupting elements affecting "chart.canvas" Other
    t =    86.63s         Requesting snapshot of accessibility hierarchy for app with pid 1887
    t =    86.66s         Find: Descendants matching predicate identifier == "NotificationShortLookView" OR elementType == 7
    t =    86.66s     Synthesize event
    t =    86.66s         Find the "chart.canvas" Other
    t =    86.66s             Requesting snapshot of accessibility hierarchy for app with pid 1887
    t =    86.69s             Find: Descendants matching type Other
    t =    86.69s             Find: Elements matching predicate '"chart.canvas" IN identifiers'
    t =    86.69s         Find the "chart.canvas" Other
    t =    86.70s             Requesting snapshot of accessibility hierarchy for app with pid 1887
    t =    86.71s             Find: Descendants matching type Other
    t =    86.72s             Find: Elements matching predicate '"chart.canvas" IN identifiers'
    t =    86.72s         Find the "chart.canvas" Other
    t =    86.72s             Requesting snapshot of accessibility hierarchy for app with pid 1887
    t =    86.74s             Find: Descendants matching type Other
    t =    86.74s             Find: Elements matching predicate '"chart.canvas" IN identifiers'
    t =    87.56s     Wait for com.mdd.kanpan to idle
    t =    88.58s Find the "chart.canvas" Other
    t =    88.59s     Requesting snapshot of accessibility hierarchy for app with pid 1887
    t =    88.64s     Find: Descendants matching type Other
    t =    88.65s     Find: Elements matching predicate '"chart.canvas" IN identifiers'
    t =    88.66s Tap "chart.canvas" Other[0.35, 0.20]
    t =    88.66s     Wait for com.mdd.kanpan to idle
    t =    88.67s     Find the "chart.canvas" Other
    t =    88.67s         Requesting snapshot of accessibility hierarchy for app with pid 1887
    t =    88.72s         Find: Descendants matching type Other
    t =    88.72s         Find: Elements matching predicate '"chart.canvas" IN identifiers'
    t =    88.72s     Check for interrupting elements affecting "chart.canvas" Other
    t =    88.74s         Requesting snapshot of accessibility hierarchy for app with pid 1887
    t =    88.78s         Find: Descendants matching predicate identifier == "NotificationShortLookView" OR elementType == 7
    t =    88.78s     Synthesize event
    t =    88.79s         Find the "chart.canvas" Other
    t =    88.79s             Requesting snapshot of accessibility hierarchy for app with pid 1887
    t =    88.83s             Find: Descendants matching type Other
    t =    88.84s             Find: Elements matching predicate '"chart.canvas" IN identifiers'
    t =    88.86s         Find the "chart.canvas" Other
    t =    88.87s             Requesting snapshot of accessibility hierarchy for app with pid 1887
    t =    88.91s             Find: Descendants matching type Other
    t =    88.91s             Find: Elements matching predicate '"chart.canvas" IN identifiers'
    t =    88.92s         Find the "chart.canvas" Other
    t =    88.93s             Requesting snapshot of accessibility hierarchy for app with pid 1887
    t =    88.95s             Find: Descendants matching type Other
    t =    88.95s             Find: Elements matching predicate '"chart.canvas" IN identifiers'
    t =    89.25s     Wait for com.mdd.kanpan to idle
    t =    90.27s Find the "chart.canvas" Other
    t =    90.28s     Requesting snapshot of accessibility hierarchy for app with pid 1887
    t =    90.32s     Find: Descendants matching type Other
    t =    90.32s     Find: Elements matching predicate '"chart.canvas" IN identifiers'
    t =    90.43s Added attachment named '05-持仓量与三副图'
    t =    90.43s Find the "chart.canvas" Other
    t =    90.43s     Requesting snapshot of accessibility hierarchy for app with pid 1887
    t =    90.46s     Find: Descendants matching type Other
    t =    90.47s     Find: Elements matching predicate '"chart.canvas" IN identifiers'
    t =    90.47s Tap "chart.canvas" Other[0.00, 0.00] -> (137.6, 456.7)
    t =    90.47s     Wait for com.mdd.kanpan to idle
    t =    90.47s     Find the "chart.canvas" Other
    t =    90.47s         Requesting snapshot of accessibility hierarchy for app with pid 1887
    t =    90.53s         Find: Descendants matching type Other
    t =    90.53s         Find: Elements matching predicate '"chart.canvas" IN identifiers'
    t =    90.53s     Check for interrupting elements affecting "chart.canvas" Other
    t =    90.54s         Requesting snapshot of accessibility hierarchy for app with pid 1887
    t =    90.55s         Find: Descendants matching predicate identifier == "NotificationShortLookView" OR elementType == 7
    t =    90.56s     Synthesize event
    t =    90.56s         Find the "chart.canvas" Other
    t =    90.56s             Requesting snapshot of accessibility hierarchy for app with pid 1887
    t =    90.58s             Find: Descendants matching type Other
    t =    90.58s             Find: Elements matching predicate '"chart.canvas" IN identifiers'
    t =    90.58s         Find the "chart.canvas" Other
    t =    90.58s             Requesting snapshot of accessibility hierarchy for app with pid 1887
    t =    90.60s             Find: Descendants matching type Other
    t =    90.60s             Find: Elements matching predicate '"chart.canvas" IN identifiers'
    t =    90.61s         Find the "chart.canvas" Other
    t =    90.61s             Requesting snapshot of accessibility hierarchy for app with pid 1887
    t =    90.63s             Find: Descendants matching type Other
    t =    90.63s             Find: Elements matching predicate '"chart.canvas" IN identifiers'
    t =    90.92s     Wait for com.mdd.kanpan to idle
    t =    91.93s Find the "chart.canvas" Other
    t =    91.94s     Requesting snapshot of accessibility hierarchy for app with pid 1887
    t =    91.99s     Find: Descendants matching type Other
    t =    91.99s     Find: Elements matching predicate '"chart.canvas" IN identifiers'
    t =    92.01s Find the "chart.canvas" Other
    t =    92.01s     Requesting snapshot of accessibility hierarchy for app with pid 1887
    t =    92.06s     Find: Descendants matching type Other
    t =    92.06s     Find: Elements matching predicate '"chart.canvas" IN identifiers'
    t =    92.17s Added attachment named '06-副图十字线'
    t =    92.17s Tap "chart.canvas" Other[0.35, 0.20]
    t =    92.17s     Wait for com.mdd.kanpan to idle
    t =    92.18s     Find the "chart.canvas" Other
    t =    92.18s         Requesting snapshot of accessibility hierarchy for app with pid 1887
    t =    92.20s         Find: Descendants matching type Other
    t =    92.20s         Find: Elements matching predicate '"chart.canvas" IN identifiers'
    t =    92.20s     Check for interrupting elements affecting "chart.canvas" Other
    t =    92.21s         Requesting snapshot of accessibility hierarchy for app with pid 1887
    t =    92.23s         Find: Descendants matching predicate identifier == "NotificationShortLookView" OR elementType == 7
    t =    92.23s     Synthesize event
    t =    92.23s         Find the "chart.canvas" Other
    t =    92.23s             Requesting snapshot of accessibility hierarchy for app with pid 1887
    t =    92.26s             Find: Descendants matching type Other
    t =    92.26s             Find: Elements matching predicate '"chart.canvas" IN identifiers'
    t =    92.26s         Find the "chart.canvas" Other
    t =    92.26s             Requesting snapshot of accessibility hierarchy for app with pid 1887
    t =    92.29s             Find: Descendants matching type Other
    t =    92.29s             Find: Elements matching predicate '"chart.canvas" IN identifiers'
    t =    92.30s         Find the "chart.canvas" Other
    t =    92.30s             Requesting snapshot of accessibility hierarchy for app with pid 1887
    t =    92.33s             Find: Descendants matching type Other
    t =    92.33s             Find: Elements matching predicate '"chart.canvas" IN identifiers'
    t =    92.61s     Wait for com.mdd.kanpan to idle
    t =    92.61s Find the "chart.canvas" Other
    t =    92.62s     Requesting snapshot of accessibility hierarchy for app with pid 1887
    t =    92.65s     Find: Descendants matching type Other
    t =    92.65s     Find: Elements matching predicate '"chart.canvas" IN identifiers'
    t =    92.66s Find the "chart.canvas" Other
    t =    92.67s     Requesting snapshot of accessibility hierarchy for app with pid 1887
    t =    92.70s     Find: Descendants matching type Other
    t =    92.70s     Find: Elements matching predicate '"chart.canvas" IN identifiers'
    t =    92.71s Find the "chart.canvas" Other
    t =    92.72s     Requesting snapshot of accessibility hierarchy for app with pid 1887
    t =    92.76s     Find: Descendants matching type Other
    t =    92.76s     Find: Elements matching predicate '"chart.canvas" IN identifiers'
    t =    92.77s Tap "bottom.landscape" Button
    t =    92.77s     Wait for com.mdd.kanpan to idle
    t =    92.78s     Find the "bottom.landscape" Button
    t =    92.78s         Requesting snapshot of accessibility hierarchy for app with pid 1887
    t =    92.82s         Find: Descendants matching type Button
    t =    92.82s         Find: Elements matching predicate '"bottom.landscape" IN identifiers'
    t =    92.83s     Check for interrupting elements affecting "bottom.landscape" Button
    t =    92.84s         Requesting snapshot of accessibility hierarchy for app with pid 1887
    t =    92.88s         Find: Descendants matching predicate identifier == "NotificationShortLookView" OR elementType == 7
    t =    92.89s     Synthesize event
    t =    93.13s         Interface orientation changed to Landscape Right
    t =    93.18s     Wait for com.mdd.kanpan to idle
    t =    94.46s Find the "chart.canvas" Other
    t =    94.47s     Requesting snapshot of accessibility hierarchy for app with pid 1887
    t =    94.51s     Find: Descendants matching type Other
    t =    94.51s     Find: Elements matching predicate '"chart.canvas" IN identifiers'
    t =    94.52s Find the "chart.canvas" Other
    t =    94.53s     Requesting snapshot of accessibility hierarchy for app with pid 1887
    t =    94.56s     Find: Descendants matching type Other
    t =    94.56s     Find: Elements matching predicate '"chart.canvas" IN identifiers'
    t =    94.67s Added attachment named '07-横屏共用底座'
    t =    94.67s Tap "land.exit" Button
    t =    94.67s     Wait for com.mdd.kanpan to idle
    t =    94.67s     Find the "land.exit" Button
    t =    94.67s         Requesting snapshot of accessibility hierarchy for app with pid 1887
    t =    94.69s         Find: Descendants matching type Button
    t =    94.70s         Find: Elements matching predicate '"land.exit" IN identifiers'
    t =    94.70s     Check for interrupting elements affecting "land.exit" Button
    t =    94.70s         Requesting snapshot of accessibility hierarchy for app with pid 1887
    t =    94.72s         Find: Descendants matching predicate identifier == "NotificationShortLookView" OR elementType == 7
    t =    94.72s     Synthesize event
    t =    94.94s         Interface orientation changed to Portrait
    t =    95.00s     Wait for com.mdd.kanpan to idle
    t =    95.22s Waiting 10.0s for "bottom.style" Button to exist
    t =    96.25s     Checking `Expect predicate `existsNoRetry == 1` for object "bottom.style" Button`
    t =    96.25s         Checking existence of `"bottom.style" Button`
    t =    96.26s             Requesting snapshot of accessibility hierarchy for app with pid 1887
    t =    96.31s             Find: Descendants matching type Button
    t =    96.31s             Find: Elements matching predicate '"bottom.style" IN identifiers'
    t =    96.32s Tear Down
    t =    96.32s     Setting device orientation to Portrait
    t =    96.33s         Wait for com.mdd.kanpan to idle
Test Case '-[KanpanUITests.AICoinBaseUITests testColdLaunchStylesAndChartInteractions]' passed (96.964 seconds).
Test Suite 'AICoinBaseUITests' passed at 2026-09-15 02:02:26.162.
	 Executed 1 test, with 0 failures (0 unexpected) in 96.964 (96.967) seconds
Test Suite 'ChartFoundationUITests' started at 2026-09-15 02:02:26.164.
Test Case '-[KanpanUITests.ChartFoundationUITests testChangeBasisUpdatesFavorites]' started.
    t =     0.00s Start Test at 2026-09-15 02:02:26.166
    t =     0.02s Set Up
    t =     0.02s     Setting device orientation to Portrait
    t =     0.03s         Wait for com.mdd.kanpan to idle
    t =     0.03s     Open com.mdd.kanpan
    t =     0.03s         Launch com.mdd.kanpan
    t =     0.03s             Terminate com.mdd.kanpan:1887
2026-09-15 02:02:27.349 xcodebuild[22161:32164334] [MT] IDELaunchParametersSnapshot: The operation couldn’t be completed. (DebuggerLLDB.DebuggerVersionStore.StoreError error 0.)
2026-09-15 02:02:27.349 xcodebuild[22161:32164334] [MT] IDELaunchParametersSnapshot: no debugger version
    t =     1.35s             Setting up automation session
    t =     1.39s             Wait for com.mdd.kanpan to idle
    t =     2.47s     Waiting 30.0s for "chart.canvas" Other to exist
    t =     3.48s         Checking `Expect predicate `existsNoRetry == 1` for object "chart.canvas" Other`
    t =     3.48s             Checking existence of `"chart.canvas" Other`
    t =     3.49s                 Requesting snapshot of accessibility hierarchy for app with pid 1888
    t =     3.56s                 Find: Descendants matching type Other
    t =     3.56s                 Find: Elements matching predicate '"chart.canvas" IN identifiers'
    t =     4.58s     Find the "chart.canvas" Other
    t =     4.59s         Requesting snapshot of accessibility hierarchy for app with pid 1888
    t =     4.65s         Find: Descendants matching type Other
    t =     4.65s         Find: Elements matching predicate '"chart.canvas" IN identifiers'
    t =     4.67s Tap "bottom.settings" Button
    t =     4.67s     Wait for com.mdd.kanpan to idle
    t =     4.67s     Find the "bottom.settings" Button
    t =     4.68s         Requesting snapshot of accessibility hierarchy for app with pid 1888
    t =     4.70s         Find: Descendants matching type Button
    t =     4.70s         Find: Elements matching predicate '"bottom.settings" IN identifiers'
    t =     4.71s     Check for interrupting elements affecting "bottom.settings" Button
    t =     4.72s         Requesting snapshot of accessibility hierarchy for app with pid 1888
    t =     4.74s         Find: Descendants matching predicate identifier == "NotificationShortLookView" OR elementType == 7
    t =     4.75s     Synthesize event
    t =     5.05s     Wait for com.mdd.kanpan to idle
    t =     5.46s Waiting 5.0s for "settings.changeBasis" Button to exist
    t =     6.47s     Checking `Expect predicate `existsNoRetry == 1` for object "settings.changeBasis" Button`
    t =     6.47s         Checking existence of `"settings.changeBasis" Button`
    t =     6.48s             Requesting snapshot of accessibility hierarchy for app with pid 1888
    t =     6.54s             Find: Descendants matching type Button
    t =     6.55s             Find: Elements matching predicate '"settings.changeBasis" IN identifiers'
    t =     6.55s Tap "settings.changeBasis" Button
    t =     6.55s     Wait for com.mdd.kanpan to idle
    t =     6.56s     Find the "settings.changeBasis" Button
    t =     6.56s         Requesting snapshot of accessibility hierarchy for app with pid 1888
    t =     6.60s         Find: Descendants matching type Button
    t =     6.60s         Find: Elements matching predicate '"settings.changeBasis" IN identifiers'
    t =     6.61s     Check for interrupting elements affecting "settings.changeBasis" Button
    t =     6.62s         Requesting snapshot of accessibility hierarchy for app with pid 1888
    t =     6.66s         Find: Descendants matching predicate identifier == "NotificationShortLookView" OR elementType == 7
    t =     6.67s     Synthesize event
    t =     6.97s     Wait for com.mdd.kanpan to idle
    t =    21.81s Checking existence of `"上海8点 / UTC 0点" Button`
    t =    21.82s     Requesting snapshot of accessibility hierarchy for app with pid 1888
    t =    21.91s     Find: Descendants matching type Button
    t =    21.91s     Find: Elements matching predicate '"上海8点 / UTC 0点" IN identifiers'
    t =    21.92s Find the "上海8点 / UTC 0点" Button
    t =    21.92s     Requesting snapshot of accessibility hierarchy for app with pid 1888
    t =    21.99s     Find: Descendants matching type Button
    t =    21.99s     Find: Elements matching predicate '"上海8点 / UTC 0点" IN identifiers'
    t =    22.84s Checking existence of `"上海8点 / UTC 0点" Button`
    t =    22.85s     Requesting snapshot of accessibility hierarchy for app with pid 1888
    t =    22.91s     Find: Descendants matching type Button
    t =    22.92s     Find: Elements matching predicate '"上海8点 / UTC 0点" IN identifiers'
    t =    22.92s Find the "上海8点 / UTC 0点" Button
    t =    22.92s     Requesting snapshot of accessibility hierarchy for app with pid 1888
    t =    22.98s     Find: Descendants matching type Button
    t =    22.98s     Find: Elements matching predicate '"上海8点 / UTC 0点" IN identifiers'
    t =    22.99s Tap "上海8点 / UTC 0点" Button
    t =    22.99s     Wait for com.mdd.kanpan to idle
    t =    25.90s     Find the "上海8点 / UTC 0点" Button
    t =    25.90s         Requesting snapshot of accessibility hierarchy for app with pid 1888
    t =    26.01s         Find: Descendants matching type Button
    t =    26.01s         Find: Elements matching predicate '"上海8点 / UTC 0点" IN identifiers'
    t =    26.01s     Check for interrupting elements affecting "上海8点 / UTC 0点" Button
    t =    26.04s         Requesting snapshot of accessibility hierarchy for app with pid 1888
    t =    26.08s         Find: Descendants matching predicate identifier == "NotificationShortLookView" OR elementType == 7
    t =    26.09s     Synthesize event
    t =    26.10s         Scroll element to visible
    t =    26.11s         Find the "上海8点 / UTC 0点" Button
    t =    26.11s             Requesting snapshot of accessibility hierarchy for app with pid 1888
    t =    26.17s             Find: Descendants matching type Button
    t =    26.17s             Find: Elements matching predicate '"上海8点 / UTC 0点" IN identifiers'
    t =    26.18s         Computed hit point {253.66666666666663, 602.33333333333326} after scrolling to visible
    t =    26.47s     Wait for com.mdd.kanpan to idle
    t =    27.56s Waiting 5.0s for "panel.header" StaticText to exist
    t =    28.57s     Checking `Expect predicate `existsNoRetry == 1` for object "panel.header" StaticText`
    t =    28.57s         Checking existence of `"panel.header" StaticText`
    t =    28.58s             Requesting snapshot of accessibility hierarchy for app with pid 1888
    t =    28.67s             Find: Descendants matching type StaticText
    t =    28.67s             Find: Elements matching predicate '"panel.header" IN identifiers'
    t =    28.68s Press "panel.header" StaticText[0.50, 0.50] for 0.1 seconds, then drag to Window (First Match)[0.50, 0.98] with velocity of 500.00 pixels per second, and then hold for 0.0 seconds 
    t =    28.68s     Wait for com.mdd.kanpan to idle
    t =    28.68s     Find the "panel.header" StaticText
    t =    28.68s         Requesting snapshot of accessibility hierarchy for app with pid 1888
    t =    28.75s         Find: Descendants matching type StaticText
    t =    28.76s         Find: Elements matching predicate '"panel.header" IN identifiers'
    t =    28.76s     Check for interrupting elements affecting "panel.header" StaticText
    t =    28.78s         Requesting snapshot of accessibility hierarchy for app with pid 1888
    t =    28.85s         Find: Descendants matching predicate identifier == "NotificationShortLookView" OR elementType == 7
    t =    28.86s     Synthesize event
    t =    28.86s         Find the "panel.header" StaticText
    t =    28.86s             Requesting snapshot of accessibility hierarchy for app with pid 1888
    t =    28.94s             Find: Descendants matching type StaticText
    t =    28.94s             Find: Elements matching predicate '"panel.header" IN identifiers'
    t =    28.96s         Find the "panel.header" StaticText
    t =    28.96s             Requesting snapshot of accessibility hierarchy for app with pid 1888
    t =    29.02s             Find: Descendants matching type StaticText
    t =    29.02s             Find: Elements matching predicate '"panel.header" IN identifiers'
    t =    29.04s         Find the Window (First Match)
    t =    29.04s             Requesting snapshot of accessibility hierarchy for app with pid 1888
    t =    29.10s         Find the Window at {{0.0, 0.0}, {402.0, 874.0}}
    t =    29.10s             Requesting snapshot of accessibility hierarchy for app with pid 1888
    t =    29.16s         Find the "panel.header" StaticText
    t =    29.16s             Requesting snapshot of accessibility hierarchy for app with pid 1888
    t =    29.20s             Find: Descendants matching type StaticText
    t =    29.21s             Find: Elements matching predicate '"panel.header" IN identifiers'
    t =    30.41s     Wait for com.mdd.kanpan to idle
    t =    32.09s Checking existence of `"panel.header" StaticText`
    t =    32.10s     Requesting snapshot of accessibility hierarchy for app with pid 1888
    t =    32.13s     Find: Descendants matching type StaticText
    t =    32.14s     Find: Elements matching predicate '"panel.header" IN identifiers'
    t =    32.14s Tap "bottom.favorites" Button
    t =    32.14s     Wait for com.mdd.kanpan to idle
    t =    32.15s     Find the "bottom.favorites" Button
    t =    32.15s         Requesting snapshot of accessibility hierarchy for app with pid 1888
    t =    32.17s         Find: Descendants matching type Button
    t =    32.18s         Find: Elements matching predicate '"bottom.favorites" IN identifiers'
    t =    32.18s     Check for interrupting elements affecting "bottom.favorites" Button
    t =    32.20s         Requesting snapshot of accessibility hierarchy for app with pid 1888
    t =    32.22s         Find: Descendants matching predicate identifier == "NotificationShortLookView" OR elementType == 7
    t =    32.22s     Synthesize event
    t =    32.52s     Wait for com.mdd.kanpan to idle
    t =    32.98s Tap "favorites.add" Button
    t =    32.98s     Wait for com.mdd.kanpan to idle
    t =    32.99s     Find the "favorites.add" Button
    t =    33.00s         Requesting snapshot of accessibility hierarchy for app with pid 1888
    t =    33.07s         Find: Descendants matching type Button
    t =    33.08s         Find: Elements matching predicate '"favorites.add" IN identifiers'
    t =    33.08s     Check for interrupting elements affecting "favorites.add" Button
    t =    33.09s         Requesting snapshot of accessibility hierarchy for app with pid 1888
    t =    33.14s         Find: Descendants matching predicate identifier == "NotificationShortLookView" OR elementType == 7
    t =    33.15s     Synthesize event
    t =    33.46s     Wait for com.mdd.kanpan to idle
    t =    34.38s Waiting 5.0s for "symbols.query" TextField to exist
    t =    35.39s     Checking `Expect predicate `existsNoRetry == 1` for object "symbols.query" TextField`
    t =    35.39s         Checking existence of `"symbols.query" TextField`
    t =    35.40s             Requesting snapshot of accessibility hierarchy for app with pid 1888
    t =    35.55s             Find: Descendants matching type TextField
    t =    35.55s             Find: Elements matching predicate '"symbols.query" IN identifiers'
    t =    35.55s Tap "symbols.query" TextField
    t =    35.55s     Wait for com.mdd.kanpan to idle
    t =    35.56s     Find the "symbols.query" TextField
    t =    35.56s         Requesting snapshot of accessibility hierarchy for app with pid 1888
    t =    35.66s         Find: Descendants matching type TextField
    t =    35.66s         Find: Elements matching predicate '"symbols.query" IN identifiers'
    t =    35.66s     Check for interrupting elements affecting "symbols.query" TextField
    t =    35.69s         Requesting snapshot of accessibility hierarchy for app with pid 1888
    t =    35.77s         Find: Descendants matching predicate identifier == "NotificationShortLookView" OR elementType == 7
    t =    35.79s     Synthesize event
    t =    36.09s     Wait for com.mdd.kanpan to idle
    t =    36.09s Type 'BTCUSDT' into "symbols.query" TextField
    t =    36.09s     Wait for com.mdd.kanpan to idle
    t =    36.10s     Find the "symbols.query" TextField
    t =    36.10s         Requesting snapshot of accessibility hierarchy for app with pid 1888
    t =    36.23s         Find: Descendants matching type TextField
    t =    36.23s         Find: Elements matching predicate '"symbols.query" IN identifiers'
    t =    36.23s     Check for interrupting elements affecting "symbols.query" TextField
    t =    36.25s         Requesting snapshot of accessibility hierarchy for app with pid 1888
    t =    36.37s         Find: Descendants matching predicate identifier == "NotificationShortLookView" OR elementType == 7
    t =    36.38s     Synthesize event
    t =    36.70s     Wait for com.mdd.kanpan to idle
    t =    36.89s Waiting 30.0s for "symbols.row.BTCUSDT" Any to exist
    t =    37.92s     Checking `Expect predicate `existsNoRetry == 1` for object "symbols.row.BTCUSDT" Any`
    t =    37.92s         Checking existence of `"symbols.row.BTCUSDT" Any`
    t =    37.93s             Requesting snapshot of accessibility hierarchy for app with pid 1888
    t =    38.03s Tap "symbols.row.BTCUSDT" Any
    t =    38.03s     Wait for com.mdd.kanpan to idle
    t =    38.03s     Find the "symbols.row.BTCUSDT" Any
    t =    38.03s         Requesting snapshot of accessibility hierarchy for app with pid 1888
    t =    38.13s     Check for interrupting elements affecting "symbols.row.BTCUSDT" StaticText
    t =    38.14s         Requesting snapshot of accessibility hierarchy for app with pid 1888
    t =    38.20s         Find: Descendants matching predicate identifier == "NotificationShortLookView" OR elementType == 7
    t =    38.23s     Synthesize event
    t =    38.52s     Wait for com.mdd.kanpan to idle
    t =    38.94s Waiting 5.0s for Button (First Match) to exist
    t =    39.95s     Checking `Expect predicate `existsNoRetry == 1` for object Button (First Match)`
    t =    39.95s         Checking existence of `Button (First Match)`
    t =    39.96s             Requesting snapshot of accessibility hierarchy for app with pid 1888
    t =    41.09s Checking existence of `"favorites.change.BTCUSDT" StaticText`
    t =    41.10s     Requesting snapshot of accessibility hierarchy for app with pid 1888
    t =    41.18s     Find: Descendants matching type StaticText
    t =    41.18s     Find: Elements matching predicate '"favorites.change.BTCUSDT" IN identifiers'
    t =    41.18s Find the "favorites.change.BTCUSDT" StaticText
    t =    41.19s     Requesting snapshot of accessibility hierarchy for app with pid 1888
    t =    41.24s     Find: Descendants matching type StaticText
    t =    41.24s     Find: Elements matching predicate '"favorites.change.BTCUSDT" IN identifiers'
    t =    41.25s Find the Target Application 'com.mdd.kanpan'
    t =    41.25s     Requesting snapshot of accessibility hierarchy for app with pid 1888
    t =    41.39s Added attachment named '自选-上海8点统一涨跌幅'
    t =    41.39s Tear Down
    t =    41.39s     Find the Target Application 'com.mdd.kanpan'
    t =    41.40s         Requesting snapshot of accessibility hierarchy for app with pid 1888
    t =    41.49s     Added attachment named 'Screenshot of Target Application 'com.mdd.kanpan'.png'
    t =    41.50s     Requesting snapshot of accessibility hierarchy for app with pid 1888
    t =    41.66s     Requesting snapshot of accessibility hierarchy for app with pid 1888
    t =    41.75s     Find the "chart.canvas" Other
    t =    41.75s         Requesting snapshot of accessibility hierarchy for app with pid 1888
    t =    41.79s         Find: Descendants matching type Other
    t =    41.79s         Find: Elements matching predicate '"chart.canvas" IN identifiers'
    t =    41.80s     Added attachment of type 'public.plain-text'
    t =    41.80s     Terminate com.mdd.kanpan:1888
Test Case '-[KanpanUITests.ChartFoundationUITests testChangeBasisUpdatesFavorites]' passed (42.911 seconds).
Test Case '-[KanpanUITests.ChartFoundationUITests testColdLaunchFavoritesAndLiveQuotes]' started.
    t =     0.00s Start Test at 2026-09-15 02:03:09.078
    t =     0.02s Set Up
    t =     0.02s     Setting device orientation to Portrait
    t =     0.03s         Wait for com.apple.springboard to idle
    t =     0.03s     Open com.mdd.kanpan
2026-09-15 02:03:09.157 xcodebuild[22161:32164334] [MT] IDELaunchParametersSnapshot: The operation couldn’t be completed. (DebuggerLLDB.DebuggerVersionStore.StoreError error 0.)
2026-09-15 02:03:09.157 xcodebuild[22161:32164334] [MT] IDELaunchParametersSnapshot: no debugger version
    t =     0.03s         Launch com.mdd.kanpan
    t =     0.25s             Setting up automation session
    t =     0.35s             Wait for com.mdd.kanpan to idle
    t =     1.42s     Waiting 30.0s for "chart.canvas" Other to exist
    t =     2.44s         Checking `Expect predicate `existsNoRetry == 1` for object "chart.canvas" Other`
    t =     2.44s             Checking existence of `"chart.canvas" Other`
    t =     2.45s                 Requesting snapshot of accessibility hierarchy for app with pid 1890
    t =     2.50s                 Find: Descendants matching type Other
    t =     2.51s                 Find: Elements matching predicate '"chart.canvas" IN identifiers'
    t =     3.53s     Find the "chart.canvas" Other
    t =     3.54s         Requesting snapshot of accessibility hierarchy for app with pid 1890
    t =     3.58s         Find: Descendants matching type Other
    t =     3.58s         Find: Elements matching predicate '"chart.canvas" IN identifiers'
    t =     3.60s Terminate com.mdd.kanpan:1890
    t =     4.65s Open com.mdd.kanpan
    t =     4.65s     Launch com.mdd.kanpan
2026-09-15 02:03:13.778 xcodebuild[22161:32164334] [MT] IDELaunchParametersSnapshot: The operation couldn’t be completed. (DebuggerLLDB.DebuggerVersionStore.StoreError error 0.)
2026-09-15 02:03:13.778 xcodebuild[22161:32164334] [MT] IDELaunchParametersSnapshot: no debugger version
    t =     4.87s         Setting up automation session
    t =     4.91s         Wait for com.mdd.kanpan to idle
    t =     6.11s Waiting 15.0s for "favorites.close" Button to exist
    t =     7.11s     Checking `Expect predicate `existsNoRetry == 1` for object "favorites.close" Button`
    t =     7.11s         Checking existence of `"favorites.close" Button`
    t =     7.12s             Requesting snapshot of accessibility hierarchy for app with pid 1891
    t =     7.25s             Find: Descendants matching type Button
    t =     7.26s             Find: Elements matching predicate '"favorites.close" IN identifiers'
    t =     8.27s Checking existence of `"favorites.price.BTCUSDT" StaticText`
    t =     8.28s     Requesting snapshot of accessibility hierarchy for app with pid 1891
    t =     8.38s     Find: Descendants matching type StaticText
    t =     8.38s     Find: Elements matching predicate '"favorites.price.BTCUSDT" IN identifiers'
    t =     8.39s Find the "favorites.price.BTCUSDT" StaticText
    t =     8.39s     Requesting snapshot of accessibility hierarchy for app with pid 1891
    t =     8.45s     Find: Descendants matching type StaticText
    t =     8.46s     Find: Elements matching predicate '"favorites.price.BTCUSDT" IN identifiers'
    t =     8.46s Checking existence of `"favorites.change.BTCUSDT" StaticText`
    t =     8.46s     Requesting snapshot of accessibility hierarchy for app with pid 1891
    t =     8.52s     Find: Descendants matching type StaticText
    t =     8.53s     Find: Elements matching predicate '"favorites.change.BTCUSDT" IN identifiers'
    t =     8.53s Find the "favorites.change.BTCUSDT" StaticText
    t =     8.54s     Requesting snapshot of accessibility hierarchy for app with pid 1891
    t =     8.60s     Find: Descendants matching type StaticText
    t =     8.61s     Find: Elements matching predicate '"favorites.change.BTCUSDT" IN identifiers'
    t =     9.62s Checking existence of `"favorites.price.BTCUSDT" StaticText`
    t =     9.63s     Requesting snapshot of accessibility hierarchy for app with pid 1891
    t =     9.70s     Find: Descendants matching type StaticText
    t =     9.70s     Find: Elements matching predicate '"favorites.price.BTCUSDT" IN identifiers'
    t =     9.71s Find the "favorites.price.BTCUSDT" StaticText
    t =     9.71s     Requesting snapshot of accessibility hierarchy for app with pid 1891
    t =     9.78s     Find: Descendants matching type StaticText
    t =     9.79s     Find: Elements matching predicate '"favorites.price.BTCUSDT" IN identifiers'
    t =    10.64s Checking existence of `"favorites.price.BTCUSDT" StaticText`
    t =    10.65s     Requesting snapshot of accessibility hierarchy for app with pid 1891
    t =    10.74s     Find: Descendants matching type StaticText
    t =    10.74s     Find: Elements matching predicate '"favorites.price.BTCUSDT" IN identifiers'
    t =    10.75s Find the "favorites.price.BTCUSDT" StaticText
    t =    10.75s     Requesting snapshot of accessibility hierarchy for app with pid 1891
    t =    10.82s     Find: Descendants matching type StaticText
    t =    10.82s     Find: Elements matching predicate '"favorites.price.BTCUSDT" IN identifiers'
    t =    11.62s Checking existence of `"favorites.price.BTCUSDT" StaticText`
    t =    11.63s     Requesting snapshot of accessibility hierarchy for app with pid 1891
    t =    11.78s     Find: Descendants matching type StaticText
    t =    11.79s     Find: Elements matching predicate '"favorites.price.BTCUSDT" IN identifiers'
    t =    11.79s Find the "favorites.price.BTCUSDT" StaticText
    t =    11.80s     Requesting snapshot of accessibility hierarchy for app with pid 1891
    t =    11.86s     Find: Descendants matching type StaticText
    t =    11.86s     Find: Elements matching predicate '"favorites.price.BTCUSDT" IN identifiers'
    t =    12.68s Checking existence of `"favorites.price.BTCUSDT" StaticText`
    t =    12.69s     Requesting snapshot of accessibility hierarchy for app with pid 1891
    t =    12.81s     Find: Descendants matching type StaticText
    t =    12.81s     Find: Elements matching predicate '"favorites.price.BTCUSDT" IN identifiers'
    t =    12.81s Find the "favorites.price.BTCUSDT" StaticText
    t =    12.82s     Requesting snapshot of accessibility hierarchy for app with pid 1891
    t =    12.89s     Find: Descendants matching type StaticText
    t =    12.90s     Find: Elements matching predicate '"favorites.price.BTCUSDT" IN identifiers'
    t =    12.90s Find the Target Application 'com.mdd.kanpan'
    t =    12.90s     Requesting snapshot of accessibility hierarchy for app with pid 1891
    t =    13.06s Added attachment named '冷启动自选-实时价格与涨跌幅'
    t =    13.06s Tap "favorites.open.BTCUSDT" Button
    t =    13.06s     Wait for com.mdd.kanpan to idle
    t =    13.09s     Find the "favorites.open.BTCUSDT" Button
    t =    13.10s         Requesting snapshot of accessibility hierarchy for app with pid 1891
    t =    13.15s         Find: Descendants matching type Button
    t =    13.15s         Find: Elements matching predicate '"favorites.open.BTCUSDT" IN identifiers'
    t =    13.15s     Check for interrupting elements affecting "favorites.open.BTCUSDT" Button
    t =    13.17s         Requesting snapshot of accessibility hierarchy for app with pid 1891
    t =    13.24s         Find: Descendants matching predicate identifier == "NotificationShortLookView" OR elementType == 7
    t =    13.24s     Synthesize event
    t =    13.53s     Wait for com.mdd.kanpan to idle
    t =    13.91s Waiting 8.0s for "bottom.favorites" Button to exist
    t =    14.93s     Checking `Expect predicate `existsNoRetry == 1` for object "bottom.favorites" Button`
    t =    14.93s         Checking existence of `"bottom.favorites" Button`
    t =    14.94s             Requesting snapshot of accessibility hierarchy for app with pid 1891
    t =    14.98s             Find: Descendants matching type Button
    t =    14.98s             Find: Elements matching predicate '"bottom.favorites" IN identifiers'
    t =    14.99s Pressing Home button
    t =    15.46s Open com.mdd.kanpan
    t =    15.46s     Activate com.mdd.kanpan
    t =    15.96s         Wait for com.mdd.kanpan to idle
    t =    15.99s Waiting 8.0s for "bottom.favorites" Button to exist
    t =    17.00s     Checking `Expect predicate `existsNoRetry == 1` for object "bottom.favorites" Button`
    t =    17.00s         Checking existence of `"bottom.favorites" Button`
    t =    17.01s             Requesting snapshot of accessibility hierarchy for app with pid 1891
    t =    17.05s             Find: Descendants matching type Button
    t =    17.05s             Find: Elements matching predicate '"bottom.favorites" IN identifiers'
    t =    17.06s Checking existence of `"favorites.close" Button`
    t =    17.07s     Requesting snapshot of accessibility hierarchy for app with pid 1891
    t =    17.10s     Find: Descendants matching type Button
    t =    17.10s     Find: Elements matching predicate '"favorites.close" IN identifiers'
    t =    17.11s Tear Down
    t =    17.11s     Find the Target Application 'com.mdd.kanpan'
    t =    17.11s         Requesting snapshot of accessibility hierarchy for app with pid 1891
    t =    17.25s     Added attachment named 'Screenshot of Target Application 'com.mdd.kanpan'.png'
    t =    17.25s     Requesting snapshot of accessibility hierarchy for app with pid 1891
    t =    17.33s     Requesting snapshot of accessibility hierarchy for app with pid 1891
    t =    17.40s     Find the "chart.canvas" Other
    t =    17.41s         Requesting snapshot of accessibility hierarchy for app with pid 1891
    t =    17.42s         Find: Descendants matching type Other
    t =    17.42s         Find: Elements matching predicate '"chart.canvas" IN identifiers'
    t =    17.43s     Added attachment of type 'public.plain-text'
    t =    17.43s     Terminate com.mdd.kanpan:1891
Test Case '-[KanpanUITests.ChartFoundationUITests testColdLaunchFavoritesAndLiveQuotes]' passed (18.537 seconds).
Test Case '-[KanpanUITests.ChartFoundationUITests testFavoritesCategoriesAndNavigation]' started.
    t =     0.00s Start Test at 2026-09-15 02:03:27.619
    t =     0.02s Set Up
    t =     0.03s     Setting device orientation to Portrait
    t =     0.03s         Wait for com.apple.springboard to idle
    t =     0.03s     Open com.mdd.kanpan
2026-09-15 02:03:27.700 xcodebuild[22161:32164334] [MT] IDELaunchParametersSnapshot: The operation couldn’t be completed. (DebuggerLLDB.DebuggerVersionStore.StoreError error 0.)
2026-09-15 02:03:27.701 xcodebuild[22161:32164334] [MT] IDELaunchParametersSnapshot: no debugger version
    t =     0.03s         Launch com.mdd.kanpan
    t =     0.25s             Setting up automation session
    t =     0.30s             Wait for com.mdd.kanpan to idle
    t =     1.38s     Waiting 30.0s for "chart.canvas" Other to exist
    t =     2.39s         Checking `Expect predicate `existsNoRetry == 1` for object "chart.canvas" Other`
    t =     2.39s             Checking existence of `"chart.canvas" Other`
    t =     2.40s                 Requesting snapshot of accessibility hierarchy for app with pid 1892
    t =     2.46s                 Find: Descendants matching type Other
    t =     2.46s                 Find: Elements matching predicate '"chart.canvas" IN identifiers'
    t =     3.49s     Find the "chart.canvas" Other
    t =     3.50s         Requesting snapshot of accessibility hierarchy for app with pid 1892
    t =     3.54s         Find: Descendants matching type Other
    t =     3.54s         Find: Elements matching predicate '"chart.canvas" IN identifiers'
    t =     3.56s Tap "bottom.favorites" Button
    t =     3.56s     Wait for com.mdd.kanpan to idle
    t =     3.57s     Find the "bottom.favorites" Button
    t =     3.57s         Requesting snapshot of accessibility hierarchy for app with pid 1892
    t =     3.61s         Find: Descendants matching type Button
    t =     3.61s         Find: Elements matching predicate '"bottom.favorites" IN identifiers'
    t =     3.61s     Check for interrupting elements affecting "bottom.favorites" Button
    t =     3.63s         Requesting snapshot of accessibility hierarchy for app with pid 1892
    t =     3.71s         Find: Descendants matching predicate identifier == "NotificationShortLookView" OR elementType == 7
    t =     3.72s     Synthesize event
    t =     4.02s     Wait for com.mdd.kanpan to idle
    t =     4.52s Waiting 5.0s for "favorites.add" Button to exist
    t =     5.54s     Checking `Expect predicate `existsNoRetry == 1` for object "favorites.add" Button`
    t =     5.54s         Checking existence of `"favorites.add" Button`
    t =     5.55s             Requesting snapshot of accessibility hierarchy for app with pid 1892
    t =     5.62s             Find: Descendants matching type Button
    t =     5.63s             Find: Elements matching predicate '"favorites.add" IN identifiers'
    t =     5.63s Tap "favorites.newGroup" Button
    t =     5.63s     Wait for com.mdd.kanpan to idle
    t =     5.64s     Find the "favorites.newGroup" Button
    t =     5.64s         Requesting snapshot of accessibility hierarchy for app with pid 1892
    t =     5.69s         Find: Descendants matching type Button
    t =     5.69s         Find: Elements matching predicate '"favorites.newGroup" IN identifiers'
    t =     5.70s     Check for interrupting elements affecting "favorites.newGroup" Button
    t =     5.71s         Requesting snapshot of accessibility hierarchy for app with pid 1892
    t =     5.76s         Find: Descendants matching predicate identifier == "NotificationShortLookView" OR elementType == 7
    t =     5.76s     Synthesize event
    t =     6.05s     Wait for com.mdd.kanpan to idle
    t =     6.49s Waiting 5.0s for "分类名称" TextField to exist
    t =     7.50s     Checking `Expect predicate `existsNoRetry == 1` for object "分类名称" TextField`
    t =     7.50s         Checking existence of `"分类名称" TextField`
    t =     7.51s             Requesting snapshot of accessibility hierarchy for app with pid 1892
    t =     7.58s             Find: Descendants matching type Alert
    t =     7.59s             Find: Descendants matching type TextField
    t =     7.59s             Find: Elements matching predicate '"分类名称" IN identifiers'
    t =     7.59s Type '半导体' into "分类名称" TextField
    t =     7.59s     Wait for com.mdd.kanpan to idle
    t =     7.59s     Find the "分类名称" TextField
    t =     7.60s         Requesting snapshot of accessibility hierarchy for app with pid 1892
    t =     7.67s         Find: Descendants matching type Alert
    t =     7.67s         Find: Descendants matching type TextField
    t =     7.67s         Find: Elements matching predicate '"分类名称" IN identifiers'
    t =     7.67s     Check for interrupting elements affecting "分类名称" TextField
    t =     7.68s         Requesting snapshot of accessibility hierarchy for app with pid 1892
    t =     7.74s         Find: Descendants matching predicate identifier == "NotificationShortLookView" OR elementType == 7
    t =     7.75s Failed to construct element query matching interruption. Interrupting element Alert, foreground application Target Application 'com.mdd.kanpan', element application: (null). If your test failed after this unhandled interruption, please file a bug and attach your .xcresult bundle.
    t =     7.75s     Synthesize event
    t =     8.00s     Wait for com.mdd.kanpan to idle
    t =     8.01s Tap "保存" Button
    t =     8.01s     Wait for com.mdd.kanpan to idle
    t =     8.01s     Find the "保存" Button
    t =     8.02s         Requesting snapshot of accessibility hierarchy for app with pid 1892
    t =     8.13s         Find: Descendants matching type Alert
    t =     8.13s         Find: Descendants matching type Button
    t =     8.13s         Find: Elements matching predicate '"保存" IN identifiers'
    t =     8.14s     Check for interrupting elements affecting "保存" Button
    t =     8.15s         Requesting snapshot of accessibility hierarchy for app with pid 1892
    t =     8.23s         Find: Descendants matching predicate identifier == "NotificationShortLookView" OR elementType == 7
    t =     8.23s Failed to construct element query matching interruption. Interrupting element Alert, foreground application Target Application 'com.mdd.kanpan', element application: (null). If your test failed after this unhandled interruption, please file a bug and attach your .xcresult bundle.
    t =     8.23s     Synthesize event
    t =     8.53s     Wait for com.mdd.kanpan to idle
    t =     8.85s Tap "favorites.add" Button
    t =     8.85s     Wait for com.mdd.kanpan to idle
    t =     8.86s     Find the "favorites.add" Button
    t =     8.87s         Requesting snapshot of accessibility hierarchy for app with pid 1892
    t =     8.92s         Find: Descendants matching type Button
    t =     8.93s         Find: Elements matching predicate '"favorites.add" IN identifiers'
    t =     8.93s     Check for interrupting elements affecting "favorites.add" Button
    t =     8.94s         Requesting snapshot of accessibility hierarchy for app with pid 1892
    t =     8.99s         Find: Descendants matching predicate identifier == "NotificationShortLookView" OR elementType == 7
    t =     9.00s     Synthesize event
    t =     9.32s     Wait for com.mdd.kanpan to idle
    t =    10.16s Waiting 5.0s for "symbols.query" TextField to exist
    t =    11.17s     Checking `Expect predicate `existsNoRetry == 1` for object "symbols.query" TextField`
    t =    11.18s         Checking existence of `"symbols.query" TextField`
    t =    11.18s             Requesting snapshot of accessibility hierarchy for app with pid 1892
    t =    11.34s             Find: Descendants matching type TextField
    t =    11.34s             Find: Elements matching predicate '"symbols.query" IN identifiers'
    t =    11.34s Tap "symbols.query" TextField
    t =    11.34s     Wait for com.mdd.kanpan to idle
    t =    11.34s     Find the "symbols.query" TextField
    t =    11.35s         Requesting snapshot of accessibility hierarchy for app with pid 1892
    t =    11.44s         Find: Descendants matching type TextField
    t =    11.44s         Find: Elements matching predicate '"symbols.query" IN identifiers'
    t =    11.45s     Check for interrupting elements affecting "symbols.query" TextField
    t =    11.46s         Requesting snapshot of accessibility hierarchy for app with pid 1892
    t =    11.57s         Find: Descendants matching predicate identifier == "NotificationShortLookView" OR elementType == 7
    t =    11.58s     Synthesize event
    t =    11.87s     Wait for com.mdd.kanpan to idle
    t =    11.87s Type 'SNDKUSDT' into "symbols.query" TextField
    t =    11.87s     Wait for com.mdd.kanpan to idle
    t =    11.88s     Find the "symbols.query" TextField
    t =    11.88s         Requesting snapshot of accessibility hierarchy for app with pid 1892
    t =    12.03s         Find: Descendants matching type TextField
    t =    12.03s         Find: Elements matching predicate '"symbols.query" IN identifiers'
    t =    12.04s     Check for interrupting elements affecting "symbols.query" TextField
    t =    12.05s         Requesting snapshot of accessibility hierarchy for app with pid 1892
    t =    12.14s         Find: Descendants matching predicate identifier == "NotificationShortLookView" OR elementType == 7
    t =    12.16s     Synthesize event
    t =    12.51s     Wait for com.mdd.kanpan to idle
    t =    12.68s Waiting 30.0s for "symbols.row.SNDKUSDT" Any to exist
    t =    13.71s     Checking `Expect predicate `existsNoRetry == 1` for object "symbols.row.SNDKUSDT" Any`
    t =    13.71s         Checking existence of `"symbols.row.SNDKUSDT" Any`
    t =    13.72s             Requesting snapshot of accessibility hierarchy for app with pid 1892
    t =    13.81s Tap "symbols.row.SNDKUSDT" Any
    t =    13.81s     Wait for com.mdd.kanpan to idle
    t =    13.82s     Find the "symbols.row.SNDKUSDT" Any
    t =    13.82s         Requesting snapshot of accessibility hierarchy for app with pid 1892
    t =    13.90s     Check for interrupting elements affecting "symbols.row.SNDKUSDT" StaticText
    t =    13.90s         Requesting snapshot of accessibility hierarchy for app with pid 1892
    t =    13.95s         Find: Descendants matching predicate identifier == "NotificationShortLookView" OR elementType == 7
    t =    14.02s     Synthesize event
    t =    14.30s     Wait for com.mdd.kanpan to idle
    t =    14.71s Waiting 5.0s for "favorites.open.SNDKUSDT" Button to exist
    t =    15.74s     Checking `Expect predicate `existsNoRetry == 1` for object "favorites.open.SNDKUSDT" Button`
    t =    15.74s         Checking existence of `"favorites.open.SNDKUSDT" Button`
    t =    15.75s             Requesting snapshot of accessibility hierarchy for app with pid 1892
    t =    15.85s             Find: Descendants matching type Button
    t =    15.85s             Find: Elements matching predicate '"favorites.open.SNDKUSDT" IN identifiers'
    t =    15.86s Press "favorites.open.SNDKUSDT" Button for 0.6 seconds
    t =    15.86s     Wait for com.mdd.kanpan to idle
    t =    15.86s     Find the "favorites.open.SNDKUSDT" Button
    t =    15.87s         Requesting snapshot of accessibility hierarchy for app with pid 1892
    t =    15.92s         Find: Descendants matching type Button
    t =    15.92s         Find: Elements matching predicate '"favorites.open.SNDKUSDT" IN identifiers'
    t =    15.93s     Check for interrupting elements affecting "favorites.open.SNDKUSDT" Button
    t =    15.94s         Requesting snapshot of accessibility hierarchy for app with pid 1892
    t =    16.02s         Find: Descendants matching predicate identifier == "NotificationShortLookView" OR elementType == 7
    t =    16.03s     Synthesize event
    t =    16.86s     Wait for com.mdd.kanpan to idle
    t =    16.87s Waiting 5.0s for "favorites.move.SNDKUSDT" Button to exist
    t =    17.91s     Checking `Expect predicate `existsNoRetry == 1` for object "favorites.move.SNDKUSDT" Button`
    t =    17.91s         Checking existence of `"favorites.move.SNDKUSDT" Button`
    t =    17.92s             Requesting snapshot of accessibility hierarchy for app with pid 1892
    t =    18.03s             Find: Descendants matching type Button
    t =    18.03s             Find: Elements matching predicate '"favorites.move.SNDKUSDT" IN identifiers'
    t =    18.04s Tap "favorites.move.SNDKUSDT" Button
    t =    18.04s     Wait for com.mdd.kanpan to idle
    t =    18.04s     Find the "favorites.move.SNDKUSDT" Button
    t =    18.04s         Requesting snapshot of accessibility hierarchy for app with pid 1892
    t =    18.13s         Find: Descendants matching type Button
    t =    18.13s         Find: Elements matching predicate '"favorites.move.SNDKUSDT" IN identifiers'
    t =    18.13s     Check for interrupting elements affecting "favorites.move.SNDKUSDT" Button
    t =    18.15s         Requesting snapshot of accessibility hierarchy for app with pid 1892
    t =    18.21s         Find: Descendants matching predicate identifier == "NotificationShortLookView" OR elementType == 7
    t =    18.21s     Synthesize event
    t =    18.50s     Wait for com.mdd.kanpan to idle
    t =    19.93s Checking existence of `"默认分类" Button`
    t =    19.93s     Requesting snapshot of accessibility hierarchy for app with pid 1892
    t =    19.96s     Find: Descendants matching type Button
    t =    19.96s     Find: Elements matching predicate '"默认分类" IN identifiers'
    t =    20.99s Checking existence of `"默认分类" Button`
    t =    21.00s     Requesting snapshot of accessibility hierarchy for app with pid 1892
    t =    21.05s     Find: Descendants matching type Button
    t =    21.05s     Find: Elements matching predicate '"默认分类" IN identifiers'
    t =    21.97s Checking existence of `"默认分类" Button`
    t =    21.98s     Requesting snapshot of accessibility hierarchy for app with pid 1892
    t =    22.02s     Find: Descendants matching type Button
    t =    22.03s     Find: Elements matching predicate '"默认分类" IN identifiers'
    t =    22.95s Checking existence of `"默认分类" Button`
    t =    22.96s     Requesting snapshot of accessibility hierarchy for app with pid 1892
    t =    22.99s     Find: Descendants matching type Button
    t =    22.99s     Find: Elements matching predicate '"默认分类" IN identifiers'
    t =    23.91s Checking existence of `"默认分类" Button`
    t =    23.92s     Requesting snapshot of accessibility hierarchy for app with pid 1892
    t =    23.97s     Find: Descendants matching type Button
    t =    23.98s     Find: Elements matching predicate '"默认分类" IN identifiers'
    t =    24.99s Checking existence of `"默认分类" Button`
    t =    25.00s     Requesting snapshot of accessibility hierarchy for app with pid 1892
    t =    25.06s     Find: Descendants matching type Button
    t =    25.06s     Find: Elements matching predicate '"默认分类" IN identifiers'
    t =    25.97s Checking existence of `"默认分类" Button`
    t =    25.98s     Requesting snapshot of accessibility hierarchy for app with pid 1892
    t =    26.03s     Find: Descendants matching type Button
    t =    26.03s     Find: Elements matching predicate '"默认分类" IN identifiers'
    t =    26.96s Checking existence of `"默认分类" Button`
    t =    26.96s     Requesting snapshot of accessibility hierarchy for app with pid 1892
    t =    27.00s     Find: Descendants matching type Button
    t =    27.00s     Find: Elements matching predicate '"默认分类" IN identifiers'
    t =    27.93s Checking existence of `"默认分类" Button`
    t =    27.94s     Requesting snapshot of accessibility hierarchy for app with pid 1892
    t =    27.98s     Find: Descendants matching type Button
    t =    27.99s     Find: Elements matching predicate '"默认分类" IN identifiers'
    t =    28.91s Checking existence of `"默认分类" Button`
    t =    28.92s     Requesting snapshot of accessibility hierarchy for app with pid 1892
    t =    28.97s     Find: Descendants matching type Button
    t =    28.97s     Find: Elements matching predicate '"默认分类" IN identifiers'
    t =    29.99s Checking existence of `"默认分类" Button`
    t =    30.00s     Requesting snapshot of accessibility hierarchy for app with pid 1892
    t =    30.05s     Find: Descendants matching type Button
    t =    30.06s     Find: Elements matching predicate '"默认分类" IN identifiers'
    t =    30.98s Checking existence of `"默认分类" Button`
    t =    30.99s     Requesting snapshot of accessibility hierarchy for app with pid 1892
    t =    31.03s     Find: Descendants matching type Button
    t =    31.04s     Find: Elements matching predicate '"默认分类" IN identifiers'
    t =    31.96s Checking existence of `"默认分类" Button`
    t =    31.97s     Requesting snapshot of accessibility hierarchy for app with pid 1892
    t =    32.02s     Find: Descendants matching type Button
    t =    32.02s     Find: Elements matching predicate '"默认分类" IN identifiers'
    t =    32.94s Checking existence of `"默认分类" Button`
    t =    32.95s     Requesting snapshot of accessibility hierarchy for app with pid 1892
    t =    33.00s     Find: Descendants matching type Button
    t =    33.00s     Find: Elements matching predicate '"默认分类" IN identifiers'
    t =    33.92s Checking existence of `"默认分类" Button`
    t =    33.92s     Requesting snapshot of accessibility hierarchy for app with pid 1892
    t =    33.97s     Find: Descendants matching type Button
    t =    33.98s     Find: Elements matching predicate '"默认分类" IN identifiers'
    t =    34.97s Checking existence of `"默认分类" Button`
    t =    34.98s     Requesting snapshot of accessibility hierarchy for app with pid 1892
    t =    35.03s     Find: Descendants matching type Button
    t =    35.03s     Find: Elements matching predicate '"默认分类" IN identifiers'
    t =    35.96s Checking existence of `"默认分类" Button`
    t =    35.97s     Requesting snapshot of accessibility hierarchy for app with pid 1892
    t =    36.02s     Find: Descendants matching type Button
    t =    36.02s     Find: Elements matching predicate '"默认分类" IN identifiers'
    t =    36.93s Checking existence of `"默认分类" Button`
    t =    36.94s     Requesting snapshot of accessibility hierarchy for app with pid 1892
    t =    36.99s     Find: Descendants matching type Button
    t =    37.00s     Find: Elements matching predicate '"默认分类" IN identifiers'
    t =    37.92s Checking existence of `"默认分类" Button`
    t =    37.93s     Requesting snapshot of accessibility hierarchy for app with pid 1892
    t =    37.98s     Find: Descendants matching type Button
    t =    37.99s     Find: Elements matching predicate '"默认分类" IN identifiers'
    t =    38.90s Checking existence of `"默认分类" Button`
    t =    38.91s     Requesting snapshot of accessibility hierarchy for app with pid 1892
    t =    38.96s     Find: Descendants matching type Button
    t =    38.96s     Find: Elements matching predicate '"默认分类" IN identifiers'
    t =    39.98s Checking existence of `"默认分类" Button`
    t =    39.99s     Requesting snapshot of accessibility hierarchy for app with pid 1892
    t =    40.04s     Find: Descendants matching type Button
    t =    40.04s     Find: Elements matching predicate '"默认分类" IN identifiers'
    t =    40.96s Checking existence of `"默认分类" Button`
    t =    40.97s     Requesting snapshot of accessibility hierarchy for app with pid 1892
    t =    41.01s     Find: Descendants matching type Button
    t =    41.02s     Find: Elements matching predicate '"默认分类" IN identifiers'
    t =    41.93s Checking existence of `"默认分类" Button`
    t =    41.94s     Requesting snapshot of accessibility hierarchy for app with pid 1892
    t =    42.00s     Find: Descendants matching type Button
    t =    42.01s     Find: Elements matching predicate '"默认分类" IN identifiers'
    t =    42.93s Checking existence of `"默认分类" Button`
    t =    42.94s     Requesting snapshot of accessibility hierarchy for app with pid 1892
    t =    42.98s     Find: Descendants matching type Button
    t =    42.99s     Find: Elements matching predicate '"默认分类" IN identifiers'
    t =    43.91s Checking existence of `"默认分类" Button`
    t =    43.92s     Requesting snapshot of accessibility hierarchy for app with pid 1892
    t =    43.96s     Find: Descendants matching type Button
    t =    43.96s     Find: Elements matching predicate '"默认分类" IN identifiers'
    t =    44.98s Checking existence of `"默认分类" Button`
    t =    44.99s     Requesting snapshot of accessibility hierarchy for app with pid 1892
    t =    45.03s     Find: Descendants matching type Button
    t =    45.04s     Find: Elements matching predicate '"默认分类" IN identifiers'
    t =    45.95s Checking existence of `"默认分类" Button`
    t =    45.96s     Requesting snapshot of accessibility hierarchy for app with pid 1892
    t =    46.00s     Find: Descendants matching type Button
    t =    46.01s     Find: Elements matching predicate '"默认分类" IN identifiers'
    t =    46.91s Checking existence of `"默认分类" Button`
    t =    46.92s     Requesting snapshot of accessibility hierarchy for app with pid 1892
    t =    46.96s     Find: Descendants matching type Button
    t =    46.96s     Find: Elements matching predicate '"默认分类" IN identifiers'
    t =    47.98s Checking existence of `"默认分类" Button`
    t =    47.99s     Requesting snapshot of accessibility hierarchy for app with pid 1892
    t =    48.03s     Find: Descendants matching type Button
    t =    48.04s     Find: Elements matching predicate '"默认分类" IN identifiers'
    t =    48.96s Checking existence of `"默认分类" Button`
    t =    48.97s     Requesting snapshot of accessibility hierarchy for app with pid 1892
    t =    49.03s     Find: Descendants matching type Button
    t =    49.03s     Find: Elements matching predicate '"默认分类" IN identifiers'
    t =    49.96s Checking existence of `"默认分类" Button`
    t =    49.97s     Requesting snapshot of accessibility hierarchy for app with pid 1892
    t =    50.02s     Find: Descendants matching type Button
    t =    50.02s     Find: Elements matching predicate '"默认分类" IN identifiers'
    t =    50.94s Checking existence of `"默认分类" Button`
    t =    50.95s     Requesting snapshot of accessibility hierarchy for app with pid 1892
    t =    50.99s     Find: Descendants matching type Button
    t =    50.99s     Find: Elements matching predicate '"默认分类" IN identifiers'
    t =    51.92s Checking existence of `"默认分类" Button`
    t =    51.92s     Requesting snapshot of accessibility hierarchy for app with pid 1892
    t =    51.97s     Find: Descendants matching type Button
    t =    51.97s     Find: Elements matching predicate '"默认分类" IN identifiers'
    t =    52.91s Checking existence of `"默认分类" Button`
    t =    52.91s     Requesting snapshot of accessibility hierarchy for app with pid 1892
    t =    52.96s     Find: Descendants matching type Button
    t =    52.96s     Find: Elements matching predicate '"默认分类" IN identifiers'
    t =    53.90s Checking existence of `"默认分类" Button`
    t =    53.91s     Requesting snapshot of accessibility hierarchy for app with pid 1892
    t =    53.96s     Find: Descendants matching type Button
    t =    53.97s     Find: Elements matching predicate '"默认分类" IN identifiers'
    t =    54.95s Checking existence of `"默认分类" Button`
    t =    54.96s     Requesting snapshot of accessibility hierarchy for app with pid 1892
    t =    55.00s     Find: Descendants matching type Button
    t =    55.00s     Find: Elements matching predicate '"默认分类" IN identifiers'
    t =    55.92s Checking existence of `"默认分类" Button`
    t =    55.92s     Requesting snapshot of accessibility hierarchy for app with pid 1892
    t =    55.97s     Find: Descendants matching type Button
    t =    55.97s     Find: Elements matching predicate '"默认分类" IN identifiers'
    t =    56.90s Checking existence of `"默认分类" Button`
    t =    56.91s     Requesting snapshot of accessibility hierarchy for app with pid 1892
    t =    56.96s     Find: Descendants matching type Button
    t =    56.96s     Find: Elements matching predicate '"默认分类" IN identifiers'
    t =    57.98s Checking existence of `"默认分类" Button`
    t =    57.99s     Requesting snapshot of accessibility hierarchy for app with pid 1892
    t =    58.03s     Find: Descendants matching type Button
    t =    58.04s     Find: Elements matching predicate '"默认分类" IN identifiers'
    t =    58.91s Checking existence of `"默认分类" Button`
    t =    58.92s     Requesting snapshot of accessibility hierarchy for app with pid 1892
    t =    58.97s     Find: Descendants matching type Button
    t =    58.97s     Find: Elements matching predicate '"默认分类" IN identifiers'
/Users/mdd/zhk/kanpan/Kanpan/KanpanUITests/ChartFoundationUITests.swift:188: error: -[KanpanUITests.ChartFoundationUITests testFavoritesCategoriesAndNavigation] : XCTAssertTrue failed
    t =    58.99s Tear Down
    t =    59.00s     Find the Target Application 'com.mdd.kanpan'
    t =    59.00s         Requesting snapshot of accessibility hierarchy for app with pid 1892
    t =    59.12s     Added attachment named 'Screenshot of Target Application 'com.mdd.kanpan'.png'
    t =    59.12s     Requesting snapshot of accessibility hierarchy for app with pid 1892
    t =    59.21s     Requesting snapshot of accessibility hierarchy for app with pid 1892
    t =    59.26s     Find the "chart.canvas" Other
    t =    59.26s         Requesting snapshot of accessibility hierarchy for app with pid 1892
    t =    59.29s         Find: Descendants matching type Other
    t =    59.29s         Find: Elements matching predicate '"chart.canvas" IN identifiers'
    t =    59.29s     Added attachment of type 'public.plain-text'
    t =    59.30s     Terminate com.mdd.kanpan:1892
Test Case '-[KanpanUITests.ChartFoundationUITests testFavoritesCategoriesAndNavigation]' failed (60.452 seconds).
2026-09-15 02:04:28.586955+0800 KanpanUITests-Runner[1895:297809] [Default] Running tests...
    t =      nans Interface orientation changed to Portrait

Restarting after unexpected exit, crash, or test timeout; summary will include totals from previous launches.

Test Suite 'Selected tests' started at 2026-09-15 02:04:28.951.
Test Suite 'KanpanUITests.xctest' started at 2026-09-15 02:04:28.952.
Test Suite 'ChartFoundationUITests' started at 2026-09-15 02:04:28.952.
Test Case '-[KanpanUITests.ChartFoundationUITests testHistoricalOIUsesChartPeriod]' started.
    t =     0.00s Start Test at 2026-09-15 02:04:28.953
    t =     0.02s Set Up
    t =     0.02s     Setting device orientation to Portrait
    t =     0.03s         Wait for com.apple.springboard to idle
    t =     0.03s     Open com.mdd.kanpan
    t =     0.04s         Launch com.mdd.kanpan
2026-09-15 02:04:29.037 xcodebuild[22161:32164334] [MT] IDELaunchParametersSnapshot: The operation couldn’t be completed. (DebuggerLLDB.DebuggerVersionStore.StoreError error 0.)
2026-09-15 02:04:29.037 xcodebuild[22161:32164334] [MT] IDELaunchParametersSnapshot: no debugger version
    t =     0.25s             Setting up automation session
    t =     0.30s             Wait for com.mdd.kanpan to idle
    t =     1.38s     Waiting 30.0s for "chart.canvas" Other to exist
    t =     2.40s         Checking `Expect predicate `existsNoRetry == 1` for object "chart.canvas" Other`
    t =     2.41s             Checking existence of `"chart.canvas" Other`
    t =     2.42s                 Requesting snapshot of accessibility hierarchy for app with pid 1896
    t =     2.50s                 Find: Descendants matching type Other
    t =     2.50s                 Find: Elements matching predicate '"chart.canvas" IN identifiers'
    t =     3.54s     Find the "chart.canvas" Other
    t =     3.55s         Requesting snapshot of accessibility hierarchy for app with pid 1896
    t =     3.59s         Find: Descendants matching type Other
    t =     3.59s         Find: Elements matching predicate '"chart.canvas" IN identifiers'
    t =     3.64s Waiting 5.0s for "interval.chip.1d" Button to exist
    t =     4.72s     Checking `Expect predicate `existsNoRetry == 1` for object "interval.chip.1d" Button`
    t =     4.72s         Checking existence of `"interval.chip.1d" Button`
    t =     4.73s             Requesting snapshot of accessibility hierarchy for app with pid 1896
    t =     4.76s             Find: Descendants matching type Button
    t =     4.76s             Find: Elements matching predicate '"interval.chip.1d" IN identifiers'
    t =     4.77s Find the "interval.chip.1d" Button
    t =     4.77s     Requesting snapshot of accessibility hierarchy for app with pid 1896
    t =     4.80s     Find: Descendants matching type Button
    t =     4.80s     Find: Elements matching predicate '"interval.chip.1d" IN identifiers'
    t =     4.82s Find the "interval.quick" ScrollView
    t =     4.83s     Requesting snapshot of accessibility hierarchy for app with pid 1896
    t =     4.85s     Find: Descendants matching type ScrollView
    t =     4.85s     Find: Elements matching predicate '"interval.quick" IN identifiers'
    t =     4.86s Find the "interval.chip.1d" Button
    t =     4.86s     Requesting snapshot of accessibility hierarchy for app with pid 1896
    t =     4.89s     Find: Descendants matching type Button
    t =     4.89s     Find: Elements matching predicate '"interval.chip.1d" IN identifiers'
    t =     4.90s Tap "interval.chip.1d" Button
    t =     4.90s     Wait for com.mdd.kanpan to idle
    t =     4.91s     Find the "interval.chip.1d" Button
    t =     4.91s         Requesting snapshot of accessibility hierarchy for app with pid 1896
    t =     4.94s         Find: Descendants matching type Button
    t =     4.94s         Find: Elements matching predicate '"interval.chip.1d" IN identifiers'
    t =     4.94s     Check for interrupting elements affecting "interval.chip.1d" Button
    t =     4.96s         Requesting snapshot of accessibility hierarchy for app with pid 1896
    t =     5.00s         Find: Descendants matching predicate identifier == "NotificationShortLookView" OR elementType == 7
    t =     5.01s     Synthesize event
    t =     5.31s     Wait for com.mdd.kanpan to idle
    t =     6.35s Find the "chart.canvas" Other
    t =     6.36s     Requesting snapshot of accessibility hierarchy for app with pid 1896
    t =     6.41s     Find: Descendants matching type Other
    t =     6.41s     Find: Elements matching predicate '"chart.canvas" IN identifiers'
    t =     6.44s Find the "chart.canvas" Other
    t =     6.44s     Requesting snapshot of accessibility hierarchy for app with pid 1896
    t =     6.48s     Find: Descendants matching type Other
    t =     6.48s     Find: Elements matching predicate '"chart.canvas" IN identifiers'
    t =     7.33s Find the "chart.canvas" Other
    t =     7.33s     Requesting snapshot of accessibility hierarchy for app with pid 1896
    t =     7.37s     Find: Descendants matching type Other
    t =     7.37s     Find: Elements matching predicate '"chart.canvas" IN identifiers'
    t =     7.38s Find the "chart.canvas" Other
    t =     7.38s     Requesting snapshot of accessibility hierarchy for app with pid 1896
    t =     7.41s     Find: Descendants matching type Other
    t =     7.41s     Find: Elements matching predicate '"chart.canvas" IN identifiers'
    t =     7.42s Find the "chart.canvas" Other
    t =     7.42s     Requesting snapshot of accessibility hierarchy for app with pid 1896
    t =     7.45s     Find: Descendants matching type Other
    t =     7.45s     Find: Elements matching predicate '"chart.canvas" IN identifiers'
    t =     7.46s Find the "chart.canvas" Other
    t =     7.47s     Requesting snapshot of accessibility hierarchy for app with pid 1896
    t =     7.50s     Find: Descendants matching type Other
    t =     7.50s     Find: Elements matching predicate '"chart.canvas" IN identifiers'
    t =     7.51s Find the Target Application 'com.mdd.kanpan'
    t =     7.51s     Requesting snapshot of accessibility hierarchy for app with pid 1896
    t =     7.69s Added attachment named '日线OI-历史周期对齐'
    t =     7.69s Tear Down
    t =     7.69s     Find the Target Application 'com.mdd.kanpan'
    t =     7.69s         Requesting snapshot of accessibility hierarchy for app with pid 1896
    t =     7.79s     Added attachment named 'Screenshot of Target Application 'com.mdd.kanpan'.png'
    t =     7.79s     Requesting snapshot of accessibility hierarchy for app with pid 1896
    t =     7.87s     Requesting snapshot of accessibility hierarchy for app with pid 1896
    t =     7.92s     Find the "chart.canvas" Other
    t =     7.92s         Requesting snapshot of accessibility hierarchy for app with pid 1896
    t =     7.94s         Find: Descendants matching type Other
    t =     7.94s         Find: Elements matching predicate '"chart.canvas" IN identifiers'
    t =     7.95s     Added attachment of type 'public.plain-text'
    t =     7.95s     Terminate com.mdd.kanpan:1896
Test Case '-[KanpanUITests.ChartFoundationUITests testHistoricalOIUsesChartPeriod]' passed (9.076 seconds).
Test Case '-[KanpanUITests.ChartFoundationUITests testLiveMarketUpdatesWithinSeconds]' started.
    t =     0.00s Start Test at 2026-09-15 02:04:38.032
    t =     0.02s Set Up
    t =     0.02s     Setting device orientation to Portrait
    t =     0.03s         Wait for com.apple.springboard to idle
    t =     0.03s     Open com.mdd.kanpan
    t =     0.03s         Launch com.mdd.kanpan
2026-09-15 02:04:38.110 xcodebuild[22161:32164334] [MT] IDELaunchParametersSnapshot: The operation couldn’t be completed. (DebuggerLLDB.DebuggerVersionStore.StoreError error 0.)
2026-09-15 02:04:38.110 xcodebuild[22161:32164334] [MT] IDELaunchParametersSnapshot: no debugger version
    t =     0.25s             Setting up automation session
    t =     0.27s             Wait for com.mdd.kanpan to idle
    t =     1.34s     Waiting 30.0s for "chart.canvas" Other to exist
    t =     2.37s         Checking `Expect predicate `existsNoRetry == 1` for object "chart.canvas" Other`
    t =     2.38s             Checking existence of `"chart.canvas" Other`
    t =     2.38s                 Requesting snapshot of accessibility hierarchy for app with pid 1897
    t =     2.43s                 Find: Descendants matching type Other
    t =     2.43s                 Find: Elements matching predicate '"chart.canvas" IN identifiers'
    t =     3.47s     Find the "chart.canvas" Other
    t =     3.48s         Requesting snapshot of accessibility hierarchy for app with pid 1897
    t =     3.54s         Find: Descendants matching type Other
    t =     3.55s         Find: Elements matching predicate '"chart.canvas" IN identifiers'
    t =     4.60s Find the "chart.canvas" Other
    t =     4.61s     Requesting snapshot of accessibility hierarchy for app with pid 1897
    t =     4.66s     Find: Descendants matching type Other
    t =     4.66s     Find: Elements matching predicate '"chart.canvas" IN identifiers'
    t =     5.59s Find the "chart.canvas" Other
    t =     5.60s     Requesting snapshot of accessibility hierarchy for app with pid 1897
    t =     5.66s     Find: Descendants matching type Other
    t =     5.66s     Find: Elements matching predicate '"chart.canvas" IN identifiers'
    t =     6.59s Find the "chart.canvas" Other
    t =     6.60s     Requesting snapshot of accessibility hierarchy for app with pid 1897
    t =     6.64s     Find: Descendants matching type Other
    t =     6.64s     Find: Elements matching predicate '"chart.canvas" IN identifiers'
    t =     7.57s Find the "chart.canvas" Other
    t =     7.58s     Requesting snapshot of accessibility hierarchy for app with pid 1897
    t =     7.63s     Find: Descendants matching type Other
    t =     7.63s     Find: Elements matching predicate '"chart.canvas" IN identifiers'
    t =     8.57s Find the "chart.canvas" Other
    t =     8.58s     Requesting snapshot of accessibility hierarchy for app with pid 1897
    t =     8.64s     Find: Descendants matching type Other
    t =     8.64s     Find: Elements matching predicate '"chart.canvas" IN identifiers'
    t =     8.65s Added attachment named '实时行情变化采样'
    t =     8.66s Find the Target Application 'com.mdd.kanpan'
    t =     8.66s     Requesting snapshot of accessibility hierarchy for app with pid 1897
    t =     8.79s Added attachment named '实时行情-持续更新'
    t =     8.79s Tear Down
    t =     8.79s     Find the Target Application 'com.mdd.kanpan'
    t =     8.79s         Requesting snapshot of accessibility hierarchy for app with pid 1897
    t =     8.88s     Added attachment named 'Screenshot of Target Application 'com.mdd.kanpan'.png'
    t =     8.88s     Requesting snapshot of accessibility hierarchy for app with pid 1897
    t =     8.97s     Requesting snapshot of accessibility hierarchy for app with pid 1897
    t =     9.02s     Find the "chart.canvas" Other
    t =     9.03s         Requesting snapshot of accessibility hierarchy for app with pid 1897
    t =     9.04s         Find: Descendants matching type Other
    t =     9.04s         Find: Elements matching predicate '"chart.canvas" IN identifiers'
    t =     9.05s     Added attachment of type 'public.plain-text'
    t =     9.05s     Terminate com.mdd.kanpan:1897
Test Case '-[KanpanUITests.ChartFoundationUITests testLiveMarketUpdatesWithinSeconds]' passed (10.165 seconds).
Test Case '-[KanpanUITests.ChartFoundationUITests testTradFiSearchAndMarketData]' started.
    t =     0.00s Start Test at 2026-09-15 02:04:48.200
    t =     0.02s Set Up
    t =     0.02s     Setting device orientation to Portrait
    t =     0.03s         Wait for com.apple.springboard to idle
    t =     0.03s     Open com.mdd.kanpan
    t =     0.03s         Launch com.mdd.kanpan
2026-09-15 02:04:48.279 xcodebuild[22161:32164334] [MT] IDELaunchParametersSnapshot: The operation couldn’t be completed. (DebuggerLLDB.DebuggerVersionStore.StoreError error 0.)
2026-09-15 02:04:48.279 xcodebuild[22161:32164334] [MT] IDELaunchParametersSnapshot: no debugger version
    t =     0.25s             Setting up automation session
    t =     0.27s             Wait for com.mdd.kanpan to idle
    t =     1.35s     Waiting 30.0s for "chart.canvas" Other to exist
    t =     2.38s         Checking `Expect predicate `existsNoRetry == 1` for object "chart.canvas" Other`
    t =     2.38s             Checking existence of `"chart.canvas" Other`
    t =     2.39s                 Requesting snapshot of accessibility hierarchy for app with pid 1898
    t =     2.45s                 Find: Descendants matching type Other
    t =     2.46s                 Find: Elements matching predicate '"chart.canvas" IN identifiers'
    t =     3.49s     Find the "chart.canvas" Other
    t =     3.50s         Requesting snapshot of accessibility hierarchy for app with pid 1898
    t =     3.55s         Find: Descendants matching type Other
    t =     3.56s         Find: Elements matching predicate '"chart.canvas" IN identifiers'
    t =     3.58s Tap "top.search" Button
    t =     3.58s     Wait for com.mdd.kanpan to idle
    t =     3.58s     Find the "top.search" Button
    t =     3.59s         Requesting snapshot of accessibility hierarchy for app with pid 1898
    t =     3.62s         Find: Descendants matching type Button
    t =     3.63s         Find: Elements matching predicate '"top.search" IN identifiers'
    t =     3.63s     Check for interrupting elements affecting "top.search" Button
    t =     3.65s         Requesting snapshot of accessibility hierarchy for app with pid 1898
    t =     3.68s         Find: Descendants matching predicate identifier == "NotificationShortLookView" OR elementType == 7
    t =     3.69s     Synthesize event
    t =     4.00s     Wait for com.mdd.kanpan to idle
    t =     4.35s Waiting 5.0s for "symbols.query" TextField to exist
    t =     5.39s     Checking `Expect predicate `existsNoRetry == 1` for object "symbols.query" TextField`
    t =     5.39s         Checking existence of `"symbols.query" TextField`
    t =     5.40s             Requesting snapshot of accessibility hierarchy for app with pid 1898
    t =     5.49s             Find: Descendants matching type TextField
    t =     5.49s             Find: Elements matching predicate '"symbols.query" IN identifiers'
    t =     5.49s Tap "symbols.query" TextField
    t =     5.49s     Wait for com.mdd.kanpan to idle
    t =     5.50s     Find the "symbols.query" TextField
    t =     5.50s         Requesting snapshot of accessibility hierarchy for app with pid 1898
    t =     5.57s         Find: Descendants matching type TextField
    t =     5.57s         Find: Elements matching predicate '"symbols.query" IN identifiers'
    t =     5.57s     Check for interrupting elements affecting "symbols.query" TextField
    t =     5.58s         Requesting snapshot of accessibility hierarchy for app with pid 1898
    t =     5.65s         Find: Descendants matching predicate identifier == "NotificationShortLookView" OR elementType == 7
    t =     5.67s     Synthesize event
    t =     6.01s     Wait for com.mdd.kanpan to idle
    t =     6.05s Find the "symbols.query" TextField
    t =     6.06s     Requesting snapshot of accessibility hierarchy for app with pid 1898
    t =     6.15s     Find: Descendants matching type TextField
    t =     6.16s     Find: Elements matching predicate '"symbols.query" IN identifiers'
    t =     6.16s Type 'SNDKUSDT' into "symbols.query" TextField
    t =     6.16s     Wait for com.mdd.kanpan to idle
    t =     6.44s     Find the "symbols.query" TextField
    t =     6.45s         Requesting snapshot of accessibility hierarchy for app with pid 1898
    t =     6.57s         Find: Descendants matching type TextField
    t =     6.57s         Find: Elements matching predicate '"symbols.query" IN identifiers'
    t =     6.58s     Check for interrupting elements affecting "symbols.query" TextField
    t =     6.59s         Requesting snapshot of accessibility hierarchy for app with pid 1898
    t =     6.67s         Find: Descendants matching predicate identifier == "NotificationShortLookView" OR elementType == 7
    t =     6.68s     Synthesize event
    t =     7.02s     Wait for com.mdd.kanpan to idle
    t =     7.20s Waiting 30.0s for "symbols.row.SNDKUSDT" Any to exist
    t =     8.23s     Checking `Expect predicate `existsNoRetry == 1` for object "symbols.row.SNDKUSDT" Any`
    t =     8.23s         Checking existence of `"symbols.row.SNDKUSDT" Any`
    t =     8.24s             Requesting snapshot of accessibility hierarchy for app with pid 1898
    t =     8.33s Tap "symbols.row.SNDKUSDT" Any
    t =     8.33s     Wait for com.mdd.kanpan to idle
    t =     8.34s     Find the "symbols.row.SNDKUSDT" Any
    t =     8.34s         Requesting snapshot of accessibility hierarchy for app with pid 1898
    t =     8.43s     Check for interrupting elements affecting "symbols.row.SNDKUSDT" StaticText
    t =     8.44s         Requesting snapshot of accessibility hierarchy for app with pid 1898
    t =     8.51s         Find: Descendants matching predicate identifier == "NotificationShortLookView" OR elementType == 7
    t =     8.54s     Synthesize event
    t =     8.83s     Wait for com.mdd.kanpan to idle
    t =    10.27s Find the "chart.canvas" Other
    t =    10.28s     Requesting snapshot of accessibility hierarchy for app with pid 1898
    t =    10.33s     Find: Descendants matching type Other
    t =    10.33s     Find: Elements matching predicate '"chart.canvas" IN identifiers'
    t =    10.35s Find the "chart.canvas" Other
    t =    10.35s     Requesting snapshot of accessibility hierarchy for app with pid 1898
    t =    10.39s     Find: Descendants matching type Other
    t =    10.40s     Find: Elements matching predicate '"chart.canvas" IN identifiers'
    t =    10.41s Find the "chart.canvas" Other
    t =    10.41s     Requesting snapshot of accessibility hierarchy for app with pid 1898
    t =    10.46s     Find: Descendants matching type Other
    t =    10.46s     Find: Elements matching predicate '"chart.canvas" IN identifiers'
    t =    10.48s Find the Target Application 'com.mdd.kanpan'
    t =    10.48s     Requesting snapshot of accessibility hierarchy for app with pid 1898
    t =    10.63s Added attachment named 'TradFi-SNDKUSDT'
    t =    10.63s Tap "top.search" Button
    t =    10.63s     Wait for com.mdd.kanpan to idle
    t =    10.63s     Find the "top.search" Button
    t =    10.63s         Requesting snapshot of accessibility hierarchy for app with pid 1898
    t =    10.66s         Find: Descendants matching type Button
    t =    10.66s         Find: Elements matching predicate '"top.search" IN identifiers'
    t =    10.66s     Check for interrupting elements affecting "top.search" Button
    t =    10.67s         Requesting snapshot of accessibility hierarchy for app with pid 1898
    t =    10.70s         Find: Descendants matching predicate identifier == "NotificationShortLookView" OR elementType == 7
    t =    10.70s     Synthesize event
    t =    11.02s     Wait for com.mdd.kanpan to idle
    t =    11.39s Waiting 5.0s for "symbols.query" TextField to exist
    t =    12.41s     Checking `Expect predicate `existsNoRetry == 1` for object "symbols.query" TextField`
    t =    12.41s         Checking existence of `"symbols.query" TextField`
    t =    12.42s             Requesting snapshot of accessibility hierarchy for app with pid 1898
    t =    12.51s             Find: Descendants matching type TextField
    t =    12.51s             Find: Elements matching predicate '"symbols.query" IN identifiers'
    t =    12.52s Tap "symbols.query" TextField
    t =    12.52s     Wait for com.mdd.kanpan to idle
    t =    12.52s     Find the "symbols.query" TextField
    t =    12.52s         Requesting snapshot of accessibility hierarchy for app with pid 1898
    t =    12.57s         Find: Descendants matching type TextField
    t =    12.58s         Find: Elements matching predicate '"symbols.query" IN identifiers'
    t =    12.58s     Check for interrupting elements affecting "symbols.query" TextField
    t =    12.59s         Requesting snapshot of accessibility hierarchy for app with pid 1898
    t =    12.63s         Find: Descendants matching predicate identifier == "NotificationShortLookView" OR elementType == 7
    t =    12.64s     Synthesize event
    t =    12.97s     Wait for com.mdd.kanpan to idle
    t =    12.98s Find the "symbols.query" TextField
    t =    12.98s     Requesting snapshot of accessibility hierarchy for app with pid 1898
    t =    13.05s     Find: Descendants matching type TextField
    t =    13.06s     Find: Elements matching predicate '"symbols.query" IN identifiers'
    t =    13.06s Find the "symbols.query" TextField
    t =    13.06s     Requesting snapshot of accessibility hierarchy for app with pid 1898
    t =    13.11s     Find: Descendants matching type TextField
    t =    13.11s     Find: Elements matching predicate '"symbols.query" IN identifiers'
    t =    13.11s Type '' into "symbols.query" TextField
    t =    13.11s     Wait for com.mdd.kanpan to idle
    t =    13.39s     Find the "symbols.query" TextField
    t =    13.40s         Requesting snapshot of accessibility hierarchy for app with pid 1898
    t =    13.48s         Find: Descendants matching type TextField
    t =    13.48s         Find: Elements matching predicate '"symbols.query" IN identifiers'
    t =    13.49s     Check for interrupting elements affecting "symbols.query" TextField
    t =    13.50s         Requesting snapshot of accessibility hierarchy for app with pid 1898
    t =    13.58s         Find: Descendants matching predicate identifier == "NotificationShortLookView" OR elementType == 7
    t =    13.60s     Synthesize event
    t =    13.97s     Wait for com.mdd.kanpan to idle
    t =    14.19s Type 'SKHYUSDT' into "symbols.query" TextField
    t =    14.19s     Wait for com.mdd.kanpan to idle
    t =    14.20s     Find the "symbols.query" TextField
    t =    14.21s         Requesting snapshot of accessibility hierarchy for app with pid 1898
    t =    14.28s         Find: Descendants matching type TextField
    t =    14.29s         Find: Elements matching predicate '"symbols.query" IN identifiers'
    t =    14.29s     Check for interrupting elements affecting "symbols.query" TextField
    t =    14.30s         Requesting snapshot of accessibility hierarchy for app with pid 1898
    t =    14.37s         Find: Descendants matching predicate identifier == "NotificationShortLookView" OR elementType == 7
    t =    14.37s     Synthesize event
    t =    14.71s     Wait for com.mdd.kanpan to idle
    t =    14.73s Waiting 30.0s for "symbols.row.SKHYUSDT" Any to exist
    t =    15.76s     Checking `Expect predicate `existsNoRetry == 1` for object "symbols.row.SKHYUSDT" Any`
    t =    15.76s         Checking existence of `"symbols.row.SKHYUSDT" Any`
    t =    15.77s             Requesting snapshot of accessibility hierarchy for app with pid 1898
    t =    15.86s Tap "symbols.row.SKHYUSDT" Any
    t =    15.86s     Wait for com.mdd.kanpan to idle
    t =    15.87s     Find the "symbols.row.SKHYUSDT" Any
    t =    15.87s         Requesting snapshot of accessibility hierarchy for app with pid 1898
    t =    15.93s     Check for interrupting elements affecting "symbols.row.SKHYUSDT" StaticText
    t =    15.94s         Requesting snapshot of accessibility hierarchy for app with pid 1898
    t =    15.96s         Find: Descendants matching predicate identifier == "NotificationShortLookView" OR elementType == 7
    t =    15.98s     Synthesize event
    t =    16.27s     Wait for com.mdd.kanpan to idle
    t =    17.64s Find the "chart.canvas" Other
    t =    17.65s     Requesting snapshot of accessibility hierarchy for app with pid 1898
    t =    17.70s     Find: Descendants matching type Other
    t =    17.70s     Find: Elements matching predicate '"chart.canvas" IN identifiers'
    t =    17.72s Find the "chart.canvas" Other
    t =    17.72s     Requesting snapshot of accessibility hierarchy for app with pid 1898
    t =    17.77s     Find: Descendants matching type Other
    t =    17.77s     Find: Elements matching predicate '"chart.canvas" IN identifiers'
    t =    17.78s Find the "chart.canvas" Other
    t =    17.79s     Requesting snapshot of accessibility hierarchy for app with pid 1898
    t =    17.83s     Find: Descendants matching type Other
    t =    17.83s     Find: Elements matching predicate '"chart.canvas" IN identifiers'
    t =    17.85s Find the Target Application 'com.mdd.kanpan'
    t =    17.85s     Requesting snapshot of accessibility hierarchy for app with pid 1898
    t =    18.01s Added attachment named 'TradFi-SKHYUSDT'
    t =    18.01s Tap "top.search" Button
    t =    18.01s     Wait for com.mdd.kanpan to idle
    t =    18.01s     Find the "top.search" Button
    t =    18.01s         Requesting snapshot of accessibility hierarchy for app with pid 1898
    t =    18.05s         Find: Descendants matching type Button
    t =    18.05s         Find: Elements matching predicate '"top.search" IN identifiers'
    t =    18.05s     Check for interrupting elements affecting "top.search" Button
    t =    18.05s         Requesting snapshot of accessibility hierarchy for app with pid 1898
    t =    18.08s         Find: Descendants matching predicate identifier == "NotificationShortLookView" OR elementType == 7
    t =    18.09s     Synthesize event
    t =    18.37s     Wait for com.mdd.kanpan to idle
    t =    18.75s Waiting 5.0s for "symbols.query" TextField to exist
    t =    19.78s     Checking `Expect predicate `existsNoRetry == 1` for object "symbols.query" TextField`
    t =    19.78s         Checking existence of `"symbols.query" TextField`
    t =    19.79s             Requesting snapshot of accessibility hierarchy for app with pid 1898
    t =    19.86s             Find: Descendants matching type TextField
    t =    19.87s             Find: Elements matching predicate '"symbols.query" IN identifiers'
    t =    19.88s Tap "symbols.query" TextField
    t =    19.88s     Wait for com.mdd.kanpan to idle
    t =    19.88s     Find the "symbols.query" TextField
    t =    19.88s         Requesting snapshot of accessibility hierarchy for app with pid 1898
    t =    19.93s         Find: Descendants matching type TextField
    t =    19.93s         Find: Elements matching predicate '"symbols.query" IN identifiers'
    t =    19.94s     Check for interrupting elements affecting "symbols.query" TextField
    t =    19.95s         Requesting snapshot of accessibility hierarchy for app with pid 1898
    t =    19.99s         Find: Descendants matching predicate identifier == "NotificationShortLookView" OR elementType == 7
    t =    20.00s     Synthesize event
    t =    20.30s     Wait for com.mdd.kanpan to idle
    t =    20.31s Find the "symbols.query" TextField
    t =    20.31s     Requesting snapshot of accessibility hierarchy for app with pid 1898
    t =    20.37s     Find: Descendants matching type TextField
    t =    20.38s     Find: Elements matching predicate '"symbols.query" IN identifiers'
    t =    20.38s Find the "symbols.query" TextField
    t =    20.39s     Requesting snapshot of accessibility hierarchy for app with pid 1898
    t =    20.44s     Find: Descendants matching type TextField
    t =    20.44s     Find: Elements matching predicate '"symbols.query" IN identifiers'
    t =    20.44s Type '' into "symbols.query" TextField
    t =    20.45s     Wait for com.mdd.kanpan to idle
    t =    20.75s     Find the "symbols.query" TextField
    t =    20.75s         Requesting snapshot of accessibility hierarchy for app with pid 1898
    t =    20.81s         Find: Descendants matching type TextField
    t =    20.81s         Find: Elements matching predicate '"symbols.query" IN identifiers'
    t =    20.82s     Check for interrupting elements affecting "symbols.query" TextField
    t =    20.83s         Requesting snapshot of accessibility hierarchy for app with pid 1898
    t =    20.89s         Find: Descendants matching predicate identifier == "NotificationShortLookView" OR elementType == 7
    t =    20.89s     Synthesize event
    t =    21.24s     Wait for com.mdd.kanpan to idle
    t =    21.40s Type 'MUUSDT' into "symbols.query" TextField
    t =    21.40s     Wait for com.mdd.kanpan to idle
    t =    21.41s     Find the "symbols.query" TextField
    t =    21.42s         Requesting snapshot of accessibility hierarchy for app with pid 1898
    t =    21.50s         Find: Descendants matching type TextField
    t =    21.51s         Find: Elements matching predicate '"symbols.query" IN identifiers'
    t =    21.51s     Check for interrupting elements affecting "symbols.query" TextField
    t =    21.52s         Requesting snapshot of accessibility hierarchy for app with pid 1898
    t =    21.59s         Find: Descendants matching predicate identifier == "NotificationShortLookView" OR elementType == 7
    t =    21.60s     Synthesize event
    t =    21.91s     Wait for com.mdd.kanpan to idle
    t =    21.92s Waiting 30.0s for "symbols.row.MUUSDT" Any to exist
    t =    22.94s     Checking `Expect predicate `existsNoRetry == 1` for object "symbols.row.MUUSDT" Any`
    t =    22.94s         Checking existence of `"symbols.row.MUUSDT" Any`
    t =    22.95s             Requesting snapshot of accessibility hierarchy for app with pid 1898
    t =    23.06s Tap "symbols.row.MUUSDT" Any
    t =    23.06s     Wait for com.mdd.kanpan to idle
    t =    23.06s     Find the "symbols.row.MUUSDT" Any
    t =    23.07s         Requesting snapshot of accessibility hierarchy for app with pid 1898
    t =    23.16s     Check for interrupting elements affecting "symbols.row.MUUSDT" StaticText
    t =    23.17s         Requesting snapshot of accessibility hierarchy for app with pid 1898
    t =    23.21s         Find: Descendants matching predicate identifier == "NotificationShortLookView" OR elementType == 7
    t =    23.24s     Synthesize event
    t =    23.54s     Wait for com.mdd.kanpan to idle
    t =    24.96s Find the "chart.canvas" Other
    t =    24.97s     Requesting snapshot of accessibility hierarchy for app with pid 1898
    t =    25.02s     Find: Descendants matching type Other
    t =    25.02s     Find: Elements matching predicate '"chart.canvas" IN identifiers'
    t =    25.03s Find the "chart.canvas" Other
    t =    25.04s     Requesting snapshot of accessibility hierarchy for app with pid 1898
    t =    25.08s     Find: Descendants matching type Other
    t =    25.08s     Find: Elements matching predicate '"chart.canvas" IN identifiers'
    t =    25.10s Find the "chart.canvas" Other
    t =    25.10s     Requesting snapshot of accessibility hierarchy for app with pid 1898
    t =    25.14s     Find: Descendants matching type Other
    t =    25.15s     Find: Elements matching predicate '"chart.canvas" IN identifiers'
    t =    25.16s Find the Target Application 'com.mdd.kanpan'
    t =    25.17s     Requesting snapshot of accessibility hierarchy for app with pid 1898
    t =    25.32s Added attachment named 'TradFi-MUUSDT'
    t =    25.32s Tear Down
    t =    25.32s     Find the Target Application 'com.mdd.kanpan'
    t =    25.33s         Requesting snapshot of accessibility hierarchy for app with pid 1898
    t =    25.43s     Added attachment named 'Screenshot of Target Application 'com.mdd.kanpan'.png'
    t =    25.43s     Requesting snapshot of accessibility hierarchy for app with pid 1898
    t =    25.52s     Requesting snapshot of accessibility hierarchy for app with pid 1898
    t =    25.57s     Find the "chart.canvas" Other
    t =    25.57s         Requesting snapshot of accessibility hierarchy for app with pid 1898
    t =    25.60s         Find: Descendants matching type Other
    t =    25.60s         Find: Elements matching predicate '"chart.canvas" IN identifiers'
    t =    25.60s     Added attachment of type 'public.plain-text'
    t =    25.60s     Terminate com.mdd.kanpan:1898
Test Case '-[KanpanUITests.ChartFoundationUITests testTradFiSearchAndMarketData]' passed (26.695 seconds).
Test Suite 'ChartFoundationUITests' passed at 2026-09-15 02:05:14.896.
	 Executed 3 tests, with 0 failures (0 unexpected) in 45.936 (45.944) seconds
Test Suite 'MainScreenUITests' started at 2026-09-15 02:05:14.900.
Test Case '-[KanpanUITests.MainScreenUITests testDrawingModeEntersAndExits]' started.
    t =     0.00s Start Test at 2026-09-15 02:05:14.904
    t =     0.02s Set Up
    t =     0.02s     Open com.mdd.kanpan
    t =     0.02s         Launch com.mdd.kanpan
2026-09-15 02:05:14.973 xcodebuild[22161:32164334] [MT] IDELaunchParametersSnapshot: The operation couldn’t be completed. (DebuggerLLDB.DebuggerVersionStore.StoreError error 0.)
2026-09-15 02:05:14.973 xcodebuild[22161:32164334] [MT] IDELaunchParametersSnapshot: no debugger version
    t =     0.24s             Setting up automation session
    t =     0.26s             Wait for com.mdd.kanpan to idle
    t =     1.34s     Waiting 30.0s for "top.symbol" Button to exist
    t =     2.36s         Checking `Expect predicate `existsNoRetry == 1` for object "top.symbol" Button`
    t =     2.36s             Checking existence of `"top.symbol" Button`
    t =     2.37s                 Requesting snapshot of accessibility hierarchy for app with pid 1899
    t =     2.46s                 Find: Descendants matching type Button
    t =     2.46s                 Find: Elements matching predicate '"top.symbol" IN identifiers'
    t =     2.47s     Find the Window (First Match)
    t =     2.47s         Requesting snapshot of accessibility hierarchy for app with pid 1899
    t =     2.50s     Find the "interval.more" Button
    t =     2.50s         Requesting snapshot of accessibility hierarchy for app with pid 1899
    t =     2.52s         Find: Descendants matching type Button
    t =     2.53s         Find: Elements matching predicate '"interval.more" IN identifiers'
    t =     2.54s     Find the "bottom.style" Button
    t =     2.54s         Requesting snapshot of accessibility hierarchy for app with pid 1899
    t =     2.56s         Find: Descendants matching type Button
    t =     2.56s         Find: Elements matching predicate '"bottom.style" IN identifiers'
    t =     2.58s Tap "interval.draw" Button
    t =     2.58s     Wait for com.mdd.kanpan to idle
    t =     2.58s     Find the "interval.draw" Button
    t =     2.58s         Requesting snapshot of accessibility hierarchy for app with pid 1899
    t =     2.60s         Find: Descendants matching type Button
    t =     2.60s         Find: Elements matching predicate '"interval.draw" IN identifiers'
    t =     2.61s     Check for interrupting elements affecting "interval.draw" Button
    t =     2.62s         Requesting snapshot of accessibility hierarchy for app with pid 1899
    t =     2.63s         Find: Descendants matching predicate identifier == "NotificationShortLookView" OR elementType == 7
    t =     2.64s     Synthesize event
    t =     2.93s     Wait for com.mdd.kanpan to idle
    t =     2.94s Waiting 8.0s for "draw.trend" Button to exist
    t =     3.96s     Checking `Expect predicate `existsNoRetry == 1` for object "draw.trend" Button`
    t =     3.96s         Checking existence of `"draw.trend" Button`
    t =     3.97s             Requesting snapshot of accessibility hierarchy for app with pid 1899
    t =     4.02s             Find: Descendants matching type Button
    t =     4.02s             Find: Elements matching predicate '"draw.trend" IN identifiers'
    t =     4.03s Waiting 8.0s for "draw.hline" Button to exist
    t =     5.06s     Checking `Expect predicate `existsNoRetry == 1` for object "draw.hline" Button`
    t =     5.06s         Checking existence of `"draw.hline" Button`
    t =     5.07s             Requesting snapshot of accessibility hierarchy for app with pid 1899
    t =     5.11s             Find: Descendants matching type Button
    t =     5.12s             Find: Elements matching predicate '"draw.hline" IN identifiers'
    t =     5.12s Tap "draw.finish" Button
    t =     5.12s     Wait for com.mdd.kanpan to idle
    t =     5.13s     Find the "draw.finish" Button
    t =     5.13s         Requesting snapshot of accessibility hierarchy for app with pid 1899
    t =     5.17s         Find: Descendants matching type Button
    t =     5.18s         Find: Elements matching predicate '"draw.finish" IN identifiers'
    t =     5.18s     Check for interrupting elements affecting "draw.finish" Button
    t =     5.20s         Requesting snapshot of accessibility hierarchy for app with pid 1899
    t =     5.28s         Find: Descendants matching predicate identifier == "NotificationShortLookView" OR elementType == 7
    t =     5.28s     Synthesize event
    t =     5.59s     Wait for com.mdd.kanpan to idle
    t =     5.59s Checking existence of `"draw.trend" Button`
    t =     5.60s     Requesting snapshot of accessibility hierarchy for app with pid 1899
    t =     5.64s     Find: Descendants matching type Button
    t =     5.64s     Find: Elements matching predicate '"draw.trend" IN identifiers'
    t =     5.65s Tap "interval.draw" Button
    t =     5.65s     Wait for com.mdd.kanpan to idle
    t =     5.65s     Find the "interval.draw" Button
    t =     5.66s         Requesting snapshot of accessibility hierarchy for app with pid 1899
    t =     5.69s         Find: Descendants matching type Button
    t =     5.70s         Find: Elements matching predicate '"interval.draw" IN identifiers'
    t =     5.70s     Check for interrupting elements affecting "interval.draw" Button
    t =     5.72s         Requesting snapshot of accessibility hierarchy for app with pid 1899
    t =     5.75s         Find: Descendants matching predicate identifier == "NotificationShortLookView" OR elementType == 7
    t =     5.76s     Synthesize event
    t =     6.06s     Wait for com.mdd.kanpan to idle
    t =     6.07s Waiting 8.0s for "draw.trend" Button to exist
    t =     7.10s     Checking `Expect predicate `existsNoRetry == 1` for object "draw.trend" Button`
    t =     7.10s         Checking existence of `"draw.trend" Button`
    t =     7.11s             Requesting snapshot of accessibility hierarchy for app with pid 1899
    t =     7.16s             Find: Descendants matching type Button
    t =     7.16s             Find: Elements matching predicate '"draw.trend" IN identifiers'
    t =     7.17s Tap "interval.draw" Button
    t =     7.17s     Wait for com.mdd.kanpan to idle
    t =     7.17s     Find the "interval.draw" Button
    t =     7.18s         Requesting snapshot of accessibility hierarchy for app with pid 1899
    t =     7.21s         Find: Descendants matching type Button
    t =     7.22s         Find: Elements matching predicate '"interval.draw" IN identifiers'
    t =     7.22s     Check for interrupting elements affecting "interval.draw" Button
    t =     7.24s         Requesting snapshot of accessibility hierarchy for app with pid 1899
    t =     7.29s         Find: Descendants matching predicate identifier == "NotificationShortLookView" OR elementType == 7
    t =     7.31s     Synthesize event
    t =     7.62s     Wait for com.mdd.kanpan to idle
    t =     7.63s Checking existence of `"draw.trend" Button`
    t =     7.63s     Requesting snapshot of accessibility hierarchy for app with pid 1899
    t =     7.67s     Find: Descendants matching type Button
    t =     7.67s     Find: Elements matching predicate '"draw.trend" IN identifiers'
    t =     7.68s Tear Down
Test Case '-[KanpanUITests.MainScreenUITests testDrawingModeEntersAndExits]' passed (7.943 seconds).
Test Suite 'MainScreenUITests' passed at 2026-09-15 02:05:22.847.
	 Executed 1 test, with 0 failures (0 unexpected) in 7.943 (7.947) seconds
Test Suite 'KanpanUITests.xctest' passed at 2026-09-15 02:05:22.849.
	 Executed 4 tests, with 0 failures (0 unexpected) in 53.879 (53.897) seconds
Test Suite 'Selected tests' passed at 2026-09-15 02:05:22.850.
	 Executed 4 tests, with 0 failures (0 unexpected) in 53.879 (53.899) seconds
2026-09-15 02:05:23.347 xcodebuild[22161:32167003]  IDETestOperationsObserverDebug: Failure collecting diagnostics from devices: Process exited with error 1:
 ERROR: The operation couldn?t be completed. (CoreDeviceCLISupport.DiagnoseError error 0.)
This tool generates files that allow Apple to investigate issues with your
computer and help improve Apple products. The files might contain personal
information found on your device or associated with your Apple Account(s),
including but not limited to your name, serial numbers of your device,
your device name, your device's location over the last one to two days,
your attached peripheral devices, your user name, your email address and
email settings, file paths, file names, Siri suggestions, your computer's
IP addresses, and network connection information.

This information is used by Apple in accordance with its privacy policy
(www.apple.com/privacy) and is not shared with any other company. By using
this tool and sending the results to Apple, you consent to Apple using the
contents of these files to improve Apple products.

An error occurred while running devicectl diagnose. Will archive the diagnostics collected thus far.
Wrote file to /Users/mdd/zhk/kanpan/docs/acceptance/AICoin-base/foundation/native-device-complete.xcresult/Staging/1_Test/Diagnostics/devicectl_diagnostics.zip
Partial devicectl diagnose bundle located here: /Users/mdd/zhk/kanpan/docs/acceptance/AICoin-base/foundation/native-device-complete.xcresult/Staging/1_Test/Diagnostics/devicectl_diagnostics.zip

2026-09-15 02:05:23.368 xcodebuild[22161:32164334] [MT] IDETestOperationsObserverDebug: 277.002 elapsed -- Testing started completed.
2026-09-15 02:05:23.368 xcodebuild[22161:32164334] [MT] IDETestOperationsObserverDebug: 0.000 sec, +0.000 sec -- start
2026-09-15 02:05:23.368 xcodebuild[22161:32164334] [MT] IDETestOperationsObserverDebug: 277.002 sec, +277.002 sec -- end

Test session results, code coverage, and logs:
	/Users/mdd/zhk/kanpan/docs/acceptance/AICoin-base/foundation/native-device-complete.xcresult

Failing tests:
	ChartFoundationUITests.testFavoritesCategoriesAndNavigation()

** TEST EXECUTE FAILED **

2026-09-15 02:05:23.535 xcodebuild[22161:32164334] [MT] IDEResultKit: Warning: While writing a result bundle to /Users/mdd/zhk/kanpan/docs/acceptance/AICoin-base/foundation/native-device-complete.xcresult, not all contents have been imported, as the Staging directory still contains the following files/directories: ["DB846249-497A-4DC7-A0B9-F08794A6D687"]
Testing started
