Command line invocation:
    /Applications/Xcode.app/Contents/Developer/usr/bin/xcodebuild build-for-testing -workspace Kanpan.xcworkspace -scheme Kanpan -destination "generic/platform=iOS Simulator" -derivedDataPath DerivedData-chart-foundation ARCHS=arm64

Build settings from command line:
    ARCHS = arm64

Resolve Package Graph


Resolved source packages:
  KanpanChart: /Users/mdd/zhk/kanpan/KanpanChart @ local
  KanpanData: /Users/mdd/zhk/kanpan/KanpanData @ local
  KanpanCore: /Users/mdd/zhk/kanpan/KanpanCore @ local

ComputePackagePrebuildTargetDependencyGraph

Prepare packages

CreateBuildRequest

SendProjectDescription

CreateBuildOperation

ComputeTargetDependencyGraph
note: Building targets in dependency order
note: Target dependency graph (8 targets)
    Target 'KanpanUITests' in project 'Kanpan'
        ➜ Explicit dependency on target 'Kanpan' in project 'Kanpan'
    Target 'Kanpan' in project 'Kanpan'
        ➜ Explicit dependency on target 'KanpanCore' in project 'KanpanCore'
        ➜ Explicit dependency on target 'KanpanChart' in project 'KanpanChart'
        ➜ Explicit dependency on target 'KanpanData' in project 'KanpanData'
    Target 'KanpanData' in project 'KanpanData'
        ➜ Explicit dependency on target 'KanpanData' in project 'KanpanData'
        ➜ Explicit dependency on target 'KanpanCore' in project 'KanpanCore'
    Target 'KanpanData' in project 'KanpanData'
        ➜ Explicit dependency on target 'KanpanCore' in project 'KanpanCore'
    Target 'KanpanChart' in project 'KanpanChart'
        ➜ Explicit dependency on target 'KanpanChart' in project 'KanpanChart'
        ➜ Explicit dependency on target 'KanpanCore' in project 'KanpanCore'
    Target 'KanpanChart' in project 'KanpanChart'
        ➜ Explicit dependency on target 'KanpanCore' in project 'KanpanCore'
    Target 'KanpanCore' in project 'KanpanCore'
        ➜ Explicit dependency on target 'KanpanCore' in project 'KanpanCore'
    Target 'KanpanCore' in project 'KanpanCore' (no dependencies)

GatherProvisioningInputs

CreateBuildDescription

ExecuteExternalTool /Applications/Xcode.app/Contents/Developer/Toolchains/XcodeDefault.xctoolchain/usr/bin/swiftc --version

ExecuteExternalTool /Applications/Xcode.app/Contents/Developer/Toolchains/XcodeDefault.xctoolchain/usr/bin/clang -v -E -dM -isysroot /Applications/Xcode.app/Contents/Developer/Platforms/iPhoneSimulator.platform/Developer/SDKs/iPhoneSimulator26.5.sdk -x c -c /dev/null

ExecuteExternalTool /Applications/Xcode.app/Contents/Developer/usr/bin/actool --print-asset-tag-combinations --output-format xml1 /Users/mdd/zhk/kanpan/Kanpan/Kanpan/Assets.xcassets

ExecuteExternalTool /Applications/Xcode.app/Contents/Developer/Toolchains/XcodeDefault.xctoolchain/usr/bin/ld -version_details

ExecuteExternalTool /Applications/Xcode.app/Contents/Developer/usr/bin/actool --version --output-format xml1

Build description signature: e6b166fe1e153caa535e1f880599aa25
Build description path: /Users/mdd/zhk/kanpan/DerivedData-chart-foundation/Build/Intermediates.noindex/XCBuildData/e6b166fe1e153caa535e1f880599aa25.xcbuilddata
ClangStatCache /Applications/Xcode.app/Contents/Developer/Toolchains/XcodeDefault.xctoolchain/usr/bin/clang-stat-cache /Applications/Xcode.app/Contents/Developer/Platforms/iPhoneSimulator.platform/Developer/SDKs/iPhoneSimulator26.5.sdk /Users/mdd/zhk/kanpan/DerivedData-chart-foundation/SDKStatCaches.noindex/iphonesimulator26.5-23F81a-6cfe768891a92b912361537c460fe42b.sdkstatcache
    cd /Users/mdd/zhk/kanpan
    /Applications/Xcode.app/Contents/Developer/Toolchains/XcodeDefault.xctoolchain/usr/bin/clang-stat-cache /Applications/Xcode.app/Contents/Developer/Platforms/iPhoneSimulator.platform/Developer/SDKs/iPhoneSimulator26.5.sdk -o /Users/mdd/zhk/kanpan/DerivedData-chart-foundation/SDKStatCaches.noindex/iphonesimulator26.5-23F81a-6cfe768891a92b912361537c460fe42b.sdkstatcache

WriteAuxiliaryFile /Users/mdd/zhk/kanpan/DerivedData-chart-foundation/Build/Intermediates.noindex/KanpanData.build/Debug-iphonesimulator/KanpanData.build/Objects-normal/arm64/KanpanData.LinkFileList (in target 'KanpanData' from project 'KanpanData')
    cd /Users/mdd/zhk/kanpan/KanpanData
    write-file /Users/mdd/zhk/kanpan/DerivedData-chart-foundation/Build/Intermediates.noindex/KanpanData.build/Debug-iphonesimulator/KanpanData.build/Objects-normal/arm64/KanpanData.LinkFileList

WriteAuxiliaryFile /Users/mdd/zhk/kanpan/DerivedData-chart-foundation/Build/Intermediates.noindex/KanpanData.build/Debug-iphonesimulator/KanpanData.build/Objects-normal/arm64/KanpanData.SwiftFileList (in target 'KanpanData' from project 'KanpanData')
    cd /Users/mdd/zhk/kanpan/KanpanData
    write-file /Users/mdd/zhk/kanpan/DerivedData-chart-foundation/Build/Intermediates.noindex/KanpanData.build/Debug-iphonesimulator/KanpanData.build/Objects-normal/arm64/KanpanData.SwiftFileList

WriteAuxiliaryFile /Users/mdd/zhk/kanpan/DerivedData-chart-foundation/Build/Intermediates.noindex/Kanpan.build/Debug-iphonesimulator/KanpanUITests.build/ProductTypeInfoPlistAdditions.plist (in target 'KanpanUITests' from project 'Kanpan')
    cd /Users/mdd/zhk/kanpan/Kanpan
    write-file /Users/mdd/zhk/kanpan/DerivedData-chart-foundation/Build/Intermediates.noindex/Kanpan.build/Debug-iphonesimulator/KanpanUITests.build/ProductTypeInfoPlistAdditions.plist

WriteAuxiliaryFile /Users/mdd/zhk/kanpan/DerivedData-chart-foundation/Build/Intermediates.noindex/Kanpan.build/Debug-iphonesimulator/KanpanUITests.build/empty-KanpanUITests.plist (in target 'KanpanUITests' from project 'Kanpan')
    cd /Users/mdd/zhk/kanpan/Kanpan
    write-file /Users/mdd/zhk/kanpan/DerivedData-chart-foundation/Build/Intermediates.noindex/Kanpan.build/Debug-iphonesimulator/KanpanUITests.build/empty-KanpanUITests.plist

WriteAuxiliaryFile /Users/mdd/zhk/kanpan/DerivedData-chart-foundation/Build/Intermediates.noindex/Kanpan.build/Debug-iphonesimulator/KanpanUITests.build/Objects-normal/arm64/KanpanUITests_const_extract_protocols.json (in target 'KanpanUITests' from project 'Kanpan')
    cd /Users/mdd/zhk/kanpan/Kanpan
    write-file /Users/mdd/zhk/kanpan/DerivedData-chart-foundation/Build/Intermediates.noindex/Kanpan.build/Debug-iphonesimulator/KanpanUITests.build/Objects-normal/arm64/KanpanUITests_const_extract_protocols.json

WriteAuxiliaryFile /Users/mdd/zhk/kanpan/DerivedData-chart-foundation/Build/Intermediates.noindex/Kanpan.build/Debug-iphonesimulator/KanpanUITests.build/Objects-normal/arm64/KanpanUITests.SwiftFileList (in target 'KanpanUITests' from project 'Kanpan')
    cd /Users/mdd/zhk/kanpan/Kanpan
    write-file /Users/mdd/zhk/kanpan/DerivedData-chart-foundation/Build/Intermediates.noindex/Kanpan.build/Debug-iphonesimulator/KanpanUITests.build/Objects-normal/arm64/KanpanUITests.SwiftFileList

WriteAuxiliaryFile /Users/mdd/zhk/kanpan/DerivedData-chart-foundation/Build/Intermediates.noindex/Kanpan.build/Debug-iphonesimulator/KanpanUITests.build/Objects-normal/arm64/KanpanUITests.SwiftConstValuesFileList (in target 'KanpanUITests' from project 'Kanpan')
    cd /Users/mdd/zhk/kanpan/Kanpan
    write-file /Users/mdd/zhk/kanpan/DerivedData-chart-foundation/Build/Intermediates.noindex/Kanpan.build/Debug-iphonesimulator/KanpanUITests.build/Objects-normal/arm64/KanpanUITests.SwiftConstValuesFileList

WriteAuxiliaryFile /Users/mdd/zhk/kanpan/DerivedData-chart-foundation/Build/Intermediates.noindex/Kanpan.build/Debug-iphonesimulator/KanpanUITests.build/Objects-normal/arm64/KanpanUITests.LinkFileList (in target 'KanpanUITests' from project 'Kanpan')
    cd /Users/mdd/zhk/kanpan/Kanpan
    write-file /Users/mdd/zhk/kanpan/DerivedData-chart-foundation/Build/Intermediates.noindex/Kanpan.build/Debug-iphonesimulator/KanpanUITests.build/Objects-normal/arm64/KanpanUITests.LinkFileList

WriteAuxiliaryFile /Users/mdd/zhk/kanpan/DerivedData-chart-foundation/Build/Intermediates.noindex/Kanpan.build/Debug-iphonesimulator/KanpanUITests.build/Objects-normal/arm64/KanpanUITests-OutputFileMap.json (in target 'KanpanUITests' from project 'Kanpan')
    cd /Users/mdd/zhk/kanpan/Kanpan
    write-file /Users/mdd/zhk/kanpan/DerivedData-chart-foundation/Build/Intermediates.noindex/Kanpan.build/Debug-iphonesimulator/KanpanUITests.build/Objects-normal/arm64/KanpanUITests-OutputFileMap.json

WriteAuxiliaryFile /Users/mdd/zhk/kanpan/DerivedData-chart-foundation/Build/Intermediates.noindex/Kanpan.build/Debug-iphonesimulator/KanpanUITests.build/KanpanUITests.hmap (in target 'KanpanUITests' from project 'Kanpan')
    cd /Users/mdd/zhk/kanpan/Kanpan
    write-file /Users/mdd/zhk/kanpan/DerivedData-chart-foundation/Build/Intermediates.noindex/Kanpan.build/Debug-iphonesimulator/KanpanUITests.build/KanpanUITests.hmap

WriteAuxiliaryFile /Users/mdd/zhk/kanpan/DerivedData-chart-foundation/Build/Intermediates.noindex/Kanpan.build/Debug-iphonesimulator/KanpanUITests.build/KanpanUITests.DependencyStaticMetadataFileList (in target 'KanpanUITests' from project 'Kanpan')
    cd /Users/mdd/zhk/kanpan/Kanpan
    write-file /Users/mdd/zhk/kanpan/DerivedData-chart-foundation/Build/Intermediates.noindex/Kanpan.build/Debug-iphonesimulator/KanpanUITests.build/KanpanUITests.DependencyStaticMetadataFileList

WriteAuxiliaryFile /Users/mdd/zhk/kanpan/DerivedData-chart-foundation/Build/Intermediates.noindex/Kanpan.build/Debug-iphonesimulator/KanpanUITests.build/KanpanUITests.DependencyMetadataFileList (in target 'KanpanUITests' from project 'Kanpan')
    cd /Users/mdd/zhk/kanpan/Kanpan
    write-file /Users/mdd/zhk/kanpan/DerivedData-chart-foundation/Build/Intermediates.noindex/Kanpan.build/Debug-iphonesimulator/KanpanUITests.build/KanpanUITests.DependencyMetadataFileList

WriteAuxiliaryFile /Users/mdd/zhk/kanpan/DerivedData-chart-foundation/Build/Intermediates.noindex/Kanpan.build/Debug-iphonesimulator/KanpanUITests.build/KanpanUITests-project-headers.hmap (in target 'KanpanUITests' from project 'Kanpan')
    cd /Users/mdd/zhk/kanpan/Kanpan
    write-file /Users/mdd/zhk/kanpan/DerivedData-chart-foundation/Build/Intermediates.noindex/Kanpan.build/Debug-iphonesimulator/KanpanUITests.build/KanpanUITests-project-headers.hmap

WriteAuxiliaryFile /Users/mdd/zhk/kanpan/DerivedData-chart-foundation/Build/Intermediates.noindex/Kanpan.build/Debug-iphonesimulator/KanpanUITests.build/KanpanUITests-own-target-headers.hmap (in target 'KanpanUITests' from project 'Kanpan')
    cd /Users/mdd/zhk/kanpan/Kanpan
    write-file /Users/mdd/zhk/kanpan/DerivedData-chart-foundation/Build/Intermediates.noindex/Kanpan.build/Debug-iphonesimulator/KanpanUITests.build/KanpanUITests-own-target-headers.hmap

WriteAuxiliaryFile /Users/mdd/zhk/kanpan/DerivedData-chart-foundation/Build/Intermediates.noindex/Kanpan.build/Debug-iphonesimulator/KanpanUITests.build/KanpanUITests-generated-files.hmap (in target 'KanpanUITests' from project 'Kanpan')
    cd /Users/mdd/zhk/kanpan/Kanpan
    write-file /Users/mdd/zhk/kanpan/DerivedData-chart-foundation/Build/Intermediates.noindex/Kanpan.build/Debug-iphonesimulator/KanpanUITests.build/KanpanUITests-generated-files.hmap

WriteAuxiliaryFile /Users/mdd/zhk/kanpan/DerivedData-chart-foundation/Build/Intermediates.noindex/Kanpan.build/Debug-iphonesimulator/KanpanUITests.build/KanpanUITests-all-target-headers.hmap (in target 'KanpanUITests' from project 'Kanpan')
    cd /Users/mdd/zhk/kanpan/Kanpan
    write-file /Users/mdd/zhk/kanpan/DerivedData-chart-foundation/Build/Intermediates.noindex/Kanpan.build/Debug-iphonesimulator/KanpanUITests.build/KanpanUITests-all-target-headers.hmap

WriteAuxiliaryFile /Users/mdd/zhk/kanpan/DerivedData-chart-foundation/Build/Intermediates.noindex/Kanpan.build/Debug-iphonesimulator/KanpanUITests.build/KanpanUITests-all-non-framework-target-headers.hmap (in target 'KanpanUITests' from project 'Kanpan')
    cd /Users/mdd/zhk/kanpan/Kanpan
    write-file /Users/mdd/zhk/kanpan/DerivedData-chart-foundation/Build/Intermediates.noindex/Kanpan.build/Debug-iphonesimulator/KanpanUITests.build/KanpanUITests-all-non-framework-target-headers.hmap

WriteAuxiliaryFile /Users/mdd/zhk/kanpan/DerivedData-chart-foundation/Build/Intermediates.noindex/Kanpan.build/Debug-iphonesimulator/KanpanUITests.build/DerivedSources/Entitlements-Simulated.plist (in target 'KanpanUITests' from project 'Kanpan')
    cd /Users/mdd/zhk/kanpan/Kanpan
    write-file /Users/mdd/zhk/kanpan/DerivedData-chart-foundation/Build/Intermediates.noindex/Kanpan.build/Debug-iphonesimulator/KanpanUITests.build/DerivedSources/Entitlements-Simulated.plist

WriteAuxiliaryFile /Users/mdd/zhk/kanpan/DerivedData-chart-foundation/Build/Intermediates.noindex/KanpanData.build/Debug-iphonesimulator/KanpanData.build/Objects-normal/arm64/KanpanData.SwiftConstValuesFileList (in target 'KanpanData' from project 'KanpanData')
    cd /Users/mdd/zhk/kanpan/KanpanData
    write-file /Users/mdd/zhk/kanpan/DerivedData-chart-foundation/Build/Intermediates.noindex/KanpanData.build/Debug-iphonesimulator/KanpanData.build/Objects-normal/arm64/KanpanData.SwiftConstValuesFileList

WriteAuxiliaryFile /Users/mdd/zhk/kanpan/DerivedData-chart-foundation/Build/Intermediates.noindex/KanpanData.build/Debug-iphonesimulator/KanpanData.build/Objects-normal/arm64/KanpanData-OutputFileMap.json (in target 'KanpanData' from project 'KanpanData')
    cd /Users/mdd/zhk/kanpan/KanpanData
    write-file /Users/mdd/zhk/kanpan/DerivedData-chart-foundation/Build/Intermediates.noindex/KanpanData.build/Debug-iphonesimulator/KanpanData.build/Objects-normal/arm64/KanpanData-OutputFileMap.json

WriteAuxiliaryFile /Users/mdd/zhk/kanpan/DerivedData-chart-foundation/Build/Intermediates.noindex/KanpanCore.build/Debug-iphonesimulator/KanpanCore.build/Objects-normal/arm64/KanpanCore.SwiftFileList (in target 'KanpanCore' from project 'KanpanCore')
    cd /Users/mdd/zhk/kanpan/KanpanCore
    write-file /Users/mdd/zhk/kanpan/DerivedData-chart-foundation/Build/Intermediates.noindex/KanpanCore.build/Debug-iphonesimulator/KanpanCore.build/Objects-normal/arm64/KanpanCore.SwiftFileList

WriteAuxiliaryFile /Users/mdd/zhk/kanpan/DerivedData-chart-foundation/Build/Intermediates.noindex/KanpanCore.build/Debug-iphonesimulator/KanpanCore.build/Objects-normal/arm64/KanpanCore.SwiftConstValuesFileList (in target 'KanpanCore' from project 'KanpanCore')
    cd /Users/mdd/zhk/kanpan/KanpanCore
    write-file /Users/mdd/zhk/kanpan/DerivedData-chart-foundation/Build/Intermediates.noindex/KanpanCore.build/Debug-iphonesimulator/KanpanCore.build/Objects-normal/arm64/KanpanCore.SwiftConstValuesFileList

WriteAuxiliaryFile /Users/mdd/zhk/kanpan/DerivedData-chart-foundation/Build/Intermediates.noindex/KanpanCore.build/Debug-iphonesimulator/KanpanCore.build/Objects-normal/arm64/KanpanCore.LinkFileList (in target 'KanpanCore' from project 'KanpanCore')
    cd /Users/mdd/zhk/kanpan/KanpanCore
    write-file /Users/mdd/zhk/kanpan/DerivedData-chart-foundation/Build/Intermediates.noindex/KanpanCore.build/Debug-iphonesimulator/KanpanCore.build/Objects-normal/arm64/KanpanCore.LinkFileList

WriteAuxiliaryFile /Users/mdd/zhk/kanpan/DerivedData-chart-foundation/Build/Intermediates.noindex/KanpanCore.build/Debug-iphonesimulator/KanpanCore.build/Objects-normal/arm64/KanpanCore-OutputFileMap.json (in target 'KanpanCore' from project 'KanpanCore')
    cd /Users/mdd/zhk/kanpan/KanpanCore
    write-file /Users/mdd/zhk/kanpan/DerivedData-chart-foundation/Build/Intermediates.noindex/KanpanCore.build/Debug-iphonesimulator/KanpanCore.build/Objects-normal/arm64/KanpanCore-OutputFileMap.json

MkDir /Users/mdd/zhk/kanpan/DerivedData-chart-foundation/Build/Products/Debug-iphonesimulator/KanpanUITests-Runner.app/PlugIns/KanpanUITests.xctest (in target 'KanpanUITests' from project 'Kanpan')
    cd /Users/mdd/zhk/kanpan/Kanpan
    /bin/mkdir -p /Users/mdd/zhk/kanpan/DerivedData-chart-foundation/Build/Products/Debug-iphonesimulator/KanpanUITests-Runner.app/PlugIns/KanpanUITests.xctest

WriteAuxiliaryFile /Users/mdd/zhk/kanpan/DerivedData-chart-foundation/Build/Intermediates.noindex/Kanpan.build/Debug-iphonesimulator/Kanpan.build/Objects-normal/arm64/Kanpan.SwiftFileList (in target 'Kanpan' from project 'Kanpan')
    cd /Users/mdd/zhk/kanpan/Kanpan
    write-file /Users/mdd/zhk/kanpan/DerivedData-chart-foundation/Build/Intermediates.noindex/Kanpan.build/Debug-iphonesimulator/Kanpan.build/Objects-normal/arm64/Kanpan.SwiftFileList

WriteAuxiliaryFile /Users/mdd/zhk/kanpan/DerivedData-chart-foundation/Build/Intermediates.noindex/Kanpan.build/Debug-iphonesimulator/Kanpan.build/Objects-normal/arm64/Kanpan.SwiftConstValuesFileList (in target 'Kanpan' from project 'Kanpan')
    cd /Users/mdd/zhk/kanpan/Kanpan
    write-file /Users/mdd/zhk/kanpan/DerivedData-chart-foundation/Build/Intermediates.noindex/Kanpan.build/Debug-iphonesimulator/Kanpan.build/Objects-normal/arm64/Kanpan.SwiftConstValuesFileList

WriteAuxiliaryFile /Users/mdd/zhk/kanpan/DerivedData-chart-foundation/Build/Intermediates.noindex/Kanpan.build/Debug-iphonesimulator/Kanpan.build/Objects-normal/arm64/Kanpan-OutputFileMap.json (in target 'Kanpan' from project 'Kanpan')
    cd /Users/mdd/zhk/kanpan/Kanpan
    write-file /Users/mdd/zhk/kanpan/DerivedData-chart-foundation/Build/Intermediates.noindex/Kanpan.build/Debug-iphonesimulator/Kanpan.build/Objects-normal/arm64/Kanpan-OutputFileMap.json

WriteAuxiliaryFile /Users/mdd/zhk/kanpan/DerivedData-chart-foundation/Build/Intermediates.noindex/Kanpan.build/Debug-iphonesimulator/Kanpan.build/Objects-normal/arm64/Kanpan.LinkFileList (in target 'Kanpan' from project 'Kanpan')
    cd /Users/mdd/zhk/kanpan/Kanpan
    write-file /Users/mdd/zhk/kanpan/DerivedData-chart-foundation/Build/Intermediates.noindex/Kanpan.build/Debug-iphonesimulator/Kanpan.build/Objects-normal/arm64/Kanpan.LinkFileList

SwiftDriver KanpanCore normal arm64 com.apple.xcode.tools.swift.compiler (in target 'KanpanCore' from project 'KanpanCore')
    cd /Users/mdd/zhk/kanpan
    builtin-SwiftDriver -- /Applications/Xcode.app/Contents/Developer/Toolchains/XcodeDefault.xctoolchain/usr/bin/swiftc -module-name KanpanCore -Onone @/Users/mdd/zhk/kanpan/DerivedData-chart-foundation/Build/Intermediates.noindex/KanpanCore.build/Debug-iphonesimulator/KanpanCore.build/Objects-normal/arm64/KanpanCore.SwiftFileList -DSWIFT_PACKAGE -DDEBUG -DSWIFT_MODULE_RESOURCE_BUNDLE_UNAVAILABLE -DXcode -plugin-path /Applications/Xcode.app/Contents/Developer/Toolchains/XcodeDefault.xctoolchain/usr/lib/swift/host/plugins/testing -enable-experimental-feature DebugDescriptionMacro -sdk /Applications/Xcode.app/Contents/Developer/Platforms/iPhoneSimulator.platform/Developer/SDKs/iPhoneSimulator26.5.sdk -target arm64-apple-ios17.0-simulator -g -module-cache-path /Users/mdd/zhk/kanpan/DerivedData-chart-foundation/ModuleCache.noindex -Xfrontend -serialize-debugging-options -enable-testing -suppress-warnings -index-store-path /Users/mdd/zhk/kanpan/DerivedData-chart-foundation/Index.noindex/DataStore -Xcc -D_LIBCPP_HARDENING_MODE\=_LIBCPP_HARDENING_MODE_DEBUG -swift-version 6 -I /Users/mdd/zhk/kanpan/DerivedData-chart-foundation/Build/Products/Debug-iphonesimulator -Isystem /Applications/Xcode.app/Contents/Developer/Platforms/iPhoneSimulator.platform/Developer/usr/lib -F /Users/mdd/zhk/kanpan/DerivedData-chart-foundation/Build/Products/Debug-iphonesimulator -F /Applications/Xcode.app/Contents/Developer/Platforms/iPhoneSimulator.platform/Developer/Library/Frameworks -F /Applications/Xcode.app/Contents/Developer/Platforms/iPhoneSimulator.platform/Developer/SDKs/iPhoneSimulator26.5.sdk/Developer/Library/Frameworks -c -j10 -enable-batch-mode -incremental -Xcc -ivfsstatcache -Xcc /Users/mdd/zhk/kanpan/DerivedData-chart-foundation/SDKStatCaches.noindex/iphonesimulator26.5-23F81a-6cfe768891a92b912361537c460fe42b.sdkstatcache -output-file-map /Users/mdd/zhk/kanpan/DerivedData-chart-foundation/Build/Intermediates.noindex/KanpanCore.build/Debug-iphonesimulator/KanpanCore.build/Objects-normal/arm64/KanpanCore-OutputFileMap.json -use-frontend-parseable-output -save-temps -no-color-diagnostics -explicit-module-build -module-cache-path /Users/mdd/zhk/kanpan/DerivedData-chart-foundation/Build/Intermediates.noindex/SwiftExplicitPrecompiledModules -clang-scanner-module-cache-path /Users/mdd/zhk/kanpan/DerivedData-chart-foundation/ModuleCache.noindex -sdk-module-cache-path /Users/mdd/zhk/kanpan/DerivedData-chart-foundation/ModuleCache.noindex -serialize-diagnostics -emit-dependencies -emit-module -emit-module-path /Users/mdd/zhk/kanpan/DerivedData-chart-foundation/Build/Intermediates.noindex/KanpanCore.build/Debug-iphonesimulator/KanpanCore.build/Objects-normal/arm64/KanpanCore.swiftmodule -validate-clang-modules-once -clang-build-session-file /Users/mdd/zhk/kanpan/DerivedData-chart-foundation/ModuleCache.noindex/Session.modulevalidation -package-name kanpancore -Xcc -I/Users/mdd/zhk/kanpan/DerivedData-chart-foundation/Build/Intermediates.noindex/KanpanCore.build/Debug-iphonesimulator/KanpanCore.build/swift-overrides.hmap -emit-const-values -Xfrontend -const-gather-protocols-file -Xfrontend /Users/mdd/zhk/kanpan/DerivedData-chart-foundation/Build/Intermediates.noindex/KanpanCore.build/Debug-iphonesimulator/KanpanCore.build/Objects-normal/arm64/KanpanCore_const_extract_protocols.json -Xcc -I/Users/mdd/zhk/kanpan/DerivedData-chart-foundation/Build/Products/Debug-iphonesimulator/include -Xcc -I/Users/mdd/zhk/kanpan/DerivedData-chart-foundation/Build/Intermediates.noindex/KanpanCore.build/Debug-iphonesimulator/KanpanCore.build/DerivedSources-normal/arm64 -Xcc -I/Users/mdd/zhk/kanpan/DerivedData-chart-foundation/Build/Intermediates.noindex/KanpanCore.build/Debug-iphonesimulator/KanpanCore.build/DerivedSources/arm64 -Xcc -I/Users/mdd/zhk/kanpan/DerivedData-chart-foundation/Build/Intermediates.noindex/KanpanCore.build/Debug-iphonesimulator/KanpanCore.build/DerivedSources -Xcc -DSWIFT_PACKAGE -Xcc -DDEBUG\=1 -emit-objc-header -emit-objc-header-path /Users/mdd/zhk/kanpan/DerivedData-chart-foundation/Build/Intermediates.noindex/KanpanCore.build/Debug-iphonesimulator/KanpanCore.build/Objects-normal/arm64/KanpanCore-Swift.h -working-directory /Users/mdd/zhk/kanpan -experimental-emit-module-separately -disable-cmo

SwiftCompile normal arm64 Compiling\ Layout.swift /Users/mdd/zhk/kanpan/KanpanCore/Sources/KanpanCore/Geometry/Layout.swift (in target 'KanpanCore' from project 'KanpanCore')

SwiftCompile normal arm64 /Users/mdd/zhk/kanpan/KanpanCore/Sources/KanpanCore/Geometry/Layout.swift (in target 'KanpanCore' from project 'KanpanCore')
    cd /Users/mdd/zhk/kanpan
    

SwiftCompile normal arm64 Compiling\ AICoinBehavior.swift /Users/mdd/zhk/kanpan/KanpanCore/Sources/KanpanCore/Chart/AICoinBehavior.swift (in target 'KanpanCore' from project 'KanpanCore')

SwiftCompile normal arm64 /Users/mdd/zhk/kanpan/KanpanCore/Sources/KanpanCore/Chart/AICoinBehavior.swift (in target 'KanpanCore' from project 'KanpanCore')
    cd /Users/mdd/zhk/kanpan
    

SwiftCompile normal arm64 Compiling\ Bar.swift /Users/mdd/zhk/kanpan/KanpanCore/Sources/KanpanCore/Model/Bar.swift (in target 'KanpanCore' from project 'KanpanCore')
SwiftCompile normal arm64 /Users/mdd/zhk/kanpan/KanpanCore/Sources/KanpanCore/Model/Bar.swift (in target 'KanpanCore' from project 'KanpanCore')
    cd /Users/mdd/zhk/kanpan
    

SwiftEmitModule normal arm64 Emitting\ module\ for\ KanpanCore (in target 'KanpanCore' from project 'KanpanCore')
EmitSwiftModule normal arm64 (in target 'KanpanCore' from project 'KanpanCore')
    cd /Users/mdd/zhk/kanpan
    

SwiftCompile normal arm64 Compiling\ ChangeBasis.swift /Users/mdd/zhk/kanpan/KanpanCore/Sources/KanpanCore/Model/ChangeBasis.swift (in target 'KanpanCore' from project 'KanpanCore')

SwiftCompile normal arm64 /Users/mdd/zhk/kanpan/KanpanCore/Sources/KanpanCore/Model/ChangeBasis.swift (in target 'KanpanCore' from project 'KanpanCore')
    cd /Users/mdd/zhk/kanpan
    

SwiftDriverJobDiscovery normal arm64 Compiling ChangeBasis.swift (in target 'KanpanCore' from project 'KanpanCore')

SwiftDriverJobDiscovery normal arm64 Compiling AICoinBehavior.swift (in target 'KanpanCore' from project 'KanpanCore')

SwiftCompile normal arm64 Compiling\ Clamp.swift /Users/mdd/zhk/kanpan/KanpanCore/Sources/KanpanCore/Geometry/Clamp.swift (in target 'KanpanCore' from project 'KanpanCore')
SwiftCompile normal arm64 /Users/mdd/zhk/kanpan/KanpanCore/Sources/KanpanCore/Geometry/Clamp.swift (in target 'KanpanCore' from project 'KanpanCore')
    cd /Users/mdd/zhk/kanpan
    

SwiftCompile normal arm64 Compiling\ Constants.swift /Users/mdd/zhk/kanpan/KanpanCore/Sources/KanpanCore/Geometry/Constants.swift (in target 'KanpanCore' from project 'KanpanCore')

SwiftCompile normal arm64 /Users/mdd/zhk/kanpan/KanpanCore/Sources/KanpanCore/Geometry/Constants.swift (in target 'KanpanCore' from project 'KanpanCore')
    cd /Users/mdd/zhk/kanpan
    

SwiftCompile normal arm64 Compiling\ PriceScale.swift /Users/mdd/zhk/kanpan/KanpanCore/Sources/KanpanCore/Geometry/PriceScale.swift (in target 'KanpanCore' from project 'KanpanCore')
SwiftCompile normal arm64 /Users/mdd/zhk/kanpan/KanpanCore/Sources/KanpanCore/Geometry/PriceScale.swift (in target 'KanpanCore' from project 'KanpanCore')
    cd /Users/mdd/zhk/kanpan
    

SwiftDriverJobDiscovery normal arm64 Compiling Layout.swift (in target 'KanpanCore' from project 'KanpanCore')

SwiftDriverJobDiscovery normal arm64 Compiling Bar.swift (in target 'KanpanCore' from project 'KanpanCore')

SwiftCompile normal arm64 Compiling\ IndicatorEngine.swift /Users/mdd/zhk/kanpan/KanpanCore/Sources/KanpanCore/Indicator/IndicatorEngine.swift (in target 'KanpanCore' from project 'KanpanCore')
SwiftCompile normal arm64 /Users/mdd/zhk/kanpan/KanpanCore/Sources/KanpanCore/Indicator/IndicatorEngine.swift (in target 'KanpanCore' from project 'KanpanCore')
    cd /Users/mdd/zhk/kanpan
    

SwiftDriverJobDiscovery normal arm64 Compiling Constants.swift (in target 'KanpanCore' from project 'KanpanCore')

SwiftDriverJobDiscovery normal arm64 Emitting module for KanpanCore (in target 'KanpanCore' from project 'KanpanCore')

SwiftDriver\ Compilation\ Requirements KanpanCore normal arm64 com.apple.xcode.tools.swift.compiler (in target 'KanpanCore' from project 'KanpanCore')
    cd /Users/mdd/zhk/kanpan
    builtin-Swift-Compilation-Requirements -- /Applications/Xcode.app/Contents/Developer/Toolchains/XcodeDefault.xctoolchain/usr/bin/swiftc -module-name KanpanCore -Onone @/Users/mdd/zhk/kanpan/DerivedData-chart-foundation/Build/Intermediates.noindex/KanpanCore.build/Debug-iphonesimulator/KanpanCore.build/Objects-normal/arm64/KanpanCore.SwiftFileList -DSWIFT_PACKAGE -DDEBUG -DSWIFT_MODULE_RESOURCE_BUNDLE_UNAVAILABLE -DXcode -plugin-path /Applications/Xcode.app/Contents/Developer/Toolchains/XcodeDefault.xctoolchain/usr/lib/swift/host/plugins/testing -enable-experimental-feature DebugDescriptionMacro -sdk /Applications/Xcode.app/Contents/Developer/Platforms/iPhoneSimulator.platform/Developer/SDKs/iPhoneSimulator26.5.sdk -target arm64-apple-ios17.0-simulator -g -module-cache-path /Users/mdd/zhk/kanpan/DerivedData-chart-foundation/ModuleCache.noindex -Xfrontend -serialize-debugging-options -enable-testing -suppress-warnings -index-store-path /Users/mdd/zhk/kanpan/DerivedData-chart-foundation/Index.noindex/DataStore -Xcc -D_LIBCPP_HARDENING_MODE\=_LIBCPP_HARDENING_MODE_DEBUG -swift-version 6 -I /Users/mdd/zhk/kanpan/DerivedData-chart-foundation/Build/Products/Debug-iphonesimulator -Isystem /Applications/Xcode.app/Contents/Developer/Platforms/iPhoneSimulator.platform/Developer/usr/lib -F /Users/mdd/zhk/kanpan/DerivedData-chart-foundation/Build/Products/Debug-iphonesimulator -F /Applications/Xcode.app/Contents/Developer/Platforms/iPhoneSimulator.platform/Developer/Library/Frameworks -F /Applications/Xcode.app/Contents/Developer/Platforms/iPhoneSimulator.platform/Developer/SDKs/iPhoneSimulator26.5.sdk/Developer/Library/Frameworks -c -j10 -enable-batch-mode -incremental -Xcc -ivfsstatcache -Xcc /Users/mdd/zhk/kanpan/DerivedData-chart-foundation/SDKStatCaches.noindex/iphonesimulator26.5-23F81a-6cfe768891a92b912361537c460fe42b.sdkstatcache -output-file-map /Users/mdd/zhk/kanpan/DerivedData-chart-foundation/Build/Intermediates.noindex/KanpanCore.build/Debug-iphonesimulator/KanpanCore.build/Objects-normal/arm64/KanpanCore-OutputFileMap.json -use-frontend-parseable-output -save-temps -no-color-diagnostics -explicit-module-build -module-cache-path /Users/mdd/zhk/kanpan/DerivedData-chart-foundation/Build/Intermediates.noindex/SwiftExplicitPrecompiledModules -clang-scanner-module-cache-path /Users/mdd/zhk/kanpan/DerivedData-chart-foundation/ModuleCache.noindex -sdk-module-cache-path /Users/mdd/zhk/kanpan/DerivedData-chart-foundation/ModuleCache.noindex -serialize-diagnostics -emit-dependencies -emit-module -emit-module-path /Users/mdd/zhk/kanpan/DerivedData-chart-foundation/Build/Intermediates.noindex/KanpanCore.build/Debug-iphonesimulator/KanpanCore.build/Objects-normal/arm64/KanpanCore.swiftmodule -validate-clang-modules-once -clang-build-session-file /Users/mdd/zhk/kanpan/DerivedData-chart-foundation/ModuleCache.noindex/Session.modulevalidation -package-name kanpancore -Xcc -I/Users/mdd/zhk/kanpan/DerivedData-chart-foundation/Build/Intermediates.noindex/KanpanCore.build/Debug-iphonesimulator/KanpanCore.build/swift-overrides.hmap -emit-const-values -Xfrontend -const-gather-protocols-file -Xfrontend /Users/mdd/zhk/kanpan/DerivedData-chart-foundation/Build/Intermediates.noindex/KanpanCore.build/Debug-iphonesimulator/KanpanCore.build/Objects-normal/arm64/KanpanCore_const_extract_protocols.json -Xcc -I/Users/mdd/zhk/kanpan/DerivedData-chart-foundation/Build/Products/Debug-iphonesimulator/include -Xcc -I/Users/mdd/zhk/kanpan/DerivedData-chart-foundation/Build/Intermediates.noindex/KanpanCore.build/Debug-iphonesimulator/KanpanCore.build/DerivedSources-normal/arm64 -Xcc -I/Users/mdd/zhk/kanpan/DerivedData-chart-foundation/Build/Intermediates.noindex/KanpanCore.build/Debug-iphonesimulator/KanpanCore.build/DerivedSources/arm64 -Xcc -I/Users/mdd/zhk/kanpan/DerivedData-chart-foundation/Build/Intermediates.noindex/KanpanCore.build/Debug-iphonesimulator/KanpanCore.build/DerivedSources -Xcc -DSWIFT_PACKAGE -Xcc -DDEBUG\=1 -emit-objc-header -emit-objc-header-path /Users/mdd/zhk/kanpan/DerivedData-chart-foundation/Build/Intermediates.noindex/KanpanCore.build/Debug-iphonesimulator/KanpanCore.build/Objects-normal/arm64/KanpanCore-Swift.h -working-directory /Users/mdd/zhk/kanpan -experimental-emit-module-separately -disable-cmo

Copy /Users/mdd/zhk/kanpan/DerivedData-chart-foundation/Build/Products/Debug-iphonesimulator/KanpanCore.swiftmodule/arm64-apple-ios-simulator.swiftdoc /Users/mdd/zhk/kanpan/DerivedData-chart-foundation/Build/Intermediates.noindex/KanpanCore.build/Debug-iphonesimulator/KanpanCore.build/Objects-normal/arm64/KanpanCore.swiftdoc (in target 'KanpanCore' from project 'KanpanCore')
    cd /Users/mdd/zhk/kanpan/KanpanCore
    builtin-copy -exclude .DS_Store -exclude CVS -exclude .svn -exclude .git -exclude .hg -resolve-src-symlinks -rename /Users/mdd/zhk/kanpan/DerivedData-chart-foundation/Build/Intermediates.noindex/KanpanCore.build/Debug-iphonesimulator/KanpanCore.build/Objects-normal/arm64/KanpanCore.swiftdoc /Users/mdd/zhk/kanpan/DerivedData-chart-foundation/Build/Products/Debug-iphonesimulator/KanpanCore.swiftmodule/arm64-apple-ios-simulator.swiftdoc

Copy /Users/mdd/zhk/kanpan/DerivedData-chart-foundation/Build/Products/Debug-iphonesimulator/KanpanCore.swiftmodule/arm64-apple-ios-simulator.swiftmodule /Users/mdd/zhk/kanpan/DerivedData-chart-foundation/Build/Intermediates.noindex/KanpanCore.build/Debug-iphonesimulator/KanpanCore.build/Objects-normal/arm64/KanpanCore.swiftmodule (in target 'KanpanCore' from project 'KanpanCore')
    cd /Users/mdd/zhk/kanpan/KanpanCore
    builtin-copy -exclude .DS_Store -exclude CVS -exclude .svn -exclude .git -exclude .hg -resolve-src-symlinks -rename /Users/mdd/zhk/kanpan/DerivedData-chart-foundation/Build/Intermediates.noindex/KanpanCore.build/Debug-iphonesimulator/KanpanCore.build/Objects-normal/arm64/KanpanCore.swiftmodule /Users/mdd/zhk/kanpan/DerivedData-chart-foundation/Build/Products/Debug-iphonesimulator/KanpanCore.swiftmodule/arm64-apple-ios-simulator.swiftmodule

Copy /Users/mdd/zhk/kanpan/DerivedData-chart-foundation/Build/Products/Debug-iphonesimulator/KanpanCore.swiftmodule/arm64-apple-ios-simulator.abi.json /Users/mdd/zhk/kanpan/DerivedData-chart-foundation/Build/Intermediates.noindex/KanpanCore.build/Debug-iphonesimulator/KanpanCore.build/Objects-normal/arm64/KanpanCore.abi.json (in target 'KanpanCore' from project 'KanpanCore')
    cd /Users/mdd/zhk/kanpan/KanpanCore
    builtin-copy -exclude .DS_Store -exclude CVS -exclude .svn -exclude .git -exclude .hg -resolve-src-symlinks -rename /Users/mdd/zhk/kanpan/DerivedData-chart-foundation/Build/Intermediates.noindex/KanpanCore.build/Debug-iphonesimulator/KanpanCore.build/Objects-normal/arm64/KanpanCore.abi.json /Users/mdd/zhk/kanpan/DerivedData-chart-foundation/Build/Products/Debug-iphonesimulator/KanpanCore.swiftmodule/arm64-apple-ios-simulator.abi.json

Copy /Users/mdd/zhk/kanpan/DerivedData-chart-foundation/Build/Products/Debug-iphonesimulator/KanpanCore.swiftmodule/Project/arm64-apple-ios-simulator.swiftsourceinfo /Users/mdd/zhk/kanpan/DerivedData-chart-foundation/Build/Intermediates.noindex/KanpanCore.build/Debug-iphonesimulator/KanpanCore.build/Objects-normal/arm64/KanpanCore.swiftsourceinfo (in target 'KanpanCore' from project 'KanpanCore')
    cd /Users/mdd/zhk/kanpan/KanpanCore
    builtin-copy -exclude .DS_Store -exclude CVS -exclude .svn -exclude .git -exclude .hg -resolve-src-symlinks -rename /Users/mdd/zhk/kanpan/DerivedData-chart-foundation/Build/Intermediates.noindex/KanpanCore.build/Debug-iphonesimulator/KanpanCore.build/Objects-normal/arm64/KanpanCore.swiftsourceinfo /Users/mdd/zhk/kanpan/DerivedData-chart-foundation/Build/Products/Debug-iphonesimulator/KanpanCore.swiftmodule/Project/arm64-apple-ios-simulator.swiftsourceinfo

SwiftDriver KanpanChart normal arm64 com.apple.xcode.tools.swift.compiler (in target 'KanpanChart' from project 'KanpanChart')
    cd /Users/mdd/zhk/kanpan
    builtin-SwiftDriver -- /Applications/Xcode.app/Contents/Developer/Toolchains/XcodeDefault.xctoolchain/usr/bin/swiftc -module-name KanpanChart -Onone @/Users/mdd/zhk/kanpan/DerivedData-chart-foundation/Build/Intermediates.noindex/KanpanChart.build/Debug-iphonesimulator/KanpanChart.build/Objects-normal/arm64/KanpanChart.SwiftFileList -DSWIFT_PACKAGE -DDEBUG -DSWIFT_MODULE_RESOURCE_BUNDLE_UNAVAILABLE -DXcode -plugin-path /Applications/Xcode.app/Contents/Developer/Toolchains/XcodeDefault.xctoolchain/usr/lib/swift/host/plugins/testing -enable-experimental-feature DebugDescriptionMacro -sdk /Applications/Xcode.app/Contents/Developer/Platforms/iPhoneSimulator.platform/Developer/SDKs/iPhoneSimulator26.5.sdk -target arm64-apple-ios17.0-simulator -g -module-cache-path /Users/mdd/zhk/kanpan/DerivedData-chart-foundation/ModuleCache.noindex -Xfrontend -serialize-debugging-options -enable-testing -suppress-warnings -index-store-path /Users/mdd/zhk/kanpan/DerivedData-chart-foundation/Index.noindex/DataStore -Xcc -D_LIBCPP_HARDENING_MODE\=_LIBCPP_HARDENING_MODE_DEBUG -swift-version 6 -I /Users/mdd/zhk/kanpan/DerivedData-chart-foundation/Build/Products/Debug-iphonesimulator -Isystem /Applications/Xcode.app/Contents/Developer/Platforms/iPhoneSimulator.platform/Developer/usr/lib -F /Users/mdd/zhk/kanpan/DerivedData-chart-foundation/Build/Products/Debug-iphonesimulator/PackageFrameworks -F /Users/mdd/zhk/kanpan/DerivedData-chart-foundation/Build/Products/Debug-iphonesimulator -F /Applications/Xcode.app/Contents/Developer/Platforms/iPhoneSimulator.platform/Developer/Library/Frameworks -F /Applications/Xcode.app/Contents/Developer/Platforms/iPhoneSimulator.platform/Developer/SDKs/iPhoneSimulator26.5.sdk/Developer/Library/Frameworks -c -j10 -enable-batch-mode -incremental -Xcc -ivfsstatcache -Xcc /Users/mdd/zhk/kanpan/DerivedData-chart-foundation/SDKStatCaches.noindex/iphonesimulator26.5-23F81a-6cfe768891a92b912361537c460fe42b.sdkstatcache -output-file-map /Users/mdd/zhk/kanpan/DerivedData-chart-foundation/Build/Intermediates.noindex/KanpanChart.build/Debug-iphonesimulator/KanpanChart.build/Objects-normal/arm64/KanpanChart-OutputFileMap.json -use-frontend-parseable-output -save-temps -no-color-diagnostics -explicit-module-build -module-cache-path /Users/mdd/zhk/kanpan/DerivedData-chart-foundation/Build/Intermediates.noindex/SwiftExplicitPrecompiledModules -clang-scanner-module-cache-path /Users/mdd/zhk/kanpan/DerivedData-chart-foundation/ModuleCache.noindex -sdk-module-cache-path /Users/mdd/zhk/kanpan/DerivedData-chart-foundation/ModuleCache.noindex -serialize-diagnostics -emit-dependencies -emit-module -emit-module-path /Users/mdd/zhk/kanpan/DerivedData-chart-foundation/Build/Intermediates.noindex/KanpanChart.build/Debug-iphonesimulator/KanpanChart.build/Objects-normal/arm64/KanpanChart.swiftmodule -validate-clang-modules-once -clang-build-session-file /Users/mdd/zhk/kanpan/DerivedData-chart-foundation/ModuleCache.noindex/Session.modulevalidation -package-name kanpanchart -Xcc -I/Users/mdd/zhk/kanpan/DerivedData-chart-foundation/Build/Intermediates.noindex/KanpanChart.build/Debug-iphonesimulator/KanpanChart.build/swift-overrides.hmap -emit-const-values -Xfrontend -const-gather-protocols-file -Xfrontend /Users/mdd/zhk/kanpan/DerivedData-chart-foundation/Build/Intermediates.noindex/KanpanChart.build/Debug-iphonesimulator/KanpanChart.build/Objects-normal/arm64/KanpanChart_const_extract_protocols.json -Xcc -I/Users/mdd/zhk/kanpan/DerivedData-chart-foundation/Build/Products/Debug-iphonesimulator/include -Xcc -I/Users/mdd/zhk/kanpan/DerivedData-chart-foundation/Build/Intermediates.noindex/KanpanChart.build/Debug-iphonesimulator/KanpanChart.build/DerivedSources-normal/arm64 -Xcc -I/Users/mdd/zhk/kanpan/DerivedData-chart-foundation/Build/Intermediates.noindex/KanpanChart.build/Debug-iphonesimulator/KanpanChart.build/DerivedSources/arm64 -Xcc -I/Users/mdd/zhk/kanpan/DerivedData-chart-foundation/Build/Intermediates.noindex/KanpanChart.build/Debug-iphonesimulator/KanpanChart.build/DerivedSources -Xcc -DSWIFT_PACKAGE -Xcc -DDEBUG\=1 -emit-objc-header -emit-objc-header-path /Users/mdd/zhk/kanpan/DerivedData-chart-foundation/Build/Intermediates.noindex/KanpanChart.build/Debug-iphonesimulator/KanpanChart.build/Objects-normal/arm64/KanpanChart-Swift.h -working-directory /Users/mdd/zhk/kanpan -experimental-emit-module-separately -disable-cmo

SwiftDriver KanpanData normal arm64 com.apple.xcode.tools.swift.compiler (in target 'KanpanData' from project 'KanpanData')
    cd /Users/mdd/zhk/kanpan
    builtin-SwiftDriver -- /Applications/Xcode.app/Contents/Developer/Toolchains/XcodeDefault.xctoolchain/usr/bin/swiftc -module-name KanpanData -Onone @/Users/mdd/zhk/kanpan/DerivedData-chart-foundation/Build/Intermediates.noindex/KanpanData.build/Debug-iphonesimulator/KanpanData.build/Objects-normal/arm64/KanpanData.SwiftFileList -DSWIFT_PACKAGE -DDEBUG -DSWIFT_MODULE_RESOURCE_BUNDLE_UNAVAILABLE -DXcode -plugin-path /Applications/Xcode.app/Contents/Developer/Toolchains/XcodeDefault.xctoolchain/usr/lib/swift/host/plugins/testing -enable-experimental-feature DebugDescriptionMacro -sdk /Applications/Xcode.app/Contents/Developer/Platforms/iPhoneSimulator.platform/Developer/SDKs/iPhoneSimulator26.5.sdk -target arm64-apple-ios17.0-simulator -g -module-cache-path /Users/mdd/zhk/kanpan/DerivedData-chart-foundation/ModuleCache.noindex -Xfrontend -serialize-debugging-options -enable-testing -suppress-warnings -index-store-path /Users/mdd/zhk/kanpan/DerivedData-chart-foundation/Index.noindex/DataStore -Xcc -D_LIBCPP_HARDENING_MODE\=_LIBCPP_HARDENING_MODE_DEBUG -swift-version 6 -I /Users/mdd/zhk/kanpan/DerivedData-chart-foundation/Build/Products/Debug-iphonesimulator -Isystem /Applications/Xcode.app/Contents/Developer/Platforms/iPhoneSimulator.platform/Developer/usr/lib -F /Users/mdd/zhk/kanpan/DerivedData-chart-foundation/Build/Products/Debug-iphonesimulator/PackageFrameworks -F /Users/mdd/zhk/kanpan/DerivedData-chart-foundation/Build/Products/Debug-iphonesimulator -F /Applications/Xcode.app/Contents/Developer/Platforms/iPhoneSimulator.platform/Developer/Library/Frameworks -F /Applications/Xcode.app/Contents/Developer/Platforms/iPhoneSimulator.platform/Developer/SDKs/iPhoneSimulator26.5.sdk/Developer/Library/Frameworks -c -j10 -enable-batch-mode -incremental -Xcc -ivfsstatcache -Xcc /Users/mdd/zhk/kanpan/DerivedData-chart-foundation/SDKStatCaches.noindex/iphonesimulator26.5-23F81a-6cfe768891a92b912361537c460fe42b.sdkstatcache -output-file-map /Users/mdd/zhk/kanpan/DerivedData-chart-foundation/Build/Intermediates.noindex/KanpanData.build/Debug-iphonesimulator/KanpanData.build/Objects-normal/arm64/KanpanData-OutputFileMap.json -use-frontend-parseable-output -save-temps -no-color-diagnostics -explicit-module-build -module-cache-path /Users/mdd/zhk/kanpan/DerivedData-chart-foundation/Build/Intermediates.noindex/SwiftExplicitPrecompiledModules -clang-scanner-module-cache-path /Users/mdd/zhk/kanpan/DerivedData-chart-foundation/ModuleCache.noindex -sdk-module-cache-path /Users/mdd/zhk/kanpan/DerivedData-chart-foundation/ModuleCache.noindex -serialize-diagnostics -emit-dependencies -emit-module -emit-module-path /Users/mdd/zhk/kanpan/DerivedData-chart-foundation/Build/Intermediates.noindex/KanpanData.build/Debug-iphonesimulator/KanpanData.build/Objects-normal/arm64/KanpanData.swiftmodule -validate-clang-modules-once -clang-build-session-file /Users/mdd/zhk/kanpan/DerivedData-chart-foundation/ModuleCache.noindex/Session.modulevalidation -package-name kanpandata -Xcc -I/Users/mdd/zhk/kanpan/DerivedData-chart-foundation/Build/Intermediates.noindex/KanpanData.build/Debug-iphonesimulator/KanpanData.build/swift-overrides.hmap -emit-const-values -Xfrontend -const-gather-protocols-file -Xfrontend /Users/mdd/zhk/kanpan/DerivedData-chart-foundation/Build/Intermediates.noindex/KanpanData.build/Debug-iphonesimulator/KanpanData.build/Objects-normal/arm64/KanpanData_const_extract_protocols.json -Xcc -I/Users/mdd/zhk/kanpan/DerivedData-chart-foundation/Build/Products/Debug-iphonesimulator/include -Xcc -I/Users/mdd/zhk/kanpan/DerivedData-chart-foundation/Build/Intermediates.noindex/KanpanData.build/Debug-iphonesimulator/KanpanData.build/DerivedSources-normal/arm64 -Xcc -I/Users/mdd/zhk/kanpan/DerivedData-chart-foundation/Build/Intermediates.noindex/KanpanData.build/Debug-iphonesimulator/KanpanData.build/DerivedSources/arm64 -Xcc -I/Users/mdd/zhk/kanpan/DerivedData-chart-foundation/Build/Intermediates.noindex/KanpanData.build/Debug-iphonesimulator/KanpanData.build/DerivedSources -Xcc -DSWIFT_PACKAGE -Xcc -DDEBUG\=1 -emit-objc-header -emit-objc-header-path /Users/mdd/zhk/kanpan/DerivedData-chart-foundation/Build/Intermediates.noindex/KanpanData.build/Debug-iphonesimulator/KanpanData.build/Objects-normal/arm64/KanpanData-Swift.h -working-directory /Users/mdd/zhk/kanpan -experimental-emit-module-separately -disable-cmo

SwiftDriverJobDiscovery normal arm64 Compiling Clamp.swift (in target 'KanpanCore' from project 'KanpanCore')

SwiftCompile normal arm64 Compiling\ RESTClient.swift,\ RateLimiter.swift /Users/mdd/zhk/kanpan/KanpanData/Sources/KanpanData/Binance/RESTClient.swift /Users/mdd/zhk/kanpan/KanpanData/Sources/KanpanData/Binance/RateLimiter.swift (in target 'KanpanData' from project 'KanpanData')
SwiftCompile normal arm64 /Users/mdd/zhk/kanpan/KanpanData/Sources/KanpanData/Binance/RESTClient.swift (in target 'KanpanData' from project 'KanpanData')
    cd /Users/mdd/zhk/kanpan
    

SwiftCompile normal arm64 /Users/mdd/zhk/kanpan/KanpanData/Sources/KanpanData/Binance/RateLimiter.swift (in target 'KanpanData' from project 'KanpanData')
    cd /Users/mdd/zhk/kanpan
    

SwiftCompile normal arm64 Compiling\ Endpoints.swift,\ HTTPTransport.swift /Users/mdd/zhk/kanpan/KanpanData/Sources/KanpanData/Binance/Endpoints.swift /Users/mdd/zhk/kanpan/KanpanData/Sources/KanpanData/Binance/HTTPTransport.swift (in target 'KanpanData' from project 'KanpanData')

SwiftCompile normal arm64 /Users/mdd/zhk/kanpan/KanpanData/Sources/KanpanData/Binance/Endpoints.swift (in target 'KanpanData' from project 'KanpanData')
    cd /Users/mdd/zhk/kanpan
    

SwiftCompile normal arm64 /Users/mdd/zhk/kanpan/KanpanData/Sources/KanpanData/Binance/HTTPTransport.swift (in target 'KanpanData' from project 'KanpanData')
    cd /Users/mdd/zhk/kanpan
    

SwiftCompile normal arm64 Compiling\ Backoff.swift,\ DTO.swift /Users/mdd/zhk/kanpan/KanpanData/Sources/KanpanData/Binance/Backoff.swift /Users/mdd/zhk/kanpan/KanpanData/Sources/KanpanData/Binance/DTO.swift (in target 'KanpanData' from project 'KanpanData')
SwiftCompile normal arm64 /Users/mdd/zhk/kanpan/KanpanData/Sources/KanpanData/Binance/Backoff.swift (in target 'KanpanData' from project 'KanpanData')
    cd /Users/mdd/zhk/kanpan
    

SwiftCompile normal arm64 /Users/mdd/zhk/kanpan/KanpanData/Sources/KanpanData/Binance/DTO.swift (in target 'KanpanData' from project 'KanpanData')
    cd /Users/mdd/zhk/kanpan
    

SwiftEmitModule normal arm64 Emitting\ module\ for\ KanpanData (in target 'KanpanData' from project 'KanpanData')

EmitSwiftModule normal arm64 (in target 'KanpanData' from project 'KanpanData')
    cd /Users/mdd/zhk/kanpan
    

SwiftCompile normal arm64 Compiling\ Snapshot.swift /Users/mdd/zhk/kanpan/KanpanData/Sources/KanpanData/Store/Snapshot.swift (in target 'KanpanData' from project 'KanpanData')

SwiftCompile normal arm64 /Users/mdd/zhk/kanpan/KanpanData/Sources/KanpanData/Store/Snapshot.swift (in target 'KanpanData' from project 'KanpanData')
    cd /Users/mdd/zhk/kanpan
    

SwiftCompile normal arm64 Compiling\ SymbolCatalog.swift /Users/mdd/zhk/kanpan/KanpanData/Sources/KanpanData/Store/SymbolCatalog.swift (in target 'KanpanData' from project 'KanpanData')

SwiftCompile normal arm64 /Users/mdd/zhk/kanpan/KanpanData/Sources/KanpanData/Store/SymbolCatalog.swift (in target 'KanpanData' from project 'KanpanData')
    cd /Users/mdd/zhk/kanpan
    

SwiftCompile normal arm64 Compiling\ MarketSocketRouter.swift,\ Pacer.swift /Users/mdd/zhk/kanpan/KanpanData/Sources/KanpanData/Binance/MarketSocketRouter.swift /Users/mdd/zhk/kanpan/KanpanData/Sources/KanpanData/Binance/Pacer.swift (in target 'KanpanData' from project 'KanpanData')

SwiftCompile normal arm64 /Users/mdd/zhk/kanpan/KanpanData/Sources/KanpanData/Binance/MarketSocketRouter.swift (in target 'KanpanData' from project 'KanpanData')
    cd /Users/mdd/zhk/kanpan
    

SwiftCompile normal arm64 /Users/mdd/zhk/kanpan/KanpanData/Sources/KanpanData/Binance/Pacer.swift (in target 'KanpanData' from project 'KanpanData')
    cd /Users/mdd/zhk/kanpan
    

SwiftCompile normal arm64 Compiling\ MarketFeed.swift,\ OISource.swift /Users/mdd/zhk/kanpan/KanpanData/Sources/KanpanData/Feed/MarketFeed.swift /Users/mdd/zhk/kanpan/KanpanData/Sources/KanpanData/Feed/OISource.swift (in target 'KanpanData' from project 'KanpanData')
SwiftCompile normal arm64 /Users/mdd/zhk/kanpan/KanpanData/Sources/KanpanData/Feed/MarketFeed.swift (in target 'KanpanData' from project 'KanpanData')
    cd /Users/mdd/zhk/kanpan
    

SwiftCompile normal arm64 /Users/mdd/zhk/kanpan/KanpanData/Sources/KanpanData/Feed/OISource.swift (in target 'KanpanData' from project 'KanpanData')
    cd /Users/mdd/zhk/kanpan
    

SwiftDriverJobDiscovery normal arm64 Compiling PriceScale.swift (in target 'KanpanCore' from project 'KanpanCore')

SwiftCompile normal arm64 Compiling\ WSClient.swift,\ FeedComposer.swift /Users/mdd/zhk/kanpan/KanpanData/Sources/KanpanData/Binance/WSClient.swift /Users/mdd/zhk/kanpan/KanpanData/Sources/KanpanData/Feed/FeedComposer.swift (in target 'KanpanData' from project 'KanpanData')

SwiftCompile normal arm64 /Users/mdd/zhk/kanpan/KanpanData/Sources/KanpanData/Binance/WSClient.swift (in target 'KanpanData' from project 'KanpanData')
    cd /Users/mdd/zhk/kanpan
    

SwiftCompile normal arm64 /Users/mdd/zhk/kanpan/KanpanData/Sources/KanpanData/Feed/FeedComposer.swift (in target 'KanpanData' from project 'KanpanData')
    cd /Users/mdd/zhk/kanpan
    

SwiftEmitModule normal arm64 Emitting\ module\ for\ KanpanChart (in target 'KanpanChart' from project 'KanpanChart')

EmitSwiftModule normal arm64 (in target 'KanpanChart' from project 'KanpanChart')
    cd /Users/mdd/zhk/kanpan
    

SwiftDriverJobDiscovery normal arm64 Compiling SymbolCatalog.swift (in target 'KanpanData' from project 'KanpanData')

SwiftCompile normal arm64 Compiling\ BarCache.swift,\ OIArchive.swift /Users/mdd/zhk/kanpan/KanpanData/Sources/KanpanData/Store/BarCache.swift /Users/mdd/zhk/kanpan/KanpanData/Sources/KanpanData/Store/OIArchive.swift (in target 'KanpanData' from project 'KanpanData')

SwiftCompile normal arm64 /Users/mdd/zhk/kanpan/KanpanData/Sources/KanpanData/Store/BarCache.swift (in target 'KanpanData' from project 'KanpanData')
    cd /Users/mdd/zhk/kanpan
    

SwiftCompile normal arm64 /Users/mdd/zhk/kanpan/KanpanData/Sources/KanpanData/Store/OIArchive.swift (in target 'KanpanData' from project 'KanpanData')
    cd /Users/mdd/zhk/kanpan
    

SwiftDriverJobDiscovery normal arm64 Emitting module for KanpanData (in target 'KanpanData' from project 'KanpanData')

SwiftDriver\ Compilation\ Requirements KanpanData normal arm64 com.apple.xcode.tools.swift.compiler (in target 'KanpanData' from project 'KanpanData')
    cd /Users/mdd/zhk/kanpan
    builtin-Swift-Compilation-Requirements -- /Applications/Xcode.app/Contents/Developer/Toolchains/XcodeDefault.xctoolchain/usr/bin/swiftc -module-name KanpanData -Onone @/Users/mdd/zhk/kanpan/DerivedData-chart-foundation/Build/Intermediates.noindex/KanpanData.build/Debug-iphonesimulator/KanpanData.build/Objects-normal/arm64/KanpanData.SwiftFileList -DSWIFT_PACKAGE -DDEBUG -DSWIFT_MODULE_RESOURCE_BUNDLE_UNAVAILABLE -DXcode -plugin-path /Applications/Xcode.app/Contents/Developer/Toolchains/XcodeDefault.xctoolchain/usr/lib/swift/host/plugins/testing -enable-experimental-feature DebugDescriptionMacro -sdk /Applications/Xcode.app/Contents/Developer/Platforms/iPhoneSimulator.platform/Developer/SDKs/iPhoneSimulator26.5.sdk -target arm64-apple-ios17.0-simulator -g -module-cache-path /Users/mdd/zhk/kanpan/DerivedData-chart-foundation/ModuleCache.noindex -Xfrontend -serialize-debugging-options -enable-testing -suppress-warnings -index-store-path /Users/mdd/zhk/kanpan/DerivedData-chart-foundation/Index.noindex/DataStore -Xcc -D_LIBCPP_HARDENING_MODE\=_LIBCPP_HARDENING_MODE_DEBUG -swift-version 6 -I /Users/mdd/zhk/kanpan/DerivedData-chart-foundation/Build/Products/Debug-iphonesimulator -Isystem /Applications/Xcode.app/Contents/Developer/Platforms/iPhoneSimulator.platform/Developer/usr/lib -F /Users/mdd/zhk/kanpan/DerivedData-chart-foundation/Build/Products/Debug-iphonesimulator/PackageFrameworks -F /Users/mdd/zhk/kanpan/DerivedData-chart-foundation/Build/Products/Debug-iphonesimulator -F /Applications/Xcode.app/Contents/Developer/Platforms/iPhoneSimulator.platform/Developer/Library/Frameworks -F /Applications/Xcode.app/Contents/Developer/Platforms/iPhoneSimulator.platform/Developer/SDKs/iPhoneSimulator26.5.sdk/Developer/Library/Frameworks -c -j10 -enable-batch-mode -incremental -Xcc -ivfsstatcache -Xcc /Users/mdd/zhk/kanpan/DerivedData-chart-foundation/SDKStatCaches.noindex/iphonesimulator26.5-23F81a-6cfe768891a92b912361537c460fe42b.sdkstatcache -output-file-map /Users/mdd/zhk/kanpan/DerivedData-chart-foundation/Build/Intermediates.noindex/KanpanData.build/Debug-iphonesimulator/KanpanData.build/Objects-normal/arm64/KanpanData-OutputFileMap.json -use-frontend-parseable-output -save-temps -no-color-diagnostics -explicit-module-build -module-cache-path /Users/mdd/zhk/kanpan/DerivedData-chart-foundation/Build/Intermediates.noindex/SwiftExplicitPrecompiledModules -clang-scanner-module-cache-path /Users/mdd/zhk/kanpan/DerivedData-chart-foundation/ModuleCache.noindex -sdk-module-cache-path /Users/mdd/zhk/kanpan/DerivedData-chart-foundation/ModuleCache.noindex -serialize-diagnostics -emit-dependencies -emit-module -emit-module-path /Users/mdd/zhk/kanpan/DerivedData-chart-foundation/Build/Intermediates.noindex/KanpanData.build/Debug-iphonesimulator/KanpanData.build/Objects-normal/arm64/KanpanData.swiftmodule -validate-clang-modules-once -clang-build-session-file /Users/mdd/zhk/kanpan/DerivedData-chart-foundation/ModuleCache.noindex/Session.modulevalidation -package-name kanpandata -Xcc -I/Users/mdd/zhk/kanpan/DerivedData-chart-foundation/Build/Intermediates.noindex/KanpanData.build/Debug-iphonesimulator/KanpanData.build/swift-overrides.hmap -emit-const-values -Xfrontend -const-gather-protocols-file -Xfrontend /Users/mdd/zhk/kanpan/DerivedData-chart-foundation/Build/Intermediates.noindex/KanpanData.build/Debug-iphonesimulator/KanpanData.build/Objects-normal/arm64/KanpanData_const_extract_protocols.json -Xcc -I/Users/mdd/zhk/kanpan/DerivedData-chart-foundation/Build/Products/Debug-iphonesimulator/include -Xcc -I/Users/mdd/zhk/kanpan/DerivedData-chart-foundation/Build/Intermediates.noindex/KanpanData.build/Debug-iphonesimulator/KanpanData.build/DerivedSources-normal/arm64 -Xcc -I/Users/mdd/zhk/kanpan/DerivedData-chart-foundation/Build/Intermediates.noindex/KanpanData.build/Debug-iphonesimulator/KanpanData.build/DerivedSources/arm64 -Xcc -I/Users/mdd/zhk/kanpan/DerivedData-chart-foundation/Build/Intermediates.noindex/KanpanData.build/Debug-iphonesimulator/KanpanData.build/DerivedSources -Xcc -DSWIFT_PACKAGE -Xcc -DDEBUG\=1 -emit-objc-header -emit-objc-header-path /Users/mdd/zhk/kanpan/DerivedData-chart-foundation/Build/Intermediates.noindex/KanpanData.build/Debug-iphonesimulator/KanpanData.build/Objects-normal/arm64/KanpanData-Swift.h -working-directory /Users/mdd/zhk/kanpan -experimental-emit-module-separately -disable-cmo

SwiftDriverJobDiscovery normal arm64 Compiling Endpoints.swift, HTTPTransport.swift (in target 'KanpanData' from project 'KanpanData')

SwiftCompile normal arm64 Compiling\ OIStore.swift /Users/mdd/zhk/kanpan/KanpanData/Sources/KanpanData/Store/OIStore.swift (in target 'KanpanData' from project 'KanpanData')

SwiftCompile normal arm64 /Users/mdd/zhk/kanpan/KanpanData/Sources/KanpanData/Store/OIStore.swift (in target 'KanpanData' from project 'KanpanData')
    cd /Users/mdd/zhk/kanpan
    

Copy /Users/mdd/zhk/kanpan/DerivedData-chart-foundation/Build/Products/Debug-iphonesimulator/KanpanData.swiftmodule/arm64-apple-ios-simulator.swiftmodule /Users/mdd/zhk/kanpan/DerivedData-chart-foundation/Build/Intermediates.noindex/KanpanData.build/Debug-iphonesimulator/KanpanData.build/Objects-normal/arm64/KanpanData.swiftmodule (in target 'KanpanData' from project 'KanpanData')
    cd /Users/mdd/zhk/kanpan/KanpanData
    builtin-copy -exclude .DS_Store -exclude CVS -exclude .svn -exclude .git -exclude .hg -resolve-src-symlinks -rename /Users/mdd/zhk/kanpan/DerivedData-chart-foundation/Build/Intermediates.noindex/KanpanData.build/Debug-iphonesimulator/KanpanData.build/Objects-normal/arm64/KanpanData.swiftmodule /Users/mdd/zhk/kanpan/DerivedData-chart-foundation/Build/Products/Debug-iphonesimulator/KanpanData.swiftmodule/arm64-apple-ios-simulator.swiftmodule

SwiftDriverJobDiscovery normal arm64 Compiling MarketSocketRouter.swift, Pacer.swift (in target 'KanpanData' from project 'KanpanData')

Copy /Users/mdd/zhk/kanpan/DerivedData-chart-foundation/Build/Products/Debug-iphonesimulator/KanpanData.swiftmodule/arm64-apple-ios-simulator.swiftdoc /Users/mdd/zhk/kanpan/DerivedData-chart-foundation/Build/Intermediates.noindex/KanpanData.build/Debug-iphonesimulator/KanpanData.build/Objects-normal/arm64/KanpanData.swiftdoc (in target 'KanpanData' from project 'KanpanData')
    cd /Users/mdd/zhk/kanpan/KanpanData
    builtin-copy -exclude .DS_Store -exclude CVS -exclude .svn -exclude .git -exclude .hg -resolve-src-symlinks -rename /Users/mdd/zhk/kanpan/DerivedData-chart-foundation/Build/Intermediates.noindex/KanpanData.build/Debug-iphonesimulator/KanpanData.build/Objects-normal/arm64/KanpanData.swiftdoc /Users/mdd/zhk/kanpan/DerivedData-chart-foundation/Build/Products/Debug-iphonesimulator/KanpanData.swiftmodule/arm64-apple-ios-simulator.swiftdoc

Copy /Users/mdd/zhk/kanpan/DerivedData-chart-foundation/Build/Products/Debug-iphonesimulator/KanpanData.swiftmodule/arm64-apple-ios-simulator.abi.json /Users/mdd/zhk/kanpan/DerivedData-chart-foundation/Build/Intermediates.noindex/KanpanData.build/Debug-iphonesimulator/KanpanData.build/Objects-normal/arm64/KanpanData.abi.json (in target 'KanpanData' from project 'KanpanData')
    cd /Users/mdd/zhk/kanpan/KanpanData
    builtin-copy -exclude .DS_Store -exclude CVS -exclude .svn -exclude .git -exclude .hg -resolve-src-symlinks -rename /Users/mdd/zhk/kanpan/DerivedData-chart-foundation/Build/Intermediates.noindex/KanpanData.build/Debug-iphonesimulator/KanpanData.build/Objects-normal/arm64/KanpanData.abi.json /Users/mdd/zhk/kanpan/DerivedData-chart-foundation/Build/Products/Debug-iphonesimulator/KanpanData.swiftmodule/arm64-apple-ios-simulator.abi.json

Copy /Users/mdd/zhk/kanpan/DerivedData-chart-foundation/Build/Products/Debug-iphonesimulator/KanpanData.swiftmodule/Project/arm64-apple-ios-simulator.swiftsourceinfo /Users/mdd/zhk/kanpan/DerivedData-chart-foundation/Build/Intermediates.noindex/KanpanData.build/Debug-iphonesimulator/KanpanData.build/Objects-normal/arm64/KanpanData.swiftsourceinfo (in target 'KanpanData' from project 'KanpanData')
    cd /Users/mdd/zhk/kanpan/KanpanData
    builtin-copy -exclude .DS_Store -exclude CVS -exclude .svn -exclude .git -exclude .hg -resolve-src-symlinks -rename /Users/mdd/zhk/kanpan/DerivedData-chart-foundation/Build/Intermediates.noindex/KanpanData.build/Debug-iphonesimulator/KanpanData.build/Objects-normal/arm64/KanpanData.swiftsourceinfo /Users/mdd/zhk/kanpan/DerivedData-chart-foundation/Build/Products/Debug-iphonesimulator/KanpanData.swiftmodule/Project/arm64-apple-ios-simulator.swiftsourceinfo

SwiftCompile normal arm64 Compiling\ ChartRenderer.swift /Users/mdd/zhk/kanpan/KanpanChart/Sources/KanpanChart/ChartRenderer.swift (in target 'KanpanChart' from project 'KanpanChart')
SwiftCompile normal arm64 /Users/mdd/zhk/kanpan/KanpanChart/Sources/KanpanChart/ChartRenderer.swift (in target 'KanpanChart' from project 'KanpanChart')
    cd /Users/mdd/zhk/kanpan
    

SwiftDriverJobDiscovery normal arm64 Compiling IndicatorEngine.swift (in target 'KanpanCore' from project 'KanpanCore')

SwiftCompile normal arm64 Compiling\ ChartView.swift /Users/mdd/zhk/kanpan/KanpanChart/Sources/KanpanChart/ChartView.swift (in target 'KanpanChart' from project 'KanpanChart')
SwiftCompile normal arm64 /Users/mdd/zhk/kanpan/KanpanChart/Sources/KanpanChart/ChartView.swift (in target 'KanpanChart' from project 'KanpanChart')
    cd /Users/mdd/zhk/kanpan
    

SwiftDriverJobDiscovery normal arm64 Compiling RESTClient.swift, RateLimiter.swift (in target 'KanpanData' from project 'KanpanData')

SwiftDriver\ Compilation KanpanCore normal arm64 com.apple.xcode.tools.swift.compiler (in target 'KanpanCore' from project 'KanpanCore')
    cd /Users/mdd/zhk/kanpan
    builtin-Swift-Compilation -- /Applications/Xcode.app/Contents/Developer/Toolchains/XcodeDefault.xctoolchain/usr/bin/swiftc -module-name KanpanCore -Onone @/Users/mdd/zhk/kanpan/DerivedData-chart-foundation/Build/Intermediates.noindex/KanpanCore.build/Debug-iphonesimulator/KanpanCore.build/Objects-normal/arm64/KanpanCore.SwiftFileList -DSWIFT_PACKAGE -DDEBUG -DSWIFT_MODULE_RESOURCE_BUNDLE_UNAVAILABLE -DXcode -plugin-path /Applications/Xcode.app/Contents/Developer/Toolchains/XcodeDefault.xctoolchain/usr/lib/swift/host/plugins/testing -enable-experimental-feature DebugDescriptionMacro -sdk /Applications/Xcode.app/Contents/Developer/Platforms/iPhoneSimulator.platform/Developer/SDKs/iPhoneSimulator26.5.sdk -target arm64-apple-ios17.0-simulator -g -module-cache-path /Users/mdd/zhk/kanpan/DerivedData-chart-foundation/ModuleCache.noindex -Xfrontend -serialize-debugging-options -enable-testing -suppress-warnings -index-store-path /Users/mdd/zhk/kanpan/DerivedData-chart-foundation/Index.noindex/DataStore -Xcc -D_LIBCPP_HARDENING_MODE\=_LIBCPP_HARDENING_MODE_DEBUG -swift-version 6 -I /Users/mdd/zhk/kanpan/DerivedData-chart-foundation/Build/Products/Debug-iphonesimulator -Isystem /Applications/Xcode.app/Contents/Developer/Platforms/iPhoneSimulator.platform/Developer/usr/lib -F /Users/mdd/zhk/kanpan/DerivedData-chart-foundation/Build/Products/Debug-iphonesimulator -F /Applications/Xcode.app/Contents/Developer/Platforms/iPhoneSimulator.platform/Developer/Library/Frameworks -F /Applications/Xcode.app/Contents/Developer/Platforms/iPhoneSimulator.platform/Developer/SDKs/iPhoneSimulator26.5.sdk/Developer/Library/Frameworks -c -j10 -enable-batch-mode -incremental -Xcc -ivfsstatcache -Xcc /Users/mdd/zhk/kanpan/DerivedData-chart-foundation/SDKStatCaches.noindex/iphonesimulator26.5-23F81a-6cfe768891a92b912361537c460fe42b.sdkstatcache -output-file-map /Users/mdd/zhk/kanpan/DerivedData-chart-foundation/Build/Intermediates.noindex/KanpanCore.build/Debug-iphonesimulator/KanpanCore.build/Objects-normal/arm64/KanpanCore-OutputFileMap.json -use-frontend-parseable-output -save-temps -no-color-diagnostics -explicit-module-build -module-cache-path /Users/mdd/zhk/kanpan/DerivedData-chart-foundation/Build/Intermediates.noindex/SwiftExplicitPrecompiledModules -clang-scanner-module-cache-path /Users/mdd/zhk/kanpan/DerivedData-chart-foundation/ModuleCache.noindex -sdk-module-cache-path /Users/mdd/zhk/kanpan/DerivedData-chart-foundation/ModuleCache.noindex -serialize-diagnostics -emit-dependencies -emit-module -emit-module-path /Users/mdd/zhk/kanpan/DerivedData-chart-foundation/Build/Intermediates.noindex/KanpanCore.build/Debug-iphonesimulator/KanpanCore.build/Objects-normal/arm64/KanpanCore.swiftmodule -validate-clang-modules-once -clang-build-session-file /Users/mdd/zhk/kanpan/DerivedData-chart-foundation/ModuleCache.noindex/Session.modulevalidation -package-name kanpancore -Xcc -I/Users/mdd/zhk/kanpan/DerivedData-chart-foundation/Build/Intermediates.noindex/KanpanCore.build/Debug-iphonesimulator/KanpanCore.build/swift-overrides.hmap -emit-const-values -Xfrontend -const-gather-protocols-file -Xfrontend /Users/mdd/zhk/kanpan/DerivedData-chart-foundation/Build/Intermediates.noindex/KanpanCore.build/Debug-iphonesimulator/KanpanCore.build/Objects-normal/arm64/KanpanCore_const_extract_protocols.json -Xcc -I/Users/mdd/zhk/kanpan/DerivedData-chart-foundation/Build/Products/Debug-iphonesimulator/include -Xcc -I/Users/mdd/zhk/kanpan/DerivedData-chart-foundation/Build/Intermediates.noindex/KanpanCore.build/Debug-iphonesimulator/KanpanCore.build/DerivedSources-normal/arm64 -Xcc -I/Users/mdd/zhk/kanpan/DerivedData-chart-foundation/Build/Intermediates.noindex/KanpanCore.build/Debug-iphonesimulator/KanpanCore.build/DerivedSources/arm64 -Xcc -I/Users/mdd/zhk/kanpan/DerivedData-chart-foundation/Build/Intermediates.noindex/KanpanCore.build/Debug-iphonesimulator/KanpanCore.build/DerivedSources -Xcc -DSWIFT_PACKAGE -Xcc -DDEBUG\=1 -emit-objc-header -emit-objc-header-path /Users/mdd/zhk/kanpan/DerivedData-chart-foundation/Build/Intermediates.noindex/KanpanCore.build/Debug-iphonesimulator/KanpanCore.build/Objects-normal/arm64/KanpanCore-Swift.h -working-directory /Users/mdd/zhk/kanpan -experimental-emit-module-separately -disable-cmo

SwiftCompile normal arm64 Compiling\ ChartRenderer+Probe.swift /Users/mdd/zhk/kanpan/KanpanChart/Sources/KanpanChart/ChartRenderer+Probe.swift (in target 'KanpanChart' from project 'KanpanChart')

SwiftCompile normal arm64 /Users/mdd/zhk/kanpan/KanpanChart/Sources/KanpanChart/ChartRenderer+Probe.swift (in target 'KanpanChart' from project 'KanpanChart')
    cd /Users/mdd/zhk/kanpan
    

Ld /Users/mdd/zhk/kanpan/DerivedData-chart-foundation/Build/Products/Debug-iphonesimulator/KanpanCore.o normal (in target 'KanpanCore' from project 'KanpanCore')
    cd /Users/mdd/zhk/kanpan/KanpanCore
    /Applications/Xcode.app/Contents/Developer/Toolchains/XcodeDefault.xctoolchain/usr/bin/clang -Xlinker -reproducible -target arm64-apple-ios17.0-simulator -r -isysroot /Applications/Xcode.app/Contents/Developer/Platforms/iPhoneSimulator.platform/Developer/SDKs/iPhoneSimulator26.5.sdk -O0 -w -F/Users/mdd/zhk/kanpan/DerivedData-chart-foundation/Build/Intermediates.noindex/EagerLinkingTBDs/Debug-iphonesimulator -F/Users/mdd/zhk/kanpan/DerivedData-chart-foundation/Build/Products/Debug-iphonesimulator -iframework /Applications/Xcode.app/Contents/Developer/Platforms/iPhoneSimulator.platform/Developer/Library/Frameworks -iframework /Applications/Xcode.app/Contents/Developer/Platforms/iPhoneSimulator.platform/Developer/SDKs/iPhoneSimulator26.5.sdk/Developer/Library/Frameworks -filelist /Users/mdd/zhk/kanpan/DerivedData-chart-foundation/Build/Intermediates.noindex/KanpanCore.build/Debug-iphonesimulator/KanpanCore.build/Objects-normal/arm64/KanpanCore.LinkFileList -nostdlib -Xlinker -object_path_lto -Xlinker /Users/mdd/zhk/kanpan/DerivedData-chart-foundation/Build/Intermediates.noindex/KanpanCore.build/Debug-iphonesimulator/KanpanCore.build/Objects-normal/arm64/KanpanCore_lto.o -Xlinker -no_deduplicate -Xlinker -objc_abi_version -Xlinker 2 -Xlinker -dependency_info -Xlinker /Users/mdd/zhk/kanpan/DerivedData-chart-foundation/Build/Intermediates.noindex/KanpanCore.build/Debug-iphonesimulator/KanpanCore.build/Objects-normal/arm64/KanpanCore_dependency_info.dat -fobjc-link-runtime -L/Applications/Xcode.app/Contents/Developer/Toolchains/XcodeDefault.xctoolchain/usr/lib/swift/iphonesimulator -L/usr/lib/swift -Xlinker -add_ast_path -Xlinker /Users/mdd/zhk/kanpan/DerivedData-chart-foundation/Build/Intermediates.noindex/KanpanCore.build/Debug-iphonesimulator/KanpanCore.build/Objects-normal/arm64/KanpanCore.swiftmodule @/Users/mdd/zhk/kanpan/DerivedData-chart-foundation/Build/Intermediates.noindex/KanpanCore.build/Debug-iphonesimulator/KanpanCore.build/Objects-normal/arm64/KanpanCore-linker-args.resp -o /Users/mdd/zhk/kanpan/DerivedData-chart-foundation/Build/Products/Debug-iphonesimulator/KanpanCore.o

SwiftDriverJobDiscovery normal arm64 Compiling OIStore.swift (in target 'KanpanData' from project 'KanpanData')

SwiftCompile normal arm64 Compiling\ ChartRenderer+Sub.swift /Users/mdd/zhk/kanpan/KanpanChart/Sources/KanpanChart/ChartRenderer+Sub.swift (in target 'KanpanChart' from project 'KanpanChart')

SwiftCompile normal arm64 /Users/mdd/zhk/kanpan/KanpanChart/Sources/KanpanChart/ChartRenderer+Sub.swift (in target 'KanpanChart' from project 'KanpanChart')
    cd /Users/mdd/zhk/kanpan
    

SwiftDriverJobDiscovery normal arm64 Compiling Snapshot.swift (in target 'KanpanData' from project 'KanpanData')

SwiftCompile normal arm64 Compiling\ Paint.swift /Users/mdd/zhk/kanpan/KanpanChart/Sources/KanpanChart/Paint.swift (in target 'KanpanChart' from project 'KanpanChart')

SwiftCompile normal arm64 /Users/mdd/zhk/kanpan/KanpanChart/Sources/KanpanChart/Paint.swift (in target 'KanpanChart' from project 'KanpanChart')
    cd /Users/mdd/zhk/kanpan
    

SwiftDriverJobDiscovery normal arm64 Compiling Backoff.swift, DTO.swift (in target 'KanpanData' from project 'KanpanData')

SwiftCompile normal arm64 Compiling\ ChartRenderer+Layers.swift /Users/mdd/zhk/kanpan/KanpanChart/Sources/KanpanChart/ChartRenderer+Layers.swift (in target 'KanpanChart' from project 'KanpanChart')

SwiftCompile normal arm64 /Users/mdd/zhk/kanpan/KanpanChart/Sources/KanpanChart/ChartRenderer+Layers.swift (in target 'KanpanChart' from project 'KanpanChart')
    cd /Users/mdd/zhk/kanpan
    

SwiftCompile normal arm64 Compiling\ ChartView+Drawing.swift /Users/mdd/zhk/kanpan/KanpanChart/Sources/KanpanChart/ChartView+Drawing.swift (in target 'KanpanChart' from project 'KanpanChart')
SwiftCompile normal arm64 /Users/mdd/zhk/kanpan/KanpanChart/Sources/KanpanChart/ChartView+Drawing.swift (in target 'KanpanChart' from project 'KanpanChart')
    cd /Users/mdd/zhk/kanpan
    

SwiftDriverJobDiscovery normal arm64 Emitting module for KanpanChart (in target 'KanpanChart' from project 'KanpanChart')

SwiftDriver\ Compilation\ Requirements KanpanChart normal arm64 com.apple.xcode.tools.swift.compiler (in target 'KanpanChart' from project 'KanpanChart')
    cd /Users/mdd/zhk/kanpan
    builtin-Swift-Compilation-Requirements -- /Applications/Xcode.app/Contents/Developer/Toolchains/XcodeDefault.xctoolchain/usr/bin/swiftc -module-name KanpanChart -Onone @/Users/mdd/zhk/kanpan/DerivedData-chart-foundation/Build/Intermediates.noindex/KanpanChart.build/Debug-iphonesimulator/KanpanChart.build/Objects-normal/arm64/KanpanChart.SwiftFileList -DSWIFT_PACKAGE -DDEBUG -DSWIFT_MODULE_RESOURCE_BUNDLE_UNAVAILABLE -DXcode -plugin-path /Applications/Xcode.app/Contents/Developer/Toolchains/XcodeDefault.xctoolchain/usr/lib/swift/host/plugins/testing -enable-experimental-feature DebugDescriptionMacro -sdk /Applications/Xcode.app/Contents/Developer/Platforms/iPhoneSimulator.platform/Developer/SDKs/iPhoneSimulator26.5.sdk -target arm64-apple-ios17.0-simulator -g -module-cache-path /Users/mdd/zhk/kanpan/DerivedData-chart-foundation/ModuleCache.noindex -Xfrontend -serialize-debugging-options -enable-testing -suppress-warnings -index-store-path /Users/mdd/zhk/kanpan/DerivedData-chart-foundation/Index.noindex/DataStore -Xcc -D_LIBCPP_HARDENING_MODE\=_LIBCPP_HARDENING_MODE_DEBUG -swift-version 6 -I /Users/mdd/zhk/kanpan/DerivedData-chart-foundation/Build/Products/Debug-iphonesimulator -Isystem /Applications/Xcode.app/Contents/Developer/Platforms/iPhoneSimulator.platform/Developer/usr/lib -F /Users/mdd/zhk/kanpan/DerivedData-chart-foundation/Build/Products/Debug-iphonesimulator/PackageFrameworks -F /Users/mdd/zhk/kanpan/DerivedData-chart-foundation/Build/Products/Debug-iphonesimulator -F /Applications/Xcode.app/Contents/Developer/Platforms/iPhoneSimulator.platform/Developer/Library/Frameworks -F /Applications/Xcode.app/Contents/Developer/Platforms/iPhoneSimulator.platform/Developer/SDKs/iPhoneSimulator26.5.sdk/Developer/Library/Frameworks -c -j10 -enable-batch-mode -incremental -Xcc -ivfsstatcache -Xcc /Users/mdd/zhk/kanpan/DerivedData-chart-foundation/SDKStatCaches.noindex/iphonesimulator26.5-23F81a-6cfe768891a92b912361537c460fe42b.sdkstatcache -output-file-map /Users/mdd/zhk/kanpan/DerivedData-chart-foundation/Build/Intermediates.noindex/KanpanChart.build/Debug-iphonesimulator/KanpanChart.build/Objects-normal/arm64/KanpanChart-OutputFileMap.json -use-frontend-parseable-output -save-temps -no-color-diagnostics -explicit-module-build -module-cache-path /Users/mdd/zhk/kanpan/DerivedData-chart-foundation/Build/Intermediates.noindex/SwiftExplicitPrecompiledModules -clang-scanner-module-cache-path /Users/mdd/zhk/kanpan/DerivedData-chart-foundation/ModuleCache.noindex -sdk-module-cache-path /Users/mdd/zhk/kanpan/DerivedData-chart-foundation/ModuleCache.noindex -serialize-diagnostics -emit-dependencies -emit-module -emit-module-path /Users/mdd/zhk/kanpan/DerivedData-chart-foundation/Build/Intermediates.noindex/KanpanChart.build/Debug-iphonesimulator/KanpanChart.build/Objects-normal/arm64/KanpanChart.swiftmodule -validate-clang-modules-once -clang-build-session-file /Users/mdd/zhk/kanpan/DerivedData-chart-foundation/ModuleCache.noindex/Session.modulevalidation -package-name kanpanchart -Xcc -I/Users/mdd/zhk/kanpan/DerivedData-chart-foundation/Build/Intermediates.noindex/KanpanChart.build/Debug-iphonesimulator/KanpanChart.build/swift-overrides.hmap -emit-const-values -Xfrontend -const-gather-protocols-file -Xfrontend /Users/mdd/zhk/kanpan/DerivedData-chart-foundation/Build/Intermediates.noindex/KanpanChart.build/Debug-iphonesimulator/KanpanChart.build/Objects-normal/arm64/KanpanChart_const_extract_protocols.json -Xcc -I/Users/mdd/zhk/kanpan/DerivedData-chart-foundation/Build/Products/Debug-iphonesimulator/include -Xcc -I/Users/mdd/zhk/kanpan/DerivedData-chart-foundation/Build/Intermediates.noindex/KanpanChart.build/Debug-iphonesimulator/KanpanChart.build/DerivedSources-normal/arm64 -Xcc -I/Users/mdd/zhk/kanpan/DerivedData-chart-foundation/Build/Intermediates.noindex/KanpanChart.build/Debug-iphonesimulator/KanpanChart.build/DerivedSources/arm64 -Xcc -I/Users/mdd/zhk/kanpan/DerivedData-chart-foundation/Build/Intermediates.noindex/KanpanChart.build/Debug-iphonesimulator/KanpanChart.build/DerivedSources -Xcc -DSWIFT_PACKAGE -Xcc -DDEBUG\=1 -emit-objc-header -emit-objc-header-path /Users/mdd/zhk/kanpan/DerivedData-chart-foundation/Build/Intermediates.noindex/KanpanChart.build/Debug-iphonesimulator/KanpanChart.build/Objects-normal/arm64/KanpanChart-Swift.h -working-directory /Users/mdd/zhk/kanpan -experimental-emit-module-separately -disable-cmo

SwiftDriverJobDiscovery normal arm64 Compiling Paint.swift (in target 'KanpanChart' from project 'KanpanChart')

SwiftCompile normal arm64 Compiling\ ChartView+Gesture.swift /Users/mdd/zhk/kanpan/KanpanChart/Sources/KanpanChart/ChartView+Gesture.swift (in target 'KanpanChart' from project 'KanpanChart')
SwiftCompile normal arm64 /Users/mdd/zhk/kanpan/KanpanChart/Sources/KanpanChart/ChartView+Gesture.swift (in target 'KanpanChart' from project 'KanpanChart')
    cd /Users/mdd/zhk/kanpan
    

Copy /Users/mdd/zhk/kanpan/DerivedData-chart-foundation/Build/Products/Debug-iphonesimulator/KanpanChart.swiftmodule/Project/arm64-apple-ios-simulator.swiftsourceinfo /Users/mdd/zhk/kanpan/DerivedData-chart-foundation/Build/Intermediates.noindex/KanpanChart.build/Debug-iphonesimulator/KanpanChart.build/Objects-normal/arm64/KanpanChart.swiftsourceinfo (in target 'KanpanChart' from project 'KanpanChart')
    cd /Users/mdd/zhk/kanpan/KanpanChart
    builtin-copy -exclude .DS_Store -exclude CVS -exclude .svn -exclude .git -exclude .hg -resolve-src-symlinks -rename /Users/mdd/zhk/kanpan/DerivedData-chart-foundation/Build/Intermediates.noindex/KanpanChart.build/Debug-iphonesimulator/KanpanChart.build/Objects-normal/arm64/KanpanChart.swiftsourceinfo /Users/mdd/zhk/kanpan/DerivedData-chart-foundation/Build/Products/Debug-iphonesimulator/KanpanChart.swiftmodule/Project/arm64-apple-ios-simulator.swiftsourceinfo

SwiftDriverJobDiscovery normal arm64 Compiling ChartRenderer+Layers.swift (in target 'KanpanChart' from project 'KanpanChart')

SwiftCompile normal arm64 Compiling\ ChartState.swift /Users/mdd/zhk/kanpan/KanpanChart/Sources/KanpanChart/ChartState.swift (in target 'KanpanChart' from project 'KanpanChart')

SwiftCompile normal arm64 /Users/mdd/zhk/kanpan/KanpanChart/Sources/KanpanChart/ChartState.swift (in target 'KanpanChart' from project 'KanpanChart')
    cd /Users/mdd/zhk/kanpan
    

Copy /Users/mdd/zhk/kanpan/DerivedData-chart-foundation/Build/Products/Debug-iphonesimulator/KanpanChart.swiftmodule/arm64-apple-ios-simulator.swiftmodule /Users/mdd/zhk/kanpan/DerivedData-chart-foundation/Build/Intermediates.noindex/KanpanChart.build/Debug-iphonesimulator/KanpanChart.build/Objects-normal/arm64/KanpanChart.swiftmodule (in target 'KanpanChart' from project 'KanpanChart')
    cd /Users/mdd/zhk/kanpan/KanpanChart
    builtin-copy -exclude .DS_Store -exclude CVS -exclude .svn -exclude .git -exclude .hg -resolve-src-symlinks -rename /Users/mdd/zhk/kanpan/DerivedData-chart-foundation/Build/Intermediates.noindex/KanpanChart.build/Debug-iphonesimulator/KanpanChart.build/Objects-normal/arm64/KanpanChart.swiftmodule /Users/mdd/zhk/kanpan/DerivedData-chart-foundation/Build/Products/Debug-iphonesimulator/KanpanChart.swiftmodule/arm64-apple-ios-simulator.swiftmodule

SwiftDriverJobDiscovery normal arm64 Compiling BarCache.swift, OIArchive.swift (in target 'KanpanData' from project 'KanpanData')

Copy /Users/mdd/zhk/kanpan/DerivedData-chart-foundation/Build/Products/Debug-iphonesimulator/KanpanChart.swiftmodule/arm64-apple-ios-simulator.swiftdoc /Users/mdd/zhk/kanpan/DerivedData-chart-foundation/Build/Intermediates.noindex/KanpanChart.build/Debug-iphonesimulator/KanpanChart.build/Objects-normal/arm64/KanpanChart.swiftdoc (in target 'KanpanChart' from project 'KanpanChart')
    cd /Users/mdd/zhk/kanpan/KanpanChart
    builtin-copy -exclude .DS_Store -exclude CVS -exclude .svn -exclude .git -exclude .hg -resolve-src-symlinks -rename /Users/mdd/zhk/kanpan/DerivedData-chart-foundation/Build/Intermediates.noindex/KanpanChart.build/Debug-iphonesimulator/KanpanChart.build/Objects-normal/arm64/KanpanChart.swiftdoc /Users/mdd/zhk/kanpan/DerivedData-chart-foundation/Build/Products/Debug-iphonesimulator/KanpanChart.swiftmodule/arm64-apple-ios-simulator.swiftdoc

Copy /Users/mdd/zhk/kanpan/DerivedData-chart-foundation/Build/Products/Debug-iphonesimulator/KanpanChart.swiftmodule/arm64-apple-ios-simulator.abi.json /Users/mdd/zhk/kanpan/DerivedData-chart-foundation/Build/Intermediates.noindex/KanpanChart.build/Debug-iphonesimulator/KanpanChart.build/Objects-normal/arm64/KanpanChart.abi.json (in target 'KanpanChart' from project 'KanpanChart')
    cd /Users/mdd/zhk/kanpan/KanpanChart
    builtin-copy -exclude .DS_Store -exclude CVS -exclude .svn -exclude .git -exclude .hg -resolve-src-symlinks -rename /Users/mdd/zhk/kanpan/DerivedData-chart-foundation/Build/Intermediates.noindex/KanpanChart.build/Debug-iphonesimulator/KanpanChart.build/Objects-normal/arm64/KanpanChart.abi.json /Users/mdd/zhk/kanpan/DerivedData-chart-foundation/Build/Products/Debug-iphonesimulator/KanpanChart.swiftmodule/arm64-apple-ios-simulator.abi.json

ExtractAppIntentsMetadata (in target 'KanpanCore' from project 'KanpanCore')
    cd /Users/mdd/zhk/kanpan/KanpanCore
    /Applications/Xcode.app/Contents/Developer/Toolchains/XcodeDefault.xctoolchain/usr/bin/appintentsmetadataprocessor --toolchain-dir /Applications/Xcode.app/Contents/Developer/Toolchains/XcodeDefault.xctoolchain --module-name KanpanCore --sdk-root /Applications/Xcode.app/Contents/Developer/Platforms/iPhoneSimulator.platform/Developer/SDKs/iPhoneSimulator26.5.sdk --xcode-version 17F113 --platform-family iOS --deployment-target 17.0 --bundle-identifier kanpancore.KanpanCore --output /Users/mdd/zhk/kanpan/DerivedData-chart-foundation/Build/Products/Debug-iphonesimulator/KanpanCore.appintents --target-triple arm64-apple-ios17.0-simulator --binary-file /Users/mdd/zhk/kanpan/DerivedData-chart-foundation/Build/Products/Debug-iphonesimulator/KanpanCore.o --dependency-file /Users/mdd/zhk/kanpan/DerivedData-chart-foundation/Build/Intermediates.noindex/KanpanCore.build/Debug-iphonesimulator/KanpanCore.build/Objects-normal/arm64/KanpanCore_dependency_info.dat --stringsdata-file /Users/mdd/zhk/kanpan/DerivedData-chart-foundation/Build/Intermediates.noindex/KanpanCore.build/Debug-iphonesimulator/KanpanCore.build/Objects-normal/arm64/ExtractedAppShortcutsMetadata.stringsdata --source-file-list /Users/mdd/zhk/kanpan/DerivedData-chart-foundation/Build/Intermediates.noindex/KanpanCore.build/Debug-iphonesimulator/KanpanCore.build/Objects-normal/arm64/KanpanCore.SwiftFileList --metadata-file-list /Users/mdd/zhk/kanpan/DerivedData-chart-foundation/Build/Intermediates.noindex/KanpanCore.build/Debug-iphonesimulator/KanpanCore.build/KanpanCore.DependencyMetadataFileList --static-metadata-file-list /Users/mdd/zhk/kanpan/DerivedData-chart-foundation/Build/Intermediates.noindex/KanpanCore.build/Debug-iphonesimulator/KanpanCore.build/KanpanCore.DependencyStaticMetadataFileList --swift-const-vals-list /Users/mdd/zhk/kanpan/DerivedData-chart-foundation/Build/Intermediates.noindex/KanpanCore.build/Debug-iphonesimulator/KanpanCore.build/Objects-normal/arm64/KanpanCore.SwiftConstValuesFileList --force --compile-time-extraction --deployment-aware-processing --validate-assistant-intents --no-app-shortcuts-localization
2026-09-15 01:47:18.739 appintentsmetadataprocessor[18169:32105808] Starting appintentsmetadataprocessor export
2026-09-15 01:47:18.805 appintentsmetadataprocessor[18169:32105808] Extracted no relevant App Intents symbols, skipping writing output

SwiftDriverJobDiscovery normal arm64 Compiling ChartRenderer+Probe.swift (in target 'KanpanChart' from project 'KanpanChart')

ProcessProductPackaging "" /Users/mdd/zhk/kanpan/DerivedData-chart-foundation/Build/Intermediates.noindex/Kanpan.build/Debug-iphonesimulator/Kanpan.build/Kanpan.app-Simulated.xcent (in target 'Kanpan' from project 'Kanpan')
    cd /Users/mdd/zhk/kanpan/Kanpan
    
    Entitlements:
    
    {
    "application-identifier" = "27Y32PT2HZ.com.mdd.kanpan";
}
    
    builtin-productPackagingUtility -entitlements -format xml -o /Users/mdd/zhk/kanpan/DerivedData-chart-foundation/Build/Intermediates.noindex/Kanpan.build/Debug-iphonesimulator/Kanpan.build/Kanpan.app-Simulated.xcent

SwiftDriverJobDiscovery normal arm64 Compiling WSClient.swift, FeedComposer.swift (in target 'KanpanData' from project 'KanpanData')

ProcessProductPackagingDER /Users/mdd/zhk/kanpan/DerivedData-chart-foundation/Build/Intermediates.noindex/Kanpan.build/Debug-iphonesimulator/Kanpan.build/Kanpan.app-Simulated.xcent /Users/mdd/zhk/kanpan/DerivedData-chart-foundation/Build/Intermediates.noindex/Kanpan.build/Debug-iphonesimulator/Kanpan.build/Kanpan.app-Simulated.xcent.der (in target 'Kanpan' from project 'Kanpan')
    cd /Users/mdd/zhk/kanpan/Kanpan
    /usr/bin/derq query -f xml -i /Users/mdd/zhk/kanpan/DerivedData-chart-foundation/Build/Intermediates.noindex/Kanpan.build/Debug-iphonesimulator/Kanpan.build/Kanpan.app-Simulated.xcent -o /Users/mdd/zhk/kanpan/DerivedData-chart-foundation/Build/Intermediates.noindex/Kanpan.build/Debug-iphonesimulator/Kanpan.build/Kanpan.app-Simulated.xcent.der --raw

GenerateAssetSymbols /Users/mdd/zhk/kanpan/Kanpan/Kanpan/Assets.xcassets (in target 'Kanpan' from project 'Kanpan')
    cd /Users/mdd/zhk/kanpan/Kanpan
    /Applications/Xcode.app/Contents/Developer/usr/bin/actool /Users/mdd/zhk/kanpan/Kanpan/Kanpan/Assets.xcassets --compile /Users/mdd/zhk/kanpan/DerivedData-chart-foundation/Build/Products/Debug-iphonesimulator/Kanpan.app --output-format human-readable-text --notices --warnings --export-dependency-info /Users/mdd/zhk/kanpan/DerivedData-chart-foundation/Build/Intermediates.noindex/Kanpan.build/Debug-iphonesimulator/Kanpan.build/assetcatalog_dependencies --output-partial-info-plist /Users/mdd/zhk/kanpan/DerivedData-chart-foundation/Build/Intermediates.noindex/Kanpan.build/Debug-iphonesimulator/Kanpan.build/assetcatalog_generated_info.plist --app-icon AppIcon --accent-color AccentColor --compress-pngs --enable-on-demand-resources YES --development-region zh-Hans --target-device iphone --target-device ipad --minimum-deployment-target 17.0 --platform iphonesimulator --bundle-identifier com.mdd.kanpan --generate-swift-asset-symbol-extensions NO --generate-swift-asset-symbols /Users/mdd/zhk/kanpan/DerivedData-chart-foundation/Build/Intermediates.noindex/Kanpan.build/Debug-iphonesimulator/Kanpan.build/DerivedSources/GeneratedAssetSymbols.swift --generate-objc-asset-symbols /Users/mdd/zhk/kanpan/DerivedData-chart-foundation/Build/Intermediates.noindex/Kanpan.build/Debug-iphonesimulator/Kanpan.build/DerivedSources/GeneratedAssetSymbols.h --generate-asset-symbol-index /Users/mdd/zhk/kanpan/DerivedData-chart-foundation/Build/Intermediates.noindex/Kanpan.build/Debug-iphonesimulator/Kanpan.build/DerivedSources/GeneratedAssetSymbols-Index.plist
/* com.apple.actool.compilation-results */
/Users/mdd/zhk/kanpan/DerivedData-chart-foundation/Build/Intermediates.noindex/Kanpan.build/Debug-iphonesimulator/Kanpan.build/DerivedSources/GeneratedAssetSymbols-Index.plist
/Users/mdd/zhk/kanpan/DerivedData-chart-foundation/Build/Intermediates.noindex/Kanpan.build/Debug-iphonesimulator/Kanpan.build/DerivedSources/GeneratedAssetSymbols.h
/Users/mdd/zhk/kanpan/DerivedData-chart-foundation/Build/Intermediates.noindex/Kanpan.build/Debug-iphonesimulator/Kanpan.build/DerivedSources/GeneratedAssetSymbols.swift


CompileAssetCatalogVariant thinned /Users/mdd/zhk/kanpan/DerivedData-chart-foundation/Build/Products/Debug-iphonesimulator/Kanpan.app /Users/mdd/zhk/kanpan/Kanpan/Kanpan/Assets.xcassets (in target 'Kanpan' from project 'Kanpan')
    cd /Users/mdd/zhk/kanpan/Kanpan
    /Applications/Xcode.app/Contents/Developer/usr/bin/actool /Users/mdd/zhk/kanpan/Kanpan/Kanpan/Assets.xcassets --compile /Users/mdd/zhk/kanpan/DerivedData-chart-foundation/Build/Intermediates.noindex/Kanpan.build/Debug-iphonesimulator/Kanpan.build/assetcatalog_output/thinned --output-format human-readable-text --notices --warnings --export-dependency-info /Users/mdd/zhk/kanpan/DerivedData-chart-foundation/Build/Intermediates.noindex/Kanpan.build/Debug-iphonesimulator/Kanpan.build/assetcatalog_dependencies_thinned --output-partial-info-plist /Users/mdd/zhk/kanpan/DerivedData-chart-foundation/Build/Intermediates.noindex/Kanpan.build/Debug-iphonesimulator/Kanpan.build/assetcatalog_generated_info.plist_thinned --app-icon AppIcon --accent-color AccentColor --compress-pngs --enable-on-demand-resources YES --development-region zh-Hans --target-device iphone --target-device ipad --minimum-deployment-target 17.0 --platform iphonesimulator
/* com.apple.actool.compilation-results */
/Users/mdd/zhk/kanpan/DerivedData-chart-foundation/Build/Intermediates.noindex/Kanpan.build/Debug-iphonesimulator/Kanpan.build/assetcatalog_generated_info.plist_thinned
/Users/mdd/zhk/kanpan/DerivedData-chart-foundation/Build/Intermediates.noindex/Kanpan.build/Debug-iphonesimulator/Kanpan.build/assetcatalog_output/thinned/AppIcon60x60@2x.png
/Users/mdd/zhk/kanpan/DerivedData-chart-foundation/Build/Intermediates.noindex/Kanpan.build/Debug-iphonesimulator/Kanpan.build/assetcatalog_output/thinned/AppIcon76x76@2x~ipad.png
/Users/mdd/zhk/kanpan/DerivedData-chart-foundation/Build/Intermediates.noindex/Kanpan.build/Debug-iphonesimulator/Kanpan.build/assetcatalog_output/thinned/Assets.car


RegisterExecutionPolicyException /Users/mdd/zhk/kanpan/DerivedData-chart-foundation/Build/Products/Debug-iphonesimulator/KanpanCore.o (in target 'KanpanCore' from project 'KanpanCore')
    cd /Users/mdd/zhk/kanpan/KanpanCore
    builtin-RegisterExecutionPolicyException /Users/mdd/zhk/kanpan/DerivedData-chart-foundation/Build/Products/Debug-iphonesimulator/KanpanCore.o

SwiftDriver Kanpan normal arm64 com.apple.xcode.tools.swift.compiler (in target 'Kanpan' from project 'Kanpan')
    cd /Users/mdd/zhk/kanpan/Kanpan
    builtin-SwiftDriver -- /Applications/Xcode.app/Contents/Developer/Toolchains/XcodeDefault.xctoolchain/usr/bin/swiftc -module-name Kanpan -Onone @/Users/mdd/zhk/kanpan/DerivedData-chart-foundation/Build/Intermediates.noindex/Kanpan.build/Debug-iphonesimulator/Kanpan.build/Objects-normal/arm64/Kanpan.SwiftFileList -DDEBUG -enable-experimental-feature DebugDescriptionMacro -sdk /Applications/Xcode.app/Contents/Developer/Platforms/iPhoneSimulator.platform/Developer/SDKs/iPhoneSimulator26.5.sdk -target arm64-apple-ios17.0-simulator -g -module-cache-path /Users/mdd/zhk/kanpan/DerivedData-chart-foundation/ModuleCache.noindex -Xfrontend -serialize-debugging-options -enable-testing -index-store-path /Users/mdd/zhk/kanpan/DerivedData-chart-foundation/Index.noindex/DataStore -Xcc -D_LIBCPP_HARDENING_MODE\=_LIBCPP_HARDENING_MODE_DEBUG -swift-version 6 -I /Users/mdd/zhk/kanpan/DerivedData-chart-foundation/Build/Products/Debug-iphonesimulator -F /Users/mdd/zhk/kanpan/DerivedData-chart-foundation/Build/Products/Debug-iphonesimulator/PackageFrameworks -F /Users/mdd/zhk/kanpan/DerivedData-chart-foundation/Build/Products/Debug-iphonesimulator/PackageFrameworks -F /Users/mdd/zhk/kanpan/DerivedData-chart-foundation/Build/Products/Debug-iphonesimulator/PackageFrameworks -F /Users/mdd/zhk/kanpan/DerivedData-chart-foundation/Build/Products/Debug-iphonesimulator -emit-localized-strings -emit-localized-strings-path /Users/mdd/zhk/kanpan/DerivedData-chart-foundation/Build/Intermediates.noindex/Kanpan.build/Debug-iphonesimulator/Kanpan.build/Objects-normal/arm64 -c -j10 -enable-batch-mode -incremental -Xcc -ivfsstatcache -Xcc /Users/mdd/zhk/kanpan/DerivedData-chart-foundation/SDKStatCaches.noindex/iphonesimulator26.5-23F81a-6cfe768891a92b912361537c460fe42b.sdkstatcache -output-file-map /Users/mdd/zhk/kanpan/DerivedData-chart-foundation/Build/Intermediates.noindex/Kanpan.build/Debug-iphonesimulator/Kanpan.build/Objects-normal/arm64/Kanpan-OutputFileMap.json -use-frontend-parseable-output -save-temps -no-color-diagnostics -explicit-module-build -module-cache-path /Users/mdd/zhk/kanpan/DerivedData-chart-foundation/Build/Intermediates.noindex/SwiftExplicitPrecompiledModules -clang-scanner-module-cache-path /Users/mdd/zhk/kanpan/DerivedData-chart-foundation/ModuleCache.noindex -sdk-module-cache-path /Users/mdd/zhk/kanpan/DerivedData-chart-foundation/ModuleCache.noindex -serialize-diagnostics -emit-dependencies -emit-module -emit-module-path /Users/mdd/zhk/kanpan/DerivedData-chart-foundation/Build/Intermediates.noindex/Kanpan.build/Debug-iphonesimulator/Kanpan.build/Objects-normal/arm64/Kanpan.swiftmodule -validate-clang-modules-once -clang-build-session-file /Users/mdd/zhk/kanpan/DerivedData-chart-foundation/ModuleCache.noindex/Session.modulevalidation -Xcc -I/Users/mdd/zhk/kanpan/DerivedData-chart-foundation/Build/Intermediates.noindex/Kanpan.build/Debug-iphonesimulator/Kanpan.build/swift-overrides.hmap -emit-const-values -Xfrontend -const-gather-protocols-file -Xfrontend /Users/mdd/zhk/kanpan/DerivedData-chart-foundation/Build/Intermediates.noindex/Kanpan.build/Debug-iphonesimulator/Kanpan.build/Objects-normal/arm64/Kanpan_const_extract_protocols.json -Xcc -iquote -Xcc /Users/mdd/zhk/kanpan/DerivedData-chart-foundation/Build/Intermediates.noindex/Kanpan.build/Debug-iphonesimulator/Kanpan.build/Kanpan-generated-files.hmap -Xcc -I/Users/mdd/zhk/kanpan/DerivedData-chart-foundation/Build/Intermediates.noindex/Kanpan.build/Debug-iphonesimulator/Kanpan.build/Kanpan-own-target-headers.hmap -Xcc -I/Users/mdd/zhk/kanpan/DerivedData-chart-foundation/Build/Intermediates.noindex/Kanpan.build/Debug-iphonesimulator/Kanpan.build/Kanpan-all-non-framework-target-headers.hmap -Xcc -ivfsoverlay -Xcc /Users/mdd/zhk/kanpan/DerivedData-chart-foundation/Build/Intermediates.noindex/Kanpan.build/Debug-iphonesimulator/Kanpan-88f8e4f6458ff7f878983357411ed85c-VFS-iphonesimulator/all-product-headers.yaml -Xcc -iquote -Xcc /Users/mdd/zhk/kanpan/DerivedData-chart-foundation/Build/Intermediates.noindex/Kanpan.build/Debug-iphonesimulator/Kanpan.build/Kanpan-project-headers.hmap -Xcc -I/Users/mdd/zhk/kanpan/DerivedData-chart-foundation/Build/Products/Debug-iphonesimulator/include -Xcc -I/Users/mdd/zhk/kanpan/DerivedData-chart-foundation/Build/Intermediates.noindex/Kanpan.build/Debug-iphonesimulator/Kanpan.build/DerivedSources-normal/arm64 -Xcc -I/Users/mdd/zhk/kanpan/DerivedData-chart-foundation/Build/Intermediates.noindex/Kanpan.build/Debug-iphonesimulator/Kanpan.build/DerivedSources/arm64 -Xcc -I/Users/mdd/zhk/kanpan/DerivedData-chart-foundation/Build/Intermediates.noindex/Kanpan.build/Debug-iphonesimulator/Kanpan.build/DerivedSources -emit-objc-header -emit-objc-header-path /Users/mdd/zhk/kanpan/DerivedData-chart-foundation/Build/Intermediates.noindex/Kanpan.build/Debug-iphonesimulator/Kanpan.build/Objects-normal/arm64/Kanpan-Swift.h -working-directory /Users/mdd/zhk/kanpan/Kanpan -experimental-emit-module-separately -disable-cmo

SwiftDriverJobDiscovery normal arm64 Compiling ChartState.swift (in target 'KanpanChart' from project 'KanpanChart')

SwiftDriverJobDiscovery normal arm64 Compiling MarketFeed.swift, OISource.swift (in target 'KanpanData' from project 'KanpanData')

SwiftDriver\ Compilation KanpanData normal arm64 com.apple.xcode.tools.swift.compiler (in target 'KanpanData' from project 'KanpanData')
    cd /Users/mdd/zhk/kanpan
    builtin-Swift-Compilation -- /Applications/Xcode.app/Contents/Developer/Toolchains/XcodeDefault.xctoolchain/usr/bin/swiftc -module-name KanpanData -Onone @/Users/mdd/zhk/kanpan/DerivedData-chart-foundation/Build/Intermediates.noindex/KanpanData.build/Debug-iphonesimulator/KanpanData.build/Objects-normal/arm64/KanpanData.SwiftFileList -DSWIFT_PACKAGE -DDEBUG -DSWIFT_MODULE_RESOURCE_BUNDLE_UNAVAILABLE -DXcode -plugin-path /Applications/Xcode.app/Contents/Developer/Toolchains/XcodeDefault.xctoolchain/usr/lib/swift/host/plugins/testing -enable-experimental-feature DebugDescriptionMacro -sdk /Applications/Xcode.app/Contents/Developer/Platforms/iPhoneSimulator.platform/Developer/SDKs/iPhoneSimulator26.5.sdk -target arm64-apple-ios17.0-simulator -g -module-cache-path /Users/mdd/zhk/kanpan/DerivedData-chart-foundation/ModuleCache.noindex -Xfrontend -serialize-debugging-options -enable-testing -suppress-warnings -index-store-path /Users/mdd/zhk/kanpan/DerivedData-chart-foundation/Index.noindex/DataStore -Xcc -D_LIBCPP_HARDENING_MODE\=_LIBCPP_HARDENING_MODE_DEBUG -swift-version 6 -I /Users/mdd/zhk/kanpan/DerivedData-chart-foundation/Build/Products/Debug-iphonesimulator -Isystem /Applications/Xcode.app/Contents/Developer/Platforms/iPhoneSimulator.platform/Developer/usr/lib -F /Users/mdd/zhk/kanpan/DerivedData-chart-foundation/Build/Products/Debug-iphonesimulator/PackageFrameworks -F /Users/mdd/zhk/kanpan/DerivedData-chart-foundation/Build/Products/Debug-iphonesimulator -F /Applications/Xcode.app/Contents/Developer/Platforms/iPhoneSimulator.platform/Developer/Library/Frameworks -F /Applications/Xcode.app/Contents/Developer/Platforms/iPhoneSimulator.platform/Developer/SDKs/iPhoneSimulator26.5.sdk/Developer/Library/Frameworks -c -j10 -enable-batch-mode -incremental -Xcc -ivfsstatcache -Xcc /Users/mdd/zhk/kanpan/DerivedData-chart-foundation/SDKStatCaches.noindex/iphonesimulator26.5-23F81a-6cfe768891a92b912361537c460fe42b.sdkstatcache -output-file-map /Users/mdd/zhk/kanpan/DerivedData-chart-foundation/Build/Intermediates.noindex/KanpanData.build/Debug-iphonesimulator/KanpanData.build/Objects-normal/arm64/KanpanData-OutputFileMap.json -use-frontend-parseable-output -save-temps -no-color-diagnostics -explicit-module-build -module-cache-path /Users/mdd/zhk/kanpan/DerivedData-chart-foundation/Build/Intermediates.noindex/SwiftExplicitPrecompiledModules -clang-scanner-module-cache-path /Users/mdd/zhk/kanpan/DerivedData-chart-foundation/ModuleCache.noindex -sdk-module-cache-path /Users/mdd/zhk/kanpan/DerivedData-chart-foundation/ModuleCache.noindex -serialize-diagnostics -emit-dependencies -emit-module -emit-module-path /Users/mdd/zhk/kanpan/DerivedData-chart-foundation/Build/Intermediates.noindex/KanpanData.build/Debug-iphonesimulator/KanpanData.build/Objects-normal/arm64/KanpanData.swiftmodule -validate-clang-modules-once -clang-build-session-file /Users/mdd/zhk/kanpan/DerivedData-chart-foundation/ModuleCache.noindex/Session.modulevalidation -package-name kanpandata -Xcc -I/Users/mdd/zhk/kanpan/DerivedData-chart-foundation/Build/Intermediates.noindex/KanpanData.build/Debug-iphonesimulator/KanpanData.build/swift-overrides.hmap -emit-const-values -Xfrontend -const-gather-protocols-file -Xfrontend /Users/mdd/zhk/kanpan/DerivedData-chart-foundation/Build/Intermediates.noindex/KanpanData.build/Debug-iphonesimulator/KanpanData.build/Objects-normal/arm64/KanpanData_const_extract_protocols.json -Xcc -I/Users/mdd/zhk/kanpan/DerivedData-chart-foundation/Build/Products/Debug-iphonesimulator/include -Xcc -I/Users/mdd/zhk/kanpan/DerivedData-chart-foundation/Build/Intermediates.noindex/KanpanData.build/Debug-iphonesimulator/KanpanData.build/DerivedSources-normal/arm64 -Xcc -I/Users/mdd/zhk/kanpan/DerivedData-chart-foundation/Build/Intermediates.noindex/KanpanData.build/Debug-iphonesimulator/KanpanData.build/DerivedSources/arm64 -Xcc -I/Users/mdd/zhk/kanpan/DerivedData-chart-foundation/Build/Intermediates.noindex/KanpanData.build/Debug-iphonesimulator/KanpanData.build/DerivedSources -Xcc -DSWIFT_PACKAGE -Xcc -DDEBUG\=1 -emit-objc-header -emit-objc-header-path /Users/mdd/zhk/kanpan/DerivedData-chart-foundation/Build/Intermediates.noindex/KanpanData.build/Debug-iphonesimulator/KanpanData.build/Objects-normal/arm64/KanpanData-Swift.h -working-directory /Users/mdd/zhk/kanpan -experimental-emit-module-separately -disable-cmo

Ld /Users/mdd/zhk/kanpan/DerivedData-chart-foundation/Build/Products/Debug-iphonesimulator/KanpanData.o normal (in target 'KanpanData' from project 'KanpanData')
    cd /Users/mdd/zhk/kanpan/KanpanData
    /Applications/Xcode.app/Contents/Developer/Toolchains/XcodeDefault.xctoolchain/usr/bin/clang -Xlinker -reproducible -target arm64-apple-ios17.0-simulator -r -isysroot /Applications/Xcode.app/Contents/Developer/Platforms/iPhoneSimulator.platform/Developer/SDKs/iPhoneSimulator26.5.sdk -O0 -w -F/Users/mdd/zhk/kanpan/DerivedData-chart-foundation/Build/Intermediates.noindex/EagerLinkingTBDs/Debug-iphonesimulator -F/Users/mdd/zhk/kanpan/DerivedData-chart-foundation/Build/Products/Debug-iphonesimulator/PackageFrameworks -F/Users/mdd/zhk/kanpan/DerivedData-chart-foundation/Build/Products/Debug-iphonesimulator -iframework /Applications/Xcode.app/Contents/Developer/Platforms/iPhoneSimulator.platform/Developer/Library/Frameworks -iframework /Applications/Xcode.app/Contents/Developer/Platforms/iPhoneSimulator.platform/Developer/SDKs/iPhoneSimulator26.5.sdk/Developer/Library/Frameworks -filelist /Users/mdd/zhk/kanpan/DerivedData-chart-foundation/Build/Intermediates.noindex/KanpanData.build/Debug-iphonesimulator/KanpanData.build/Objects-normal/arm64/KanpanData.LinkFileList -nostdlib -Xlinker -object_path_lto -Xlinker /Users/mdd/zhk/kanpan/DerivedData-chart-foundation/Build/Intermediates.noindex/KanpanData.build/Debug-iphonesimulator/KanpanData.build/Objects-normal/arm64/KanpanData_lto.o -Xlinker -no_deduplicate -Xlinker -objc_abi_version -Xlinker 2 -Xlinker -dependency_info -Xlinker /Users/mdd/zhk/kanpan/DerivedData-chart-foundation/Build/Intermediates.noindex/KanpanData.build/Debug-iphonesimulator/KanpanData.build/Objects-normal/arm64/KanpanData_dependency_info.dat -fobjc-link-runtime -L/Applications/Xcode.app/Contents/Developer/Toolchains/XcodeDefault.xctoolchain/usr/lib/swift/iphonesimulator -L/usr/lib/swift -Xlinker -add_ast_path -Xlinker /Users/mdd/zhk/kanpan/DerivedData-chart-foundation/Build/Intermediates.noindex/KanpanData.build/Debug-iphonesimulator/KanpanData.build/Objects-normal/arm64/KanpanData.swiftmodule @/Users/mdd/zhk/kanpan/DerivedData-chart-foundation/Build/Intermediates.noindex/KanpanData.build/Debug-iphonesimulator/KanpanData.build/Objects-normal/arm64/KanpanData-linker-args.resp -o /Users/mdd/zhk/kanpan/DerivedData-chart-foundation/Build/Products/Debug-iphonesimulator/KanpanData.o

ExtractAppIntentsMetadata (in target 'KanpanData' from project 'KanpanData')
    cd /Users/mdd/zhk/kanpan/KanpanData
    /Applications/Xcode.app/Contents/Developer/Toolchains/XcodeDefault.xctoolchain/usr/bin/appintentsmetadataprocessor --toolchain-dir /Applications/Xcode.app/Contents/Developer/Toolchains/XcodeDefault.xctoolchain --module-name KanpanData --sdk-root /Applications/Xcode.app/Contents/Developer/Platforms/iPhoneSimulator.platform/Developer/SDKs/iPhoneSimulator26.5.sdk --xcode-version 17F113 --platform-family iOS --deployment-target 17.0 --bundle-identifier kanpandata.KanpanData --output /Users/mdd/zhk/kanpan/DerivedData-chart-foundation/Build/Products/Debug-iphonesimulator/KanpanData.appintents --target-triple arm64-apple-ios17.0-simulator --binary-file /Users/mdd/zhk/kanpan/DerivedData-chart-foundation/Build/Products/Debug-iphonesimulator/KanpanData.o --dependency-file /Users/mdd/zhk/kanpan/DerivedData-chart-foundation/Build/Intermediates.noindex/KanpanData.build/Debug-iphonesimulator/KanpanData.build/Objects-normal/arm64/KanpanData_dependency_info.dat --stringsdata-file /Users/mdd/zhk/kanpan/DerivedData-chart-foundation/Build/Intermediates.noindex/KanpanData.build/Debug-iphonesimulator/KanpanData.build/Objects-normal/arm64/ExtractedAppShortcutsMetadata.stringsdata --source-file-list /Users/mdd/zhk/kanpan/DerivedData-chart-foundation/Build/Intermediates.noindex/KanpanData.build/Debug-iphonesimulator/KanpanData.build/Objects-normal/arm64/KanpanData.SwiftFileList --metadata-file-list /Users/mdd/zhk/kanpan/DerivedData-chart-foundation/Build/Intermediates.noindex/KanpanData.build/Debug-iphonesimulator/KanpanData.build/KanpanData.DependencyMetadataFileList --static-metadata-file-list /Users/mdd/zhk/kanpan/DerivedData-chart-foundation/Build/Intermediates.noindex/KanpanData.build/Debug-iphonesimulator/KanpanData.build/KanpanData.DependencyStaticMetadataFileList --swift-const-vals-list /Users/mdd/zhk/kanpan/DerivedData-chart-foundation/Build/Intermediates.noindex/KanpanData.build/Debug-iphonesimulator/KanpanData.build/Objects-normal/arm64/KanpanData.SwiftConstValuesFileList --force --compile-time-extraction --deployment-aware-processing --validate-assistant-intents --no-app-shortcuts-localization
2026-09-15 01:47:19.339 appintentsmetadataprocessor[18182:32105863] Starting appintentsmetadataprocessor export
2026-09-15 01:47:19.363 appintentsmetadataprocessor[18182:32105863] Extracted no relevant App Intents symbols, skipping writing output

RegisterExecutionPolicyException /Users/mdd/zhk/kanpan/DerivedData-chart-foundation/Build/Products/Debug-iphonesimulator/KanpanData.o (in target 'KanpanData' from project 'KanpanData')
    cd /Users/mdd/zhk/kanpan/KanpanData
    builtin-RegisterExecutionPolicyException /Users/mdd/zhk/kanpan/DerivedData-chart-foundation/Build/Products/Debug-iphonesimulator/KanpanData.o

SwiftDriverJobDiscovery normal arm64 Compiling ChartRenderer+Sub.swift (in target 'KanpanChart' from project 'KanpanChart')

SwiftDriverJobDiscovery normal arm64 Compiling ChartRenderer.swift (in target 'KanpanChart' from project 'KanpanChart')

SwiftDriverJobDiscovery normal arm64 Compiling ChartView.swift (in target 'KanpanChart' from project 'KanpanChart')

SwiftDriverJobDiscovery normal arm64 Compiling ChartView+Drawing.swift (in target 'KanpanChart' from project 'KanpanChart')

SwiftExplicitDependencyGeneratePcm arm64 /Users/mdd/zhk/kanpan/DerivedData-chart-foundation/ModuleCache.noindex/dnssd-975OGH8T0PEMQETEDGI3SNZT0.pcm

SwiftDriverJobDiscovery normal arm64 Compiling ChartView+Gesture.swift (in target 'KanpanChart' from project 'KanpanChart')

SwiftDriver\ Compilation KanpanChart normal arm64 com.apple.xcode.tools.swift.compiler (in target 'KanpanChart' from project 'KanpanChart')
    cd /Users/mdd/zhk/kanpan
    builtin-Swift-Compilation -- /Applications/Xcode.app/Contents/Developer/Toolchains/XcodeDefault.xctoolchain/usr/bin/swiftc -module-name KanpanChart -Onone @/Users/mdd/zhk/kanpan/DerivedData-chart-foundation/Build/Intermediates.noindex/KanpanChart.build/Debug-iphonesimulator/KanpanChart.build/Objects-normal/arm64/KanpanChart.SwiftFileList -DSWIFT_PACKAGE -DDEBUG -DSWIFT_MODULE_RESOURCE_BUNDLE_UNAVAILABLE -DXcode -plugin-path /Applications/Xcode.app/Contents/Developer/Toolchains/XcodeDefault.xctoolchain/usr/lib/swift/host/plugins/testing -enable-experimental-feature DebugDescriptionMacro -sdk /Applications/Xcode.app/Contents/Developer/Platforms/iPhoneSimulator.platform/Developer/SDKs/iPhoneSimulator26.5.sdk -target arm64-apple-ios17.0-simulator -g -module-cache-path /Users/mdd/zhk/kanpan/DerivedData-chart-foundation/ModuleCache.noindex -Xfrontend -serialize-debugging-options -enable-testing -suppress-warnings -index-store-path /Users/mdd/zhk/kanpan/DerivedData-chart-foundation/Index.noindex/DataStore -Xcc -D_LIBCPP_HARDENING_MODE\=_LIBCPP_HARDENING_MODE_DEBUG -swift-version 6 -I /Users/mdd/zhk/kanpan/DerivedData-chart-foundation/Build/Products/Debug-iphonesimulator -Isystem /Applications/Xcode.app/Contents/Developer/Platforms/iPhoneSimulator.platform/Developer/usr/lib -F /Users/mdd/zhk/kanpan/DerivedData-chart-foundation/Build/Products/Debug-iphonesimulator/PackageFrameworks -F /Users/mdd/zhk/kanpan/DerivedData-chart-foundation/Build/Products/Debug-iphonesimulator -F /Applications/Xcode.app/Contents/Developer/Platforms/iPhoneSimulator.platform/Developer/Library/Frameworks -F /Applications/Xcode.app/Contents/Developer/Platforms/iPhoneSimulator.platform/Developer/SDKs/iPhoneSimulator26.5.sdk/Developer/Library/Frameworks -c -j10 -enable-batch-mode -incremental -Xcc -ivfsstatcache -Xcc /Users/mdd/zhk/kanpan/DerivedData-chart-foundation/SDKStatCaches.noindex/iphonesimulator26.5-23F81a-6cfe768891a92b912361537c460fe42b.sdkstatcache -output-file-map /Users/mdd/zhk/kanpan/DerivedData-chart-foundation/Build/Intermediates.noindex/KanpanChart.build/Debug-iphonesimulator/KanpanChart.build/Objects-normal/arm64/KanpanChart-OutputFileMap.json -use-frontend-parseable-output -save-temps -no-color-diagnostics -explicit-module-build -module-cache-path /Users/mdd/zhk/kanpan/DerivedData-chart-foundation/Build/Intermediates.noindex/SwiftExplicitPrecompiledModules -clang-scanner-module-cache-path /Users/mdd/zhk/kanpan/DerivedData-chart-foundation/ModuleCache.noindex -sdk-module-cache-path /Users/mdd/zhk/kanpan/DerivedData-chart-foundation/ModuleCache.noindex -serialize-diagnostics -emit-dependencies -emit-module -emit-module-path /Users/mdd/zhk/kanpan/DerivedData-chart-foundation/Build/Intermediates.noindex/KanpanChart.build/Debug-iphonesimulator/KanpanChart.build/Objects-normal/arm64/KanpanChart.swiftmodule -validate-clang-modules-once -clang-build-session-file /Users/mdd/zhk/kanpan/DerivedData-chart-foundation/ModuleCache.noindex/Session.modulevalidation -package-name kanpanchart -Xcc -I/Users/mdd/zhk/kanpan/DerivedData-chart-foundation/Build/Intermediates.noindex/KanpanChart.build/Debug-iphonesimulator/KanpanChart.build/swift-overrides.hmap -emit-const-values -Xfrontend -const-gather-protocols-file -Xfrontend /Users/mdd/zhk/kanpan/DerivedData-chart-foundation/Build/Intermediates.noindex/KanpanChart.build/Debug-iphonesimulator/KanpanChart.build/Objects-normal/arm64/KanpanChart_const_extract_protocols.json -Xcc -I/Users/mdd/zhk/kanpan/DerivedData-chart-foundation/Build/Products/Debug-iphonesimulator/include -Xcc -I/Users/mdd/zhk/kanpan/DerivedData-chart-foundation/Build/Intermediates.noindex/KanpanChart.build/Debug-iphonesimulator/KanpanChart.build/DerivedSources-normal/arm64 -Xcc -I/Users/mdd/zhk/kanpan/DerivedData-chart-foundation/Build/Intermediates.noindex/KanpanChart.build/Debug-iphonesimulator/KanpanChart.build/DerivedSources/arm64 -Xcc -I/Users/mdd/zhk/kanpan/DerivedData-chart-foundation/Build/Intermediates.noindex/KanpanChart.build/Debug-iphonesimulator/KanpanChart.build/DerivedSources -Xcc -DSWIFT_PACKAGE -Xcc -DDEBUG\=1 -emit-objc-header -emit-objc-header-path /Users/mdd/zhk/kanpan/DerivedData-chart-foundation/Build/Intermediates.noindex/KanpanChart.build/Debug-iphonesimulator/KanpanChart.build/Objects-normal/arm64/KanpanChart-Swift.h -working-directory /Users/mdd/zhk/kanpan -experimental-emit-module-separately -disable-cmo

Ld /Users/mdd/zhk/kanpan/DerivedData-chart-foundation/Build/Products/Debug-iphonesimulator/KanpanChart.o normal (in target 'KanpanChart' from project 'KanpanChart')
    cd /Users/mdd/zhk/kanpan/KanpanChart
    /Applications/Xcode.app/Contents/Developer/Toolchains/XcodeDefault.xctoolchain/usr/bin/clang -Xlinker -reproducible -target arm64-apple-ios17.0-simulator -r -isysroot /Applications/Xcode.app/Contents/Developer/Platforms/iPhoneSimulator.platform/Developer/SDKs/iPhoneSimulator26.5.sdk -O0 -w -F/Users/mdd/zhk/kanpan/DerivedData-chart-foundation/Build/Intermediates.noindex/EagerLinkingTBDs/Debug-iphonesimulator -F/Users/mdd/zhk/kanpan/DerivedData-chart-foundation/Build/Products/Debug-iphonesimulator/PackageFrameworks -F/Users/mdd/zhk/kanpan/DerivedData-chart-foundation/Build/Products/Debug-iphonesimulator -iframework /Applications/Xcode.app/Contents/Developer/Platforms/iPhoneSimulator.platform/Developer/Library/Frameworks -iframework /Applications/Xcode.app/Contents/Developer/Platforms/iPhoneSimulator.platform/Developer/SDKs/iPhoneSimulator26.5.sdk/Developer/Library/Frameworks -filelist /Users/mdd/zhk/kanpan/DerivedData-chart-foundation/Build/Intermediates.noindex/KanpanChart.build/Debug-iphonesimulator/KanpanChart.build/Objects-normal/arm64/KanpanChart.LinkFileList -nostdlib -Xlinker -object_path_lto -Xlinker /Users/mdd/zhk/kanpan/DerivedData-chart-foundation/Build/Intermediates.noindex/KanpanChart.build/Debug-iphonesimulator/KanpanChart.build/Objects-normal/arm64/KanpanChart_lto.o -Xlinker -no_deduplicate -Xlinker -objc_abi_version -Xlinker 2 -Xlinker -dependency_info -Xlinker /Users/mdd/zhk/kanpan/DerivedData-chart-foundation/Build/Intermediates.noindex/KanpanChart.build/Debug-iphonesimulator/KanpanChart.build/Objects-normal/arm64/KanpanChart_dependency_info.dat -fobjc-link-runtime -L/Applications/Xcode.app/Contents/Developer/Toolchains/XcodeDefault.xctoolchain/usr/lib/swift/iphonesimulator -L/usr/lib/swift -Xlinker -add_ast_path -Xlinker /Users/mdd/zhk/kanpan/DerivedData-chart-foundation/Build/Intermediates.noindex/KanpanChart.build/Debug-iphonesimulator/KanpanChart.build/Objects-normal/arm64/KanpanChart.swiftmodule @/Users/mdd/zhk/kanpan/DerivedData-chart-foundation/Build/Intermediates.noindex/KanpanChart.build/Debug-iphonesimulator/KanpanChart.build/Objects-normal/arm64/KanpanChart-linker-args.resp -o /Users/mdd/zhk/kanpan/DerivedData-chart-foundation/Build/Products/Debug-iphonesimulator/KanpanChart.o

ExtractAppIntentsMetadata (in target 'KanpanChart' from project 'KanpanChart')
    cd /Users/mdd/zhk/kanpan/KanpanChart
    /Applications/Xcode.app/Contents/Developer/Toolchains/XcodeDefault.xctoolchain/usr/bin/appintentsmetadataprocessor --toolchain-dir /Applications/Xcode.app/Contents/Developer/Toolchains/XcodeDefault.xctoolchain --module-name KanpanChart --sdk-root /Applications/Xcode.app/Contents/Developer/Platforms/iPhoneSimulator.platform/Developer/SDKs/iPhoneSimulator26.5.sdk --xcode-version 17F113 --platform-family iOS --deployment-target 17.0 --bundle-identifier kanpanchart.KanpanChart --output /Users/mdd/zhk/kanpan/DerivedData-chart-foundation/Build/Products/Debug-iphonesimulator/KanpanChart.appintents --target-triple arm64-apple-ios17.0-simulator --binary-file /Users/mdd/zhk/kanpan/DerivedData-chart-foundation/Build/Products/Debug-iphonesimulator/KanpanChart.o --dependency-file /Users/mdd/zhk/kanpan/DerivedData-chart-foundation/Build/Intermediates.noindex/KanpanChart.build/Debug-iphonesimulator/KanpanChart.build/Objects-normal/arm64/KanpanChart_dependency_info.dat --stringsdata-file /Users/mdd/zhk/kanpan/DerivedData-chart-foundation/Build/Intermediates.noindex/KanpanChart.build/Debug-iphonesimulator/KanpanChart.build/Objects-normal/arm64/ExtractedAppShortcutsMetadata.stringsdata --source-file-list /Users/mdd/zhk/kanpan/DerivedData-chart-foundation/Build/Intermediates.noindex/KanpanChart.build/Debug-iphonesimulator/KanpanChart.build/Objects-normal/arm64/KanpanChart.SwiftFileList --metadata-file-list /Users/mdd/zhk/kanpan/DerivedData-chart-foundation/Build/Intermediates.noindex/KanpanChart.build/Debug-iphonesimulator/KanpanChart.build/KanpanChart.DependencyMetadataFileList --static-metadata-file-list /Users/mdd/zhk/kanpan/DerivedData-chart-foundation/Build/Intermediates.noindex/KanpanChart.build/Debug-iphonesimulator/KanpanChart.build/KanpanChart.DependencyStaticMetadataFileList --swift-const-vals-list /Users/mdd/zhk/kanpan/DerivedData-chart-foundation/Build/Intermediates.noindex/KanpanChart.build/Debug-iphonesimulator/KanpanChart.build/Objects-normal/arm64/KanpanChart.SwiftConstValuesFileList --force --compile-time-extraction --deployment-aware-processing --validate-assistant-intents --no-app-shortcuts-localization
2026-09-15 01:47:20.362 appintentsmetadataprocessor[18197:32105976] Starting appintentsmetadataprocessor export
2026-09-15 01:47:20.373 appintentsmetadataprocessor[18197:32105976] Extracted no relevant App Intents symbols, skipping writing output

SwiftExplicitDependencyGeneratePcm arm64 /Users/mdd/zhk/kanpan/DerivedData-chart-foundation/ModuleCache.noindex/Network-ZJ9JV4586DLTJR1QKSPDMQLO.pcm

RegisterExecutionPolicyException /Users/mdd/zhk/kanpan/DerivedData-chart-foundation/Build/Products/Debug-iphonesimulator/KanpanChart.o (in target 'KanpanChart' from project 'KanpanChart')
    cd /Users/mdd/zhk/kanpan/KanpanChart
    builtin-RegisterExecutionPolicyException /Users/mdd/zhk/kanpan/DerivedData-chart-foundation/Build/Products/Debug-iphonesimulator/KanpanChart.o

SwiftEmitModule normal arm64 Emitting\ module\ for\ Kanpan (in target 'Kanpan' from project 'Kanpan')

EmitSwiftModule normal arm64 (in target 'Kanpan' from project 'Kanpan')
    cd /Users/mdd/zhk/kanpan/Kanpan
    

SwiftCompile normal arm64 Compiling\ MarketNetworkMonitor.swift,\ QuoteBook.swift,\ TopBar.swift,\ VectorIcon.swift,\ ChartPanel.swift /Users/mdd/zhk/kanpan/Kanpan/Kanpan/Main/MarketNetworkMonitor.swift /Users/mdd/zhk/kanpan/Kanpan/Kanpan/Main/QuoteBook.swift /Users/mdd/zhk/kanpan/Kanpan/Kanpan/Main/TopBar.swift /Users/mdd/zhk/kanpan/Kanpan/Kanpan/Main/VectorIcon.swift /Users/mdd/zhk/kanpan/Kanpan/Kanpan/Panels/ChartPanel.swift (in target 'Kanpan' from project 'Kanpan')

SwiftCompile normal arm64 /Users/mdd/zhk/kanpan/Kanpan/Kanpan/Main/MarketNetworkMonitor.swift (in target 'Kanpan' from project 'Kanpan')
    cd /Users/mdd/zhk/kanpan/Kanpan
    

SwiftCompile normal arm64 /Users/mdd/zhk/kanpan/Kanpan/Kanpan/Main/QuoteBook.swift (in target 'Kanpan' from project 'Kanpan')
    cd /Users/mdd/zhk/kanpan/Kanpan
    

SwiftCompile normal arm64 /Users/mdd/zhk/kanpan/Kanpan/Kanpan/Main/TopBar.swift (in target 'Kanpan' from project 'Kanpan')
    cd /Users/mdd/zhk/kanpan/Kanpan
    

SwiftCompile normal arm64 /Users/mdd/zhk/kanpan/Kanpan/Kanpan/Main/VectorIcon.swift (in target 'Kanpan' from project 'Kanpan')
    cd /Users/mdd/zhk/kanpan/Kanpan
    

SwiftCompile normal arm64 /Users/mdd/zhk/kanpan/Kanpan/Kanpan/Panels/ChartPanel.swift (in target 'Kanpan' from project 'Kanpan')
    cd /Users/mdd/zhk/kanpan/Kanpan
    

SwiftCompile normal arm64 Compiling\ IndicatorPanel.swift,\ PanelChrome.swift,\ PanelPresentation.swift,\ PanelTheme.swift,\ PeriodPanel.swift /Users/mdd/zhk/kanpan/Kanpan/Kanpan/Panels/IndicatorPanel.swift /Users/mdd/zhk/kanpan/Kanpan/Kanpan/Panels/PanelChrome.swift /Users/mdd/zhk/kanpan/Kanpan/Kanpan/Panels/PanelPresentation.swift /Users/mdd/zhk/kanpan/Kanpan/Kanpan/Panels/PanelTheme.swift /Users/mdd/zhk/kanpan/Kanpan/Kanpan/Panels/PeriodPanel.swift (in target 'Kanpan' from project 'Kanpan')

SwiftCompile normal arm64 /Users/mdd/zhk/kanpan/Kanpan/Kanpan/Panels/IndicatorPanel.swift (in target 'Kanpan' from project 'Kanpan')
    cd /Users/mdd/zhk/kanpan/Kanpan
    

SwiftCompile normal arm64 /Users/mdd/zhk/kanpan/Kanpan/Kanpan/Panels/PanelChrome.swift (in target 'Kanpan' from project 'Kanpan')
    cd /Users/mdd/zhk/kanpan/Kanpan
    

SwiftCompile normal arm64 /Users/mdd/zhk/kanpan/Kanpan/Kanpan/Panels/PanelPresentation.swift (in target 'Kanpan' from project 'Kanpan')
    cd /Users/mdd/zhk/kanpan/Kanpan
    

SwiftCompile normal arm64 /Users/mdd/zhk/kanpan/Kanpan/Kanpan/Panels/PanelTheme.swift (in target 'Kanpan' from project 'Kanpan')
    cd /Users/mdd/zhk/kanpan/Kanpan
    

SwiftCompile normal arm64 /Users/mdd/zhk/kanpan/Kanpan/Kanpan/Panels/PeriodPanel.swift (in target 'Kanpan' from project 'Kanpan')
    cd /Users/mdd/zhk/kanpan/Kanpan
    

SwiftCompile normal arm64 Compiling\ SymbolTickerFeed.swift,\ KanpanApp.swift,\ LaunchScreen.swift,\ GeneratedAssetSymbols.swift /Users/mdd/zhk/kanpan/Kanpan/Kanpan/Symbols/SymbolTickerFeed.swift /Users/mdd/zhk/kanpan/Kanpan/Kanpan/KanpanApp.swift /Users/mdd/zhk/kanpan/Kanpan/Kanpan/LaunchScreen.swift /Users/mdd/zhk/kanpan/DerivedData-chart-foundation/Build/Intermediates.noindex/Kanpan.build/Debug-iphonesimulator/Kanpan.build/DerivedSources/GeneratedAssetSymbols.swift (in target 'Kanpan' from project 'Kanpan')

SwiftCompile normal arm64 /Users/mdd/zhk/kanpan/Kanpan/Kanpan/Symbols/SymbolTickerFeed.swift (in target 'Kanpan' from project 'Kanpan')
    cd /Users/mdd/zhk/kanpan/Kanpan
    

SwiftCompile normal arm64 /Users/mdd/zhk/kanpan/Kanpan/Kanpan/KanpanApp.swift (in target 'Kanpan' from project 'Kanpan')
    cd /Users/mdd/zhk/kanpan/Kanpan
    

SwiftCompile normal arm64 /Users/mdd/zhk/kanpan/Kanpan/Kanpan/LaunchScreen.swift (in target 'Kanpan' from project 'Kanpan')
    cd /Users/mdd/zhk/kanpan/Kanpan
    

SwiftCompile normal arm64 /Users/mdd/zhk/kanpan/DerivedData-chart-foundation/Build/Intermediates.noindex/Kanpan.build/Debug-iphonesimulator/Kanpan.build/DerivedSources/GeneratedAssetSymbols.swift (in target 'Kanpan' from project 'Kanpan')
    cd /Users/mdd/zhk/kanpan/Kanpan
    

SwiftCompile normal arm64 Compiling\ SettingsPanel.swift,\ StylePanel.swift,\ StyleThumbnail.swift,\ APIHost.swift,\ IndicatorDraft.swift /Users/mdd/zhk/kanpan/Kanpan/Kanpan/Panels/SettingsPanel.swift /Users/mdd/zhk/kanpan/Kanpan/Kanpan/Panels/StylePanel.swift /Users/mdd/zhk/kanpan/Kanpan/Kanpan/Panels/StyleThumbnail.swift /Users/mdd/zhk/kanpan/Kanpan/Kanpan/Settings/Model/APIHost.swift /Users/mdd/zhk/kanpan/Kanpan/Kanpan/Settings/Model/IndicatorDraft.swift (in target 'Kanpan' from project 'Kanpan')

SwiftCompile normal arm64 /Users/mdd/zhk/kanpan/Kanpan/Kanpan/Panels/SettingsPanel.swift (in target 'Kanpan' from project 'Kanpan')
    cd /Users/mdd/zhk/kanpan/Kanpan
    

SwiftCompile normal arm64 /Users/mdd/zhk/kanpan/Kanpan/Kanpan/Panels/StylePanel.swift (in target 'Kanpan' from project 'Kanpan')
    cd /Users/mdd/zhk/kanpan/Kanpan
    

SwiftCompile normal arm64 /Users/mdd/zhk/kanpan/Kanpan/Kanpan/Panels/StyleThumbnail.swift (in target 'Kanpan' from project 'Kanpan')
    cd /Users/mdd/zhk/kanpan/Kanpan
    

SwiftCompile normal arm64 /Users/mdd/zhk/kanpan/Kanpan/Kanpan/Settings/Model/APIHost.swift (in target 'Kanpan' from project 'Kanpan')
    cd /Users/mdd/zhk/kanpan/Kanpan
    

SwiftCompile normal arm64 /Users/mdd/zhk/kanpan/Kanpan/Kanpan/Settings/Model/IndicatorDraft.swift (in target 'Kanpan' from project 'Kanpan')
    cd /Users/mdd/zhk/kanpan/Kanpan
    

SwiftCompile normal arm64 Compiling\ ChartHost.swift,\ IntervalBar.swift,\ LandscapeChrome.swift,\ MainScreen.swift,\ MarketModel.swift /Users/mdd/zhk/kanpan/Kanpan/Kanpan/Main/ChartHost.swift /Users/mdd/zhk/kanpan/Kanpan/Kanpan/Main/IntervalBar.swift /Users/mdd/zhk/kanpan/Kanpan/Kanpan/Main/LandscapeChrome.swift /Users/mdd/zhk/kanpan/Kanpan/Kanpan/Main/MainScreen.swift /Users/mdd/zhk/kanpan/Kanpan/Kanpan/Main/MarketModel.swift (in target 'Kanpan' from project 'Kanpan')

SwiftCompile normal arm64 /Users/mdd/zhk/kanpan/Kanpan/Kanpan/Main/ChartHost.swift (in target 'Kanpan' from project 'Kanpan')
    cd /Users/mdd/zhk/kanpan/Kanpan
    

SwiftCompile normal arm64 /Users/mdd/zhk/kanpan/Kanpan/Kanpan/Main/IntervalBar.swift (in target 'Kanpan' from project 'Kanpan')
    cd /Users/mdd/zhk/kanpan/Kanpan
    

SwiftCompile normal arm64 /Users/mdd/zhk/kanpan/Kanpan/Kanpan/Main/LandscapeChrome.swift (in target 'Kanpan' from project 'Kanpan')
    cd /Users/mdd/zhk/kanpan/Kanpan
    

SwiftCompile normal arm64 /Users/mdd/zhk/kanpan/Kanpan/Kanpan/Main/MainScreen.swift (in target 'Kanpan' from project 'Kanpan')
    cd /Users/mdd/zhk/kanpan/Kanpan
    

SwiftCompile normal arm64 /Users/mdd/zhk/kanpan/Kanpan/Kanpan/Main/MarketModel.swift (in target 'Kanpan' from project 'Kanpan')
    cd /Users/mdd/zhk/kanpan/Kanpan
    

SwiftCompile normal arm64 Compiling\ SymbolPickerView.swift,\ SymbolPrefs.swift,\ SymbolQuery.swift,\ SymbolSections.swift /Users/mdd/zhk/kanpan/Kanpan/Kanpan/Symbols/SymbolPickerView.swift /Users/mdd/zhk/kanpan/Kanpan/Kanpan/Symbols/SymbolPrefs.swift /Users/mdd/zhk/kanpan/Kanpan/Kanpan/Symbols/SymbolQuery.swift /Users/mdd/zhk/kanpan/Kanpan/Kanpan/Symbols/SymbolSections.swift (in target 'Kanpan' from project 'Kanpan')

SwiftCompile normal arm64 /Users/mdd/zhk/kanpan/Kanpan/Kanpan/Symbols/SymbolPickerView.swift (in target 'Kanpan' from project 'Kanpan')
    cd /Users/mdd/zhk/kanpan/Kanpan
    

SwiftCompile normal arm64 /Users/mdd/zhk/kanpan/Kanpan/Kanpan/Symbols/SymbolPrefs.swift (in target 'Kanpan' from project 'Kanpan')
    cd /Users/mdd/zhk/kanpan/Kanpan
    

SwiftCompile normal arm64 /Users/mdd/zhk/kanpan/Kanpan/Kanpan/Symbols/SymbolQuery.swift (in target 'Kanpan' from project 'Kanpan')
    cd /Users/mdd/zhk/kanpan/Kanpan
    

SwiftCompile normal arm64 /Users/mdd/zhk/kanpan/Kanpan/Kanpan/Symbols/SymbolSections.swift (in target 'Kanpan' from project 'Kanpan')
    cd /Users/mdd/zhk/kanpan/Kanpan
    

SwiftCompile normal arm64 Compiling\ IndicatorParamRule.swift,\ MarketCache.swift,\ Prefs.swift,\ PrefsCodec.swift,\ PrefsStore.swift /Users/mdd/zhk/kanpan/Kanpan/Kanpan/Settings/Model/IndicatorParamRule.swift /Users/mdd/zhk/kanpan/Kanpan/Kanpan/Settings/Model/MarketCache.swift /Users/mdd/zhk/kanpan/Kanpan/Kanpan/Settings/Model/Prefs.swift /Users/mdd/zhk/kanpan/Kanpan/Kanpan/Settings/Model/PrefsCodec.swift /Users/mdd/zhk/kanpan/Kanpan/Kanpan/Settings/Model/PrefsStore.swift (in target 'Kanpan' from project 'Kanpan')

SwiftCompile normal arm64 /Users/mdd/zhk/kanpan/Kanpan/Kanpan/Settings/Model/IndicatorParamRule.swift (in target 'Kanpan' from project 'Kanpan')
    cd /Users/mdd/zhk/kanpan/Kanpan
    

SwiftCompile normal arm64 /Users/mdd/zhk/kanpan/Kanpan/Kanpan/Settings/Model/MarketCache.swift (in target 'Kanpan' from project 'Kanpan')
    cd /Users/mdd/zhk/kanpan/Kanpan
    

SwiftCompile normal arm64 /Users/mdd/zhk/kanpan/Kanpan/Kanpan/Settings/Model/Prefs.swift (in target 'Kanpan' from project 'Kanpan')
    cd /Users/mdd/zhk/kanpan/Kanpan
    

SwiftCompile normal arm64 /Users/mdd/zhk/kanpan/Kanpan/Kanpan/Settings/Model/PrefsCodec.swift (in target 'Kanpan' from project 'Kanpan')
    cd /Users/mdd/zhk/kanpan/Kanpan
    

SwiftCompile normal arm64 /Users/mdd/zhk/kanpan/Kanpan/Kanpan/Settings/Model/PrefsStore.swift (in target 'Kanpan' from project 'Kanpan')
    cd /Users/mdd/zhk/kanpan/Kanpan
    

SwiftCompile normal arm64 Compiling\ DiagnosticsCenter.swift,\ DiagnosticsStore.swift,\ FrameProbe.swift,\ FrameReportStore.swift,\ FrameStats.swift /Users/mdd/zhk/kanpan/Kanpan/Kanpan/Diagnostics/DiagnosticsCenter.swift /Users/mdd/zhk/kanpan/Kanpan/Kanpan/Diagnostics/DiagnosticsStore.swift /Users/mdd/zhk/kanpan/Kanpan/Kanpan/Diagnostics/FrameProbe.swift /Users/mdd/zhk/kanpan/Kanpan/Kanpan/Diagnostics/FrameReportStore.swift /Users/mdd/zhk/kanpan/Kanpan/Kanpan/Diagnostics/FrameStats.swift (in target 'Kanpan' from project 'Kanpan')

SwiftCompile normal arm64 /Users/mdd/zhk/kanpan/Kanpan/Kanpan/Diagnostics/DiagnosticsCenter.swift (in target 'Kanpan' from project 'Kanpan')
    cd /Users/mdd/zhk/kanpan/Kanpan
    

SwiftCompile normal arm64 /Users/mdd/zhk/kanpan/Kanpan/Kanpan/Diagnostics/DiagnosticsStore.swift (in target 'Kanpan' from project 'Kanpan')
    cd /Users/mdd/zhk/kanpan/Kanpan
    

SwiftCompile normal arm64 /Users/mdd/zhk/kanpan/Kanpan/Kanpan/Diagnostics/FrameProbe.swift (in target 'Kanpan' from project 'Kanpan')
    cd /Users/mdd/zhk/kanpan/Kanpan
    

SwiftCompile normal arm64 /Users/mdd/zhk/kanpan/Kanpan/Kanpan/Diagnostics/FrameReportStore.swift (in target 'Kanpan' from project 'Kanpan')
    cd /Users/mdd/zhk/kanpan/Kanpan
    

SwiftCompile normal arm64 /Users/mdd/zhk/kanpan/Kanpan/Kanpan/Diagnostics/FrameStats.swift (in target 'Kanpan' from project 'Kanpan')
    cd /Users/mdd/zhk/kanpan/Kanpan
    

SwiftCompile normal arm64 Compiling\ ThemeChoice.swift,\ FavoritesView.swift,\ SymbolFixtures.swift,\ SymbolPickerModel.swift /Users/mdd/zhk/kanpan/Kanpan/Kanpan/Settings/Model/ThemeChoice.swift /Users/mdd/zhk/kanpan/Kanpan/Kanpan/Symbols/FavoritesView.swift /Users/mdd/zhk/kanpan/Kanpan/Kanpan/Symbols/SymbolFixtures.swift /Users/mdd/zhk/kanpan/Kanpan/Kanpan/Symbols/SymbolPickerModel.swift (in target 'Kanpan' from project 'Kanpan')
SwiftCompile normal arm64 /Users/mdd/zhk/kanpan/Kanpan/Kanpan/Settings/Model/ThemeChoice.swift (in target 'Kanpan' from project 'Kanpan')
    cd /Users/mdd/zhk/kanpan/Kanpan
    

SwiftCompile normal arm64 /Users/mdd/zhk/kanpan/Kanpan/Kanpan/Symbols/FavoritesView.swift (in target 'Kanpan' from project 'Kanpan')
    cd /Users/mdd/zhk/kanpan/Kanpan
    
/Users/mdd/zhk/kanpan/Kanpan/Kanpan/Symbols/FavoritesView.swift:260:13: error: the compiler is unable to type-check this expression in reasonable time; try breaking up the expression into distinct sub-expressions
            Text("额 " + (ticker.map { $0.quoteVolume.isFinite ? fmtVol($0.quoteVolume) : "—" } ?? "—") + " · 振幅 " + (amplitude.map { toFixed($0, 2) + "%" } ?? "—"))

SwiftCompile normal arm64 /Users/mdd/zhk/kanpan/Kanpan/Kanpan/Symbols/SymbolFixtures.swift (in target 'Kanpan' from project 'Kanpan')
    cd /Users/mdd/zhk/kanpan/Kanpan
    

SwiftCompile normal arm64 /Users/mdd/zhk/kanpan/Kanpan/Kanpan/Symbols/SymbolPickerModel.swift (in target 'Kanpan' from project 'Kanpan')
    cd /Users/mdd/zhk/kanpan/Kanpan
    

Failed frontend command:
/Applications/Xcode.app/Contents/Developer/Toolchains/XcodeDefault.xctoolchain/usr/bin/swift-frontend -frontend -c /Users/mdd/zhk/kanpan/Kanpan/Kanpan/Diagnostics/DiagnosticsCenter.swift /Users/mdd/zhk/kanpan/Kanpan/Kanpan/Diagnostics/DiagnosticsStore.swift /Users/mdd/zhk/kanpan/Kanpan/Kanpan/Diagnostics/FrameProbe.swift /Users/mdd/zhk/kanpan/Kanpan/Kanpan/Diagnostics/FrameReportStore.swift /Users/mdd/zhk/kanpan/Kanpan/Kanpan/Diagnostics/FrameStats.swift /Users/mdd/zhk/kanpan/Kanpan/Kanpan/Diagnostics/MeasurementText.swift /Users/mdd/zhk/kanpan/Kanpan/Kanpan/Diagnostics/PayloadDigest.swift /Users/mdd/zhk/kanpan/Kanpan/Kanpan/Drawing/DrawingBar.swift /Users/mdd/zhk/kanpan/Kanpan/Kanpan/Drawing/DrawingController.swift /Users/mdd/zhk/kanpan/Kanpan/Kanpan/Main/BottomBar.swift /Users/mdd/zhk/kanpan/Kanpan/Kanpan/Main/ChartHost.swift /Users/mdd/zhk/kanpan/Kanpan/Kanpan/Main/IntervalBar.swift /Users/mdd/zhk/kanpan/Kanpan/Kanpan/Main/LandscapeChrome.swift /Users/mdd/zhk/kanpan/Kanpan/Kanpan/Main/MainScreen.swift /Users/mdd/zhk/kanpan/Kanpan/Kanpan/Main/MarketModel.swift /Users/mdd/zhk/kanpan/Kanpan/Kanpan/Main/MarketNetworkMonitor.swift /Users/mdd/zhk/kanpan/Kanpan/Kanpan/Main/OrientationBridge.swift /Users/mdd/zhk/kanpan/Kanpan/Kanpan/Main/QuoteBook.swift /Users/mdd/zhk/kanpan/Kanpan/Kanpan/Main/TopBar.swift /Users/mdd/zhk/kanpan/Kanpan/Kanpan/Main/VectorIcon.swift /Users/mdd/zhk/kanpan/Kanpan/Kanpan/Panels/ChartPanel.swift /Users/mdd/zhk/kanpan/Kanpan/Kanpan/Panels/IndicatorPanel.swift /Users/mdd/zhk/kanpan/Kanpan/Kanpan/Panels/PanelChrome.swift /Users/mdd/zhk/kanpan/Kanpan/Kanpan/Panels/PanelPresentation.swift /Users/mdd/zhk/kanpan/Kanpan/Kanpan/Panels/PanelTheme.swift /Users/mdd/zhk/kanpan/Kanpan/Kanpan/Panels/PeriodPanel.swift /Users/mdd/zhk/kanpan/Kanpan/Kanpan/Panels/SettingsPanel.swift /Users/mdd/zhk/kanpan/Kanpan/Kanpan/Panels/StylePanel.swift /Users/mdd/zhk/kanpan/Kanpan/Kanpan/Panels/StyleThumbnail.swift /Users/mdd/zhk/kanpan/Kanpan/Kanpan/Settings/Model/APIHost.swift /Users/mdd/zhk/kanpan/Kanpan/Kanpan/Settings/Model/IndicatorDraft.swift /Users/mdd/zhk/kanpan/Kanpan/Kanpan/Settings/Model/IndicatorParamRule.swift /Users/mdd/zhk/kanpan/Kanpan/Kanpan/Settings/Model/MarketCache.swift /Users/mdd/zhk/kanpan/Kanpan/Kanpan/Settings/Model/Prefs.swift /Users/mdd/zhk/kanpan/Kanpan/Kanpan/Settings/Model/PrefsCodec.swift /Users/mdd/zhk/kanpan/Kanpan/Kanpan/Settings/Model/PrefsStore.swift -primary-file /Users/mdd/zhk/kanpan/Kanpan/Kanpan/Settings/Model/ThemeChoice.swift -primary-file /Users/mdd/zhk/kanpan/Kanpan/Kanpan/Symbols/FavoritesView.swift -primary-file /Users/mdd/zhk/kanpan/Kanpan/Kanpan/Symbols/SymbolFixtures.swift -primary-file /Users/mdd/zhk/kanpan/Kanpan/Kanpan/Symbols/SymbolPickerModel.swift /Users/mdd/zhk/kanpan/Kanpan/Kanpan/Symbols/SymbolPickerView.swift /Users/mdd/zhk/kanpan/Kanpan/Kanpan/Symbols/SymbolPrefs.swift /Users/mdd/zhk/kanpan/Kanpan/Kanpan/Symbols/SymbolQuery.swift /Users/mdd/zhk/kanpan/Kanpan/Kanpan/Symbols/SymbolSections.swift /Users/mdd/zhk/kanpan/Kanpan/Kanpan/Symbols/SymbolTickerFeed.swift /Users/mdd/zhk/kanpan/Kanpan/Kanpan/KanpanApp.swift /Users/mdd/zhk/kanpan/Kanpan/Kanpan/LaunchScreen.swift /Users/mdd/zhk/kanpan/DerivedData-chart-foundation/Build/Intermediates.noindex/Kanpan.build/Debug-iphonesimulator/Kanpan.build/DerivedSources/GeneratedAssetSymbols.swift -supplementary-output-file-map /Users/mdd/zhk/kanpan/DerivedData-chart-foundation/Build/Intermediates.noindex/Kanpan.build/Debug-iphonesimulator/Kanpan.build/Objects-normal/arm64/supplementaryOutputs-8 -emit-localized-strings -emit-localized-strings-path /Users/mdd/zhk/kanpan/DerivedData-chart-foundation/Build/Intermediates.noindex/Kanpan.build/Debug-iphonesimulator/Kanpan.build/Objects-normal/arm64 -target arm64-apple-ios17.0-simulator -module-can-import-version DeveloperToolsSupport 23.40.26 23.40.26 -module-can-import KanpanData -module-can-import-version MetricKit 297.120.4 1.0.0 -module-can-import-version UIKit 9126.5.5.2 9126.5.5 -load-resolved-plugin /Applications/Xcode.app/Contents/Developer/Platforms/iPhoneOS.platform/Developer/usr/lib/swift/host/plugins/libFoundationMacros.dylib\#/Applications/Xcode.app/Contents/Developer/Platforms/iPhoneOS.platform/Developer/usr/bin/swift-plugin-server\#FoundationMacros -load-resolved-plugin /Applications/Xcode.app/Contents/Developer/Platforms/iPhoneOS.platform/Developer/usr/lib/swift/host/plugins/libObservationMacros.dylib\#/Applications/Xcode.app/Contents/Developer/Platforms/iPhoneOS.platform/Developer/usr/bin/swift-plugin-server\#ObservationMacros -load-resolved-plugin /Applications/Xcode.app/Contents/Developer/Platforms/iPhoneOS.platform/Developer/usr/lib/swift/host/plugins/libPreviewsMacros.dylib\#/Applications/Xcode.app/Contents/Developer/Platforms/iPhoneOS.platform/Developer/usr/bin/swift-plugin-server\#PreviewsMacros -load-resolved-plugin /Applications/Xcode.app/Contents/Developer/Platforms/iPhoneOS.platform/Developer/usr/lib/swift/host/plugins/libSwiftMacros.dylib\#/Applications/Xcode.app/Contents/Developer/Platforms/iPhoneOS.platform/Developer/usr/bin/swift-plugin-server\#SwiftMacros -load-resolved-plugin /Applications/Xcode.app/Contents/Developer/Platforms/iPhoneOS.platform/Developer/usr/lib/swift/host/plugins/libSwiftUIMacros.dylib\#/Applications/Xcode.app/Contents/Developer/Platforms/iPhoneOS.platform/Developer/usr/bin/swift-plugin-server\#SwiftUIMacros -disable-implicit-swift-modules -Xcc -fno-implicit-modules -Xcc -fno-implicit-module-maps -explicit-swift-module-map-file /Users/mdd/zhk/kanpan/DerivedData-chart-foundation/Build/Intermediates.noindex/Kanpan.build/Debug-iphonesimulator/Kanpan.build/Objects-normal/arm64/Kanpan-dependencies-1.json -debug-module-path /Users/mdd/zhk/kanpan/DerivedData-chart-foundation/Build/Intermediates.noindex/Kanpan.build/Debug-iphonesimulator/Kanpan.build/Objects-normal/arm64/Kanpan.swiftmodule -Xllvm -aarch64-use-tbi -enable-objc-interop -sdk /Applications/Xcode.app/Contents/Developer/Platforms/iPhoneSimulator.platform/Developer/SDKs/iPhoneSimulator26.5.sdk -I /Users/mdd/zhk/kanpan/DerivedData-chart-foundation/Build/Products/Debug-iphonesimulator -F /Users/mdd/zhk/kanpan/DerivedData-chart-foundation/Build/Products/Debug-iphonesimulator/PackageFrameworks -F /Users/mdd/zhk/kanpan/DerivedData-chart-foundation/Build/Products/Debug-iphonesimulator/PackageFrameworks -F /Users/mdd/zhk/kanpan/DerivedData-chart-foundation/Build/Products/Debug-iphonesimulator/PackageFrameworks -F /Users/mdd/zhk/kanpan/DerivedData-chart-foundation/Build/Products/Debug-iphonesimulator -no-color-diagnostics -Xcc -fno-color-diagnostics -enable-testing -g -debug-info-format\=dwarf -dwarf-version\=4 -module-cache-path /Users/mdd/zhk/kanpan/DerivedData-chart-foundation/Build/Intermediates.noindex/SwiftExplicitPrecompiledModules -swift-version 6 -Onone -D DEBUG -serialize-debugging-options -const-gather-protocols-file /Users/mdd/zhk/kanpan/DerivedData-chart-foundation/Build/Intermediates.noindex/Kanpan.build/Debug-iphonesimulator/Kanpan.build/Objects-normal/arm64/Kanpan_const_extract_protocols.json -enable-experimental-feature DebugDescriptionMacro -empty-abi-descriptor -validate-clang-modules-once -clang-build-session-file /Users/mdd/zhk/kanpan/DerivedData-chart-foundation/ModuleCache.noindex/Session.modulevalidation -Xcc -working-directory -Xcc /Users/mdd/zhk/kanpan/Kanpan -enable-anonymous-context-mangled-names -file-compilation-dir /Users/mdd/zhk/kanpan/Kanpan -Xcc -D_LIBCPP_HARDENING_MODE\=_LIBCPP_HARDENING_MODE_DEBUG -Xcc -ivfsstatcache -Xcc /Users/mdd/zhk/kanpan/DerivedData-chart-foundation/SDKStatCaches.noindex/iphonesimulator26.5-23F81a-6cfe768891a92b912361537c460fe42b.sdkstatcache -Xcc -I/Users/mdd/zhk/kanpan/DerivedData-chart-foundation/Build/Intermediates.noindex/Kanpan.build/Debug-iphonesimulator/Kanpan.build/swift-overrides.hmap -Xcc -iquote -Xcc /Users/mdd/zhk/kanpan/DerivedData-chart-foundation/Build/Intermediates.noindex/Kanpan.build/Debug-iphonesimulator/Kanpan.build/Kanpan-generated-files.hmap -Xcc -I/Users/mdd/zhk/kanpan/DerivedData-chart-foundation/Build/Intermediates.noindex/Kanpan.build/Debug-iphonesimulator/Kanpan.build/Kanpan-own-target-headers.hmap -Xcc -I/Users/mdd/zhk/kanpan/DerivedData-chart-foundation/Build/Intermediates.noindex/Kanpan.build/Debug-iphonesimulator/Kanpan.build/Kanpan-all-non-framework-target-headers.hmap -Xcc -ivfsoverlay -Xcc /Users/mdd/zhk/kanpan/DerivedData-chart-foundation/Build/Intermediates.noindex/Kanpan.build/Debug-iphonesimulator/Kanpan-88f8e4f6458ff7f878983357411ed85c-VFS-iphonesimulator/all-product-headers.yaml -Xcc -iquote -Xcc /Users/mdd/zhk/kanpan/DerivedData-chart-foundation/Build/Intermediates.noindex/Kanpan.build/Debug-iphonesimulator/Kanpan.build/Kanpan-project-headers.hmap -Xcc -I/Users/mdd/zhk/kanpan/DerivedData-chart-foundation/Build/Products/Debug-iphonesimulator/include -Xcc -I/Users/mdd/zhk/kanpan/DerivedData-chart-foundation/Build/Intermediates.noindex/Kanpan.build/Debug-iphonesimulator/Kanpan.build/DerivedSources-normal/arm64 -Xcc -I/Users/mdd/zhk/kanpan/DerivedData-chart-foundation/Build/Intermediates.noindex/Kanpan.build/Debug-iphonesimulator/Kanpan.build/DerivedSources/arm64 -Xcc -I/Users/mdd/zhk/kanpan/DerivedData-chart-foundation/Build/Intermediates.noindex/Kanpan.build/Debug-iphonesimulator/Kanpan.build/DerivedSources -no-auto-bridging-header-chaining -module-name Kanpan -frontend-parseable-output -disable-clang-spi -clang-target arm64-apple-ios26.5-simulator -target-sdk-version 26.5 -target-sdk-name iphonesimulator26.5 -in-process-plugin-server-path /Applications/Xcode.app/Contents/Developer/Toolchains/XcodeDefault.xctoolchain/usr/lib/swift/host/libSwiftInProcPluginServer.dylib -o /Users/mdd/zhk/kanpan/DerivedData-chart-foundation/Build/Intermediates.noindex/Kanpan.build/Debug-iphonesimulator/Kanpan.build/Objects-normal/arm64/ThemeChoice.o -o /Users/mdd/zhk/kanpan/DerivedData-chart-foundation/Build/Intermediates.noindex/Kanpan.build/Debug-iphonesimulator/Kanpan.build/Objects-normal/arm64/FavoritesView.o -o /Users/mdd/zhk/kanpan/DerivedData-chart-foundation/Build/Intermediates.noindex/Kanpan.build/Debug-iphonesimulator/Kanpan.build/Objects-normal/arm64/SymbolFixtures.o -o /Users/mdd/zhk/kanpan/DerivedData-chart-foundation/Build/Intermediates.noindex/Kanpan.build/Debug-iphonesimulator/Kanpan.build/Objects-normal/arm64/SymbolPickerModel.o -index-unit-output-path /Kanpan.build/Debug-iphonesimulator/Kanpan.build/Objects-normal/arm64/ThemeChoice.o -index-unit-output-path /Kanpan.build/Debug-iphonesimulator/Kanpan.build/Objects-normal/arm64/FavoritesView.o -index-unit-output-path /Kanpan.build/Debug-iphonesimulator/Kanpan.build/Objects-normal/arm64/SymbolFixtures.o -index-unit-output-path /Kanpan.build/Debug-iphonesimulator/Kanpan.build/Objects-normal/arm64/SymbolPickerModel.o -index-store-path /Users/mdd/zhk/kanpan/DerivedData-chart-foundation/Index.noindex/DataStore -index-system-modules
SwiftDriverJobDiscovery normal arm64 Compiling SymbolTickerFeed.swift, KanpanApp.swift, LaunchScreen.swift, GeneratedAssetSymbols.swift (in target 'Kanpan' from project 'Kanpan')

SwiftCompile normal arm64 Compiling\ MeasurementText.swift,\ PayloadDigest.swift,\ DrawingBar.swift,\ DrawingController.swift,\ BottomBar.swift /Users/mdd/zhk/kanpan/Kanpan/Kanpan/Diagnostics/MeasurementText.swift /Users/mdd/zhk/kanpan/Kanpan/Kanpan/Diagnostics/PayloadDigest.swift /Users/mdd/zhk/kanpan/Kanpan/Kanpan/Drawing/DrawingBar.swift /Users/mdd/zhk/kanpan/Kanpan/Kanpan/Drawing/DrawingController.swift /Users/mdd/zhk/kanpan/Kanpan/Kanpan/Main/BottomBar.swift (in target 'Kanpan' from project 'Kanpan')

SwiftCompile normal arm64 /Users/mdd/zhk/kanpan/Kanpan/Kanpan/Diagnostics/MeasurementText.swift (in target 'Kanpan' from project 'Kanpan')
    cd /Users/mdd/zhk/kanpan/Kanpan
    

SwiftCompile normal arm64 /Users/mdd/zhk/kanpan/Kanpan/Kanpan/Diagnostics/PayloadDigest.swift (in target 'Kanpan' from project 'Kanpan')
    cd /Users/mdd/zhk/kanpan/Kanpan
    

SwiftCompile normal arm64 /Users/mdd/zhk/kanpan/Kanpan/Kanpan/Drawing/DrawingBar.swift (in target 'Kanpan' from project 'Kanpan')
    cd /Users/mdd/zhk/kanpan/Kanpan
    

SwiftCompile normal arm64 /Users/mdd/zhk/kanpan/Kanpan/Kanpan/Drawing/DrawingController.swift (in target 'Kanpan' from project 'Kanpan')
    cd /Users/mdd/zhk/kanpan/Kanpan
    

SwiftCompile normal arm64 /Users/mdd/zhk/kanpan/Kanpan/Kanpan/Main/BottomBar.swift (in target 'Kanpan' from project 'Kanpan')
    cd /Users/mdd/zhk/kanpan/Kanpan
    

SwiftDriverJobDiscovery normal arm64 Compiling IndicatorParamRule.swift, MarketCache.swift, Prefs.swift, PrefsCodec.swift, PrefsStore.swift (in target 'Kanpan' from project 'Kanpan')

SwiftDriverJobDiscovery normal arm64 Compiling DiagnosticsCenter.swift, DiagnosticsStore.swift, FrameProbe.swift, FrameReportStore.swift, FrameStats.swift (in target 'Kanpan' from project 'Kanpan')

SwiftDriverJobDiscovery normal arm64 Emitting module for Kanpan (in target 'Kanpan' from project 'Kanpan')

SwiftDriver\ Compilation\ Requirements Kanpan normal arm64 com.apple.xcode.tools.swift.compiler (in target 'Kanpan' from project 'Kanpan')
    cd /Users/mdd/zhk/kanpan/Kanpan
    builtin-Swift-Compilation-Requirements -- /Applications/Xcode.app/Contents/Developer/Toolchains/XcodeDefault.xctoolchain/usr/bin/swiftc -module-name Kanpan -Onone @/Users/mdd/zhk/kanpan/DerivedData-chart-foundation/Build/Intermediates.noindex/Kanpan.build/Debug-iphonesimulator/Kanpan.build/Objects-normal/arm64/Kanpan.SwiftFileList -DDEBUG -enable-experimental-feature DebugDescriptionMacro -sdk /Applications/Xcode.app/Contents/Developer/Platforms/iPhoneSimulator.platform/Developer/SDKs/iPhoneSimulator26.5.sdk -target arm64-apple-ios17.0-simulator -g -module-cache-path /Users/mdd/zhk/kanpan/DerivedData-chart-foundation/ModuleCache.noindex -Xfrontend -serialize-debugging-options -enable-testing -index-store-path /Users/mdd/zhk/kanpan/DerivedData-chart-foundation/Index.noindex/DataStore -Xcc -D_LIBCPP_HARDENING_MODE\=_LIBCPP_HARDENING_MODE_DEBUG -swift-version 6 -I /Users/mdd/zhk/kanpan/DerivedData-chart-foundation/Build/Products/Debug-iphonesimulator -F /Users/mdd/zhk/kanpan/DerivedData-chart-foundation/Build/Products/Debug-iphonesimulator/PackageFrameworks -F /Users/mdd/zhk/kanpan/DerivedData-chart-foundation/Build/Products/Debug-iphonesimulator/PackageFrameworks -F /Users/mdd/zhk/kanpan/DerivedData-chart-foundation/Build/Products/Debug-iphonesimulator/PackageFrameworks -F /Users/mdd/zhk/kanpan/DerivedData-chart-foundation/Build/Products/Debug-iphonesimulator -emit-localized-strings -emit-localized-strings-path /Users/mdd/zhk/kanpan/DerivedData-chart-foundation/Build/Intermediates.noindex/Kanpan.build/Debug-iphonesimulator/Kanpan.build/Objects-normal/arm64 -c -j10 -enable-batch-mode -incremental -Xcc -ivfsstatcache -Xcc /Users/mdd/zhk/kanpan/DerivedData-chart-foundation/SDKStatCaches.noindex/iphonesimulator26.5-23F81a-6cfe768891a92b912361537c460fe42b.sdkstatcache -output-file-map /Users/mdd/zhk/kanpan/DerivedData-chart-foundation/Build/Intermediates.noindex/Kanpan.build/Debug-iphonesimulator/Kanpan.build/Objects-normal/arm64/Kanpan-OutputFileMap.json -use-frontend-parseable-output -save-temps -no-color-diagnostics -explicit-module-build -module-cache-path /Users/mdd/zhk/kanpan/DerivedData-chart-foundation/Build/Intermediates.noindex/SwiftExplicitPrecompiledModules -clang-scanner-module-cache-path /Users/mdd/zhk/kanpan/DerivedData-chart-foundation/ModuleCache.noindex -sdk-module-cache-path /Users/mdd/zhk/kanpan/DerivedData-chart-foundation/ModuleCache.noindex -serialize-diagnostics -emit-dependencies -emit-module -emit-module-path /Users/mdd/zhk/kanpan/DerivedData-chart-foundation/Build/Intermediates.noindex/Kanpan.build/Debug-iphonesimulator/Kanpan.build/Objects-normal/arm64/Kanpan.swiftmodule -validate-clang-modules-once -clang-build-session-file /Users/mdd/zhk/kanpan/DerivedData-chart-foundation/ModuleCache.noindex/Session.modulevalidation -Xcc -I/Users/mdd/zhk/kanpan/DerivedData-chart-foundation/Build/Intermediates.noindex/Kanpan.build/Debug-iphonesimulator/Kanpan.build/swift-overrides.hmap -emit-const-values -Xfrontend -const-gather-protocols-file -Xfrontend /Users/mdd/zhk/kanpan/DerivedData-chart-foundation/Build/Intermediates.noindex/Kanpan.build/Debug-iphonesimulator/Kanpan.build/Objects-normal/arm64/Kanpan_const_extract_protocols.json -Xcc -iquote -Xcc /Users/mdd/zhk/kanpan/DerivedData-chart-foundation/Build/Intermediates.noindex/Kanpan.build/Debug-iphonesimulator/Kanpan.build/Kanpan-generated-files.hmap -Xcc -I/Users/mdd/zhk/kanpan/DerivedData-chart-foundation/Build/Intermediates.noindex/Kanpan.build/Debug-iphonesimulator/Kanpan.build/Kanpan-own-target-headers.hmap -Xcc -I/Users/mdd/zhk/kanpan/DerivedData-chart-foundation/Build/Intermediates.noindex/Kanpan.build/Debug-iphonesimulator/Kanpan.build/Kanpan-all-non-framework-target-headers.hmap -Xcc -ivfsoverlay -Xcc /Users/mdd/zhk/kanpan/DerivedData-chart-foundation/Build/Intermediates.noindex/Kanpan.build/Debug-iphonesimulator/Kanpan-88f8e4f6458ff7f878983357411ed85c-VFS-iphonesimulator/all-product-headers.yaml -Xcc -iquote -Xcc /Users/mdd/zhk/kanpan/DerivedData-chart-foundation/Build/Intermediates.noindex/Kanpan.build/Debug-iphonesimulator/Kanpan.build/Kanpan-project-headers.hmap -Xcc -I/Users/mdd/zhk/kanpan/DerivedData-chart-foundation/Build/Products/Debug-iphonesimulator/include -Xcc -I/Users/mdd/zhk/kanpan/DerivedData-chart-foundation/Build/Intermediates.noindex/Kanpan.build/Debug-iphonesimulator/Kanpan.build/DerivedSources-normal/arm64 -Xcc -I/Users/mdd/zhk/kanpan/DerivedData-chart-foundation/Build/Intermediates.noindex/Kanpan.build/Debug-iphonesimulator/Kanpan.build/DerivedSources/arm64 -Xcc -I/Users/mdd/zhk/kanpan/DerivedData-chart-foundation/Build/Intermediates.noindex/Kanpan.build/Debug-iphonesimulator/Kanpan.build/DerivedSources -emit-objc-header -emit-objc-header-path /Users/mdd/zhk/kanpan/DerivedData-chart-foundation/Build/Intermediates.noindex/Kanpan.build/Debug-iphonesimulator/Kanpan.build/Objects-normal/arm64/Kanpan-Swift.h -working-directory /Users/mdd/zhk/kanpan/Kanpan -experimental-emit-module-separately -disable-cmo

SwiftMergeGeneratedHeaders /Users/mdd/zhk/kanpan/DerivedData-chart-foundation/Build/Intermediates.noindex/Kanpan.build/Debug-iphonesimulator/Kanpan.build/DerivedSources/Kanpan-Swift.h /Users/mdd/zhk/kanpan/DerivedData-chart-foundation/Build/Intermediates.noindex/Kanpan.build/Debug-iphonesimulator/Kanpan.build/Objects-normal/arm64/Kanpan-Swift.h (in target 'Kanpan' from project 'Kanpan')
    cd /Users/mdd/zhk/kanpan/Kanpan
    builtin-swiftHeaderTool -arch arm64 /Users/mdd/zhk/kanpan/DerivedData-chart-foundation/Build/Intermediates.noindex/Kanpan.build/Debug-iphonesimulator/Kanpan.build/Objects-normal/arm64/Kanpan-Swift.h -o /Users/mdd/zhk/kanpan/DerivedData-chart-foundation/Build/Intermediates.noindex/Kanpan.build/Debug-iphonesimulator/Kanpan.build/DerivedSources/Kanpan-Swift.h

Copy /Users/mdd/zhk/kanpan/DerivedData-chart-foundation/Build/Products/Debug-iphonesimulator/Kanpan.swiftmodule/arm64-apple-ios-simulator.swiftmodule /Users/mdd/zhk/kanpan/DerivedData-chart-foundation/Build/Intermediates.noindex/Kanpan.build/Debug-iphonesimulator/Kanpan.build/Objects-normal/arm64/Kanpan.swiftmodule (in target 'Kanpan' from project 'Kanpan')
    cd /Users/mdd/zhk/kanpan/Kanpan
    builtin-copy -exclude .DS_Store -exclude CVS -exclude .svn -exclude .git -exclude .hg -strip-unsigned-binaries -strip-deterministic -strip-tool /Applications/Xcode.app/Contents/Developer/Toolchains/XcodeDefault.xctoolchain/usr/bin/strip -resolve-src-symlinks -rename /Users/mdd/zhk/kanpan/DerivedData-chart-foundation/Build/Intermediates.noindex/Kanpan.build/Debug-iphonesimulator/Kanpan.build/Objects-normal/arm64/Kanpan.swiftmodule /Users/mdd/zhk/kanpan/DerivedData-chart-foundation/Build/Products/Debug-iphonesimulator/Kanpan.swiftmodule/arm64-apple-ios-simulator.swiftmodule

Copy /Users/mdd/zhk/kanpan/DerivedData-chart-foundation/Build/Products/Debug-iphonesimulator/Kanpan.swiftmodule/arm64-apple-ios-simulator.swiftdoc /Users/mdd/zhk/kanpan/DerivedData-chart-foundation/Build/Intermediates.noindex/Kanpan.build/Debug-iphonesimulator/Kanpan.build/Objects-normal/arm64/Kanpan.swiftdoc (in target 'Kanpan' from project 'Kanpan')
    cd /Users/mdd/zhk/kanpan/Kanpan
    builtin-copy -exclude .DS_Store -exclude CVS -exclude .svn -exclude .git -exclude .hg -strip-unsigned-binaries -strip-deterministic -strip-tool /Applications/Xcode.app/Contents/Developer/Toolchains/XcodeDefault.xctoolchain/usr/bin/strip -resolve-src-symlinks -rename /Users/mdd/zhk/kanpan/DerivedData-chart-foundation/Build/Intermediates.noindex/Kanpan.build/Debug-iphonesimulator/Kanpan.build/Objects-normal/arm64/Kanpan.swiftdoc /Users/mdd/zhk/kanpan/DerivedData-chart-foundation/Build/Products/Debug-iphonesimulator/Kanpan.swiftmodule/arm64-apple-ios-simulator.swiftdoc

Copy /Users/mdd/zhk/kanpan/DerivedData-chart-foundation/Build/Products/Debug-iphonesimulator/Kanpan.swiftmodule/arm64-apple-ios-simulator.abi.json /Users/mdd/zhk/kanpan/DerivedData-chart-foundation/Build/Intermediates.noindex/Kanpan.build/Debug-iphonesimulator/Kanpan.build/Objects-normal/arm64/Kanpan.abi.json (in target 'Kanpan' from project 'Kanpan')
    cd /Users/mdd/zhk/kanpan/Kanpan
    builtin-copy -exclude .DS_Store -exclude CVS -exclude .svn -exclude .git -exclude .hg -strip-unsigned-binaries -strip-deterministic -strip-tool /Applications/Xcode.app/Contents/Developer/Toolchains/XcodeDefault.xctoolchain/usr/bin/strip -resolve-src-symlinks -rename /Users/mdd/zhk/kanpan/DerivedData-chart-foundation/Build/Intermediates.noindex/Kanpan.build/Debug-iphonesimulator/Kanpan.build/Objects-normal/arm64/Kanpan.abi.json /Users/mdd/zhk/kanpan/DerivedData-chart-foundation/Build/Products/Debug-iphonesimulator/Kanpan.swiftmodule/arm64-apple-ios-simulator.abi.json

Copy /Users/mdd/zhk/kanpan/DerivedData-chart-foundation/Build/Products/Debug-iphonesimulator/Kanpan.swiftmodule/Project/arm64-apple-ios-simulator.swiftsourceinfo /Users/mdd/zhk/kanpan/DerivedData-chart-foundation/Build/Intermediates.noindex/Kanpan.build/Debug-iphonesimulator/Kanpan.build/Objects-normal/arm64/Kanpan.swiftsourceinfo (in target 'Kanpan' from project 'Kanpan')
    cd /Users/mdd/zhk/kanpan/Kanpan
    builtin-copy -exclude .DS_Store -exclude CVS -exclude .svn -exclude .git -exclude .hg -strip-unsigned-binaries -strip-deterministic -strip-tool /Applications/Xcode.app/Contents/Developer/Toolchains/XcodeDefault.xctoolchain/usr/bin/strip -resolve-src-symlinks -rename /Users/mdd/zhk/kanpan/DerivedData-chart-foundation/Build/Intermediates.noindex/Kanpan.build/Debug-iphonesimulator/Kanpan.build/Objects-normal/arm64/Kanpan.swiftsourceinfo /Users/mdd/zhk/kanpan/DerivedData-chart-foundation/Build/Products/Debug-iphonesimulator/Kanpan.swiftmodule/Project/arm64-apple-ios-simulator.swiftsourceinfo

ProcessProductPackaging "" /Users/mdd/zhk/kanpan/DerivedData-chart-foundation/Build/Intermediates.noindex/Kanpan.build/Debug-iphonesimulator/KanpanUITests.build/KanpanUITests.xctest-Simulated.xcent (in target 'KanpanUITests' from project 'Kanpan')
    cd /Users/mdd/zhk/kanpan/Kanpan
    
    Entitlements:
    
    {
    "application-identifier" = "27Y32PT2HZ.com.mdd.kanpan.uitests.xctrunner";
    "keychain-access-groups" =     (
        "27Y32PT2HZ.com.mdd.kanpan.uitests.xctrunner"
    );
}
    
    builtin-productPackagingUtility -entitlements -format xml -o /Users/mdd/zhk/kanpan/DerivedData-chart-foundation/Build/Intermediates.noindex/Kanpan.build/Debug-iphonesimulator/KanpanUITests.build/KanpanUITests.xctest-Simulated.xcent

ProcessProductPackagingDER /Users/mdd/zhk/kanpan/DerivedData-chart-foundation/Build/Intermediates.noindex/Kanpan.build/Debug-iphonesimulator/KanpanUITests.build/KanpanUITests.xctest-Simulated.xcent /Users/mdd/zhk/kanpan/DerivedData-chart-foundation/Build/Intermediates.noindex/Kanpan.build/Debug-iphonesimulator/KanpanUITests.build/KanpanUITests.xctest-Simulated.xcent.der (in target 'KanpanUITests' from project 'Kanpan')
    cd /Users/mdd/zhk/kanpan/Kanpan
    /usr/bin/derq query -f xml -i /Users/mdd/zhk/kanpan/DerivedData-chart-foundation/Build/Intermediates.noindex/Kanpan.build/Debug-iphonesimulator/KanpanUITests.build/KanpanUITests.xctest-Simulated.xcent -o /Users/mdd/zhk/kanpan/DerivedData-chart-foundation/Build/Intermediates.noindex/Kanpan.build/Debug-iphonesimulator/KanpanUITests.build/KanpanUITests.xctest-Simulated.xcent.der --raw

SwiftDriver KanpanUITests normal arm64 com.apple.xcode.tools.swift.compiler (in target 'KanpanUITests' from project 'Kanpan')
    cd /Users/mdd/zhk/kanpan/Kanpan
    builtin-SwiftDriver -- /Applications/Xcode.app/Contents/Developer/Toolchains/XcodeDefault.xctoolchain/usr/bin/swiftc -module-name KanpanUITests -Onone @/Users/mdd/zhk/kanpan/DerivedData-chart-foundation/Build/Intermediates.noindex/Kanpan.build/Debug-iphonesimulator/KanpanUITests.build/Objects-normal/arm64/KanpanUITests.SwiftFileList -DDEBUG -module-alias Testing\=_Testing_Unavailable -plugin-path /Applications/Xcode.app/Contents/Developer/Toolchains/XcodeDefault.xctoolchain/usr/lib/swift/host/plugins/testing -enable-experimental-feature DebugDescriptionMacro -sdk /Applications/Xcode.app/Contents/Developer/Platforms/iPhoneSimulator.platform/Developer/SDKs/iPhoneSimulator26.5.sdk -target arm64-apple-ios17.0-simulator -g -module-cache-path /Users/mdd/zhk/kanpan/DerivedData-chart-foundation/ModuleCache.noindex -Xfrontend -serialize-debugging-options -enable-testing -index-store-path /Users/mdd/zhk/kanpan/DerivedData-chart-foundation/Index.noindex/DataStore -Xcc -D_LIBCPP_HARDENING_MODE\=_LIBCPP_HARDENING_MODE_DEBUG -swift-version 6 -I /Users/mdd/zhk/kanpan/DerivedData-chart-foundation/Build/Products/Debug-iphonesimulator -Isystem /Applications/Xcode.app/Contents/Developer/Platforms/iPhoneSimulator.platform/Developer/usr/lib -F /Users/mdd/zhk/kanpan/DerivedData-chart-foundation/Build/Products/Debug-iphonesimulator -F /Applications/Xcode.app/Contents/Developer/Platforms/iPhoneSimulator.platform/Developer/Library/Frameworks -F /Applications/Xcode.app/Contents/Developer/Platforms/iPhoneSimulator.platform/Developer/SDKs/iPhoneSimulator26.5.sdk/Developer/Library/Frameworks -c -j10 -enable-batch-mode -incremental -Xcc -ivfsstatcache -Xcc /Users/mdd/zhk/kanpan/DerivedData-chart-foundation/SDKStatCaches.noindex/iphonesimulator26.5-23F81a-6cfe768891a92b912361537c460fe42b.sdkstatcache -output-file-map /Users/mdd/zhk/kanpan/DerivedData-chart-foundation/Build/Intermediates.noindex/Kanpan.build/Debug-iphonesimulator/KanpanUITests.build/Objects-normal/arm64/KanpanUITests-OutputFileMap.json -use-frontend-parseable-output -save-temps -no-color-diagnostics -explicit-module-build -module-cache-path /Users/mdd/zhk/kanpan/DerivedData-chart-foundation/Build/Intermediates.noindex/SwiftExplicitPrecompiledModules -clang-scanner-module-cache-path /Users/mdd/zhk/kanpan/DerivedData-chart-foundation/ModuleCache.noindex -sdk-module-cache-path /Users/mdd/zhk/kanpan/DerivedData-chart-foundation/ModuleCache.noindex -serialize-diagnostics -emit-dependencies -emit-module -emit-module-path /Users/mdd/zhk/kanpan/DerivedData-chart-foundation/Build/Intermediates.noindex/Kanpan.build/Debug-iphonesimulator/KanpanUITests.build/Objects-normal/arm64/KanpanUITests.swiftmodule -validate-clang-modules-once -clang-build-session-file /Users/mdd/zhk/kanpan/DerivedData-chart-foundation/ModuleCache.noindex/Session.modulevalidation -Xcc -I/Users/mdd/zhk/kanpan/DerivedData-chart-foundation/Build/Intermediates.noindex/Kanpan.build/Debug-iphonesimulator/KanpanUITests.build/swift-overrides.hmap -emit-const-values -Xfrontend -const-gather-protocols-file -Xfrontend /Users/mdd/zhk/kanpan/DerivedData-chart-foundation/Build/Intermediates.noindex/Kanpan.build/Debug-iphonesimulator/KanpanUITests.build/Objects-normal/arm64/KanpanUITests_const_extract_protocols.json -Xcc -iquote -Xcc /Users/mdd/zhk/kanpan/DerivedData-chart-foundation/Build/Intermediates.noindex/Kanpan.build/Debug-iphonesimulator/KanpanUITests.build/KanpanUITests-generated-files.hmap -Xcc -I/Users/mdd/zhk/kanpan/DerivedData-chart-foundation/Build/Intermediates.noindex/Kanpan.build/Debug-iphonesimulator/KanpanUITests.build/KanpanUITests-own-target-headers.hmap -Xcc -I/Users/mdd/zhk/kanpan/DerivedData-chart-foundation/Build/Intermediates.noindex/Kanpan.build/Debug-iphonesimulator/KanpanUITests.build/KanpanUITests-all-non-framework-target-headers.hmap -Xcc -ivfsoverlay -Xcc /Users/mdd/zhk/kanpan/DerivedData-chart-foundation/Build/Intermediates.noindex/Kanpan.build/Debug-iphonesimulator/Kanpan-88f8e4f6458ff7f878983357411ed85c-VFS-iphonesimulator/all-product-headers.yaml -Xcc -iquote -Xcc /Users/mdd/zhk/kanpan/DerivedData-chart-foundation/Build/Intermediates.noindex/Kanpan.build/Debug-iphonesimulator/KanpanUITests.build/KanpanUITests-project-headers.hmap -Xcc -I/Users/mdd/zhk/kanpan/DerivedData-chart-foundation/Build/Products/Debug-iphonesimulator/include -Xcc -I/Users/mdd/zhk/kanpan/DerivedData-chart-foundation/Build/Intermediates.noindex/Kanpan.build/Debug-iphonesimulator/KanpanUITests.build/DerivedSources-normal/arm64 -Xcc -I/Users/mdd/zhk/kanpan/DerivedData-chart-foundation/Build/Intermediates.noindex/Kanpan.build/Debug-iphonesimulator/KanpanUITests.build/DerivedSources/arm64 -Xcc -I/Users/mdd/zhk/kanpan/DerivedData-chart-foundation/Build/Intermediates.noindex/Kanpan.build/Debug-iphonesimulator/KanpanUITests.build/DerivedSources -emit-objc-header -emit-objc-header-path /Users/mdd/zhk/kanpan/DerivedData-chart-foundation/Build/Intermediates.noindex/Kanpan.build/Debug-iphonesimulator/KanpanUITests.build/Objects-normal/arm64/KanpanUITests-Swift.h -working-directory /Users/mdd/zhk/kanpan/Kanpan -experimental-emit-module-separately -disable-cmo

SwiftDriverJobDiscovery normal arm64 Compiling SettingsPanel.swift, StylePanel.swift, StyleThumbnail.swift, APIHost.swift, IndicatorDraft.swift (in target 'Kanpan' from project 'Kanpan')

SwiftDriverJobDiscovery normal arm64 Compiling MarketNetworkMonitor.swift, QuoteBook.swift, TopBar.swift, VectorIcon.swift, ChartPanel.swift (in target 'Kanpan' from project 'Kanpan')

SwiftDriverJobDiscovery normal arm64 Compiling MeasurementText.swift, PayloadDigest.swift, DrawingBar.swift, DrawingController.swift, BottomBar.swift (in target 'Kanpan' from project 'Kanpan')

SwiftDriverJobDiscovery normal arm64 Compiling IndicatorPanel.swift, PanelChrome.swift, PanelPresentation.swift, PanelTheme.swift, PeriodPanel.swift (in target 'Kanpan' from project 'Kanpan')

SwiftExplicitDependencyGeneratePcm arm64 /Users/mdd/zhk/kanpan/DerivedData-chart-foundation/Build/Intermediates.noindex/SwiftExplicitPrecompiledModules/XCUIAutomation-7NQTALY1I8P13IYP48VS3D3ZA.pcm

SwiftExplicitDependencyGeneratePcm arm64 /Users/mdd/zhk/kanpan/DerivedData-chart-foundation/Build/Intermediates.noindex/SwiftExplicitPrecompiledModules/XCTest-936Y23SK7HYFHAEP5ZSPFBHZO.pcm

SwiftExplicitDependencyCompileModuleFromInterface arm64 /Users/mdd/zhk/kanpan/DerivedData-chart-foundation/Build/Intermediates.noindex/SwiftExplicitPrecompiledModules/XCUIAutomation-UE1RFMAWK4JZ.swiftmodule

SwiftExplicitDependencyCompileModuleFromInterface arm64 /Users/mdd/zhk/kanpan/DerivedData-chart-foundation/Build/Intermediates.noindex/SwiftExplicitPrecompiledModules/XCTest-238KGE9I77INM.swiftmodule

SwiftDriverJobDiscovery normal arm64 Compiling SymbolPickerView.swift, SymbolPrefs.swift, SymbolQuery.swift, SymbolSections.swift (in target 'Kanpan' from project 'Kanpan')

SwiftCompile normal arm64 Compiling\ MainScreenUITests.swift /Users/mdd/zhk/kanpan/Kanpan/KanpanUITests/MainScreenUITests.swift (in target 'KanpanUITests' from project 'Kanpan')

SwiftCompile normal arm64 /Users/mdd/zhk/kanpan/Kanpan/KanpanUITests/MainScreenUITests.swift (in target 'KanpanUITests' from project 'Kanpan')
    cd /Users/mdd/zhk/kanpan/Kanpan
    

SwiftEmitModule normal arm64 Emitting\ module\ for\ KanpanUITests (in target 'KanpanUITests' from project 'Kanpan')

EmitSwiftModule normal arm64 (in target 'KanpanUITests' from project 'Kanpan')
    cd /Users/mdd/zhk/kanpan/Kanpan
    

SwiftCompile normal arm64 Compiling\ UITestSupport.swift /Users/mdd/zhk/kanpan/Kanpan/KanpanUITests/UITestSupport.swift (in target 'KanpanUITests' from project 'Kanpan')

SwiftCompile normal arm64 /Users/mdd/zhk/kanpan/Kanpan/KanpanUITests/UITestSupport.swift (in target 'KanpanUITests' from project 'Kanpan')
    cd /Users/mdd/zhk/kanpan/Kanpan
    

SwiftCompile normal arm64 Compiling\ AICoinBaseUITests.swift /Users/mdd/zhk/kanpan/Kanpan/KanpanUITests/AICoinBaseUITests.swift (in target 'KanpanUITests' from project 'Kanpan')

SwiftCompile normal arm64 /Users/mdd/zhk/kanpan/Kanpan/KanpanUITests/AICoinBaseUITests.swift (in target 'KanpanUITests' from project 'Kanpan')
    cd /Users/mdd/zhk/kanpan/Kanpan
    

SwiftCompile normal arm64 Compiling\ ChartFoundationUITests.swift /Users/mdd/zhk/kanpan/Kanpan/KanpanUITests/ChartFoundationUITests.swift (in target 'KanpanUITests' from project 'Kanpan')

SwiftCompile normal arm64 /Users/mdd/zhk/kanpan/Kanpan/KanpanUITests/ChartFoundationUITests.swift (in target 'KanpanUITests' from project 'Kanpan')
    cd /Users/mdd/zhk/kanpan/Kanpan
    

SwiftDriverJobDiscovery normal arm64 Emitting module for KanpanUITests (in target 'KanpanUITests' from project 'Kanpan')

SwiftDriver\ Compilation\ Requirements KanpanUITests normal arm64 com.apple.xcode.tools.swift.compiler (in target 'KanpanUITests' from project 'Kanpan')
    cd /Users/mdd/zhk/kanpan/Kanpan
    builtin-Swift-Compilation-Requirements -- /Applications/Xcode.app/Contents/Developer/Toolchains/XcodeDefault.xctoolchain/usr/bin/swiftc -module-name KanpanUITests -Onone @/Users/mdd/zhk/kanpan/DerivedData-chart-foundation/Build/Intermediates.noindex/Kanpan.build/Debug-iphonesimulator/KanpanUITests.build/Objects-normal/arm64/KanpanUITests.SwiftFileList -DDEBUG -module-alias Testing\=_Testing_Unavailable -plugin-path /Applications/Xcode.app/Contents/Developer/Toolchains/XcodeDefault.xctoolchain/usr/lib/swift/host/plugins/testing -enable-experimental-feature DebugDescriptionMacro -sdk /Applications/Xcode.app/Contents/Developer/Platforms/iPhoneSimulator.platform/Developer/SDKs/iPhoneSimulator26.5.sdk -target arm64-apple-ios17.0-simulator -g -module-cache-path /Users/mdd/zhk/kanpan/DerivedData-chart-foundation/ModuleCache.noindex -Xfrontend -serialize-debugging-options -enable-testing -index-store-path /Users/mdd/zhk/kanpan/DerivedData-chart-foundation/Index.noindex/DataStore -Xcc -D_LIBCPP_HARDENING_MODE\=_LIBCPP_HARDENING_MODE_DEBUG -swift-version 6 -I /Users/mdd/zhk/kanpan/DerivedData-chart-foundation/Build/Products/Debug-iphonesimulator -Isystem /Applications/Xcode.app/Contents/Developer/Platforms/iPhoneSimulator.platform/Developer/usr/lib -F /Users/mdd/zhk/kanpan/DerivedData-chart-foundation/Build/Products/Debug-iphonesimulator -F /Applications/Xcode.app/Contents/Developer/Platforms/iPhoneSimulator.platform/Developer/Library/Frameworks -F /Applications/Xcode.app/Contents/Developer/Platforms/iPhoneSimulator.platform/Developer/SDKs/iPhoneSimulator26.5.sdk/Developer/Library/Frameworks -c -j10 -enable-batch-mode -incremental -Xcc -ivfsstatcache -Xcc /Users/mdd/zhk/kanpan/DerivedData-chart-foundation/SDKStatCaches.noindex/iphonesimulator26.5-23F81a-6cfe768891a92b912361537c460fe42b.sdkstatcache -output-file-map /Users/mdd/zhk/kanpan/DerivedData-chart-foundation/Build/Intermediates.noindex/Kanpan.build/Debug-iphonesimulator/KanpanUITests.build/Objects-normal/arm64/KanpanUITests-OutputFileMap.json -use-frontend-parseable-output -save-temps -no-color-diagnostics -explicit-module-build -module-cache-path /Users/mdd/zhk/kanpan/DerivedData-chart-foundation/Build/Intermediates.noindex/SwiftExplicitPrecompiledModules -clang-scanner-module-cache-path /Users/mdd/zhk/kanpan/DerivedData-chart-foundation/ModuleCache.noindex -sdk-module-cache-path /Users/mdd/zhk/kanpan/DerivedData-chart-foundation/ModuleCache.noindex -serialize-diagnostics -emit-dependencies -emit-module -emit-module-path /Users/mdd/zhk/kanpan/DerivedData-chart-foundation/Build/Intermediates.noindex/Kanpan.build/Debug-iphonesimulator/KanpanUITests.build/Objects-normal/arm64/KanpanUITests.swiftmodule -validate-clang-modules-once -clang-build-session-file /Users/mdd/zhk/kanpan/DerivedData-chart-foundation/ModuleCache.noindex/Session.modulevalidation -Xcc -I/Users/mdd/zhk/kanpan/DerivedData-chart-foundation/Build/Intermediates.noindex/Kanpan.build/Debug-iphonesimulator/KanpanUITests.build/swift-overrides.hmap -emit-const-values -Xfrontend -const-gather-protocols-file -Xfrontend /Users/mdd/zhk/kanpan/DerivedData-chart-foundation/Build/Intermediates.noindex/Kanpan.build/Debug-iphonesimulator/KanpanUITests.build/Objects-normal/arm64/KanpanUITests_const_extract_protocols.json -Xcc -iquote -Xcc /Users/mdd/zhk/kanpan/DerivedData-chart-foundation/Build/Intermediates.noindex/Kanpan.build/Debug-iphonesimulator/KanpanUITests.build/KanpanUITests-generated-files.hmap -Xcc -I/Users/mdd/zhk/kanpan/DerivedData-chart-foundation/Build/Intermediates.noindex/Kanpan.build/Debug-iphonesimulator/KanpanUITests.build/KanpanUITests-own-target-headers.hmap -Xcc -I/Users/mdd/zhk/kanpan/DerivedData-chart-foundation/Build/Intermediates.noindex/Kanpan.build/Debug-iphonesimulator/KanpanUITests.build/KanpanUITests-all-non-framework-target-headers.hmap -Xcc -ivfsoverlay -Xcc /Users/mdd/zhk/kanpan/DerivedData-chart-foundation/Build/Intermediates.noindex/Kanpan.build/Debug-iphonesimulator/Kanpan-88f8e4f6458ff7f878983357411ed85c-VFS-iphonesimulator/all-product-headers.yaml -Xcc -iquote -Xcc /Users/mdd/zhk/kanpan/DerivedData-chart-foundation/Build/Intermediates.noindex/Kanpan.build/Debug-iphonesimulator/KanpanUITests.build/KanpanUITests-project-headers.hmap -Xcc -I/Users/mdd/zhk/kanpan/DerivedData-chart-foundation/Build/Products/Debug-iphonesimulator/include -Xcc -I/Users/mdd/zhk/kanpan/DerivedData-chart-foundation/Build/Intermediates.noindex/Kanpan.build/Debug-iphonesimulator/KanpanUITests.build/DerivedSources-normal/arm64 -Xcc -I/Users/mdd/zhk/kanpan/DerivedData-chart-foundation/Build/Intermediates.noindex/Kanpan.build/Debug-iphonesimulator/KanpanUITests.build/DerivedSources/arm64 -Xcc -I/Users/mdd/zhk/kanpan/DerivedData-chart-foundation/Build/Intermediates.noindex/Kanpan.build/Debug-iphonesimulator/KanpanUITests.build/DerivedSources -emit-objc-header -emit-objc-header-path /Users/mdd/zhk/kanpan/DerivedData-chart-foundation/Build/Intermediates.noindex/Kanpan.build/Debug-iphonesimulator/KanpanUITests.build/Objects-normal/arm64/KanpanUITests-Swift.h -working-directory /Users/mdd/zhk/kanpan/Kanpan -experimental-emit-module-separately -disable-cmo

SwiftMergeGeneratedHeaders /Users/mdd/zhk/kanpan/DerivedData-chart-foundation/Build/Intermediates.noindex/Kanpan.build/Debug-iphonesimulator/KanpanUITests.build/DerivedSources/KanpanUITests-Swift.h /Users/mdd/zhk/kanpan/DerivedData-chart-foundation/Build/Intermediates.noindex/Kanpan.build/Debug-iphonesimulator/KanpanUITests.build/Objects-normal/arm64/KanpanUITests-Swift.h (in target 'KanpanUITests' from project 'Kanpan')
    cd /Users/mdd/zhk/kanpan/Kanpan
    builtin-swiftHeaderTool -arch arm64 /Users/mdd/zhk/kanpan/DerivedData-chart-foundation/Build/Intermediates.noindex/Kanpan.build/Debug-iphonesimulator/KanpanUITests.build/Objects-normal/arm64/KanpanUITests-Swift.h -o /Users/mdd/zhk/kanpan/DerivedData-chart-foundation/Build/Intermediates.noindex/Kanpan.build/Debug-iphonesimulator/KanpanUITests.build/DerivedSources/KanpanUITests-Swift.h

Copy /Users/mdd/zhk/kanpan/DerivedData-chart-foundation/Build/Products/Debug-iphonesimulator/KanpanUITests.swiftmodule/arm64-apple-ios-simulator.swiftmodule /Users/mdd/zhk/kanpan/DerivedData-chart-foundation/Build/Intermediates.noindex/Kanpan.build/Debug-iphonesimulator/KanpanUITests.build/Objects-normal/arm64/KanpanUITests.swiftmodule (in target 'KanpanUITests' from project 'Kanpan')
    cd /Users/mdd/zhk/kanpan/Kanpan
    builtin-copy -exclude .DS_Store -exclude CVS -exclude .svn -exclude .git -exclude .hg -strip-unsigned-binaries -strip-deterministic -strip-tool /Applications/Xcode.app/Contents/Developer/Toolchains/XcodeDefault.xctoolchain/usr/bin/strip -resolve-src-symlinks -rename /Users/mdd/zhk/kanpan/DerivedData-chart-foundation/Build/Intermediates.noindex/Kanpan.build/Debug-iphonesimulator/KanpanUITests.build/Objects-normal/arm64/KanpanUITests.swiftmodule /Users/mdd/zhk/kanpan/DerivedData-chart-foundation/Build/Products/Debug-iphonesimulator/KanpanUITests.swiftmodule/arm64-apple-ios-simulator.swiftmodule

Copy /Users/mdd/zhk/kanpan/DerivedData-chart-foundation/Build/Products/Debug-iphonesimulator/KanpanUITests.swiftmodule/arm64-apple-ios-simulator.swiftdoc /Users/mdd/zhk/kanpan/DerivedData-chart-foundation/Build/Intermediates.noindex/Kanpan.build/Debug-iphonesimulator/KanpanUITests.build/Objects-normal/arm64/KanpanUITests.swiftdoc (in target 'KanpanUITests' from project 'Kanpan')
    cd /Users/mdd/zhk/kanpan/Kanpan
    builtin-copy -exclude .DS_Store -exclude CVS -exclude .svn -exclude .git -exclude .hg -strip-unsigned-binaries -strip-deterministic -strip-tool /Applications/Xcode.app/Contents/Developer/Toolchains/XcodeDefault.xctoolchain/usr/bin/strip -resolve-src-symlinks -rename /Users/mdd/zhk/kanpan/DerivedData-chart-foundation/Build/Intermediates.noindex/Kanpan.build/Debug-iphonesimulator/KanpanUITests.build/Objects-normal/arm64/KanpanUITests.swiftdoc /Users/mdd/zhk/kanpan/DerivedData-chart-foundation/Build/Products/Debug-iphonesimulator/KanpanUITests.swiftmodule/arm64-apple-ios-simulator.swiftdoc

Copy /Users/mdd/zhk/kanpan/DerivedData-chart-foundation/Build/Products/Debug-iphonesimulator/KanpanUITests.swiftmodule/arm64-apple-ios-simulator.abi.json /Users/mdd/zhk/kanpan/DerivedData-chart-foundation/Build/Intermediates.noindex/Kanpan.build/Debug-iphonesimulator/KanpanUITests.build/Objects-normal/arm64/KanpanUITests.abi.json (in target 'KanpanUITests' from project 'Kanpan')
    cd /Users/mdd/zhk/kanpan/Kanpan
    builtin-copy -exclude .DS_Store -exclude CVS -exclude .svn -exclude .git -exclude .hg -strip-unsigned-binaries -strip-deterministic -strip-tool /Applications/Xcode.app/Contents/Developer/Toolchains/XcodeDefault.xctoolchain/usr/bin/strip -resolve-src-symlinks -rename /Users/mdd/zhk/kanpan/DerivedData-chart-foundation/Build/Intermediates.noindex/Kanpan.build/Debug-iphonesimulator/KanpanUITests.build/Objects-normal/arm64/KanpanUITests.abi.json /Users/mdd/zhk/kanpan/DerivedData-chart-foundation/Build/Products/Debug-iphonesimulator/KanpanUITests.swiftmodule/arm64-apple-ios-simulator.abi.json

Copy /Users/mdd/zhk/kanpan/DerivedData-chart-foundation/Build/Products/Debug-iphonesimulator/KanpanUITests.swiftmodule/Project/arm64-apple-ios-simulator.swiftsourceinfo /Users/mdd/zhk/kanpan/DerivedData-chart-foundation/Build/Intermediates.noindex/Kanpan.build/Debug-iphonesimulator/KanpanUITests.build/Objects-normal/arm64/KanpanUITests.swiftsourceinfo (in target 'KanpanUITests' from project 'Kanpan')
    cd /Users/mdd/zhk/kanpan/Kanpan
    builtin-copy -exclude .DS_Store -exclude CVS -exclude .svn -exclude .git -exclude .hg -strip-unsigned-binaries -strip-deterministic -strip-tool /Applications/Xcode.app/Contents/Developer/Toolchains/XcodeDefault.xctoolchain/usr/bin/strip -resolve-src-symlinks -rename /Users/mdd/zhk/kanpan/DerivedData-chart-foundation/Build/Intermediates.noindex/Kanpan.build/Debug-iphonesimulator/KanpanUITests.build/Objects-normal/arm64/KanpanUITests.swiftsourceinfo /Users/mdd/zhk/kanpan/DerivedData-chart-foundation/Build/Products/Debug-iphonesimulator/KanpanUITests.swiftmodule/Project/arm64-apple-ios-simulator.swiftsourceinfo

SwiftDriverJobDiscovery normal arm64 Compiling MainScreenUITests.swift (in target 'KanpanUITests' from project 'Kanpan')

SwiftDriverJobDiscovery normal arm64 Compiling UITestSupport.swift (in target 'KanpanUITests' from project 'Kanpan')

SwiftDriverJobDiscovery normal arm64 Compiling AICoinBaseUITests.swift (in target 'KanpanUITests' from project 'Kanpan')

SwiftDriverJobDiscovery normal arm64 Compiling ChartFoundationUITests.swift (in target 'KanpanUITests' from project 'Kanpan')

SwiftDriver\ Compilation KanpanUITests normal arm64 com.apple.xcode.tools.swift.compiler (in target 'KanpanUITests' from project 'Kanpan')
    cd /Users/mdd/zhk/kanpan/Kanpan
    builtin-Swift-Compilation -- /Applications/Xcode.app/Contents/Developer/Toolchains/XcodeDefault.xctoolchain/usr/bin/swiftc -module-name KanpanUITests -Onone @/Users/mdd/zhk/kanpan/DerivedData-chart-foundation/Build/Intermediates.noindex/Kanpan.build/Debug-iphonesimulator/KanpanUITests.build/Objects-normal/arm64/KanpanUITests.SwiftFileList -DDEBUG -module-alias Testing\=_Testing_Unavailable -plugin-path /Applications/Xcode.app/Contents/Developer/Toolchains/XcodeDefault.xctoolchain/usr/lib/swift/host/plugins/testing -enable-experimental-feature DebugDescriptionMacro -sdk /Applications/Xcode.app/Contents/Developer/Platforms/iPhoneSimulator.platform/Developer/SDKs/iPhoneSimulator26.5.sdk -target arm64-apple-ios17.0-simulator -g -module-cache-path /Users/mdd/zhk/kanpan/DerivedData-chart-foundation/ModuleCache.noindex -Xfrontend -serialize-debugging-options -enable-testing -index-store-path /Users/mdd/zhk/kanpan/DerivedData-chart-foundation/Index.noindex/DataStore -Xcc -D_LIBCPP_HARDENING_MODE\=_LIBCPP_HARDENING_MODE_DEBUG -swift-version 6 -I /Users/mdd/zhk/kanpan/DerivedData-chart-foundation/Build/Products/Debug-iphonesimulator -Isystem /Applications/Xcode.app/Contents/Developer/Platforms/iPhoneSimulator.platform/Developer/usr/lib -F /Users/mdd/zhk/kanpan/DerivedData-chart-foundation/Build/Products/Debug-iphonesimulator -F /Applications/Xcode.app/Contents/Developer/Platforms/iPhoneSimulator.platform/Developer/Library/Frameworks -F /Applications/Xcode.app/Contents/Developer/Platforms/iPhoneSimulator.platform/Developer/SDKs/iPhoneSimulator26.5.sdk/Developer/Library/Frameworks -c -j10 -enable-batch-mode -incremental -Xcc -ivfsstatcache -Xcc /Users/mdd/zhk/kanpan/DerivedData-chart-foundation/SDKStatCaches.noindex/iphonesimulator26.5-23F81a-6cfe768891a92b912361537c460fe42b.sdkstatcache -output-file-map /Users/mdd/zhk/kanpan/DerivedData-chart-foundation/Build/Intermediates.noindex/Kanpan.build/Debug-iphonesimulator/KanpanUITests.build/Objects-normal/arm64/KanpanUITests-OutputFileMap.json -use-frontend-parseable-output -save-temps -no-color-diagnostics -explicit-module-build -module-cache-path /Users/mdd/zhk/kanpan/DerivedData-chart-foundation/Build/Intermediates.noindex/SwiftExplicitPrecompiledModules -clang-scanner-module-cache-path /Users/mdd/zhk/kanpan/DerivedData-chart-foundation/ModuleCache.noindex -sdk-module-cache-path /Users/mdd/zhk/kanpan/DerivedData-chart-foundation/ModuleCache.noindex -serialize-diagnostics -emit-dependencies -emit-module -emit-module-path /Users/mdd/zhk/kanpan/DerivedData-chart-foundation/Build/Intermediates.noindex/Kanpan.build/Debug-iphonesimulator/KanpanUITests.build/Objects-normal/arm64/KanpanUITests.swiftmodule -validate-clang-modules-once -clang-build-session-file /Users/mdd/zhk/kanpan/DerivedData-chart-foundation/ModuleCache.noindex/Session.modulevalidation -Xcc -I/Users/mdd/zhk/kanpan/DerivedData-chart-foundation/Build/Intermediates.noindex/Kanpan.build/Debug-iphonesimulator/KanpanUITests.build/swift-overrides.hmap -emit-const-values -Xfrontend -const-gather-protocols-file -Xfrontend /Users/mdd/zhk/kanpan/DerivedData-chart-foundation/Build/Intermediates.noindex/Kanpan.build/Debug-iphonesimulator/KanpanUITests.build/Objects-normal/arm64/KanpanUITests_const_extract_protocols.json -Xcc -iquote -Xcc /Users/mdd/zhk/kanpan/DerivedData-chart-foundation/Build/Intermediates.noindex/Kanpan.build/Debug-iphonesimulator/KanpanUITests.build/KanpanUITests-generated-files.hmap -Xcc -I/Users/mdd/zhk/kanpan/DerivedData-chart-foundation/Build/Intermediates.noindex/Kanpan.build/Debug-iphonesimulator/KanpanUITests.build/KanpanUITests-own-target-headers.hmap -Xcc -I/Users/mdd/zhk/kanpan/DerivedData-chart-foundation/Build/Intermediates.noindex/Kanpan.build/Debug-iphonesimulator/KanpanUITests.build/KanpanUITests-all-non-framework-target-headers.hmap -Xcc -ivfsoverlay -Xcc /Users/mdd/zhk/kanpan/DerivedData-chart-foundation/Build/Intermediates.noindex/Kanpan.build/Debug-iphonesimulator/Kanpan-88f8e4f6458ff7f878983357411ed85c-VFS-iphonesimulator/all-product-headers.yaml -Xcc -iquote -Xcc /Users/mdd/zhk/kanpan/DerivedData-chart-foundation/Build/Intermediates.noindex/Kanpan.build/Debug-iphonesimulator/KanpanUITests.build/KanpanUITests-project-headers.hmap -Xcc -I/Users/mdd/zhk/kanpan/DerivedData-chart-foundation/Build/Products/Debug-iphonesimulator/include -Xcc -I/Users/mdd/zhk/kanpan/DerivedData-chart-foundation/Build/Intermediates.noindex/Kanpan.build/Debug-iphonesimulator/KanpanUITests.build/DerivedSources-normal/arm64 -Xcc -I/Users/mdd/zhk/kanpan/DerivedData-chart-foundation/Build/Intermediates.noindex/Kanpan.build/Debug-iphonesimulator/KanpanUITests.build/DerivedSources/arm64 -Xcc -I/Users/mdd/zhk/kanpan/DerivedData-chart-foundation/Build/Intermediates.noindex/Kanpan.build/Debug-iphonesimulator/KanpanUITests.build/DerivedSources -emit-objc-header -emit-objc-header-path /Users/mdd/zhk/kanpan/DerivedData-chart-foundation/Build/Intermediates.noindex/Kanpan.build/Debug-iphonesimulator/KanpanUITests.build/Objects-normal/arm64/KanpanUITests-Swift.h -working-directory /Users/mdd/zhk/kanpan/Kanpan -experimental-emit-module-separately -disable-cmo

SwiftDriverJobDiscovery normal arm64 Compiling ChartHost.swift, IntervalBar.swift, LandscapeChrome.swift, MainScreen.swift, MarketModel.swift (in target 'Kanpan' from project 'Kanpan')

LinkAssetCatalog /Users/mdd/zhk/kanpan/Kanpan/Kanpan/Assets.xcassets (in target 'Kanpan' from project 'Kanpan')
    cd /Users/mdd/zhk/kanpan/Kanpan
    builtin-linkAssetCatalog --thinned /Users/mdd/zhk/kanpan/DerivedData-chart-foundation/Build/Intermediates.noindex/Kanpan.build/Debug-iphonesimulator/Kanpan.build/assetcatalog_output/thinned --thinned-dependencies /Users/mdd/zhk/kanpan/DerivedData-chart-foundation/Build/Intermediates.noindex/Kanpan.build/Debug-iphonesimulator/Kanpan.build/assetcatalog_dependencies_thinned --thinned-info-plist-content /Users/mdd/zhk/kanpan/DerivedData-chart-foundation/Build/Intermediates.noindex/Kanpan.build/Debug-iphonesimulator/Kanpan.build/assetcatalog_generated_info.plist_thinned --unthinned /Users/mdd/zhk/kanpan/DerivedData-chart-foundation/Build/Intermediates.noindex/Kanpan.build/Debug-iphonesimulator/Kanpan.build/assetcatalog_output/unthinned --unthinned-dependencies /Users/mdd/zhk/kanpan/DerivedData-chart-foundation/Build/Intermediates.noindex/Kanpan.build/Debug-iphonesimulator/Kanpan.build/assetcatalog_dependencies_unthinned --unthinned-info-plist-content /Users/mdd/zhk/kanpan/DerivedData-chart-foundation/Build/Intermediates.noindex/Kanpan.build/Debug-iphonesimulator/Kanpan.build/assetcatalog_generated_info.plist_unthinned --output /Users/mdd/zhk/kanpan/DerivedData-chart-foundation/Build/Products/Debug-iphonesimulator/Kanpan.app --plist-output /Users/mdd/zhk/kanpan/DerivedData-chart-foundation/Build/Intermediates.noindex/Kanpan.build/Debug-iphonesimulator/Kanpan.build/assetcatalog_generated_info.plist
note: Emplaced /Users/mdd/zhk/kanpan/DerivedData-chart-foundation/Build/Products/Debug-iphonesimulator/Kanpan.app/AppIcon76x76@2x~ipad.png (in target 'Kanpan' from project 'Kanpan')
note: Emplaced /Users/mdd/zhk/kanpan/DerivedData-chart-foundation/Build/Products/Debug-iphonesimulator/Kanpan.app/AppIcon60x60@2x.png (in target 'Kanpan' from project 'Kanpan')
note: Emplaced /Users/mdd/zhk/kanpan/DerivedData-chart-foundation/Build/Products/Debug-iphonesimulator/Kanpan.app/Assets.car (in target 'Kanpan' from project 'Kanpan')

ProcessInfoPlistFile /Users/mdd/zhk/kanpan/DerivedData-chart-foundation/Build/Products/Debug-iphonesimulator/Kanpan.app/Info.plist /Users/mdd/zhk/kanpan/DerivedData-chart-foundation/Build/Intermediates.noindex/Kanpan.build/Debug-iphonesimulator/Kanpan.build/empty-Kanpan.plist (in target 'Kanpan' from project 'Kanpan')
    cd /Users/mdd/zhk/kanpan/Kanpan
    builtin-infoPlistUtility /Users/mdd/zhk/kanpan/DerivedData-chart-foundation/Build/Intermediates.noindex/Kanpan.build/Debug-iphonesimulator/Kanpan.build/empty-Kanpan.plist -producttype com.apple.product-type.application -genpkginfo /Users/mdd/zhk/kanpan/DerivedData-chart-foundation/Build/Products/Debug-iphonesimulator/Kanpan.app/PkgInfo -expandbuildsettings -format binary -platform iphonesimulator -additionalcontentfile /Users/mdd/zhk/kanpan/DerivedData-chart-foundation/Build/Intermediates.noindex/Kanpan.build/Debug-iphonesimulator/Kanpan.build/assetcatalog_generated_info.plist -o /Users/mdd/zhk/kanpan/DerivedData-chart-foundation/Build/Products/Debug-iphonesimulator/Kanpan.app/Info.plist

** TEST BUILD FAILED **


The following build commands failed:
	SwiftCompile normal arm64 /Users/mdd/zhk/kanpan/Kanpan/Kanpan/Symbols/FavoritesView.swift (in target 'Kanpan' from project 'Kanpan')
	SwiftCompile normal arm64 Compiling\ ThemeChoice.swift,\ FavoritesView.swift,\ SymbolFixtures.swift,\ SymbolPickerModel.swift /Users/mdd/zhk/kanpan/Kanpan/Kanpan/Settings/Model/ThemeChoice.swift /Users/mdd/zhk/kanpan/Kanpan/Kanpan/Symbols/FavoritesView.swift /Users/mdd/zhk/kanpan/Kanpan/Kanpan/Symbols/SymbolFixtures.swift /Users/mdd/zhk/kanpan/Kanpan/Kanpan/Symbols/SymbolPickerModel.swift (in target 'Kanpan' from project 'Kanpan')
	Building workspace Kanpan for testing with scheme Kanpan
(3 failures)
