Command line invocation:
    /Applications/Xcode.app/Contents/Developer/usr/bin/xcodebuild test -workspace Kanpan.xcworkspace -scheme Kanpan -destination "platform=iOS Simulator,id=245E9D9F-8769-482B-B4C3-0D91CD974FF5" -derivedDataPath DerivedData-chart-foundation-ui -parallel-testing-enabled NO "-only-testing:KanpanUITests/ChartFoundationUITests" -resultBundlePath docs/acceptance/AICoin-base/foundation/ui.xcresult

Resolve Package Graph


Resolved source packages:
  KanpanChart: /Users/mdd/zhk/kanpan/KanpanChart @ local
  KanpanCore: /Users/mdd/zhk/kanpan/KanpanCore @ local
  KanpanData: /Users/mdd/zhk/kanpan/KanpanData @ local

Writing result bundle at path:
	/Users/mdd/zhk/kanpan/docs/acceptance/AICoin-base/foundation/ui.xcresult

ComputePackagePrebuildTargetDependencyGraph

Prepare packages

CreateBuildRequest

SendProjectDescription

CreateBuildOperation

ComputeTargetDependencyGraph
note: Building targets in dependency order
note: Target dependency graph (8 targets)
    Target 'KanpanUITests' in project 'Kanpan'
        ➜ Explicit dependency on target 'Kanpan' in project 'Kanpan'
    Target 'Kanpan' in project 'Kanpan'
        ➜ Explicit dependency on target 'KanpanCore' in project 'KanpanCore'
        ➜ Explicit dependency on target 'KanpanChart' in project 'KanpanChart'
        ➜ Explicit dependency on target 'KanpanData' in project 'KanpanData'
    Target 'KanpanData' in project 'KanpanData'
        ➜ Explicit dependency on target 'KanpanData' in project 'KanpanData'
        ➜ Explicit dependency on target 'KanpanCore' in project 'KanpanCore'
    Target 'KanpanData' in project 'KanpanData'
        ➜ Explicit dependency on target 'KanpanCore' in project 'KanpanCore'
    Target 'KanpanChart' in project 'KanpanChart'
        ➜ Explicit dependency on target 'KanpanChart' in project 'KanpanChart'
        ➜ Explicit dependency on target 'KanpanCore' in project 'KanpanCore'
    Target 'KanpanChart' in project 'KanpanChart'
        ➜ Explicit dependency on target 'KanpanCore' in project 'KanpanCore'
    Target 'KanpanCore' in project 'KanpanCore'
        ➜ Explicit dependency on target 'KanpanCore' in project 'KanpanCore'
    Target 'KanpanCore' in project 'KanpanCore' (no dependencies)

GatherProvisioningInputs

CreateBuildDescription

ExecuteExternalTool /Applications/Xcode.app/Contents/Developer/Toolchains/XcodeDefault.xctoolchain/usr/bin/swiftc --version

ExecuteExternalTool /Applications/Xcode.app/Contents/Developer/usr/bin/actool --print-asset-tag-combinations --output-format xml1 /Users/mdd/zhk/kanpan/Kanpan/Kanpan/Assets.xcassets

ExecuteExternalTool /Applications/Xcode.app/Contents/Developer/Toolchains/XcodeDefault.xctoolchain/usr/bin/clang -v -E -dM -isysroot /Applications/Xcode.app/Contents/Developer/Platforms/iPhoneSimulator.platform/Developer/SDKs/iPhoneSimulator26.5.sdk -x c -c /dev/null

ExecuteExternalTool /Applications/Xcode.app/Contents/Developer/Toolchains/XcodeDefault.xctoolchain/usr/bin/ld -version_details

ExecuteExternalTool /Applications/Xcode.app/Contents/Developer/usr/bin/actool --version --output-format xml1

Build description signature: c7ee02fc6c918b3b888d2f97edd852d0
Build description path: /Users/mdd/zhk/kanpan/DerivedData-chart-foundation-ui/Build/Intermediates.noindex/XCBuildData/c7ee02fc6c918b3b888d2f97edd852d0.xcbuilddata
ClangStatCache /Applications/Xcode.app/Contents/Developer/Toolchains/XcodeDefault.xctoolchain/usr/bin/clang-stat-cache /Applications/Xcode.app/Contents/Developer/Platforms/iPhoneSimulator.platform/Developer/SDKs/iPhoneSimulator26.5.sdk /Users/mdd/zhk/kanpan/DerivedData-chart-foundation-ui/SDKStatCaches.noindex/iphonesimulator26.5-23F81a-6cfe768891a92b912361537c460fe42b.sdkstatcache
    cd /Users/mdd/zhk/kanpan
    /Applications/Xcode.app/Contents/Developer/Toolchains/XcodeDefault.xctoolchain/usr/bin/clang-stat-cache /Applications/Xcode.app/Contents/Developer/Platforms/iPhoneSimulator.platform/Developer/SDKs/iPhoneSimulator26.5.sdk -o /Users/mdd/zhk/kanpan/DerivedData-chart-foundation-ui/SDKStatCaches.noindex/iphonesimulator26.5-23F81a-6cfe768891a92b912361537c460fe42b.sdkstatcache

CreateBuildDirectory /Users/mdd/zhk/kanpan/DerivedData-chart-foundation-ui/Build/Intermediates.noindex
    cd /Users/mdd/zhk/kanpan
    builtin-create-build-directory /Users/mdd/zhk/kanpan/DerivedData-chart-foundation-ui/Build/Intermediates.noindex

CreateBuildDirectory /Users/mdd/zhk/kanpan/DerivedData-chart-foundation-ui/Build/Products
    cd /Users/mdd/zhk/kanpan
    builtin-create-build-directory /Users/mdd/zhk/kanpan/DerivedData-chart-foundation-ui/Build/Products

CreateBuildDirectory /Users/mdd/zhk/kanpan/DerivedData-chart-foundation-ui/Build/Intermediates.noindex/SwiftExplicitPrecompiledModules
    cd /Users/mdd/zhk/kanpan
    builtin-create-build-directory /Users/mdd/zhk/kanpan/DerivedData-chart-foundation-ui/Build/Intermediates.noindex/SwiftExplicitPrecompiledModules

CreateBuildDirectory /Users/mdd/zhk/kanpan/DerivedData-chart-foundation-ui/Build/Intermediates.noindex/ExplicitPrecompiledModules
    cd /Users/mdd/zhk/kanpan
    builtin-create-build-directory /Users/mdd/zhk/kanpan/DerivedData-chart-foundation-ui/Build/Intermediates.noindex/ExplicitPrecompiledModules

CreateBuildDirectory /Users/mdd/zhk/kanpan/DerivedData-chart-foundation-ui/Build/Products/Debug-iphonesimulator
    cd /Users/mdd/zhk/kanpan
    builtin-create-build-directory /Users/mdd/zhk/kanpan/DerivedData-chart-foundation-ui/Build/Products/Debug-iphonesimulator

WriteAuxiliaryFile /Users/mdd/zhk/kanpan/DerivedData-chart-foundation-ui/Build/Intermediates.noindex/Kanpan.build/Debug-iphonesimulator/Kanpan-88f8e4f6458ff7f878983357411ed85c-VFS-iphonesimulator/all-product-headers.yaml
    cd /Users/mdd/zhk/kanpan
    write-file /Users/mdd/zhk/kanpan/DerivedData-chart-foundation-ui/Build/Intermediates.noindex/Kanpan.build/Debug-iphonesimulator/Kanpan-88f8e4f6458ff7f878983357411ed85c-VFS-iphonesimulator/all-product-headers.yaml

CreateBuildDirectory /Users/mdd/zhk/kanpan/DerivedData-chart-foundation-ui/Build/Intermediates.noindex/EagerLinkingTBDs/Debug-iphonesimulator
    cd /Users/mdd/zhk/kanpan
    builtin-create-build-directory /Users/mdd/zhk/kanpan/DerivedData-chart-foundation-ui/Build/Intermediates.noindex/EagerLinkingTBDs/Debug-iphonesimulator

CreateBuildDirectory /Users/mdd/zhk/kanpan/DerivedData-chart-foundation-ui/Build/Products/Debug-iphonesimulator/PackageFrameworks
    cd /Users/mdd/zhk/kanpan
    builtin-create-build-directory /Users/mdd/zhk/kanpan/DerivedData-chart-foundation-ui/Build/Products/Debug-iphonesimulator/PackageFrameworks

WriteAuxiliaryFile /Users/mdd/zhk/kanpan/DerivedData-chart-foundation-ui/Build/Intermediates.noindex/Kanpan.build/Debug-iphonesimulator/Kanpan.build/empty-Kanpan.plist (in target 'Kanpan' from project 'Kanpan')
    cd /Users/mdd/zhk/kanpan/Kanpan
    write-file /Users/mdd/zhk/kanpan/DerivedData-chart-foundation-ui/Build/Intermediates.noindex/Kanpan.build/Debug-iphonesimulator/Kanpan.build/empty-Kanpan.plist

WriteAuxiliaryFile /Users/mdd/zhk/kanpan/DerivedData-chart-foundation-ui/Build/Intermediates.noindex/Kanpan.build/Debug-iphonesimulator/Kanpan.build/Objects-normal/arm64/Kanpan_const_extract_protocols.json (in target 'Kanpan' from project 'Kanpan')
    cd /Users/mdd/zhk/kanpan/Kanpan
    write-file /Users/mdd/zhk/kanpan/DerivedData-chart-foundation-ui/Build/Intermediates.noindex/Kanpan.build/Debug-iphonesimulator/Kanpan.build/Objects-normal/arm64/Kanpan_const_extract_protocols.json

WriteAuxiliaryFile /Users/mdd/zhk/kanpan/DerivedData-chart-foundation-ui/Build/Intermediates.noindex/KanpanChart.build/Debug-iphonesimulator/KanpanChart.build/KanpanChart.modulemap (in target 'KanpanChart' from project 'KanpanChart')
    cd /Users/mdd/zhk/kanpan/KanpanChart
    write-file /Users/mdd/zhk/kanpan/DerivedData-chart-foundation-ui/Build/Intermediates.noindex/KanpanChart.build/Debug-iphonesimulator/KanpanChart.build/KanpanChart.modulemap

WriteAuxiliaryFile /Users/mdd/zhk/kanpan/DerivedData-chart-foundation-ui/Build/Intermediates.noindex/KanpanChart.build/Debug-iphonesimulator/KanpanChart.build/KanpanChart.DependencyStaticMetadataFileList (in target 'KanpanChart' from project 'KanpanChart')
    cd /Users/mdd/zhk/kanpan/KanpanChart
    write-file /Users/mdd/zhk/kanpan/DerivedData-chart-foundation-ui/Build/Intermediates.noindex/KanpanChart.build/Debug-iphonesimulator/KanpanChart.build/KanpanChart.DependencyStaticMetadataFileList

WriteAuxiliaryFile /Users/mdd/zhk/kanpan/DerivedData-chart-foundation-ui/Build/Intermediates.noindex/KanpanChart.build/Debug-iphonesimulator/KanpanChart.build/Objects-normal/arm64/KanpanChart.SwiftFileList (in target 'KanpanChart' from project 'KanpanChart')
    cd /Users/mdd/zhk/kanpan/KanpanChart
    write-file /Users/mdd/zhk/kanpan/DerivedData-chart-foundation-ui/Build/Intermediates.noindex/KanpanChart.build/Debug-iphonesimulator/KanpanChart.build/Objects-normal/arm64/KanpanChart.SwiftFileList

WriteAuxiliaryFile /Users/mdd/zhk/kanpan/DerivedData-chart-foundation-ui/Build/Intermediates.noindex/KanpanChart.build/Debug-iphonesimulator/KanpanChart.build/Objects-normal/arm64/KanpanChart.SwiftConstValuesFileList (in target 'KanpanChart' from project 'KanpanChart')
    cd /Users/mdd/zhk/kanpan/KanpanChart
    write-file /Users/mdd/zhk/kanpan/DerivedData-chart-foundation-ui/Build/Intermediates.noindex/KanpanChart.build/Debug-iphonesimulator/KanpanChart.build/Objects-normal/arm64/KanpanChart.SwiftConstValuesFileList

WriteAuxiliaryFile /Users/mdd/zhk/kanpan/DerivedData-chart-foundation-ui/Build/Intermediates.noindex/KanpanChart.build/Debug-iphonesimulator/KanpanChart.build/Objects-normal/arm64/KanpanChart-OutputFileMap.json (in target 'KanpanChart' from project 'KanpanChart')
    cd /Users/mdd/zhk/kanpan/KanpanChart
    write-file /Users/mdd/zhk/kanpan/DerivedData-chart-foundation-ui/Build/Intermediates.noindex/KanpanChart.build/Debug-iphonesimulator/KanpanChart.build/Objects-normal/arm64/KanpanChart-OutputFileMap.json

WriteAuxiliaryFile /Users/mdd/zhk/kanpan/DerivedData-chart-foundation-ui/Build/Intermediates.noindex/KanpanChart.build/Debug-iphonesimulator/KanpanChart.build/Objects-normal/arm64/KanpanChart_const_extract_protocols.json (in target 'KanpanChart' from project 'KanpanChart')
    cd /Users/mdd/zhk/kanpan/KanpanChart
    write-file /Users/mdd/zhk/kanpan/DerivedData-chart-foundation-ui/Build/Intermediates.noindex/KanpanChart.build/Debug-iphonesimulator/KanpanChart.build/Objects-normal/arm64/KanpanChart_const_extract_protocols.json

WriteAuxiliaryFile /Users/mdd/zhk/kanpan/DerivedData-chart-foundation-ui/Build/Intermediates.noindex/KanpanChart.build/Debug-iphonesimulator/KanpanChart.build/Objects-normal/arm64/KanpanChart.LinkFileList (in target 'KanpanChart' from project 'KanpanChart')
    cd /Users/mdd/zhk/kanpan/KanpanChart
    write-file /Users/mdd/zhk/kanpan/DerivedData-chart-foundation-ui/Build/Intermediates.noindex/KanpanChart.build/Debug-iphonesimulator/KanpanChart.build/Objects-normal/arm64/KanpanChart.LinkFileList

WriteAuxiliaryFile /Users/mdd/zhk/kanpan/DerivedData-chart-foundation-ui/Build/Intermediates.noindex/Kanpan.build/Debug-iphonesimulator/KanpanUITests.build/empty-KanpanUITests.plist (in target 'KanpanUITests' from project 'Kanpan')
    cd /Users/mdd/zhk/kanpan/Kanpan
    write-file /Users/mdd/zhk/kanpan/DerivedData-chart-foundation-ui/Build/Intermediates.noindex/Kanpan.build/Debug-iphonesimulator/KanpanUITests.build/empty-KanpanUITests.plist

WriteAuxiliaryFile /Users/mdd/zhk/kanpan/DerivedData-chart-foundation-ui/Build/Intermediates.noindex/Kanpan.build/Debug-iphonesimulator/KanpanUITests.build/ProductTypeInfoPlistAdditions.plist (in target 'KanpanUITests' from project 'Kanpan')
    cd /Users/mdd/zhk/kanpan/Kanpan
    write-file /Users/mdd/zhk/kanpan/DerivedData-chart-foundation-ui/Build/Intermediates.noindex/Kanpan.build/Debug-iphonesimulator/KanpanUITests.build/ProductTypeInfoPlistAdditions.plist

WriteAuxiliaryFile /Users/mdd/zhk/kanpan/DerivedData-chart-foundation-ui/Build/Intermediates.noindex/Kanpan.build/Debug-iphonesimulator/KanpanUITests.build/Objects-normal/arm64/KanpanUITests.SwiftFileList (in target 'KanpanUITests' from project 'Kanpan')
    cd /Users/mdd/zhk/kanpan/Kanpan
    write-file /Users/mdd/zhk/kanpan/DerivedData-chart-foundation-ui/Build/Intermediates.noindex/Kanpan.build/Debug-iphonesimulator/KanpanUITests.build/Objects-normal/arm64/KanpanUITests.SwiftFileList

WriteAuxiliaryFile /Users/mdd/zhk/kanpan/DerivedData-chart-foundation-ui/Build/Intermediates.noindex/Kanpan.build/Debug-iphonesimulator/KanpanUITests.build/Objects-normal/arm64/KanpanUITests_const_extract_protocols.json (in target 'KanpanUITests' from project 'Kanpan')
    cd /Users/mdd/zhk/kanpan/Kanpan
    write-file /Users/mdd/zhk/kanpan/DerivedData-chart-foundation-ui/Build/Intermediates.noindex/Kanpan.build/Debug-iphonesimulator/KanpanUITests.build/Objects-normal/arm64/KanpanUITests_const_extract_protocols.json

WriteAuxiliaryFile /Users/mdd/zhk/kanpan/DerivedData-chart-foundation-ui/Build/Intermediates.noindex/Kanpan.build/Debug-iphonesimulator/KanpanUITests.build/Objects-normal/arm64/KanpanUITests.SwiftConstValuesFileList (in target 'KanpanUITests' from project 'Kanpan')
    cd /Users/mdd/zhk/kanpan/Kanpan
    write-file /Users/mdd/zhk/kanpan/DerivedData-chart-foundation-ui/Build/Intermediates.noindex/Kanpan.build/Debug-iphonesimulator/KanpanUITests.build/Objects-normal/arm64/KanpanUITests.SwiftConstValuesFileList

WriteAuxiliaryFile /Users/mdd/zhk/kanpan/DerivedData-chart-foundation-ui/Build/Intermediates.noindex/Kanpan.build/Debug-iphonesimulator/KanpanUITests.build/Objects-normal/arm64/KanpanUITests.LinkFileList (in target 'KanpanUITests' from project 'Kanpan')
    cd /Users/mdd/zhk/kanpan/Kanpan
    write-file /Users/mdd/zhk/kanpan/DerivedData-chart-foundation-ui/Build/Intermediates.noindex/Kanpan.build/Debug-iphonesimulator/KanpanUITests.build/Objects-normal/arm64/KanpanUITests.LinkFileList

WriteAuxiliaryFile /Users/mdd/zhk/kanpan/DerivedData-chart-foundation-ui/Build/Intermediates.noindex/Kanpan.build/Debug-iphonesimulator/KanpanUITests.build/KanpanUITests.hmap (in target 'KanpanUITests' from project 'Kanpan')
    cd /Users/mdd/zhk/kanpan/Kanpan
    write-file /Users/mdd/zhk/kanpan/DerivedData-chart-foundation-ui/Build/Intermediates.noindex/Kanpan.build/Debug-iphonesimulator/KanpanUITests.build/KanpanUITests.hmap

WriteAuxiliaryFile /Users/mdd/zhk/kanpan/DerivedData-chart-foundation-ui/Build/Intermediates.noindex/Kanpan.build/Debug-iphonesimulator/KanpanUITests.build/Objects-normal/arm64/KanpanUITests-OutputFileMap.json (in target 'KanpanUITests' from project 'Kanpan')
    cd /Users/mdd/zhk/kanpan/Kanpan
    write-file /Users/mdd/zhk/kanpan/DerivedData-chart-foundation-ui/Build/Intermediates.noindex/Kanpan.build/Debug-iphonesimulator/KanpanUITests.build/Objects-normal/arm64/KanpanUITests-OutputFileMap.json

WriteAuxiliaryFile /Users/mdd/zhk/kanpan/DerivedData-chart-foundation-ui/Build/Intermediates.noindex/Kanpan.build/Debug-iphonesimulator/KanpanUITests.build/KanpanUITests.DependencyStaticMetadataFileList (in target 'KanpanUITests' from project 'Kanpan')
    cd /Users/mdd/zhk/kanpan/Kanpan
    write-file /Users/mdd/zhk/kanpan/DerivedData-chart-foundation-ui/Build/Intermediates.noindex/Kanpan.build/Debug-iphonesimulator/KanpanUITests.build/KanpanUITests.DependencyStaticMetadataFileList

WriteAuxiliaryFile /Users/mdd/zhk/kanpan/DerivedData-chart-foundation-ui/Build/Intermediates.noindex/Kanpan.build/Debug-iphonesimulator/KanpanUITests.build/KanpanUITests.DependencyMetadataFileList (in target 'KanpanUITests' from project 'Kanpan')
    cd /Users/mdd/zhk/kanpan/Kanpan
    write-file /Users/mdd/zhk/kanpan/DerivedData-chart-foundation-ui/Build/Intermediates.noindex/Kanpan.build/Debug-iphonesimulator/KanpanUITests.build/KanpanUITests.DependencyMetadataFileList

WriteAuxiliaryFile /Users/mdd/zhk/kanpan/DerivedData-chart-foundation-ui/Build/Intermediates.noindex/Kanpan.build/Debug-iphonesimulator/KanpanUITests.build/KanpanUITests-project-headers.hmap (in target 'KanpanUITests' from project 'Kanpan')
    cd /Users/mdd/zhk/kanpan/Kanpan
    write-file /Users/mdd/zhk/kanpan/DerivedData-chart-foundation-ui/Build/Intermediates.noindex/Kanpan.build/Debug-iphonesimulator/KanpanUITests.build/KanpanUITests-project-headers.hmap

WriteAuxiliaryFile /Users/mdd/zhk/kanpan/DerivedData-chart-foundation-ui/Build/Intermediates.noindex/Kanpan.build/Debug-iphonesimulator/KanpanUITests.build/KanpanUITests-own-target-headers.hmap (in target 'KanpanUITests' from project 'Kanpan')
    cd /Users/mdd/zhk/kanpan/Kanpan
    write-file /Users/mdd/zhk/kanpan/DerivedData-chart-foundation-ui/Build/Intermediates.noindex/Kanpan.build/Debug-iphonesimulator/KanpanUITests.build/KanpanUITests-own-target-headers.hmap

WriteAuxiliaryFile /Users/mdd/zhk/kanpan/DerivedData-chart-foundation-ui/Build/Intermediates.noindex/Kanpan.build/Debug-iphonesimulator/KanpanUITests.build/KanpanUITests-generated-files.hmap (in target 'KanpanUITests' from project 'Kanpan')
    cd /Users/mdd/zhk/kanpan/Kanpan
    write-file /Users/mdd/zhk/kanpan/DerivedData-chart-foundation-ui/Build/Intermediates.noindex/Kanpan.build/Debug-iphonesimulator/KanpanUITests.build/KanpanUITests-generated-files.hmap

WriteAuxiliaryFile /Users/mdd/zhk/kanpan/DerivedData-chart-foundation-ui/Build/Intermediates.noindex/Kanpan.build/Debug-iphonesimulator/KanpanUITests.build/KanpanUITests-all-target-headers.hmap (in target 'KanpanUITests' from project 'Kanpan')
    cd /Users/mdd/zhk/kanpan/Kanpan
    write-file /Users/mdd/zhk/kanpan/DerivedData-chart-foundation-ui/Build/Intermediates.noindex/Kanpan.build/Debug-iphonesimulator/KanpanUITests.build/KanpanUITests-all-target-headers.hmap

WriteAuxiliaryFile /Users/mdd/zhk/kanpan/DerivedData-chart-foundation-ui/Build/Intermediates.noindex/Kanpan.build/Debug-iphonesimulator/KanpanUITests.build/KanpanUITests-all-non-framework-target-headers.hmap (in target 'KanpanUITests' from project 'Kanpan')
    cd /Users/mdd/zhk/kanpan/Kanpan
    write-file /Users/mdd/zhk/kanpan/DerivedData-chart-foundation-ui/Build/Intermediates.noindex/Kanpan.build/Debug-iphonesimulator/KanpanUITests.build/KanpanUITests-all-non-framework-target-headers.hmap

WriteAuxiliaryFile /Users/mdd/zhk/kanpan/DerivedData-chart-foundation-ui/Build/Intermediates.noindex/Kanpan.build/Debug-iphonesimulator/KanpanUITests.build/DerivedSources/Entitlements-Simulated.plist (in target 'KanpanUITests' from project 'Kanpan')
    cd /Users/mdd/zhk/kanpan/Kanpan
    write-file /Users/mdd/zhk/kanpan/DerivedData-chart-foundation-ui/Build/Intermediates.noindex/Kanpan.build/Debug-iphonesimulator/KanpanUITests.build/DerivedSources/Entitlements-Simulated.plist

WriteAuxiliaryFile /Users/mdd/zhk/kanpan/DerivedData-chart-foundation-ui/Build/Intermediates.noindex/KanpanData.build/Debug-iphonesimulator/KanpanData.build/Objects-normal/arm64/KanpanData.SwiftFileList (in target 'KanpanData' from project 'KanpanData')
    cd /Users/mdd/zhk/kanpan/KanpanData
    write-file /Users/mdd/zhk/kanpan/DerivedData-chart-foundation-ui/Build/Intermediates.noindex/KanpanData.build/Debug-iphonesimulator/KanpanData.build/Objects-normal/arm64/KanpanData.SwiftFileList

WriteAuxiliaryFile /Users/mdd/zhk/kanpan/DerivedData-chart-foundation-ui/Build/Intermediates.noindex/KanpanData.build/Debug-iphonesimulator/KanpanData.build/Objects-normal/arm64/KanpanData_const_extract_protocols.json (in target 'KanpanData' from project 'KanpanData')
    cd /Users/mdd/zhk/kanpan/KanpanData
    write-file /Users/mdd/zhk/kanpan/DerivedData-chart-foundation-ui/Build/Intermediates.noindex/KanpanData.build/Debug-iphonesimulator/KanpanData.build/Objects-normal/arm64/KanpanData_const_extract_protocols.json

WriteAuxiliaryFile /Users/mdd/zhk/kanpan/DerivedData-chart-foundation-ui/Build/Intermediates.noindex/KanpanData.build/Debug-iphonesimulator/KanpanData.build/Objects-normal/arm64/KanpanData.SwiftConstValuesFileList (in target 'KanpanData' from project 'KanpanData')
    cd /Users/mdd/zhk/kanpan/KanpanData
    write-file /Users/mdd/zhk/kanpan/DerivedData-chart-foundation-ui/Build/Intermediates.noindex/KanpanData.build/Debug-iphonesimulator/KanpanData.build/Objects-normal/arm64/KanpanData.SwiftConstValuesFileList

WriteAuxiliaryFile /Users/mdd/zhk/kanpan/DerivedData-chart-foundation-ui/Build/Intermediates.noindex/KanpanData.build/Debug-iphonesimulator/KanpanData.build/Objects-normal/arm64/KanpanData.LinkFileList (in target 'KanpanData' from project 'KanpanData')
    cd /Users/mdd/zhk/kanpan/KanpanData
    write-file /Users/mdd/zhk/kanpan/DerivedData-chart-foundation-ui/Build/Intermediates.noindex/KanpanData.build/Debug-iphonesimulator/KanpanData.build/Objects-normal/arm64/KanpanData.LinkFileList

WriteAuxiliaryFile /Users/mdd/zhk/kanpan/DerivedData-chart-foundation-ui/Build/Intermediates.noindex/KanpanData.build/Debug-iphonesimulator/KanpanData.build/Objects-normal/arm64/KanpanData-OutputFileMap.json (in target 'KanpanData' from project 'KanpanData')
    cd /Users/mdd/zhk/kanpan/KanpanData
    write-file /Users/mdd/zhk/kanpan/DerivedData-chart-foundation-ui/Build/Intermediates.noindex/KanpanData.build/Debug-iphonesimulator/KanpanData.build/Objects-normal/arm64/KanpanData-OutputFileMap.json

WriteAuxiliaryFile /Users/mdd/zhk/kanpan/DerivedData-chart-foundation-ui/Build/Intermediates.noindex/KanpanData.build/Debug-iphonesimulator/KanpanData.build/KanpanData.modulemap (in target 'KanpanData' from project 'KanpanData')
    cd /Users/mdd/zhk/kanpan/KanpanData
    write-file /Users/mdd/zhk/kanpan/DerivedData-chart-foundation-ui/Build/Intermediates.noindex/KanpanData.build/Debug-iphonesimulator/KanpanData.build/KanpanData.modulemap

WriteAuxiliaryFile /Users/mdd/zhk/kanpan/DerivedData-chart-foundation-ui/Build/Intermediates.noindex/KanpanData.build/Debug-iphonesimulator/KanpanData.build/KanpanData.DependencyStaticMetadataFileList (in target 'KanpanData' from project 'KanpanData')
    cd /Users/mdd/zhk/kanpan/KanpanData
    write-file /Users/mdd/zhk/kanpan/DerivedData-chart-foundation-ui/Build/Intermediates.noindex/KanpanData.build/Debug-iphonesimulator/KanpanData.build/KanpanData.DependencyStaticMetadataFileList

WriteAuxiliaryFile /Users/mdd/zhk/kanpan/DerivedData-chart-foundation-ui/Build/Intermediates.noindex/KanpanData.build/Debug-iphonesimulator/KanpanData.build/KanpanData.DependencyMetadataFileList (in target 'KanpanData' from project 'KanpanData')
    cd /Users/mdd/zhk/kanpan/KanpanData
    write-file /Users/mdd/zhk/kanpan/DerivedData-chart-foundation-ui/Build/Intermediates.noindex/KanpanData.build/Debug-iphonesimulator/KanpanData.build/KanpanData.DependencyMetadataFileList

WriteAuxiliaryFile /Users/mdd/zhk/kanpan/DerivedData-chart-foundation-ui/Build/Intermediates.noindex/KanpanCore.build/Debug-iphonesimulator/KanpanCore.build/Objects-normal/arm64/KanpanCore.SwiftFileList (in target 'KanpanCore' from project 'KanpanCore')
    cd /Users/mdd/zhk/kanpan/KanpanCore
    write-file /Users/mdd/zhk/kanpan/DerivedData-chart-foundation-ui/Build/Intermediates.noindex/KanpanCore.build/Debug-iphonesimulator/KanpanCore.build/Objects-normal/arm64/KanpanCore.SwiftFileList

WriteAuxiliaryFile /Users/mdd/zhk/kanpan/DerivedData-chart-foundation-ui/Build/Intermediates.noindex/KanpanCore.build/Debug-iphonesimulator/KanpanCore.build/Objects-normal/arm64/KanpanCore_const_extract_protocols.json (in target 'KanpanCore' from project 'KanpanCore')
    cd /Users/mdd/zhk/kanpan/KanpanCore
    write-file /Users/mdd/zhk/kanpan/DerivedData-chart-foundation-ui/Build/Intermediates.noindex/KanpanCore.build/Debug-iphonesimulator/KanpanCore.build/Objects-normal/arm64/KanpanCore_const_extract_protocols.json

WriteAuxiliaryFile /Users/mdd/zhk/kanpan/DerivedData-chart-foundation-ui/Build/Intermediates.noindex/KanpanCore.build/Debug-iphonesimulator/KanpanCore.build/Objects-normal/arm64/KanpanCore.SwiftConstValuesFileList (in target 'KanpanCore' from project 'KanpanCore')
    cd /Users/mdd/zhk/kanpan/KanpanCore
    write-file /Users/mdd/zhk/kanpan/DerivedData-chart-foundation-ui/Build/Intermediates.noindex/KanpanCore.build/Debug-iphonesimulator/KanpanCore.build/Objects-normal/arm64/KanpanCore.SwiftConstValuesFileList

WriteAuxiliaryFile /Users/mdd/zhk/kanpan/DerivedData-chart-foundation-ui/Build/Intermediates.noindex/KanpanCore.build/Debug-iphonesimulator/KanpanCore.build/Objects-normal/arm64/KanpanCore.LinkFileList (in target 'KanpanCore' from project 'KanpanCore')
    cd /Users/mdd/zhk/kanpan/KanpanCore
    write-file /Users/mdd/zhk/kanpan/DerivedData-chart-foundation-ui/Build/Intermediates.noindex/KanpanCore.build/Debug-iphonesimulator/KanpanCore.build/Objects-normal/arm64/KanpanCore.LinkFileList

WriteAuxiliaryFile /Users/mdd/zhk/kanpan/DerivedData-chart-foundation-ui/Build/Intermediates.noindex/KanpanCore.build/Debug-iphonesimulator/KanpanCore.build/Objects-normal/arm64/KanpanCore-OutputFileMap.json (in target 'KanpanCore' from project 'KanpanCore')
    cd /Users/mdd/zhk/kanpan/KanpanCore
    write-file /Users/mdd/zhk/kanpan/DerivedData-chart-foundation-ui/Build/Intermediates.noindex/KanpanCore.build/Debug-iphonesimulator/KanpanCore.build/Objects-normal/arm64/KanpanCore-OutputFileMap.json

WriteAuxiliaryFile /Users/mdd/zhk/kanpan/DerivedData-chart-foundation-ui/Build/Intermediates.noindex/KanpanCore.build/Debug-iphonesimulator/KanpanCore.build/KanpanCore.modulemap (in target 'KanpanCore' from project 'KanpanCore')
    cd /Users/mdd/zhk/kanpan/KanpanCore
    write-file /Users/mdd/zhk/kanpan/DerivedData-chart-foundation-ui/Build/Intermediates.noindex/KanpanCore.build/Debug-iphonesimulator/KanpanCore.build/KanpanCore.modulemap

WriteAuxiliaryFile /Users/mdd/zhk/kanpan/DerivedData-chart-foundation-ui/Build/Intermediates.noindex/KanpanCore.build/Debug-iphonesimulator/KanpanCore.build/KanpanCore.DependencyStaticMetadataFileList (in target 'KanpanCore' from project 'KanpanCore')
    cd /Users/mdd/zhk/kanpan/KanpanCore
    write-file /Users/mdd/zhk/kanpan/DerivedData-chart-foundation-ui/Build/Intermediates.noindex/KanpanCore.build/Debug-iphonesimulator/KanpanCore.build/KanpanCore.DependencyStaticMetadataFileList

WriteAuxiliaryFile /Users/mdd/zhk/kanpan/DerivedData-chart-foundation-ui/Build/Intermediates.noindex/KanpanCore.build/Debug-iphonesimulator/KanpanCore.build/KanpanCore.DependencyMetadataFileList (in target 'KanpanCore' from project 'KanpanCore')
    cd /Users/mdd/zhk/kanpan/KanpanCore
    write-file /Users/mdd/zhk/kanpan/DerivedData-chart-foundation-ui/Build/Intermediates.noindex/KanpanCore.build/Debug-iphonesimulator/KanpanCore.build/KanpanCore.DependencyMetadataFileList

WriteAuxiliaryFile /Users/mdd/zhk/kanpan/DerivedData-chart-foundation-ui/Build/Intermediates.noindex/KanpanChart.build/Debug-iphonesimulator/KanpanChart.build/KanpanChart.DependencyMetadataFileList (in target 'KanpanChart' from project 'KanpanChart')
    cd /Users/mdd/zhk/kanpan/KanpanChart
    write-file /Users/mdd/zhk/kanpan/DerivedData-chart-foundation-ui/Build/Intermediates.noindex/KanpanChart.build/Debug-iphonesimulator/KanpanChart.build/KanpanChart.DependencyMetadataFileList

Copy /Users/mdd/zhk/kanpan/DerivedData-chart-foundation-ui/Build/Intermediates.noindex/GeneratedModuleMaps-iphonesimulator/KanpanData.modulemap /Users/mdd/zhk/kanpan/DerivedData-chart-foundation-ui/Build/Intermediates.noindex/KanpanData.build/Debug-iphonesimulator/KanpanData.build/KanpanData.modulemap (in target 'KanpanData' from project 'KanpanData')
    cd /Users/mdd/zhk/kanpan/KanpanData
    builtin-copy -exclude .DS_Store -exclude CVS -exclude .svn -exclude .git -exclude .hg -resolve-src-symlinks /Users/mdd/zhk/kanpan/DerivedData-chart-foundation-ui/Build/Intermediates.noindex/KanpanData.build/Debug-iphonesimulator/KanpanData.build/KanpanData.modulemap /Users/mdd/zhk/kanpan/DerivedData-chart-foundation-ui/Build/Intermediates.noindex/GeneratedModuleMaps-iphonesimulator

Copy /Users/mdd/zhk/kanpan/DerivedData-chart-foundation-ui/Build/Intermediates.noindex/GeneratedModuleMaps-iphonesimulator/KanpanChart.modulemap /Users/mdd/zhk/kanpan/DerivedData-chart-foundation-ui/Build/Intermediates.noindex/KanpanChart.build/Debug-iphonesimulator/KanpanChart.build/KanpanChart.modulemap (in target 'KanpanChart' from project 'KanpanChart')
    cd /Users/mdd/zhk/kanpan/KanpanChart
    builtin-copy -exclude .DS_Store -exclude CVS -exclude .svn -exclude .git -exclude .hg -resolve-src-symlinks /Users/mdd/zhk/kanpan/DerivedData-chart-foundation-ui/Build/Intermediates.noindex/KanpanChart.build/Debug-iphonesimulator/KanpanChart.build/KanpanChart.modulemap /Users/mdd/zhk/kanpan/DerivedData-chart-foundation-ui/Build/Intermediates.noindex/GeneratedModuleMaps-iphonesimulator

WriteAuxiliaryFile /Users/mdd/zhk/kanpan/DerivedData-chart-foundation-ui/Build/Intermediates.noindex/Kanpan.build/Debug-iphonesimulator/Kanpan.build/Objects-normal/arm64/Kanpan.SwiftFileList (in target 'Kanpan' from project 'Kanpan')
    cd /Users/mdd/zhk/kanpan/Kanpan
    write-file /Users/mdd/zhk/kanpan/DerivedData-chart-foundation-ui/Build/Intermediates.noindex/Kanpan.build/Debug-iphonesimulator/Kanpan.build/Objects-normal/arm64/Kanpan.SwiftFileList

WriteAuxiliaryFile /Users/mdd/zhk/kanpan/DerivedData-chart-foundation-ui/Build/Intermediates.noindex/Kanpan.build/Debug-iphonesimulator/Kanpan.build/Objects-normal/arm64/Kanpan.SwiftConstValuesFileList (in target 'Kanpan' from project 'Kanpan')
    cd /Users/mdd/zhk/kanpan/Kanpan
    write-file /Users/mdd/zhk/kanpan/DerivedData-chart-foundation-ui/Build/Intermediates.noindex/Kanpan.build/Debug-iphonesimulator/Kanpan.build/Objects-normal/arm64/Kanpan.SwiftConstValuesFileList

WriteAuxiliaryFile /Users/mdd/zhk/kanpan/DerivedData-chart-foundation-ui/Build/Intermediates.noindex/Kanpan.build/Debug-iphonesimulator/Kanpan.build/Objects-normal/arm64/Kanpan.LinkFileList (in target 'Kanpan' from project 'Kanpan')
    cd /Users/mdd/zhk/kanpan/Kanpan
    write-file /Users/mdd/zhk/kanpan/DerivedData-chart-foundation-ui/Build/Intermediates.noindex/Kanpan.build/Debug-iphonesimulator/Kanpan.build/Objects-normal/arm64/Kanpan.LinkFileList

WriteAuxiliaryFile /Users/mdd/zhk/kanpan/DerivedData-chart-foundation-ui/Build/Intermediates.noindex/Kanpan.build/Debug-iphonesimulator/Kanpan.build/Objects-normal/arm64/Kanpan-OutputFileMap.json (in target 'Kanpan' from project 'Kanpan')
    cd /Users/mdd/zhk/kanpan/Kanpan
    write-file /Users/mdd/zhk/kanpan/DerivedData-chart-foundation-ui/Build/Intermediates.noindex/Kanpan.build/Debug-iphonesimulator/Kanpan.build/Objects-normal/arm64/Kanpan-OutputFileMap.json

Copy /Users/mdd/zhk/kanpan/DerivedData-chart-foundation-ui/Build/Intermediates.noindex/GeneratedModuleMaps-iphonesimulator/KanpanCore.modulemap /Users/mdd/zhk/kanpan/DerivedData-chart-foundation-ui/Build/Intermediates.noindex/KanpanCore.build/Debug-iphonesimulator/KanpanCore.build/KanpanCore.modulemap (in target 'KanpanCore' from project 'KanpanCore')
    cd /Users/mdd/zhk/kanpan/KanpanCore
    builtin-copy -exclude .DS_Store -exclude CVS -exclude .svn -exclude .git -exclude .hg -resolve-src-symlinks /Users/mdd/zhk/kanpan/DerivedData-chart-foundation-ui/Build/Intermediates.noindex/KanpanCore.build/Debug-iphonesimulator/KanpanCore.build/KanpanCore.modulemap /Users/mdd/zhk/kanpan/DerivedData-chart-foundation-ui/Build/Intermediates.noindex/GeneratedModuleMaps-iphonesimulator

WriteAuxiliaryFile /Users/mdd/zhk/kanpan/DerivedData-chart-foundation-ui/Build/Intermediates.noindex/Kanpan.build/Debug-iphonesimulator/Kanpan.build/Kanpan.hmap (in target 'Kanpan' from project 'Kanpan')
    cd /Users/mdd/zhk/kanpan/Kanpan
    write-file /Users/mdd/zhk/kanpan/DerivedData-chart-foundation-ui/Build/Intermediates.noindex/Kanpan.build/Debug-iphonesimulator/Kanpan.build/Kanpan.hmap

WriteAuxiliaryFile /Users/mdd/zhk/kanpan/DerivedData-chart-foundation-ui/Build/Intermediates.noindex/Kanpan.build/Debug-iphonesimulator/Kanpan.build/Kanpan.DependencyStaticMetadataFileList (in target 'Kanpan' from project 'Kanpan')
    cd /Users/mdd/zhk/kanpan/Kanpan
    write-file /Users/mdd/zhk/kanpan/DerivedData-chart-foundation-ui/Build/Intermediates.noindex/Kanpan.build/Debug-iphonesimulator/Kanpan.build/Kanpan.DependencyStaticMetadataFileList

WriteAuxiliaryFile /Users/mdd/zhk/kanpan/DerivedData-chart-foundation-ui/Build/Intermediates.noindex/Kanpan.build/Debug-iphonesimulator/Kanpan.build/Kanpan.DependencyMetadataFileList (in target 'Kanpan' from project 'Kanpan')
    cd /Users/mdd/zhk/kanpan/Kanpan
    write-file /Users/mdd/zhk/kanpan/DerivedData-chart-foundation-ui/Build/Intermediates.noindex/Kanpan.build/Debug-iphonesimulator/Kanpan.build/Kanpan.DependencyMetadataFileList

WriteAuxiliaryFile /Users/mdd/zhk/kanpan/DerivedData-chart-foundation-ui/Build/Intermediates.noindex/Kanpan.build/Debug-iphonesimulator/Kanpan.build/Kanpan-project-headers.hmap (in target 'Kanpan' from project 'Kanpan')
    cd /Users/mdd/zhk/kanpan/Kanpan
    write-file /Users/mdd/zhk/kanpan/DerivedData-chart-foundation-ui/Build/Intermediates.noindex/Kanpan.build/Debug-iphonesimulator/Kanpan.build/Kanpan-project-headers.hmap

WriteAuxiliaryFile /Users/mdd/zhk/kanpan/DerivedData-chart-foundation-ui/Build/Intermediates.noindex/Kanpan.build/Debug-iphonesimulator/Kanpan.build/Kanpan-own-target-headers.hmap (in target 'Kanpan' from project 'Kanpan')
    cd /Users/mdd/zhk/kanpan/Kanpan
    write-file /Users/mdd/zhk/kanpan/DerivedData-chart-foundation-ui/Build/Intermediates.noindex/Kanpan.build/Debug-iphonesimulator/Kanpan.build/Kanpan-own-target-headers.hmap

WriteAuxiliaryFile /Users/mdd/zhk/kanpan/DerivedData-chart-foundation-ui/Build/Intermediates.noindex/Kanpan.build/Debug-iphonesimulator/Kanpan.build/Kanpan-generated-files.hmap (in target 'Kanpan' from project 'Kanpan')
    cd /Users/mdd/zhk/kanpan/Kanpan
    write-file /Users/mdd/zhk/kanpan/DerivedData-chart-foundation-ui/Build/Intermediates.noindex/Kanpan.build/Debug-iphonesimulator/Kanpan.build/Kanpan-generated-files.hmap

WriteAuxiliaryFile /Users/mdd/zhk/kanpan/DerivedData-chart-foundation-ui/Build/Intermediates.noindex/Kanpan.build/Debug-iphonesimulator/Kanpan.build/Kanpan-all-target-headers.hmap (in target 'Kanpan' from project 'Kanpan')
    cd /Users/mdd/zhk/kanpan/Kanpan
    write-file /Users/mdd/zhk/kanpan/DerivedData-chart-foundation-ui/Build/Intermediates.noindex/Kanpan.build/Debug-iphonesimulator/Kanpan.build/Kanpan-all-target-headers.hmap

WriteAuxiliaryFile /Users/mdd/zhk/kanpan/DerivedData-chart-foundation-ui/Build/Intermediates.noindex/Kanpan.build/Debug-iphonesimulator/Kanpan.build/Kanpan-all-non-framework-target-headers.hmap (in target 'Kanpan' from project 'Kanpan')
    cd /Users/mdd/zhk/kanpan/Kanpan
    write-file /Users/mdd/zhk/kanpan/DerivedData-chart-foundation-ui/Build/Intermediates.noindex/Kanpan.build/Debug-iphonesimulator/Kanpan.build/Kanpan-all-non-framework-target-headers.hmap

WriteAuxiliaryFile /Users/mdd/zhk/kanpan/DerivedData-chart-foundation-ui/Build/Intermediates.noindex/Kanpan.build/Debug-iphonesimulator/Kanpan.build/Kanpan-DebugDylibPath-normal-arm64.txt (in target 'Kanpan' from project 'Kanpan')
    cd /Users/mdd/zhk/kanpan/Kanpan
    write-file /Users/mdd/zhk/kanpan/DerivedData-chart-foundation-ui/Build/Intermediates.noindex/Kanpan.build/Debug-iphonesimulator/Kanpan.build/Kanpan-DebugDylibPath-normal-arm64.txt

WriteAuxiliaryFile /Users/mdd/zhk/kanpan/DerivedData-chart-foundation-ui/Build/Intermediates.noindex/Kanpan.build/Debug-iphonesimulator/Kanpan.build/Kanpan-DebugDylibInstallName-normal-arm64.txt (in target 'Kanpan' from project 'Kanpan')
    cd /Users/mdd/zhk/kanpan/Kanpan
    write-file /Users/mdd/zhk/kanpan/DerivedData-chart-foundation-ui/Build/Intermediates.noindex/Kanpan.build/Debug-iphonesimulator/Kanpan.build/Kanpan-DebugDylibInstallName-normal-arm64.txt

WriteAuxiliaryFile /Users/mdd/zhk/kanpan/DerivedData-chart-foundation-ui/Build/Intermediates.noindex/Kanpan.build/Debug-iphonesimulator/Kanpan.build/DerivedSources/Entitlements-Simulated.plist (in target 'Kanpan' from project 'Kanpan')
    cd /Users/mdd/zhk/kanpan/Kanpan
    write-file /Users/mdd/zhk/kanpan/DerivedData-chart-foundation-ui/Build/Intermediates.noindex/Kanpan.build/Debug-iphonesimulator/Kanpan.build/DerivedSources/Entitlements-Simulated.plist

MkDir /Users/mdd/zhk/kanpan/DerivedData-chart-foundation-ui/Build/Products/Debug-iphonesimulator/KanpanUITests-Runner.app/PlugIns/KanpanUITests.xctest (in target 'KanpanUITests' from project 'Kanpan')
    cd /Users/mdd/zhk/kanpan/Kanpan
    /bin/mkdir -p /Users/mdd/zhk/kanpan/DerivedData-chart-foundation-ui/Build/Products/Debug-iphonesimulator/KanpanUITests-Runner.app/PlugIns/KanpanUITests.xctest

MkDir /Users/mdd/zhk/kanpan/DerivedData-chart-foundation-ui/Build/Products/Debug-iphonesimulator/Kanpan.app (in target 'Kanpan' from project 'Kanpan')
    cd /Users/mdd/zhk/kanpan/Kanpan
    /bin/mkdir -p /Users/mdd/zhk/kanpan/DerivedData-chart-foundation-ui/Build/Products/Debug-iphonesimulator/Kanpan.app

SwiftDriver KanpanCore normal arm64 com.apple.xcode.tools.swift.compiler (in target 'KanpanCore' from project 'KanpanCore')
    cd /Users/mdd/zhk/kanpan
    builtin-SwiftDriver -- /Applications/Xcode.app/Contents/Developer/Toolchains/XcodeDefault.xctoolchain/usr/bin/swiftc -module-name KanpanCore -Onone @/Users/mdd/zhk/kanpan/DerivedData-chart-foundation-ui/Build/Intermediates.noindex/KanpanCore.build/Debug-iphonesimulator/KanpanCore.build/Objects-normal/arm64/KanpanCore.SwiftFileList -DSWIFT_PACKAGE -DDEBUG -DSWIFT_MODULE_RESOURCE_BUNDLE_UNAVAILABLE -DXcode -plugin-path /Applications/Xcode.app/Contents/Developer/Toolchains/XcodeDefault.xctoolchain/usr/lib/swift/host/plugins/testing -enable-experimental-feature DebugDescriptionMacro -sdk /Applications/Xcode.app/Contents/Developer/Platforms/iPhoneSimulator.platform/Developer/SDKs/iPhoneSimulator26.5.sdk -target arm64-apple-ios17.0-simulator -g -module-cache-path /Users/mdd/zhk/kanpan/DerivedData-chart-foundation-ui/ModuleCache.noindex -Xfrontend -serialize-debugging-options -enable-testing -suppress-warnings -index-store-path /Users/mdd/zhk/kanpan/DerivedData-chart-foundation-ui/Index.noindex/DataStore -Xcc -D_LIBCPP_HARDENING_MODE\=_LIBCPP_HARDENING_MODE_DEBUG -swift-version 6 -I /Users/mdd/zhk/kanpan/DerivedData-chart-foundation-ui/Build/Products/Debug-iphonesimulator -Isystem /Applications/Xcode.app/Contents/Developer/Platforms/iPhoneSimulator.platform/Developer/usr/lib -F /Users/mdd/zhk/kanpan/DerivedData-chart-foundation-ui/Build/Products/Debug-iphonesimulator -F /Applications/Xcode.app/Contents/Developer/Platforms/iPhoneSimulator.platform/Developer/Library/Frameworks -F /Applications/Xcode.app/Contents/Developer/Platforms/iPhoneSimulator.platform/Developer/SDKs/iPhoneSimulator26.5.sdk/Developer/Library/Frameworks -c -j10 -enable-batch-mode -incremental -Xcc -ivfsstatcache -Xcc /Users/mdd/zhk/kanpan/DerivedData-chart-foundation-ui/SDKStatCaches.noindex/iphonesimulator26.5-23F81a-6cfe768891a92b912361537c460fe42b.sdkstatcache -output-file-map /Users/mdd/zhk/kanpan/DerivedData-chart-foundation-ui/Build/Intermediates.noindex/KanpanCore.build/Debug-iphonesimulator/KanpanCore.build/Objects-normal/arm64/KanpanCore-OutputFileMap.json -use-frontend-parseable-output -save-temps -no-color-diagnostics -explicit-module-build -module-cache-path /Users/mdd/zhk/kanpan/DerivedData-chart-foundation-ui/Build/Intermediates.noindex/SwiftExplicitPrecompiledModules -clang-scanner-module-cache-path /Users/mdd/zhk/kanpan/DerivedData-chart-foundation-ui/ModuleCache.noindex -sdk-module-cache-path /Users/mdd/zhk/kanpan/DerivedData-chart-foundation-ui/ModuleCache.noindex -serialize-diagnostics -emit-dependencies -emit-module -emit-module-path /Users/mdd/zhk/kanpan/DerivedData-chart-foundation-ui/Build/Intermediates.noindex/KanpanCore.build/Debug-iphonesimulator/KanpanCore.build/Objects-normal/arm64/KanpanCore.swiftmodule -validate-clang-modules-once -clang-build-session-file /Users/mdd/zhk/kanpan/DerivedData-chart-foundation-ui/ModuleCache.noindex/Session.modulevalidation -package-name kanpancore -Xcc -I/Users/mdd/zhk/kanpan/DerivedData-chart-foundation-ui/Build/Intermediates.noindex/KanpanCore.build/Debug-iphonesimulator/KanpanCore.build/swift-overrides.hmap -emit-const-values -Xfrontend -const-gather-protocols-file -Xfrontend /Users/mdd/zhk/kanpan/DerivedData-chart-foundation-ui/Build/Intermediates.noindex/KanpanCore.build/Debug-iphonesimulator/KanpanCore.build/Objects-normal/arm64/KanpanCore_const_extract_protocols.json -Xcc -I/Users/mdd/zhk/kanpan/DerivedData-chart-foundation-ui/Build/Products/Debug-iphonesimulator/include -Xcc -I/Users/mdd/zhk/kanpan/DerivedData-chart-foundation-ui/Build/Intermediates.noindex/KanpanCore.build/Debug-iphonesimulator/KanpanCore.build/DerivedSources-normal/arm64 -Xcc -I/Users/mdd/zhk/kanpan/DerivedData-chart-foundation-ui/Build/Intermediates.noindex/KanpanCore.build/Debug-iphonesimulator/KanpanCore.build/DerivedSources/arm64 -Xcc -I/Users/mdd/zhk/kanpan/DerivedData-chart-foundation-ui/Build/Intermediates.noindex/KanpanCore.build/Debug-iphonesimulator/KanpanCore.build/DerivedSources -Xcc -DSWIFT_PACKAGE -Xcc -DDEBUG\=1 -emit-objc-header -emit-objc-header-path /Users/mdd/zhk/kanpan/DerivedData-chart-foundation-ui/Build/Intermediates.noindex/KanpanCore.build/Debug-iphonesimulator/KanpanCore.build/Objects-normal/arm64/KanpanCore-Swift.h -working-directory /Users/mdd/zhk/kanpan -experimental-emit-module-separately -disable-cmo

SwiftExplicitDependencyGeneratePcm arm64 /Users/mdd/zhk/kanpan/DerivedData-chart-foundation-ui/ModuleCache.noindex/_Builtin_stdbool-36E7ACYG084JAIB2ZCVNVD881.pcm

SwiftExplicitDependencyGeneratePcm arm64 /Users/mdd/zhk/kanpan/DerivedData-chart-foundation-ui/ModuleCache.noindex/_Builtin_stddef-C240DC7KUSJPZ5I6RMSMUZ6WI.pcm

SwiftExplicitDependencyGeneratePcm arm64 /Users/mdd/zhk/kanpan/DerivedData-chart-foundation-ui/ModuleCache.noindex/_Builtin_stdarg-54ZE76PVY26JXHPTMHCJGSLS0.pcm

SwiftExplicitDependencyGeneratePcm arm64 /Users/mdd/zhk/kanpan/DerivedData-chart-foundation-ui/ModuleCache.noindex/_SwiftConcurrencyShims-7GH6GMGUMAYRRMIOJ2QYYITYM.pcm

SwiftExplicitDependencyGeneratePcm arm64 /Users/mdd/zhk/kanpan/DerivedData-chart-foundation-ui/ModuleCache.noindex/SwiftShims-DGPK421GVW8FRQSA5R5FN2634.pcm

SwiftExplicitDependencyGeneratePcm arm64 /Users/mdd/zhk/kanpan/DerivedData-chart-foundation-ui/ModuleCache.noindex/_AvailabilityInternal-68NFT7Q404XCKDEIY2X2LVWG3.pcm

SwiftExplicitDependencyGeneratePcm arm64 /Users/mdd/zhk/kanpan/DerivedData-chart-foundation-ui/ModuleCache.noindex/ptrauth-EI58JWB2X1X4BDBCOG0Z266DO.pcm

SwiftExplicitDependencyGeneratePcm arm64 /Users/mdd/zhk/kanpan/DerivedData-chart-foundation-ui/ModuleCache.noindex/ptrcheck-DVGZAR5OGT0VRQZYYJ2AIORIJ.pcm

SwiftExplicitDependencyGeneratePcm arm64 /Users/mdd/zhk/kanpan/DerivedData-chart-foundation-ui/ModuleCache.noindex/_Builtin_float-98ZCYG71M0VXY1UXREK9RG87Y.pcm

SwiftExplicitDependencyGeneratePcm arm64 /Users/mdd/zhk/kanpan/DerivedData-chart-foundation-ui/ModuleCache.noindex/_DarwinFoundation1-76AK8BFDY5A6ZPJXNNFYP4AUT.pcm

SwiftExplicitDependencyGeneratePcm arm64 /Users/mdd/zhk/kanpan/DerivedData-chart-foundation-ui/ModuleCache.noindex/_DarwinFoundation2-3RLI88OSSZ1A3BJI864ESUZMB.pcm

SwiftExplicitDependencyGeneratePcm arm64 /Users/mdd/zhk/kanpan/DerivedData-chart-foundation-ui/ModuleCache.noindex/_Builtin_limits-640Z9GWUROJF5HIGKWYN0NHZR.pcm

SwiftExplicitDependencyGeneratePcm arm64 /Users/mdd/zhk/kanpan/DerivedData-chart-foundation-ui/ModuleCache.noindex/sys_types-2BGH54SKH0ITW8J3672ICL9SM.pcm

SwiftExplicitDependencyGeneratePcm arm64 /Users/mdd/zhk/kanpan/DerivedData-chart-foundation-ui/ModuleCache.noindex/_Builtin_stdint-44TCZYI025CRBXW3O6BE6J5V2.pcm

SwiftExplicitDependencyGeneratePcm arm64 /Users/mdd/zhk/kanpan/DerivedData-chart-foundation-ui/ModuleCache.noindex/_DarwinFoundation3-AWYZ8DNQJXDP6V71451E6Q3QM.pcm

SwiftExplicitDependencyGeneratePcm arm64 /Users/mdd/zhk/kanpan/DerivedData-chart-foundation-ui/ModuleCache.noindex/_Builtin_inttypes-F4N6AJ8VNAD9RVS7SM7BDOG9R.pcm

SwiftExplicitDependencyGeneratePcm arm64 /Users/mdd/zhk/kanpan/DerivedData-chart-foundation-ui/ModuleCache.noindex/Darwin-D9KNWHD2SEWPP4XZ8FY1RGAYE.pcm

SwiftExplicitDependencyGeneratePcm arm64 /Users/mdd/zhk/kanpan/DerivedData-chart-foundation-ui/ModuleCache.noindex/ObjectiveC-2NIUH2L3JBGF7WR88GDGHA7P2.pcm

SwiftExplicitDependencyGeneratePcm arm64 /Users/mdd/zhk/kanpan/DerivedData-chart-foundation-ui/ModuleCache.noindex/os_object-AOMBDHR6DQASWF9K1YC4M41QC.pcm

SwiftExplicitDependencyGeneratePcm arm64 /Users/mdd/zhk/kanpan/DerivedData-chart-foundation-ui/ModuleCache.noindex/os_workgroup-9L1RA8RL9IF8XDEOI5RLK5IAO.pcm

SwiftExplicitDependencyGeneratePcm arm64 /Users/mdd/zhk/kanpan/DerivedData-chart-foundation-ui/ModuleCache.noindex/Dispatch-AWU75GBA0OQYHP2Q1YUFBMTSR.pcm

SwiftExplicitDependencyGeneratePcm arm64 /Users/mdd/zhk/kanpan/DerivedData-chart-foundation-ui/ModuleCache.noindex/XPC-983MQRH4VN4MOKWVDVBQ9OJM7.pcm

SwiftExplicitDependencyGeneratePcm arm64 /Users/mdd/zhk/kanpan/DerivedData-chart-foundation-ui/ModuleCache.noindex/CoreFoundation-7STHDK2P8KZFI1344SIIEIEEP.pcm

SwiftExplicitDependencyGeneratePcm arm64 /Users/mdd/zhk/kanpan/DerivedData-chart-foundation-ui/ModuleCache.noindex/CFNetwork-EZ96RGKR88IVDD2GUHH6NBP3R.pcm

SwiftExplicitDependencyGeneratePcm arm64 /Users/mdd/zhk/kanpan/DerivedData-chart-foundation-ui/ModuleCache.noindex/Security-49I9LZMQ902TOUD50NHW6C3D9.pcm

SwiftExplicitDependencyGeneratePcm arm64 /Users/mdd/zhk/kanpan/DerivedData-chart-foundation-ui/ModuleCache.noindex/Foundation-6Y0HF0TVF8R0JYQVQ80K8JCED.pcm

SwiftCompile normal arm64 Compiling\ IncrementalLines.swift,\ IndicatorEngine.swift,\ IndicatorID.swift /Users/mdd/zhk/kanpan/KanpanCore/Sources/KanpanCore/Indicator/IncrementalLines.swift /Users/mdd/zhk/kanpan/KanpanCore/Sources/KanpanCore/Indicator/IndicatorEngine.swift /Users/mdd/zhk/kanpan/KanpanCore/Sources/KanpanCore/Indicator/IndicatorID.swift (in target 'KanpanCore' from project 'KanpanCore')

SwiftCompile normal arm64 /Users/mdd/zhk/kanpan/KanpanCore/Sources/KanpanCore/Indicator/IncrementalLines.swift (in target 'KanpanCore' from project 'KanpanCore')
    cd /Users/mdd/zhk/kanpan
    

SwiftCompile normal arm64 /Users/mdd/zhk/kanpan/KanpanCore/Sources/KanpanCore/Indicator/IndicatorEngine.swift (in target 'KanpanCore' from project 'KanpanCore')
    cd /Users/mdd/zhk/kanpan
    

SwiftCompile normal arm64 /Users/mdd/zhk/kanpan/KanpanCore/Sources/KanpanCore/Indicator/IndicatorID.swift (in target 'KanpanCore' from project 'KanpanCore')
    cd /Users/mdd/zhk/kanpan
    

SwiftEmitModule normal arm64 Emitting\ module\ for\ KanpanCore (in target 'KanpanCore' from project 'KanpanCore')

EmitSwiftModule normal arm64 (in target 'KanpanCore' from project 'KanpanCore')
    cd /Users/mdd/zhk/kanpan
    

SwiftCompile normal arm64 Compiling\ CandleStyle.swift,\ Palette.swift /Users/mdd/zhk/kanpan/KanpanCore/Sources/KanpanCore/Style/CandleStyle.swift /Users/mdd/zhk/kanpan/KanpanCore/Sources/KanpanCore/Style/Palette.swift (in target 'KanpanCore' from project 'KanpanCore')
SwiftCompile normal arm64 /Users/mdd/zhk/kanpan/KanpanCore/Sources/KanpanCore/Style/CandleStyle.swift (in target 'KanpanCore' from project 'KanpanCore')
    cd /Users/mdd/zhk/kanpan
    

SwiftCompile normal arm64 /Users/mdd/zhk/kanpan/KanpanCore/Sources/KanpanCore/Style/Palette.swift (in target 'KanpanCore' from project 'KanpanCore')
    cd /Users/mdd/zhk/kanpan
    

SwiftCompile normal arm64 Compiling\ Interval.swift,\ SymbolInfo.swift /Users/mdd/zhk/kanpan/KanpanCore/Sources/KanpanCore/Model/Interval.swift /Users/mdd/zhk/kanpan/KanpanCore/Sources/KanpanCore/Model/SymbolInfo.swift (in target 'KanpanCore' from project 'KanpanCore')
SwiftCompile normal arm64 /Users/mdd/zhk/kanpan/KanpanCore/Sources/KanpanCore/Model/Interval.swift (in target 'KanpanCore' from project 'KanpanCore')
    cd /Users/mdd/zhk/kanpan
    

SwiftCompile normal arm64 /Users/mdd/zhk/kanpan/KanpanCore/Sources/KanpanCore/Model/SymbolInfo.swift (in target 'KanpanCore' from project 'KanpanCore')
    cd /Users/mdd/zhk/kanpan
    

SwiftCompile normal arm64 Compiling\ Fling.swift,\ Layout.swift,\ PriceScale.swift /Users/mdd/zhk/kanpan/KanpanCore/Sources/KanpanCore/Geometry/Fling.swift /Users/mdd/zhk/kanpan/KanpanCore/Sources/KanpanCore/Geometry/Layout.swift /Users/mdd/zhk/kanpan/KanpanCore/Sources/KanpanCore/Geometry/PriceScale.swift (in target 'KanpanCore' from project 'KanpanCore')

SwiftCompile normal arm64 /Users/mdd/zhk/kanpan/KanpanCore/Sources/KanpanCore/Geometry/Fling.swift (in target 'KanpanCore' from project 'KanpanCore')
    cd /Users/mdd/zhk/kanpan
    

SwiftCompile normal arm64 /Users/mdd/zhk/kanpan/KanpanCore/Sources/KanpanCore/Geometry/Layout.swift (in target 'KanpanCore' from project 'KanpanCore')
    cd /Users/mdd/zhk/kanpan
    

SwiftCompile normal arm64 /Users/mdd/zhk/kanpan/KanpanCore/Sources/KanpanCore/Geometry/PriceScale.swift (in target 'KanpanCore' from project 'KanpanCore')
    cd /Users/mdd/zhk/kanpan
    

SwiftCompile normal arm64 Compiling\ CandleWidths.swift,\ Clamp.swift,\ Constants.swift /Users/mdd/zhk/kanpan/KanpanCore/Sources/KanpanCore/Geometry/CandleWidths.swift /Users/mdd/zhk/kanpan/KanpanCore/Sources/KanpanCore/Geometry/Clamp.swift /Users/mdd/zhk/kanpan/KanpanCore/Sources/KanpanCore/Geometry/Constants.swift (in target 'KanpanCore' from project 'KanpanCore')

SwiftCompile normal arm64 /Users/mdd/zhk/kanpan/KanpanCore/Sources/KanpanCore/Geometry/CandleWidths.swift (in target 'KanpanCore' from project 'KanpanCore')
    cd /Users/mdd/zhk/kanpan
    

SwiftCompile normal arm64 /Users/mdd/zhk/kanpan/KanpanCore/Sources/KanpanCore/Geometry/Clamp.swift (in target 'KanpanCore' from project 'KanpanCore')
    cd /Users/mdd/zhk/kanpan
    

SwiftCompile normal arm64 /Users/mdd/zhk/kanpan/KanpanCore/Sources/KanpanCore/Geometry/Constants.swift (in target 'KanpanCore' from project 'KanpanCore')
    cd /Users/mdd/zhk/kanpan
    

SwiftCompile normal arm64 Compiling\ Ticks.swift,\ ViewTransition.swift,\ ViewWindow.swift /Users/mdd/zhk/kanpan/KanpanCore/Sources/KanpanCore/Geometry/Ticks.swift /Users/mdd/zhk/kanpan/KanpanCore/Sources/KanpanCore/Geometry/ViewTransition.swift /Users/mdd/zhk/kanpan/KanpanCore/Sources/KanpanCore/Geometry/ViewWindow.swift (in target 'KanpanCore' from project 'KanpanCore')
SwiftCompile normal arm64 /Users/mdd/zhk/kanpan/KanpanCore/Sources/KanpanCore/Geometry/Ticks.swift (in target 'KanpanCore' from project 'KanpanCore')
    cd /Users/mdd/zhk/kanpan
    

SwiftCompile normal arm64 /Users/mdd/zhk/kanpan/KanpanCore/Sources/KanpanCore/Geometry/ViewTransition.swift (in target 'KanpanCore' from project 'KanpanCore')
    cd /Users/mdd/zhk/kanpan
    

SwiftCompile normal arm64 /Users/mdd/zhk/kanpan/KanpanCore/Sources/KanpanCore/Geometry/ViewWindow.swift (in target 'KanpanCore' from project 'KanpanCore')
    cd /Users/mdd/zhk/kanpan
    

SwiftCompile normal arm64 Compiling\ AICoinBehavior.swift,\ ChartOptions.swift,\ DrawEdit.swift /Users/mdd/zhk/kanpan/KanpanCore/Sources/KanpanCore/Chart/AICoinBehavior.swift /Users/mdd/zhk/kanpan/KanpanCore/Sources/KanpanCore/Chart/ChartOptions.swift /Users/mdd/zhk/kanpan/KanpanCore/Sources/KanpanCore/Drawing/DrawEdit.swift (in target 'KanpanCore' from project 'KanpanCore')

SwiftCompile normal arm64 /Users/mdd/zhk/kanpan/KanpanCore/Sources/KanpanCore/Chart/AICoinBehavior.swift (in target 'KanpanCore' from project 'KanpanCore')
    cd /Users/mdd/zhk/kanpan
    

SwiftCompile normal arm64 /Users/mdd/zhk/kanpan/KanpanCore/Sources/KanpanCore/Chart/ChartOptions.swift (in target 'KanpanCore' from project 'KanpanCore')
    cd /Users/mdd/zhk/kanpan
    

SwiftCompile normal arm64 /Users/mdd/zhk/kanpan/KanpanCore/Sources/KanpanCore/Drawing/DrawEdit.swift (in target 'KanpanCore' from project 'KanpanCore')
    cd /Users/mdd/zhk/kanpan
    

SwiftCompile normal arm64 Compiling\ Bar.swift,\ BarSeries.swift,\ HeikinAshi.swift /Users/mdd/zhk/kanpan/KanpanCore/Sources/KanpanCore/Model/Bar.swift /Users/mdd/zhk/kanpan/KanpanCore/Sources/KanpanCore/Model/BarSeries.swift /Users/mdd/zhk/kanpan/KanpanCore/Sources/KanpanCore/Model/HeikinAshi.swift (in target 'KanpanCore' from project 'KanpanCore')

SwiftCompile normal arm64 /Users/mdd/zhk/kanpan/KanpanCore/Sources/KanpanCore/Model/Bar.swift (in target 'KanpanCore' from project 'KanpanCore')
    cd /Users/mdd/zhk/kanpan
    

SwiftCompile normal arm64 /Users/mdd/zhk/kanpan/KanpanCore/Sources/KanpanCore/Model/BarSeries.swift (in target 'KanpanCore' from project 'KanpanCore')
    cd /Users/mdd/zhk/kanpan
    

SwiftCompile normal arm64 /Users/mdd/zhk/kanpan/KanpanCore/Sources/KanpanCore/Model/HeikinAshi.swift (in target 'KanpanCore' from project 'KanpanCore')
    cd /Users/mdd/zhk/kanpan
    

SwiftCompile normal arm64 Compiling\ Indicators.swift,\ Math.swift,\ Aggregator.swift /Users/mdd/zhk/kanpan/KanpanCore/Sources/KanpanCore/Indicator/Indicators.swift /Users/mdd/zhk/kanpan/KanpanCore/Sources/KanpanCore/Indicator/Math.swift /Users/mdd/zhk/kanpan/KanpanCore/Sources/KanpanCore/Model/Aggregator.swift (in target 'KanpanCore' from project 'KanpanCore')

SwiftCompile normal arm64 /Users/mdd/zhk/kanpan/KanpanCore/Sources/KanpanCore/Indicator/Indicators.swift (in target 'KanpanCore' from project 'KanpanCore')
    cd /Users/mdd/zhk/kanpan
    

SwiftCompile normal arm64 /Users/mdd/zhk/kanpan/KanpanCore/Sources/KanpanCore/Indicator/Math.swift (in target 'KanpanCore' from project 'KanpanCore')
    cd /Users/mdd/zhk/kanpan
    

SwiftCompile normal arm64 /Users/mdd/zhk/kanpan/KanpanCore/Sources/KanpanCore/Model/Aggregator.swift (in target 'KanpanCore' from project 'KanpanCore')
    cd /Users/mdd/zhk/kanpan
    

SwiftCompile normal arm64 Compiling\ DrawStore.swift,\ Drawing.swift,\ Format.swift /Users/mdd/zhk/kanpan/KanpanCore/Sources/KanpanCore/Drawing/DrawStore.swift /Users/mdd/zhk/kanpan/KanpanCore/Sources/KanpanCore/Drawing/Drawing.swift /Users/mdd/zhk/kanpan/KanpanCore/Sources/KanpanCore/Format/Format.swift (in target 'KanpanCore' from project 'KanpanCore')

SwiftCompile normal arm64 /Users/mdd/zhk/kanpan/KanpanCore/Sources/KanpanCore/Drawing/DrawStore.swift (in target 'KanpanCore' from project 'KanpanCore')
    cd /Users/mdd/zhk/kanpan
    

SwiftCompile normal arm64 /Users/mdd/zhk/kanpan/KanpanCore/Sources/KanpanCore/Drawing/Drawing.swift (in target 'KanpanCore' from project 'KanpanCore')
    cd /Users/mdd/zhk/kanpan
    

SwiftCompile normal arm64 /Users/mdd/zhk/kanpan/KanpanCore/Sources/KanpanCore/Format/Format.swift (in target 'KanpanCore' from project 'KanpanCore')
    cd /Users/mdd/zhk/kanpan
    

SwiftDriverJobDiscovery normal arm64 Emitting module for KanpanCore (in target 'KanpanCore' from project 'KanpanCore')

SwiftDriver\ Compilation\ Requirements KanpanCore normal arm64 com.apple.xcode.tools.swift.compiler (in target 'KanpanCore' from project 'KanpanCore')
    cd /Users/mdd/zhk/kanpan
    builtin-Swift-Compilation-Requirements -- /Applications/Xcode.app/Contents/Developer/Toolchains/XcodeDefault.xctoolchain/usr/bin/swiftc -module-name KanpanCore -Onone @/Users/mdd/zhk/kanpan/DerivedData-chart-foundation-ui/Build/Intermediates.noindex/KanpanCore.build/Debug-iphonesimulator/KanpanCore.build/Objects-normal/arm64/KanpanCore.SwiftFileList -DSWIFT_PACKAGE -DDEBUG -DSWIFT_MODULE_RESOURCE_BUNDLE_UNAVAILABLE -DXcode -plugin-path /Applications/Xcode.app/Contents/Developer/Toolchains/XcodeDefault.xctoolchain/usr/lib/swift/host/plugins/testing -enable-experimental-feature DebugDescriptionMacro -sdk /Applications/Xcode.app/Contents/Developer/Platforms/iPhoneSimulator.platform/Developer/SDKs/iPhoneSimulator26.5.sdk -target arm64-apple-ios17.0-simulator -g -module-cache-path /Users/mdd/zhk/kanpan/DerivedData-chart-foundation-ui/ModuleCache.noindex -Xfrontend -serialize-debugging-options -enable-testing -suppress-warnings -index-store-path /Users/mdd/zhk/kanpan/DerivedData-chart-foundation-ui/Index.noindex/DataStore -Xcc -D_LIBCPP_HARDENING_MODE\=_LIBCPP_HARDENING_MODE_DEBUG -swift-version 6 -I /Users/mdd/zhk/kanpan/DerivedData-chart-foundation-ui/Build/Products/Debug-iphonesimulator -Isystem /Applications/Xcode.app/Contents/Developer/Platforms/iPhoneSimulator.platform/Developer/usr/lib -F /Users/mdd/zhk/kanpan/DerivedData-chart-foundation-ui/Build/Products/Debug-iphonesimulator -F /Applications/Xcode.app/Contents/Developer/Platforms/iPhoneSimulator.platform/Developer/Library/Frameworks -F /Applications/Xcode.app/Contents/Developer/Platforms/iPhoneSimulator.platform/Developer/SDKs/iPhoneSimulator26.5.sdk/Developer/Library/Frameworks -c -j10 -enable-batch-mode -incremental -Xcc -ivfsstatcache -Xcc /Users/mdd/zhk/kanpan/DerivedData-chart-foundation-ui/SDKStatCaches.noindex/iphonesimulator26.5-23F81a-6cfe768891a92b912361537c460fe42b.sdkstatcache -output-file-map /Users/mdd/zhk/kanpan/DerivedData-chart-foundation-ui/Build/Intermediates.noindex/KanpanCore.build/Debug-iphonesimulator/KanpanCore.build/Objects-normal/arm64/KanpanCore-OutputFileMap.json -use-frontend-parseable-output -save-temps -no-color-diagnostics -explicit-module-build -module-cache-path /Users/mdd/zhk/kanpan/DerivedData-chart-foundation-ui/Build/Intermediates.noindex/SwiftExplicitPrecompiledModules -clang-scanner-module-cache-path /Users/mdd/zhk/kanpan/DerivedData-chart-foundation-ui/ModuleCache.noindex -sdk-module-cache-path /Users/mdd/zhk/kanpan/DerivedData-chart-foundation-ui/ModuleCache.noindex -serialize-diagnostics -emit-dependencies -emit-module -emit-module-path /Users/mdd/zhk/kanpan/DerivedData-chart-foundation-ui/Build/Intermediates.noindex/KanpanCore.build/Debug-iphonesimulator/KanpanCore.build/Objects-normal/arm64/KanpanCore.swiftmodule -validate-clang-modules-once -clang-build-session-file /Users/mdd/zhk/kanpan/DerivedData-chart-foundation-ui/ModuleCache.noindex/Session.modulevalidation -package-name kanpancore -Xcc -I/Users/mdd/zhk/kanpan/DerivedData-chart-foundation-ui/Build/Intermediates.noindex/KanpanCore.build/Debug-iphonesimulator/KanpanCore.build/swift-overrides.hmap -emit-const-values -Xfrontend -const-gather-protocols-file -Xfrontend /Users/mdd/zhk/kanpan/DerivedData-chart-foundation-ui/Build/Intermediates.noindex/KanpanCore.build/Debug-iphonesimulator/KanpanCore.build/Objects-normal/arm64/KanpanCore_const_extract_protocols.json -Xcc -I/Users/mdd/zhk/kanpan/DerivedData-chart-foundation-ui/Build/Products/Debug-iphonesimulator/include -Xcc -I/Users/mdd/zhk/kanpan/DerivedData-chart-foundation-ui/Build/Intermediates.noindex/KanpanCore.build/Debug-iphonesimulator/KanpanCore.build/DerivedSources-normal/arm64 -Xcc -I/Users/mdd/zhk/kanpan/DerivedData-chart-foundation-ui/Build/Intermediates.noindex/KanpanCore.build/Debug-iphonesimulator/KanpanCore.build/DerivedSources/arm64 -Xcc -I/Users/mdd/zhk/kanpan/DerivedData-chart-foundation-ui/Build/Intermediates.noindex/KanpanCore.build/Debug-iphonesimulator/KanpanCore.build/DerivedSources -Xcc -DSWIFT_PACKAGE -Xcc -DDEBUG\=1 -emit-objc-header -emit-objc-header-path /Users/mdd/zhk/kanpan/DerivedData-chart-foundation-ui/Build/Intermediates.noindex/KanpanCore.build/Debug-iphonesimulator/KanpanCore.build/Objects-normal/arm64/KanpanCore-Swift.h -working-directory /Users/mdd/zhk/kanpan -experimental-emit-module-separately -disable-cmo

SwiftDriverJobDiscovery normal arm64 Compiling IncrementalLines.swift, IndicatorEngine.swift, IndicatorID.swift (in target 'KanpanCore' from project 'KanpanCore')

SwiftDriverJobDiscovery normal arm64 Compiling DrawStore.swift, Drawing.swift, Format.swift (in target 'KanpanCore' from project 'KanpanCore')

SwiftDriverJobDiscovery normal arm64 Compiling Fling.swift, Layout.swift, PriceScale.swift (in target 'KanpanCore' from project 'KanpanCore')

SwiftDriverJobDiscovery normal arm64 Compiling CandleStyle.swift, Palette.swift (in target 'KanpanCore' from project 'KanpanCore')

SwiftDriverJobDiscovery normal arm64 Compiling CandleWidths.swift, Clamp.swift, Constants.swift (in target 'KanpanCore' from project 'KanpanCore')

SwiftDriverJobDiscovery normal arm64 Compiling Bar.swift, BarSeries.swift, HeikinAshi.swift (in target 'KanpanCore' from project 'KanpanCore')

SwiftDriverJobDiscovery normal arm64 Compiling Interval.swift, SymbolInfo.swift (in target 'KanpanCore' from project 'KanpanCore')

SwiftDriverJobDiscovery normal arm64 Compiling AICoinBehavior.swift, ChartOptions.swift, DrawEdit.swift (in target 'KanpanCore' from project 'KanpanCore')

SwiftMergeGeneratedHeaders /Users/mdd/zhk/kanpan/DerivedData-chart-foundation-ui/Build/Intermediates.noindex/GeneratedModuleMaps-iphonesimulator/KanpanCore-Swift.h /Users/mdd/zhk/kanpan/DerivedData-chart-foundation-ui/Build/Intermediates.noindex/KanpanCore.build/Debug-iphonesimulator/KanpanCore.build/Objects-normal/arm64/KanpanCore-Swift.h (in target 'KanpanCore' from project 'KanpanCore')
    cd /Users/mdd/zhk/kanpan/KanpanCore
    builtin-swiftHeaderTool -arch arm64 /Users/mdd/zhk/kanpan/DerivedData-chart-foundation-ui/Build/Intermediates.noindex/KanpanCore.build/Debug-iphonesimulator/KanpanCore.build/Objects-normal/arm64/KanpanCore-Swift.h -o /Users/mdd/zhk/kanpan/DerivedData-chart-foundation-ui/Build/Intermediates.noindex/GeneratedModuleMaps-iphonesimulator/KanpanCore-Swift.h

SwiftDriverJobDiscovery normal arm64 Compiling Indicators.swift, Math.swift, Aggregator.swift (in target 'KanpanCore' from project 'KanpanCore')

SwiftDriverJobDiscovery normal arm64 Compiling Ticks.swift, ViewTransition.swift, ViewWindow.swift (in target 'KanpanCore' from project 'KanpanCore')

SwiftDriver\ Compilation KanpanCore normal arm64 com.apple.xcode.tools.swift.compiler (in target 'KanpanCore' from project 'KanpanCore')
    cd /Users/mdd/zhk/kanpan
    builtin-Swift-Compilation -- /Applications/Xcode.app/Contents/Developer/Toolchains/XcodeDefault.xctoolchain/usr/bin/swiftc -module-name KanpanCore -Onone @/Users/mdd/zhk/kanpan/DerivedData-chart-foundation-ui/Build/Intermediates.noindex/KanpanCore.build/Debug-iphonesimulator/KanpanCore.build/Objects-normal/arm64/KanpanCore.SwiftFileList -DSWIFT_PACKAGE -DDEBUG -DSWIFT_MODULE_RESOURCE_BUNDLE_UNAVAILABLE -DXcode -plugin-path /Applications/Xcode.app/Contents/Developer/Toolchains/XcodeDefault.xctoolchain/usr/lib/swift/host/plugins/testing -enable-experimental-feature DebugDescriptionMacro -sdk /Applications/Xcode.app/Contents/Developer/Platforms/iPhoneSimulator.platform/Developer/SDKs/iPhoneSimulator26.5.sdk -target arm64-apple-ios17.0-simulator -g -module-cache-path /Users/mdd/zhk/kanpan/DerivedData-chart-foundation-ui/ModuleCache.noindex -Xfrontend -serialize-debugging-options -enable-testing -suppress-warnings -index-store-path /Users/mdd/zhk/kanpan/DerivedData-chart-foundation-ui/Index.noindex/DataStore -Xcc -D_LIBCPP_HARDENING_MODE\=_LIBCPP_HARDENING_MODE_DEBUG -swift-version 6 -I /Users/mdd/zhk/kanpan/DerivedData-chart-foundation-ui/Build/Products/Debug-iphonesimulator -Isystem /Applications/Xcode.app/Contents/Developer/Platforms/iPhoneSimulator.platform/Developer/usr/lib -F /Users/mdd/zhk/kanpan/DerivedData-chart-foundation-ui/Build/Products/Debug-iphonesimulator -F /Applications/Xcode.app/Contents/Developer/Platforms/iPhoneSimulator.platform/Developer/Library/Frameworks -F /Applications/Xcode.app/Contents/Developer/Platforms/iPhoneSimulator.platform/Developer/SDKs/iPhoneSimulator26.5.sdk/Developer/Library/Frameworks -c -j10 -enable-batch-mode -incremental -Xcc -ivfsstatcache -Xcc /Users/mdd/zhk/kanpan/DerivedData-chart-foundation-ui/SDKStatCaches.noindex/iphonesimulator26.5-23F81a-6cfe768891a92b912361537c460fe42b.sdkstatcache -output-file-map /Users/mdd/zhk/kanpan/DerivedData-chart-foundation-ui/Build/Intermediates.noindex/KanpanCore.build/Debug-iphonesimulator/KanpanCore.build/Objects-normal/arm64/KanpanCore-OutputFileMap.json -use-frontend-parseable-output -save-temps -no-color-diagnostics -explicit-module-build -module-cache-path /Users/mdd/zhk/kanpan/DerivedData-chart-foundation-ui/Build/Intermediates.noindex/SwiftExplicitPrecompiledModules -clang-scanner-module-cache-path /Users/mdd/zhk/kanpan/DerivedData-chart-foundation-ui/ModuleCache.noindex -sdk-module-cache-path /Users/mdd/zhk/kanpan/DerivedData-chart-foundation-ui/ModuleCache.noindex -serialize-diagnostics -emit-dependencies -emit-module -emit-module-path /Users/mdd/zhk/kanpan/DerivedData-chart-foundation-ui/Build/Intermediates.noindex/KanpanCore.build/Debug-iphonesimulator/KanpanCore.build/Objects-normal/arm64/KanpanCore.swiftmodule -validate-clang-modules-once -clang-build-session-file /Users/mdd/zhk/kanpan/DerivedData-chart-foundation-ui/ModuleCache.noindex/Session.modulevalidation -package-name kanpancore -Xcc -I/Users/mdd/zhk/kanpan/DerivedData-chart-foundation-ui/Build/Intermediates.noindex/KanpanCore.build/Debug-iphonesimulator/KanpanCore.build/swift-overrides.hmap -emit-const-values -Xfrontend -const-gather-protocols-file -Xfrontend /Users/mdd/zhk/kanpan/DerivedData-chart-foundation-ui/Build/Intermediates.noindex/KanpanCore.build/Debug-iphonesimulator/KanpanCore.build/Objects-normal/arm64/KanpanCore_const_extract_protocols.json -Xcc -I/Users/mdd/zhk/kanpan/DerivedData-chart-foundation-ui/Build/Products/Debug-iphonesimulator/include -Xcc -I/Users/mdd/zhk/kanpan/DerivedData-chart-foundation-ui/Build/Intermediates.noindex/KanpanCore.build/Debug-iphonesimulator/KanpanCore.build/DerivedSources-normal/arm64 -Xcc -I/Users/mdd/zhk/kanpan/DerivedData-chart-foundation-ui/Build/Intermediates.noindex/KanpanCore.build/Debug-iphonesimulator/KanpanCore.build/DerivedSources/arm64 -Xcc -I/Users/mdd/zhk/kanpan/DerivedData-chart-foundation-ui/Build/Intermediates.noindex/KanpanCore.build/Debug-iphonesimulator/KanpanCore.build/DerivedSources -Xcc -DSWIFT_PACKAGE -Xcc -DDEBUG\=1 -emit-objc-header -emit-objc-header-path /Users/mdd/zhk/kanpan/DerivedData-chart-foundation-ui/Build/Intermediates.noindex/KanpanCore.build/Debug-iphonesimulator/KanpanCore.build/Objects-normal/arm64/KanpanCore-Swift.h -working-directory /Users/mdd/zhk/kanpan -experimental-emit-module-separately -disable-cmo

Copy /Users/mdd/zhk/kanpan/DerivedData-chart-foundation-ui/Build/Products/Debug-iphonesimulator/KanpanCore.swiftmodule/arm64-apple-ios-simulator.swiftdoc /Users/mdd/zhk/kanpan/DerivedData-chart-foundation-ui/Build/Intermediates.noindex/KanpanCore.build/Debug-iphonesimulator/KanpanCore.build/Objects-normal/arm64/KanpanCore.swiftdoc (in target 'KanpanCore' from project 'KanpanCore')
    cd /Users/mdd/zhk/kanpan/KanpanCore
    builtin-copy -exclude .DS_Store -exclude CVS -exclude .svn -exclude .git -exclude .hg -resolve-src-symlinks -rename /Users/mdd/zhk/kanpan/DerivedData-chart-foundation-ui/Build/Intermediates.noindex/KanpanCore.build/Debug-iphonesimulator/KanpanCore.build/Objects-normal/arm64/KanpanCore.swiftdoc /Users/mdd/zhk/kanpan/DerivedData-chart-foundation-ui/Build/Products/Debug-iphonesimulator/KanpanCore.swiftmodule/arm64-apple-ios-simulator.swiftdoc

Copy /Users/mdd/zhk/kanpan/DerivedData-chart-foundation-ui/Build/Products/Debug-iphonesimulator/KanpanCore.swiftmodule/arm64-apple-ios-simulator.abi.json /Users/mdd/zhk/kanpan/DerivedData-chart-foundation-ui/Build/Intermediates.noindex/KanpanCore.build/Debug-iphonesimulator/KanpanCore.build/Objects-normal/arm64/KanpanCore.abi.json (in target 'KanpanCore' from project 'KanpanCore')
    cd /Users/mdd/zhk/kanpan/KanpanCore
    builtin-copy -exclude .DS_Store -exclude CVS -exclude .svn -exclude .git -exclude .hg -resolve-src-symlinks -rename /Users/mdd/zhk/kanpan/DerivedData-chart-foundation-ui/Build/Intermediates.noindex/KanpanCore.build/Debug-iphonesimulator/KanpanCore.build/Objects-normal/arm64/KanpanCore.abi.json /Users/mdd/zhk/kanpan/DerivedData-chart-foundation-ui/Build/Products/Debug-iphonesimulator/KanpanCore.swiftmodule/arm64-apple-ios-simulator.abi.json

Copy /Users/mdd/zhk/kanpan/DerivedData-chart-foundation-ui/Build/Products/Debug-iphonesimulator/KanpanCore.swiftmodule/arm64-apple-ios-simulator.swiftmodule /Users/mdd/zhk/kanpan/DerivedData-chart-foundation-ui/Build/Intermediates.noindex/KanpanCore.build/Debug-iphonesimulator/KanpanCore.build/Objects-normal/arm64/KanpanCore.swiftmodule (in target 'KanpanCore' from project 'KanpanCore')
    cd /Users/mdd/zhk/kanpan/KanpanCore
    builtin-copy -exclude .DS_Store -exclude CVS -exclude .svn -exclude .git -exclude .hg -resolve-src-symlinks -rename /Users/mdd/zhk/kanpan/DerivedData-chart-foundation-ui/Build/Intermediates.noindex/KanpanCore.build/Debug-iphonesimulator/KanpanCore.build/Objects-normal/arm64/KanpanCore.swiftmodule /Users/mdd/zhk/kanpan/DerivedData-chart-foundation-ui/Build/Products/Debug-iphonesimulator/KanpanCore.swiftmodule/arm64-apple-ios-simulator.swiftmodule

Copy /Users/mdd/zhk/kanpan/DerivedData-chart-foundation-ui/Build/Products/Debug-iphonesimulator/KanpanCore.swiftmodule/Project/arm64-apple-ios-simulator.swiftsourceinfo /Users/mdd/zhk/kanpan/DerivedData-chart-foundation-ui/Build/Intermediates.noindex/KanpanCore.build/Debug-iphonesimulator/KanpanCore.build/Objects-normal/arm64/KanpanCore.swiftsourceinfo (in target 'KanpanCore' from project 'KanpanCore')
    cd /Users/mdd/zhk/kanpan/KanpanCore
    builtin-copy -exclude .DS_Store -exclude CVS -exclude .svn -exclude .git -exclude .hg -resolve-src-symlinks -rename /Users/mdd/zhk/kanpan/DerivedData-chart-foundation-ui/Build/Intermediates.noindex/KanpanCore.build/Debug-iphonesimulator/KanpanCore.build/Objects-normal/arm64/KanpanCore.swiftsourceinfo /Users/mdd/zhk/kanpan/DerivedData-chart-foundation-ui/Build/Products/Debug-iphonesimulator/KanpanCore.swiftmodule/Project/arm64-apple-ios-simulator.swiftsourceinfo

Ld /Users/mdd/zhk/kanpan/DerivedData-chart-foundation-ui/Build/Products/Debug-iphonesimulator/KanpanCore.o normal (in target 'KanpanCore' from project 'KanpanCore')
    cd /Users/mdd/zhk/kanpan/KanpanCore
    /Applications/Xcode.app/Contents/Developer/Toolchains/XcodeDefault.xctoolchain/usr/bin/clang -Xlinker -reproducible -target arm64-apple-ios17.0-simulator -r -isysroot /Applications/Xcode.app/Contents/Developer/Platforms/iPhoneSimulator.platform/Developer/SDKs/iPhoneSimulator26.5.sdk -O0 -w -F/Users/mdd/zhk/kanpan/DerivedData-chart-foundation-ui/Build/Intermediates.noindex/EagerLinkingTBDs/Debug-iphonesimulator -F/Users/mdd/zhk/kanpan/DerivedData-chart-foundation-ui/Build/Products/Debug-iphonesimulator -iframework /Applications/Xcode.app/Contents/Developer/Platforms/iPhoneSimulator.platform/Developer/Library/Frameworks -iframework /Applications/Xcode.app/Contents/Developer/Platforms/iPhoneSimulator.platform/Developer/SDKs/iPhoneSimulator26.5.sdk/Developer/Library/Frameworks -filelist /Users/mdd/zhk/kanpan/DerivedData-chart-foundation-ui/Build/Intermediates.noindex/KanpanCore.build/Debug-iphonesimulator/KanpanCore.build/Objects-normal/arm64/KanpanCore.LinkFileList -nostdlib -Xlinker -object_path_lto -Xlinker /Users/mdd/zhk/kanpan/DerivedData-chart-foundation-ui/Build/Intermediates.noindex/KanpanCore.build/Debug-iphonesimulator/KanpanCore.build/Objects-normal/arm64/KanpanCore_lto.o -Xlinker -no_deduplicate -Xlinker -objc_abi_version -Xlinker 2 -Xlinker -dependency_info -Xlinker /Users/mdd/zhk/kanpan/DerivedData-chart-foundation-ui/Build/Intermediates.noindex/KanpanCore.build/Debug-iphonesimulator/KanpanCore.build/Objects-normal/arm64/KanpanCore_dependency_info.dat -fobjc-link-runtime -L/Applications/Xcode.app/Contents/Developer/Toolchains/XcodeDefault.xctoolchain/usr/lib/swift/iphonesimulator -L/usr/lib/swift -Xlinker -add_ast_path -Xlinker /Users/mdd/zhk/kanpan/DerivedData-chart-foundation-ui/Build/Intermediates.noindex/KanpanCore.build/Debug-iphonesimulator/KanpanCore.build/Objects-normal/arm64/KanpanCore.swiftmodule @/Users/mdd/zhk/kanpan/DerivedData-chart-foundation-ui/Build/Intermediates.noindex/KanpanCore.build/Debug-iphonesimulator/KanpanCore.build/Objects-normal/arm64/KanpanCore-linker-args.resp -o /Users/mdd/zhk/kanpan/DerivedData-chart-foundation-ui/Build/Products/Debug-iphonesimulator/KanpanCore.o

SwiftDriver KanpanData normal arm64 com.apple.xcode.tools.swift.compiler (in target 'KanpanData' from project 'KanpanData')
    cd /Users/mdd/zhk/kanpan
    builtin-SwiftDriver -- /Applications/Xcode.app/Contents/Developer/Toolchains/XcodeDefault.xctoolchain/usr/bin/swiftc -module-name KanpanData -Onone @/Users/mdd/zhk/kanpan/DerivedData-chart-foundation-ui/Build/Intermediates.noindex/KanpanData.build/Debug-iphonesimulator/KanpanData.build/Objects-normal/arm64/KanpanData.SwiftFileList -DSWIFT_PACKAGE -DDEBUG -DSWIFT_MODULE_RESOURCE_BUNDLE_UNAVAILABLE -DXcode -plugin-path /Applications/Xcode.app/Contents/Developer/Toolchains/XcodeDefault.xctoolchain/usr/lib/swift/host/plugins/testing -enable-experimental-feature DebugDescriptionMacro -sdk /Applications/Xcode.app/Contents/Developer/Platforms/iPhoneSimulator.platform/Developer/SDKs/iPhoneSimulator26.5.sdk -target arm64-apple-ios17.0-simulator -g -module-cache-path /Users/mdd/zhk/kanpan/DerivedData-chart-foundation-ui/ModuleCache.noindex -Xfrontend -serialize-debugging-options -enable-testing -suppress-warnings -index-store-path /Users/mdd/zhk/kanpan/DerivedData-chart-foundation-ui/Index.noindex/DataStore -Xcc -D_LIBCPP_HARDENING_MODE\=_LIBCPP_HARDENING_MODE_DEBUG -swift-version 6 -I /Users/mdd/zhk/kanpan/DerivedData-chart-foundation-ui/Build/Products/Debug-iphonesimulator -Isystem /Applications/Xcode.app/Contents/Developer/Platforms/iPhoneSimulator.platform/Developer/usr/lib -F /Users/mdd/zhk/kanpan/DerivedData-chart-foundation-ui/Build/Products/Debug-iphonesimulator/PackageFrameworks -F /Users/mdd/zhk/kanpan/DerivedData-chart-foundation-ui/Build/Products/Debug-iphonesimulator -F /Applications/Xcode.app/Contents/Developer/Platforms/iPhoneSimulator.platform/Developer/Library/Frameworks -F /Applications/Xcode.app/Contents/Developer/Platforms/iPhoneSimulator.platform/Developer/SDKs/iPhoneSimulator26.5.sdk/Developer/Library/Frameworks -c -j10 -enable-batch-mode -incremental -Xcc -ivfsstatcache -Xcc /Users/mdd/zhk/kanpan/DerivedData-chart-foundation-ui/SDKStatCaches.noindex/iphonesimulator26.5-23F81a-6cfe768891a92b912361537c460fe42b.sdkstatcache -output-file-map /Users/mdd/zhk/kanpan/DerivedData-chart-foundation-ui/Build/Intermediates.noindex/KanpanData.build/Debug-iphonesimulator/KanpanData.build/Objects-normal/arm64/KanpanData-OutputFileMap.json -use-frontend-parseable-output -save-temps -no-color-diagnostics -explicit-module-build -module-cache-path /Users/mdd/zhk/kanpan/DerivedData-chart-foundation-ui/Build/Intermediates.noindex/SwiftExplicitPrecompiledModules -clang-scanner-module-cache-path /Users/mdd/zhk/kanpan/DerivedData-chart-foundation-ui/ModuleCache.noindex -sdk-module-cache-path /Users/mdd/zhk/kanpan/DerivedData-chart-foundation-ui/ModuleCache.noindex -serialize-diagnostics -emit-dependencies -emit-module -emit-module-path /Users/mdd/zhk/kanpan/DerivedData-chart-foundation-ui/Build/Intermediates.noindex/KanpanData.build/Debug-iphonesimulator/KanpanData.build/Objects-normal/arm64/KanpanData.swiftmodule -validate-clang-modules-once -clang-build-session-file /Users/mdd/zhk/kanpan/DerivedData-chart-foundation-ui/ModuleCache.noindex/Session.modulevalidation -package-name kanpandata -Xcc -I/Users/mdd/zhk/kanpan/DerivedData-chart-foundation-ui/Build/Intermediates.noindex/KanpanData.build/Debug-iphonesimulator/KanpanData.build/swift-overrides.hmap -emit-const-values -Xfrontend -const-gather-protocols-file -Xfrontend /Users/mdd/zhk/kanpan/DerivedData-chart-foundation-ui/Build/Intermediates.noindex/KanpanData.build/Debug-iphonesimulator/KanpanData.build/Objects-normal/arm64/KanpanData_const_extract_protocols.json -Xcc -I/Users/mdd/zhk/kanpan/DerivedData-chart-foundation-ui/Build/Products/Debug-iphonesimulator/include -Xcc -I/Users/mdd/zhk/kanpan/DerivedData-chart-foundation-ui/Build/Intermediates.noindex/KanpanData.build/Debug-iphonesimulator/KanpanData.build/DerivedSources-normal/arm64 -Xcc -I/Users/mdd/zhk/kanpan/DerivedData-chart-foundation-ui/Build/Intermediates.noindex/KanpanData.build/Debug-iphonesimulator/KanpanData.build/DerivedSources/arm64 -Xcc -I/Users/mdd/zhk/kanpan/DerivedData-chart-foundation-ui/Build/Intermediates.noindex/KanpanData.build/Debug-iphonesimulator/KanpanData.build/DerivedSources -Xcc -DSWIFT_PACKAGE -Xcc -DDEBUG\=1 -emit-objc-header -emit-objc-header-path /Users/mdd/zhk/kanpan/DerivedData-chart-foundation-ui/Build/Intermediates.noindex/KanpanData.build/Debug-iphonesimulator/KanpanData.build/Objects-normal/arm64/KanpanData-Swift.h -working-directory /Users/mdd/zhk/kanpan -experimental-emit-module-separately -disable-cmo

SwiftDriver KanpanChart normal arm64 com.apple.xcode.tools.swift.compiler (in target 'KanpanChart' from project 'KanpanChart')
    cd /Users/mdd/zhk/kanpan
    builtin-SwiftDriver -- /Applications/Xcode.app/Contents/Developer/Toolchains/XcodeDefault.xctoolchain/usr/bin/swiftc -module-name KanpanChart -Onone @/Users/mdd/zhk/kanpan/DerivedData-chart-foundation-ui/Build/Intermediates.noindex/KanpanChart.build/Debug-iphonesimulator/KanpanChart.build/Objects-normal/arm64/KanpanChart.SwiftFileList -DSWIFT_PACKAGE -DDEBUG -DSWIFT_MODULE_RESOURCE_BUNDLE_UNAVAILABLE -DXcode -plugin-path /Applications/Xcode.app/Contents/Developer/Toolchains/XcodeDefault.xctoolchain/usr/lib/swift/host/plugins/testing -enable-experimental-feature DebugDescriptionMacro -sdk /Applications/Xcode.app/Contents/Developer/Platforms/iPhoneSimulator.platform/Developer/SDKs/iPhoneSimulator26.5.sdk -target arm64-apple-ios17.0-simulator -g -module-cache-path /Users/mdd/zhk/kanpan/DerivedData-chart-foundation-ui/ModuleCache.noindex -Xfrontend -serialize-debugging-options -enable-testing -suppress-warnings -index-store-path /Users/mdd/zhk/kanpan/DerivedData-chart-foundation-ui/Index.noindex/DataStore -Xcc -D_LIBCPP_HARDENING_MODE\=_LIBCPP_HARDENING_MODE_DEBUG -swift-version 6 -I /Users/mdd/zhk/kanpan/DerivedData-chart-foundation-ui/Build/Products/Debug-iphonesimulator -Isystem /Applications/Xcode.app/Contents/Developer/Platforms/iPhoneSimulator.platform/Developer/usr/lib -F /Users/mdd/zhk/kanpan/DerivedData-chart-foundation-ui/Build/Products/Debug-iphonesimulator/PackageFrameworks -F /Users/mdd/zhk/kanpan/DerivedData-chart-foundation-ui/Build/Products/Debug-iphonesimulator -F /Applications/Xcode.app/Contents/Developer/Platforms/iPhoneSimulator.platform/Developer/Library/Frameworks -F /Applications/Xcode.app/Contents/Developer/Platforms/iPhoneSimulator.platform/Developer/SDKs/iPhoneSimulator26.5.sdk/Developer/Library/Frameworks -c -j10 -enable-batch-mode -incremental -Xcc -ivfsstatcache -Xcc /Users/mdd/zhk/kanpan/DerivedData-chart-foundation-ui/SDKStatCaches.noindex/iphonesimulator26.5-23F81a-6cfe768891a92b912361537c460fe42b.sdkstatcache -output-file-map /Users/mdd/zhk/kanpan/DerivedData-chart-foundation-ui/Build/Intermediates.noindex/KanpanChart.build/Debug-iphonesimulator/KanpanChart.build/Objects-normal/arm64/KanpanChart-OutputFileMap.json -use-frontend-parseable-output -save-temps -no-color-diagnostics -explicit-module-build -module-cache-path /Users/mdd/zhk/kanpan/DerivedData-chart-foundation-ui/Build/Intermediates.noindex/SwiftExplicitPrecompiledModules -clang-scanner-module-cache-path /Users/mdd/zhk/kanpan/DerivedData-chart-foundation-ui/ModuleCache.noindex -sdk-module-cache-path /Users/mdd/zhk/kanpan/DerivedData-chart-foundation-ui/ModuleCache.noindex -serialize-diagnostics -emit-dependencies -emit-module -emit-module-path /Users/mdd/zhk/kanpan/DerivedData-chart-foundation-ui/Build/Intermediates.noindex/KanpanChart.build/Debug-iphonesimulator/KanpanChart.build/Objects-normal/arm64/KanpanChart.swiftmodule -validate-clang-modules-once -clang-build-session-file /Users/mdd/zhk/kanpan/DerivedData-chart-foundation-ui/ModuleCache.noindex/Session.modulevalidation -package-name kanpanchart -Xcc -I/Users/mdd/zhk/kanpan/DerivedData-chart-foundation-ui/Build/Intermediates.noindex/KanpanChart.build/Debug-iphonesimulator/KanpanChart.build/swift-overrides.hmap -emit-const-values -Xfrontend -const-gather-protocols-file -Xfrontend /Users/mdd/zhk/kanpan/DerivedData-chart-foundation-ui/Build/Intermediates.noindex/KanpanChart.build/Debug-iphonesimulator/KanpanChart.build/Objects-normal/arm64/KanpanChart_const_extract_protocols.json -Xcc -I/Users/mdd/zhk/kanpan/DerivedData-chart-foundation-ui/Build/Products/Debug-iphonesimulator/include -Xcc -I/Users/mdd/zhk/kanpan/DerivedData-chart-foundation-ui/Build/Intermediates.noindex/KanpanChart.build/Debug-iphonesimulator/KanpanChart.build/DerivedSources-normal/arm64 -Xcc -I/Users/mdd/zhk/kanpan/DerivedData-chart-foundation-ui/Build/Intermediates.noindex/KanpanChart.build/Debug-iphonesimulator/KanpanChart.build/DerivedSources/arm64 -Xcc -I/Users/mdd/zhk/kanpan/DerivedData-chart-foundation-ui/Build/Intermediates.noindex/KanpanChart.build/Debug-iphonesimulator/KanpanChart.build/DerivedSources -Xcc -DSWIFT_PACKAGE -Xcc -DDEBUG\=1 -emit-objc-header -emit-objc-header-path /Users/mdd/zhk/kanpan/DerivedData-chart-foundation-ui/Build/Intermediates.noindex/KanpanChart.build/Debug-iphonesimulator/KanpanChart.build/Objects-normal/arm64/KanpanChart-Swift.h -working-directory /Users/mdd/zhk/kanpan -experimental-emit-module-separately -disable-cmo

ExtractAppIntentsMetadata (in target 'KanpanCore' from project 'KanpanCore')
    cd /Users/mdd/zhk/kanpan/KanpanCore
    /Applications/Xcode.app/Contents/Developer/Toolchains/XcodeDefault.xctoolchain/usr/bin/appintentsmetadataprocessor --toolchain-dir /Applications/Xcode.app/Contents/Developer/Toolchains/XcodeDefault.xctoolchain --module-name KanpanCore --sdk-root /Applications/Xcode.app/Contents/Developer/Platforms/iPhoneSimulator.platform/Developer/SDKs/iPhoneSimulator26.5.sdk --xcode-version 17F113 --platform-family iOS --deployment-target 17.0 --bundle-identifier kanpancore.KanpanCore --output /Users/mdd/zhk/kanpan/DerivedData-chart-foundation-ui/Build/Products/Debug-iphonesimulator/KanpanCore.appintents --target-triple arm64-apple-ios17.0-simulator --binary-file /Users/mdd/zhk/kanpan/DerivedData-chart-foundation-ui/Build/Products/Debug-iphonesimulator/KanpanCore.o --dependency-file /Users/mdd/zhk/kanpan/DerivedData-chart-foundation-ui/Build/Intermediates.noindex/KanpanCore.build/Debug-iphonesimulator/KanpanCore.build/Objects-normal/arm64/KanpanCore_dependency_info.dat --stringsdata-file /Users/mdd/zhk/kanpan/DerivedData-chart-foundation-ui/Build/Intermediates.noindex/KanpanCore.build/Debug-iphonesimulator/KanpanCore.build/Objects-normal/arm64/ExtractedAppShortcutsMetadata.stringsdata --source-file-list /Users/mdd/zhk/kanpan/DerivedData-chart-foundation-ui/Build/Intermediates.noindex/KanpanCore.build/Debug-iphonesimulator/KanpanCore.build/Objects-normal/arm64/KanpanCore.SwiftFileList --metadata-file-list /Users/mdd/zhk/kanpan/DerivedData-chart-foundation-ui/Build/Intermediates.noindex/KanpanCore.build/Debug-iphonesimulator/KanpanCore.build/KanpanCore.DependencyMetadataFileList --static-metadata-file-list /Users/mdd/zhk/kanpan/DerivedData-chart-foundation-ui/Build/Intermediates.noindex/KanpanCore.build/Debug-iphonesimulator/KanpanCore.build/KanpanCore.DependencyStaticMetadataFileList --swift-const-vals-list /Users/mdd/zhk/kanpan/DerivedData-chart-foundation-ui/Build/Intermediates.noindex/KanpanCore.build/Debug-iphonesimulator/KanpanCore.build/Objects-normal/arm64/KanpanCore.SwiftConstValuesFileList --force --compile-time-extraction --deployment-aware-processing --validate-assistant-intents --no-app-shortcuts-localization
2026-09-14 23:41:17.624 appintentsmetadataprocessor[87635:31631214] Starting appintentsmetadataprocessor export
2026-09-14 23:41:17.677 appintentsmetadataprocessor[87635:31631214] Extracted no relevant App Intents symbols, skipping writing output

RegisterExecutionPolicyException /Users/mdd/zhk/kanpan/DerivedData-chart-foundation-ui/Build/Products/Debug-iphonesimulator/KanpanCore.o (in target 'KanpanCore' from project 'KanpanCore')
    cd /Users/mdd/zhk/kanpan/KanpanCore
    builtin-RegisterExecutionPolicyException /Users/mdd/zhk/kanpan/DerivedData-chart-foundation-ui/Build/Products/Debug-iphonesimulator/KanpanCore.o

SwiftExplicitDependencyGeneratePcm arm64 /Users/mdd/zhk/kanpan/DerivedData-chart-foundation-ui/ModuleCache.noindex/Compression-RH995ASH5UIHRMDWBC7T70NS.pcm

SwiftEmitModule normal arm64 Emitting\ module\ for\ KanpanData (in target 'KanpanData' from project 'KanpanData')

EmitSwiftModule normal arm64 (in target 'KanpanData' from project 'KanpanData')
    cd /Users/mdd/zhk/kanpan
    

SwiftCompile normal arm64 Compiling\ HTTPTransport.swift,\ Pacer.swift /Users/mdd/zhk/kanpan/KanpanData/Sources/KanpanData/Binance/HTTPTransport.swift /Users/mdd/zhk/kanpan/KanpanData/Sources/KanpanData/Binance/Pacer.swift (in target 'KanpanData' from project 'KanpanData')

SwiftCompile normal arm64 /Users/mdd/zhk/kanpan/KanpanData/Sources/KanpanData/Binance/HTTPTransport.swift (in target 'KanpanData' from project 'KanpanData')
    cd /Users/mdd/zhk/kanpan
    

SwiftCompile normal arm64 /Users/mdd/zhk/kanpan/KanpanData/Sources/KanpanData/Binance/Pacer.swift (in target 'KanpanData' from project 'KanpanData')
    cd /Users/mdd/zhk/kanpan
    

SwiftCompile normal arm64 Compiling\ OISource.swift,\ BarCache.swift /Users/mdd/zhk/kanpan/KanpanData/Sources/KanpanData/Feed/OISource.swift /Users/mdd/zhk/kanpan/KanpanData/Sources/KanpanData/Store/BarCache.swift (in target 'KanpanData' from project 'KanpanData')
SwiftCompile normal arm64 /Users/mdd/zhk/kanpan/KanpanData/Sources/KanpanData/Feed/OISource.swift (in target 'KanpanData' from project 'KanpanData')
    cd /Users/mdd/zhk/kanpan
    

SwiftCompile normal arm64 /Users/mdd/zhk/kanpan/KanpanData/Sources/KanpanData/Store/BarCache.swift (in target 'KanpanData' from project 'KanpanData')
    cd /Users/mdd/zhk/kanpan
    

SwiftCompile normal arm64 Compiling\ Paths.swift,\ Snapshot.swift /Users/mdd/zhk/kanpan/KanpanData/Sources/KanpanData/Store/Paths.swift /Users/mdd/zhk/kanpan/KanpanData/Sources/KanpanData/Store/Snapshot.swift (in target 'KanpanData' from project 'KanpanData')
SwiftCompile normal arm64 /Users/mdd/zhk/kanpan/KanpanData/Sources/KanpanData/Store/Paths.swift (in target 'KanpanData' from project 'KanpanData')
    cd /Users/mdd/zhk/kanpan
    

SwiftCompile normal arm64 /Users/mdd/zhk/kanpan/KanpanData/Sources/KanpanData/Store/Snapshot.swift (in target 'KanpanData' from project 'KanpanData')
    cd /Users/mdd/zhk/kanpan
    

SwiftCompile normal arm64 Compiling\ FeedComposer.swift,\ MarketFeed.swift /Users/mdd/zhk/kanpan/KanpanData/Sources/KanpanData/Feed/FeedComposer.swift /Users/mdd/zhk/kanpan/KanpanData/Sources/KanpanData/Feed/MarketFeed.swift (in target 'KanpanData' from project 'KanpanData')
SwiftCompile normal arm64 /Users/mdd/zhk/kanpan/KanpanData/Sources/KanpanData/Feed/FeedComposer.swift (in target 'KanpanData' from project 'KanpanData')
    cd /Users/mdd/zhk/kanpan
    

SwiftCompile normal arm64 /Users/mdd/zhk/kanpan/KanpanData/Sources/KanpanData/Feed/MarketFeed.swift (in target 'KanpanData' from project 'KanpanData')
    cd /Users/mdd/zhk/kanpan
    

SwiftCompile normal arm64 Compiling\ OIArchive.swift,\ OIStore.swift /Users/mdd/zhk/kanpan/KanpanData/Sources/KanpanData/Store/OIArchive.swift /Users/mdd/zhk/kanpan/KanpanData/Sources/KanpanData/Store/OIStore.swift (in target 'KanpanData' from project 'KanpanData')

SwiftCompile normal arm64 /Users/mdd/zhk/kanpan/KanpanData/Sources/KanpanData/Store/OIArchive.swift (in target 'KanpanData' from project 'KanpanData')
    cd /Users/mdd/zhk/kanpan
    

SwiftCompile normal arm64 /Users/mdd/zhk/kanpan/KanpanData/Sources/KanpanData/Store/OIStore.swift (in target 'KanpanData' from project 'KanpanData')
    cd /Users/mdd/zhk/kanpan
    

SwiftCompile normal arm64 Compiling\ RESTClient.swift,\ RateLimiter.swift /Users/mdd/zhk/kanpan/KanpanData/Sources/KanpanData/Binance/RESTClient.swift /Users/mdd/zhk/kanpan/KanpanData/Sources/KanpanData/Binance/RateLimiter.swift (in target 'KanpanData' from project 'KanpanData')

SwiftCompile normal arm64 /Users/mdd/zhk/kanpan/KanpanData/Sources/KanpanData/Binance/RESTClient.swift (in target 'KanpanData' from project 'KanpanData')
    cd /Users/mdd/zhk/kanpan
    

SwiftCompile normal arm64 /Users/mdd/zhk/kanpan/KanpanData/Sources/KanpanData/Binance/RateLimiter.swift (in target 'KanpanData' from project 'KanpanData')
    cd /Users/mdd/zhk/kanpan
    

SwiftCompile normal arm64 Compiling\ Backoff.swift,\ DTO.swift /Users/mdd/zhk/kanpan/KanpanData/Sources/KanpanData/Binance/Backoff.swift /Users/mdd/zhk/kanpan/KanpanData/Sources/KanpanData/Binance/DTO.swift (in target 'KanpanData' from project 'KanpanData')

SwiftCompile normal arm64 /Users/mdd/zhk/kanpan/KanpanData/Sources/KanpanData/Binance/Backoff.swift (in target 'KanpanData' from project 'KanpanData')
    cd /Users/mdd/zhk/kanpan
    

SwiftCompile normal arm64 /Users/mdd/zhk/kanpan/KanpanData/Sources/KanpanData/Binance/DTO.swift (in target 'KanpanData' from project 'KanpanData')
    cd /Users/mdd/zhk/kanpan
    

SwiftCompile normal arm64 Compiling\ Endpoints.swift,\ Errors.swift /Users/mdd/zhk/kanpan/KanpanData/Sources/KanpanData/Binance/Endpoints.swift /Users/mdd/zhk/kanpan/KanpanData/Sources/KanpanData/Binance/Errors.swift (in target 'KanpanData' from project 'KanpanData')

SwiftCompile normal arm64 /Users/mdd/zhk/kanpan/KanpanData/Sources/KanpanData/Binance/Endpoints.swift (in target 'KanpanData' from project 'KanpanData')
    cd /Users/mdd/zhk/kanpan
    

SwiftCompile normal arm64 /Users/mdd/zhk/kanpan/KanpanData/Sources/KanpanData/Binance/Errors.swift (in target 'KanpanData' from project 'KanpanData')
    cd /Users/mdd/zhk/kanpan
    

SwiftCompile normal arm64 Compiling\ WSClient.swift,\ WSSocket.swift /Users/mdd/zhk/kanpan/KanpanData/Sources/KanpanData/Binance/WSClient.swift /Users/mdd/zhk/kanpan/KanpanData/Sources/KanpanData/Binance/WSSocket.swift (in target 'KanpanData' from project 'KanpanData')
SwiftCompile normal arm64 /Users/mdd/zhk/kanpan/KanpanData/Sources/KanpanData/Binance/WSClient.swift (in target 'KanpanData' from project 'KanpanData')
    cd /Users/mdd/zhk/kanpan
    

SwiftCompile normal arm64 /Users/mdd/zhk/kanpan/KanpanData/Sources/KanpanData/Binance/WSSocket.swift (in target 'KanpanData' from project 'KanpanData')
    cd /Users/mdd/zhk/kanpan
    

SwiftDriverJobDiscovery normal arm64 Compiling HTTPTransport.swift, Pacer.swift (in target 'KanpanData' from project 'KanpanData')

SwiftCompile normal arm64 Compiling\ SymbolCatalog.swift,\ Zip.swift /Users/mdd/zhk/kanpan/KanpanData/Sources/KanpanData/Store/SymbolCatalog.swift /Users/mdd/zhk/kanpan/KanpanData/Sources/KanpanData/Store/Zip.swift (in target 'KanpanData' from project 'KanpanData')
SwiftCompile normal arm64 /Users/mdd/zhk/kanpan/KanpanData/Sources/KanpanData/Store/SymbolCatalog.swift (in target 'KanpanData' from project 'KanpanData')
    cd /Users/mdd/zhk/kanpan
    

SwiftCompile normal arm64 /Users/mdd/zhk/kanpan/KanpanData/Sources/KanpanData/Store/Zip.swift (in target 'KanpanData' from project 'KanpanData')
    cd /Users/mdd/zhk/kanpan
    

SwiftDriverJobDiscovery normal arm64 Emitting module for KanpanData (in target 'KanpanData' from project 'KanpanData')

SwiftDriver\ Compilation\ Requirements KanpanData normal arm64 com.apple.xcode.tools.swift.compiler (in target 'KanpanData' from project 'KanpanData')
    cd /Users/mdd/zhk/kanpan
    builtin-Swift-Compilation-Requirements -- /Applications/Xcode.app/Contents/Developer/Toolchains/XcodeDefault.xctoolchain/usr/bin/swiftc -module-name KanpanData -Onone @/Users/mdd/zhk/kanpan/DerivedData-chart-foundation-ui/Build/Intermediates.noindex/KanpanData.build/Debug-iphonesimulator/KanpanData.build/Objects-normal/arm64/KanpanData.SwiftFileList -DSWIFT_PACKAGE -DDEBUG -DSWIFT_MODULE_RESOURCE_BUNDLE_UNAVAILABLE -DXcode -plugin-path /Applications/Xcode.app/Contents/Developer/Toolchains/XcodeDefault.xctoolchain/usr/lib/swift/host/plugins/testing -enable-experimental-feature DebugDescriptionMacro -sdk /Applications/Xcode.app/Contents/Developer/Platforms/iPhoneSimulator.platform/Developer/SDKs/iPhoneSimulator26.5.sdk -target arm64-apple-ios17.0-simulator -g -module-cache-path /Users/mdd/zhk/kanpan/DerivedData-chart-foundation-ui/ModuleCache.noindex -Xfrontend -serialize-debugging-options -enable-testing -suppress-warnings -index-store-path /Users/mdd/zhk/kanpan/DerivedData-chart-foundation-ui/Index.noindex/DataStore -Xcc -D_LIBCPP_HARDENING_MODE\=_LIBCPP_HARDENING_MODE_DEBUG -swift-version 6 -I /Users/mdd/zhk/kanpan/DerivedData-chart-foundation-ui/Build/Products/Debug-iphonesimulator -Isystem /Applications/Xcode.app/Contents/Developer/Platforms/iPhoneSimulator.platform/Developer/usr/lib -F /Users/mdd/zhk/kanpan/DerivedData-chart-foundation-ui/Build/Products/Debug-iphonesimulator/PackageFrameworks -F /Users/mdd/zhk/kanpan/DerivedData-chart-foundation-ui/Build/Products/Debug-iphonesimulator -F /Applications/Xcode.app/Contents/Developer/Platforms/iPhoneSimulator.platform/Developer/Library/Frameworks -F /Applications/Xcode.app/Contents/Developer/Platforms/iPhoneSimulator.platform/Developer/SDKs/iPhoneSimulator26.5.sdk/Developer/Library/Frameworks -c -j10 -enable-batch-mode -incremental -Xcc -ivfsstatcache -Xcc /Users/mdd/zhk/kanpan/DerivedData-chart-foundation-ui/SDKStatCaches.noindex/iphonesimulator26.5-23F81a-6cfe768891a92b912361537c460fe42b.sdkstatcache -output-file-map /Users/mdd/zhk/kanpan/DerivedData-chart-foundation-ui/Build/Intermediates.noindex/KanpanData.build/Debug-iphonesimulator/KanpanData.build/Objects-normal/arm64/KanpanData-OutputFileMap.json -use-frontend-parseable-output -save-temps -no-color-diagnostics -explicit-module-build -module-cache-path /Users/mdd/zhk/kanpan/DerivedData-chart-foundation-ui/Build/Intermediates.noindex/SwiftExplicitPrecompiledModules -clang-scanner-module-cache-path /Users/mdd/zhk/kanpan/DerivedData-chart-foundation-ui/ModuleCache.noindex -sdk-module-cache-path /Users/mdd/zhk/kanpan/DerivedData-chart-foundation-ui/ModuleCache.noindex -serialize-diagnostics -emit-dependencies -emit-module -emit-module-path /Users/mdd/zhk/kanpan/DerivedData-chart-foundation-ui/Build/Intermediates.noindex/KanpanData.build/Debug-iphonesimulator/KanpanData.build/Objects-normal/arm64/KanpanData.swiftmodule -validate-clang-modules-once -clang-build-session-file /Users/mdd/zhk/kanpan/DerivedData-chart-foundation-ui/ModuleCache.noindex/Session.modulevalidation -package-name kanpandata -Xcc -I/Users/mdd/zhk/kanpan/DerivedData-chart-foundation-ui/Build/Intermediates.noindex/KanpanData.build/Debug-iphonesimulator/KanpanData.build/swift-overrides.hmap -emit-const-values -Xfrontend -const-gather-protocols-file -Xfrontend /Users/mdd/zhk/kanpan/DerivedData-chart-foundation-ui/Build/Intermediates.noindex/KanpanData.build/Debug-iphonesimulator/KanpanData.build/Objects-normal/arm64/KanpanData_const_extract_protocols.json -Xcc -I/Users/mdd/zhk/kanpan/DerivedData-chart-foundation-ui/Build/Products/Debug-iphonesimulator/include -Xcc -I/Users/mdd/zhk/kanpan/DerivedData-chart-foundation-ui/Build/Intermediates.noindex/KanpanData.build/Debug-iphonesimulator/KanpanData.build/DerivedSources-normal/arm64 -Xcc -I/Users/mdd/zhk/kanpan/DerivedData-chart-foundation-ui/Build/Intermediates.noindex/KanpanData.build/Debug-iphonesimulator/KanpanData.build/DerivedSources/arm64 -Xcc -I/Users/mdd/zhk/kanpan/DerivedData-chart-foundation-ui/Build/Intermediates.noindex/KanpanData.build/Debug-iphonesimulator/KanpanData.build/DerivedSources -Xcc -DSWIFT_PACKAGE -Xcc -DDEBUG\=1 -emit-objc-header -emit-objc-header-path /Users/mdd/zhk/kanpan/DerivedData-chart-foundation-ui/Build/Intermediates.noindex/KanpanData.build/Debug-iphonesimulator/KanpanData.build/Objects-normal/arm64/KanpanData-Swift.h -working-directory /Users/mdd/zhk/kanpan -experimental-emit-module-separately -disable-cmo

SwiftDriverJobDiscovery normal arm64 Compiling Endpoints.swift, Errors.swift (in target 'KanpanData' from project 'KanpanData')

SwiftMergeGeneratedHeaders /Users/mdd/zhk/kanpan/DerivedData-chart-foundation-ui/Build/Intermediates.noindex/GeneratedModuleMaps-iphonesimulator/KanpanData-Swift.h /Users/mdd/zhk/kanpan/DerivedData-chart-foundation-ui/Build/Intermediates.noindex/KanpanData.build/Debug-iphonesimulator/KanpanData.build/Objects-normal/arm64/KanpanData-Swift.h (in target 'KanpanData' from project 'KanpanData')
    cd /Users/mdd/zhk/kanpan/KanpanData
    builtin-swiftHeaderTool -arch arm64 /Users/mdd/zhk/kanpan/DerivedData-chart-foundation-ui/Build/Intermediates.noindex/KanpanData.build/Debug-iphonesimulator/KanpanData.build/Objects-normal/arm64/KanpanData-Swift.h -o /Users/mdd/zhk/kanpan/DerivedData-chart-foundation-ui/Build/Intermediates.noindex/GeneratedModuleMaps-iphonesimulator/KanpanData-Swift.h

Copy /Users/mdd/zhk/kanpan/DerivedData-chart-foundation-ui/Build/Products/Debug-iphonesimulator/KanpanData.swiftmodule/arm64-apple-ios-simulator.swiftmodule /Users/mdd/zhk/kanpan/DerivedData-chart-foundation-ui/Build/Intermediates.noindex/KanpanData.build/Debug-iphonesimulator/KanpanData.build/Objects-normal/arm64/KanpanData.swiftmodule (in target 'KanpanData' from project 'KanpanData')
    cd /Users/mdd/zhk/kanpan/KanpanData
    builtin-copy -exclude .DS_Store -exclude CVS -exclude .svn -exclude .git -exclude .hg -resolve-src-symlinks -rename /Users/mdd/zhk/kanpan/DerivedData-chart-foundation-ui/Build/Intermediates.noindex/KanpanData.build/Debug-iphonesimulator/KanpanData.build/Objects-normal/arm64/KanpanData.swiftmodule /Users/mdd/zhk/kanpan/DerivedData-chart-foundation-ui/Build/Products/Debug-iphonesimulator/KanpanData.swiftmodule/arm64-apple-ios-simulator.swiftmodule

Copy /Users/mdd/zhk/kanpan/DerivedData-chart-foundation-ui/Build/Products/Debug-iphonesimulator/KanpanData.swiftmodule/arm64-apple-ios-simulator.swiftdoc /Users/mdd/zhk/kanpan/DerivedData-chart-foundation-ui/Build/Intermediates.noindex/KanpanData.build/Debug-iphonesimulator/KanpanData.build/Objects-normal/arm64/KanpanData.swiftdoc (in target 'KanpanData' from project 'KanpanData')
    cd /Users/mdd/zhk/kanpan/KanpanData
    builtin-copy -exclude .DS_Store -exclude CVS -exclude .svn -exclude .git -exclude .hg -resolve-src-symlinks -rename /Users/mdd/zhk/kanpan/DerivedData-chart-foundation-ui/Build/Intermediates.noindex/KanpanData.build/Debug-iphonesimulator/KanpanData.build/Objects-normal/arm64/KanpanData.swiftdoc /Users/mdd/zhk/kanpan/DerivedData-chart-foundation-ui/Build/Products/Debug-iphonesimulator/KanpanData.swiftmodule/arm64-apple-ios-simulator.swiftdoc

Copy /Users/mdd/zhk/kanpan/DerivedData-chart-foundation-ui/Build/Products/Debug-iphonesimulator/KanpanData.swiftmodule/arm64-apple-ios-simulator.abi.json /Users/mdd/zhk/kanpan/DerivedData-chart-foundation-ui/Build/Intermediates.noindex/KanpanData.build/Debug-iphonesimulator/KanpanData.build/Objects-normal/arm64/KanpanData.abi.json (in target 'KanpanData' from project 'KanpanData')
    cd /Users/mdd/zhk/kanpan/KanpanData
    builtin-copy -exclude .DS_Store -exclude CVS -exclude .svn -exclude .git -exclude .hg -resolve-src-symlinks -rename /Users/mdd/zhk/kanpan/DerivedData-chart-foundation-ui/Build/Intermediates.noindex/KanpanData.build/Debug-iphonesimulator/KanpanData.build/Objects-normal/arm64/KanpanData.abi.json /Users/mdd/zhk/kanpan/DerivedData-chart-foundation-ui/Build/Products/Debug-iphonesimulator/KanpanData.swiftmodule/arm64-apple-ios-simulator.abi.json

Copy /Users/mdd/zhk/kanpan/DerivedData-chart-foundation-ui/Build/Products/Debug-iphonesimulator/KanpanData.swiftmodule/Project/arm64-apple-ios-simulator.swiftsourceinfo /Users/mdd/zhk/kanpan/DerivedData-chart-foundation-ui/Build/Intermediates.noindex/KanpanData.build/Debug-iphonesimulator/KanpanData.build/Objects-normal/arm64/KanpanData.swiftsourceinfo (in target 'KanpanData' from project 'KanpanData')
    cd /Users/mdd/zhk/kanpan/KanpanData
    builtin-copy -exclude .DS_Store -exclude CVS -exclude .svn -exclude .git -exclude .hg -resolve-src-symlinks -rename /Users/mdd/zhk/kanpan/DerivedData-chart-foundation-ui/Build/Intermediates.noindex/KanpanData.build/Debug-iphonesimulator/KanpanData.build/Objects-normal/arm64/KanpanData.swiftsourceinfo /Users/mdd/zhk/kanpan/DerivedData-chart-foundation-ui/Build/Products/Debug-iphonesimulator/KanpanData.swiftmodule/Project/arm64-apple-ios-simulator.swiftsourceinfo

SwiftExplicitDependencyGeneratePcm arm64 /Users/mdd/zhk/kanpan/DerivedData-chart-foundation-ui/ModuleCache.noindex/Symbols-7RDTSN675EHFSHE0YN61J4GRX.pcm

SwiftExplicitDependencyGeneratePcm arm64 /Users/mdd/zhk/kanpan/DerivedData-chart-foundation-ui/ModuleCache.noindex/UserNotifications-74OVTEHWIE218NX4U85AYWJRO.pcm

SwiftExplicitDependencyGeneratePcm arm64 /Users/mdd/zhk/kanpan/DerivedData-chart-foundation-ui/ModuleCache.noindex/UniformTypeIdentifiers-9B6VVBXD5CN1LCKG34F3F6KQ0.pcm

SwiftDriverJobDiscovery normal arm64 Compiling OISource.swift, BarCache.swift (in target 'KanpanData' from project 'KanpanData')

SwiftExplicitDependencyGeneratePcm arm64 /Users/mdd/zhk/kanpan/DerivedData-chart-foundation-ui/ModuleCache.noindex/_Builtin_stdatomic-6B8P0AVAN27QA4FE46WLMOOWJ.pcm

SwiftExplicitDependencyGeneratePcm arm64 /Users/mdd/zhk/kanpan/DerivedData-chart-foundation-ui/ModuleCache.noindex/CoreTransferable-35B7B3P2NFJ68DZ5LV95QK7VC.pcm

SwiftExplicitDependencyGeneratePcm arm64 /Users/mdd/zhk/kanpan/DerivedData-chart-foundation-ui/ModuleCache.noindex/OpenGLES-38V8FMKRZ32J2VYOT94ERNKH7.pcm

SwiftExplicitDependencyGeneratePcm arm64 /Users/mdd/zhk/kanpan/DerivedData-chart-foundation-ui/ModuleCache.noindex/UIUtilities-31D71KD7HDCH0TA1VNBVZSYKM.pcm

SwiftExplicitDependencyGeneratePcm arm64 /Users/mdd/zhk/kanpan/DerivedData-chart-foundation-ui/ModuleCache.noindex/DeveloperToolsSupport-DLP7CUDV03IM7PNG6SPRFO5HE.pcm

SwiftDriverJobDiscovery normal arm64 Compiling RESTClient.swift, RateLimiter.swift (in target 'KanpanData' from project 'KanpanData')

SwiftExplicitDependencyGeneratePcm arm64 /Users/mdd/zhk/kanpan/DerivedData-chart-foundation-ui/ModuleCache.noindex/MachO-CLZPIWB1IV0W0AGL1V352DJ0M.pcm

SwiftExplicitDependencyGeneratePcm arm64 /Users/mdd/zhk/kanpan/DerivedData-chart-foundation-ui/ModuleCache.noindex/IOSurface-2K5G5J80CLHYCFUL48RFMK326.pcm

SwiftExplicitDependencyGeneratePcm arm64 /Users/mdd/zhk/kanpan/DerivedData-chart-foundation-ui/ModuleCache.noindex/DataDetection-CR3O857PVQC0217SEV7JFB87A.pcm

SwiftDriverJobDiscovery normal arm64 Compiling Paths.swift, Snapshot.swift (in target 'KanpanData' from project 'KanpanData')

SwiftExplicitDependencyGeneratePcm arm64 /Users/mdd/zhk/kanpan/DerivedData-chart-foundation-ui/ModuleCache.noindex/CoreGraphics-2NM5LBRNOH9IGARXY5GF8PN22.pcm

SwiftExplicitDependencyGeneratePcm arm64 /Users/mdd/zhk/kanpan/DerivedData-chart-foundation-ui/ModuleCache.noindex/_Builtin_tgmath-7HERN70U2ZJ9QIGVV7TTKK1XJ.pcm

SwiftExplicitDependencyGeneratePcm arm64 /Users/mdd/zhk/kanpan/DerivedData-chart-foundation-ui/ModuleCache.noindex/_Builtin_intrinsics-BGOT5XQ0YCPO2EA57Y5CJC4XB.pcm

SwiftExplicitDependencyGeneratePcm arm64 /Users/mdd/zhk/kanpan/DerivedData-chart-foundation-ui/ModuleCache.noindex/os-DFGAR4XD4OIJ4CJLVUT86X5PC.pcm

SwiftDriverJobDiscovery normal arm64 Compiling Backoff.swift, DTO.swift (in target 'KanpanData' from project 'KanpanData')

SwiftExplicitDependencyGeneratePcm arm64 /Users/mdd/zhk/kanpan/DerivedData-chart-foundation-ui/ModuleCache.noindex/Metal-26FM26IXFWHG37L6XMA1EAH8W.pcm

SwiftDriverJobDiscovery normal arm64 Compiling OIArchive.swift, OIStore.swift (in target 'KanpanData' from project 'KanpanData')

SwiftExplicitDependencyGeneratePcm arm64 /Users/mdd/zhk/kanpan/DerivedData-chart-foundation-ui/ModuleCache.noindex/OSLog-B9X8H7P2B30EB1AJX39HMFSJX.pcm

SwiftExplicitDependencyGeneratePcm arm64 /Users/mdd/zhk/kanpan/DerivedData-chart-foundation-ui/ModuleCache.noindex/FileProvider-TM4EYZVXZFS6CYWOZHS6WCA4.pcm

SwiftExplicitDependencyGeneratePcm arm64 /Users/mdd/zhk/kanpan/DerivedData-chart-foundation-ui/ModuleCache.noindex/ImageIO-1MTCM4BEXFV9MJNTMJOHV01E.pcm

SwiftExplicitDependencyGeneratePcm arm64 /Users/mdd/zhk/kanpan/DerivedData-chart-foundation-ui/ModuleCache.noindex/Accessibility-7MLY9MV7HJIGROVRJ69RI03O6.pcm

SwiftExplicitDependencyGeneratePcm arm64 /Users/mdd/zhk/kanpan/DerivedData-chart-foundation-ui/ModuleCache.noindex/CoreText-20TERWSLVB2WF7TQJNVPYNW3U.pcm

SwiftDriverJobDiscovery normal arm64 Compiling FeedComposer.swift, MarketFeed.swift (in target 'KanpanData' from project 'KanpanData')

SwiftDriverJobDiscovery normal arm64 Compiling WSClient.swift, WSSocket.swift (in target 'KanpanData' from project 'KanpanData')

SwiftExplicitDependencyGeneratePcm arm64 /Users/mdd/zhk/kanpan/DerivedData-chart-foundation-ui/ModuleCache.noindex/CoreVideo-2XX0G4DOGNGF0PR012HJ792WV.pcm

SwiftExplicitDependencyGeneratePcm arm64 /Users/mdd/zhk/kanpan/DerivedData-chart-foundation-ui/ModuleCache.noindex/simd-6SUR8A1O1H0381Z6LCPZBKX1Y.pcm

SwiftExplicitDependencyGeneratePcm arm64 /Users/mdd/zhk/kanpan/DerivedData-chart-foundation-ui/ModuleCache.noindex/CoreImage-6VJO4ZBE7KJEDBUY2A433S0DI.pcm

SwiftExplicitDependencyGeneratePcm arm64 /Users/mdd/zhk/kanpan/DerivedData-chart-foundation-ui/ModuleCache.noindex/QuartzCore-5E3LTOW6TVKDB0M1TBA8X43XK.pcm

SwiftDriverJobDiscovery normal arm64 Compiling SymbolCatalog.swift, Zip.swift (in target 'KanpanData' from project 'KanpanData')

SwiftDriver\ Compilation KanpanData normal arm64 com.apple.xcode.tools.swift.compiler (in target 'KanpanData' from project 'KanpanData')
    cd /Users/mdd/zhk/kanpan
    builtin-Swift-Compilation -- /Applications/Xcode.app/Contents/Developer/Toolchains/XcodeDefault.xctoolchain/usr/bin/swiftc -module-name KanpanData -Onone @/Users/mdd/zhk/kanpan/DerivedData-chart-foundation-ui/Build/Intermediates.noindex/KanpanData.build/Debug-iphonesimulator/KanpanData.build/Objects-normal/arm64/KanpanData.SwiftFileList -DSWIFT_PACKAGE -DDEBUG -DSWIFT_MODULE_RESOURCE_BUNDLE_UNAVAILABLE -DXcode -plugin-path /Applications/Xcode.app/Contents/Developer/Toolchains/XcodeDefault.xctoolchain/usr/lib/swift/host/plugins/testing -enable-experimental-feature DebugDescriptionMacro -sdk /Applications/Xcode.app/Contents/Developer/Platforms/iPhoneSimulator.platform/Developer/SDKs/iPhoneSimulator26.5.sdk -target arm64-apple-ios17.0-simulator -g -module-cache-path /Users/mdd/zhk/kanpan/DerivedData-chart-foundation-ui/ModuleCache.noindex -Xfrontend -serialize-debugging-options -enable-testing -suppress-warnings -index-store-path /Users/mdd/zhk/kanpan/DerivedData-chart-foundation-ui/Index.noindex/DataStore -Xcc -D_LIBCPP_HARDENING_MODE\=_LIBCPP_HARDENING_MODE_DEBUG -swift-version 6 -I /Users/mdd/zhk/kanpan/DerivedData-chart-foundation-ui/Build/Products/Debug-iphonesimulator -Isystem /Applications/Xcode.app/Contents/Developer/Platforms/iPhoneSimulator.platform/Developer/usr/lib -F /Users/mdd/zhk/kanpan/DerivedData-chart-foundation-ui/Build/Products/Debug-iphonesimulator/PackageFrameworks -F /Users/mdd/zhk/kanpan/DerivedData-chart-foundation-ui/Build/Products/Debug-iphonesimulator -F /Applications/Xcode.app/Contents/Developer/Platforms/iPhoneSimulator.platform/Developer/Library/Frameworks -F /Applications/Xcode.app/Contents/Developer/Platforms/iPhoneSimulator.platform/Developer/SDKs/iPhoneSimulator26.5.sdk/Developer/Library/Frameworks -c -j10 -enable-batch-mode -incremental -Xcc -ivfsstatcache -Xcc /Users/mdd/zhk/kanpan/DerivedData-chart-foundation-ui/SDKStatCaches.noindex/iphonesimulator26.5-23F81a-6cfe768891a92b912361537c460fe42b.sdkstatcache -output-file-map /Users/mdd/zhk/kanpan/DerivedData-chart-foundation-ui/Build/Intermediates.noindex/KanpanData.build/Debug-iphonesimulator/KanpanData.build/Objects-normal/arm64/KanpanData-OutputFileMap.json -use-frontend-parseable-output -save-temps -no-color-diagnostics -explicit-module-build -module-cache-path /Users/mdd/zhk/kanpan/DerivedData-chart-foundation-ui/Build/Intermediates.noindex/SwiftExplicitPrecompiledModules -clang-scanner-module-cache-path /Users/mdd/zhk/kanpan/DerivedData-chart-foundation-ui/ModuleCache.noindex -sdk-module-cache-path /Users/mdd/zhk/kanpan/DerivedData-chart-foundation-ui/ModuleCache.noindex -serialize-diagnostics -emit-dependencies -emit-module -emit-module-path /Users/mdd/zhk/kanpan/DerivedData-chart-foundation-ui/Build/Intermediates.noindex/KanpanData.build/Debug-iphonesimulator/KanpanData.build/Objects-normal/arm64/KanpanData.swiftmodule -validate-clang-modules-once -clang-build-session-file /Users/mdd/zhk/kanpan/DerivedData-chart-foundation-ui/ModuleCache.noindex/Session.modulevalidation -package-name kanpandata -Xcc -I/Users/mdd/zhk/kanpan/DerivedData-chart-foundation-ui/Build/Intermediates.noindex/KanpanData.build/Debug-iphonesimulator/KanpanData.build/swift-overrides.hmap -emit-const-values -Xfrontend -const-gather-protocols-file -Xfrontend /Users/mdd/zhk/kanpan/DerivedData-chart-foundation-ui/Build/Intermediates.noindex/KanpanData.build/Debug-iphonesimulator/KanpanData.build/Objects-normal/arm64/KanpanData_const_extract_protocols.json -Xcc -I/Users/mdd/zhk/kanpan/DerivedData-chart-foundation-ui/Build/Products/Debug-iphonesimulator/include -Xcc -I/Users/mdd/zhk/kanpan/DerivedData-chart-foundation-ui/Build/Intermediates.noindex/KanpanData.build/Debug-iphonesimulator/KanpanData.build/DerivedSources-normal/arm64 -Xcc -I/Users/mdd/zhk/kanpan/DerivedData-chart-foundation-ui/Build/Intermediates.noindex/KanpanData.build/Debug-iphonesimulator/KanpanData.build/DerivedSources/arm64 -Xcc -I/Users/mdd/zhk/kanpan/DerivedData-chart-foundation-ui/Build/Intermediates.noindex/KanpanData.build/Debug-iphonesimulator/KanpanData.build/DerivedSources -Xcc -DSWIFT_PACKAGE -Xcc -DDEBUG\=1 -emit-objc-header -emit-objc-header-path /Users/mdd/zhk/kanpan/DerivedData-chart-foundation-ui/Build/Intermediates.noindex/KanpanData.build/Debug-iphonesimulator/KanpanData.build/Objects-normal/arm64/KanpanData-Swift.h -working-directory /Users/mdd/zhk/kanpan -experimental-emit-module-separately -disable-cmo

Ld /Users/mdd/zhk/kanpan/DerivedData-chart-foundation-ui/Build/Products/Debug-iphonesimulator/KanpanData.o normal (in target 'KanpanData' from project 'KanpanData')
    cd /Users/mdd/zhk/kanpan/KanpanData
    /Applications/Xcode.app/Contents/Developer/Toolchains/XcodeDefault.xctoolchain/usr/bin/clang -Xlinker -reproducible -target arm64-apple-ios17.0-simulator -r -isysroot /Applications/Xcode.app/Contents/Developer/Platforms/iPhoneSimulator.platform/Developer/SDKs/iPhoneSimulator26.5.sdk -O0 -w -F/Users/mdd/zhk/kanpan/DerivedData-chart-foundation-ui/Build/Intermediates.noindex/EagerLinkingTBDs/Debug-iphonesimulator -F/Users/mdd/zhk/kanpan/DerivedData-chart-foundation-ui/Build/Products/Debug-iphonesimulator/PackageFrameworks -F/Users/mdd/zhk/kanpan/DerivedData-chart-foundation-ui/Build/Products/Debug-iphonesimulator -iframework /Applications/Xcode.app/Contents/Developer/Platforms/iPhoneSimulator.platform/Developer/Library/Frameworks -iframework /Applications/Xcode.app/Contents/Developer/Platforms/iPhoneSimulator.platform/Developer/SDKs/iPhoneSimulator26.5.sdk/Developer/Library/Frameworks -filelist /Users/mdd/zhk/kanpan/DerivedData-chart-foundation-ui/Build/Intermediates.noindex/KanpanData.build/Debug-iphonesimulator/KanpanData.build/Objects-normal/arm64/KanpanData.LinkFileList -nostdlib -Xlinker -object_path_lto -Xlinker /Users/mdd/zhk/kanpan/DerivedData-chart-foundation-ui/Build/Intermediates.noindex/KanpanData.build/Debug-iphonesimulator/KanpanData.build/Objects-normal/arm64/KanpanData_lto.o -Xlinker -no_deduplicate -Xlinker -objc_abi_version -Xlinker 2 -Xlinker -dependency_info -Xlinker /Users/mdd/zhk/kanpan/DerivedData-chart-foundation-ui/Build/Intermediates.noindex/KanpanData.build/Debug-iphonesimulator/KanpanData.build/Objects-normal/arm64/KanpanData_dependency_info.dat -fobjc-link-runtime -L/Applications/Xcode.app/Contents/Developer/Toolchains/XcodeDefault.xctoolchain/usr/lib/swift/iphonesimulator -L/usr/lib/swift -Xlinker -add_ast_path -Xlinker /Users/mdd/zhk/kanpan/DerivedData-chart-foundation-ui/Build/Intermediates.noindex/KanpanData.build/Debug-iphonesimulator/KanpanData.build/Objects-normal/arm64/KanpanData.swiftmodule @/Users/mdd/zhk/kanpan/DerivedData-chart-foundation-ui/Build/Intermediates.noindex/KanpanData.build/Debug-iphonesimulator/KanpanData.build/Objects-normal/arm64/KanpanData-linker-args.resp -o /Users/mdd/zhk/kanpan/DerivedData-chart-foundation-ui/Build/Products/Debug-iphonesimulator/KanpanData.o

ExtractAppIntentsMetadata (in target 'KanpanData' from project 'KanpanData')
    cd /Users/mdd/zhk/kanpan/KanpanData
    /Applications/Xcode.app/Contents/Developer/Toolchains/XcodeDefault.xctoolchain/usr/bin/appintentsmetadataprocessor --toolchain-dir /Applications/Xcode.app/Contents/Developer/Toolchains/XcodeDefault.xctoolchain --module-name KanpanData --sdk-root /Applications/Xcode.app/Contents/Developer/Platforms/iPhoneSimulator.platform/Developer/SDKs/iPhoneSimulator26.5.sdk --xcode-version 17F113 --platform-family iOS --deployment-target 17.0 --bundle-identifier kanpandata.KanpanData --output /Users/mdd/zhk/kanpan/DerivedData-chart-foundation-ui/Build/Products/Debug-iphonesimulator/KanpanData.appintents --target-triple arm64-apple-ios17.0-simulator --binary-file /Users/mdd/zhk/kanpan/DerivedData-chart-foundation-ui/Build/Products/Debug-iphonesimulator/KanpanData.o --dependency-file /Users/mdd/zhk/kanpan/DerivedData-chart-foundation-ui/Build/Intermediates.noindex/KanpanData.build/Debug-iphonesimulator/KanpanData.build/Objects-normal/arm64/KanpanData_dependency_info.dat --stringsdata-file /Users/mdd/zhk/kanpan/DerivedData-chart-foundation-ui/Build/Intermediates.noindex/KanpanData.build/Debug-iphonesimulator/KanpanData.build/Objects-normal/arm64/ExtractedAppShortcutsMetadata.stringsdata --source-file-list /Users/mdd/zhk/kanpan/DerivedData-chart-foundation-ui/Build/Intermediates.noindex/KanpanData.build/Debug-iphonesimulator/KanpanData.build/Objects-normal/arm64/KanpanData.SwiftFileList --metadata-file-list /Users/mdd/zhk/kanpan/DerivedData-chart-foundation-ui/Build/Intermediates.noindex/KanpanData.build/Debug-iphonesimulator/KanpanData.build/KanpanData.DependencyMetadataFileList --static-metadata-file-list /Users/mdd/zhk/kanpan/DerivedData-chart-foundation-ui/Build/Intermediates.noindex/KanpanData.build/Debug-iphonesimulator/KanpanData.build/KanpanData.DependencyStaticMetadataFileList --swift-const-vals-list /Users/mdd/zhk/kanpan/DerivedData-chart-foundation-ui/Build/Intermediates.noindex/KanpanData.build/Debug-iphonesimulator/KanpanData.build/Objects-normal/arm64/KanpanData.SwiftConstValuesFileList --force --compile-time-extraction --deployment-aware-processing --validate-assistant-intents --no-app-shortcuts-localization
2026-09-14 23:41:19.375 appintentsmetadataprocessor[87684:31631446] Starting appintentsmetadataprocessor export
2026-09-14 23:41:19.386 appintentsmetadataprocessor[87684:31631446] Extracted no relevant App Intents symbols, skipping writing output

SwiftExplicitDependencyGeneratePcm arm64 /Users/mdd/zhk/kanpan/DerivedData-chart-foundation-ui/ModuleCache.noindex/SwiftUICore-4LTQWS5936A6EMMGQT7U4OZSZ.pcm

RegisterExecutionPolicyException /Users/mdd/zhk/kanpan/DerivedData-chart-foundation-ui/Build/Products/Debug-iphonesimulator/KanpanData.o (in target 'KanpanData' from project 'KanpanData')
    cd /Users/mdd/zhk/kanpan/KanpanData
    builtin-RegisterExecutionPolicyException /Users/mdd/zhk/kanpan/DerivedData-chart-foundation-ui/Build/Products/Debug-iphonesimulator/KanpanData.o

SwiftExplicitDependencyGeneratePcm arm64 /Users/mdd/zhk/kanpan/DerivedData-chart-foundation-ui/ModuleCache.noindex/UIKit-89ZM6SK0SMGQJNYJ7I3KO0EL3.pcm

SwiftExplicitDependencyGeneratePcm arm64 /Users/mdd/zhk/kanpan/DerivedData-chart-foundation-ui/ModuleCache.noindex/Spatial-9JK6WTBISK5LSOS0BXSOIJ6SY.pcm

SwiftCompile normal arm64 Compiling\ ChartView.swift /Users/mdd/zhk/kanpan/KanpanChart/Sources/KanpanChart/ChartView.swift (in target 'KanpanChart' from project 'KanpanChart')

SwiftCompile normal arm64 /Users/mdd/zhk/kanpan/KanpanChart/Sources/KanpanChart/ChartView.swift (in target 'KanpanChart' from project 'KanpanChart')
    cd /Users/mdd/zhk/kanpan
    

SwiftCompile normal arm64 Compiling\ ChartView+Gesture.swift /Users/mdd/zhk/kanpan/KanpanChart/Sources/KanpanChart/ChartView+Gesture.swift (in target 'KanpanChart' from project 'KanpanChart')

SwiftCompile normal arm64 /Users/mdd/zhk/kanpan/KanpanChart/Sources/KanpanChart/ChartView+Gesture.swift (in target 'KanpanChart' from project 'KanpanChart')
    cd /Users/mdd/zhk/kanpan
    

SwiftEmitModule normal arm64 Emitting\ module\ for\ KanpanChart (in target 'KanpanChart' from project 'KanpanChart')

EmitSwiftModule normal arm64 (in target 'KanpanChart' from project 'KanpanChart')
    cd /Users/mdd/zhk/kanpan
    

SwiftCompile normal arm64 Compiling\ Paint.swift /Users/mdd/zhk/kanpan/KanpanChart/Sources/KanpanChart/Paint.swift (in target 'KanpanChart' from project 'KanpanChart')

SwiftCompile normal arm64 /Users/mdd/zhk/kanpan/KanpanChart/Sources/KanpanChart/Paint.swift (in target 'KanpanChart' from project 'KanpanChart')
    cd /Users/mdd/zhk/kanpan
    

SwiftCompile normal arm64 Compiling\ ChartRenderer+Layers.swift /Users/mdd/zhk/kanpan/KanpanChart/Sources/KanpanChart/ChartRenderer+Layers.swift (in target 'KanpanChart' from project 'KanpanChart')

SwiftCompile normal arm64 /Users/mdd/zhk/kanpan/KanpanChart/Sources/KanpanChart/ChartRenderer+Layers.swift (in target 'KanpanChart' from project 'KanpanChart')
    cd /Users/mdd/zhk/kanpan
    

SwiftCompile normal arm64 Compiling\ ChartView+Drawing.swift /Users/mdd/zhk/kanpan/KanpanChart/Sources/KanpanChart/ChartView+Drawing.swift (in target 'KanpanChart' from project 'KanpanChart')
SwiftCompile normal arm64 /Users/mdd/zhk/kanpan/KanpanChart/Sources/KanpanChart/ChartView+Drawing.swift (in target 'KanpanChart' from project 'KanpanChart')
    cd /Users/mdd/zhk/kanpan
    

SwiftCompile normal arm64 Compiling\ ChartRenderer+Probe.swift /Users/mdd/zhk/kanpan/KanpanChart/Sources/KanpanChart/ChartRenderer+Probe.swift (in target 'KanpanChart' from project 'KanpanChart')

SwiftCompile normal arm64 /Users/mdd/zhk/kanpan/KanpanChart/Sources/KanpanChart/ChartRenderer+Probe.swift (in target 'KanpanChart' from project 'KanpanChart')
    cd /Users/mdd/zhk/kanpan
    

SwiftCompile normal arm64 Compiling\ ChartState.swift /Users/mdd/zhk/kanpan/KanpanChart/Sources/KanpanChart/ChartState.swift (in target 'KanpanChart' from project 'KanpanChart')

SwiftCompile normal arm64 /Users/mdd/zhk/kanpan/KanpanChart/Sources/KanpanChart/ChartState.swift (in target 'KanpanChart' from project 'KanpanChart')
    cd /Users/mdd/zhk/kanpan
    

SwiftCompile normal arm64 Compiling\ ChartRenderer+Sub.swift /Users/mdd/zhk/kanpan/KanpanChart/Sources/KanpanChart/ChartRenderer+Sub.swift (in target 'KanpanChart' from project 'KanpanChart')

SwiftCompile normal arm64 /Users/mdd/zhk/kanpan/KanpanChart/Sources/KanpanChart/ChartRenderer+Sub.swift (in target 'KanpanChart' from project 'KanpanChart')
    cd /Users/mdd/zhk/kanpan
    

SwiftCompile normal arm64 Compiling\ ChartRenderer.swift /Users/mdd/zhk/kanpan/KanpanChart/Sources/KanpanChart/ChartRenderer.swift (in target 'KanpanChart' from project 'KanpanChart')

SwiftCompile normal arm64 /Users/mdd/zhk/kanpan/KanpanChart/Sources/KanpanChart/ChartRenderer.swift (in target 'KanpanChart' from project 'KanpanChart')
    cd /Users/mdd/zhk/kanpan
    

SwiftDriverJobDiscovery normal arm64 Compiling ChartState.swift (in target 'KanpanChart' from project 'KanpanChart')

SwiftDriverJobDiscovery normal arm64 Emitting module for KanpanChart (in target 'KanpanChart' from project 'KanpanChart')

SwiftDriver\ Compilation\ Requirements KanpanChart normal arm64 com.apple.xcode.tools.swift.compiler (in target 'KanpanChart' from project 'KanpanChart')
    cd /Users/mdd/zhk/kanpan
    builtin-Swift-Compilation-Requirements -- /Applications/Xcode.app/Contents/Developer/Toolchains/XcodeDefault.xctoolchain/usr/bin/swiftc -module-name KanpanChart -Onone @/Users/mdd/zhk/kanpan/DerivedData-chart-foundation-ui/Build/Intermediates.noindex/KanpanChart.build/Debug-iphonesimulator/KanpanChart.build/Objects-normal/arm64/KanpanChart.SwiftFileList -DSWIFT_PACKAGE -DDEBUG -DSWIFT_MODULE_RESOURCE_BUNDLE_UNAVAILABLE -DXcode -plugin-path /Applications/Xcode.app/Contents/Developer/Toolchains/XcodeDefault.xctoolchain/usr/lib/swift/host/plugins/testing -enable-experimental-feature DebugDescriptionMacro -sdk /Applications/Xcode.app/Contents/Developer/Platforms/iPhoneSimulator.platform/Developer/SDKs/iPhoneSimulator26.5.sdk -target arm64-apple-ios17.0-simulator -g -module-cache-path /Users/mdd/zhk/kanpan/DerivedData-chart-foundation-ui/ModuleCache.noindex -Xfrontend -serialize-debugging-options -enable-testing -suppress-warnings -index-store-path /Users/mdd/zhk/kanpan/DerivedData-chart-foundation-ui/Index.noindex/DataStore -Xcc -D_LIBCPP_HARDENING_MODE\=_LIBCPP_HARDENING_MODE_DEBUG -swift-version 6 -I /Users/mdd/zhk/kanpan/DerivedData-chart-foundation-ui/Build/Products/Debug-iphonesimulator -Isystem /Applications/Xcode.app/Contents/Developer/Platforms/iPhoneSimulator.platform/Developer/usr/lib -F /Users/mdd/zhk/kanpan/DerivedData-chart-foundation-ui/Build/Products/Debug-iphonesimulator/PackageFrameworks -F /Users/mdd/zhk/kanpan/DerivedData-chart-foundation-ui/Build/Products/Debug-iphonesimulator -F /Applications/Xcode.app/Contents/Developer/Platforms/iPhoneSimulator.platform/Developer/Library/Frameworks -F /Applications/Xcode.app/Contents/Developer/Platforms/iPhoneSimulator.platform/Developer/SDKs/iPhoneSimulator26.5.sdk/Developer/Library/Frameworks -c -j10 -enable-batch-mode -incremental -Xcc -ivfsstatcache -Xcc /Users/mdd/zhk/kanpan/DerivedData-chart-foundation-ui/SDKStatCaches.noindex/iphonesimulator26.5-23F81a-6cfe768891a92b912361537c460fe42b.sdkstatcache -output-file-map /Users/mdd/zhk/kanpan/DerivedData-chart-foundation-ui/Build/Intermediates.noindex/KanpanChart.build/Debug-iphonesimulator/KanpanChart.build/Objects-normal/arm64/KanpanChart-OutputFileMap.json -use-frontend-parseable-output -save-temps -no-color-diagnostics -explicit-module-build -module-cache-path /Users/mdd/zhk/kanpan/DerivedData-chart-foundation-ui/Build/Intermediates.noindex/SwiftExplicitPrecompiledModules -clang-scanner-module-cache-path /Users/mdd/zhk/kanpan/DerivedData-chart-foundation-ui/ModuleCache.noindex -sdk-module-cache-path /Users/mdd/zhk/kanpan/DerivedData-chart-foundation-ui/ModuleCache.noindex -serialize-diagnostics -emit-dependencies -emit-module -emit-module-path /Users/mdd/zhk/kanpan/DerivedData-chart-foundation-ui/Build/Intermediates.noindex/KanpanChart.build/Debug-iphonesimulator/KanpanChart.build/Objects-normal/arm64/KanpanChart.swiftmodule -validate-clang-modules-once -clang-build-session-file /Users/mdd/zhk/kanpan/DerivedData-chart-foundation-ui/ModuleCache.noindex/Session.modulevalidation -package-name kanpanchart -Xcc -I/Users/mdd/zhk/kanpan/DerivedData-chart-foundation-ui/Build/Intermediates.noindex/KanpanChart.build/Debug-iphonesimulator/KanpanChart.build/swift-overrides.hmap -emit-const-values -Xfrontend -const-gather-protocols-file -Xfrontend /Users/mdd/zhk/kanpan/DerivedData-chart-foundation-ui/Build/Intermediates.noindex/KanpanChart.build/Debug-iphonesimulator/KanpanChart.build/Objects-normal/arm64/KanpanChart_const_extract_protocols.json -Xcc -I/Users/mdd/zhk/kanpan/DerivedData-chart-foundation-ui/Build/Products/Debug-iphonesimulator/include -Xcc -I/Users/mdd/zhk/kanpan/DerivedData-chart-foundation-ui/Build/Intermediates.noindex/KanpanChart.build/Debug-iphonesimulator/KanpanChart.build/DerivedSources-normal/arm64 -Xcc -I/Users/mdd/zhk/kanpan/DerivedData-chart-foundation-ui/Build/Intermediates.noindex/KanpanChart.build/Debug-iphonesimulator/KanpanChart.build/DerivedSources/arm64 -Xcc -I/Users/mdd/zhk/kanpan/DerivedData-chart-foundation-ui/Build/Intermediates.noindex/KanpanChart.build/Debug-iphonesimulator/KanpanChart.build/DerivedSources -Xcc -DSWIFT_PACKAGE -Xcc -DDEBUG\=1 -emit-objc-header -emit-objc-header-path /Users/mdd/zhk/kanpan/DerivedData-chart-foundation-ui/Build/Intermediates.noindex/KanpanChart.build/Debug-iphonesimulator/KanpanChart.build/Objects-normal/arm64/KanpanChart-Swift.h -working-directory /Users/mdd/zhk/kanpan -experimental-emit-module-separately -disable-cmo

SwiftMergeGeneratedHeaders /Users/mdd/zhk/kanpan/DerivedData-chart-foundation-ui/Build/Intermediates.noindex/GeneratedModuleMaps-iphonesimulator/KanpanChart-Swift.h /Users/mdd/zhk/kanpan/DerivedData-chart-foundation-ui/Build/Intermediates.noindex/KanpanChart.build/Debug-iphonesimulator/KanpanChart.build/Objects-normal/arm64/KanpanChart-Swift.h (in target 'KanpanChart' from project 'KanpanChart')
    cd /Users/mdd/zhk/kanpan/KanpanChart
    builtin-swiftHeaderTool -arch arm64 /Users/mdd/zhk/kanpan/DerivedData-chart-foundation-ui/Build/Intermediates.noindex/KanpanChart.build/Debug-iphonesimulator/KanpanChart.build/Objects-normal/arm64/KanpanChart-Swift.h -o /Users/mdd/zhk/kanpan/DerivedData-chart-foundation-ui/Build/Intermediates.noindex/GeneratedModuleMaps-iphonesimulator/KanpanChart-Swift.h

Copy /Users/mdd/zhk/kanpan/DerivedData-chart-foundation-ui/Build/Products/Debug-iphonesimulator/KanpanChart.swiftmodule/arm64-apple-ios-simulator.swiftmodule /Users/mdd/zhk/kanpan/DerivedData-chart-foundation-ui/Build/Intermediates.noindex/KanpanChart.build/Debug-iphonesimulator/KanpanChart.build/Objects-normal/arm64/KanpanChart.swiftmodule (in target 'KanpanChart' from project 'KanpanChart')
    cd /Users/mdd/zhk/kanpan/KanpanChart
    builtin-copy -exclude .DS_Store -exclude CVS -exclude .svn -exclude .git -exclude .hg -resolve-src-symlinks -rename /Users/mdd/zhk/kanpan/DerivedData-chart-foundation-ui/Build/Intermediates.noindex/KanpanChart.build/Debug-iphonesimulator/KanpanChart.build/Objects-normal/arm64/KanpanChart.swiftmodule /Users/mdd/zhk/kanpan/DerivedData-chart-foundation-ui/Build/Products/Debug-iphonesimulator/KanpanChart.swiftmodule/arm64-apple-ios-simulator.swiftmodule

Copy /Users/mdd/zhk/kanpan/DerivedData-chart-foundation-ui/Build/Products/Debug-iphonesimulator/KanpanChart.swiftmodule/arm64-apple-ios-simulator.swiftdoc /Users/mdd/zhk/kanpan/DerivedData-chart-foundation-ui/Build/Intermediates.noindex/KanpanChart.build/Debug-iphonesimulator/KanpanChart.build/Objects-normal/arm64/KanpanChart.swiftdoc (in target 'KanpanChart' from project 'KanpanChart')
    cd /Users/mdd/zhk/kanpan/KanpanChart
    builtin-copy -exclude .DS_Store -exclude CVS -exclude .svn -exclude .git -exclude .hg -resolve-src-symlinks -rename /Users/mdd/zhk/kanpan/DerivedData-chart-foundation-ui/Build/Intermediates.noindex/KanpanChart.build/Debug-iphonesimulator/KanpanChart.build/Objects-normal/arm64/KanpanChart.swiftdoc /Users/mdd/zhk/kanpan/DerivedData-chart-foundation-ui/Build/Products/Debug-iphonesimulator/KanpanChart.swiftmodule/arm64-apple-ios-simulator.swiftdoc

Copy /Users/mdd/zhk/kanpan/DerivedData-chart-foundation-ui/Build/Products/Debug-iphonesimulator/KanpanChart.swiftmodule/arm64-apple-ios-simulator.abi.json /Users/mdd/zhk/kanpan/DerivedData-chart-foundation-ui/Build/Intermediates.noindex/KanpanChart.build/Debug-iphonesimulator/KanpanChart.build/Objects-normal/arm64/KanpanChart.abi.json (in target 'KanpanChart' from project 'KanpanChart')
    cd /Users/mdd/zhk/kanpan/KanpanChart
    builtin-copy -exclude .DS_Store -exclude CVS -exclude .svn -exclude .git -exclude .hg -resolve-src-symlinks -rename /Users/mdd/zhk/kanpan/DerivedData-chart-foundation-ui/Build/Intermediates.noindex/KanpanChart.build/Debug-iphonesimulator/KanpanChart.build/Objects-normal/arm64/KanpanChart.abi.json /Users/mdd/zhk/kanpan/DerivedData-chart-foundation-ui/Build/Products/Debug-iphonesimulator/KanpanChart.swiftmodule/arm64-apple-ios-simulator.abi.json

Copy /Users/mdd/zhk/kanpan/DerivedData-chart-foundation-ui/Build/Products/Debug-iphonesimulator/KanpanChart.swiftmodule/Project/arm64-apple-ios-simulator.swiftsourceinfo /Users/mdd/zhk/kanpan/DerivedData-chart-foundation-ui/Build/Intermediates.noindex/KanpanChart.build/Debug-iphonesimulator/KanpanChart.build/Objects-normal/arm64/KanpanChart.swiftsourceinfo (in target 'KanpanChart' from project 'KanpanChart')
    cd /Users/mdd/zhk/kanpan/KanpanChart
    builtin-copy -exclude .DS_Store -exclude CVS -exclude .svn -exclude .git -exclude .hg -resolve-src-symlinks -rename /Users/mdd/zhk/kanpan/DerivedData-chart-foundation-ui/Build/Intermediates.noindex/KanpanChart.build/Debug-iphonesimulator/KanpanChart.build/Objects-normal/arm64/KanpanChart.swiftsourceinfo /Users/mdd/zhk/kanpan/DerivedData-chart-foundation-ui/Build/Products/Debug-iphonesimulator/KanpanChart.swiftmodule/Project/arm64-apple-ios-simulator.swiftsourceinfo

ProcessProductPackaging "" /Users/mdd/zhk/kanpan/DerivedData-chart-foundation-ui/Build/Intermediates.noindex/Kanpan.build/Debug-iphonesimulator/Kanpan.build/Kanpan.app-Simulated.xcent (in target 'Kanpan' from project 'Kanpan')
    cd /Users/mdd/zhk/kanpan/Kanpan
    
    Entitlements:
    
    {
    "application-identifier" = "27Y32PT2HZ.com.mdd.kanpan";
}
    
    builtin-productPackagingUtility -entitlements -format xml -o /Users/mdd/zhk/kanpan/DerivedData-chart-foundation-ui/Build/Intermediates.noindex/Kanpan.build/Debug-iphonesimulator/Kanpan.build/Kanpan.app-Simulated.xcent

ProcessProductPackagingDER /Users/mdd/zhk/kanpan/DerivedData-chart-foundation-ui/Build/Intermediates.noindex/Kanpan.build/Debug-iphonesimulator/Kanpan.build/Kanpan.app-Simulated.xcent /Users/mdd/zhk/kanpan/DerivedData-chart-foundation-ui/Build/Intermediates.noindex/Kanpan.build/Debug-iphonesimulator/Kanpan.build/Kanpan.app-Simulated.xcent.der (in target 'Kanpan' from project 'Kanpan')
    cd /Users/mdd/zhk/kanpan/Kanpan
    /usr/bin/derq query -f xml -i /Users/mdd/zhk/kanpan/DerivedData-chart-foundation-ui/Build/Intermediates.noindex/Kanpan.build/Debug-iphonesimulator/Kanpan.build/Kanpan.app-Simulated.xcent -o /Users/mdd/zhk/kanpan/DerivedData-chart-foundation-ui/Build/Intermediates.noindex/Kanpan.build/Debug-iphonesimulator/Kanpan.build/Kanpan.app-Simulated.xcent.der --raw

MkDir /Users/mdd/zhk/kanpan/DerivedData-chart-foundation-ui/Build/Intermediates.noindex/Kanpan.build/Debug-iphonesimulator/Kanpan.build/assetcatalog_output/unthinned (in target 'Kanpan' from project 'Kanpan')
    cd /Users/mdd/zhk/kanpan/Kanpan
    /bin/mkdir -p /Users/mdd/zhk/kanpan/DerivedData-chart-foundation-ui/Build/Intermediates.noindex/Kanpan.build/Debug-iphonesimulator/Kanpan.build/assetcatalog_output/unthinned

MkDir /Users/mdd/zhk/kanpan/DerivedData-chart-foundation-ui/Build/Intermediates.noindex/Kanpan.build/Debug-iphonesimulator/Kanpan.build/assetcatalog_output/thinned (in target 'Kanpan' from project 'Kanpan')
    cd /Users/mdd/zhk/kanpan/Kanpan
    /bin/mkdir -p /Users/mdd/zhk/kanpan/DerivedData-chart-foundation-ui/Build/Intermediates.noindex/Kanpan.build/Debug-iphonesimulator/Kanpan.build/assetcatalog_output/thinned

GenerateAssetSymbols /Users/mdd/zhk/kanpan/Kanpan/Kanpan/Assets.xcassets (in target 'Kanpan' from project 'Kanpan')
    cd /Users/mdd/zhk/kanpan/Kanpan
    /Applications/Xcode.app/Contents/Developer/usr/bin/actool /Users/mdd/zhk/kanpan/Kanpan/Kanpan/Assets.xcassets --compile /Users/mdd/zhk/kanpan/DerivedData-chart-foundation-ui/Build/Products/Debug-iphonesimulator/Kanpan.app --output-format human-readable-text --notices --warnings --export-dependency-info /Users/mdd/zhk/kanpan/DerivedData-chart-foundation-ui/Build/Intermediates.noindex/Kanpan.build/Debug-iphonesimulator/Kanpan.build/assetcatalog_dependencies --output-partial-info-plist /Users/mdd/zhk/kanpan/DerivedData-chart-foundation-ui/Build/Intermediates.noindex/Kanpan.build/Debug-iphonesimulator/Kanpan.build/assetcatalog_generated_info.plist --app-icon AppIcon --accent-color AccentColor --compress-pngs --enable-on-demand-resources YES --development-region zh-Hans --target-device iphone --target-device ipad --minimum-deployment-target 17.0 --platform iphonesimulator --bundle-identifier com.mdd.kanpan --generate-swift-asset-symbol-extensions NO --generate-swift-asset-symbols /Users/mdd/zhk/kanpan/DerivedData-chart-foundation-ui/Build/Intermediates.noindex/Kanpan.build/Debug-iphonesimulator/Kanpan.build/DerivedSources/GeneratedAssetSymbols.swift --generate-objc-asset-symbols /Users/mdd/zhk/kanpan/DerivedData-chart-foundation-ui/Build/Intermediates.noindex/Kanpan.build/Debug-iphonesimulator/Kanpan.build/DerivedSources/GeneratedAssetSymbols.h --generate-asset-symbol-index /Users/mdd/zhk/kanpan/DerivedData-chart-foundation-ui/Build/Intermediates.noindex/Kanpan.build/Debug-iphonesimulator/Kanpan.build/DerivedSources/GeneratedAssetSymbols-Index.plist
/* com.apple.actool.compilation-results */
/Users/mdd/zhk/kanpan/DerivedData-chart-foundation-ui/Build/Intermediates.noindex/Kanpan.build/Debug-iphonesimulator/Kanpan.build/DerivedSources/GeneratedAssetSymbols-Index.plist
/Users/mdd/zhk/kanpan/DerivedData-chart-foundation-ui/Build/Intermediates.noindex/Kanpan.build/Debug-iphonesimulator/Kanpan.build/DerivedSources/GeneratedAssetSymbols.h
/Users/mdd/zhk/kanpan/DerivedData-chart-foundation-ui/Build/Intermediates.noindex/Kanpan.build/Debug-iphonesimulator/Kanpan.build/DerivedSources/GeneratedAssetSymbols.swift


CompileAssetCatalogVariant thinned /Users/mdd/zhk/kanpan/DerivedData-chart-foundation-ui/Build/Products/Debug-iphonesimulator/Kanpan.app /Users/mdd/zhk/kanpan/Kanpan/Kanpan/Assets.xcassets (in target 'Kanpan' from project 'Kanpan')
    cd /Users/mdd/zhk/kanpan/Kanpan
    /Applications/Xcode.app/Contents/Developer/usr/bin/actool /Users/mdd/zhk/kanpan/Kanpan/Kanpan/Assets.xcassets --compile /Users/mdd/zhk/kanpan/DerivedData-chart-foundation-ui/Build/Intermediates.noindex/Kanpan.build/Debug-iphonesimulator/Kanpan.build/assetcatalog_output/thinned --output-format human-readable-text --notices --warnings --export-dependency-info /Users/mdd/zhk/kanpan/DerivedData-chart-foundation-ui/Build/Intermediates.noindex/Kanpan.build/Debug-iphonesimulator/Kanpan.build/assetcatalog_dependencies_thinned --output-partial-info-plist /Users/mdd/zhk/kanpan/DerivedData-chart-foundation-ui/Build/Intermediates.noindex/Kanpan.build/Debug-iphonesimulator/Kanpan.build/assetcatalog_generated_info.plist_thinned --app-icon AppIcon --accent-color AccentColor --compress-pngs --enable-on-demand-resources YES --filter-for-thinning-device-configuration iPhone18,1 --filter-for-device-os-version 26.5 --development-region zh-Hans --target-device iphone --target-device ipad --minimum-deployment-target 17.0 --platform iphonesimulator
/* com.apple.actool.compilation-results */
/Users/mdd/zhk/kanpan/DerivedData-chart-foundation-ui/Build/Intermediates.noindex/Kanpan.build/Debug-iphonesimulator/Kanpan.build/assetcatalog_generated_info.plist_thinned


SwiftDriver Kanpan normal arm64 com.apple.xcode.tools.swift.compiler (in target 'Kanpan' from project 'Kanpan')
    cd /Users/mdd/zhk/kanpan/Kanpan
    builtin-SwiftDriver -- /Applications/Xcode.app/Contents/Developer/Toolchains/XcodeDefault.xctoolchain/usr/bin/swiftc -module-name Kanpan -Onone @/Users/mdd/zhk/kanpan/DerivedData-chart-foundation-ui/Build/Intermediates.noindex/Kanpan.build/Debug-iphonesimulator/Kanpan.build/Objects-normal/arm64/Kanpan.SwiftFileList -DDEBUG -enable-experimental-feature DebugDescriptionMacro -sdk /Applications/Xcode.app/Contents/Developer/Platforms/iPhoneSimulator.platform/Developer/SDKs/iPhoneSimulator26.5.sdk -target arm64-apple-ios17.0-simulator -g -module-cache-path /Users/mdd/zhk/kanpan/DerivedData-chart-foundation-ui/ModuleCache.noindex -Xfrontend -serialize-debugging-options -enable-testing -index-store-path /Users/mdd/zhk/kanpan/DerivedData-chart-foundation-ui/Index.noindex/DataStore -Xcc -D_LIBCPP_HARDENING_MODE\=_LIBCPP_HARDENING_MODE_DEBUG -swift-version 6 -I /Users/mdd/zhk/kanpan/DerivedData-chart-foundation-ui/Build/Products/Debug-iphonesimulator -F /Users/mdd/zhk/kanpan/DerivedData-chart-foundation-ui/Build/Products/Debug-iphonesimulator/PackageFrameworks -F /Users/mdd/zhk/kanpan/DerivedData-chart-foundation-ui/Build/Products/Debug-iphonesimulator/PackageFrameworks -F /Users/mdd/zhk/kanpan/DerivedData-chart-foundation-ui/Build/Products/Debug-iphonesimulator/PackageFrameworks -F /Users/mdd/zhk/kanpan/DerivedData-chart-foundation-ui/Build/Products/Debug-iphonesimulator -emit-localized-strings -emit-localized-strings-path /Users/mdd/zhk/kanpan/DerivedData-chart-foundation-ui/Build/Intermediates.noindex/Kanpan.build/Debug-iphonesimulator/Kanpan.build/Objects-normal/arm64 -c -j10 -enable-batch-mode -incremental -Xcc -ivfsstatcache -Xcc /Users/mdd/zhk/kanpan/DerivedData-chart-foundation-ui/SDKStatCaches.noindex/iphonesimulator26.5-23F81a-6cfe768891a92b912361537c460fe42b.sdkstatcache -output-file-map /Users/mdd/zhk/kanpan/DerivedData-chart-foundation-ui/Build/Intermediates.noindex/Kanpan.build/Debug-iphonesimulator/Kanpan.build/Objects-normal/arm64/Kanpan-OutputFileMap.json -use-frontend-parseable-output -save-temps -no-color-diagnostics -explicit-module-build -module-cache-path /Users/mdd/zhk/kanpan/DerivedData-chart-foundation-ui/Build/Intermediates.noindex/SwiftExplicitPrecompiledModules -clang-scanner-module-cache-path /Users/mdd/zhk/kanpan/DerivedData-chart-foundation-ui/ModuleCache.noindex -sdk-module-cache-path /Users/mdd/zhk/kanpan/DerivedData-chart-foundation-ui/ModuleCache.noindex -serialize-diagnostics -emit-dependencies -emit-module -emit-module-path /Users/mdd/zhk/kanpan/DerivedData-chart-foundation-ui/Build/Intermediates.noindex/Kanpan.build/Debug-iphonesimulator/Kanpan.build/Objects-normal/arm64/Kanpan.swiftmodule -validate-clang-modules-once -clang-build-session-file /Users/mdd/zhk/kanpan/DerivedData-chart-foundation-ui/ModuleCache.noindex/Session.modulevalidation -Xcc -I/Users/mdd/zhk/kanpan/DerivedData-chart-foundation-ui/Build/Intermediates.noindex/Kanpan.build/Debug-iphonesimulator/Kanpan.build/swift-overrides.hmap -emit-const-values -Xfrontend -const-gather-protocols-file -Xfrontend /Users/mdd/zhk/kanpan/DerivedData-chart-foundation-ui/Build/Intermediates.noindex/Kanpan.build/Debug-iphonesimulator/Kanpan.build/Objects-normal/arm64/Kanpan_const_extract_protocols.json -Xcc -iquote -Xcc /Users/mdd/zhk/kanpan/DerivedData-chart-foundation-ui/Build/Intermediates.noindex/Kanpan.build/Debug-iphonesimulator/Kanpan.build/Kanpan-generated-files.hmap -Xcc -I/Users/mdd/zhk/kanpan/DerivedData-chart-foundation-ui/Build/Intermediates.noindex/Kanpan.build/Debug-iphonesimulator/Kanpan.build/Kanpan-own-target-headers.hmap -Xcc -I/Users/mdd/zhk/kanpan/DerivedData-chart-foundation-ui/Build/Intermediates.noindex/Kanpan.build/Debug-iphonesimulator/Kanpan.build/Kanpan-all-non-framework-target-headers.hmap -Xcc -ivfsoverlay -Xcc /Users/mdd/zhk/kanpan/DerivedData-chart-foundation-ui/Build/Intermediates.noindex/Kanpan.build/Debug-iphonesimulator/Kanpan-88f8e4f6458ff7f878983357411ed85c-VFS-iphonesimulator/all-product-headers.yaml -Xcc -iquote -Xcc /Users/mdd/zhk/kanpan/DerivedData-chart-foundation-ui/Build/Intermediates.noindex/Kanpan.build/Debug-iphonesimulator/Kanpan.build/Kanpan-project-headers.hmap -Xcc -I/Users/mdd/zhk/kanpan/DerivedData-chart-foundation-ui/Build/Products/Debug-iphonesimulator/include -Xcc -I/Users/mdd/zhk/kanpan/DerivedData-chart-foundation-ui/Build/Intermediates.noindex/Kanpan.build/Debug-iphonesimulator/Kanpan.build/DerivedSources-normal/arm64 -Xcc -I/Users/mdd/zhk/kanpan/DerivedData-chart-foundation-ui/Build/Intermediates.noindex/Kanpan.build/Debug-iphonesimulator/Kanpan.build/DerivedSources/arm64 -Xcc -I/Users/mdd/zhk/kanpan/DerivedData-chart-foundation-ui/Build/Intermediates.noindex/Kanpan.build/Debug-iphonesimulator/Kanpan.build/DerivedSources -emit-objc-header -emit-objc-header-path /Users/mdd/zhk/kanpan/DerivedData-chart-foundation-ui/Build/Intermediates.noindex/Kanpan.build/Debug-iphonesimulator/Kanpan.build/Objects-normal/arm64/Kanpan-Swift.h -working-directory /Users/mdd/zhk/kanpan/Kanpan -experimental-emit-module-separately -disable-cmo

SwiftDriverJobDiscovery normal arm64 Compiling ChartRenderer+Probe.swift (in target 'KanpanChart' from project 'KanpanChart')

SwiftExplicitDependencyGeneratePcm arm64 /Users/mdd/zhk/kanpan/DerivedData-chart-foundation-ui/ModuleCache.noindex/_AvailabilityInternal-9NHK5D3DBVC6YJ9GFMAQ5HEXZ.pcm

SwiftExplicitDependencyGeneratePcm arm64 /Users/mdd/zhk/kanpan/DerivedData-chart-foundation-ui/ModuleCache.noindex/_Builtin_stdarg-3VWY1SRZ4LRO7WK71VI340NKG.pcm

SwiftExplicitDependencyGeneratePcm arm64 /Users/mdd/zhk/kanpan/DerivedData-chart-foundation-ui/ModuleCache.noindex/SwiftShims-89YWNTIGOUMOL9BWE6VNRGHX2.pcm

SwiftExplicitDependencyGeneratePcm arm64 /Users/mdd/zhk/kanpan/DerivedData-chart-foundation-ui/ModuleCache.noindex/_Builtin_float-3H7AAU63BN6CKQHZD1X7IJ1D5.pcm

SwiftExplicitDependencyGeneratePcm arm64 /Users/mdd/zhk/kanpan/DerivedData-chart-foundation-ui/ModuleCache.noindex/ptrcheck-75Y5GT1L56LRXG6ZXS4349W6N.pcm

SwiftExplicitDependencyGeneratePcm arm64 /Users/mdd/zhk/kanpan/DerivedData-chart-foundation-ui/ModuleCache.noindex/_SwiftConcurrencyShims-3AFC30PJ5KGR6S1MAHL7C1QQE.pcm

SwiftExplicitDependencyGeneratePcm arm64 /Users/mdd/zhk/kanpan/DerivedData-chart-foundation-ui/ModuleCache.noindex/_Builtin_stddef-AA3O9CCUQSMEIRT76G305BBC9.pcm

SwiftExplicitDependencyGeneratePcm arm64 /Users/mdd/zhk/kanpan/DerivedData-chart-foundation-ui/ModuleCache.noindex/_DarwinFoundation1-BA69271MI9L2FYHRMMAVL7YEO.pcm

SwiftExplicitDependencyGeneratePcm arm64 /Users/mdd/zhk/kanpan/DerivedData-chart-foundation-ui/ModuleCache.noindex/ptrauth-3J37U1EALBETGW717HDAT2L6G.pcm

SwiftExplicitDependencyGeneratePcm arm64 /Users/mdd/zhk/kanpan/DerivedData-chart-foundation-ui/ModuleCache.noindex/DeveloperToolsSupport-7GC14UAU2ABTRUMUYS3H3RP03.pcm

SwiftExplicitDependencyGeneratePcm arm64 /Users/mdd/zhk/kanpan/DerivedData-chart-foundation-ui/ModuleCache.noindex/_DarwinFoundation2-8A6E9K0CWQVRKSAPK5WBVIAC0.pcm

SwiftExplicitDependencyGeneratePcm arm64 /Users/mdd/zhk/kanpan/DerivedData-chart-foundation-ui/ModuleCache.noindex/_Builtin_limits-4J6IPYDB9BLWS07MV7JPWTWVM.pcm

SwiftExplicitDependencyGeneratePcm arm64 /Users/mdd/zhk/kanpan/DerivedData-chart-foundation-ui/ModuleCache.noindex/_Builtin_stdbool-27H2MDIRSOQ7EDYP2HVP29Y1P.pcm

SwiftDriverJobDiscovery normal arm64 Compiling ChartRenderer+Layers.swift (in target 'KanpanChart' from project 'KanpanChart')

SwiftDriverJobDiscovery normal arm64 Compiling Paint.swift (in target 'KanpanChart' from project 'KanpanChart')

SwiftExplicitDependencyGeneratePcm arm64 /Users/mdd/zhk/kanpan/DerivedData-chart-foundation-ui/ModuleCache.noindex/_Builtin_tgmath-833RG67VW71BAQ6MWP48Z9I4R.pcm

SwiftExplicitDependencyGeneratePcm arm64 /Users/mdd/zhk/kanpan/DerivedData-chart-foundation-ui/ModuleCache.noindex/sys_types-3IGAXGWBVPQHPUDWZOQF4G4K7.pcm

SwiftExplicitDependencyGeneratePcm arm64 /Users/mdd/zhk/kanpan/DerivedData-chart-foundation-ui/ModuleCache.noindex/_Builtin_stdint-CI18I6T38IV24GNI7F0O2HZJR.pcm

SwiftExplicitDependencyGeneratePcm arm64 /Users/mdd/zhk/kanpan/DerivedData-chart-foundation-ui/ModuleCache.noindex/_DarwinFoundation3-EM4S4M3X9RYJKNF992L78QDPX.pcm

SwiftExplicitDependencyGeneratePcm arm64 /Users/mdd/zhk/kanpan/DerivedData-chart-foundation-ui/ModuleCache.noindex/_Builtin_intrinsics-ETUNGC3Q82EMMVZVZPCJIJEB1.pcm

SwiftExplicitDependencyGeneratePcm arm64 /Users/mdd/zhk/kanpan/DerivedData-chart-foundation-ui/ModuleCache.noindex/_Builtin_stdatomic-1EKWS3LEX5S0SCUZ4L7S5V6TB.pcm

SwiftDriverJobDiscovery normal arm64 Compiling ChartRenderer+Sub.swift (in target 'KanpanChart' from project 'KanpanChart')

SwiftDriverJobDiscovery normal arm64 Compiling ChartRenderer.swift (in target 'KanpanChart' from project 'KanpanChart')

SwiftDriverJobDiscovery normal arm64 Compiling ChartView+Gesture.swift (in target 'KanpanChart' from project 'KanpanChart')

SwiftDriverJobDiscovery normal arm64 Compiling ChartView.swift (in target 'KanpanChart' from project 'KanpanChart')

SwiftDriverJobDiscovery normal arm64 Compiling ChartView+Drawing.swift (in target 'KanpanChart' from project 'KanpanChart')

SwiftDriver\ Compilation KanpanChart normal arm64 com.apple.xcode.tools.swift.compiler (in target 'KanpanChart' from project 'KanpanChart')
    cd /Users/mdd/zhk/kanpan
    builtin-Swift-Compilation -- /Applications/Xcode.app/Contents/Developer/Toolchains/XcodeDefault.xctoolchain/usr/bin/swiftc -module-name KanpanChart -Onone @/Users/mdd/zhk/kanpan/DerivedData-chart-foundation-ui/Build/Intermediates.noindex/KanpanChart.build/Debug-iphonesimulator/KanpanChart.build/Objects-normal/arm64/KanpanChart.SwiftFileList -DSWIFT_PACKAGE -DDEBUG -DSWIFT_MODULE_RESOURCE_BUNDLE_UNAVAILABLE -DXcode -plugin-path /Applications/Xcode.app/Contents/Developer/Toolchains/XcodeDefault.xctoolchain/usr/lib/swift/host/plugins/testing -enable-experimental-feature DebugDescriptionMacro -sdk /Applications/Xcode.app/Contents/Developer/Platforms/iPhoneSimulator.platform/Developer/SDKs/iPhoneSimulator26.5.sdk -target arm64-apple-ios17.0-simulator -g -module-cache-path /Users/mdd/zhk/kanpan/DerivedData-chart-foundation-ui/ModuleCache.noindex -Xfrontend -serialize-debugging-options -enable-testing -suppress-warnings -index-store-path /Users/mdd/zhk/kanpan/DerivedData-chart-foundation-ui/Index.noindex/DataStore -Xcc -D_LIBCPP_HARDENING_MODE\=_LIBCPP_HARDENING_MODE_DEBUG -swift-version 6 -I /Users/mdd/zhk/kanpan/DerivedData-chart-foundation-ui/Build/Products/Debug-iphonesimulator -Isystem /Applications/Xcode.app/Contents/Developer/Platforms/iPhoneSimulator.platform/Developer/usr/lib -F /Users/mdd/zhk/kanpan/DerivedData-chart-foundation-ui/Build/Products/Debug-iphonesimulator/PackageFrameworks -F /Users/mdd/zhk/kanpan/DerivedData-chart-foundation-ui/Build/Products/Debug-iphonesimulator -F /Applications/Xcode.app/Contents/Developer/Platforms/iPhoneSimulator.platform/Developer/Library/Frameworks -F /Applications/Xcode.app/Contents/Developer/Platforms/iPhoneSimulator.platform/Developer/SDKs/iPhoneSimulator26.5.sdk/Developer/Library/Frameworks -c -j10 -enable-batch-mode -incremental -Xcc -ivfsstatcache -Xcc /Users/mdd/zhk/kanpan/DerivedData-chart-foundation-ui/SDKStatCaches.noindex/iphonesimulator26.5-23F81a-6cfe768891a92b912361537c460fe42b.sdkstatcache -output-file-map /Users/mdd/zhk/kanpan/DerivedData-chart-foundation-ui/Build/Intermediates.noindex/KanpanChart.build/Debug-iphonesimulator/KanpanChart.build/Objects-normal/arm64/KanpanChart-OutputFileMap.json -use-frontend-parseable-output -save-temps -no-color-diagnostics -explicit-module-build -module-cache-path /Users/mdd/zhk/kanpan/DerivedData-chart-foundation-ui/Build/Intermediates.noindex/SwiftExplicitPrecompiledModules -clang-scanner-module-cache-path /Users/mdd/zhk/kanpan/DerivedData-chart-foundation-ui/ModuleCache.noindex -sdk-module-cache-path /Users/mdd/zhk/kanpan/DerivedData-chart-foundation-ui/ModuleCache.noindex -serialize-diagnostics -emit-dependencies -emit-module -emit-module-path /Users/mdd/zhk/kanpan/DerivedData-chart-foundation-ui/Build/Intermediates.noindex/KanpanChart.build/Debug-iphonesimulator/KanpanChart.build/Objects-normal/arm64/KanpanChart.swiftmodule -validate-clang-modules-once -clang-build-session-file /Users/mdd/zhk/kanpan/DerivedData-chart-foundation-ui/ModuleCache.noindex/Session.modulevalidation -package-name kanpanchart -Xcc -I/Users/mdd/zhk/kanpan/DerivedData-chart-foundation-ui/Build/Intermediates.noindex/KanpanChart.build/Debug-iphonesimulator/KanpanChart.build/swift-overrides.hmap -emit-const-values -Xfrontend -const-gather-protocols-file -Xfrontend /Users/mdd/zhk/kanpan/DerivedData-chart-foundation-ui/Build/Intermediates.noindex/KanpanChart.build/Debug-iphonesimulator/KanpanChart.build/Objects-normal/arm64/KanpanChart_const_extract_protocols.json -Xcc -I/Users/mdd/zhk/kanpan/DerivedData-chart-foundation-ui/Build/Products/Debug-iphonesimulator/include -Xcc -I/Users/mdd/zhk/kanpan/DerivedData-chart-foundation-ui/Build/Intermediates.noindex/KanpanChart.build/Debug-iphonesimulator/KanpanChart.build/DerivedSources-normal/arm64 -Xcc -I/Users/mdd/zhk/kanpan/DerivedData-chart-foundation-ui/Build/Intermediates.noindex/KanpanChart.build/Debug-iphonesimulator/KanpanChart.build/DerivedSources/arm64 -Xcc -I/Users/mdd/zhk/kanpan/DerivedData-chart-foundation-ui/Build/Intermediates.noindex/KanpanChart.build/Debug-iphonesimulator/KanpanChart.build/DerivedSources -Xcc -DSWIFT_PACKAGE -Xcc -DDEBUG\=1 -emit-objc-header -emit-objc-header-path /Users/mdd/zhk/kanpan/DerivedData-chart-foundation-ui/Build/Intermediates.noindex/KanpanChart.build/Debug-iphonesimulator/KanpanChart.build/Objects-normal/arm64/KanpanChart-Swift.h -working-directory /Users/mdd/zhk/kanpan -experimental-emit-module-separately -disable-cmo

Ld /Users/mdd/zhk/kanpan/DerivedData-chart-foundation-ui/Build/Products/Debug-iphonesimulator/KanpanChart.o normal (in target 'KanpanChart' from project 'KanpanChart')
    cd /Users/mdd/zhk/kanpan/KanpanChart
    /Applications/Xcode.app/Contents/Developer/Toolchains/XcodeDefault.xctoolchain/usr/bin/clang -Xlinker -reproducible -target arm64-apple-ios17.0-simulator -r -isysroot /Applications/Xcode.app/Contents/Developer/Platforms/iPhoneSimulator.platform/Developer/SDKs/iPhoneSimulator26.5.sdk -O0 -w -F/Users/mdd/zhk/kanpan/DerivedData-chart-foundation-ui/Build/Intermediates.noindex/EagerLinkingTBDs/Debug-iphonesimulator -F/Users/mdd/zhk/kanpan/DerivedData-chart-foundation-ui/Build/Products/Debug-iphonesimulator/PackageFrameworks -F/Users/mdd/zhk/kanpan/DerivedData-chart-foundation-ui/Build/Products/Debug-iphonesimulator -iframework /Applications/Xcode.app/Contents/Developer/Platforms/iPhoneSimulator.platform/Developer/Library/Frameworks -iframework /Applications/Xcode.app/Contents/Developer/Platforms/iPhoneSimulator.platform/Developer/SDKs/iPhoneSimulator26.5.sdk/Developer/Library/Frameworks -filelist /Users/mdd/zhk/kanpan/DerivedData-chart-foundation-ui/Build/Intermediates.noindex/KanpanChart.build/Debug-iphonesimulator/KanpanChart.build/Objects-normal/arm64/KanpanChart.LinkFileList -nostdlib -Xlinker -object_path_lto -Xlinker /Users/mdd/zhk/kanpan/DerivedData-chart-foundation-ui/Build/Intermediates.noindex/KanpanChart.build/Debug-iphonesimulator/KanpanChart.build/Objects-normal/arm64/KanpanChart_lto.o -Xlinker -no_deduplicate -Xlinker -objc_abi_version -Xlinker 2 -Xlinker -dependency_info -Xlinker /Users/mdd/zhk/kanpan/DerivedData-chart-foundation-ui/Build/Intermediates.noindex/KanpanChart.build/Debug-iphonesimulator/KanpanChart.build/Objects-normal/arm64/KanpanChart_dependency_info.dat -fobjc-link-runtime -L/Applications/Xcode.app/Contents/Developer/Toolchains/XcodeDefault.xctoolchain/usr/lib/swift/iphonesimulator -L/usr/lib/swift -Xlinker -add_ast_path -Xlinker /Users/mdd/zhk/kanpan/DerivedData-chart-foundation-ui/Build/Intermediates.noindex/KanpanChart.build/Debug-iphonesimulator/KanpanChart.build/Objects-normal/arm64/KanpanChart.swiftmodule @/Users/mdd/zhk/kanpan/DerivedData-chart-foundation-ui/Build/Intermediates.noindex/KanpanChart.build/Debug-iphonesimulator/KanpanChart.build/Objects-normal/arm64/KanpanChart-linker-args.resp -o /Users/mdd/zhk/kanpan/DerivedData-chart-foundation-ui/Build/Products/Debug-iphonesimulator/KanpanChart.o

SwiftExplicitDependencyGeneratePcm arm64 /Users/mdd/zhk/kanpan/DerivedData-chart-foundation-ui/ModuleCache.noindex/_Builtin_inttypes-34RNV6QCKASMMOBBDLRY020LY.pcm

ExtractAppIntentsMetadata (in target 'KanpanChart' from project 'KanpanChart')
    cd /Users/mdd/zhk/kanpan/KanpanChart
    /Applications/Xcode.app/Contents/Developer/Toolchains/XcodeDefault.xctoolchain/usr/bin/appintentsmetadataprocessor --toolchain-dir /Applications/Xcode.app/Contents/Developer/Toolchains/XcodeDefault.xctoolchain --module-name KanpanChart --sdk-root /Applications/Xcode.app/Contents/Developer/Platforms/iPhoneSimulator.platform/Developer/SDKs/iPhoneSimulator26.5.sdk --xcode-version 17F113 --platform-family iOS --deployment-target 17.0 --bundle-identifier kanpanchart.KanpanChart --output /Users/mdd/zhk/kanpan/DerivedData-chart-foundation-ui/Build/Products/Debug-iphonesimulator/KanpanChart.appintents --target-triple arm64-apple-ios17.0-simulator --binary-file /Users/mdd/zhk/kanpan/DerivedData-chart-foundation-ui/Build/Products/Debug-iphonesimulator/KanpanChart.o --dependency-file /Users/mdd/zhk/kanpan/DerivedData-chart-foundation-ui/Build/Intermediates.noindex/KanpanChart.build/Debug-iphonesimulator/KanpanChart.build/Objects-normal/arm64/KanpanChart_dependency_info.dat --stringsdata-file /Users/mdd/zhk/kanpan/DerivedData-chart-foundation-ui/Build/Intermediates.noindex/KanpanChart.build/Debug-iphonesimulator/KanpanChart.build/Objects-normal/arm64/ExtractedAppShortcutsMetadata.stringsdata --source-file-list /Users/mdd/zhk/kanpan/DerivedData-chart-foundation-ui/Build/Intermediates.noindex/KanpanChart.build/Debug-iphonesimulator/KanpanChart.build/Objects-normal/arm64/KanpanChart.SwiftFileList --metadata-file-list /Users/mdd/zhk/kanpan/DerivedData-chart-foundation-ui/Build/Intermediates.noindex/KanpanChart.build/Debug-iphonesimulator/KanpanChart.build/KanpanChart.DependencyMetadataFileList --static-metadata-file-list /Users/mdd/zhk/kanpan/DerivedData-chart-foundation-ui/Build/Intermediates.noindex/KanpanChart.build/Debug-iphonesimulator/KanpanChart.build/KanpanChart.DependencyStaticMetadataFileList --swift-const-vals-list /Users/mdd/zhk/kanpan/DerivedData-chart-foundation-ui/Build/Intermediates.noindex/KanpanChart.build/Debug-iphonesimulator/KanpanChart.build/Objects-normal/arm64/KanpanChart.SwiftConstValuesFileList --force --compile-time-extraction --deployment-aware-processing --validate-assistant-intents --no-app-shortcuts-localization
2026-09-14 23:41:22.871 appintentsmetadataprocessor[87729:31631757] Starting appintentsmetadataprocessor export
2026-09-14 23:41:22.880 appintentsmetadataprocessor[87729:31631757] Extracted no relevant App Intents symbols, skipping writing output

SwiftExplicitDependencyGeneratePcm arm64 /Users/mdd/zhk/kanpan/DerivedData-chart-foundation-ui/ModuleCache.noindex/Darwin-2I22RMD6X1ZVYEFV8KTE97U8Y.pcm

RegisterExecutionPolicyException /Users/mdd/zhk/kanpan/DerivedData-chart-foundation-ui/Build/Products/Debug-iphonesimulator/KanpanChart.o (in target 'KanpanChart' from project 'KanpanChart')
    cd /Users/mdd/zhk/kanpan/KanpanChart
    builtin-RegisterExecutionPolicyException /Users/mdd/zhk/kanpan/DerivedData-chart-foundation-ui/Build/Products/Debug-iphonesimulator/KanpanChart.o

Ld /Users/mdd/zhk/kanpan/DerivedData-chart-foundation-ui/Build/Products/Debug-iphonesimulator/Kanpan.app/__preview.dylib normal (in target 'Kanpan' from project 'Kanpan')
    cd /Users/mdd/zhk/kanpan/Kanpan
    /Applications/Xcode.app/Contents/Developer/Toolchains/XcodeDefault.xctoolchain/usr/bin/clang -Xlinker -reproducible -target arm64-apple-ios17.0-simulator -dynamiclib -isysroot /Applications/Xcode.app/Contents/Developer/Platforms/iPhoneSimulator.platform/Developer/SDKs/iPhoneSimulator26.5.sdk -O0 -L/Users/mdd/zhk/kanpan/DerivedData-chart-foundation-ui/Build/Products/Debug-iphonesimulator -F/Users/mdd/zhk/kanpan/DerivedData-chart-foundation-ui/Build/Products/Debug-iphonesimulator/PackageFrameworks -F/Users/mdd/zhk/kanpan/DerivedData-chart-foundation-ui/Build/Products/Debug-iphonesimulator/PackageFrameworks -F/Users/mdd/zhk/kanpan/DerivedData-chart-foundation-ui/Build/Products/Debug-iphonesimulator/PackageFrameworks -F/Users/mdd/zhk/kanpan/DerivedData-chart-foundation-ui/Build/Products/Debug-iphonesimulator -install_name @rpath/Kanpan.debug.dylib -Xlinker -dead_strip -rdynamic -Xlinker -no_deduplicate -Xlinker -objc_abi_version -Xlinker 2 -Xlinker -dependency_info -Xlinker /Users/mdd/zhk/kanpan/DerivedData-chart-foundation-ui/Build/Intermediates.noindex/Kanpan.build/Debug-iphonesimulator/Kanpan.build/Objects-normal/arm64/Kanpan_dependency_info.dat -Xlinker -sectcreate -Xlinker __TEXT -Xlinker __entitlements -Xlinker /Users/mdd/zhk/kanpan/DerivedData-chart-foundation-ui/Build/Intermediates.noindex/Kanpan.build/Debug-iphonesimulator/Kanpan.build/Kanpan.app-Simulated.xcent -Xlinker -sectcreate -Xlinker __TEXT -Xlinker __ents_der -Xlinker /Users/mdd/zhk/kanpan/DerivedData-chart-foundation-ui/Build/Intermediates.noindex/Kanpan.build/Debug-iphonesimulator/Kanpan.build/Kanpan.app-Simulated.xcent.der -Xlinker -no_adhoc_codesign -o /Users/mdd/zhk/kanpan/DerivedData-chart-foundation-ui/Build/Products/Debug-iphonesimulator/Kanpan.app/__preview.dylib

SwiftExplicitDependencyGeneratePcm arm64 /Users/mdd/zhk/kanpan/DerivedData-chart-foundation-ui/ModuleCache.noindex/simd-9J7M2SJ4PUTFSWHTKVOZD3M3A.pcm

SwiftExplicitDependencyGeneratePcm arm64 /Users/mdd/zhk/kanpan/DerivedData-chart-foundation-ui/ModuleCache.noindex/Compression-B1A3UJSL82SQOMTWX0XBGLQ7M.pcm

SwiftExplicitDependencyGeneratePcm arm64 /Users/mdd/zhk/kanpan/DerivedData-chart-foundation-ui/ModuleCache.noindex/ObjectiveC-4HPZZTS5DUPAABHWDPC508N4V.pcm

SwiftExplicitDependencyGeneratePcm arm64 /Users/mdd/zhk/kanpan/DerivedData-chart-foundation-ui/ModuleCache.noindex/MachO-BKTAL9OKQCBJ9I9XCB15UVI56.pcm

SwiftExplicitDependencyGeneratePcm arm64 /Users/mdd/zhk/kanpan/DerivedData-chart-foundation-ui/ModuleCache.noindex/os_object-73CRBWO8BMJQKN3EF0G7VSW21.pcm

SwiftExplicitDependencyGeneratePcm arm64 /Users/mdd/zhk/kanpan/DerivedData-chart-foundation-ui/ModuleCache.noindex/os_workgroup-3DMD2B7UCWLO5E2NYJTS9NRIE.pcm

SwiftExplicitDependencyGeneratePcm arm64 /Users/mdd/zhk/kanpan/DerivedData-chart-foundation-ui/ModuleCache.noindex/Spatial-4G1SCSZVN05FB4PCOSPCX0CJ8.pcm

SwiftExplicitDependencyGeneratePcm arm64 /Users/mdd/zhk/kanpan/DerivedData-chart-foundation-ui/ModuleCache.noindex/Dispatch-2IS3QWS816M98WQUG24UUKTS5.pcm

SwiftExplicitDependencyGeneratePcm arm64 /Users/mdd/zhk/kanpan/DerivedData-chart-foundation-ui/ModuleCache.noindex/CoreFoundation-AX8F0I4FF7ZG301WQ3X9QI5IU.pcm

SwiftExplicitDependencyGeneratePcm arm64 /Users/mdd/zhk/kanpan/DerivedData-chart-foundation-ui/ModuleCache.noindex/XPC-6IUFY7QPHHBPK3PPJURL73D6F.pcm

SwiftExplicitDependencyGeneratePcm arm64 /Users/mdd/zhk/kanpan/DerivedData-chart-foundation-ui/ModuleCache.noindex/os-5T9TMOD96XJ5YEQEZBBO1B4MH.pcm

LinkAssetCatalog /Users/mdd/zhk/kanpan/Kanpan/Kanpan/Assets.xcassets (in target 'Kanpan' from project 'Kanpan')
    cd /Users/mdd/zhk/kanpan/Kanpan
    builtin-linkAssetCatalog --thinned /Users/mdd/zhk/kanpan/DerivedData-chart-foundation-ui/Build/Intermediates.noindex/Kanpan.build/Debug-iphonesimulator/Kanpan.build/assetcatalog_output/thinned --thinned-dependencies /Users/mdd/zhk/kanpan/DerivedData-chart-foundation-ui/Build/Intermediates.noindex/Kanpan.build/Debug-iphonesimulator/Kanpan.build/assetcatalog_dependencies_thinned --thinned-info-plist-content /Users/mdd/zhk/kanpan/DerivedData-chart-foundation-ui/Build/Intermediates.noindex/Kanpan.build/Debug-iphonesimulator/Kanpan.build/assetcatalog_generated_info.plist_thinned --unthinned /Users/mdd/zhk/kanpan/DerivedData-chart-foundation-ui/Build/Intermediates.noindex/Kanpan.build/Debug-iphonesimulator/Kanpan.build/assetcatalog_output/unthinned --unthinned-dependencies /Users/mdd/zhk/kanpan/DerivedData-chart-foundation-ui/Build/Intermediates.noindex/Kanpan.build/Debug-iphonesimulator/Kanpan.build/assetcatalog_dependencies_unthinned --unthinned-info-plist-content /Users/mdd/zhk/kanpan/DerivedData-chart-foundation-ui/Build/Intermediates.noindex/Kanpan.build/Debug-iphonesimulator/Kanpan.build/assetcatalog_generated_info.plist_unthinned --output /Users/mdd/zhk/kanpan/DerivedData-chart-foundation-ui/Build/Products/Debug-iphonesimulator/Kanpan.app --plist-output /Users/mdd/zhk/kanpan/DerivedData-chart-foundation-ui/Build/Intermediates.noindex/Kanpan.build/Debug-iphonesimulator/Kanpan.build/assetcatalog_generated_info.plist

ProcessInfoPlistFile /Users/mdd/zhk/kanpan/DerivedData-chart-foundation-ui/Build/Products/Debug-iphonesimulator/Kanpan.app/Info.plist /Users/mdd/zhk/kanpan/DerivedData-chart-foundation-ui/Build/Intermediates.noindex/Kanpan.build/Debug-iphonesimulator/Kanpan.build/empty-Kanpan.plist (in target 'Kanpan' from project 'Kanpan')
    cd /Users/mdd/zhk/kanpan/Kanpan
    builtin-infoPlistUtility /Users/mdd/zhk/kanpan/DerivedData-chart-foundation-ui/Build/Intermediates.noindex/Kanpan.build/Debug-iphonesimulator/Kanpan.build/empty-Kanpan.plist -producttype com.apple.product-type.application -genpkginfo /Users/mdd/zhk/kanpan/DerivedData-chart-foundation-ui/Build/Products/Debug-iphonesimulator/Kanpan.app/PkgInfo -expandbuildsettings -format binary -platform iphonesimulator -additionalcontentfile /Users/mdd/zhk/kanpan/DerivedData-chart-foundation-ui/Build/Intermediates.noindex/Kanpan.build/Debug-iphonesimulator/Kanpan.build/assetcatalog_generated_info.plist -o /Users/mdd/zhk/kanpan/DerivedData-chart-foundation-ui/Build/Products/Debug-iphonesimulator/Kanpan.app/Info.plist

SwiftExplicitDependencyGeneratePcm arm64 /Users/mdd/zhk/kanpan/DerivedData-chart-foundation-ui/ModuleCache.noindex/Security-8CVWM1GKR7CYX857XIYDYJAGQ.pcm

SwiftExplicitDependencyGeneratePcm arm64 /Users/mdd/zhk/kanpan/DerivedData-chart-foundation-ui/ModuleCache.noindex/CoreGraphics-47T6MCW7KY6JC4HR5PN1O9IAE.pcm

SwiftExplicitDependencyGeneratePcm arm64 /Users/mdd/zhk/kanpan/DerivedData-chart-foundation-ui/ModuleCache.noindex/CFNetwork-CSS3807Z0VR4QSOG1RVIL62VX.pcm

SwiftExplicitDependencyGeneratePcm arm64 /Users/mdd/zhk/kanpan/DerivedData-chart-foundation-ui/ModuleCache.noindex/Foundation-7UFNIL27YBR761S1KUSHM2NM1.pcm

SwiftExplicitDependencyGeneratePcm arm64 /Users/mdd/zhk/kanpan/DerivedData-chart-foundation-ui/ModuleCache.noindex/ImageIO-EAXWWYZS2AHB32JAVK8V9WNG6.pcm

SwiftExplicitDependencyGeneratePcm arm64 /Users/mdd/zhk/kanpan/DerivedData-chart-foundation-ui/ModuleCache.noindex/CoreText-B9UKBR8JY5UD5GC6BSBJFJ6YA.pcm

SwiftExplicitDependencyGeneratePcm arm64 /Users/mdd/zhk/kanpan/DerivedData-chart-foundation-ui/ModuleCache.noindex/CoreData-DDUFLQYUJR8MBINY1Z03IBG4P.pcm

SwiftExplicitDependencyGeneratePcm arm64 /Users/mdd/zhk/kanpan/DerivedData-chart-foundation-ui/ModuleCache.noindex/CoreTransferable-OCBQT60MHBNQB6KSNHPT9QNG.pcm

SwiftExplicitDependencyGeneratePcm arm64 /Users/mdd/zhk/kanpan/DerivedData-chart-foundation-ui/ModuleCache.noindex/UIUtilities-3NF1RMN0R2UZCCJJCLO31C11P.pcm

SwiftExplicitDependencyGeneratePcm arm64 /Users/mdd/zhk/kanpan/DerivedData-chart-foundation-ui/ModuleCache.noindex/DataDetection-BH6Y1O9ZI3140U39A6KDIHAFW.pcm

SwiftExplicitDependencyGeneratePcm arm64 /Users/mdd/zhk/kanpan/DerivedData-chart-foundation-ui/ModuleCache.noindex/UserNotifications-47MBKCEL7H20NWEZ1LCOL4O3N.pcm

SwiftExplicitDependencyGeneratePcm arm64 /Users/mdd/zhk/kanpan/DerivedData-chart-foundation-ui/ModuleCache.noindex/Accessibility-79O121R12RVDD0YU2FP5BFC0Y.pcm

SwiftExplicitDependencyGeneratePcm arm64 /Users/mdd/zhk/kanpan/DerivedData-chart-foundation-ui/ModuleCache.noindex/IOSurface-9DLF1CVI9KZZV288SE080ZZV8.pcm

SwiftExplicitDependencyGeneratePcm arm64 /Users/mdd/zhk/kanpan/DerivedData-chart-foundation-ui/ModuleCache.noindex/OSLog-54NJFJ64XKCW0UJ8IWRC7PVU8.pcm

SwiftExplicitDependencyGeneratePcm arm64 /Users/mdd/zhk/kanpan/DerivedData-chart-foundation-ui/ModuleCache.noindex/OpenGLES-CX13TO567VQ985LIMUZA4TH1I.pcm

SwiftExplicitDependencyGeneratePcm arm64 /Users/mdd/zhk/kanpan/DerivedData-chart-foundation-ui/ModuleCache.noindex/MetricKit-AMPNJTPTI16KNO7FQ11SW3NYV.pcm

SwiftExplicitDependencyGeneratePcm arm64 /Users/mdd/zhk/kanpan/DerivedData-chart-foundation-ui/ModuleCache.noindex/Symbols-CWU5OWMOCFJCOTK9FPSL5MDRS.pcm

SwiftExplicitDependencyGeneratePcm arm64 /Users/mdd/zhk/kanpan/DerivedData-chart-foundation-ui/ModuleCache.noindex/UniformTypeIdentifiers-J8Q630RXKPPE0A0P5QKDY2XT.pcm

SwiftExplicitDependencyGeneratePcm arm64 /Users/mdd/zhk/kanpan/DerivedData-chart-foundation-ui/ModuleCache.noindex/FileProvider-1TIDK50N00N67AB0E0YWPCGWZ.pcm

SwiftExplicitDependencyGeneratePcm arm64 /Users/mdd/zhk/kanpan/DerivedData-chart-foundation-ui/ModuleCache.noindex/Metal-2TI38TTEFAP2I15J6ZI71TKY8.pcm

SwiftExplicitDependencyGeneratePcm arm64 /Users/mdd/zhk/kanpan/DerivedData-chart-foundation-ui/ModuleCache.noindex/CoreVideo-9KRBTNS5HS0DHZH6DDTSF4MI2.pcm

SwiftExplicitDependencyGeneratePcm arm64 /Users/mdd/zhk/kanpan/DerivedData-chart-foundation-ui/ModuleCache.noindex/CoreImage-285VQUSUWLX8ZBR12X5M25R4O.pcm

SwiftExplicitDependencyGeneratePcm arm64 /Users/mdd/zhk/kanpan/DerivedData-chart-foundation-ui/ModuleCache.noindex/QuartzCore-DUC05D1NUNXRKD36B7DR2JRNB.pcm

SwiftExplicitDependencyGeneratePcm arm64 /Users/mdd/zhk/kanpan/DerivedData-chart-foundation-ui/ModuleCache.noindex/SwiftUICore-3WPKS9PVWF1KWB0VA8UDSK1FK.pcm

SwiftExplicitDependencyGeneratePcm arm64 /Users/mdd/zhk/kanpan/DerivedData-chart-foundation-ui/ModuleCache.noindex/UIKit-4BITZ6CQTBQ3JJGEMAXQWHLSP.pcm

SwiftExplicitDependencyGeneratePcm arm64 /Users/mdd/zhk/kanpan/DerivedData-chart-foundation-ui/ModuleCache.noindex/SwiftUI-EYO05QUPZYNMBFF8PKGOWEECP.pcm

SwiftEmitModule normal arm64 Emitting\ module\ for\ Kanpan (in target 'Kanpan' from project 'Kanpan')

EmitSwiftModule normal arm64 (in target 'Kanpan' from project 'Kanpan')
    cd /Users/mdd/zhk/kanpan/Kanpan
    

SwiftCompile normal arm64 Compiling\ SymbolTickerFeed.swift,\ KanpanApp.swift,\ LaunchScreen.swift,\ GeneratedAssetSymbols.swift /Users/mdd/zhk/kanpan/Kanpan/Kanpan/Symbols/SymbolTickerFeed.swift /Users/mdd/zhk/kanpan/Kanpan/Kanpan/KanpanApp.swift /Users/mdd/zhk/kanpan/Kanpan/Kanpan/LaunchScreen.swift /Users/mdd/zhk/kanpan/DerivedData-chart-foundation-ui/Build/Intermediates.noindex/Kanpan.build/Debug-iphonesimulator/Kanpan.build/DerivedSources/GeneratedAssetSymbols.swift (in target 'Kanpan' from project 'Kanpan')
SwiftCompile normal arm64 /Users/mdd/zhk/kanpan/Kanpan/Kanpan/Symbols/SymbolTickerFeed.swift (in target 'Kanpan' from project 'Kanpan')
    cd /Users/mdd/zhk/kanpan/Kanpan
    

SwiftCompile normal arm64 /Users/mdd/zhk/kanpan/Kanpan/Kanpan/KanpanApp.swift (in target 'Kanpan' from project 'Kanpan')
    cd /Users/mdd/zhk/kanpan/Kanpan
    

SwiftCompile normal arm64 /Users/mdd/zhk/kanpan/Kanpan/Kanpan/LaunchScreen.swift (in target 'Kanpan' from project 'Kanpan')
    cd /Users/mdd/zhk/kanpan/Kanpan
    

SwiftCompile normal arm64 /Users/mdd/zhk/kanpan/DerivedData-chart-foundation-ui/Build/Intermediates.noindex/Kanpan.build/Debug-iphonesimulator/Kanpan.build/DerivedSources/GeneratedAssetSymbols.swift (in target 'Kanpan' from project 'Kanpan')
    cd /Users/mdd/zhk/kanpan/Kanpan
    

SwiftCompile normal arm64 Compiling\ PrefsStore.swift,\ ThemeChoice.swift,\ SymbolFixtures.swift,\ SymbolPickerModel.swift /Users/mdd/zhk/kanpan/Kanpan/Kanpan/Settings/Model/PrefsStore.swift /Users/mdd/zhk/kanpan/Kanpan/Kanpan/Settings/Model/ThemeChoice.swift /Users/mdd/zhk/kanpan/Kanpan/Kanpan/Symbols/SymbolFixtures.swift /Users/mdd/zhk/kanpan/Kanpan/Kanpan/Symbols/SymbolPickerModel.swift (in target 'Kanpan' from project 'Kanpan')

SwiftCompile normal arm64 /Users/mdd/zhk/kanpan/Kanpan/Kanpan/Settings/Model/PrefsStore.swift (in target 'Kanpan' from project 'Kanpan')
    cd /Users/mdd/zhk/kanpan/Kanpan
    

SwiftCompile normal arm64 /Users/mdd/zhk/kanpan/Kanpan/Kanpan/Settings/Model/ThemeChoice.swift (in target 'Kanpan' from project 'Kanpan')
    cd /Users/mdd/zhk/kanpan/Kanpan
    

SwiftCompile normal arm64 /Users/mdd/zhk/kanpan/Kanpan/Kanpan/Symbols/SymbolFixtures.swift (in target 'Kanpan' from project 'Kanpan')
    cd /Users/mdd/zhk/kanpan/Kanpan
    

SwiftCompile normal arm64 /Users/mdd/zhk/kanpan/Kanpan/Kanpan/Symbols/SymbolPickerModel.swift (in target 'Kanpan' from project 'Kanpan')
    cd /Users/mdd/zhk/kanpan/Kanpan
    

SwiftCompile normal arm64 Compiling\ SymbolPickerView.swift,\ SymbolPrefs.swift,\ SymbolQuery.swift,\ SymbolSections.swift /Users/mdd/zhk/kanpan/Kanpan/Kanpan/Symbols/SymbolPickerView.swift /Users/mdd/zhk/kanpan/Kanpan/Kanpan/Symbols/SymbolPrefs.swift /Users/mdd/zhk/kanpan/Kanpan/Kanpan/Symbols/SymbolQuery.swift /Users/mdd/zhk/kanpan/Kanpan/Kanpan/Symbols/SymbolSections.swift (in target 'Kanpan' from project 'Kanpan')
SwiftCompile normal arm64 /Users/mdd/zhk/kanpan/Kanpan/Kanpan/Symbols/SymbolPickerView.swift (in target 'Kanpan' from project 'Kanpan')
    cd /Users/mdd/zhk/kanpan/Kanpan
    

SwiftCompile normal arm64 /Users/mdd/zhk/kanpan/Kanpan/Kanpan/Symbols/SymbolPrefs.swift (in target 'Kanpan' from project 'Kanpan')
    cd /Users/mdd/zhk/kanpan/Kanpan
    

SwiftCompile normal arm64 /Users/mdd/zhk/kanpan/Kanpan/Kanpan/Symbols/SymbolQuery.swift (in target 'Kanpan' from project 'Kanpan')
    cd /Users/mdd/zhk/kanpan/Kanpan
    

SwiftCompile normal arm64 /Users/mdd/zhk/kanpan/Kanpan/Kanpan/Symbols/SymbolSections.swift (in target 'Kanpan' from project 'Kanpan')
    cd /Users/mdd/zhk/kanpan/Kanpan
    

SwiftCompile normal arm64 Compiling\ StylePanel.swift,\ StyleThumbnail.swift,\ APIHost.swift,\ IndicatorDraft.swift /Users/mdd/zhk/kanpan/Kanpan/Kanpan/Panels/StylePanel.swift /Users/mdd/zhk/kanpan/Kanpan/Kanpan/Panels/StyleThumbnail.swift /Users/mdd/zhk/kanpan/Kanpan/Kanpan/Settings/Model/APIHost.swift /Users/mdd/zhk/kanpan/Kanpan/Kanpan/Settings/Model/IndicatorDraft.swift (in target 'Kanpan' from project 'Kanpan')

SwiftCompile normal arm64 /Users/mdd/zhk/kanpan/Kanpan/Kanpan/Panels/StylePanel.swift (in target 'Kanpan' from project 'Kanpan')
    cd /Users/mdd/zhk/kanpan/Kanpan
    

SwiftCompile normal arm64 /Users/mdd/zhk/kanpan/Kanpan/Kanpan/Panels/StyleThumbnail.swift (in target 'Kanpan' from project 'Kanpan')
    cd /Users/mdd/zhk/kanpan/Kanpan
    

SwiftCompile normal arm64 /Users/mdd/zhk/kanpan/Kanpan/Kanpan/Settings/Model/APIHost.swift (in target 'Kanpan' from project 'Kanpan')
    cd /Users/mdd/zhk/kanpan/Kanpan
    

SwiftCompile normal arm64 /Users/mdd/zhk/kanpan/Kanpan/Kanpan/Settings/Model/IndicatorDraft.swift (in target 'Kanpan' from project 'Kanpan')
    cd /Users/mdd/zhk/kanpan/Kanpan
    

SwiftCompile normal arm64 Compiling\ IndicatorParamRule.swift,\ MarketCache.swift,\ Prefs.swift,\ PrefsCodec.swift /Users/mdd/zhk/kanpan/Kanpan/Kanpan/Settings/Model/IndicatorParamRule.swift /Users/mdd/zhk/kanpan/Kanpan/Kanpan/Settings/Model/MarketCache.swift /Users/mdd/zhk/kanpan/Kanpan/Kanpan/Settings/Model/Prefs.swift /Users/mdd/zhk/kanpan/Kanpan/Kanpan/Settings/Model/PrefsCodec.swift (in target 'Kanpan' from project 'Kanpan')

SwiftCompile normal arm64 /Users/mdd/zhk/kanpan/Kanpan/Kanpan/Settings/Model/IndicatorParamRule.swift (in target 'Kanpan' from project 'Kanpan')
    cd /Users/mdd/zhk/kanpan/Kanpan
    

SwiftCompile normal arm64 /Users/mdd/zhk/kanpan/Kanpan/Kanpan/Settings/Model/MarketCache.swift (in target 'Kanpan' from project 'Kanpan')
    cd /Users/mdd/zhk/kanpan/Kanpan
    

SwiftCompile normal arm64 /Users/mdd/zhk/kanpan/Kanpan/Kanpan/Settings/Model/Prefs.swift (in target 'Kanpan' from project 'Kanpan')
    cd /Users/mdd/zhk/kanpan/Kanpan
    

SwiftCompile normal arm64 /Users/mdd/zhk/kanpan/Kanpan/Kanpan/Settings/Model/PrefsCodec.swift (in target 'Kanpan' from project 'Kanpan')
    cd /Users/mdd/zhk/kanpan/Kanpan
    

SwiftCompile normal arm64 Compiling\ ChartHost.swift,\ IntervalBar.swift,\ LandscapeChrome.swift,\ MainScreen.swift,\ MarketModel.swift /Users/mdd/zhk/kanpan/Kanpan/Kanpan/Main/ChartHost.swift /Users/mdd/zhk/kanpan/Kanpan/Kanpan/Main/IntervalBar.swift /Users/mdd/zhk/kanpan/Kanpan/Kanpan/Main/LandscapeChrome.swift /Users/mdd/zhk/kanpan/Kanpan/Kanpan/Main/MainScreen.swift /Users/mdd/zhk/kanpan/Kanpan/Kanpan/Main/MarketModel.swift (in target 'Kanpan' from project 'Kanpan')
SwiftCompile normal arm64 /Users/mdd/zhk/kanpan/Kanpan/Kanpan/Main/ChartHost.swift (in target 'Kanpan' from project 'Kanpan')
    cd /Users/mdd/zhk/kanpan/Kanpan
    

SwiftCompile normal arm64 /Users/mdd/zhk/kanpan/Kanpan/Kanpan/Main/IntervalBar.swift (in target 'Kanpan' from project 'Kanpan')
    cd /Users/mdd/zhk/kanpan/Kanpan
    

SwiftCompile normal arm64 /Users/mdd/zhk/kanpan/Kanpan/Kanpan/Main/LandscapeChrome.swift (in target 'Kanpan' from project 'Kanpan')
    cd /Users/mdd/zhk/kanpan/Kanpan
    

SwiftCompile normal arm64 /Users/mdd/zhk/kanpan/Kanpan/Kanpan/Main/MainScreen.swift (in target 'Kanpan' from project 'Kanpan')
    cd /Users/mdd/zhk/kanpan/Kanpan
    

SwiftCompile normal arm64 /Users/mdd/zhk/kanpan/Kanpan/Kanpan/Main/MarketModel.swift (in target 'Kanpan' from project 'Kanpan')
    cd /Users/mdd/zhk/kanpan/Kanpan
    

SwiftCompile normal arm64 Compiling\ DiagnosticsCenter.swift,\ DiagnosticsStore.swift,\ FrameProbe.swift,\ FrameReportStore.swift,\ FrameStats.swift /Users/mdd/zhk/kanpan/Kanpan/Kanpan/Diagnostics/DiagnosticsCenter.swift /Users/mdd/zhk/kanpan/Kanpan/Kanpan/Diagnostics/DiagnosticsStore.swift /Users/mdd/zhk/kanpan/Kanpan/Kanpan/Diagnostics/FrameProbe.swift /Users/mdd/zhk/kanpan/Kanpan/Kanpan/Diagnostics/FrameReportStore.swift /Users/mdd/zhk/kanpan/Kanpan/Kanpan/Diagnostics/FrameStats.swift (in target 'Kanpan' from project 'Kanpan')

SwiftCompile normal arm64 /Users/mdd/zhk/kanpan/Kanpan/Kanpan/Diagnostics/DiagnosticsCenter.swift (in target 'Kanpan' from project 'Kanpan')
    cd /Users/mdd/zhk/kanpan/Kanpan
    

SwiftCompile normal arm64 /Users/mdd/zhk/kanpan/Kanpan/Kanpan/Diagnostics/DiagnosticsStore.swift (in target 'Kanpan' from project 'Kanpan')
    cd /Users/mdd/zhk/kanpan/Kanpan
    

SwiftCompile normal arm64 /Users/mdd/zhk/kanpan/Kanpan/Kanpan/Diagnostics/FrameProbe.swift (in target 'Kanpan' from project 'Kanpan')
    cd /Users/mdd/zhk/kanpan/Kanpan
    

SwiftCompile normal arm64 /Users/mdd/zhk/kanpan/Kanpan/Kanpan/Diagnostics/FrameReportStore.swift (in target 'Kanpan' from project 'Kanpan')
    cd /Users/mdd/zhk/kanpan/Kanpan
    

SwiftCompile normal arm64 /Users/mdd/zhk/kanpan/Kanpan/Kanpan/Diagnostics/FrameStats.swift (in target 'Kanpan' from project 'Kanpan')
    cd /Users/mdd/zhk/kanpan/Kanpan
    

SwiftCompile normal arm64 Compiling\ MeasurementText.swift,\ PayloadDigest.swift,\ DrawingBar.swift,\ DrawingController.swift,\ BottomBar.swift /Users/mdd/zhk/kanpan/Kanpan/Kanpan/Diagnostics/MeasurementText.swift /Users/mdd/zhk/kanpan/Kanpan/Kanpan/Diagnostics/PayloadDigest.swift /Users/mdd/zhk/kanpan/Kanpan/Kanpan/Drawing/DrawingBar.swift /Users/mdd/zhk/kanpan/Kanpan/Kanpan/Drawing/DrawingController.swift /Users/mdd/zhk/kanpan/Kanpan/Kanpan/Main/BottomBar.swift (in target 'Kanpan' from project 'Kanpan')

SwiftCompile normal arm64 /Users/mdd/zhk/kanpan/Kanpan/Kanpan/Diagnostics/MeasurementText.swift (in target 'Kanpan' from project 'Kanpan')
    cd /Users/mdd/zhk/kanpan/Kanpan
    

SwiftCompile normal arm64 /Users/mdd/zhk/kanpan/Kanpan/Kanpan/Diagnostics/PayloadDigest.swift (in target 'Kanpan' from project 'Kanpan')
    cd /Users/mdd/zhk/kanpan/Kanpan
    

SwiftCompile normal arm64 /Users/mdd/zhk/kanpan/Kanpan/Kanpan/Drawing/DrawingBar.swift (in target 'Kanpan' from project 'Kanpan')
    cd /Users/mdd/zhk/kanpan/Kanpan
    

SwiftCompile normal arm64 /Users/mdd/zhk/kanpan/Kanpan/Kanpan/Drawing/DrawingController.swift (in target 'Kanpan' from project 'Kanpan')
    cd /Users/mdd/zhk/kanpan/Kanpan
    

SwiftCompile normal arm64 /Users/mdd/zhk/kanpan/Kanpan/Kanpan/Main/BottomBar.swift (in target 'Kanpan' from project 'Kanpan')
    cd /Users/mdd/zhk/kanpan/Kanpan
    

SwiftCompile normal arm64 Compiling\ PanelChrome.swift,\ PanelPresentation.swift,\ PanelTheme.swift,\ PeriodPanel.swift,\ SettingsPanel.swift /Users/mdd/zhk/kanpan/Kanpan/Kanpan/Panels/PanelChrome.swift /Users/mdd/zhk/kanpan/Kanpan/Kanpan/Panels/PanelPresentation.swift /Users/mdd/zhk/kanpan/Kanpan/Kanpan/Panels/PanelTheme.swift /Users/mdd/zhk/kanpan/Kanpan/Kanpan/Panels/PeriodPanel.swift /Users/mdd/zhk/kanpan/Kanpan/Kanpan/Panels/SettingsPanel.swift (in target 'Kanpan' from project 'Kanpan')

SwiftCompile normal arm64 /Users/mdd/zhk/kanpan/Kanpan/Kanpan/Panels/PanelChrome.swift (in target 'Kanpan' from project 'Kanpan')
    cd /Users/mdd/zhk/kanpan/Kanpan
    

SwiftCompile normal arm64 /Users/mdd/zhk/kanpan/Kanpan/Kanpan/Panels/PanelPresentation.swift (in target 'Kanpan' from project 'Kanpan')
    cd /Users/mdd/zhk/kanpan/Kanpan
    

SwiftCompile normal arm64 /Users/mdd/zhk/kanpan/Kanpan/Kanpan/Panels/PanelTheme.swift (in target 'Kanpan' from project 'Kanpan')
    cd /Users/mdd/zhk/kanpan/Kanpan
    

SwiftCompile normal arm64 /Users/mdd/zhk/kanpan/Kanpan/Kanpan/Panels/PeriodPanel.swift (in target 'Kanpan' from project 'Kanpan')
    cd /Users/mdd/zhk/kanpan/Kanpan
    

SwiftCompile normal arm64 /Users/mdd/zhk/kanpan/Kanpan/Kanpan/Panels/SettingsPanel.swift (in target 'Kanpan' from project 'Kanpan')
    cd /Users/mdd/zhk/kanpan/Kanpan
    

SwiftCompile normal arm64 Compiling\ OrientationBridge.swift,\ TopBar.swift,\ VectorIcon.swift,\ ChartPanel.swift,\ IndicatorPanel.swift /Users/mdd/zhk/kanpan/Kanpan/Kanpan/Main/OrientationBridge.swift /Users/mdd/zhk/kanpan/Kanpan/Kanpan/Main/TopBar.swift /Users/mdd/zhk/kanpan/Kanpan/Kanpan/Main/VectorIcon.swift /Users/mdd/zhk/kanpan/Kanpan/Kanpan/Panels/ChartPanel.swift /Users/mdd/zhk/kanpan/Kanpan/Kanpan/Panels/IndicatorPanel.swift (in target 'Kanpan' from project 'Kanpan')
SwiftCompile normal arm64 /Users/mdd/zhk/kanpan/Kanpan/Kanpan/Main/OrientationBridge.swift (in target 'Kanpan' from project 'Kanpan')
    cd /Users/mdd/zhk/kanpan/Kanpan
    

SwiftCompile normal arm64 /Users/mdd/zhk/kanpan/Kanpan/Kanpan/Main/TopBar.swift (in target 'Kanpan' from project 'Kanpan')
    cd /Users/mdd/zhk/kanpan/Kanpan
    

SwiftCompile normal arm64 /Users/mdd/zhk/kanpan/Kanpan/Kanpan/Main/VectorIcon.swift (in target 'Kanpan' from project 'Kanpan')
    cd /Users/mdd/zhk/kanpan/Kanpan
    

SwiftCompile normal arm64 /Users/mdd/zhk/kanpan/Kanpan/Kanpan/Panels/ChartPanel.swift (in target 'Kanpan' from project 'Kanpan')
    cd /Users/mdd/zhk/kanpan/Kanpan
    

SwiftCompile normal arm64 /Users/mdd/zhk/kanpan/Kanpan/Kanpan/Panels/IndicatorPanel.swift (in target 'Kanpan' from project 'Kanpan')
    cd /Users/mdd/zhk/kanpan/Kanpan
    

SwiftDriverJobDiscovery normal arm64 Compiling PrefsStore.swift, ThemeChoice.swift, SymbolFixtures.swift, SymbolPickerModel.swift (in target 'Kanpan' from project 'Kanpan')

SwiftDriverJobDiscovery normal arm64 Compiling IndicatorParamRule.swift, MarketCache.swift, Prefs.swift, PrefsCodec.swift (in target 'Kanpan' from project 'Kanpan')

SwiftDriverJobDiscovery normal arm64 Emitting module for Kanpan (in target 'Kanpan' from project 'Kanpan')

SwiftDriver\ Compilation\ Requirements Kanpan normal arm64 com.apple.xcode.tools.swift.compiler (in target 'Kanpan' from project 'Kanpan')
    cd /Users/mdd/zhk/kanpan/Kanpan
    builtin-Swift-Compilation-Requirements -- /Applications/Xcode.app/Contents/Developer/Toolchains/XcodeDefault.xctoolchain/usr/bin/swiftc -module-name Kanpan -Onone @/Users/mdd/zhk/kanpan/DerivedData-chart-foundation-ui/Build/Intermediates.noindex/Kanpan.build/Debug-iphonesimulator/Kanpan.build/Objects-normal/arm64/Kanpan.SwiftFileList -DDEBUG -enable-experimental-feature DebugDescriptionMacro -sdk /Applications/Xcode.app/Contents/Developer/Platforms/iPhoneSimulator.platform/Developer/SDKs/iPhoneSimulator26.5.sdk -target arm64-apple-ios17.0-simulator -g -module-cache-path /Users/mdd/zhk/kanpan/DerivedData-chart-foundation-ui/ModuleCache.noindex -Xfrontend -serialize-debugging-options -enable-testing -index-store-path /Users/mdd/zhk/kanpan/DerivedData-chart-foundation-ui/Index.noindex/DataStore -Xcc -D_LIBCPP_HARDENING_MODE\=_LIBCPP_HARDENING_MODE_DEBUG -swift-version 6 -I /Users/mdd/zhk/kanpan/DerivedData-chart-foundation-ui/Build/Products/Debug-iphonesimulator -F /Users/mdd/zhk/kanpan/DerivedData-chart-foundation-ui/Build/Products/Debug-iphonesimulator/PackageFrameworks -F /Users/mdd/zhk/kanpan/DerivedData-chart-foundation-ui/Build/Products/Debug-iphonesimulator/PackageFrameworks -F /Users/mdd/zhk/kanpan/DerivedData-chart-foundation-ui/Build/Products/Debug-iphonesimulator/PackageFrameworks -F /Users/mdd/zhk/kanpan/DerivedData-chart-foundation-ui/Build/Products/Debug-iphonesimulator -emit-localized-strings -emit-localized-strings-path /Users/mdd/zhk/kanpan/DerivedData-chart-foundation-ui/Build/Intermediates.noindex/Kanpan.build/Debug-iphonesimulator/Kanpan.build/Objects-normal/arm64 -c -j10 -enable-batch-mode -incremental -Xcc -ivfsstatcache -Xcc /Users/mdd/zhk/kanpan/DerivedData-chart-foundation-ui/SDKStatCaches.noindex/iphonesimulator26.5-23F81a-6cfe768891a92b912361537c460fe42b.sdkstatcache -output-file-map /Users/mdd/zhk/kanpan/DerivedData-chart-foundation-ui/Build/Intermediates.noindex/Kanpan.build/Debug-iphonesimulator/Kanpan.build/Objects-normal/arm64/Kanpan-OutputFileMap.json -use-frontend-parseable-output -save-temps -no-color-diagnostics -explicit-module-build -module-cache-path /Users/mdd/zhk/kanpan/DerivedData-chart-foundation-ui/Build/Intermediates.noindex/SwiftExplicitPrecompiledModules -clang-scanner-module-cache-path /Users/mdd/zhk/kanpan/DerivedData-chart-foundation-ui/ModuleCache.noindex -sdk-module-cache-path /Users/mdd/zhk/kanpan/DerivedData-chart-foundation-ui/ModuleCache.noindex -serialize-diagnostics -emit-dependencies -emit-module -emit-module-path /Users/mdd/zhk/kanpan/DerivedData-chart-foundation-ui/Build/Intermediates.noindex/Kanpan.build/Debug-iphonesimulator/Kanpan.build/Objects-normal/arm64/Kanpan.swiftmodule -validate-clang-modules-once -clang-build-session-file /Users/mdd/zhk/kanpan/DerivedData-chart-foundation-ui/ModuleCache.noindex/Session.modulevalidation -Xcc -I/Users/mdd/zhk/kanpan/DerivedData-chart-foundation-ui/Build/Intermediates.noindex/Kanpan.build/Debug-iphonesimulator/Kanpan.build/swift-overrides.hmap -emit-const-values -Xfrontend -const-gather-protocols-file -Xfrontend /Users/mdd/zhk/kanpan/DerivedData-chart-foundation-ui/Build/Intermediates.noindex/Kanpan.build/Debug-iphonesimulator/Kanpan.build/Objects-normal/arm64/Kanpan_const_extract_protocols.json -Xcc -iquote -Xcc /Users/mdd/zhk/kanpan/DerivedData-chart-foundation-ui/Build/Intermediates.noindex/Kanpan.build/Debug-iphonesimulator/Kanpan.build/Kanpan-generated-files.hmap -Xcc -I/Users/mdd/zhk/kanpan/DerivedData-chart-foundation-ui/Build/Intermediates.noindex/Kanpan.build/Debug-iphonesimulator/Kanpan.build/Kanpan-own-target-headers.hmap -Xcc -I/Users/mdd/zhk/kanpan/DerivedData-chart-foundation-ui/Build/Intermediates.noindex/Kanpan.build/Debug-iphonesimulator/Kanpan.build/Kanpan-all-non-framework-target-headers.hmap -Xcc -ivfsoverlay -Xcc /Users/mdd/zhk/kanpan/DerivedData-chart-foundation-ui/Build/Intermediates.noindex/Kanpan.build/Debug-iphonesimulator/Kanpan-88f8e4f6458ff7f878983357411ed85c-VFS-iphonesimulator/all-product-headers.yaml -Xcc -iquote -Xcc /Users/mdd/zhk/kanpan/DerivedData-chart-foundation-ui/Build/Intermediates.noindex/Kanpan.build/Debug-iphonesimulator/Kanpan.build/Kanpan-project-headers.hmap -Xcc -I/Users/mdd/zhk/kanpan/DerivedData-chart-foundation-ui/Build/Products/Debug-iphonesimulator/include -Xcc -I/Users/mdd/zhk/kanpan/DerivedData-chart-foundation-ui/Build/Intermediates.noindex/Kanpan.build/Debug-iphonesimulator/Kanpan.build/DerivedSources-normal/arm64 -Xcc -I/Users/mdd/zhk/kanpan/DerivedData-chart-foundation-ui/Build/Intermediates.noindex/Kanpan.build/Debug-iphonesimulator/Kanpan.build/DerivedSources/arm64 -Xcc -I/Users/mdd/zhk/kanpan/DerivedData-chart-foundation-ui/Build/Intermediates.noindex/Kanpan.build/Debug-iphonesimulator/Kanpan.build/DerivedSources -emit-objc-header -emit-objc-header-path /Users/mdd/zhk/kanpan/DerivedData-chart-foundation-ui/Build/Intermediates.noindex/Kanpan.build/Debug-iphonesimulator/Kanpan.build/Objects-normal/arm64/Kanpan-Swift.h -working-directory /Users/mdd/zhk/kanpan/Kanpan -experimental-emit-module-separately -disable-cmo

SwiftMergeGeneratedHeaders /Users/mdd/zhk/kanpan/DerivedData-chart-foundation-ui/Build/Intermediates.noindex/Kanpan.build/Debug-iphonesimulator/Kanpan.build/DerivedSources/Kanpan-Swift.h /Users/mdd/zhk/kanpan/DerivedData-chart-foundation-ui/Build/Intermediates.noindex/Kanpan.build/Debug-iphonesimulator/Kanpan.build/Objects-normal/arm64/Kanpan-Swift.h (in target 'Kanpan' from project 'Kanpan')
    cd /Users/mdd/zhk/kanpan/Kanpan
    builtin-swiftHeaderTool -arch arm64 /Users/mdd/zhk/kanpan/DerivedData-chart-foundation-ui/Build/Intermediates.noindex/Kanpan.build/Debug-iphonesimulator/Kanpan.build/Objects-normal/arm64/Kanpan-Swift.h -o /Users/mdd/zhk/kanpan/DerivedData-chart-foundation-ui/Build/Intermediates.noindex/Kanpan.build/Debug-iphonesimulator/Kanpan.build/DerivedSources/Kanpan-Swift.h

Copy /Users/mdd/zhk/kanpan/DerivedData-chart-foundation-ui/Build/Products/Debug-iphonesimulator/Kanpan.swiftmodule/arm64-apple-ios-simulator.swiftmodule /Users/mdd/zhk/kanpan/DerivedData-chart-foundation-ui/Build/Intermediates.noindex/Kanpan.build/Debug-iphonesimulator/Kanpan.build/Objects-normal/arm64/Kanpan.swiftmodule (in target 'Kanpan' from project 'Kanpan')
    cd /Users/mdd/zhk/kanpan/Kanpan
    builtin-copy -exclude .DS_Store -exclude CVS -exclude .svn -exclude .git -exclude .hg -strip-unsigned-binaries -strip-deterministic -strip-tool /Applications/Xcode.app/Contents/Developer/Toolchains/XcodeDefault.xctoolchain/usr/bin/strip -resolve-src-symlinks -rename /Users/mdd/zhk/kanpan/DerivedData-chart-foundation-ui/Build/Intermediates.noindex/Kanpan.build/Debug-iphonesimulator/Kanpan.build/Objects-normal/arm64/Kanpan.swiftmodule /Users/mdd/zhk/kanpan/DerivedData-chart-foundation-ui/Build/Products/Debug-iphonesimulator/Kanpan.swiftmodule/arm64-apple-ios-simulator.swiftmodule

Copy /Users/mdd/zhk/kanpan/DerivedData-chart-foundation-ui/Build/Products/Debug-iphonesimulator/Kanpan.swiftmodule/arm64-apple-ios-simulator.swiftdoc /Users/mdd/zhk/kanpan/DerivedData-chart-foundation-ui/Build/Intermediates.noindex/Kanpan.build/Debug-iphonesimulator/Kanpan.build/Objects-normal/arm64/Kanpan.swiftdoc (in target 'Kanpan' from project 'Kanpan')
    cd /Users/mdd/zhk/kanpan/Kanpan
    builtin-copy -exclude .DS_Store -exclude CVS -exclude .svn -exclude .git -exclude .hg -strip-unsigned-binaries -strip-deterministic -strip-tool /Applications/Xcode.app/Contents/Developer/Toolchains/XcodeDefault.xctoolchain/usr/bin/strip -resolve-src-symlinks -rename /Users/mdd/zhk/kanpan/DerivedData-chart-foundation-ui/Build/Intermediates.noindex/Kanpan.build/Debug-iphonesimulator/Kanpan.build/Objects-normal/arm64/Kanpan.swiftdoc /Users/mdd/zhk/kanpan/DerivedData-chart-foundation-ui/Build/Products/Debug-iphonesimulator/Kanpan.swiftmodule/arm64-apple-ios-simulator.swiftdoc

Copy /Users/mdd/zhk/kanpan/DerivedData-chart-foundation-ui/Build/Products/Debug-iphonesimulator/Kanpan.swiftmodule/arm64-apple-ios-simulator.abi.json /Users/mdd/zhk/kanpan/DerivedData-chart-foundation-ui/Build/Intermediates.noindex/Kanpan.build/Debug-iphonesimulator/Kanpan.build/Objects-normal/arm64/Kanpan.abi.json (in target 'Kanpan' from project 'Kanpan')
    cd /Users/mdd/zhk/kanpan/Kanpan
    builtin-copy -exclude .DS_Store -exclude CVS -exclude .svn -exclude .git -exclude .hg -strip-unsigned-binaries -strip-deterministic -strip-tool /Applications/Xcode.app/Contents/Developer/Toolchains/XcodeDefault.xctoolchain/usr/bin/strip -resolve-src-symlinks -rename /Users/mdd/zhk/kanpan/DerivedData-chart-foundation-ui/Build/Intermediates.noindex/Kanpan.build/Debug-iphonesimulator/Kanpan.build/Objects-normal/arm64/Kanpan.abi.json /Users/mdd/zhk/kanpan/DerivedData-chart-foundation-ui/Build/Products/Debug-iphonesimulator/Kanpan.swiftmodule/arm64-apple-ios-simulator.abi.json

Copy /Users/mdd/zhk/kanpan/DerivedData-chart-foundation-ui/Build/Products/Debug-iphonesimulator/Kanpan.swiftmodule/Project/arm64-apple-ios-simulator.swiftsourceinfo /Users/mdd/zhk/kanpan/DerivedData-chart-foundation-ui/Build/Intermediates.noindex/Kanpan.build/Debug-iphonesimulator/Kanpan.build/Objects-normal/arm64/Kanpan.swiftsourceinfo (in target 'Kanpan' from project 'Kanpan')
    cd /Users/mdd/zhk/kanpan/Kanpan
    builtin-copy -exclude .DS_Store -exclude CVS -exclude .svn -exclude .git -exclude .hg -strip-unsigned-binaries -strip-deterministic -strip-tool /Applications/Xcode.app/Contents/Developer/Toolchains/XcodeDefault.xctoolchain/usr/bin/strip -resolve-src-symlinks -rename /Users/mdd/zhk/kanpan/DerivedData-chart-foundation-ui/Build/Intermediates.noindex/Kanpan.build/Debug-iphonesimulator/Kanpan.build/Objects-normal/arm64/Kanpan.swiftsourceinfo /Users/mdd/zhk/kanpan/DerivedData-chart-foundation-ui/Build/Products/Debug-iphonesimulator/Kanpan.swiftmodule/Project/arm64-apple-ios-simulator.swiftsourceinfo

ProcessProductPackaging "" /Users/mdd/zhk/kanpan/DerivedData-chart-foundation-ui/Build/Intermediates.noindex/Kanpan.build/Debug-iphonesimulator/KanpanUITests.build/KanpanUITests.xctest-Simulated.xcent (in target 'KanpanUITests' from project 'Kanpan')
    cd /Users/mdd/zhk/kanpan/Kanpan
    
    Entitlements:
    
    {
    "application-identifier" = "27Y32PT2HZ.com.mdd.kanpan.uitests.xctrunner";
    "keychain-access-groups" =     (
        "27Y32PT2HZ.com.mdd.kanpan.uitests.xctrunner"
    );
}
    
    builtin-productPackagingUtility -entitlements -format xml -o /Users/mdd/zhk/kanpan/DerivedData-chart-foundation-ui/Build/Intermediates.noindex/Kanpan.build/Debug-iphonesimulator/KanpanUITests.build/KanpanUITests.xctest-Simulated.xcent

ProcessProductPackagingDER /Users/mdd/zhk/kanpan/DerivedData-chart-foundation-ui/Build/Intermediates.noindex/Kanpan.build/Debug-iphonesimulator/KanpanUITests.build/KanpanUITests.xctest-Simulated.xcent /Users/mdd/zhk/kanpan/DerivedData-chart-foundation-ui/Build/Intermediates.noindex/Kanpan.build/Debug-iphonesimulator/KanpanUITests.build/KanpanUITests.xctest-Simulated.xcent.der (in target 'KanpanUITests' from project 'Kanpan')
    cd /Users/mdd/zhk/kanpan/Kanpan
    /usr/bin/derq query -f xml -i /Users/mdd/zhk/kanpan/DerivedData-chart-foundation-ui/Build/Intermediates.noindex/Kanpan.build/Debug-iphonesimulator/KanpanUITests.build/KanpanUITests.xctest-Simulated.xcent -o /Users/mdd/zhk/kanpan/DerivedData-chart-foundation-ui/Build/Intermediates.noindex/Kanpan.build/Debug-iphonesimulator/KanpanUITests.build/KanpanUITests.xctest-Simulated.xcent.der --raw

SwiftDriver KanpanUITests normal arm64 com.apple.xcode.tools.swift.compiler (in target 'KanpanUITests' from project 'Kanpan')
    cd /Users/mdd/zhk/kanpan/Kanpan
    builtin-SwiftDriver -- /Applications/Xcode.app/Contents/Developer/Toolchains/XcodeDefault.xctoolchain/usr/bin/swiftc -module-name KanpanUITests -Onone @/Users/mdd/zhk/kanpan/DerivedData-chart-foundation-ui/Build/Intermediates.noindex/Kanpan.build/Debug-iphonesimulator/KanpanUITests.build/Objects-normal/arm64/KanpanUITests.SwiftFileList -DDEBUG -module-alias Testing\=_Testing_Unavailable -plugin-path /Applications/Xcode.app/Contents/Developer/Toolchains/XcodeDefault.xctoolchain/usr/lib/swift/host/plugins/testing -enable-experimental-feature DebugDescriptionMacro -sdk /Applications/Xcode.app/Contents/Developer/Platforms/iPhoneSimulator.platform/Developer/SDKs/iPhoneSimulator26.5.sdk -target arm64-apple-ios17.0-simulator -g -module-cache-path /Users/mdd/zhk/kanpan/DerivedData-chart-foundation-ui/ModuleCache.noindex -Xfrontend -serialize-debugging-options -enable-testing -index-store-path /Users/mdd/zhk/kanpan/DerivedData-chart-foundation-ui/Index.noindex/DataStore -Xcc -D_LIBCPP_HARDENING_MODE\=_LIBCPP_HARDENING_MODE_DEBUG -swift-version 6 -I /Users/mdd/zhk/kanpan/DerivedData-chart-foundation-ui/Build/Products/Debug-iphonesimulator -Isystem /Applications/Xcode.app/Contents/Developer/Platforms/iPhoneSimulator.platform/Developer/usr/lib -F /Users/mdd/zhk/kanpan/DerivedData-chart-foundation-ui/Build/Products/Debug-iphonesimulator -F /Applications/Xcode.app/Contents/Developer/Platforms/iPhoneSimulator.platform/Developer/Library/Frameworks -F /Applications/Xcode.app/Contents/Developer/Platforms/iPhoneSimulator.platform/Developer/SDKs/iPhoneSimulator26.5.sdk/Developer/Library/Frameworks -c -j10 -enable-batch-mode -incremental -Xcc -ivfsstatcache -Xcc /Users/mdd/zhk/kanpan/DerivedData-chart-foundation-ui/SDKStatCaches.noindex/iphonesimulator26.5-23F81a-6cfe768891a92b912361537c460fe42b.sdkstatcache -output-file-map /Users/mdd/zhk/kanpan/DerivedData-chart-foundation-ui/Build/Intermediates.noindex/Kanpan.build/Debug-iphonesimulator/KanpanUITests.build/Objects-normal/arm64/KanpanUITests-OutputFileMap.json -use-frontend-parseable-output -save-temps -no-color-diagnostics -explicit-module-build -module-cache-path /Users/mdd/zhk/kanpan/DerivedData-chart-foundation-ui/Build/Intermediates.noindex/SwiftExplicitPrecompiledModules -clang-scanner-module-cache-path /Users/mdd/zhk/kanpan/DerivedData-chart-foundation-ui/ModuleCache.noindex -sdk-module-cache-path /Users/mdd/zhk/kanpan/DerivedData-chart-foundation-ui/ModuleCache.noindex -serialize-diagnostics -emit-dependencies -emit-module -emit-module-path /Users/mdd/zhk/kanpan/DerivedData-chart-foundation-ui/Build/Intermediates.noindex/Kanpan.build/Debug-iphonesimulator/KanpanUITests.build/Objects-normal/arm64/KanpanUITests.swiftmodule -validate-clang-modules-once -clang-build-session-file /Users/mdd/zhk/kanpan/DerivedData-chart-foundation-ui/ModuleCache.noindex/Session.modulevalidation -Xcc -I/Users/mdd/zhk/kanpan/DerivedData-chart-foundation-ui/Build/Intermediates.noindex/Kanpan.build/Debug-iphonesimulator/KanpanUITests.build/swift-overrides.hmap -emit-const-values -Xfrontend -const-gather-protocols-file -Xfrontend /Users/mdd/zhk/kanpan/DerivedData-chart-foundation-ui/Build/Intermediates.noindex/Kanpan.build/Debug-iphonesimulator/KanpanUITests.build/Objects-normal/arm64/KanpanUITests_const_extract_protocols.json -Xcc -iquote -Xcc /Users/mdd/zhk/kanpan/DerivedData-chart-foundation-ui/Build/Intermediates.noindex/Kanpan.build/Debug-iphonesimulator/KanpanUITests.build/KanpanUITests-generated-files.hmap -Xcc -I/Users/mdd/zhk/kanpan/DerivedData-chart-foundation-ui/Build/Intermediates.noindex/Kanpan.build/Debug-iphonesimulator/KanpanUITests.build/KanpanUITests-own-target-headers.hmap -Xcc -I/Users/mdd/zhk/kanpan/DerivedData-chart-foundation-ui/Build/Intermediates.noindex/Kanpan.build/Debug-iphonesimulator/KanpanUITests.build/KanpanUITests-all-non-framework-target-headers.hmap -Xcc -ivfsoverlay -Xcc /Users/mdd/zhk/kanpan/DerivedData-chart-foundation-ui/Build/Intermediates.noindex/Kanpan.build/Debug-iphonesimulator/Kanpan-88f8e4f6458ff7f878983357411ed85c-VFS-iphonesimulator/all-product-headers.yaml -Xcc -iquote -Xcc /Users/mdd/zhk/kanpan/DerivedData-chart-foundation-ui/Build/Intermediates.noindex/Kanpan.build/Debug-iphonesimulator/KanpanUITests.build/KanpanUITests-project-headers.hmap -Xcc -I/Users/mdd/zhk/kanpan/DerivedData-chart-foundation-ui/Build/Products/Debug-iphonesimulator/include -Xcc -I/Users/mdd/zhk/kanpan/DerivedData-chart-foundation-ui/Build/Intermediates.noindex/Kanpan.build/Debug-iphonesimulator/KanpanUITests.build/DerivedSources-normal/arm64 -Xcc -I/Users/mdd/zhk/kanpan/DerivedData-chart-foundation-ui/Build/Intermediates.noindex/Kanpan.build/Debug-iphonesimulator/KanpanUITests.build/DerivedSources/arm64 -Xcc -I/Users/mdd/zhk/kanpan/DerivedData-chart-foundation-ui/Build/Intermediates.noindex/Kanpan.build/Debug-iphonesimulator/KanpanUITests.build/DerivedSources -emit-objc-header -emit-objc-header-path /Users/mdd/zhk/kanpan/DerivedData-chart-foundation-ui/Build/Intermediates.noindex/Kanpan.build/Debug-iphonesimulator/KanpanUITests.build/Objects-normal/arm64/KanpanUITests-Swift.h -working-directory /Users/mdd/zhk/kanpan/Kanpan -experimental-emit-module-separately -disable-cmo

SwiftDriverJobDiscovery normal arm64 Compiling SymbolTickerFeed.swift, KanpanApp.swift, LaunchScreen.swift, GeneratedAssetSymbols.swift (in target 'Kanpan' from project 'Kanpan')

SwiftDriverJobDiscovery normal arm64 Compiling DiagnosticsCenter.swift, DiagnosticsStore.swift, FrameProbe.swift, FrameReportStore.swift, FrameStats.swift (in target 'Kanpan' from project 'Kanpan')

SwiftDriverJobDiscovery normal arm64 Compiling StylePanel.swift, StyleThumbnail.swift, APIHost.swift, IndicatorDraft.swift (in target 'Kanpan' from project 'Kanpan')

SwiftDriverJobDiscovery normal arm64 Compiling MeasurementText.swift, PayloadDigest.swift, DrawingBar.swift, DrawingController.swift, BottomBar.swift (in target 'Kanpan' from project 'Kanpan')

SwiftExplicitDependencyGeneratePcm arm64 /Users/mdd/zhk/kanpan/DerivedData-chart-foundation-ui/Build/Intermediates.noindex/SwiftExplicitPrecompiledModules/XCUIAutomation-4588DW9HS5B85LQ953YH92CB1.pcm

SwiftDriverJobDiscovery normal arm64 Compiling PanelChrome.swift, PanelPresentation.swift, PanelTheme.swift, PeriodPanel.swift, SettingsPanel.swift (in target 'Kanpan' from project 'Kanpan')

SwiftExplicitDependencyGeneratePcm arm64 /Users/mdd/zhk/kanpan/DerivedData-chart-foundation-ui/Build/Intermediates.noindex/SwiftExplicitPrecompiledModules/XCTest-8GDJX1TTSXVIQ1LTFG02WEBXK.pcm

SwiftExplicitDependencyCompileModuleFromInterface arm64 /Users/mdd/zhk/kanpan/DerivedData-chart-foundation-ui/Build/Intermediates.noindex/SwiftExplicitPrecompiledModules/XCUIAutomation-3PI1KO3UEDN8R.swiftmodule

SwiftExplicitDependencyCompileModuleFromInterface arm64 /Users/mdd/zhk/kanpan/DerivedData-chart-foundation-ui/Build/Intermediates.noindex/SwiftExplicitPrecompiledModules/XCTest-GUWJ4XAA77WV.swiftmodule

SwiftEmitModule normal arm64 Emitting\ module\ for\ KanpanUITests (in target 'KanpanUITests' from project 'Kanpan')

EmitSwiftModule normal arm64 (in target 'KanpanUITests' from project 'Kanpan')
    cd /Users/mdd/zhk/kanpan/Kanpan
    

SwiftCompile normal arm64 Compiling\ AICoinBaseUITests.swift /Users/mdd/zhk/kanpan/Kanpan/KanpanUITests/AICoinBaseUITests.swift (in target 'KanpanUITests' from project 'Kanpan')

SwiftCompile normal arm64 /Users/mdd/zhk/kanpan/Kanpan/KanpanUITests/AICoinBaseUITests.swift (in target 'KanpanUITests' from project 'Kanpan')
    cd /Users/mdd/zhk/kanpan/Kanpan
    

SwiftCompile normal arm64 Compiling\ MainScreenUITests.swift /Users/mdd/zhk/kanpan/Kanpan/KanpanUITests/MainScreenUITests.swift (in target 'KanpanUITests' from project 'Kanpan')

SwiftCompile normal arm64 /Users/mdd/zhk/kanpan/Kanpan/KanpanUITests/MainScreenUITests.swift (in target 'KanpanUITests' from project 'Kanpan')
    cd /Users/mdd/zhk/kanpan/Kanpan
    

SwiftCompile normal arm64 Compiling\ ChartFoundationUITests.swift /Users/mdd/zhk/kanpan/Kanpan/KanpanUITests/ChartFoundationUITests.swift (in target 'KanpanUITests' from project 'Kanpan')

SwiftCompile normal arm64 /Users/mdd/zhk/kanpan/Kanpan/KanpanUITests/ChartFoundationUITests.swift (in target 'KanpanUITests' from project 'Kanpan')
    cd /Users/mdd/zhk/kanpan/Kanpan
    

SwiftCompile normal arm64 Compiling\ UITestSupport.swift /Users/mdd/zhk/kanpan/Kanpan/KanpanUITests/UITestSupport.swift (in target 'KanpanUITests' from project 'Kanpan')

SwiftCompile normal arm64 /Users/mdd/zhk/kanpan/Kanpan/KanpanUITests/UITestSupport.swift (in target 'KanpanUITests' from project 'Kanpan')
    cd /Users/mdd/zhk/kanpan/Kanpan
    

SwiftDriverJobDiscovery normal arm64 Compiling SymbolPickerView.swift, SymbolPrefs.swift, SymbolQuery.swift, SymbolSections.swift (in target 'Kanpan' from project 'Kanpan')

SwiftDriverJobDiscovery normal arm64 Emitting module for KanpanUITests (in target 'KanpanUITests' from project 'Kanpan')

SwiftDriver\ Compilation\ Requirements KanpanUITests normal arm64 com.apple.xcode.tools.swift.compiler (in target 'KanpanUITests' from project 'Kanpan')
    cd /Users/mdd/zhk/kanpan/Kanpan
    builtin-Swift-Compilation-Requirements -- /Applications/Xcode.app/Contents/Developer/Toolchains/XcodeDefault.xctoolchain/usr/bin/swiftc -module-name KanpanUITests -Onone @/Users/mdd/zhk/kanpan/DerivedData-chart-foundation-ui/Build/Intermediates.noindex/Kanpan.build/Debug-iphonesimulator/KanpanUITests.build/Objects-normal/arm64/KanpanUITests.SwiftFileList -DDEBUG -module-alias Testing\=_Testing_Unavailable -plugin-path /Applications/Xcode.app/Contents/Developer/Toolchains/XcodeDefault.xctoolchain/usr/lib/swift/host/plugins/testing -enable-experimental-feature DebugDescriptionMacro -sdk /Applications/Xcode.app/Contents/Developer/Platforms/iPhoneSimulator.platform/Developer/SDKs/iPhoneSimulator26.5.sdk -target arm64-apple-ios17.0-simulator -g -module-cache-path /Users/mdd/zhk/kanpan/DerivedData-chart-foundation-ui/ModuleCache.noindex -Xfrontend -serialize-debugging-options -enable-testing -index-store-path /Users/mdd/zhk/kanpan/DerivedData-chart-foundation-ui/Index.noindex/DataStore -Xcc -D_LIBCPP_HARDENING_MODE\=_LIBCPP_HARDENING_MODE_DEBUG -swift-version 6 -I /Users/mdd/zhk/kanpan/DerivedData-chart-foundation-ui/Build/Products/Debug-iphonesimulator -Isystem /Applications/Xcode.app/Contents/Developer/Platforms/iPhoneSimulator.platform/Developer/usr/lib -F /Users/mdd/zhk/kanpan/DerivedData-chart-foundation-ui/Build/Products/Debug-iphonesimulator -F /Applications/Xcode.app/Contents/Developer/Platforms/iPhoneSimulator.platform/Developer/Library/Frameworks -F /Applications/Xcode.app/Contents/Developer/Platforms/iPhoneSimulator.platform/Developer/SDKs/iPhoneSimulator26.5.sdk/Developer/Library/Frameworks -c -j10 -enable-batch-mode -incremental -Xcc -ivfsstatcache -Xcc /Users/mdd/zhk/kanpan/DerivedData-chart-foundation-ui/SDKStatCaches.noindex/iphonesimulator26.5-23F81a-6cfe768891a92b912361537c460fe42b.sdkstatcache -output-file-map /Users/mdd/zhk/kanpan/DerivedData-chart-foundation-ui/Build/Intermediates.noindex/Kanpan.build/Debug-iphonesimulator/KanpanUITests.build/Objects-normal/arm64/KanpanUITests-OutputFileMap.json -use-frontend-parseable-output -save-temps -no-color-diagnostics -explicit-module-build -module-cache-path /Users/mdd/zhk/kanpan/DerivedData-chart-foundation-ui/Build/Intermediates.noindex/SwiftExplicitPrecompiledModules -clang-scanner-module-cache-path /Users/mdd/zhk/kanpan/DerivedData-chart-foundation-ui/ModuleCache.noindex -sdk-module-cache-path /Users/mdd/zhk/kanpan/DerivedData-chart-foundation-ui/ModuleCache.noindex -serialize-diagnostics -emit-dependencies -emit-module -emit-module-path /Users/mdd/zhk/kanpan/DerivedData-chart-foundation-ui/Build/Intermediates.noindex/Kanpan.build/Debug-iphonesimulator/KanpanUITests.build/Objects-normal/arm64/KanpanUITests.swiftmodule -validate-clang-modules-once -clang-build-session-file /Users/mdd/zhk/kanpan/DerivedData-chart-foundation-ui/ModuleCache.noindex/Session.modulevalidation -Xcc -I/Users/mdd/zhk/kanpan/DerivedData-chart-foundation-ui/Build/Intermediates.noindex/Kanpan.build/Debug-iphonesimulator/KanpanUITests.build/swift-overrides.hmap -emit-const-values -Xfrontend -const-gather-protocols-file -Xfrontend /Users/mdd/zhk/kanpan/DerivedData-chart-foundation-ui/Build/Intermediates.noindex/Kanpan.build/Debug-iphonesimulator/KanpanUITests.build/Objects-normal/arm64/KanpanUITests_const_extract_protocols.json -Xcc -iquote -Xcc /Users/mdd/zhk/kanpan/DerivedData-chart-foundation-ui/Build/Intermediates.noindex/Kanpan.build/Debug-iphonesimulator/KanpanUITests.build/KanpanUITests-generated-files.hmap -Xcc -I/Users/mdd/zhk/kanpan/DerivedData-chart-foundation-ui/Build/Intermediates.noindex/Kanpan.build/Debug-iphonesimulator/KanpanUITests.build/KanpanUITests-own-target-headers.hmap -Xcc -I/Users/mdd/zhk/kanpan/DerivedData-chart-foundation-ui/Build/Intermediates.noindex/Kanpan.build/Debug-iphonesimulator/KanpanUITests.build/KanpanUITests-all-non-framework-target-headers.hmap -Xcc -ivfsoverlay -Xcc /Users/mdd/zhk/kanpan/DerivedData-chart-foundation-ui/Build/Intermediates.noindex/Kanpan.build/Debug-iphonesimulator/Kanpan-88f8e4f6458ff7f878983357411ed85c-VFS-iphonesimulator/all-product-headers.yaml -Xcc -iquote -Xcc /Users/mdd/zhk/kanpan/DerivedData-chart-foundation-ui/Build/Intermediates.noindex/Kanpan.build/Debug-iphonesimulator/KanpanUITests.build/KanpanUITests-project-headers.hmap -Xcc -I/Users/mdd/zhk/kanpan/DerivedData-chart-foundation-ui/Build/Products/Debug-iphonesimulator/include -Xcc -I/Users/mdd/zhk/kanpan/DerivedData-chart-foundation-ui/Build/Intermediates.noindex/Kanpan.build/Debug-iphonesimulator/KanpanUITests.build/DerivedSources-normal/arm64 -Xcc -I/Users/mdd/zhk/kanpan/DerivedData-chart-foundation-ui/Build/Intermediates.noindex/Kanpan.build/Debug-iphonesimulator/KanpanUITests.build/DerivedSources/arm64 -Xcc -I/Users/mdd/zhk/kanpan/DerivedData-chart-foundation-ui/Build/Intermediates.noindex/Kanpan.build/Debug-iphonesimulator/KanpanUITests.build/DerivedSources -emit-objc-header -emit-objc-header-path /Users/mdd/zhk/kanpan/DerivedData-chart-foundation-ui/Build/Intermediates.noindex/Kanpan.build/Debug-iphonesimulator/KanpanUITests.build/Objects-normal/arm64/KanpanUITests-Swift.h -working-directory /Users/mdd/zhk/kanpan/Kanpan -experimental-emit-module-separately -disable-cmo

SwiftMergeGeneratedHeaders /Users/mdd/zhk/kanpan/DerivedData-chart-foundation-ui/Build/Intermediates.noindex/Kanpan.build/Debug-iphonesimulator/KanpanUITests.build/DerivedSources/KanpanUITests-Swift.h /Users/mdd/zhk/kanpan/DerivedData-chart-foundation-ui/Build/Intermediates.noindex/Kanpan.build/Debug-iphonesimulator/KanpanUITests.build/Objects-normal/arm64/KanpanUITests-Swift.h (in target 'KanpanUITests' from project 'Kanpan')
    cd /Users/mdd/zhk/kanpan/Kanpan
    builtin-swiftHeaderTool -arch arm64 /Users/mdd/zhk/kanpan/DerivedData-chart-foundation-ui/Build/Intermediates.noindex/Kanpan.build/Debug-iphonesimulator/KanpanUITests.build/Objects-normal/arm64/KanpanUITests-Swift.h -o /Users/mdd/zhk/kanpan/DerivedData-chart-foundation-ui/Build/Intermediates.noindex/Kanpan.build/Debug-iphonesimulator/KanpanUITests.build/DerivedSources/KanpanUITests-Swift.h

Copy /Users/mdd/zhk/kanpan/DerivedData-chart-foundation-ui/Build/Products/Debug-iphonesimulator/KanpanUITests.swiftmodule/arm64-apple-ios-simulator.swiftmodule /Users/mdd/zhk/kanpan/DerivedData-chart-foundation-ui/Build/Intermediates.noindex/Kanpan.build/Debug-iphonesimulator/KanpanUITests.build/Objects-normal/arm64/KanpanUITests.swiftmodule (in target 'KanpanUITests' from project 'Kanpan')
    cd /Users/mdd/zhk/kanpan/Kanpan
    builtin-copy -exclude .DS_Store -exclude CVS -exclude .svn -exclude .git -exclude .hg -strip-unsigned-binaries -strip-deterministic -strip-tool /Applications/Xcode.app/Contents/Developer/Toolchains/XcodeDefault.xctoolchain/usr/bin/strip -resolve-src-symlinks -rename /Users/mdd/zhk/kanpan/DerivedData-chart-foundation-ui/Build/Intermediates.noindex/Kanpan.build/Debug-iphonesimulator/KanpanUITests.build/Objects-normal/arm64/KanpanUITests.swiftmodule /Users/mdd/zhk/kanpan/DerivedData-chart-foundation-ui/Build/Products/Debug-iphonesimulator/KanpanUITests.swiftmodule/arm64-apple-ios-simulator.swiftmodule

Copy /Users/mdd/zhk/kanpan/DerivedData-chart-foundation-ui/Build/Products/Debug-iphonesimulator/KanpanUITests.swiftmodule/arm64-apple-ios-simulator.swiftdoc /Users/mdd/zhk/kanpan/DerivedData-chart-foundation-ui/Build/Intermediates.noindex/Kanpan.build/Debug-iphonesimulator/KanpanUITests.build/Objects-normal/arm64/KanpanUITests.swiftdoc (in target 'KanpanUITests' from project 'Kanpan')
    cd /Users/mdd/zhk/kanpan/Kanpan
    builtin-copy -exclude .DS_Store -exclude CVS -exclude .svn -exclude .git -exclude .hg -strip-unsigned-binaries -strip-deterministic -strip-tool /Applications/Xcode.app/Contents/Developer/Toolchains/XcodeDefault.xctoolchain/usr/bin/strip -resolve-src-symlinks -rename /Users/mdd/zhk/kanpan/DerivedData-chart-foundation-ui/Build/Intermediates.noindex/Kanpan.build/Debug-iphonesimulator/KanpanUITests.build/Objects-normal/arm64/KanpanUITests.swiftdoc /Users/mdd/zhk/kanpan/DerivedData-chart-foundation-ui/Build/Products/Debug-iphonesimulator/KanpanUITests.swiftmodule/arm64-apple-ios-simulator.swiftdoc

Copy /Users/mdd/zhk/kanpan/DerivedData-chart-foundation-ui/Build/Products/Debug-iphonesimulator/KanpanUITests.swiftmodule/arm64-apple-ios-simulator.abi.json /Users/mdd/zhk/kanpan/DerivedData-chart-foundation-ui/Build/Intermediates.noindex/Kanpan.build/Debug-iphonesimulator/KanpanUITests.build/Objects-normal/arm64/KanpanUITests.abi.json (in target 'KanpanUITests' from project 'Kanpan')
    cd /Users/mdd/zhk/kanpan/Kanpan
    builtin-copy -exclude .DS_Store -exclude CVS -exclude .svn -exclude .git -exclude .hg -strip-unsigned-binaries -strip-deterministic -strip-tool /Applications/Xcode.app/Contents/Developer/Toolchains/XcodeDefault.xctoolchain/usr/bin/strip -resolve-src-symlinks -rename /Users/mdd/zhk/kanpan/DerivedData-chart-foundation-ui/Build/Intermediates.noindex/Kanpan.build/Debug-iphonesimulator/KanpanUITests.build/Objects-normal/arm64/KanpanUITests.abi.json /Users/mdd/zhk/kanpan/DerivedData-chart-foundation-ui/Build/Products/Debug-iphonesimulator/KanpanUITests.swiftmodule/arm64-apple-ios-simulator.abi.json

Copy /Users/mdd/zhk/kanpan/DerivedData-chart-foundation-ui/Build/Products/Debug-iphonesimulator/KanpanUITests.swiftmodule/Project/arm64-apple-ios-simulator.swiftsourceinfo /Users/mdd/zhk/kanpan/DerivedData-chart-foundation-ui/Build/Intermediates.noindex/Kanpan.build/Debug-iphonesimulator/KanpanUITests.build/Objects-normal/arm64/KanpanUITests.swiftsourceinfo (in target 'KanpanUITests' from project 'Kanpan')
    cd /Users/mdd/zhk/kanpan/Kanpan
    builtin-copy -exclude .DS_Store -exclude CVS -exclude .svn -exclude .git -exclude .hg -strip-unsigned-binaries -strip-deterministic -strip-tool /Applications/Xcode.app/Contents/Developer/Toolchains/XcodeDefault.xctoolchain/usr/bin/strip -resolve-src-symlinks -rename /Users/mdd/zhk/kanpan/DerivedData-chart-foundation-ui/Build/Intermediates.noindex/Kanpan.build/Debug-iphonesimulator/KanpanUITests.build/Objects-normal/arm64/KanpanUITests.swiftsourceinfo /Users/mdd/zhk/kanpan/DerivedData-chart-foundation-ui/Build/Products/Debug-iphonesimulator/KanpanUITests.swiftmodule/Project/arm64-apple-ios-simulator.swiftsourceinfo

SwiftDriverJobDiscovery normal arm64 Compiling MainScreenUITests.swift (in target 'KanpanUITests' from project 'Kanpan')

SwiftDriverJobDiscovery normal arm64 Compiling UITestSupport.swift (in target 'KanpanUITests' from project 'Kanpan')

SwiftDriverJobDiscovery normal arm64 Compiling AICoinBaseUITests.swift (in target 'KanpanUITests' from project 'Kanpan')

SwiftDriverJobDiscovery normal arm64 Compiling ChartFoundationUITests.swift (in target 'KanpanUITests' from project 'Kanpan')

SwiftDriver\ Compilation KanpanUITests normal arm64 com.apple.xcode.tools.swift.compiler (in target 'KanpanUITests' from project 'Kanpan')
    cd /Users/mdd/zhk/kanpan/Kanpan
    builtin-Swift-Compilation -- /Applications/Xcode.app/Contents/Developer/Toolchains/XcodeDefault.xctoolchain/usr/bin/swiftc -module-name KanpanUITests -Onone @/Users/mdd/zhk/kanpan/DerivedData-chart-foundation-ui/Build/Intermediates.noindex/Kanpan.build/Debug-iphonesimulator/KanpanUITests.build/Objects-normal/arm64/KanpanUITests.SwiftFileList -DDEBUG -module-alias Testing\=_Testing_Unavailable -plugin-path /Applications/Xcode.app/Contents/Developer/Toolchains/XcodeDefault.xctoolchain/usr/lib/swift/host/plugins/testing -enable-experimental-feature DebugDescriptionMacro -sdk /Applications/Xcode.app/Contents/Developer/Platforms/iPhoneSimulator.platform/Developer/SDKs/iPhoneSimulator26.5.sdk -target arm64-apple-ios17.0-simulator -g -module-cache-path /Users/mdd/zhk/kanpan/DerivedData-chart-foundation-ui/ModuleCache.noindex -Xfrontend -serialize-debugging-options -enable-testing -index-store-path /Users/mdd/zhk/kanpan/DerivedData-chart-foundation-ui/Index.noindex/DataStore -Xcc -D_LIBCPP_HARDENING_MODE\=_LIBCPP_HARDENING_MODE_DEBUG -swift-version 6 -I /Users/mdd/zhk/kanpan/DerivedData-chart-foundation-ui/Build/Products/Debug-iphonesimulator -Isystem /Applications/Xcode.app/Contents/Developer/Platforms/iPhoneSimulator.platform/Developer/usr/lib -F /Users/mdd/zhk/kanpan/DerivedData-chart-foundation-ui/Build/Products/Debug-iphonesimulator -F /Applications/Xcode.app/Contents/Developer/Platforms/iPhoneSimulator.platform/Developer/Library/Frameworks -F /Applications/Xcode.app/Contents/Developer/Platforms/iPhoneSimulator.platform/Developer/SDKs/iPhoneSimulator26.5.sdk/Developer/Library/Frameworks -c -j10 -enable-batch-mode -incremental -Xcc -ivfsstatcache -Xcc /Users/mdd/zhk/kanpan/DerivedData-chart-foundation-ui/SDKStatCaches.noindex/iphonesimulator26.5-23F81a-6cfe768891a92b912361537c460fe42b.sdkstatcache -output-file-map /Users/mdd/zhk/kanpan/DerivedData-chart-foundation-ui/Build/Intermediates.noindex/Kanpan.build/Debug-iphonesimulator/KanpanUITests.build/Objects-normal/arm64/KanpanUITests-OutputFileMap.json -use-frontend-parseable-output -save-temps -no-color-diagnostics -explicit-module-build -module-cache-path /Users/mdd/zhk/kanpan/DerivedData-chart-foundation-ui/Build/Intermediates.noindex/SwiftExplicitPrecompiledModules -clang-scanner-module-cache-path /Users/mdd/zhk/kanpan/DerivedData-chart-foundation-ui/ModuleCache.noindex -sdk-module-cache-path /Users/mdd/zhk/kanpan/DerivedData-chart-foundation-ui/ModuleCache.noindex -serialize-diagnostics -emit-dependencies -emit-module -emit-module-path /Users/mdd/zhk/kanpan/DerivedData-chart-foundation-ui/Build/Intermediates.noindex/Kanpan.build/Debug-iphonesimulator/KanpanUITests.build/Objects-normal/arm64/KanpanUITests.swiftmodule -validate-clang-modules-once -clang-build-session-file /Users/mdd/zhk/kanpan/DerivedData-chart-foundation-ui/ModuleCache.noindex/Session.modulevalidation -Xcc -I/Users/mdd/zhk/kanpan/DerivedData-chart-foundation-ui/Build/Intermediates.noindex/Kanpan.build/Debug-iphonesimulator/KanpanUITests.build/swift-overrides.hmap -emit-const-values -Xfrontend -const-gather-protocols-file -Xfrontend /Users/mdd/zhk/kanpan/DerivedData-chart-foundation-ui/Build/Intermediates.noindex/Kanpan.build/Debug-iphonesimulator/KanpanUITests.build/Objects-normal/arm64/KanpanUITests_const_extract_protocols.json -Xcc -iquote -Xcc /Users/mdd/zhk/kanpan/DerivedData-chart-foundation-ui/Build/Intermediates.noindex/Kanpan.build/Debug-iphonesimulator/KanpanUITests.build/KanpanUITests-generated-files.hmap -Xcc -I/Users/mdd/zhk/kanpan/DerivedData-chart-foundation-ui/Build/Intermediates.noindex/Kanpan.build/Debug-iphonesimulator/KanpanUITests.build/KanpanUITests-own-target-headers.hmap -Xcc -I/Users/mdd/zhk/kanpan/DerivedData-chart-foundation-ui/Build/Intermediates.noindex/Kanpan.build/Debug-iphonesimulator/KanpanUITests.build/KanpanUITests-all-non-framework-target-headers.hmap -Xcc -ivfsoverlay -Xcc /Users/mdd/zhk/kanpan/DerivedData-chart-foundation-ui/Build/Intermediates.noindex/Kanpan.build/Debug-iphonesimulator/Kanpan-88f8e4f6458ff7f878983357411ed85c-VFS-iphonesimulator/all-product-headers.yaml -Xcc -iquote -Xcc /Users/mdd/zhk/kanpan/DerivedData-chart-foundation-ui/Build/Intermediates.noindex/Kanpan.build/Debug-iphonesimulator/KanpanUITests.build/KanpanUITests-project-headers.hmap -Xcc -I/Users/mdd/zhk/kanpan/DerivedData-chart-foundation-ui/Build/Products/Debug-iphonesimulator/include -Xcc -I/Users/mdd/zhk/kanpan/DerivedData-chart-foundation-ui/Build/Intermediates.noindex/Kanpan.build/Debug-iphonesimulator/KanpanUITests.build/DerivedSources-normal/arm64 -Xcc -I/Users/mdd/zhk/kanpan/DerivedData-chart-foundation-ui/Build/Intermediates.noindex/Kanpan.build/Debug-iphonesimulator/KanpanUITests.build/DerivedSources/arm64 -Xcc -I/Users/mdd/zhk/kanpan/DerivedData-chart-foundation-ui/Build/Intermediates.noindex/Kanpan.build/Debug-iphonesimulator/KanpanUITests.build/DerivedSources -emit-objc-header -emit-objc-header-path /Users/mdd/zhk/kanpan/DerivedData-chart-foundation-ui/Build/Intermediates.noindex/Kanpan.build/Debug-iphonesimulator/KanpanUITests.build/Objects-normal/arm64/KanpanUITests-Swift.h -working-directory /Users/mdd/zhk/kanpan/Kanpan -experimental-emit-module-separately -disable-cmo

SwiftDriverJobDiscovery normal arm64 Compiling ChartHost.swift, IntervalBar.swift, LandscapeChrome.swift, MainScreen.swift, MarketModel.swift (in target 'Kanpan' from project 'Kanpan')

SwiftDriverJobDiscovery normal arm64 Compiling OrientationBridge.swift, TopBar.swift, VectorIcon.swift, ChartPanel.swift, IndicatorPanel.swift (in target 'Kanpan' from project 'Kanpan')

SwiftDriver\ Compilation Kanpan normal arm64 com.apple.xcode.tools.swift.compiler (in target 'Kanpan' from project 'Kanpan')
    cd /Users/mdd/zhk/kanpan/Kanpan
    builtin-Swift-Compilation -- /Applications/Xcode.app/Contents/Developer/Toolchains/XcodeDefault.xctoolchain/usr/bin/swiftc -module-name Kanpan -Onone @/Users/mdd/zhk/kanpan/DerivedData-chart-foundation-ui/Build/Intermediates.noindex/Kanpan.build/Debug-iphonesimulator/Kanpan.build/Objects-normal/arm64/Kanpan.SwiftFileList -DDEBUG -enable-experimental-feature DebugDescriptionMacro -sdk /Applications/Xcode.app/Contents/Developer/Platforms/iPhoneSimulator.platform/Developer/SDKs/iPhoneSimulator26.5.sdk -target arm64-apple-ios17.0-simulator -g -module-cache-path /Users/mdd/zhk/kanpan/DerivedData-chart-foundation-ui/ModuleCache.noindex -Xfrontend -serialize-debugging-options -enable-testing -index-store-path /Users/mdd/zhk/kanpan/DerivedData-chart-foundation-ui/Index.noindex/DataStore -Xcc -D_LIBCPP_HARDENING_MODE\=_LIBCPP_HARDENING_MODE_DEBUG -swift-version 6 -I /Users/mdd/zhk/kanpan/DerivedData-chart-foundation-ui/Build/Products/Debug-iphonesimulator -F /Users/mdd/zhk/kanpan/DerivedData-chart-foundation-ui/Build/Products/Debug-iphonesimulator/PackageFrameworks -F /Users/mdd/zhk/kanpan/DerivedData-chart-foundation-ui/Build/Products/Debug-iphonesimulator/PackageFrameworks -F /Users/mdd/zhk/kanpan/DerivedData-chart-foundation-ui/Build/Products/Debug-iphonesimulator/PackageFrameworks -F /Users/mdd/zhk/kanpan/DerivedData-chart-foundation-ui/Build/Products/Debug-iphonesimulator -emit-localized-strings -emit-localized-strings-path /Users/mdd/zhk/kanpan/DerivedData-chart-foundation-ui/Build/Intermediates.noindex/Kanpan.build/Debug-iphonesimulator/Kanpan.build/Objects-normal/arm64 -c -j10 -enable-batch-mode -incremental -Xcc -ivfsstatcache -Xcc /Users/mdd/zhk/kanpan/DerivedData-chart-foundation-ui/SDKStatCaches.noindex/iphonesimulator26.5-23F81a-6cfe768891a92b912361537c460fe42b.sdkstatcache -output-file-map /Users/mdd/zhk/kanpan/DerivedData-chart-foundation-ui/Build/Intermediates.noindex/Kanpan.build/Debug-iphonesimulator/Kanpan.build/Objects-normal/arm64/Kanpan-OutputFileMap.json -use-frontend-parseable-output -save-temps -no-color-diagnostics -explicit-module-build -module-cache-path /Users/mdd/zhk/kanpan/DerivedData-chart-foundation-ui/Build/Intermediates.noindex/SwiftExplicitPrecompiledModules -clang-scanner-module-cache-path /Users/mdd/zhk/kanpan/DerivedData-chart-foundation-ui/ModuleCache.noindex -sdk-module-cache-path /Users/mdd/zhk/kanpan/DerivedData-chart-foundation-ui/ModuleCache.noindex -serialize-diagnostics -emit-dependencies -emit-module -emit-module-path /Users/mdd/zhk/kanpan/DerivedData-chart-foundation-ui/Build/Intermediates.noindex/Kanpan.build/Debug-iphonesimulator/Kanpan.build/Objects-normal/arm64/Kanpan.swiftmodule -validate-clang-modules-once -clang-build-session-file /Users/mdd/zhk/kanpan/DerivedData-chart-foundation-ui/ModuleCache.noindex/Session.modulevalidation -Xcc -I/Users/mdd/zhk/kanpan/DerivedData-chart-foundation-ui/Build/Intermediates.noindex/Kanpan.build/Debug-iphonesimulator/Kanpan.build/swift-overrides.hmap -emit-const-values -Xfrontend -const-gather-protocols-file -Xfrontend /Users/mdd/zhk/kanpan/DerivedData-chart-foundation-ui/Build/Intermediates.noindex/Kanpan.build/Debug-iphonesimulator/Kanpan.build/Objects-normal/arm64/Kanpan_const_extract_protocols.json -Xcc -iquote -Xcc /Users/mdd/zhk/kanpan/DerivedData-chart-foundation-ui/Build/Intermediates.noindex/Kanpan.build/Debug-iphonesimulator/Kanpan.build/Kanpan-generated-files.hmap -Xcc -I/Users/mdd/zhk/kanpan/DerivedData-chart-foundation-ui/Build/Intermediates.noindex/Kanpan.build/Debug-iphonesimulator/Kanpan.build/Kanpan-own-target-headers.hmap -Xcc -I/Users/mdd/zhk/kanpan/DerivedData-chart-foundation-ui/Build/Intermediates.noindex/Kanpan.build/Debug-iphonesimulator/Kanpan.build/Kanpan-all-non-framework-target-headers.hmap -Xcc -ivfsoverlay -Xcc /Users/mdd/zhk/kanpan/DerivedData-chart-foundation-ui/Build/Intermediates.noindex/Kanpan.build/Debug-iphonesimulator/Kanpan-88f8e4f6458ff7f878983357411ed85c-VFS-iphonesimulator/all-product-headers.yaml -Xcc -iquote -Xcc /Users/mdd/zhk/kanpan/DerivedData-chart-foundation-ui/Build/Intermediates.noindex/Kanpan.build/Debug-iphonesimulator/Kanpan.build/Kanpan-project-headers.hmap -Xcc -I/Users/mdd/zhk/kanpan/DerivedData-chart-foundation-ui/Build/Products/Debug-iphonesimulator/include -Xcc -I/Users/mdd/zhk/kanpan/DerivedData-chart-foundation-ui/Build/Intermediates.noindex/Kanpan.build/Debug-iphonesimulator/Kanpan.build/DerivedSources-normal/arm64 -Xcc -I/Users/mdd/zhk/kanpan/DerivedData-chart-foundation-ui/Build/Intermediates.noindex/Kanpan.build/Debug-iphonesimulator/Kanpan.build/DerivedSources/arm64 -Xcc -I/Users/mdd/zhk/kanpan/DerivedData-chart-foundation-ui/Build/Intermediates.noindex/Kanpan.build/Debug-iphonesimulator/Kanpan.build/DerivedSources -emit-objc-header -emit-objc-header-path /Users/mdd/zhk/kanpan/DerivedData-chart-foundation-ui/Build/Intermediates.noindex/Kanpan.build/Debug-iphonesimulator/Kanpan.build/Objects-normal/arm64/Kanpan-Swift.h -working-directory /Users/mdd/zhk/kanpan/Kanpan -experimental-emit-module-separately -disable-cmo

Ld /Users/mdd/zhk/kanpan/DerivedData-chart-foundation-ui/Build/Products/Debug-iphonesimulator/Kanpan.app/Kanpan.debug.dylib normal (in target 'Kanpan' from project 'Kanpan')
    cd /Users/mdd/zhk/kanpan/Kanpan
    /Applications/Xcode.app/Contents/Developer/Toolchains/XcodeDefault.xctoolchain/usr/bin/clang -Xlinker -reproducible -target arm64-apple-ios17.0-simulator -dynamiclib -isysroot /Applications/Xcode.app/Contents/Developer/Platforms/iPhoneSimulator.platform/Developer/SDKs/iPhoneSimulator26.5.sdk -O0 -L/Users/mdd/zhk/kanpan/DerivedData-chart-foundation-ui/Build/Intermediates.noindex/EagerLinkingTBDs/Debug-iphonesimulator -L/Users/mdd/zhk/kanpan/DerivedData-chart-foundation-ui/Build/Products/Debug-iphonesimulator -F/Users/mdd/zhk/kanpan/DerivedData-chart-foundation-ui/Build/Intermediates.noindex/EagerLinkingTBDs/Debug-iphonesimulator -F/Users/mdd/zhk/kanpan/DerivedData-chart-foundation-ui/Build/Products/Debug-iphonesimulator/PackageFrameworks -F/Users/mdd/zhk/kanpan/DerivedData-chart-foundation-ui/Build/Products/Debug-iphonesimulator/PackageFrameworks -F/Users/mdd/zhk/kanpan/DerivedData-chart-foundation-ui/Build/Products/Debug-iphonesimulator/PackageFrameworks -F/Users/mdd/zhk/kanpan/DerivedData-chart-foundation-ui/Build/Products/Debug-iphonesimulator -filelist /Users/mdd/zhk/kanpan/DerivedData-chart-foundation-ui/Build/Intermediates.noindex/Kanpan.build/Debug-iphonesimulator/Kanpan.build/Objects-normal/arm64/Kanpan.LinkFileList -install_name @rpath/Kanpan.debug.dylib -Xlinker -rpath -Xlinker /usr/lib/swift -Xlinker -rpath -Xlinker /Users/mdd/zhk/kanpan/DerivedData-chart-foundation-ui/Build/Products/Debug-iphonesimulator/PackageFrameworks -Xlinker -rpath -Xlinker @executable_path/Frameworks -Xlinker -dead_strip -Xlinker -object_path_lto -Xlinker /Users/mdd/zhk/kanpan/DerivedData-chart-foundation-ui/Build/Intermediates.noindex/Kanpan.build/Debug-iphonesimulator/Kanpan.build/Objects-normal/arm64/Kanpan_lto.o -rdynamic -Xlinker -no_deduplicate -Xlinker -objc_abi_version -Xlinker 2 -Xlinker -dependency_info -Xlinker /Users/mdd/zhk/kanpan/DerivedData-chart-foundation-ui/Build/Intermediates.noindex/Kanpan.build/Debug-iphonesimulator/Kanpan.build/Objects-normal/arm64/Kanpan_dependency_info.dat -fobjc-link-runtime -L/Applications/Xcode.app/Contents/Developer/Toolchains/XcodeDefault.xctoolchain/usr/lib/swift/iphonesimulator -L/usr/lib/swift -Xlinker -add_ast_path -Xlinker /Users/mdd/zhk/kanpan/DerivedData-chart-foundation-ui/Build/Intermediates.noindex/Kanpan.build/Debug-iphonesimulator/Kanpan.build/Objects-normal/arm64/Kanpan.swiftmodule @/Users/mdd/zhk/kanpan/DerivedData-chart-foundation-ui/Build/Intermediates.noindex/Kanpan.build/Debug-iphonesimulator/Kanpan.build/Objects-normal/arm64/Kanpan-linker-args.resp -Wl,-no_warn_duplicate_libraries -Wl,-no_warn_duplicate_libraries -Wl,-no_warn_duplicate_libraries -Xlinker -alias -Xlinker _main -Xlinker ___debug_main_executable_dylib_entry_point -Xlinker -no_adhoc_codesign -o /Users/mdd/zhk/kanpan/DerivedData-chart-foundation-ui/Build/Products/Debug-iphonesimulator/Kanpan.app/Kanpan.debug.dylib -Xlinker -add_ast_path -Xlinker /Users/mdd/zhk/kanpan/DerivedData-chart-foundation-ui/Build/Intermediates.noindex/KanpanCore.build/Debug-iphonesimulator/KanpanCore.build/Objects-normal/arm64/KanpanCore.swiftmodule @/Users/mdd/zhk/kanpan/DerivedData-chart-foundation-ui/Build/Intermediates.noindex/KanpanCore.build/Debug-iphonesimulator/KanpanCore.build/Objects-normal/arm64/KanpanCore-linker-args.resp -Xlinker -add_ast_path -Xlinker /Users/mdd/zhk/kanpan/DerivedData-chart-foundation-ui/Build/Intermediates.noindex/KanpanChart.build/Debug-iphonesimulator/KanpanChart.build/Objects-normal/arm64/KanpanChart.swiftmodule @/Users/mdd/zhk/kanpan/DerivedData-chart-foundation-ui/Build/Intermediates.noindex/KanpanChart.build/Debug-iphonesimulator/KanpanChart.build/Objects-normal/arm64/KanpanChart-linker-args.resp -Xlinker -add_ast_path -Xlinker /Users/mdd/zhk/kanpan/DerivedData-chart-foundation-ui/Build/Intermediates.noindex/KanpanData.build/Debug-iphonesimulator/KanpanData.build/Objects-normal/arm64/KanpanData.swiftmodule @/Users/mdd/zhk/kanpan/DerivedData-chart-foundation-ui/Build/Intermediates.noindex/KanpanData.build/Debug-iphonesimulator/KanpanData.build/Objects-normal/arm64/KanpanData-linker-args.resp

ConstructStubExecutorLinkFileList /Users/mdd/zhk/kanpan/DerivedData-chart-foundation-ui/Build/Intermediates.noindex/Kanpan.build/Debug-iphonesimulator/Kanpan.build/Kanpan-ExecutorLinkFileList-normal-arm64.txt (in target 'Kanpan' from project 'Kanpan')
    cd /Users/mdd/zhk/kanpan/Kanpan
    construct-stub-executor-link-file-list /Users/mdd/zhk/kanpan/DerivedData-chart-foundation-ui/Build/Products/Debug-iphonesimulator/Kanpan.app/Kanpan.debug.dylib /Applications/Xcode.app/Contents/Developer/Platforms/iPhoneSimulator.platform/Developer/usr/lib/libPreviewsJITStubExecutor_no_swift_entry_point.a /Applications/Xcode.app/Contents/Developer/Platforms/iPhoneSimulator.platform/Developer/usr/lib/libPreviewsJITStubExecutor.a --output /Users/mdd/zhk/kanpan/DerivedData-chart-foundation-ui/Build/Intermediates.noindex/Kanpan.build/Debug-iphonesimulator/Kanpan.build/Kanpan-ExecutorLinkFileList-normal-arm64.txt
note: Using stub executor library with Swift entry point. (in target 'Kanpan' from project 'Kanpan')

Ld /Users/mdd/zhk/kanpan/DerivedData-chart-foundation-ui/Build/Products/Debug-iphonesimulator/Kanpan.app/Kanpan normal (in target 'Kanpan' from project 'Kanpan')
    cd /Users/mdd/zhk/kanpan/Kanpan
    /Applications/Xcode.app/Contents/Developer/Toolchains/XcodeDefault.xctoolchain/usr/bin/clang -Xlinker -reproducible -target arm64-apple-ios17.0-simulator -isysroot /Applications/Xcode.app/Contents/Developer/Platforms/iPhoneSimulator.platform/Developer/SDKs/iPhoneSimulator26.5.sdk -O0 -L/Users/mdd/zhk/kanpan/DerivedData-chart-foundation-ui/Build/Products/Debug-iphonesimulator -F/Users/mdd/zhk/kanpan/DerivedData-chart-foundation-ui/Build/Products/Debug-iphonesimulator/PackageFrameworks -F/Users/mdd/zhk/kanpan/DerivedData-chart-foundation-ui/Build/Products/Debug-iphonesimulator/PackageFrameworks -F/Users/mdd/zhk/kanpan/DerivedData-chart-foundation-ui/Build/Products/Debug-iphonesimulator/PackageFrameworks -F/Users/mdd/zhk/kanpan/DerivedData-chart-foundation-ui/Build/Products/Debug-iphonesimulator -Xlinker -rpath -Xlinker @executable_path -Xlinker -rpath -Xlinker /Users/mdd/zhk/kanpan/DerivedData-chart-foundation-ui/Build/Products/Debug-iphonesimulator/PackageFrameworks -Xlinker -rpath -Xlinker @executable_path/Frameworks -rdynamic -Xlinker -no_deduplicate -Xlinker -objc_abi_version -Xlinker 2 -e ___debug_blank_executor_main -Xlinker -sectcreate -Xlinker __TEXT -Xlinker __debug_dylib -Xlinker /Users/mdd/zhk/kanpan/DerivedData-chart-foundation-ui/Build/Intermediates.noindex/Kanpan.build/Debug-iphonesimulator/Kanpan.build/Kanpan-DebugDylibPath-normal-arm64.txt -Xlinker -sectcreate -Xlinker __TEXT -Xlinker __debug_instlnm -Xlinker /Users/mdd/zhk/kanpan/DerivedData-chart-foundation-ui/Build/Intermediates.noindex/Kanpan.build/Debug-iphonesimulator/Kanpan.build/Kanpan-DebugDylibInstallName-normal-arm64.txt -Xlinker -filelist -Xlinker /Users/mdd/zhk/kanpan/DerivedData-chart-foundation-ui/Build/Intermediates.noindex/Kanpan.build/Debug-iphonesimulator/Kanpan.build/Kanpan-ExecutorLinkFileList-normal-arm64.txt -Xlinker -sectcreate -Xlinker __TEXT -Xlinker __entitlements -Xlinker /Users/mdd/zhk/kanpan/DerivedData-chart-foundation-ui/Build/Intermediates.noindex/Kanpan.build/Debug-iphonesimulator/Kanpan.build/Kanpan.app-Simulated.xcent -Xlinker -sectcreate -Xlinker __TEXT -Xlinker __ents_der -Xlinker /Users/mdd/zhk/kanpan/DerivedData-chart-foundation-ui/Build/Intermediates.noindex/Kanpan.build/Debug-iphonesimulator/Kanpan.build/Kanpan.app-Simulated.xcent.der /Users/mdd/zhk/kanpan/DerivedData-chart-foundation-ui/Build/Products/Debug-iphonesimulator/Kanpan.app/Kanpan.debug.dylib -Xlinker -no_adhoc_codesign -o /Users/mdd/zhk/kanpan/DerivedData-chart-foundation-ui/Build/Products/Debug-iphonesimulator/Kanpan.app/Kanpan

CopySwiftLibs /Users/mdd/zhk/kanpan/DerivedData-chart-foundation-ui/Build/Products/Debug-iphonesimulator/Kanpan.app (in target 'Kanpan' from project 'Kanpan')
    cd /Users/mdd/zhk/kanpan/Kanpan
    builtin-swiftStdLibTool --copy --verbose --sign - --scan-executable /Users/mdd/zhk/kanpan/DerivedData-chart-foundation-ui/Build/Products/Debug-iphonesimulator/Kanpan.app/Kanpan.debug.dylib --scan-folder /Users/mdd/zhk/kanpan/DerivedData-chart-foundation-ui/Build/Products/Debug-iphonesimulator/Kanpan.app/Frameworks --scan-folder /Users/mdd/zhk/kanpan/DerivedData-chart-foundation-ui/Build/Products/Debug-iphonesimulator/Kanpan.app/PlugIns --scan-folder /Users/mdd/zhk/kanpan/DerivedData-chart-foundation-ui/Build/Products/Debug-iphonesimulator/Kanpan.app/SystemExtensions --scan-folder /Users/mdd/zhk/kanpan/DerivedData-chart-foundation-ui/Build/Products/Debug-iphonesimulator/Kanpan.app/Extensions --platform iphonesimulator --toolchain /Applications/Xcode.app/Contents/Developer/Toolchains/XcodeDefault.xctoolchain --destination /Users/mdd/zhk/kanpan/DerivedData-chart-foundation-ui/Build/Products/Debug-iphonesimulator/Kanpan.app/Frameworks --strip-bitcode --strip-bitcode-tool /Applications/Xcode.app/Contents/Developer/Toolchains/XcodeDefault.xctoolchain/usr/bin/bitcode_strip --emit-dependency-info /Users/mdd/zhk/kanpan/DerivedData-chart-foundation-ui/Build/Intermediates.noindex/Kanpan.build/Debug-iphonesimulator/Kanpan.build/SwiftStdLibToolInputDependencies.dep --filter-for-swift-os

ExtractAppIntentsMetadata (in target 'Kanpan' from project 'Kanpan')
    cd /Users/mdd/zhk/kanpan/Kanpan
    /Applications/Xcode.app/Contents/Developer/Toolchains/XcodeDefault.xctoolchain/usr/bin/appintentsmetadataprocessor --toolchain-dir /Applications/Xcode.app/Contents/Developer/Toolchains/XcodeDefault.xctoolchain --module-name Kanpan --sdk-root /Applications/Xcode.app/Contents/Developer/Platforms/iPhoneSimulator.platform/Developer/SDKs/iPhoneSimulator26.5.sdk --xcode-version 17F113 --platform-family iOS --deployment-target 17.0 --bundle-identifier com.mdd.kanpan --output /Users/mdd/zhk/kanpan/DerivedData-chart-foundation-ui/Build/Products/Debug-iphonesimulator/Kanpan.app --target-triple arm64-apple-ios17.0-simulator --binary-file /Users/mdd/zhk/kanpan/DerivedData-chart-foundation-ui/Build/Products/Debug-iphonesimulator/Kanpan.app/Kanpan --dependency-file /Users/mdd/zhk/kanpan/DerivedData-chart-foundation-ui/Build/Intermediates.noindex/Kanpan.build/Debug-iphonesimulator/Kanpan.build/Objects-normal/arm64/Kanpan_dependency_info.dat --stringsdata-file /Users/mdd/zhk/kanpan/DerivedData-chart-foundation-ui/Build/Intermediates.noindex/Kanpan.build/Debug-iphonesimulator/Kanpan.build/Objects-normal/arm64/ExtractedAppShortcutsMetadata.stringsdata --source-file-list /Users/mdd/zhk/kanpan/DerivedData-chart-foundation-ui/Build/Intermediates.noindex/Kanpan.build/Debug-iphonesimulator/Kanpan.build/Objects-normal/arm64/Kanpan.SwiftFileList --metadata-file-list /Users/mdd/zhk/kanpan/DerivedData-chart-foundation-ui/Build/Intermediates.noindex/Kanpan.build/Debug-iphonesimulator/Kanpan.build/Kanpan.DependencyMetadataFileList --static-metadata-file-list /Users/mdd/zhk/kanpan/DerivedData-chart-foundation-ui/Build/Intermediates.noindex/Kanpan.build/Debug-iphonesimulator/Kanpan.build/Kanpan.DependencyStaticMetadataFileList --swift-const-vals-list /Users/mdd/zhk/kanpan/DerivedData-chart-foundation-ui/Build/Intermediates.noindex/Kanpan.build/Debug-iphonesimulator/Kanpan.build/Objects-normal/arm64/Kanpan.SwiftConstValuesFileList --compile-time-extraction --deployment-aware-processing --validate-assistant-intents --no-app-shortcuts-localization
2026-09-14 23:41:30.984 appintentsmetadataprocessor[87870:31632404] Starting appintentsmetadataprocessor export
2026-09-14 23:41:30.986 appintentsmetadataprocessor[87870:31632404] warning: Metadata extraction skipped. No AppIntents.framework dependency found.

AppIntentsSSUTraining (in target 'Kanpan' from project 'Kanpan')
    cd /Users/mdd/zhk/kanpan/Kanpan
    /Applications/Xcode.app/Contents/Developer/Toolchains/XcodeDefault.xctoolchain/usr/bin/appintentsnltrainingprocessor --infoplist-path /Users/mdd/zhk/kanpan/DerivedData-chart-foundation-ui/Build/Products/Debug-iphonesimulator/Kanpan.app/Info.plist --temp-dir-path /Users/mdd/zhk/kanpan/DerivedData-chart-foundation-ui/Build/Intermediates.noindex/Kanpan.build/Debug-iphonesimulator/Kanpan.build/ssu --bundle-id com.mdd.kanpan --product-path /Users/mdd/zhk/kanpan/DerivedData-chart-foundation-ui/Build/Products/Debug-iphonesimulator/Kanpan.app --extracted-metadata-path /Users/mdd/zhk/kanpan/DerivedData-chart-foundation-ui/Build/Products/Debug-iphonesimulator/Kanpan.app/Metadata.appintents --metadata-file-list /Users/mdd/zhk/kanpan/DerivedData-chart-foundation-ui/Build/Intermediates.noindex/Kanpan.build/Debug-iphonesimulator/Kanpan.build/Kanpan.DependencyMetadataFileList --source-file /Users/mdd/zhk/kanpan/DerivedData-chart-foundation-ui/Build/Products/Debug-iphonesimulator/Kanpan.app/Info.plist --archive-ssu-assets
2026-09-14 23:41:31.006 appintentsnltrainingprocessor[87871:31632406] Parsing options for appintentsnltrainingprocessor
2026-09-14 23:41:31.006 appintentsnltrainingprocessor[87871:31632406] Starting AppIntents SSU YAML Generation
2026-09-14 23:41:31.008 appintentsnltrainingprocessor[87871:31632406] No AppShortcuts found - Skipping.

CodeSign /Users/mdd/zhk/kanpan/DerivedData-chart-foundation-ui/Build/Products/Debug-iphonesimulator/Kanpan.app/Kanpan.debug.dylib (in target 'Kanpan' from project 'Kanpan')
    cd /Users/mdd/zhk/kanpan/Kanpan
    
    Signing Identity:     "Sign to Run Locally"
    
    /usr/bin/codesign --force --sign - --timestamp\=none --generate-entitlement-der /Users/mdd/zhk/kanpan/DerivedData-chart-foundation-ui/Build/Products/Debug-iphonesimulator/Kanpan.app/Kanpan.debug.dylib

CodeSign /Users/mdd/zhk/kanpan/DerivedData-chart-foundation-ui/Build/Products/Debug-iphonesimulator/Kanpan.app/__preview.dylib (in target 'Kanpan' from project 'Kanpan')
    cd /Users/mdd/zhk/kanpan/Kanpan
    
    Signing Identity:     "Sign to Run Locally"
    
    /usr/bin/codesign --force --sign - --timestamp\=none --generate-entitlement-der /Users/mdd/zhk/kanpan/DerivedData-chart-foundation-ui/Build/Products/Debug-iphonesimulator/Kanpan.app/__preview.dylib

CodeSign /Users/mdd/zhk/kanpan/DerivedData-chart-foundation-ui/Build/Products/Debug-iphonesimulator/Kanpan.app (in target 'Kanpan' from project 'Kanpan')
    cd /Users/mdd/zhk/kanpan/Kanpan
    
    Signing Identity:     "Sign to Run Locally"
    
    /usr/bin/codesign --force --sign - --timestamp\=none --generate-entitlement-der /Users/mdd/zhk/kanpan/DerivedData-chart-foundation-ui/Build/Products/Debug-iphonesimulator/Kanpan.app

RegisterExecutionPolicyException /Users/mdd/zhk/kanpan/DerivedData-chart-foundation-ui/Build/Products/Debug-iphonesimulator/Kanpan.app (in target 'Kanpan' from project 'Kanpan')
    cd /Users/mdd/zhk/kanpan/Kanpan
    builtin-RegisterExecutionPolicyException /Users/mdd/zhk/kanpan/DerivedData-chart-foundation-ui/Build/Products/Debug-iphonesimulator/Kanpan.app

Validate /Users/mdd/zhk/kanpan/DerivedData-chart-foundation-ui/Build/Products/Debug-iphonesimulator/Kanpan.app (in target 'Kanpan' from project 'Kanpan')
    cd /Users/mdd/zhk/kanpan/Kanpan
    builtin-validationUtility /Users/mdd/zhk/kanpan/DerivedData-chart-foundation-ui/Build/Products/Debug-iphonesimulator/Kanpan.app -shallow-bundle -infoplist-subpath Info.plist

Touch /Users/mdd/zhk/kanpan/DerivedData-chart-foundation-ui/Build/Products/Debug-iphonesimulator/Kanpan.app (in target 'Kanpan' from project 'Kanpan')
    cd /Users/mdd/zhk/kanpan/Kanpan
    /usr/bin/touch -c /Users/mdd/zhk/kanpan/DerivedData-chart-foundation-ui/Build/Products/Debug-iphonesimulator/Kanpan.app

Ld /Users/mdd/zhk/kanpan/DerivedData-chart-foundation-ui/Build/Products/Debug-iphonesimulator/KanpanUITests-Runner.app/PlugIns/KanpanUITests.xctest/KanpanUITests normal (in target 'KanpanUITests' from project 'Kanpan')
    cd /Users/mdd/zhk/kanpan/Kanpan
    /Applications/Xcode.app/Contents/Developer/Toolchains/XcodeDefault.xctoolchain/usr/bin/clang -Xlinker -reproducible -target arm64-apple-ios17.0-simulator -bundle -isysroot /Applications/Xcode.app/Contents/Developer/Platforms/iPhoneSimulator.platform/Developer/SDKs/iPhoneSimulator26.5.sdk -O0 -L/Users/mdd/zhk/kanpan/DerivedData-chart-foundation-ui/Build/Intermediates.noindex/EagerLinkingTBDs/Debug-iphonesimulator -L/Users/mdd/zhk/kanpan/DerivedData-chart-foundation-ui/Build/Products/Debug-iphonesimulator -L/Applications/Xcode.app/Contents/Developer/Platforms/iPhoneSimulator.platform/Developer/usr/lib -F/Users/mdd/zhk/kanpan/DerivedData-chart-foundation-ui/Build/Intermediates.noindex/EagerLinkingTBDs/Debug-iphonesimulator -F/Users/mdd/zhk/kanpan/DerivedData-chart-foundation-ui/Build/Products/Debug-iphonesimulator -iframework /Applications/Xcode.app/Contents/Developer/Platforms/iPhoneSimulator.platform/Developer/Library/Frameworks -iframework /Applications/Xcode.app/Contents/Developer/Platforms/iPhoneSimulator.platform/Developer/SDKs/iPhoneSimulator26.5.sdk/Developer/Library/Frameworks -filelist /Users/mdd/zhk/kanpan/DerivedData-chart-foundation-ui/Build/Intermediates.noindex/Kanpan.build/Debug-iphonesimulator/KanpanUITests.build/Objects-normal/arm64/KanpanUITests.LinkFileList -Xlinker -rpath -Xlinker /usr/lib/swift -Xlinker -rpath -Xlinker @loader_path/Frameworks -Xlinker -dead_strip -Xlinker -object_path_lto -Xlinker /Users/mdd/zhk/kanpan/DerivedData-chart-foundation-ui/Build/Intermediates.noindex/Kanpan.build/Debug-iphonesimulator/KanpanUITests.build/Objects-normal/arm64/KanpanUITests_lto.o -rdynamic -Xlinker -no_deduplicate -Xlinker -objc_abi_version -Xlinker 2 -Xlinker -dependency_info -Xlinker /Users/mdd/zhk/kanpan/DerivedData-chart-foundation-ui/Build/Intermediates.noindex/Kanpan.build/Debug-iphonesimulator/KanpanUITests.build/Objects-normal/arm64/KanpanUITests_dependency_info.dat -fobjc-link-runtime -L/Applications/Xcode.app/Contents/Developer/Toolchains/XcodeDefault.xctoolchain/usr/lib/swift/iphonesimulator -L/usr/lib/swift -Xlinker -add_ast_path -Xlinker /Users/mdd/zhk/kanpan/DerivedData-chart-foundation-ui/Build/Intermediates.noindex/Kanpan.build/Debug-iphonesimulator/KanpanUITests.build/Objects-normal/arm64/KanpanUITests.swiftmodule @/Users/mdd/zhk/kanpan/DerivedData-chart-foundation-ui/Build/Intermediates.noindex/Kanpan.build/Debug-iphonesimulator/KanpanUITests.build/Objects-normal/arm64/KanpanUITests-linker-args.resp -Xlinker -needed_framework -Xlinker XCTest -framework XCTest -Xlinker -needed-lXCTestSwiftSupport -lXCTestSwiftSupport -Xlinker -sectcreate -Xlinker __TEXT -Xlinker __entitlements -Xlinker /Users/mdd/zhk/kanpan/DerivedData-chart-foundation-ui/Build/Intermediates.noindex/Kanpan.build/Debug-iphonesimulator/KanpanUITests.build/KanpanUITests.xctest-Simulated.xcent -Xlinker -sectcreate -Xlinker __TEXT -Xlinker __ents_der -Xlinker /Users/mdd/zhk/kanpan/DerivedData-chart-foundation-ui/Build/Intermediates.noindex/Kanpan.build/Debug-iphonesimulator/KanpanUITests.build/KanpanUITests.xctest-Simulated.xcent.der -Xlinker -no_adhoc_codesign -o /Users/mdd/zhk/kanpan/DerivedData-chart-foundation-ui/Build/Products/Debug-iphonesimulator/KanpanUITests-Runner.app/PlugIns/KanpanUITests.xctest/KanpanUITests

ProcessInfoPlistFile /Users/mdd/zhk/kanpan/DerivedData-chart-foundation-ui/Build/Products/Debug-iphonesimulator/KanpanUITests-Runner.app/PlugIns/KanpanUITests.xctest/Info.plist /Users/mdd/zhk/kanpan/DerivedData-chart-foundation-ui/Build/Intermediates.noindex/Kanpan.build/Debug-iphonesimulator/KanpanUITests.build/empty-KanpanUITests.plist (in target 'KanpanUITests' from project 'Kanpan')
    cd /Users/mdd/zhk/kanpan/Kanpan
    builtin-infoPlistUtility /Users/mdd/zhk/kanpan/DerivedData-chart-foundation-ui/Build/Intermediates.noindex/Kanpan.build/Debug-iphonesimulator/KanpanUITests.build/empty-KanpanUITests.plist -producttype com.apple.product-type.bundle.ui-testing -expandbuildsettings -format binary -platform iphonesimulator -additionalcontentfile /Users/mdd/zhk/kanpan/DerivedData-chart-foundation-ui/Build/Intermediates.noindex/Kanpan.build/Debug-iphonesimulator/KanpanUITests.build/ProductTypeInfoPlistAdditions.plist -o /Users/mdd/zhk/kanpan/DerivedData-chart-foundation-ui/Build/Products/Debug-iphonesimulator/KanpanUITests-Runner.app/PlugIns/KanpanUITests.xctest/Info.plist

CopySwiftLibs /Users/mdd/zhk/kanpan/DerivedData-chart-foundation-ui/Build/Products/Debug-iphonesimulator/KanpanUITests-Runner.app/PlugIns/KanpanUITests.xctest (in target 'KanpanUITests' from project 'Kanpan')
    cd /Users/mdd/zhk/kanpan/Kanpan
    builtin-swiftStdLibTool --copy --verbose --sign - --scan-executable /Users/mdd/zhk/kanpan/DerivedData-chart-foundation-ui/Build/Products/Debug-iphonesimulator/KanpanUITests-Runner.app/PlugIns/KanpanUITests.xctest/KanpanUITests --scan-folder /Users/mdd/zhk/kanpan/DerivedData-chart-foundation-ui/Build/Products/Debug-iphonesimulator/KanpanUITests-Runner.app/PlugIns/KanpanUITests.xctest/Frameworks --scan-folder /Users/mdd/zhk/kanpan/DerivedData-chart-foundation-ui/Build/Products/Debug-iphonesimulator/KanpanUITests-Runner.app/PlugIns/KanpanUITests.xctest/PlugIns --scan-folder /Users/mdd/zhk/kanpan/DerivedData-chart-foundation-ui/Build/Products/Debug-iphonesimulator/KanpanUITests-Runner.app/PlugIns/KanpanUITests.xctest/SystemExtensions --scan-folder /Users/mdd/zhk/kanpan/DerivedData-chart-foundation-ui/Build/Products/Debug-iphonesimulator/KanpanUITests-Runner.app/PlugIns/KanpanUITests.xctest/Extensions --platform iphonesimulator --toolchain /Applications/Xcode.app/Contents/Developer/Toolchains/XcodeDefault.xctoolchain --destination /Users/mdd/zhk/kanpan/DerivedData-chart-foundation-ui/Build/Products/Debug-iphonesimulator/KanpanUITests-Runner.app/PlugIns/KanpanUITests.xctest/Frameworks --strip-bitcode --scan-executable /Applications/Xcode.app/Contents/Developer/Platforms/iPhoneSimulator.platform/Developer/usr/lib/libXCTestSwiftSupport.dylib --strip-bitcode-tool /Applications/Xcode.app/Contents/Developer/Toolchains/XcodeDefault.xctoolchain/usr/bin/bitcode_strip --emit-dependency-info /Users/mdd/zhk/kanpan/DerivedData-chart-foundation-ui/Build/Intermediates.noindex/Kanpan.build/Debug-iphonesimulator/KanpanUITests.build/SwiftStdLibToolInputDependencies.dep --filter-for-swift-os

ExtractAppIntentsMetadata (in target 'KanpanUITests' from project 'Kanpan')
    cd /Users/mdd/zhk/kanpan/Kanpan
    /Applications/Xcode.app/Contents/Developer/Toolchains/XcodeDefault.xctoolchain/usr/bin/appintentsmetadataprocessor --toolchain-dir /Applications/Xcode.app/Contents/Developer/Toolchains/XcodeDefault.xctoolchain --module-name KanpanUITests --sdk-root /Applications/Xcode.app/Contents/Developer/Platforms/iPhoneSimulator.platform/Developer/SDKs/iPhoneSimulator26.5.sdk --xcode-version 17F113 --platform-family iOS --deployment-target 17.0 --bundle-identifier com.mdd.kanpan.uitests --output /Users/mdd/zhk/kanpan/DerivedData-chart-foundation-ui/Build/Products/Debug-iphonesimulator/KanpanUITests-Runner.app/PlugIns/KanpanUITests.xctest --target-triple arm64-apple-ios17.0-simulator --binary-file /Users/mdd/zhk/kanpan/DerivedData-chart-foundation-ui/Build/Products/Debug-iphonesimulator/KanpanUITests-Runner.app/PlugIns/KanpanUITests.xctest/KanpanUITests --dependency-file /Users/mdd/zhk/kanpan/DerivedData-chart-foundation-ui/Build/Intermediates.noindex/Kanpan.build/Debug-iphonesimulator/KanpanUITests.build/Objects-normal/arm64/KanpanUITests_dependency_info.dat --stringsdata-file /Users/mdd/zhk/kanpan/DerivedData-chart-foundation-ui/Build/Intermediates.noindex/Kanpan.build/Debug-iphonesimulator/KanpanUITests.build/Objects-normal/arm64/ExtractedAppShortcutsMetadata.stringsdata --source-file-list /Users/mdd/zhk/kanpan/DerivedData-chart-foundation-ui/Build/Intermediates.noindex/Kanpan.build/Debug-iphonesimulator/KanpanUITests.build/Objects-normal/arm64/KanpanUITests.SwiftFileList --metadata-file-list /Users/mdd/zhk/kanpan/DerivedData-chart-foundation-ui/Build/Intermediates.noindex/Kanpan.build/Debug-iphonesimulator/KanpanUITests.build/KanpanUITests.DependencyMetadataFileList --static-metadata-file-list /Users/mdd/zhk/kanpan/DerivedData-chart-foundation-ui/Build/Intermediates.noindex/Kanpan.build/Debug-iphonesimulator/KanpanUITests.build/KanpanUITests.DependencyStaticMetadataFileList --swift-const-vals-list /Users/mdd/zhk/kanpan/DerivedData-chart-foundation-ui/Build/Intermediates.noindex/Kanpan.build/Debug-iphonesimulator/KanpanUITests.build/Objects-normal/arm64/KanpanUITests.SwiftConstValuesFileList --compile-time-extraction --deployment-aware-processing --validate-assistant-intents --no-app-shortcuts-localization
2026-09-14 23:41:31.261 appintentsmetadataprocessor[87878:31632442] Starting appintentsmetadataprocessor export
2026-09-14 23:41:31.262 appintentsmetadataprocessor[87878:31632442] warning: Metadata extraction skipped. No AppIntents.framework dependency found.

AppIntentsSSUTraining (in target 'KanpanUITests' from project 'Kanpan')
    cd /Users/mdd/zhk/kanpan/Kanpan
    /Applications/Xcode.app/Contents/Developer/Toolchains/XcodeDefault.xctoolchain/usr/bin/appintentsnltrainingprocessor --infoplist-path /Users/mdd/zhk/kanpan/DerivedData-chart-foundation-ui/Build/Products/Debug-iphonesimulator/KanpanUITests-Runner.app/PlugIns/KanpanUITests.xctest/Info.plist --temp-dir-path /Users/mdd/zhk/kanpan/DerivedData-chart-foundation-ui/Build/Intermediates.noindex/Kanpan.build/Debug-iphonesimulator/KanpanUITests.build/ssu --bundle-id com.mdd.kanpan.uitests --product-path /Users/mdd/zhk/kanpan/DerivedData-chart-foundation-ui/Build/Products/Debug-iphonesimulator/KanpanUITests-Runner.app/PlugIns/KanpanUITests.xctest --extracted-metadata-path /Users/mdd/zhk/kanpan/DerivedData-chart-foundation-ui/Build/Products/Debug-iphonesimulator/KanpanUITests-Runner.app/PlugIns/KanpanUITests.xctest/Metadata.appintents --metadata-file-list /Users/mdd/zhk/kanpan/DerivedData-chart-foundation-ui/Build/Intermediates.noindex/Kanpan.build/Debug-iphonesimulator/KanpanUITests.build/KanpanUITests.DependencyMetadataFileList --source-file /Users/mdd/zhk/kanpan/DerivedData-chart-foundation-ui/Build/Products/Debug-iphonesimulator/KanpanUITests-Runner.app/PlugIns/KanpanUITests.xctest/Info.plist --archive-ssu-assets
2026-09-14 23:41:31.275 appintentsnltrainingprocessor[87879:31632443] Parsing options for appintentsnltrainingprocessor
2026-09-14 23:41:31.276 appintentsnltrainingprocessor[87879:31632443] Starting AppIntents SSU YAML Generation
2026-09-14 23:41:31.276 appintentsnltrainingprocessor[87879:31632443] No AppShortcuts found - Skipping.

MkDir /Users/mdd/zhk/kanpan/DerivedData-chart-foundation-ui/Build/Products/Debug-iphonesimulator/KanpanUITests-Runner.app (in target 'KanpanUITests' from project 'Kanpan')
    cd /Users/mdd/zhk/kanpan/Kanpan
    /bin/mkdir -p /Users/mdd/zhk/kanpan/DerivedData-chart-foundation-ui/Build/Products/Debug-iphonesimulator/KanpanUITests-Runner.app

CopyAndPreserveArchs /Users/mdd/zhk/kanpan/DerivedData-chart-foundation-ui/Build/Products/Debug-iphonesimulator/KanpanUITests-Runner.app/KanpanUITests-Runner (in target 'KanpanUITests' from project 'Kanpan')
    cd /Users/mdd/zhk/kanpan/Kanpan
    /Applications/Xcode.app/Contents/Developer/Toolchains/XcodeDefault.xctoolchain/usr/bin/lipo /Applications/Xcode.app/Contents/Developer/Platforms/iPhoneSimulator.platform/Developer/Library/Xcode/Agents/XCTRunner.app/XCTRunner -output /Users/mdd/zhk/kanpan/DerivedData-chart-foundation-ui/Build/Products/Debug-iphonesimulator/KanpanUITests-Runner.app/KanpanUITests-Runner -extract arm64

CopyPlistFile /Users/mdd/zhk/kanpan/DerivedData-chart-foundation-ui/Build/Products/Debug-iphonesimulator/KanpanUITests-Runner.app/Info.plist /Applications/Xcode.app/Contents/Developer/Platforms/iPhoneSimulator.platform/Developer/Library/Xcode/Agents/XCTRunner.app/Info.plist (in target 'KanpanUITests' from project 'Kanpan')
    cd /Users/mdd/zhk/kanpan/Kanpan
    builtin-copyPlist --validate --convert xml1 --macro-expansion WRAPPEDPRODUCTNAME KanpanUITests-Runner --macro-expansion WRAPPEDPRODUCTBUNDLEIDENTIFIER com.mdd.kanpan.uitests.xctrunner --macro-expansion TESTPRODUCTNAME KanpanUITests --macro-expansion TESTPRODUCTBUNDLEIDENTIFIER com.mdd.kanpan.uitests --copy-value UIDeviceFamily /Users/mdd/zhk/kanpan/DerivedData-chart-foundation-ui/Build/Products/Debug-iphonesimulator/KanpanUITests-Runner.app/PlugIns/KanpanUITests.xctest/Info.plist --outdir /Users/mdd/zhk/kanpan/DerivedData-chart-foundation-ui/Build/Products/Debug-iphonesimulator/KanpanUITests-Runner.app -- /Applications/Xcode.app/Contents/Developer/Platforms/iPhoneSimulator.platform/Developer/Library/Xcode/Agents/XCTRunner.app/Info.plist

Copy /Users/mdd/zhk/kanpan/DerivedData-chart-foundation-ui/Build/Products/Debug-iphonesimulator/KanpanUITests-Runner.app/PkgInfo /Applications/Xcode.app/Contents/Developer/Platforms/iPhoneSimulator.platform/Developer/Library/Xcode/Agents/XCTRunner.app/PkgInfo (in target 'KanpanUITests' from project 'Kanpan')
    cd /Users/mdd/zhk/kanpan/Kanpan
    builtin-copy -exclude .DS_Store -exclude CVS -exclude .svn -exclude .git -exclude .hg -strip-unsigned-binaries -strip-deterministic -strip-tool /Applications/Xcode.app/Contents/Developer/Toolchains/XcodeDefault.xctoolchain/usr/bin/strip -resolve-src-symlinks /Applications/Xcode.app/Contents/Developer/Platforms/iPhoneSimulator.platform/Developer/Library/Xcode/Agents/XCTRunner.app/PkgInfo /Users/mdd/zhk/kanpan/DerivedData-chart-foundation-ui/Build/Products/Debug-iphonesimulator/KanpanUITests-Runner.app

Copy /Users/mdd/zhk/kanpan/DerivedData-chart-foundation-ui/Build/Products/Debug-iphonesimulator/KanpanUITests-Runner.app/Frameworks/XCTestSupport.framework /Applications/Xcode.app/Contents/Developer/Platforms/iPhoneSimulator.platform/Developer/Library/PrivateFrameworks/XCTestSupport.framework (in target 'KanpanUITests' from project 'Kanpan')
    cd /Users/mdd/zhk/kanpan/Kanpan
    builtin-copy -exclude .DS_Store -exclude CVS -exclude .svn -exclude .git -exclude .hg -exclude Headers -exclude PrivateHeaders -exclude Modules -exclude \*.tbd -strip-unsigned-binaries -strip-deterministic -strip-tool /Applications/Xcode.app/Contents/Developer/Toolchains/XcodeDefault.xctoolchain/usr/bin/strip -resolve-src-symlinks /Applications/Xcode.app/Contents/Developer/Platforms/iPhoneSimulator.platform/Developer/Library/PrivateFrameworks/XCTestSupport.framework /Users/mdd/zhk/kanpan/DerivedData-chart-foundation-ui/Build/Products/Debug-iphonesimulator/KanpanUITests-Runner.app/Frameworks
warning: not stripping binary because it is signed: /Applications/Xcode.app/Contents/Developer/Platforms/iPhoneSimulator.platform/Developer/Library/PrivateFrameworks/XCTestSupport.framework/XCTestSupport (in target 'KanpanUITests' from project 'Kanpan')

Copy /Users/mdd/zhk/kanpan/DerivedData-chart-foundation-ui/Build/Products/Debug-iphonesimulator/KanpanUITests-Runner.app/Frameworks/XCTestCore.framework /Applications/Xcode.app/Contents/Developer/Platforms/iPhoneSimulator.platform/Developer/Library/PrivateFrameworks/XCTestCore.framework (in target 'KanpanUITests' from project 'Kanpan')
    cd /Users/mdd/zhk/kanpan/Kanpan
    builtin-copy -exclude .DS_Store -exclude CVS -exclude .svn -exclude .git -exclude .hg -exclude Headers -exclude PrivateHeaders -exclude Modules -exclude \*.tbd -strip-unsigned-binaries -strip-deterministic -strip-tool /Applications/Xcode.app/Contents/Developer/Toolchains/XcodeDefault.xctoolchain/usr/bin/strip -resolve-src-symlinks /Applications/Xcode.app/Contents/Developer/Platforms/iPhoneSimulator.platform/Developer/Library/PrivateFrameworks/XCTestCore.framework /Users/mdd/zhk/kanpan/DerivedData-chart-foundation-ui/Build/Products/Debug-iphonesimulator/KanpanUITests-Runner.app/Frameworks
warning: not stripping binary because it is signed: /Applications/Xcode.app/Contents/Developer/Platforms/iPhoneSimulator.platform/Developer/Library/PrivateFrameworks/XCTestCore.framework/XCTestCore (in target 'KanpanUITests' from project 'Kanpan')

Copy /Users/mdd/zhk/kanpan/DerivedData-chart-foundation-ui/Build/Products/Debug-iphonesimulator/KanpanUITests-Runner.app/Frameworks/libXCTestSwiftSupport.dylib /Applications/Xcode.app/Contents/Developer/Platforms/iPhoneSimulator.platform/Developer/usr/lib/libXCTestSwiftSupport.dylib (in target 'KanpanUITests' from project 'Kanpan')
    cd /Users/mdd/zhk/kanpan/Kanpan
    builtin-copy -exclude .DS_Store -exclude CVS -exclude .svn -exclude .git -exclude .hg -exclude Headers -exclude PrivateHeaders -exclude Modules -exclude \*.tbd -strip-unsigned-binaries -strip-deterministic -strip-tool /Applications/Xcode.app/Contents/Developer/Toolchains/XcodeDefault.xctoolchain/usr/bin/strip -resolve-src-symlinks /Applications/Xcode.app/Contents/Developer/Platforms/iPhoneSimulator.platform/Developer/usr/lib/libXCTestSwiftSupport.dylib /Users/mdd/zhk/kanpan/DerivedData-chart-foundation-ui/Build/Products/Debug-iphonesimulator/KanpanUITests-Runner.app/Frameworks
warning: not stripping binary because it is signed: /Applications/Xcode.app/Contents/Developer/Platforms/iPhoneSimulator.platform/Developer/usr/lib/libXCTestSwiftSupport.dylib (in target 'KanpanUITests' from project 'Kanpan')

Copy /Users/mdd/zhk/kanpan/DerivedData-chart-foundation-ui/Build/Products/Debug-iphonesimulator/KanpanUITests-Runner.app/Frameworks/XCUIAutomation.framework /Applications/Xcode.app/Contents/Developer/Platforms/iPhoneSimulator.platform/Developer/Library/Frameworks/XCUIAutomation.framework (in target 'KanpanUITests' from project 'Kanpan')
    cd /Users/mdd/zhk/kanpan/Kanpan
    builtin-copy -exclude .DS_Store -exclude CVS -exclude .svn -exclude .git -exclude .hg -exclude Headers -exclude PrivateHeaders -exclude Modules -exclude \*.tbd -strip-unsigned-binaries -strip-deterministic -strip-tool /Applications/Xcode.app/Contents/Developer/Toolchains/XcodeDefault.xctoolchain/usr/bin/strip -resolve-src-symlinks /Applications/Xcode.app/Contents/Developer/Platforms/iPhoneSimulator.platform/Developer/Library/Frameworks/XCUIAutomation.framework /Users/mdd/zhk/kanpan/DerivedData-chart-foundation-ui/Build/Products/Debug-iphonesimulator/KanpanUITests-Runner.app/Frameworks
warning: not stripping binary because it is signed: /Applications/Xcode.app/Contents/Developer/Platforms/iPhoneSimulator.platform/Developer/Library/Frameworks/XCUIAutomation.framework/XCUIAutomation (in target 'KanpanUITests' from project 'Kanpan')

Copy /Users/mdd/zhk/kanpan/DerivedData-chart-foundation-ui/Build/Products/Debug-iphonesimulator/KanpanUITests-Runner.app/Frameworks/XCUnit.framework /Applications/Xcode.app/Contents/Developer/Platforms/iPhoneSimulator.platform/Developer/Library/PrivateFrameworks/XCUnit.framework (in target 'KanpanUITests' from project 'Kanpan')
    cd /Users/mdd/zhk/kanpan/Kanpan
    builtin-copy -exclude .DS_Store -exclude CVS -exclude .svn -exclude .git -exclude .hg -exclude Headers -exclude PrivateHeaders -exclude Modules -exclude \*.tbd -strip-unsigned-binaries -strip-deterministic -strip-tool /Applications/Xcode.app/Contents/Developer/Toolchains/XcodeDefault.xctoolchain/usr/bin/strip -resolve-src-symlinks /Applications/Xcode.app/Contents/Developer/Platforms/iPhoneSimulator.platform/Developer/Library/PrivateFrameworks/XCUnit.framework /Users/mdd/zhk/kanpan/DerivedData-chart-foundation-ui/Build/Products/Debug-iphonesimulator/KanpanUITests-Runner.app/Frameworks
warning: not stripping binary because it is signed: /Applications/Xcode.app/Contents/Developer/Platforms/iPhoneSimulator.platform/Developer/Library/PrivateFrameworks/XCUnit.framework/XCUnit (in target 'KanpanUITests' from project 'Kanpan')

Copy /Users/mdd/zhk/kanpan/DerivedData-chart-foundation-ui/Build/Products/Debug-iphonesimulator/KanpanUITests-Runner.app/Frameworks/XCTest.framework /Applications/Xcode.app/Contents/Developer/Platforms/iPhoneSimulator.platform/Developer/Library/Frameworks/XCTest.framework (in target 'KanpanUITests' from project 'Kanpan')
    cd /Users/mdd/zhk/kanpan/Kanpan
    builtin-copy -exclude .DS_Store -exclude CVS -exclude .svn -exclude .git -exclude .hg -exclude Headers -exclude PrivateHeaders -exclude Modules -exclude \*.tbd -strip-unsigned-binaries -strip-deterministic -strip-tool /Applications/Xcode.app/Contents/Developer/Toolchains/XcodeDefault.xctoolchain/usr/bin/strip -resolve-src-symlinks /Applications/Xcode.app/Contents/Developer/Platforms/iPhoneSimulator.platform/Developer/Library/Frameworks/XCTest.framework /Users/mdd/zhk/kanpan/DerivedData-chart-foundation-ui/Build/Products/Debug-iphonesimulator/KanpanUITests-Runner.app/Frameworks
warning: not stripping binary because it is signed: /Applications/Xcode.app/Contents/Developer/Platforms/iPhoneSimulator.platform/Developer/Library/Frameworks/XCTest.framework/XCTest (in target 'KanpanUITests' from project 'Kanpan')

Copy /Users/mdd/zhk/kanpan/DerivedData-chart-foundation-ui/Build/Products/Debug-iphonesimulator/KanpanUITests-Runner.app/Frameworks/XCTAutomationSupport.framework /Applications/Xcode.app/Contents/Developer/Platforms/iPhoneSimulator.platform/Developer/Library/PrivateFrameworks/XCTAutomationSupport.framework (in target 'KanpanUITests' from project 'Kanpan')
    cd /Users/mdd/zhk/kanpan/Kanpan
    builtin-copy -exclude .DS_Store -exclude CVS -exclude .svn -exclude .git -exclude .hg -exclude Headers -exclude PrivateHeaders -exclude Modules -exclude \*.tbd -strip-unsigned-binaries -strip-deterministic -strip-tool /Applications/Xcode.app/Contents/Developer/Toolchains/XcodeDefault.xctoolchain/usr/bin/strip -resolve-src-symlinks /Applications/Xcode.app/Contents/Developer/Platforms/iPhoneSimulator.platform/Developer/Library/PrivateFrameworks/XCTAutomationSupport.framework /Users/mdd/zhk/kanpan/DerivedData-chart-foundation-ui/Build/Products/Debug-iphonesimulator/KanpanUITests-Runner.app/Frameworks
warning: not stripping binary because it is signed: /Applications/Xcode.app/Contents/Developer/Platforms/iPhoneSimulator.platform/Developer/Library/PrivateFrameworks/XCTAutomationSupport.framework/XCTAutomationSupport (in target 'KanpanUITests' from project 'Kanpan')

Copy /Users/mdd/zhk/kanpan/DerivedData-chart-foundation-ui/Build/Products/Debug-iphonesimulator/KanpanUITests-Runner.app/Frameworks/Testing.framework /Applications/Xcode.app/Contents/Developer/Platforms/iPhoneSimulator.platform/Developer/Library/Frameworks/Testing.framework (in target 'KanpanUITests' from project 'Kanpan')
    cd /Users/mdd/zhk/kanpan/Kanpan
    builtin-copy -exclude .DS_Store -exclude CVS -exclude .svn -exclude .git -exclude .hg -exclude Headers -exclude PrivateHeaders -exclude Modules -exclude \*.tbd -strip-unsigned-binaries -strip-deterministic -strip-tool /Applications/Xcode.app/Contents/Developer/Toolchains/XcodeDefault.xctoolchain/usr/bin/strip -resolve-src-symlinks /Applications/Xcode.app/Contents/Developer/Platforms/iPhoneSimulator.platform/Developer/Library/Frameworks/Testing.framework /Users/mdd/zhk/kanpan/DerivedData-chart-foundation-ui/Build/Products/Debug-iphonesimulator/KanpanUITests-Runner.app/Frameworks
warning: not stripping binary because it is signed: /Applications/Xcode.app/Contents/Developer/Platforms/iPhoneSimulator.platform/Developer/Library/Frameworks/Testing.framework/Testing (in target 'KanpanUITests' from project 'Kanpan')

CodeSign /Users/mdd/zhk/kanpan/DerivedData-chart-foundation-ui/Build/Products/Debug-iphonesimulator/KanpanUITests-Runner.app/PlugIns/KanpanUITests.xctest (in target 'KanpanUITests' from project 'Kanpan')
    cd /Users/mdd/zhk/kanpan/Kanpan
    
    Signing Identity:     "Sign to Run Locally"
    
    /usr/bin/codesign --force --sign - --timestamp\=none --generate-entitlement-der /Users/mdd/zhk/kanpan/DerivedData-chart-foundation-ui/Build/Products/Debug-iphonesimulator/KanpanUITests-Runner.app/PlugIns/KanpanUITests.xctest

RegisterExecutionPolicyException /Users/mdd/zhk/kanpan/DerivedData-chart-foundation-ui/Build/Products/Debug-iphonesimulator/KanpanUITests-Runner.app/PlugIns/KanpanUITests.xctest (in target 'KanpanUITests' from project 'Kanpan')
    cd /Users/mdd/zhk/kanpan/Kanpan
    builtin-RegisterExecutionPolicyException /Users/mdd/zhk/kanpan/DerivedData-chart-foundation-ui/Build/Products/Debug-iphonesimulator/KanpanUITests-Runner.app/PlugIns/KanpanUITests.xctest

CodeSign /Users/mdd/zhk/kanpan/DerivedData-chart-foundation-ui/Build/Products/Debug-iphonesimulator/KanpanUITests-Runner.app (in target 'KanpanUITests' from project 'Kanpan')
    cd /Users/mdd/zhk/kanpan/Kanpan
    
    Signing Identity:     "Sign to Run Locally"
    
    /usr/bin/codesign --force --sign - --timestamp\=none --generate-entitlement-der /Users/mdd/zhk/kanpan/DerivedData-chart-foundation-ui/Build/Products/Debug-iphonesimulator/KanpanUITests-Runner.app
/Users/mdd/zhk/kanpan/DerivedData-chart-foundation-ui/Build/Products/Debug-iphonesimulator/KanpanUITests-Runner.app: replacing existing signature

Touch /Users/mdd/zhk/kanpan/DerivedData-chart-foundation-ui/Build/Products/Debug-iphonesimulator/KanpanUITests-Runner.app/PlugIns/KanpanUITests.xctest (in target 'KanpanUITests' from project 'Kanpan')
    cd /Users/mdd/zhk/kanpan/Kanpan
    /usr/bin/touch -c /Users/mdd/zhk/kanpan/DerivedData-chart-foundation-ui/Build/Products/Debug-iphonesimulator/KanpanUITests-Runner.app/PlugIns/KanpanUITests.xctest

2026-09-14 23:41:36.068236+0800 KanpanUITests-Runner[87897:31633012] [Default] Running tests...
objc[87897]: Class UIAccessibilityLoaderWebShared is implemented in both /Library/Developer/CoreSimulator/Volumes/iOS_23F77/Library/Developer/CoreSimulator/Profiles/Runtimes/iOS 26.5.simruntime/Contents/Resources/RuntimeRoot/System/Library/AccessibilityBundles/WebCore.axbundle/WebCore (0x106fa4310) and /Library/Developer/CoreSimulator/Volumes/iOS_23F77/Library/Developer/CoreSimulator/Profiles/Runtimes/iOS 26.5.simruntime/Contents/Resources/RuntimeRoot/System/Library/AccessibilityBundles/WebKit.axbundle/WebKit (0x1063c0398). This may cause spurious casting failures and mysterious crashes. One of the duplicates must be removed or renamed.
    t =      nans Interface orientation changed to Portrait
Test Suite 'Selected tests' started at 2026-09-14 23:41:40.054.
Test Suite 'KanpanUITests.xctest' started at 2026-09-14 23:41:40.056.
Test Suite 'ChartFoundationUITests' started at 2026-09-14 23:41:40.056.
Test Case '-[KanpanUITests.ChartFoundationUITests testDataModesClearHeaderAndSelection]' started.
    t =     0.00s Start Test at 2026-09-14 23:41:40.056
    t =     0.30s Set Up
    t =     0.31s     Setting device orientation to Portrait
    t =     0.32s         Device orientation changed to Portrait
    t =     0.38s         Wait for com.mdd.kanpan to idle
    t =     0.41s     Open com.mdd.kanpan
    t =     0.41s         Launch com.mdd.kanpan
    t =     0.41s             Terminate com.mdd.kanpan:87341
2026-09-14 23:41:41.703 xcodebuild[87513:31630449] [MT] IDELaunchParametersSnapshot: The operation couldn’t be completed. (DebuggerLLDB.DebuggerVersionStore.StoreError error 0.)
2026-09-14 23:41:41.703 xcodebuild[87513:31630449] [MT] IDELaunchParametersSnapshot: no debugger version
    t =     2.51s             Setting up automation session
    t =     3.52s             Wait for com.mdd.kanpan to idle
    t =     5.42s     Waiting 30.0s for "chart.canvas" Other to exist
    t =     6.44s         Checking `Expect predicate `existsNoRetry == 1` for object "chart.canvas" Other`
    t =     6.44s             Checking existence of `"chart.canvas" Other`
    t =     7.55s     Find the "chart.canvas" Other
    t =     7.69s Tap "interval.chart" Button
    t =     7.69s     Wait for com.mdd.kanpan to idle
    t =     7.69s     Find the "interval.chart" Button
    t =     7.74s     Check for interrupting elements affecting "interval.chart" Button
    t =     7.83s     Synthesize event
    t =     8.27s     Wait for com.mdd.kanpan to idle
    t =     8.80s Tap "顶部" Button
    t =     8.80s     Wait for com.mdd.kanpan to idle
    t =     9.32s     Find the "顶部" Button
    t =     9.57s     Check for interrupting elements affecting "chart.dataDisplay" Button
    t =     9.75s     Synthesize event
    t =    10.08s     Wait for com.mdd.kanpan to idle
    t =    10.87s Waiting 5.0s for "panel.header" StaticText to exist
    t =    11.89s     Checking `Expect predicate `existsNoRetry == 1` for object "panel.header" StaticText`
    t =    11.89s         Checking existence of `"panel.header" StaticText`
    t =    12.00s Swipe down "panel.header" StaticText
    t =    12.00s     Wait for com.mdd.kanpan to idle
    t =    12.00s     Find the "panel.header" StaticText
    t =    12.07s     Check for interrupting elements affecting "panel.header" StaticText
    t =    12.17s     Synthesize event
    t =    12.55s     Wait for com.mdd.kanpan to idle
    t =    14.27s Checking existence of `"panel.header" StaticText`
    t =    15.27s Checking existence of `"panel.header" StaticText`
    t =    16.26s Checking existence of `"panel.header" StaticText`
    t =    17.25s Checking existence of `"panel.header" StaticText`
    t =    18.26s Checking existence of `"panel.header" StaticText`
    t =    19.27s Checking existence of `"panel.header" StaticText`
    t =    20.27s Checking existence of `"panel.header" StaticText`
    t =    21.34s Checking existence of `"panel.header" StaticText`
    t =    22.27s Checking existence of `"panel.header" StaticText`
    t =    23.27s Checking existence of `"panel.header" StaticText`
    t =    24.29s Checking existence of `"panel.header" StaticText`
    t =    25.28s Checking existence of `"panel.header" StaticText`
    t =    26.31s Checking existence of `"panel.header" StaticText`
    t =    27.30s Checking existence of `"panel.header" StaticText`
    t =    28.33s Checking existence of `"panel.header" StaticText`
    t =    29.34s Checking existence of `"panel.header" StaticText`
    t =    30.26s Checking existence of `"panel.header" StaticText`
    t =    31.34s Checking existence of `"panel.header" StaticText`
    t =    32.30s Checking existence of `"panel.header" StaticText`
    t =    33.27s Checking existence of `"panel.header" StaticText`
    t =    34.27s Checking existence of `"panel.header" StaticText`
    t =    35.32s Checking existence of `"panel.header" StaticText`
    t =    36.34s Checking existence of `"panel.header" StaticText`
    t =    37.32s Checking existence of `"panel.header" StaticText`
    t =    38.31s Checking existence of `"panel.header" StaticText`
    t =    39.33s Checking existence of `"panel.header" StaticText`
    t =    40.26s Checking existence of `"panel.header" StaticText`
    t =    41.27s Checking existence of `"panel.header" StaticText`
    t =    42.29s Checking existence of `"panel.header" StaticText`
    t =    43.26s Checking existence of `"panel.header" StaticText`
    t =    44.32s Checking existence of `"panel.header" StaticText`
    t =    45.33s Checking existence of `"panel.header" StaticText`
    t =    46.35s Checking existence of `"panel.header" StaticText`
    t =    47.26s Checking existence of `"panel.header" StaticText`
    t =    48.27s Checking existence of `"panel.header" StaticText`
    t =    49.34s Checking existence of `"panel.header" StaticText`
    t =    50.31s Checking existence of `"panel.header" StaticText`
    t =    51.31s Checking existence of `"panel.header" StaticText`
    t =    52.28s Checking existence of `"panel.header" StaticText`
    t =    53.26s Checking existence of `"panel.header" StaticText`
/Users/mdd/zhk/kanpan/Kanpan/KanpanUITests/ChartFoundationUITests.swift:37: error: -[KanpanUITests.ChartFoundationUITests testDataModesClearHeaderAndSelection] : XCTAssertTrue failed
    t =    53.57s Tear Down
    t =    53.57s     Find the Target Application 'com.mdd.kanpan'
    t =    53.81s     Added attachment named 'Screenshot of Target Application 'com.mdd.kanpan'.png'
    t =    53.84s     Requesting snapshot of accessibility hierarchy for app with pid 87921
    t =    54.06s     Requesting snapshot of accessibility hierarchy for app with pid 87921
    t =    54.11s     Added attachment of type 'public.plain-text'
    t =    54.11s     Terminate com.mdd.kanpan:87921
Test Case '-[KanpanUITests.ChartFoundationUITests testDataModesClearHeaderAndSelection]' failed (55.271 seconds).
2026-09-14 23:42:35.327828+0800 KanpanUITests-Runner[87897:31633012] [Default] Flushing outgoing messages to the IDE with timeout 600.00s
2026-09-14 23:42:35.328578+0800 KanpanUITests-Runner[87897:31633146] [Default] Received confirmation that IDE processed remaining outgoing messages
2026-09-14 23:42:36.226813+0800 KanpanUITests-Runner[88529:31637514] [Default] Running tests...
    t =      nans Interface orientation changed to Portrait

Restarting after unexpected exit, crash, or test timeout; summary will include totals from previous launches.

Test Suite 'Selected tests' started at 2026-09-14 23:42:36.962.
Test Suite 'KanpanUITests.xctest' started at 2026-09-14 23:42:36.962.
Test Suite 'ChartFoundationUITests' started at 2026-09-14 23:42:36.963.
Test Case '-[KanpanUITests.ChartFoundationUITests testHeightAndVerticalReachability]' started.
    t =     0.00s Start Test at 2026-09-14 23:42:36.963
    t =     0.03s Set Up
    t =     0.03s     Setting device orientation to Portrait
    t =     0.04s         Wait for com.apple.springboard to idle
    t =     0.10s     Open com.mdd.kanpan
    t =     0.10s         Launch com.mdd.kanpan
2026-09-14 23:42:37.065 xcodebuild[87513:31630449] [MT] IDELaunchParametersSnapshot: The operation couldn’t be completed. (DebuggerLLDB.DebuggerVersionStore.StoreError error 0.)
2026-09-14 23:42:37.065 xcodebuild[87513:31630449] [MT] IDELaunchParametersSnapshot: no debugger version
    t =     0.31s             Setting up automation session
    t =     1.09s             Wait for com.mdd.kanpan to idle
    t =     2.59s     Waiting 30.0s for "chart.canvas" Other to exist
    t =     3.63s         Checking `Expect predicate `existsNoRetry == 1` for object "chart.canvas" Other`
    t =     3.63s             Checking existence of `"chart.canvas" Other`
    t =     4.72s     Find the "chart.canvas" Other
    t =     4.76s Find the "chart.canvas" Other
    t =     4.79s Tap "interval.chart" Button
    t =     4.79s     Wait for com.mdd.kanpan to idle
    t =     4.79s     Find the "interval.chart" Button
    t =     4.82s     Check for interrupting elements affecting "interval.chart" Button
    t =     4.84s     Synthesize event
objc[88529]: Class UIAccessibilityLoaderWebShared is implemented in both /Library/Developer/CoreSimulator/Volumes/iOS_23F77/Library/Developer/CoreSimulator/Profiles/Runtimes/iOS 26.5.simruntime/Contents/Resources/RuntimeRoot/System/Library/AccessibilityBundles/WebCore.axbundle/WebCore (0x1069a8310) and /Library/Developer/CoreSimulator/Volumes/iOS_23F77/Library/Developer/CoreSimulator/Profiles/Runtimes/iOS 26.5.simruntime/Contents/Resources/RuntimeRoot/System/Library/AccessibilityBundles/WebKit.axbundle/WebKit (0x106a84398). This may cause spurious casting failures and mysterious crashes. One of the duplicates must be removed or renamed.
    t =     5.13s     Wait for com.mdd.kanpan to idle
    t =     5.28s Waiting 5.0s for "chart.portraitHeight" Slider to exist
Testing started
In flight operation:   <DVTOperationGroup: 0x886423d80; state = AREfc>
     <IDEBuildOperationGroup: 0x886276a00; state = AReFc>
         <DVTOperationGroup: 0x886276b80; state = AReFc>
             <IDEXCBuildSupportCore.IDEXCBuildServiceBuildOperation:0x8843b9e00:AReFc>
         <DVTOperation: 0x883c39e00; state = aReFc>
         <DVTOperation: 0x883c39a40; state = aReFc>
         <__DVTSwiftAsyncOperation: 0x886276d00; state = AReFc>
         <DVTOperation: 0x883c39cc0; state = aReFc>
         <__DVTSwiftAsyncOperation: 0x886277300; state = AReFc>
         <__DVTSwiftAsyncOperation: 0x886277000; state = AReFc>
         <DVTOperation: 0x883c39f40; state = aReFc>
         <__DVTSwiftAsyncOperation: 0x886277180; state = AReFc>
     <DVTOperationGroup: 0x886423600; state = AREfc>
         <DVTOperation: 0x884095f40; name = 'Remove Log If Needed', state = aReFc>
         <DVTOperationGroup: 0x886423780; state = AREfc>
             <DVTOperationGroup: 0x886423900; state = AREfc>
                 <DVTOperationGroup: 0x886423a80; state = AREfc>
                     <DVTOperation: 0x883c3be80; state = arefc>
                     <DVTOperationGroup: 0x886422700; state = AREf!c, blocking { Blocking finish to clean up test session. }>
                         <DVTOperation: 0x883c3b5c0; state = aReFc>
                         <XCTHOperationGroup: 0x886422a00>
                             <XCTHOperationGroup: 0x886422b80>
                                 <XCTHOperationGroup: 0x886422e80>
                                     <XCTHOperationGroup: 0x886423000>{name = 'com.apple.dt.xctest.target-runner'}(Finishing blocked for reasons:
  waiting for workers to materialize
  )
                                         <XCTHOperationGroup: 0x886300600>
                                             <XCTHOperationGroup: 0x886301200>
                                                 <IDERunOperation: 0x886301800; state = aReF!c, blocking { XCTHTestOperationCoordinator processing delay, Blocking finish to allow restarting of crashed test operations., Waiting for -runningDidFinish call. }>
                                                 worker: <IDERunOperationWorkerGroup: 0x888acc540, unfinished subworkers : 
					<_IDEInstalliPhoneSimulatorWorker: 0x884d077a0 -- ExtensionIdentifier: Xcode.IDEiPhoneSimulatorSupport.DeviceService.Install>
					<IDELaunchiPhoneSimulatorLauncher: 0x88427bd40 -- ExtensionIdentifier: Xcode.IDEiPhoneSimulatorSupport.Launch>
				 >

                                                 tracker: <IDEExecutionOperationTracker: 0x884bf04d0: Testing workspace Kanpan with scheme Kanpan
	subtrackers=(
    "<IDEExecutionRunnableTracker: 0x88723fc60: subtrackers=none>",
    "<IDEExecutionRunnableTracker: 0x888abca80: subtrackers=none>"
)>

                                 <XCTHOperation: 0x883c3b980>
                     <DVTOperation: 0x883c3bac0; state = aReFc>
                     <IDESchemeActionResultOperation: 0x886422d00; state = Arefc>
                     <__DVTSwiftAsyncOperation: 0x886423300; state = AReFc>
                     <DVTOperation: 0x883c3bd40; state = arefc>
                     <__DVTSwiftAsyncOperation: 0x886423c00; state = AReFc>
                     <DVTOperation: 0x883c3bc00; state = aReFc>
                     <__DVTSwiftAsyncOperation: 0x886423180; state = AReFc>
                     <__DVTSwiftAsyncOperation: 0x886423480; state = AReFc>
             <DVTOperation: 0x884097c00; state = aReFc>
         <_IDETestingFinalizeLogsOperation: 0x883c9e080; name = 'Finalize test log', state = aref!c, blocking { waiting for test log to finish recording }>
In flight operation:   <IDERunOperation: 0x886301e00; state = aReF!c, blocking { Waiting for -runningDidFinish call. }>
  worker: <IDERunOperationWorkerGroup: 0x888acc9c0, unfinished subworkers : 
					<_IDEInstalliPhoneSimulatorWorker: 0x884d057c0 -- ExtensionIdentifier: Xcode.IDEiPhoneSimulatorSupport.DeviceService.Install>
					<IDELaunchiPhoneSimulatorLauncher: 0x88427aa00 -- ExtensionIdentifier: Xcode.IDEiPhoneSimulatorSupport.Launch>
			    t =     6.28s     Checking `Expect predicate `existsNoRetry == 1` for object "chart.portraitHeight" Slider`
    t =     6.28s         Checking existence of `"chart.portraitHeight" Slider`
	 >

  tracker: <IDEExecutionOperationTracker: 0x884bf1d50: Launch application com.mdd.kanpan for UI testing.
	subtrackers=(
    "<IDEExecutionRunnableTracker: 0x8853abae0: subtrackers=none>"
)>

<DVTOperationGroup: 0x886423d80; state = AREfc> created at:
  0   -[DVTOperation init] (in DVTFoundation)
  1   -[DVTOperationGroup init] (in DVTFoundation)
  2   +[DVTOperationGroup operationGroupWithSuboperations:] (in DVTFoundation)
  3   -[IDEScheme _groupAndImposeDependenciesForOrderedOperations:] (in IDEFoundation)
  4   -[IDEScheme _executionOperationForSchemeOperationParameters:build:onlyBuild:buildParameters:title:buildLog:dontActuallyRunCommands:restorePersistedBuildResults:deviceAvailableChecker:error:actionCallbackBlock:] (in IDEFoundation)
  5   -[IDEScheme(TestSchemeAction) schemeTestActionOperationForSchemeOperationParameters:onlyBuild:buildLog:deviceAvailableChecker:buildParameters:shouldBuild:restorePersistedBuildResults:error:completionBlock:] (in IDEFoundation)
  6   -[IDEScheme buildAndActionTaskForSchemeOperationParameters:shouldBuild:onlyBuild:buildParameters:buildLog:deviceAvailableChecker:restorePersistedBuildResults:dontActuallyRunCommands:error:completionBlock:] (in IDEFoundation)
  7   -[IDEScheme schemeOperationForSchemeOperationParameters:buildLog:overridingProperties:overridingBuildConfiguration:dontActuallyRunCommands:restorePersistedBuildResults:deviceAvailableChecker:error:completionBlock:] (in IDEFoundation)
  8   -[IDEScheme schemeOperationForSchemeOperationParameters:buildLog:overridingProperties:overridingBuildConfiguration:dontActuallyRunCommands:restorePersistedBuildResults:error:completionBlock:] (in IDEFoundation)
  9   -[Xcode3CommandLineBuildTool(TestSchemeAction) buildForTestSchemeCommandWantsSkip:buildAction:isProjectBuild:title:buildLog:isMoreDestinationsPending:runDestinations:runDestination:schemeCommand:executionEnvironment:restorePersistedBuildResults:operationToEnqueue:error:] (in Xcode3Core)
 10   -[Xcode3CommandLineBuildTool doSchemeBuildWithRunDestinations:runDestinationIdx:wantsSkip:buildActionTimingSection:timingSection:buildAction:isMoreDesinationsPending:actionResultBlock:title:buildLog:executionEnvironment:restorePersistedBuildResults:operationToEnqueue:error:] (in Xcode3Core)
 11   -[Xcode3CommandLineBuildTool doBuildForBuildAction:timingSection:colorize:colorizeFailure:error:] (in Xcode3Core)
 12   -[Xcode3CommandLineBuildTool _buildWithTimingSection:] (in Xcode3Core)
 13   -[Xcode3CommandLineBuildTool run] (in Xcode3Core)
 14   XcodeBuildMain (in libxcodebuildLoader.dylib)
 15   -[XcodebuildPreIDEHandler loadXcode3ProjectSupportAndRunXcode3CommandLineBuildToolWithArguments:] (in xcodebuild)
 16   -[XcodebuildPreIDEHandler runWithArguments:] (in xcodebuild)
 17   main (in xcodebuild)
 18   start (in dyld)

<IDEBuildOperationGroup: 0x886276a00; state = AReFc> created at:
  0   -[DVTOperation init] (in DVTFoundation)
  1   -[DVTOperationGroup init] (in DVTFoundation)
  2   -[IDEBuildOperationGroup initWithBuildOperations:otherOperations:buildLog:] (in IDEFoundation)
  3   -[IDEBuildOperationGroup initWithBuildOperations:buildLog:] (in IDEFoundation)
  4   -[IDEScheme _buildOperationGroupForSchemeOperationParameters:primaryBuildParameters:variantSpecifiers:buildLog:dontActuallyRunCommands:restorePersistedBuildResults:schemeActionRecord:error:] (in IDEFoundation)
  5   -[IDEScheme _executionOperationForSchemeOperationParameters:build:onlyBuild:buildParameters:title:buildLog:dontActuallyRunCommands:restorePersistedBuildResults:deviceAvailableChecker:error:actionCallbackBlock:] (in IDEFoundation)
  6   -[IDEScheme(TestSchemeAction) schemeTestActionOperationForSchemeOperationParameters:onlyBuild:buildLog:deviceAvailableChecker:buildParameters:shouldBuild:restorePersistedBuildResults:error:completionBlock:] (in IDEFoundation)
  7   -[IDEScheme buildAndActionTaskForSchemeOperationParameters:shouldBuild:onlyBuild:buildParameters:buildLog:deviceAvailableChecker:restorePersistedBuildResults:dontActuallyRunCommands:error:completionBlock:] (in IDEFoundation)
  8   -[IDEScheme schemeOperationForSchemeOperationParameters:buildLog:overridingProperties:overridingBuildConfiguration:dontActuallyRunCommands:restorePersistedBuildResults:deviceAvailableChecker:error:completionBlock:] (in IDEFoundation)
  9   -[IDEScheme schemeOperationForSchemeOperationParameters:buildLog:overridingProperties:overridingBuildConfiguration:dontActuallyRunCommands:restorePersistedBuildResults:error:completionBlock:] (in IDEFoundation)
 10   -[Xcode3CommandLineBuildTool(TestSchemeAction) buildForTestSchemeCommandWantsSkip:buildAction:isProjectBuild:title:buildLog:isMoreDestinationsPending:runDestinations:runDestination:schemeCommand:executionEnvironment:restorePersistedBuildResults:operationToEnqueue:error:] (in Xcode3Core)
 11   -[Xcode3CommandLineBuildTool doSchemeBuildWithRunDestinations:runDestinationIdx:wantsSkip:buildActionTimingSection:timingSection:buildAction:isMoreDesinationsPending:actionResultBlock:title:buildLog:executionEnvironment:restorePersistedBuildResults:operationToEnqueue:error:] (in Xcode3Core)
 12   -[Xcode3CommandLineBuildTool doBuildForBuildAction:timingSection:colorize:colorizeFailure:error:] (in Xcode3Core)
 13   -[Xcode3CommandLineBuildTool _buildWithTimingSection:] (in Xcode3Core)
 14   -[Xcode3CommandLineBuildTool run] (in Xcode3Core)
 15   XcodeBuildMain (in libxcodebuildLoader.dylib)
 16   -[XcodebuildPreIDEHandler loadXcode3ProjectSupportAndRunXcode3CommandLineBuildToolWithArguments:] (in xcodebuild)
 17   -[XcodebuildPreIDEHandler runWithArguments:] (in xcodebuild)
 18   main (in xcodebuild)
 19   start (in dyld)

<DVTOperationGroup: 0x886276b80; state = AReFc> created at:
  0   -[DVTOperation init] (in DVTFoundation)
  1   -[DVTOperationGroup init] (in DVTFoundation)
  2   +[DVTOperationGroup operationGroupWithSuboperations:] (in DVTFoundation)
  3   -[IDEBuildOperationGroup initWithBuildOperations:otherOperations:buildLog:] (in IDEFoundation)
  4   -[IDEBuildOperationGroup initWithBuildOperations:buildLog:] (in IDEFoundation)
  5   -[IDEScheme _buildOperationGroupForSchemeOperationParameters:primaryBuildParameters:variantSpecifiers:buildLog:dontActuallyRunCommands:restorePersistedBuildResults:schemeActionRecord:error:] (in IDEFoundation)
  6   -[IDEScheme _executionOperationForSchemeOperationParameters:build:onlyBuild:buildParameters:title:buildLog:dontActuallyRunCommands:restorePersistedBuildResults:deviceAvailableChecker:error:actionCallbackBlock:] (in IDEFoundation)
  7   -[IDEScheme(TestSchemeAction) schemeTestActionOperationForSchemeOperationParameters:onlyBuild:buildLog:deviceAvailableChecker:buildParameters:shouldBuild:restorePersistedBuildResults:error:completionBlock:] (in IDEFoundation)
  8   -[IDEScheme buildAndActionTaskForSchemeOperationParameters:shouldBuild:onlyBuild:buildParameters:buildLog:deviceAvailableChecker:restorePersistedBuildResults:dontActuallyRunCommands:error:completionBlock:] (in IDEFoundation)
  9   -[IDEScheme schemeOperationForSchemeOperationParameters:buildLog:overridingProperties:overridingBuildConfiguration:dontActuallyRunCommands:restorePersistedBuildResults:deviceAvailableChecker:error:completionBlock:] (in IDEFoundation)
 10   -[IDEScheme schemeOperationForSchemeOperationParameters:buildLog:overridingProperties:overridingBuildConfiguration:dontActuallyRunCommands:restorePersistedBuildResults:error:completionBlock:] (in IDEFoundation)
 11   -[Xcode3CommandLineBuildTool(TestSchemeAction) buildForTestSchemeCommandWantsSkip:buildAction:isProjectBuild:title:buildLog:isMoreDestinationsPending:runDestinations:runDestination:schemeCommand:executionEnvironment:restorePersistedBuildResults:operationToEnqueue:error:] (in Xcode3Core)
 12   -[Xcode3CommandLineBuildTool doSchemeBuildWithRunDestinations:runDestinationIdx:wantsSkip:buildActionTimingSection:timingSection:buildAction:isMoreDesinationsPending:actionResultBlock:title:buildLog:executionEnvironment:restorePersistedBuildResults:operationToEnqueue:error:] (in Xcode3Core)
 13   -[Xcode3CommandLineBuildTool doBuildForBuildAction:timingSection:colorize:colorizeFailure:error:] (in Xcode3Core)
 14   -[Xcode3CommandLineBuildTool _buildWithTimingSection:] (in Xcode3Core)
 15   -[Xcode3CommandLineBuildTool run] (in Xcode3Core)
 16   XcodeBuildMain (in libxcodebuildLoader.dylib)
 17   -[XcodebuildPreIDEHandler loadXcode3ProjectSupportAndRunXcode3CommandLineBuildToolWithArguments:] (in xcodebuild)
 18   -[XcodebuildPreIDEHandler runWithArguments:] (in xcodebuild)
 19   main (in xcodebuild)
 20   start (in dyld)

<IDEXCBuildSupportCore.IDEXCBuildServiceBuildOperation:0x8843b9e00:AReFc> created at:
  0   -[DVTOperation init] (in DVTFoundation)
  1   -[IDEBuildOperation initWithConfiguration:] (in IDEFoundation)
  2   specialized IDEXCBuildServiceBuildOperation.init(configuration:) (in IDEXCBuildSupportCore)
  3   @objc IDEXCBuildServiceBuildOperation.init(configuration:) (in IDEXCBuildSupportCore)
  4   -[IDEScheme _buildOperationGroupForSchemeOperationParameters:primaryBuildParameters:variantSpecifiers:buildLog:dontActuallyRunCommands:restorePersistedBuildResults:schemeActionRecord:error:] (in IDEFoundation)
  5   -[IDEScheme _executionOperationForSchemeOperationParameters:build:onlyBuild:buildParameters:title:buildLog:dontActuallyRunCommands:restorePersistedBuildResults:deviceAvailableChecker:error:actionCallbackBlock:] (in IDEFoundation)
  6   -[IDEScheme(TestSchemeAction) schemeTestActionOperationForSchemeOperationParameters:onlyBuild:buildLog:deviceAvailableChecker:buildParameters:shouldBuild:restorePersistedBuildResults:error:completionBlock:] (in IDEFoundation)
  7   -[IDEScheme buildAndActionTaskForSchemeOperationParameters:shouldBuild:onlyBuild:buildParameters:buildLog:deviceAvailableChecker:restorePersistedBuildResults:dontActuallyRunCommands:error:completionBlock:] (in IDEFoundation)
  8   -[IDEScheme schemeOperationForSchemeOperationParameters:buildLog:overridingProperties:overridingBuildConfiguration:dontActuallyRunCommands:restorePersistedBuildResults:deviceAvailableChecker:error:completionBlock:] (in IDEFoundation)
  9   -[IDEScheme schemeOperationForSchemeOperationParameters:buildLog:overridingProperties:overridingBuildConfiguration:dontActuallyRunCommands:restorePersistedBuildResults:error:completionBlock:] (in IDEFoundation)
 10   -[Xcode3CommandLineBuildTool(TestSchemeAction) buildForTestSchemeCommandWantsSkip:buildAction:isProjectBuild:title:buildLog:isMoreDestinationsPending:runDestinations:runDestination:schemeCommand:executionEnvironment:restorePersistedBuildResults:operationToEnqueue:error:] (in Xcode3Core)
 11   -[Xcode3CommandLineBuildTool doSchemeBuildWithRunDestinations:runDestinationIdx:wantsSkip:buildActionTimingSection:timingSection:buildAction:isMoreDesinationsPending:actionResultBlock:title:buildLog:executionEnvironment:restorePersistedBuildResults:operationToEnqueue:error:] (in Xcode3Core)
 12   -[Xcode3CommandLineBuildTool doBuildForBuildAction:timingSection:colorize:colorizeFailure:error:] (in Xcode3Core)
 13   -[Xcode3CommandLineBuildTool _buildWithTimingSection:] (in Xcode3Core)
 14   -[Xcode3CommandLineBuildTool run] (in Xcode3Core)
 15   XcodeBuildMain (in libxcodebuildLoader.dylib)
 16   -[XcodebuildPreIDEHandler loadXcode3ProjectSupportAndRunXcode3CommandLineBuildToolWithArguments:] (in xcodebuild)
 17   -[XcodebuildPreIDEHandler runWithArguments:] (in xcodebuild)
 18   main (in xcodebuild)
 19   start (in dyld)

<DVTOperation: 0x883c39e00; state = aReFc> created at:
  0   -[DVTOperation init] (in DVTFoundation)
  1   +[DVTOperation(DVTConveniences) operationWithBlock:] (in DVTFoundation)
  2   -[IDESchemeAction setUpActionDependenciesForCorePhaseOperation:shouldRunPostActionsBlock:prePhaseEnvironmentPopulationBlock:postPhaseEnvironmentPopulationBlock:handlePreActionsActivityLogSection:handlePostActionsActivityLogSection:buildParameters:schemeActionResultOperation:error:] (in IDEFoundation)
  3   -[IDEScheme _buildOperationGroupForSchemeOperationParameters:primaryBuildParameters:variantSpecifiers:buildLog:dontActuallyRunCommands:restorePersistedBuildResults:schemeActionRecord:error:] (in IDEFoundation)
  4   -[IDEScheme _executionOperationForSchemeOperationParameters:build:onlyBuild:buildParameters:title:buildLog:dontActuallyRunCommands:restorePersistedBuildResults:deviceAvailableChecker:error:actionCallbackBlock:] (in IDEFoundation)
  5   -[IDEScheme(TestSchemeAction) schemeTestActionOperationForSchemeOperationParameters:onlyBuild:buildLog:deviceAvailableChecker:buildParameters:shouldBuild:restorePersistedBuildResults:error:completionBlock:] (in IDEFoundation)
  6   -[IDEScheme buildAndActionTaskForSchemeOperationParameters:shouldBuild:onlyBuild:buildParameters:buildLog:deviceAvailableChecker:restorePersistedBuildResults:dontActuallyRunCommands:error:completionBlock:] (in IDEFoundation)
  7   -[IDEScheme schemeOperationForSchemeOperationParameters:buildLog:overridingProperties:overridingBuildConfiguration:dontActuallyRunCommands:restorePersistedBuildResults:deviceAvailableChecker:error:completionBlock:] (in IDEFoundation)
  8   -[IDEScheme schemeOperationForSchemeOperationParameters:buildLog:overridingProperties:overridingBuildConfiguration:dontActuallyRunCommands:restorePersistedBuildResults:error:completionBlock:] (in IDEFoundation)
  9   -[Xcode3CommandLineBuildTool(TestSchemeAction) buildForTestSchemeCommandWantsSkip:buildAction:isProjectBuild:title:buildLog:isMoreDestinationsPending:runDestinations:runDestination:schemeCommand:executionEnvironment:restorePersistedBuildResults:operationToEnqueue:error:] (in Xcode3Core)
 10   -[Xcode3CommandLineBuildTool doSchemeBuildWithRunDestinations:runDestinationIdx:wantsSkip:buildActionTimingSection:timingSection:buildAction:isMoreDesinationsPending:actionResultBlock:title:buildLog:executionEnvironment:restorePersistedBuildResults:operationToEnqueue:error:] (in Xcode3Core)
 11   -[Xcode3CommandLineBuildTool doBuildForBuildAction:timingSection:colorize:colorizeFailure:error:] (in Xcode3Core)
 12   -[Xcode3CommandLineBuildTool _buildWithTimingSection:] (in Xcode3Core)
 13   -[Xcode3CommandLineBuildTool run] (in Xcode3Core)
 14   XcodeBuildMain (in libxcodebuildLoader.dylib)
 15   -[XcodebuildPreIDEHandler loadXcode3ProjectSupportAndRunXcode3CommandLineBuildToolWithArguments:] (in xcodebuild)
 16   -[XcodebuildPreIDEHandler runWithArguments:] (in xcodebuild)
 17   main (in xcodebuild)
 18   start (in dyld)

<DVTOperation: 0x883c39a40; state = aReFc> created at:
  0   -[DVTOperation init] (in DVTFoundation)
  1   +[DVTOperation(DVTConveniences) operationWithBlock:] (in DVTFoundation)
  2   -[IDESchemeAction setUpActionDependenciesForCorePhaseOperation:shouldRunPostActionsBlock:prePhaseEnvironmentPopulationBlock:postPhaseEnvironmentPopulationBlock:handlePreActionsActivityLogSection:handlePostActionsActivityLogSection:buildParameters:schemeActionResultOperation:error:] (in IDEFoundation)
  3   -[IDEScheme _buildOperationGroupForSchemeOperationParameters:primaryBuildParameters:variantSpecifiers:buildLog:dontActuallyRunCommands:restorePersistedBuildResults:schemeActionRecord:error:] (in IDEFoundation)
  4   -[IDEScheme _executionOperationForSchemeOperationParameters:build:onlyBuild:buildParameters:title:buildLog:dontActuallyRunCommands:restorePersistedBuildResults:deviceAvailableChecker:error:actionCallbackBlock:] (in IDEFoundation)
  5   -[IDEScheme(TestSchemeAction) schemeTestActionOperationForSchemeOperationParameters:onlyBuild:buildLog:deviceAvailableChecker:buildParameters:shouldBuild:restorePersistedBuildResults:error:completionBlock:] (in IDEFoundation)
  6   -[IDEScheme buildAndActionTaskForSchemeOperationParameters:shouldBuild:onlyBuild:buildParameters:buildLog:deviceAvailableChecker:restorePersistedBuildResults:dontActuallyRunCommands:error:completionBlock:] (in IDEFoundation)
  7   -[IDEScheme schemeOperationForSchemeOperationParameters:buildLog:overridingProperties:overridingBuildConfiguration:dontActuallyRunCommands:restorePersistedBuildResults:deviceAvailableChecker:error:completionBlock:] (in IDEFoundation)
  8   -[IDEScheme schemeOperationForSchemeOperationParameters:buildLog:overridingProperties:overridingBuildConfiguration:dontActuallyRunCommands:restorePersistedBuildResults:error:completionBlock:] (in IDEFoundation)
  9   -[Xcode3CommandLineBuildTool(TestSchem    t =     6.35s Set normalized position of "chart.portraitHeight" Slider to 1.00
    t =     6.35s     Wait for com.mdd.kanpan to idle
eAction) buildForTestSchemeCommandWantsSkip:buildAction:isProjectBuild:title:buildLog:isMoreDestinationsPending:runDestinations:runDestination:schemeCommand:executionEnvironment:restorePersistedBuildResults:operationToEnqueue:error:] (in Xcode3Core)
 10   -[Xcode3CommandLineBuildTool doSchemeBuildWithRunDestinations:runDestinationIdx:wantsSkip:buildActionTimingSection:timingSection:buildAction:isMoreDesinationsPending:actionResultBlock:title:buildLog:executionEnvironment:restorePersistedBuildResults:operationToEnqueue:error:] (in Xcode3Core)
 11   -[Xcode3CommandLineBuildTool doBuildForBuildAction:timingSection:colorize:colorizeFailure:error:] (in Xcode3Core)
 12   -[Xcode3CommandLineBuildTool _buildWithTimingSection:] (in Xcode3Core)
 13   -[Xcode3CommandLineBuildTool run] (in Xcode3Core)
 14   XcodeBuildMain (in libxcodebuildLoader.dylib)
 15   -[XcodebuildPreIDEHandler loadXcode3ProjectSupportAndRunXcode3CommandLineBuildToolWithArguments:] (in xcodebuild)
 16   -[XcodebuildPreIDEHandler runWithArguments:] (in xcodebuild)
 17   main (in xcodebuild)
 18   start (in dyld)

<__DVTSwiftAsyncOperation: 0x886276d00; state = AReFc> created at:
  0   -[DVTOperation init] (in DVTFoundation)
  1   @objc DVTAsyncOperation.init() (in DVTFoundation)
  2   static DVTOperation.awaiting(_:) (in DVTFoundation)
  3   @objc static IDESchemeAction.operationToWaitForFinishedLoadingOperation(of:) (in IDEFoundation)
  4   -[IDESchemeAction setUpActionDependenciesForCorePhaseOperation:shouldRunPostActionsBlock:prePhaseEnvironmentPopulationBlock:postPhaseEnvironmentPopulationBlock:handlePreActionsActivityLogSection:handlePostActionsActivityLogSection:buildParameters:schemeActionResultOperation:error:] (in IDEFoundation)
  5   -[IDEScheme _buildOperationGroupForSchemeOperationParameters:primaryBuildParameters:variantSpecifiers:buildLog:dontActuallyRunCommands:restorePersistedBuildResults:schemeActionRecord:error:] (in IDEFoundation)
  6   -[IDEScheme _executionOperationForSchemeOperationParameters:build:onlyBuild:buildParameters:title:buildLog:dontActuallyRunCommands:restorePersistedBuildResults:deviceAvailableChecker:error:actionCallbackBlock:] (in IDEFoundation)
  7   -[IDEScheme(TestSchemeAction) schemeTestActionOperationForSchemeOperationParameters:onlyBuild:buildLog:deviceAvailableChecker:buildParameters:shouldBuild:restorePersistedBuildResults:error:completionBlock:] (in IDEFoundation)
  8   -[IDEScheme buildAndActionTaskForSchemeOperationParameters:shouldBuild:onlyBuild:buildParameters:buildLog:deviceAvailableChecker:restorePersistedBuildResults:dontActuallyRunCommands:error:completionBlock:] (in IDEFoundation)
  9   -[IDEScheme schemeOperationForSchemeOperationParameters:buildLog:overridingProperties:overridingBuildConfiguration:dontActuallyRunCommands:restorePersistedBuildResults:deviceAvailableChecker:error:completionBlock:] (in IDEFoundation)
 10   -[IDEScheme schemeOperationForSchemeOperationParameters:buildLog:overridingProperties:overridingBuildConfiguration:dontActuallyRunCommands:restorePersistedBuildResults:error:completionBlock:] (in IDEFoundation)
 11   -[Xcode3CommandLineBuildTool(TestSchemeAction) buildForTestSchemeCommandWantsSkip:buildAction:isProjectBuild:title:buildLog:isMoreDestinationsPending:runDestinations:runDestination:schemeCommand:executionEnvironment:restorePersistedBuildResults:operationToEnqueue:error:] (in Xcode3Core)
 12   -[Xcode3CommandLineBuildTool doSchemeBuildWithRunDestinations:runDestinationIdx:wantsSkip:buildActionTimingSection:timingSection:buildAction:isMoreDesinationsPending:actionResultBlock:title:buildLog:executionEnvironment:restorePersistedBuildResults:operationToEnqueue:error:] (in Xcode3Core)
 13   -[Xcode3CommandLineBuildTool doBuildForBuildAction:timingSection:colorize:colorizeFailure:error:] (in Xcode3Core)
 14   -[Xcode3CommandLineBuildTool _buildWithTimingSection:] (in Xcode3Core)
 15   -[Xcode3CommandLineBuildTool run] (in Xcode3Core)
 16   XcodeBuildMain (in libxcodebuildLoader.dylib)
 17   -[XcodebuildPreIDEHandler loadXcode3ProjectSupportAndRunXcode3CommandLineBuildToolWithArgument    t =     6.36s     Find the "chart.portraitHeight" Slider
s:] (in xcodebuild)
 18   -[XcodebuildPreIDEHandler runWithArguments:] (in xcodebuild)
 19   main (in xcodebuild)
 20   start (in dyld)

<DVTOperation: 0x883c39cc0; state = aReFc> created at:
  0   -[DVTOperation init] (in DVTFoundation)
  1   +[DVTOperation(DVTConveniences) operationWithBlock:] (in DVTFoundation)
  2   -[IDESchemeAction setUpActionDependenciesForCorePhaseOperation:shouldRunPostActionsBlock:prePhaseEnvironmentPopulationBlock:postPhaseEnvironmentPopulationBlock:handlePreActionsActivityLogSection:handlePostActionsActivityLogSection:buildParameters:schemeActionResultOperation:error:] (in IDEFoundation)
  3   -[IDEScheme _buildOperationGroupForSchemeOperationParameters:primaryBuildParameters:variantSpecifiers:buildLog:dontActuallyRunCommands:restorePersistedBuildResults:schemeActionRecord:error:] (in IDEFoundation)
  4   -[IDEScheme _executionOperationForSchemeOperationParameters:build:onlyBuild:buildParameters:title:buildLog:dontActuallyRunCommands:restorePersistedBuildResults:deviceAvailableChecker:error:actionCallbackBlock:] (in IDEFoundation)
  5   -[IDEScheme(TestSchemeAction) schemeTestActionOperationForSchemeOperationParameters:onlyBuild:buildLog:deviceAvailableChecker:buildParameters:shouldBuild:restorePersistedBuildResults:error:completionBlock:] (in IDEFoundation)
  6   -[IDEScheme buildAndActionTaskForSchemeOperationParameters:shouldBuild:onlyBuild:buildParameters:buildLog:deviceAvailableChecker:restorePersistedBuildResults:dontActuallyRunCommands:error:completionBlock:] (in IDEFoundation)
  7   -[IDEScheme schemeOperationForSchemeOperationParameters:buildLog:overridingProperties:overridingBuildConfiguration:dontActuallyRunCommands:restorePersistedBuildResults:deviceAvailableChecker:error:completionBlock:] (in IDEFoundation)
  8   -[IDEScheme schemeOperationForSchemeOperationParameters:buildLog:overridingProperties:overridingBuildConfiguration:dontActuallyRunCommands:restorePersistedBuildResults:error:completionBlock:] (in IDEFoundation)
  9   -[Xcode3CommandLineBuildTool(TestSchemeAction) buildForTestSchemeCommandWantsSkip:buildAction:isProjectBuild:title:buildLog:isMoreDestinationsPending:runDestinations:runDestination:schemeCommand:executionEnvironment:restorePersistedBuildResults:operationToEnqueue:error:] (in Xcode3Core)
 10   -[Xcode3CommandLineBuildTool doSchemeBuildWithRunDestinations:runDestinationIdx:wantsSkip:buildActionTimingSection:timingSection:buildAction:isMoreDesinationsPending:actionResultBlock:title:buildLog:executionEnvironment:restorePersistedBuildResults:operationToEnqueue:error:] (in Xcode3Core)
 11   -[Xcode3CommandLineBuildTool doBuildForBuildAction:timingSection:colorize:colorizeFailure:error:] (in Xcode3Core)
 12   -[Xcode3CommandLineBuildTool _buildWithTimingSection:] (in Xcode3Core)
 13   -[Xcode3CommandLineBuildTool run] (in Xcode3Core)
 14   XcodeBuildMain (in libxcodebuildLoader.dylib)
 15   -[XcodebuildPreIDEHandler loadXcode3ProjectSupportAndRunXcode3CommandLineBuildToolWithArguments:] (in xcodebuild)
 16   -[XcodebuildPreIDEHandler runWithArguments:] (in xcodebuild)
 17   main (in xcodebuild)
 18   start (in dyld)

<__DVTSwiftAsyncOperation: 0x886277300; state = AReFc> created at:
  0   -[DVTOperation init] (in DVTFoundation)
  1   @objc DVTAsyncOperation.init() (in DVTFoundation)
  2   @objc static DVTOperation.operationWithMainThreadBlock(_:) (in DVTFoundation)
  3   -[IDESchemeAction _setUpOperationsForPackageLoadingInWorkspace:handlePreActionsActivityLogSection:isCleanOperation:] (in IDEFoundation)
  4   -[IDESchemeAction setUpActionDependenciesForCorePhaseOperation:shouldRunPostActionsBlock:prePhaseEnvironmentPopulationBlock:postPhaseEnvironmentPopulationBlock:handlePreActionsActivityLogSection:handlePostActionsActivityLogSection:buildParameters:schemeActionResultOperation:error:] (in IDEFoundation)
  5   -[IDEScheme _buildOperationGroupForSchemeOperationParameters:primaryBuildParameters:variantSpecifiers:buildLog:dontActuallyRunCommands:restorePersistedBuildResults:schemeActionRecord:error:] (in IDEFoundation)
  6   -[IDEScheme _executionOperationForSchemeOperationParameters:build:onlyBuild:buildParameters:title:buildLog:dontActuallyRunCommands:restorePersistedBuildResults:deviceAvailableChecker:error:actionCallbackBlock:] (in IDEFoundation)
  7   -[IDEScheme(TestSchemeAction) schemeTestActionOperationForSchemeOperationParameters:onlyBuild:buildLog:deviceAvailableChecker:buildParameters:shouldBuild:restorePersistedBuildResults:error:completionBlock:] (in IDEFoundation)
  8   -[IDEScheme buildAndActionTaskForSchemeOperationParameters:shouldBuild:onlyBuild:buildParameters:buildLog:deviceAvailableChecker:restorePersistedBuildResults:dontActuallyRunCommands:error:completionBlock:] (in IDEFoundation)
  9   -[IDEScheme schemeOperationForSchemeOperationParameters:buildLog:overridingProperties:overridingBuildConfiguration:dontActuallyRunCommands:restorePersistedBuildResults:deviceAvailableChecker:error:completionBlock:] (in IDEFoundation)
 10   -[IDEScheme schemeOperationForSchemeOperationParameters:buildLog:overridingProperties:overridingBuildConfiguration:dontActuallyRunCommands:restorePersistedBuildResults:error:completionBlock:] (in IDEFoundation)
 11   -[Xcode3CommandLineBuildTool(TestSchemeAction) buildForTestSchemeCommandWantsSkip:buildAction:isProjectBuild:title:buildLog:isMoreDestinationsPending:runDestinations:runDestination:schemeCommand:executionEnvironment:restorePersistedBuildResults:operationToEnqueue:error:] (in Xcode3Core)
 12   -[Xcode3CommandLineBuildTool doSchemeBuildWithRunDestinations:runDestinationIdx:wantsSkip:buildActionTimingSection:timingSection:buildAction:isMoreDesinationsPending:actionResultBlock:title:buildLog:executionEnvironment:restorePersistedBuildResults:operationToEnqueue:error:] (in Xcode3Core)
 13   -[Xcode3CommandLineBuildTool doBuildForBuildAction:timingSection:colorize:colorizeFailure:error:] (in Xcode3Core)
 14   -[Xcode3CommandLineBuildTool _buildWithTimingSection:] (in Xcode3Core)
 15   -[Xcode3CommandLineBuildTool run] (in Xcode3Core)
 16   XcodeBuildMain (in libxcodebuildLoader.dylib)
 17   -[XcodebuildPreIDEHandler loadXcode3ProjectSupportAndRunXcode3CommandLineBuildToolWithArguments:] (in xcodebuild)
 18   -[XcodebuildPreIDEHandler runWithArguments:] (in xcodebuild)
 19   main (in xcodebuild)
 20   start (in dyld)

<__DVTSwiftAsyncOperation: 0x886277000; state = AReFc> created at:
  0   -[DVTOperation init] (in DVTFoundation)
  1   @objc DVTAsyncOperation.init() (in DVTFoundation)
  2   @objc static DVTOperation.operationWithMainThreadBlock(_:) (in DVTFoundation)
  3   -[IDESchemeAction _setUpOperationsForPackageLoadingInWorkspace:handlePreActionsActivityLogSection:isCleanOperation:] (in IDEFoundation)
  4   -[IDESchemeAction setUpActionDependenciesForCorePhaseOperation:shouldRunPostActionsBlock:prePhaseEnvironmentPopulationBlock:postPhaseEnvironmentPopulationBlock:handlePreActionsActivityLogSection:handlePostActionsActivityLogSection:buildParameters:schemeActionResultOperation:error:] (in IDEFoundation)
  5   -[IDEScheme _buildOperationGroupForSchemeOperationParameters:primaryBuildParameters:variantSpecifiers:buildLog:dontActuallyRunCommands:restorePersistedBuildResults:schemeActionRecord:error:] (in IDEFoundation)
  6   -[IDEScheme _executionOperationForSchemeOperationParameters:build:onlyBuild:buildParameters:title:buildLog:dontActuallyRunCommands:restorePersistedBuildResults:deviceAvailableChecker:error:actionCallbackBlock:] (in IDEFoundation)
  7   -[IDEScheme(TestSchemeAction) schemeTestActionOperationForSchemeOperationParameters:onlyBuild:buildLog:deviceAvailableChecker:buildParameters:shouldBuild:restorePersistedBuildResults:error:completionBlock:] (in IDEFoundation)
  8   -[IDEScheme buildAndActionTaskForSchemeOperationParameters:shouldBuild:onlyBuild:buildParameters:buildLog:deviceAvailableChecker:restorePersistedBuildResults:dontActuallyRunCommands:error:completionBlock:] (in IDEFoundation)
  9   -[IDEScheme schemeOperationForSchemeOperationParameters:buildLog:overridingProperties:overridingBuildConfiguration:dontActuallyRunCommands:restorePersistedBuildResults:deviceAvailableChecker:error:completionBlock:] (in IDEFoundation)
 10   -[IDEScheme schemeOperationForSchemeOperationParameters:buildLog:overridingProperties:overridingBuildConfiguration:dontActuallyRunCommands:restorePersistedBuildResults:error:completionBlock:] (in IDEFoundation)
 11   -[Xcode3CommandLineBuildTool(TestSchemeAction) buildForTestSchemeCommandWantsSkip:buildAction:isProjectBuild:title:buildLog:isMoreDestinationsPending:runDestinations:runDestination:schemeCommand:executionEnvironment:restorePersistedBuildResults:operationToEnqueue:error:] (in Xcode3Core)
 12   -[Xcode3CommandLineBuildTool doSchemeBuildWithRunDestinations:runDestinationIdx:wantsSkip:buildActionTimingSection:timingSection:buildAction:isMoreDesinationsPending:actionResultBlock:title:buildLog:executionEnvironment:restorePersistedBuildResults:operationToEnqueue:error:] (in Xcode3Core)
 13   -[Xcode3CommandLineBuildTool doBuildForBuildAction:timingSection:colorize:colorizeFailure:error:] (in Xcode3Core)
 14   -[Xcode3CommandLineBuildTool _buildWithTimingSection:] (in Xcode3Core)
 15   -[Xcode3CommandLineBuildTool run] (in Xcode3Core)
 16   XcodeBuildMain (in libxcodebuildLoader.dylib)
 17   -[XcodebuildPreIDEHandler loadXcode3ProjectSupportAndRunXcode3CommandLineBuildToolWithArguments:] (in xcodebuild)
 18   -[XcodebuildPreIDEHandler runWithArguments:] (in xcodebuild)
 19   main (in xcodebuild)
 20   start (in dyld)

<DVTOperation: 0x883c39f40; state = aReFc> created at:
  0   -[DVTOperation init] (in DVTFoundation)
  1   +[DVTOperation(DVTConveniences) operationWithBlock:] (in DVTFoundation)
  2   -[IDESchemeAction setUpActionDependenciesForCorePhaseOperation:shouldRunPostActionsBlock:prePhaseEnvironmentPopulationBlock:postPhaseEnvironmentPopulationBlock:handlePreActionsActivityLogSection:handlePostActionsActivityLogSection:buildParameters:schemeActionResultOperation:error:] (in IDEFoundation)
  3   -[IDEScheme _buildOperationGroupForSchemeOperationParameters:primaryBuildParameters:variantSpecifiers:buildLog:dontActuallyRunCommands:restorePersistedBuildResults:schemeActionRecord:error:] (in IDEFoundation)
  4   -[IDEScheme _executionOperationForSchemeOperationParameters:build:onlyBuild:buildParameters:title:buildLog:dontActuallyRunCommands:restorePersistedBuildResults:deviceAvailableChecker:error:actionCallbackBlock:] (in IDEFoundation)
  5   -[IDEScheme(TestSchemeAction) schemeTestActionOperationForSchemeOperationParameters:onlyBuild:buildLog:deviceAvailableChecker:buildParameters:shouldBuild:restorePersistedBuildResults:error:completionBlock:] (in IDEFoundation)
  6   -[IDEScheme buildAndActionTaskForSchemeOperationParameters:shouldBuild:onlyBuild:buildParameters:buildLog:deviceAvailableChecker:restorePersistedBuildResults:dontActuallyRunCommands:error:completionBlock:] (in IDEFoundation)
  7   -[IDEScheme schemeOperationForSchemeOperationParameters:buildLog:overridingProperties:overridingBuildConfiguration:dontActuallyRunCommands:restorePersistedBuildResults:deviceAvailableChecker:error:completionBlock:] (in IDEFoundation)
  8   -[IDEScheme schemeOperationForSchemeOperationParameters:buildLog:overridingProperties:overridingBuildConfiguration:dontActuallyRunCommands:restorePersistedBuildResults:error:completionBlock:] (in IDEFoundation)
  9   -[Xcode3CommandLineBuildTool(TestSchemeAction) buildForTestSchemeCommandWantsSkip:buildAction:isProjectBuild:title:buildLog:isMoreDestinationsPending:runDestinations:runDestination:schemeCommand:executionEnvironment:restorePersistedBuildResults:operationToEnqueue:error:] (in Xcode3Core)
 10   -[Xcode3CommandLineBuildTool doSchemeBuildWithRunDestinations:runDestinationIdx:wantsSkip:buildActionTimingSection:timingSection:buildAction:isMoreDesinationsPending:actionResultBlock:title:buildLog:executionEnvironment:restorePersistedBuildResults:operationToEnqueue:error:] (in Xcode3Core)
 11   -[Xcode3CommandLineBuildTool doBuildForBuildAction:timingSection:colorize:colorizeFailure:error:] (in Xcode3Core)
 12   -[Xcode3CommandLineBuildTool _buildWithTimingSection:] (in Xcode3Core)
 13   -[Xcode3CommandLineBuildTool run] (in Xcode3Core)
 14   XcodeBuildMain (in libxcodebuildLoader.dylib)
 15   -[XcodebuildPreIDEHandler loadXcode3ProjectSupportAndRunXcode3CommandLineBuildToolWithArguments:] (in xcodebuild)
 16   -[XcodebuildPreIDEHandler runWithArguments:] (in xcodebuild)
 17   main (in xcodebuild)
 18   start (in dyld)

<__DVTSwiftAsyncOperation: 0x886277180; state = AReFc> created at:
  0   -[DVTOperation init] (in DVTFoundation)
  1   @objc DVTAsyncOperation.init() (in DVTFoundation)
  2   static DVTOperation.awaiting(_:) (in DVTFoundation)
  3   @objc static IDESchemeAction.operationToWaitForFinishedLoadingOperation(of:) (in IDEFoundation)
  4   -[IDESchemeAction _setUpOperationsForPackageLoadingInWorkspace:handlePreActionsActivityLogSection:isCleanOperation:] (in IDEFoundation)
  5   -[IDESchemeAction setUpActionDependenciesForCorePhaseOperation:shouldRunPostActionsBlock:prePhaseEnvironmentPopulationBlock:postPhaseEnvironmentPopulationBlock:handlePreActionsActivityLogSection:handlePostActionsActivityLogSection:buildParameters:schemeActionResultOperation:error:] (in IDEFoundation)
  6   -[IDEScheme _buildOperationGroupForSchemeOperationParameters:primaryBuildParameters:variantSpecifiers:buildLog:dontActuallyRunCommands:restorePersistedBuildResults:schemeActionRecord:error:] (in IDEFoundation)
  7   -[IDEScheme _executionOperationForSchemeOperationParameters:build:onlyBuild:buildParameters:title:buildLog:dontActuallyRunCommands:restorePersistedBuildResults:deviceAvailableChecker:error:actionCallbackBlock:] (in IDEFoundation)
  8   -[IDEScheme(TestSchemeAction) schemeTestActionOperationForSchemeOperationParameters:onlyBuild:buildLog:deviceAvailableChecker:buildParameters:shouldBuild:restorePersistedBuildResults:error:completionBlock:] (in IDEFoundation)
  9   -[IDEScheme buildAndActionTaskForSchemeOperationParameters:shouldBuild:onlyBuild:buildParameters:buildLog:deviceAvailableChecker:restorePersistedBuildResults:dontActuallyRunCommands:error:completionBlock:] (in IDEFoundation)
 10   -[IDEScheme schemeOperationForSchemeOperationParameters:buildLog:overridingProperties:overridingBuildConfiguration:dontActuallyRunCommands:restorePersistedBuildResults:deviceAvailableChecker:error:completionBlock:] (in IDEFoundation)
 11   -[IDEScheme schemeOperationForSchemeOperationParameters:buildLog:overridingProperties:overridingBuildConfiguration:dontActuallyRunCommands:restorePersistedBuildResults:error:completionBlock:] (in IDEFoundation)
 12   -[Xcode3CommandLineBuildTool(TestSchemeAction) buildForTestSchemeCommandWantsSkip:buildAction:isProjectBuild:title:buildLog:isMoreDestinationsPending:runDestinations:runDestination:schemeCommand:executionEnvironment:restorePersistedBuildResults:operationToEnqueue:error:] (in Xcode3Core)
 13   -[Xcode3CommandLineBuildTool doSchemeBuildWithRunDestinations:runDestinationIdx:wantsSkip:buildActionTimingSection:timingSection:buildAction:isMoreDesinationsPending:actionResultBlock:title:buildLog:executionEnvironment:restorePersistedBuildResults:operationToEnqueue:error:] (in Xcode3Core)
 14   -[Xcode3CommandLineBuildTool doBuildForBuildAction:timingSection:colorize:colorizeFailure:error:] (in Xcode3Core)
 15   -[Xcode3CommandLineBuildTool _buildWithTimingSection:] (in Xcode3Core)
 16   -[Xcode3CommandLineBuildTool run] (in Xcode3Core)
 17   XcodeBuildMain (in libxcodebuildLoader.dylib)
 18   -[XcodebuildPreIDEHandler loadXcode3ProjectSupportAndRunXcode3CommandLineBuildToolWithArguments:] (in xcodebuild)
 19   -[XcodebuildPreIDEHandler runWithArguments:] (in xcodebuild)
 20   main (in xcodebuild)
 21   start (in dyld)

<DVTOperationGroup: 0x886423600; state = AREfc> created at:
  0   -[DVTOperation init] (in DVTFoundation)
  1   -[DVTOperationGroup init] (in DVTFoundation)
  2   +[DVTOperationGroup operationGroupWithSuboperations:] (in DVTFoundation)
  3   -[IDETestSchemeAction testOperationWithSchemeOperationParameters:testManager:buildOperation:buildParameters:schemeCommand:actionRecord:testPlanRunSpecifications:deviceAvailableChecker:outError:actionCallbackBlock:] (in IDEFoundation)
  4   -[IDEScheme(TestSchemeAction) executionOperationForTestSchemeActionWithOpera    t =     6.42s     Check for interrupting elements affecting "chart.portraitHeight" Slider
tionParameters:command:buildOperationVariantSpecifiers:buildOperationGroup:schemeActionResult:buildParameters:shouldOnlyBuild:runDestination:orderedOperations:schemeActionRecord:deviceAvailableChecker:actionCallbackBlock:error:] (in IDEFoundation)
  5   -[IDEScheme _executionOperationForSchemeOperationParameters:build:onlyBuild:buildParameters:title:buildLog:dontActuallyRunCommands:restorePersistedBuildResults:deviceAvailableChecker:error:actionCallbackBlock:] (in IDEFoundation)
  6   -[IDEScheme(TestSchemeAction) schemeTestActionOperationForSchemeOperationParameters:onlyBuild:buildLog:deviceAvailableChecker:buildParameters:shouldBuild:restorePersistedBuildResults:error:completionBlock:] (in IDEFoundation)
  7   -[IDEScheme buildAndActionTaskForSchemeOperationParameters:shouldBuild:onlyBuild:buildParameters:buildLog:deviceAvailableChecker:restorePersistedBuildResults:dontActuallyRunCommands:error:completionBlock:] (in IDEFoundation)
  8   -[IDEScheme schemeOperationForSchemeOperationParameters:buildLog:overridingProperties:overridingBuildConfiguration:dontActuallyRunCommands:restorePersistedBuildResults:deviceAvailableChecker:error:completionBlock:] (in IDEFoundation)
  9   -[IDEScheme schemeOperationForSchemeOperationParameters:buildLog:overridingProperties:overridingBuildConfiguration:dontActuallyRunCommands:restorePersistedBuildResults:error:completionBlock:] (in IDEFoundation)
 10   -[Xcode3CommandLineBuildTool(TestSchemeAction) buildForTestSchemeCommandWantsSkip:buildAction:isProjectBuild:title:buildLog:isMoreDestinationsPending:runDestinations:runDestination:schemeCommand:executionEnvironment:restorePersistedBuildResults:operationToEnqueue:error:] (in Xcode3Core)
 11   -[Xcode3CommandLineBuildTool doSchemeBuildWithRunDestinations:runDestinationIdx:wantsSkip:buildActionTimingSection:timingSection:buildAction:isMoreDesinationsPending:actionResultBlock:title:buildLog:executionEnvironment:restorePersistedBuildResults:operationToEnqueue:error:] (in Xcode3Core)
 12   -[Xcode3CommandLineBuildTool doBuildForBuildAction:timingSection:colorize:colorizeFailure:error:] (in Xcode3Core)
 13   -[Xcode3CommandLineBuildTool _buildWithTimingSection:] (in Xcode3Core)
 14   -[Xcode3CommandLineBuildTool run] (in Xcode3Core)
 15   XcodeBuildMain (in libxcodebuildLoader.dylib)
 16   -[XcodebuildPreIDEHandler loadXcode3ProjectSupportAndRunXcode3CommandLineBuildToolWithArguments:] (in xcodebuild)
 17   -[XcodebuildPreIDEHandler runWithArguments:] (in xcodebuild)
 18   main (in xcodebuild)
 19   start (in dyld)

<DVTOperation: 0x884095f40; name = 'Remove Log If Needed', state = aReFc> created at:
  0   -[DVTOperation init] (in DVTFoundation)
  1   +[DVTOperation(DVTConveniences) operationWithBlock:] (in DVTFoundation)
  2   -[IDETestSchemeAction _removeLogIfNeededOperationWithLogStore:logRecord:buildOperation:] (in IDEFoundation)
  3   -[IDETestSchemeAction testOperationWithSchemeOperationParameters:testManager:buildOperation:buildParameters:schemeCommand:actionRecord:testPlanRunSpecifications:deviceAvailableChecker:outError:actionCallbackBlock:] (in IDEFoundation)
  4   -[IDEScheme(TestSchemeAction) executionOperationForTestSchemeActionWithOperationParameters:command:buildOperationVariantSpecifiers:buildOperationGroup:schemeActionResult:buildParameters:shouldOnlyBuild:runDestination:orderedOperations:schemeActionRecord:deviceAvailableChecker:actionCallbackBlock:error:] (in IDEFoundation)
  5   -[IDEScheme _executionOperationForSchemeOperationParameters:build:onlyBuild:buildParameters:title:buildLog:dontActuallyRunCommands:restorePersistedBuildResults:deviceAvailableChecker:error:actionCallbackBlock:] (in IDEFoundation)
  6   -[IDEScheme(TestSchemeAction) schemeTestActionOperationForSchemeOperationParameters:onlyBuild:buildLog:deviceAvailableChecker:buildParameters:shouldBuild:restorePersistedBuildResults:error:completionBlock:] (in IDEFoundation)
  7   -[IDEScheme buildAndActionTaskForSchemeOperationParameters:shouldBuild:onlyBuild:buildParameters:buildLog:deviceAvailableChecker:restorePersistedBuildResults:dontActuallyRunCommands:error:completionBlock:] (in IDEFoundation)
  8   -[IDEScheme schemeOperationForSchemeOperationParameters:buildLog:overridingProperties:overridingBuildConfiguration:dontActuallyRunCommands:restorePersistedBuildResults:deviceAvailableChecker:error:completionBlock:] (in IDEFoundation)
  9   -[IDEScheme schemeOperationForSchemeOperationParameters:buildLog:overridingProperties:overridingBuildConfiguration:dontActuallyRunCommands:restorePersistedBuildResults:error:completionBlock:] (in IDEFoundation)
 10   -[Xcode3CommandLineBuildTool(TestSchemeAction) buildForTestSchemeCommandWantsSkip:buildAction:isProjectBuild:title:buildLog:isMoreDestinationsPending:runDestinations:runDestination:schemeCommand:executionEnvironment:restorePersistedBuildResults:operationToEnqueue:error:] (in Xcode3Core)
 11   -[Xcode3CommandLineBuildTool doSchemeBuildWithRunDestinations:runDestinationIdx:wantsSkip:buildActionTimingSection:timingSection:buildAction:isMoreDesinationsPending:actionResultBlock:title:buildLog:executionEnvironment:restorePersistedBuildResults:operationToEnqueue:error:] (in Xcode3Core)
 12   -[Xcode3CommandLineBuildTool doBuildForBuildAction:timingSection:colorize:colorizeFailure:error:] (in Xcode3Core)
 13   -[Xcode3CommandLineBuildTool _buildWithTimingSection:] (in Xcode3Core)
 14   -[Xcode3CommandLineBuildTool run] (in Xcode3Core)
 15   XcodeBuildMain (in libxcodebuildLoader.dylib)
 16   -[XcodebuildPreIDEHandler loadXcode3ProjectSupportAndRunXcode3CommandLineBuildToolWithArguments:] (in xcodebuild)
 17   -[XcodebuildPreIDEHandler runWithArguments:] (in xcodebuild)
 18   main (in xcodebuild)
 19   start (in dyld)

<DVTOperationGroup: 0x886423780; state = AREfc> created at:
  0   -[DVTOperation init] (in DVTFoundation)
  1   -[DVTOperationGroup init] (in DVTFoundation)
  2   +[DVTOperationGroup operationGroupWithSuboperations:] (in DVTFoundation)
  3   -[IDETestSchemeAction testOperationWithSchemeOperationParameters:testManager:buildOperation:buildParameters:schemeCommand:actionRecord:testPlanRunSpecifications:deviceAvailableChecker:outError:actionCallbackBlock:] (in IDEFoundation)
  4   -[IDEScheme(TestSchemeAction) executionOperationForTestSchemeActionWithOperationParameters:command:buildOperationVariantSpecifiers:buildOperationGroup:schemeActionResult:buildParameters:shouldOnlyBuild:runDestination:orderedOperations:schemeActionRecord:deviceAvailableChecker:actionCallbackBlock:error:] (in IDEFoundation)
  5   -[IDEScheme _executionOperationForSchemeOperationParameters:build:onlyBuild:buildParameters:title:buildLog:dontActuallyRunCommands:restorePersistedBuildResults:deviceAvailableChecker:error:actionCallbackBlock:] (in IDEFoundation)
  6   -[IDEScheme(TestSchemeAction) schemeTestActionOperationForSchemeOperationParameters:onlyBuild:buildLog:deviceAvailableChecker:buildParameters:shouldBuild:restorePersistedBuildResults:error:completionBlock:] (in IDEFoundation)
  7   -[IDEScheme buildAndActionTaskForSchemeOperationParameters:shouldBuild:onlyBuild:buildParameters:buildLog:deviceAvailableChecker:restorePersistedBuildResults:dontActuallyRunCommands:error:completionBlock:] (in IDEFoundation)
  8   -[IDEScheme schemeOperationForSchemeOperationParameters:buildLog:overridingProperties:overridingBuildConfiguration:dontActuallyRunCommands:restorePersistedBuildResults:deviceAvailableChecker:error:completionBlock:] (in IDEFoundation)
  9   -[IDEScheme schemeOperationForSchemeOperationParameters:buildLog:overridingProperties:overridingBuildConfiguration:dontActuallyRunCommands:restorePersistedBuildResults:error:completionBlock:] (in IDEFoundation)
 10   -[Xcode3CommandLineBuildTool(TestSchemeAction) buildForTestSchemeCommandWantsSkip:buildAction:isProjectBuild:title:buildLog:isMoreDestinationsPending:runDestinations:runDestination:schemeCommand:executionEnvironment:restorePersistedBuildResults:operationToEnqueue:error:] (in Xcode3Core)
 11   -[Xcode3CommandLineBuildTool doSchemeBuildWithRunDestinations:runDestinationIdx:wantsSkip:buildActionTimingSection:timingSection:buildAction:isMoreDesinationsPending:actionResultBlock:title:buildLog:executionEnvironment:restorePersistedBuildResults:operationToEnqueue:error:] (in Xcode3Core)
 12   -[Xcode3CommandLineBuildTool doBuildForBuildAction:timingSection:colorize:colorizeFailure:error:] (in Xcode3Core)
 13   -[Xcode3CommandLineBuildTool _buildWithTimingSection:] (in Xcode3Core)
 14   -[Xcode3CommandLineBuildTool run] (in Xcode3Core)
 15   XcodeBuildMain (in libxcodebuildLoader.dylib)
 16   -[XcodebuildPreIDEHandler loadXcode3ProjectSupportAndRunXcode3CommandLineBuildToolWithArguments:] (in xcodebuild)
 17   -[XcodebuildPreIDEHandler runWithArguments:] (in xcodebuild)
 18   main (in xcodebuild)
 19   start (in dyld)

<DVTOperationGroup: 0x886423900; state = AREfc> created at:
  0   -[DVTOperation init] (in DVTFoundation)
  1   -[DVTOperationGroup init] (in DVTFoundation)
  2   +[DVTOperationGroup operationGroupWithSuboperations:] (in DVTFoundation)
  3   -[IDETestSchemeAction testOperationWithSchemeOperationParameters:testManager:buildOperation:buildParameters:schemeCommand:actionRecord:testPlanRunSpecifications:deviceAvailableChecker:outError:actionCallbackBlock:] (in IDEFoundation)
  4   -[IDEScheme(TestSchemeAction) executionOperationForTestSchemeActionWithOperationParameters:command:buildOperationVariantSpecifiers:buildOperationGroup:schemeActionResult:buildParameters:shouldOnlyBuild:runDestination:orderedOperations:schemeActionRecord:deviceAvailableChecker:actionCallbackBlock:error:] (in IDEFoundation)
  5   -[IDEScheme _executionOperationForSchemeOperationParameters:build:onlyBuild:buildParameters:title:buildLog:dontActuallyRunCommands:restorePersistedBuildResults:deviceAvailableChecker:error:actionCallbackBlock:] (in IDEFoundation)
  6   -[IDEScheme(TestSchemeAction) schemeTestActionOperationForSchemeOperationParameters:onlyBuild:buildLog:deviceAvailableChecker:buildParameters:shouldBuild:restorePersistedBuildResults:error:completionBlock:] (in IDEFoundation)
  7   -[IDEScheme buildAndActionTaskForSchemeOperationParameters:shouldBuild:onlyBuild:buildParameters:buildLog:deviceAvailableChecker:restorePersistedBuildResults:dontActuallyRunCommands:error:completionBlock:] (in IDEFoundation)
  8   -[IDEScheme schemeOperationForSchemeOperationParameters:buildLog:overridingProperties:overridingBuildConfiguration:dontActuallyRunCommands:restorePersistedBuildResults:deviceAvailableChecker:error:completionBlock:] (in IDEFoundation)
  9   -[IDEScheme schemeOperationForSchemeOperationParameters:buildLog:overridingProperties:overridingBuildConfiguration:dontActuallyRunCommands:restorePersistedBuildResults:error:completionBlock:] (in IDEFoundation)
 10   -[Xcode3CommandLineBuildTool(TestSchemeAction) buildForTestSchemeCommandWantsSkip:buildAction:isProjectBuild:title:buildLog:isMoreDestinationsPending:runDestinations:runDestination:schemeCommand:executionEnvironment:restorePersistedBuildResults:operationToEnqueue:error:] (in Xcode3Core)
 11   -[Xcode3CommandLineBuildTool doSchemeBuildWithRunDestinations:runDestinationIdx:wantsSkip:buildActionTimingSection:timingSection:buildAction:isMoreDesinationsPending:actionResultBlock:title:buildLog:executionEnvironment:restorePersistedBuildResults:operationToEnqueue:error:] (in Xcode3Core)
 12   -[Xcode3CommandLineBuildTool doBuildForBuildAction:timingSection:colorize:colorizeFailure:error:] (in Xcode3Core)
 13   -[Xcode3CommandLineBuildTool _buildWithTimingSection:] (in Xcode3Core)
 14   -[Xcode3CommandLineBuildTool run] (in Xcode3Core)
 15   XcodeBuildMain (in libxcodebuildLoader.dylib)
 16   -[XcodebuildPreIDEHandler loadXcode3ProjectSupportAndRunXcode3CommandLineBuildToolWithArguments:] (in xcodebuild)
 17   -[XcodebuildPreIDEHandler runWithArguments:] (in xcodebuild)
 18   main (in xcodebuild)
 19   start (in dyld)

<DVTOperationGroup: 0x886423a80; state = AREfc> created at:
  0   -[DVTOperation init] (in DVTFoundation)
  1   -[DVTOperationGroup init] (in DVTFoundation)
  2   +[DVTOperationGroup operationGroupWithSuboperations:] (in DVTFoundation)
  3   -[IDETestSchemeAction testOperationWithSchemeOperationParameters:testManager:buildOperation:buildParameters:schemeCommand:actionRecord:testPlanRunSpecifications:deviceAvailableChecker:outError:actionCallbackBlock:] (in IDEFoundation)
  4   -[IDEScheme(TestSchemeAction) executionOperationForTestSchemeActionWithOperationParameters:command:buildOperationVariantSpecifiers:buildOperationGroup:schemeActionResult:buildParameters:shouldOnlyBuild:runDestination:orderedOperations:schemeActionRecord:deviceAvailableChecker:actionCallbackBlock:error:] (in IDEFoundation)
  5   -[IDEScheme _executionOperationForSchemeOperationParameters:build:onlyBuild:buildParameters:title:buildLog:dontActuallyRunCommands:restorePersistedBuildResults:deviceAvailableChecker:error:actionCallbackBlock:] (in IDEFoundation)
  6   -[IDEScheme(TestSchemeAction) schemeTestActionOperationForSchemeOperationParameters:onlyBuild:buildLog:deviceAvailableChecker:buildParameters:shouldBuild:restorePersistedBuildResults:error:completionBlock:] (in IDEFoundation)
  7   -[IDEScheme buildAndActionTaskForSchemeOperationParameters:shouldBuild:onlyBuild:buildParameters:buildLog:deviceAvailableChecker:restorePersistedBuildResults:dontActuallyRunCommands:error:completionBlock:] (in IDEFoundation)
  8   -[IDEScheme schemeOperationForSchemeOperationParameters:buildLog:overridingProperties:overridingBuildConfiguration:dontActuallyRunCommands:restorePersistedBuildResults:deviceAvailableChecker:error:completionBlock:] (in IDEFoundation)
  9   -[IDEScheme schemeOperationForSchemeOperationParameters:buildLog:overridingProperties:overridingBuildConfiguration:dontActuallyRunCommands:restorePersistedBuildResults:error:completionBlock:] (in IDEFoundation)
 10   -[Xcode3CommandLineBuildTool(TestSchemeAction) buildForTestSchemeCommandWantsSkip:buildAction:isProjectBuild:title:buildLog:isMoreDestinationsPending:runDestinations:runDestination:schemeCommand:executionEnvironment:restorePersistedBuildResults:operationToEnqueue:error:] (in Xcode3Core)
 11   -[Xcode3CommandLineBuildTool doSchemeBuildWithRunDestinations:runDestinationIdx:wantsSkip:buildActionTimingSection:timingSection:buildAction:isMoreDesinationsPending:actionResultBlock:title:buildLog:executionEnvironment:restorePersistedBuildResults:operationToEnqueue:error:] (in Xcode3Core)
 12   -[Xcode3CommandLineBuildTool doBuildForBuildAction:timingSection:colorize:colorizeFailure:error:] (in Xcode3Core)
 13   -[Xcode3CommandLineBuildTool _buildWithTimingSection:] (in Xcode3Core)
 14   -[Xcode3CommandLineBuildTool run] (in Xcode3Core)
 15   XcodeBuildMain (in libxcodebuildLoader.dylib)
 16   -[XcodebuildPreIDEHandler loadXcode3ProjectSupportAndRunXcode3CommandLineBuildToolWithArguments:] (in xcodebuild)
 17   -[XcodebuildPreIDEHandler runWithArguments:] (in xcodebuild)
 18   main (in xcodebuild)
 19   start (in dyld)

<DVTOperation: 0x883c3be80; state = arefc> created at:
  0   -[DVTOperation init] (in DVTFoundation)
  1   +[DVTOperation(DVTConveniences) operationWithBlock:] (in DVTFoundation)
  2   -[IDESchemeAction setUpActionDependenciesForCorePhaseOperation:shouldRunPostActionsBlock:prePhaseEnvironmentPopulationBlock:postPhaseEnvironmentPopulationBlock:handlePreActionsActivityLogSection:handlePostActionsActivityLogSection:buildParameters:schemeActionResultOperation:error:] (in IDEFoundation)
  3   -[IDETestSchemeAction testOperationWithSchemeOperationParameters:testManager:buildOperation:buildParameters:schemeCommand:actionRecord:testPlanRunSpecifications:deviceAvailableChecker:outError:actionCallbackBlock:] (in IDEFoundation)
  4   -[IDEScheme(TestSchemeAction) executionOperationForTestSchemeActionWithOperationParameters:command:buildOperationVariantSpecifiers:buildOperationGroup:schemeActionResult:buildParameters:shouldOnlyBuild:runDestination:orderedOperations:schemeActionRecord:deviceAvailableChecker:actionCallbackBlock:error:] (in IDEFoundation)
  5   -[IDEScheme _executionOperationForSchemeOperationParameters:build:onlyBuild:buildParameters:title:buildLog:dontActuallyRunCommands:restorePersistedBuildResults:deviceAvailableChecker:error:actionCallbackBlock:] (in IDEFoundation)
  6   -[IDEScheme(TestSchemeAction) schemeTestActionOperationForSchemeOperationParameters:onlyBuild:buildLog:deviceAvailableChecker:buildParameters:shouldBuild:restorePersistedBuildResults:error:completionBlock:] (in IDEFoundation)
  7   -[IDEScheme buildAndActionTaskForSchemeOperationParameters:shouldBuild:onlyBuild:buildParameters:buildLog:deviceAvailableChecker:restorePersistedBuildResults:dontActuallyRunCommands:error:completionBlock:] (in IDEFoundation)
  8   -[IDEScheme schemeOperationForSchemeOperationParameters:buildLog:overridingProperties:overridingBuildConfiguration:dontActuallyRunCommands:restorePersistedBuildResults:deviceAvailableChecker:error:completionBlock:] (in IDEFoundation)
  9   -[IDEScheme schemeOperationForSchemeOperationParameters:buildLog:overridingProperties:overridingBuildConfiguration:dontActuallyRunCommands:restorePersistedBuildResults:error:completionBlock:] (in IDEFoundation)
 10   -[Xcode3CommandLineBuildTool(TestSchemeAction) buildForTestSchemeCommandWantsSkip:buildAction:isProjectBuild:title:buildLog:isMoreDestinationsPending:runDestinations:runDestination:schemeCommand:executionEnvironment:restorePersistedBuildResults:operationToEnqueue:error:] (in Xcode3Core)
 11   -[Xcode3CommandLineBuildTool doSchemeBuildWithRunDestinations:runDestinationIdx:wantsSkip:buildActionTimingSection:timingSection:buildAction:isMoreDesinationsPending:actionResultBlock:title:buildLog:executionEnvironment:restorePersistedBuildResults:operationToEnqueue:error:] (in Xcode3Core)
 12   -[Xcode3CommandLineBuildTool doBuildForBuildAction:timingSection:colorize:colorizeFailure:error:] (in Xcode3Core)
 13   -[Xcode3CommandLineBuildTool _buildWithTimingSection:] (in Xcode3Core)
 14   -[Xcode3CommandLineBuildTool run] (in Xcode3Core)
 15   XcodeBuildMain (in libxcodebuildLoader.dylib)
 16   -[XcodebuildPreIDEHandler loadXcode3ProjectSupportAndRunXcode3CommandLineBuildToolWithArguments:] (in xcodebuild)
 17   -[XcodebuildPreIDEHandler runWithArguments:] (in xcodebuild)
 18   main (in xcodebuild)
 19   start (in dyld)

<DVTOperationGroup: 0x886422700; state = AREf!c> created at:
  0   -[DVTOperation init] (in DVTFoundation)
  1   -[DVTOperationGroup init] (in DVTFoundation)
  2   -[IDETestRunSession testOperationForTestRunSpecificationGroups:executionEnvironment:invocationRecord:actionRecord:schemeIdentifier:outSchemeActionResultOperation:launchParametersBlock:actionCallbackBlock:error:] (in IDEFoundation)
  3   -[IDETestManager testOperationForTestRunSpecificationGroups:executionEnvironment:runDestinationPool:invocationRecord:actionRecord:schemeIdentifier:outSchemeActionResultOperation:launchParametersBlock:actionCallbackBlock:error:] (in IDEFoundation)
  4   -[IDETestSchemeAction testOperationWithSchemeOperationParameters:testManager:buildOperation:buildParameters:schemeCommand:actionRecord:testPlanRunSpecifications:deviceAvailableChecker:outError:actionCallbackBlock:] (in IDEFoundation)
  5   -[IDEScheme(TestSchemeAction) executionOperationForTestSchemeActionWithOperationParameters:command:buildOperationVariantSpecifiers:buildOperationGroup:schemeActionResult:buildParameters:shouldOnlyBuild:runDestination:orderedOperations:schemeActionRecord:deviceAvailableChecker:actionCallbackBlock:error:] (in IDEFoundation)
  6   -[IDEScheme _executionOperationForSchemeOperationParameters:build:onlyBuild:buildParameters:title:buildLog:dontActuallyRunCommands:restorePersistedBuildResults:deviceAvailableChecker:error:actionCallbackBlock:] (in IDEFoundation)
  7   -[IDEScheme(TestSchemeAction) schemeTestActionOperationForSchemeOperationParameters:onlyBuild:buildLog:deviceAvailableChecker:buildParameters:shouldBuild:restorePersistedBuildResults:error:completionBlock:] (in IDEFoundation)
  8   -[IDEScheme buildAndActionTaskForSchemeOperationParameters:shouldBuild:onlyBuild:buildParameters:buildLog:deviceAvailableChecker:restorePersistedBuildResults:dontActuallyRunCommands:error:completionBlock:] (in IDEFoundation)
  9   -[IDEScheme schemeOperationForSchemeOperationParameters:buildLog:overridingProperties:overridingBuildConfiguration:dontActuallyRunCommands:restorePersistedBuildResults:deviceAvailableChecker:error:com    t =     6.49s     Synthesize event
pletionBlock:] (in IDEFoundation)
 10   -[IDEScheme schemeOperationForSchemeOperationParameters:buildLog:overridingProperties:overridingBuildConfiguration:dontActuallyRunCommands:restorePersistedBuildResults:error:completionBlock:] (in IDEFoundation)
 11   -[Xcode3CommandLineBuildTool(TestSchemeAction) buildForTestSchemeCommandWantsSkip:buildAction:isProjectBuild:title:buildLog:isMoreDestinationsPending:runDestinations:runDestination:schemeCommand:executionEnvironment:restorePersistedBuildResults:operationToEnqueue:error:] (in Xcode3Core)
 12   -[Xcode3CommandLineBuildTool doSchemeBuildWithRunDestinations:runDestinationIdx:wantsSkip:buildActionTimingSection:timingSection:buildAction:isMoreDesinationsPending:actionResultBlock:title:buildLog:executionEnvironment:restorePersistedBuildResults:operationToEnqueue:error:] (in Xcode3Core)
 13   -[Xcode3CommandLineBuildTool doBuildForBuildAction:timingSection:colorize:colorizeFailure:error:] (in Xcode3Core)
 14   -[Xcode3CommandLineBuildTool _buildWithTimingSection:] (in Xcode3Core)
 15   -[Xcode3CommandLineBuildTool run] (in Xcode3Core)
 16   XcodeBuildMain (in libxcodebuildLoader.dylib)
 17   -[XcodebuildPreIDEHandler loadXcode3ProjectSupportAndRunXcode3CommandLineBuildToolWithArguments:] (in xcodebuild)
 18   -[XcodebuildPreIDEHandler runWithArguments:] (in xcodebuild)
 19   main (in xcodebuild)
 20   start (in dyld)

<DVTOperation: 0x883c3b5c0; state = aReFc> created at:
  0   -[DVTOperation init] (in DVTFoundation)
  1   +[DVTOperation(DVTConveniences) operationWithBlock:] (in DVTFoundation)
  2   -[IDETestRunSession testOperationForTestRunSpecificationGroups:executionEnvironment:invocationRecord:actionRecord:schemeIdentifier:outSchemeActionResultOperation:launchParametersBlock:actionCallbackBlock:error:] (in IDEFoundation)
  3   -[IDETestManager testOperationForTestRunSpecificationGroups:executionEnvironment:runDestinationPool:invocationRecord:actionRecord:schemeIdentifier:outSchemeActionResultOperation:launchParametersBlock:actionCallbackBlock:error:] (in IDEFoundation)
  4   -[IDETestSchemeAction testOperationWithSchemeOperationParameters:testManager:buildOperation:buildParameters:schemeCommand:actionRecord:testPlanRunSpecifications:deviceAvailableChecker:outError:actionCallbackBlock:] (in IDEFoundation)
  5   -[IDEScheme(TestSchemeAction) executionOperationForTestSchemeActionWithOperationParameters:command:buildOperationVariantSpecifiers:buildOperationGroup:schemeActionResult:buildParameters:shouldOnlyBuild:runDestination:orderedOperations:schemeActionRecord:deviceAvailableChecker:actionCallbackBlock:error:] (in IDEFoundation)
  6   -[IDEScheme _executionOperationForSchemeOperationParameters:build:onlyBuild:buildParameters:title:buildLog:dontActuallyRunCommands:restorePersistedBuildResults:deviceAvailableChecker:error:actionCallbackBlock:] (in IDEFoundation)
  7   -[IDEScheme(TestSchemeAction) schemeTestActionOperationForSchemeOperationParameters:onlyBuild:buildLog:deviceAvailableChecker:buildParameters:shouldBuild:restorePersistedBuildResults:error:completionBlock:] (in IDEFoundation)
  8   -[IDEScheme buildAndActionTaskForSchemeOperationParameters:shouldBuild:onlyBuild:buildParameters:buildLog:deviceAvailableChecker:restorePersistedBuildResults:dontActuallyRunCommands:error:completionBlock:] (in IDEFoundation)
  9   -[IDEScheme schemeOperationForSchemeOperationParameters:buildLog:overridingProperties:overridingBuildConfiguration:dontActuallyRunCommands:restorePersistedBuildResults:deviceAvailableChecker:error:completionBlock:] (in IDEFoundation)
 10   -[IDEScheme schemeOperationForSchemeOperationParameters:buildLog:overridingProperties:overridingBuildConfiguration:dontActuallyRunCommands:restorePersistedBuildResults:error:completionBlock:] (in IDEFoundation)
 11   -[Xcode3CommandLineBuildTool(TestSchemeAction) buildForTestSchemeCommandWantsSkip:buildAction:isProjectBuild:title:buildLog:isMoreDestinationsPending:runDestinations:runDestination:schemeCommand:executionEnvironment:restorePersistedBuildResults:operationToEnqueue:error:] (in Xcode3Core)
 12   -[Xcode3CommandLineBuildTool doSchemeBuildWithRunDestinations:runDestinationIdx:wantsSkip:buildActionTimingSection:timingSection:buildAction:isMoreDesinationsPending:actionResultBlock:title:buildLog:executionEnvironment:restorePersistedBuildResults:operationToEnqueue:error:] (in Xcode3Core)
 13   -[Xcode3CommandLineBuildTool doBuildForBuildAction:timingSection:colorize:colorizeFailure:error:] (in Xcode3Core)
 14   -[Xcode3CommandLineBuildTool _buildWithTimingSection:] (in Xcode3Core)
 15   -[Xcode3CommandLineBuildTool run] (in Xcode3Core)
 16   XcodeBuildMain (in libxcodebuildLoader.dylib)
 17   -[XcodebuildPreIDEHandler loadXcode3ProjectSupportAndRunXcode3CommandLineBuildToolWithArguments:] (in xcodebuild)
 18   -[XcodebuildPreIDEHandler runWithArguments:] (in xcodebuild)
 19   main (in xcodebuild)
 20   start (in dyld)

<IDERunOperation: 0x886301800; state = aReF!c> created at:
  0   -[DVTOperation init] (in DVTFoundation)
  1   -[IDERunOperation initWithWorker:] (in IDEFoundation)
  2   +[IDETestRunnerLaunchOperationFactory testRunOperationWithLaunchParameters:testRunSpecification:testConfiguration:executionEnvironment:schemeActionRecord:runDestination:localDeviceRunDestination:error:] (in IDEFoundation)
  3   __110+[IDETestRunnerLaunchOperationFactory makeLaunchOperationProviderWithExecutionEnvironment:schemeActionRecord:]_block_invoke (in IDEFoundation)
  4   thunk for @escaping @callee_unowned @convention(block) (@unowned XCTHRunDestination, @unowned XCTHTestRunSpecification, @unowned XCTestConfiguration, @unowned XCTHLaunchParameters, @unowned AutoreleasingUnsafeMutablePointer<NSError?>?) -> (@autoreleased (NSOperation & XCTHRunOperation)?) (in XCTHarness)
  5   thunk for @escaping @callee_guaranteed (@guaranteed XCTHRunDestination, @guaranteed XCTHTestRunSpecification, @guaranteed XCTestConfiguration, @guaranteed XCTHLaunchParameters, @unowned AutoreleasingUnsafeMutablePointer<NSError?>?) -> (@owned (NSOperation & XCTHRunOperation)?) (in XCTHarness)
  6   -[XCTHTestRunner _testRunOperationWithError:] (in XCTHarness)
  7   -[XCTHTestRunner _addTestRunOperation:] (in XCTHarness)
  8   -[XCTHTestRunner willFinishWithResult:sessionState:] (in XCTHarness)
  9   __63-[XCTHTestOperationCoordinator _reportFinishToRunnerWithError:]_block_invoke_2 (in XCTHarness)
 10   -[XCTHTestOperationCoordinator _flushDelegateBlockQueue] (in XCTHarness)
 11   __331-[XCTHTestOperationCoordinator initWithTestRunOperation:testRunnerSessionProvider:stateMachineProvider:targetAppLaunchCoordinator:testRunSpecification:runnerArtifactsDirectory:daemonController:activityReporter:logger:selfDiagnosisIssueHandler:sourceCodeLocationProvider:initializedForUserInteraction:delegate:symbolicationService:]_block_invoke.71 (in XCTHarness)
 12   XCTHBlockOutputStream.finish() (in XCTHarness)
 13   @objc XCTHBlockOutputStream.finish() (in XCTHarness)
 14   XCTHMultiOutputStream.finish() (in XCTHarness)
 15   @objc XCTHMultiOutputStream.finish() (in XCTHarness)
 16   specialized closure #1 in XCTHWrappedLaunchSession.launchSessionAddedConsoleAdaptor<A>(_:) (in XCTHarness)
 17   closure #1 in _KeyValueCodingAndObserving.observe<A>(_:options:changeHandler:) (in Foundation)
 18   specialized NSKeyValueObservation.Helper._swizzle_me_observeValue(forKeyPath:of:change:context:) (in Foundation)
 19   @objc NSKeyValueObservation.Helper._swizzle_me_observeValue(forKeyPath:of:change:context:) (in Foundation)
 20   NSKeyValueNotifyObserver (in Foundation)
 21   NSKeyValueDidChange (in Foundation)
 22   -[NSObject(NSKeyValueObservingPrivate) _changeValueForKeys:count:maybeOldValuesDict:maybeNewValuesDict:usingBlock:] (in Foundation)
 23   -[NSObject(NSKeyValueObservingPrivate) _changeValueForKey:key:key:usingBlock:] (in Foundation)
 24   _NSSetBoolValueAndNotify (in Foundation)
 25   __33-[IDEConsoleAdaptor _makeExpired]_block_invoke (in IDEFoundation)
 26   __DVT_CALLING_CLIENT_BLOCK__ (in DVTFoundation)
 27   ___DVTAsyncPerformBlockOnMainRunLoop_block_invoke (in DVTFoundation)
 28   __CFRUNLOOP_IS_CALLING_OUT_TO_A_BLOCK__ (in CoreFoundation)
 29   __CFRunLoopDoBlocks (in CoreFoundation)
 30   __CFRunLoopRun (in CoreFoundation)
 31   _CFRunLoopRunSpecificWithOptions (in CoreFoundation)
 32   CFRunLoopRun (in CoreFoundation)
 33   -[Xcode3CommandLineBuildTool waitForBuildWithBuildLog:buildActionTimingSection:executionEnvironment:title:operationToEnqueue:error:] (in Xcode3Core)
 34   -[Xcode3CommandLineBuildTool doBuildForBuildAction:timingSection:colorize:colorizeFailure:error:] (in Xcode3Core)
 35   -[Xcode3CommandLineBuildTool _buildWithTimingSection:] (in Xcode3Core)
 36   -[Xcode3CommandLineBuildTool run] (in Xcode3Core)
 37   XcodeBuildMain (in libxcodebuildLoader.dylib)
 38   -[XcodebuildPreIDEHandler loadXcode3ProjectSupportAndRunXcode3CommandLineBuildToolWithArguments:] (in xcodebuild)
 39   -[XcodebuildPreIDEHandler runWithArguments:] (in xcodebuild)
 40   main (in xcodebuild)
 41   start (in dyld)

<DVTOperation: 0x883c3bac0; state = aReFc> created at:
  0   -[DVTOperation init] (in DVTFoundation)
  1   +[DVTOperation(DVTConveniences) operationWithBlock:] (in DVTFoundation)
  2   -[IDESchemeAction setUpActionDependenciesForCorePhaseOperation:shouldRunPostActionsBlock:prePhaseEnvironmentPopulationBlock:postPhaseEnvironmentPopulationBlock:handlePreActionsActivityLogSection:handlePostActionsActivityLogSection:buildParameters:schemeActionResultOperation:error:] (in IDEFoundation)
  3   -[IDETestSchemeAction testOperationWithSchemeOperationParameters:testManager:buildOperation:buildParameters:schemeCommand:actionRecord:testPlanRunSpecifications:deviceAvailableChecker:outError:actionCallbackBlock:] (in IDEFoundation)
  4   -[IDEScheme(TestSchemeAction) executionOperationForTestSchemeActionWithOperationParameters:command:buildOperationVariantSpecifiers:buildOperationGroup:schemeActionResult:buildParameters:shouldOnlyBuild:runDestination:orderedOperations:schemeActionRecord:deviceAvailableChecker:actionCallbackBlock:error:] (in IDEFoundation)
  5   -[IDEScheme _executionOperationForSchemeOperationParameters:build:onlyBuild:buildParameters:title:buildLog:dontActuallyRunCommands:restorePersistedBuildResults:deviceAvailableChecker:error:actionCallbackBlock:] (in IDEFoundation)
  6   -[IDEScheme(TestSchemeAction) schemeTestActionOperationForSchemeOperationParameters:onlyBuild:buildLog:deviceAvailableChecker:buildParameters:shouldBuild:restorePersistedBuildResults:error:completionBlock:] (in IDEFoundation)
  7   -[IDEScheme buildAndActionTaskForSchemeOperationParameters:shouldBuild:onlyBuild:buildParameters:buildLog:deviceAvailableChecker:restorePersistedBuildResults:dontActuallyRunCommands:error:completionBlock:] (in IDEFoundation)
  8   -[IDEScheme schemeOperationForSchemeOperationParameters:buildLog:overridingProperties:overridingBuildConfiguration:dontActuallyRunCommands:restorePersistedBuildResults:deviceAvailableChecker:error:completionBlock:] (in IDEFoundation)
  9   -[IDEScheme schemeOperationForSchemeOperationParameters:buildLog:overridingProperties:overridingBuildConfiguration:dontActuallyRunCommands:restorePersistedBuildResults:error:completionBlock:] (in IDEFoundation)
 10   -[Xcode3CommandLineBuildTool(TestSchemeAction) buildForTestSchemeCommandWantsSkip:buildAction:isProjectBuild:title:buildLog:isMoreDestinationsPending:runDestinations:runDestination:schemeCommand:executionEnvironment:restorePersistedBuildResults:operationToEnqueue:error:] (in Xcode3Core)
 11   -[Xcode3CommandLineBuildTool doSchemeBuildWithRunDestinations:runDestinationIdx:wantsSkip:buildActionTimingSection:timingSection:buildAction:isMoreDesinationsPending:actionResultBlock:title:buildLog:executionEnvironment:restorePersistedBuildResults:operationToEnqueue:error:] (in Xcode3Core)
 12   -[Xcode3CommandLineBuildTool doBuildForBuildAction:timingSection:colorize:colorizeFailure:error:] (in Xcode3Core)
 13   -[Xcode3CommandLineBuildTool _buildWithTimingSection:] (in Xcode3Core)
 14   -[Xcode3CommandLineBuildTool run] (in Xcode3Core)
 15   XcodeBuildMain (in libxcodebuildLoader.dylib)
 16   -[XcodebuildPreIDEHandler loadXcode3ProjectSupportAndRunXcode3CommandLineBuildToolWithArguments:] (in xcodebuild)
 17   -[XcodebuildPreIDEHandler runWithArguments:] (in xcodebuild)
 18   main (in xcodebuild)
 19   start (in dyld)

<IDESchemeActionResultOperation: 0x886422d00; state = Arefc> created at:
  0   -[DVTOperation init] (in DVTFoundation)
  1   +[IDESchemeActionResultOperation schemeActionResultOperationWithSchemeActionRecord:trackingExecutionOfOperation:actionCallbackBlock:schemeActionResultComputationBlock:] (in IDEFoundation)
  2   -[IDETestRunSession testOperationForTestRunSpecificationGroups:executionEnvironment:invocationRecord:actionRecord:schemeIdentifier:outSchemeActionResultOperation:launchParametersBlock:actionCallbackBlock:error:] (in IDEFoundation)
  3   -[IDETestManager testOperationForTestRunSpecificationGroups:executionEnvironment:runDestinationPool:invocationRecord:actionRecord:schemeIdentifier:outSchemeActionResultOperation:launchParametersBlock:actionCallbackBlock:error:] (in IDEFoundation)
  4   -[IDETestSchemeAction testOperationWithSchemeOperationParameters:testManager:buildOperation:buildParameters:schemeCommand:actionRecord:testPlanRunSpecifications:deviceAvailableChecker:outError:actionCallbackBlock:] (in IDEFoundation)
  5   -[IDEScheme(TestSchemeAction) executionOperationForTestSchemeActionWithOperationParameters:command:buildOperationVariantSpecifiers:buildOperationGroup:schemeActionResult:buildParameters:shouldOnlyBuild:runDestination:orderedOperations:schemeActionRecord:deviceAvailableChecker:actionCallbackBlock:error:] (in IDEFoundation)
  6   -[IDEScheme _executionOperationForSchemeOperationParameters:build:onlyBuild:buildParameters:title:buildLog:dontActuallyRunCommands:restorePersistedBuildResults:deviceAvailableChecker:error:actionCallbackBlock:] (in IDEFoundation)
  7   -[IDEScheme(TestSchemeAction) schemeTestActionOperationForSchemeOperationParameters:onlyBuild:buildLog:deviceAvailableChecker:buildParameters:shouldBuild:restorePersistedBuildResults:error:completionBlock:] (in IDEFoundation)
  8   -[IDEScheme buildAndActionTaskForSchemeOperationParameters:shouldBuild:onlyBuild:buildParameters:buildLog:deviceAvailableChecker:restorePersistedBuildResults:dontActuallyRunCommands:error:completionBlock:] (in IDEFoundation)
  9   -[IDEScheme schemeOperationForSchemeOperationParameters:buildLog:overridingProperties:overridingBuildConfiguration:dontActuallyRunCommands:restorePersistedBuildResults:deviceAvailableChecker:error:completionBlock:] (in IDEFoundation)
 10   -[IDEScheme schemeOperationForSchemeOperationParameters:buildLog:overridingProperties:overridingBuildConfiguration:dontActuallyRunCommands:restorePersistedBuildResults:error:completionBlock:] (in IDEFoundation)
 11   -[Xcode3CommandLineBuildTool(TestSchemeAction) buildForTestSchemeCommandWantsSkip:buildAction:isProjectBuild:title:buildLog:isMoreDestinationsPending:runDestinations:runDestination:schemeCommand:executionEnvironment:restorePersistedBuildResults:operationToEnqueue:error:] (in Xcode3Core)
 12   -[Xcode3CommandLineBuildTool doSchemeBuildWithRunDestinations:runDestinationIdx:wantsSkip:buildActionTimingSection:timingSection:buildAction:isMoreDesinationsPending:actionResultBlock:title:buildLog:executionEnvironment:restorePersistedBuildResults:operationToEnqueue:error:] (in Xcode3Core)
 13   -[Xcode3CommandLineBuildTool doBuildForBuildAction:timingSection:colorize:colorizeFailure:error:] (in Xcode3Core)
 14   -[Xcode3CommandLineBuildTool _buildWithTimingSection:] (in Xcode3Core)
 15   -[Xcode3CommandLineBuildTool run] (in Xcode3Core)
 16   XcodeBuildMain (in libxcodebuildLoader.dylib)
 17   -[XcodebuildPreIDEHandler loadXcode3ProjectSupportAndRunXcode3CommandLineBuildToolWithArguments:] (in xcodebuild)
 18   -[XcodebuildPreIDEHandler runWithArguments:] (in xcodebuild)
 19   main (in xcodebuild)
 20   start (in dyld)

<__DVTSwiftAsyncOperation: 0x886423300; state = AReFc> created at:
  0   -[DVTOperation init] (in DVTFoundation)
  1   @objc DVTAsyncOperation.init() (in DVTFoundation)
  2   static DVTOperation.awaiting(_:) (in DVTFoundation)
  3   @objc static IDESchemeAction.operationToWaitForFinishedLoadingOperation(of:) (in IDEFoundation)
  4   -[IDESchemeAction _setUpOperationsForPackageLoadingInWorkspace:handlePreActionsActivityLogSection:isCleanOperation:] (in IDEFoundation)
  5   -[IDESchemeAction setUpActionDependenciesForCorePhaseOperation:shouldRunPostActionsBlock:prePhaseEnvironmentPopulationBlock:postPhaseEnvironmentPopulationBlock:handlePreActionsActivityLogSection:handlePostActionsActivityLogSection:buildParameters:schemeActionResultOperation:error:] (in IDEFoundation)
  6   -[IDETestSchemeAction testOperationWithSchemeOperationParameters:testManager:buildOperation:buildParameters:schemeCommand:actionRecord:testPlanRunSpecifications:deviceAvailableChecker:outError:actionCallbackBlock:] (in IDEFoundation)
  7   -[IDEScheme(TestSchemeAction) executionOperationForTestSchemeActionWithOperationParameters:command:buildOperationVariantSpecifiers:buildOperationGroup:schemeActionResult:buildParameters:shouldOnlyBuild:runDestination:orderedOperations:schemeActionRecord:deviceAvailableChecker:actionCallbackBlock:error:] (in IDEFoundation)
  8   -[IDEScheme _executionOperationForSchemeOperationParameters:build:onlyBuild:buildParameters:title:buildLog:dontActuallyRunCommands:restorePersistedBuildResults:deviceAvailableChecker:error:actionCallbackBlock:] (in IDEFoundation)
  9   -[IDEScheme(TestSchemeAction) schemeTestActionOperationForSchemeOperationParameters:onlyBuild:buildLog:deviceAvailableChecker:buildParameters:shouldBuild:restorePersistedBuildResults:error:completionBlock:] (in IDEFoundation)
 10   -[IDEScheme buildAndActionTaskForSchemeOperationParameters:shouldBuild:onlyBuild:buildParameters:buildLog:deviceAvailableChecker:restorePersistedBuildResults:dontActuallyRunCommands:error:completionBlock:] (in IDEFoundation)
 11   -[IDEScheme schemeOperationForSchemeOperationParameters:buildLog:overridingProperties:overridingBuildConfiguration:dontActuallyRunCommands:restorePersistedBuildResults:deviceAvailableChecker:error:completionBlock:] (in IDEFoundation)
 12   -[IDEScheme schemeOperationForSchemeOperationParameters:buildLog:overridingProperties:overridingBuildConfiguration:dontActuallyRunCommands:restorePersistedBuildResults:error:completionBlock:] (in IDEFoundation)
 13   -[Xcode3CommandLineBuildTool(TestSchemeAction) buildForTestSchemeCommandWantsSkip:buildAction:isProjectBuild:title:buildLog:isMoreDestinationsPending:runDestinations:runDestination:schemeCommand:executionEnvironment:restorePersistedBuildResults:operationToEnqueue:error:] (in Xcode3Core)
 14   -[Xcode3CommandLineBuildTool doSchemeBuildWithRunDestinations:runDestinationIdx:wantsSkip:buildActionTimingSection:timingSection:buildAction:isMoreDesinationsPending:actionResultBlock:title:buildLog:executionEnvironment:restorePersistedBuildResults:operationToEnqueue:error:] (in Xcode3Core)
 15   -[Xcode3CommandLineBuildTool doBuildForBuildAction:timingSection:colorize:colorizeFailure:error:] (in Xcode3Core)
 16   -[Xcode3CommandLineBuildTool _buildWithTimingSection:] (in Xcode3Core)
 17   -[Xcode3CommandLineBuildTool run] (in Xcode3Core)
 18   XcodeBuildMain (in libxcodebuildLoader.dylib)
 19   -[XcodebuildPreIDEHandler loadXcode3ProjectSupportAndRunXcode3CommandLineBuildToolWithArguments:] (in xcodebuild)
 20   -[XcodebuildPreIDEHandler runWithArguments:] (in xcodebuild)
 21   main (in xcodebuild)
 22   start (in dyld)

<DVTOperation: 0x883c3bd40; state = arefc> created at:
  0   -[DVTOperation init] (in DVTFoundation)
  1   +[DVTOperation(DVTConveniences) operationWithBlock:] (in DVTFoundation)
  2   -[IDESchemeAction setUpActionDependenciesForCorePhaseOperation:shouldRunPostActionsBlock:prePhaseEnvironmentPopulationBlock:postPhaseEnvironmentPopulationBlock:handlePreActionsActivityLogSection:handlePostActionsActivityLogSection:buildParameters:schemeActionResultOperation:error:] (in IDEFoundation)
  3   -[IDETestSchemeAction testOperationWithSchemeOperationParameters:testManager:buildOperation:buildParameters:schemeCommand:actionRecord:testPlanRunSpecifications:deviceAvailableChecker:outError:actionCallbackBlock:] (in IDEFoundation)
  4   -[IDEScheme(TestSchemeAction) executionOperationForTestSchemeActionWithOperationParameters:command:buildOperationVariantSpecifiers:buildOperationGroup:schemeActionResult:buildParameters:shouldOnlyBuild:runDestination:orderedOperations:schemeActionRecord:deviceAvailableChecker:actionCallbackBlock:error:] (in IDEFoundation)
  5   -[IDEScheme _executionOperationForSchemeOperationParameters:build:onlyBuild:buildParameters:title:buildLog:dontActuallyRunCommands:restorePersistedBuildResults:deviceAvailableChecker:error:actionCallbackBlock:] (in IDEFoundation)
  6   -[IDEScheme(TestSchemeAction) schemeTestActionOperationForSchemeOperationParameters:onlyBuild:buildLog:deviceAvailableChecker:buildParameters:shouldBuild:restorePersistedBuildResults:error:completionBlock:] (in IDEFoundation)
  7   -[IDEScheme buildAndActionTaskForSchemeOperationParameters:shouldBuild:onlyBuild:buildParameters:buildLog:deviceAvailableChecker:restorePersistedBuildResults:dontActuallyRunCommands:error:completionBlock:] (in IDEFoundation)
  8   -[IDEScheme schemeOperationForSchemeOperationParameters:buildLog:overridingProperties:overridingBuildConfiguration:dontActuallyRunCommands:restorePersistedBuildResults:deviceAvailableChecker:error:completionBlock:] (in IDEFoundation)
  9   -[IDEScheme schemeOperationForSchemeOperationParameters:buildLog:overridingProperties:overridingBuildConfiguration:dontActuallyRunCommands:restorePersistedBuildResults:error:completionBlock:] (in IDEFoundation)
 10   -[Xcode3CommandLineBuildTool(TestSchemeAction) buildForTestSchemeCommandWantsSkip:buildAction:isProjectBuild:title:buildLog:isMoreDestinationsPending:runDestinations:runDestination:schemeCommand:executionEnvironment:restorePersistedBuildResults:operationToEnqueue:error:] (in Xcode3Core)
 11   -[Xcode3CommandLineBuildTool doSchemeBuildWithRunDestinations:runDestinationIdx:wantsSkip:buildActionTimingSection:timingSection:buildAction:isMoreDesinationsPending:actionResultBlock:title:buildLog:executionEnvironment:restorePersistedBuildResults:operationToEnqueue:error:] (in Xcode3Core)
 12   -[Xcode3CommandLineBuildTool doBuildForBuildAction:timingSection:colorize:colorizeFailure:error:] (in Xcode3Core)
 13   -[Xcode3CommandLineBuildTool _buildWithTimingSection:] (in Xcode3Core)
 14   -[Xcode3CommandLineBuildTool run] (in Xcode3Core)
 15   XcodeBuildMain (in libxcodebuildLoader.dylib)
 16   -[XcodebuildPreIDEHandler loadXcode3ProjectSupportAndRunXcode3CommandLineBuildToolWithArguments:] (in xcodebuild)
 17   -[XcodebuildPreIDEHandler runWithArguments:] (in xcodebuild)
 18   main (in xcodebuild)
 19   start (in dyld)

<__DVTSwiftAsyncOperation: 0x886423c00; state = AReFc> created at:
  0   -[DVTOperation init] (in DVTFoundation)
  1   @objc DVTAsyncOperation.init() (in DVTFoundation)
  2   @objc static DVTOperation.operationWithMainThreadBlock(_:) (in DVTFoundation)
  3   -[IDESchemeAction _setUpOperationsForPackageLoadingInWorkspace:handlePreActionsActivityLogSection:isCleanOperation:] (in IDEFoundation)
  4   -[IDESchemeAction setUpActionDependenciesForCorePhaseOperation:shouldRunPostActionsBlock:prePhaseEnvironmentPopulationBlock:postPhaseEnvironmentPopulationBlock:handlePreActionsActivityLogSection:handlePostActionsActivityLogSection:buildParameters:schemeActionResultOperation:error:] (in IDEFoundation)
  5   -[IDETestSchemeAction testOperationWithSchemeOperationParameters:testManager:buildOperation:buildParameters:schemeCommand:actionRecord:testPlanRunSpecifications:deviceAvailableChecker:outError:actionCallbackBlock:] (in IDEFoundation)
  6   -[IDEScheme(TestSchemeAction) executionOperationForTestSchemeActionWithOperationParameters:command:buildOperationVariantSpecifiers:buildOperationGroup:schemeActionResult:buildParameters:shouldOnlyBuild:runDestination:orderedOperations:schemeActionRecord:deviceAvailableChecker:actionCallbackBlock:error:] (in IDEFoundation)
  7   -[IDEScheme _executionOperationForSchemeOperationParameters:build:onlyBuild:buildParameters:title:buildLog:dontActuallyRunCommands:restorePersistedBuildResults:deviceAvailableChecker:error:actionCallbackBlock:] (in IDEFoundation)
  8   -[IDEScheme(TestSchemeAction) schemeTestActionOperationForSchemeOperationParameters:onlyBuild:buildLog:deviceAvailableChecker:buildParameters:shouldBuild:restorePersistedBuildResults:error:completionBlock:] (in IDEFoundation)
  9   -[IDEScheme buildAndActionTaskForSchemeOperationParameters:shouldBuild:onlyBuild:buildParameters:buildLog:deviceAvailableChecker:restorePersistedBuildResults:dontActuallyRunCommands:error:completionBlock:] (in IDEFoundation)
 10   -[IDEScheme schemeOperationForSchemeOperationParameters:buildLog:overridingProperties:overridingBuildConfiguration:dontActuallyRunCommands:restorePersistedBuildResults:deviceAvailableChecker:error:completionBlock:] (in IDEFoundation)
 11   -[IDEScheme schemeOperationForSchemeOperationParameters:buildLog:overridingProperties:overridingBuildConfiguration:dontActuallyRunCommands:restorePersistedBuildResults:error:completionBlock:] (in IDEFoundation)
 12   -[Xcode3CommandLineBuildTool(TestSchemeAction) buildForTestSchemeCommandWantsSkip:buildAction:isProjectBuild:title:buildLog:isMoreDestinationsPending:runDestinations:runDestination:schemeCommand:executionEnvironment:restorePersistedBuildResults:operationToEnqueue:error:] (in Xcode3Core)
 13   -[Xcode3CommandLineBuildTool doSchemeBuildWithRunDestinations:runDestinationIdx:wantsSkip:buildActionTimingSection:timingSection:buildAction:isMoreDesinationsPending:actionResultBlock:title:buildLog:executionEnvironment:restorePersistedBuildResults:operationToEnqueue:error:] (in Xcode3Core)
 14   -[Xcode3CommandLineBuildTool doBuildForBuildAction:timingSection:colorize:colorizeFailure:error:] (in Xcode3Core)
 15   -[Xcode3CommandLineBuildTool _buildWithTimingSection:] (in Xcode3Core)
 16   -[Xcode3CommandLineBuildTool run] (in Xcode3Core)
 17   XcodeBuildMain (in libxcodebuildLoader.dylib)
 18   -[XcodebuildPreIDEHandler loadXcode3ProjectSupportAndRunXcode3CommandLineBuildToolWithArguments:] (in xcodebuild)
 19   -[XcodebuildPreIDEHandler runWithArguments:] (in xcodebuild)
 20   main (in xcodebuild)
 21   start (in dyld)

<DVTOperation: 0x883c3bc00; state = aReFc> created at:
  0   -[DVTOperation init] (in DVTFoundation)
  1   +[DVTOperation(DVTConveniences) operationWithBlock:] (in DVTFoundation)
  2   -[IDESchemeAction setUpActionDependenciesForCorePhaseOperation:shouldRunPostActionsBlock:prePhaseEnvironmentPopulationBlock:postPhaseEnvironmentPopulationBlock:handlePreActionsActivityLogSection:handlePostActionsActivityLogSection:buildParameters:schemeActionResultOperation:error:] (in IDEFoundation)
  3   -[IDETestSchemeAction testOperationWithSchemeOperationParameters:testManager:buildOperation:buildParameters:schemeCommand:actionRecord:testPlanRunSpecifications:deviceAvailableChecker:outError:actionCallbackBlock:] (in IDEFoundation)
  4   -[IDEScheme(TestSchemeAction) executionOperationForTestSchemeActionWithOperationParameters:command:buildOperationVariantSpecifiers:buildOperationGroup:schemeActionResult:buildParameters:shouldOnlyBuild:runDestination:orderedOperations:schemeActionRecord:deviceAvailableChecker:actionCallbackBlock:error:] (in IDEFoundation)
  5   -[IDEScheme _executionOperationForSchemeOperationParameters:build:onlyBuild:buildParameters:title:buildLog:dontActuallyRunCommands:restorePersistedBuildResults:deviceAvailableChecker:error:actionCallbackBlock:] (in IDEFoundation)
  6   -[IDEScheme(TestSchemeAction) schemeTestActionOperationForSchemeOperationParameters:onlyBuild:buildLog:deviceAvailableChecker:buildParameters:shouldBuild:restorePersistedBuildResults:error:completionBlock:] (in IDEFoundation)
  7   -[IDEScheme buildAndActionTaskForSchemeOperationParameters:shouldBuild:onlyBuild:buildParameters:buildLog:deviceAvailableChecker:restorePersistedBuildResults:dontActuallyRunCommands:error:completionBlock:] (in IDEFoundation)
  8   -[IDEScheme schemeOperationForSchemeOperationParameters:buildLog:overridingProperties:overridingBuildConfiguration:dontActuallyRunCommands:restorePersistedBuildResults:deviceAvailableChecker:error:completionBlock:] (in IDEFoundation)
  9   -[IDEScheme schemeOperationForSchemeOperationParameters:buildLog:overridingProperties:overridingBuildConfiguration:dontActuallyRunCommands:restorePersistedBuildResults:error:completionBlock:] (in IDEFoundation)
 10   -[Xcode3CommandLineBuildTool(TestSchemeAction) buildForTestSchemeCommandWantsSkip:buildAction:isProjectBuild:title:buildLog:isMoreDestinationsPending:runDestinations:runDestination:schemeCommand:executionEnvironment:restorePersistedBuildResults:operationToEnqueue:error:] (in Xcode3Core)
 11   -[Xcode3CommandLineBuildTool doSchemeBuildWithRunDestinations:runDestinationIdx:wantsSkip:buildActionTimingSection:timingSection:buildAction:isMoreDesinationsPending:actionResultBlock:title:buildLog:executionEnvironment:restorePersistedBuildResults:operationToEnqueue:error:] (in Xcode3Core)
 12   -[Xcode3CommandLineBuildTool doBuildForBuildAction:timingSection:colorize:colorizeFailure:error:] (in Xcode3Core)
 13   -[Xcode3CommandLineBuildTool _buildWithTimingSection:] (in Xcode3Core)
 14   -[Xcode3CommandLineBuildTool run] (in Xcode3Core)
 15   XcodeBuildMain (in libxcodebuildLoader.dylib)
 16   -[XcodebuildPreIDEHandler loadXcode3ProjectSupportAndRunXcode3CommandLineBuildToolWithArguments:] (in xcodebuild)
 17   -[XcodebuildPreIDEHandler runWithArguments:] (in xcodebuild)
 18   main (in xcodebuild)
 19   start (in dyld)

<__DVTSwiftAsyncOperation: 0x886423180; state = AReFc> created at:
  0   -[DVTOperation init] (in DVTFoundation)
  1   @objc DVTAsyncOperation.init() (in DVTFoundation)
  2   static DVTOperation.awaiting(_:) (in DVTFoundation)
  3   @objc static IDESchemeAction.operationToWaitForFinishedLoadingOperation(of:) (in IDEFoundation)
  4   -[IDESchemeAction setUpActionDependenciesForCorePhaseOperation:shouldRunPostActionsBlock:prePhaseEnvironmentPopulationBlock:postPhaseEnvironmentPopulationBlock:handlePreActionsActivityLogSection:handlePostActionsActivityLogSection:buildParameters:schemeActionResultOperation:error:] (in IDEFoundation)
  5   -[IDETestSchemeAction testOperationWithSchemeOperationParameters:testManager:buildOperation:buildParameters:schemeCommand:actionRecord:testPlanRunSpecifications:deviceAvailableChecker:outError:actionCallbackBlock:] (in IDEFoundation)
  6   -[IDEScheme(TestSchemeAction) executionOperationForTestSchemeActionWithOperationParameters:command:buildOperationVariantSpecifiers:buildOperationGroup:schemeActionResult:buildParameters:shouldOnlyBuild:runDestination:orderedOperations:schemeActionRecord:deviceAvailableChecker:actionCallbackBlock:error:] (in IDEFoundation)
  7   -[IDEScheme _executionOperationForSchemeOperationParameters:build:onlyBuild:buildParameters:title:buildLog:dontActuallyRunCommands:restorePersistedBuildResults:deviceAvailableChecker:error:actionCallbackBlock:] (in IDEFoundation)
  8   -[IDEScheme(TestSchemeAction) schemeTestActionOperationForSchemeOperationParameters:onlyBuild:buildLog:deviceAvailableChecker:buildParameters:shouldBuild:restorePersistedBuildResults:error:completionBlock:] (in IDEFoundation)
  9   -[IDEScheme buildAndActionTaskForSchemeOperationParameters:shouldBuild:onlyBuild:buildParameters:buildLog:deviceAvailableChecker:restorePersistedBuildResults:dontActuallyRunCommands:error:completionBlock:] (in IDEFoundation)
 10   -[IDEScheme schemeOperationForSchemeOperationParameters:buildLog:overridingProperties:overridingBuildConfiguration:dontActuallyRunCommands:restorePersistedBuildResults:deviceAvailableChecker:error:completionBlock:] (in IDEFoundation)
 11   -[IDEScheme schemeOperationForSchemeOperationParameters:buildLog:overridingProperties:overridingBuildConfiguration:dontActuallyRunCommands:restorePersistedBuildResults:error:completionBlock:] (in IDEFoundation)
 12   -[Xcode3CommandLineBuildTool(TestSchemeAction) buildForTestSchemeCommandWantsSkip:buildAction:isProjectBuild:title:buildLog:isMoreDestinationsPending:runDestinations:runDestination:schemeCommand:executionEnvironment:restorePersistedBuildResults:operationToEnqueue:error:] (in Xcode3Core)
 13   -[Xcode3CommandLineBuildTool doSchemeBuildWithRunDestinations:runDestinationIdx:wantsSkip:buildActionTimingSection:timingSection:buildAction:isMoreDesinationsPending:actionResultBlock:title:buildLog:executionEnvironment:restorePersistedBuildResults:operationToEnqueue:error:] (in Xcode3Core)
 14   -[Xcode3CommandLineBuildTool doBuildForBuildAction:timingSection:colorize:colorizeFailure:error:] (in Xcode3Core)
 15   -[Xcode3CommandLineBuildTool _buildWithTimingSection:] (in Xcode3Core)
 16   -[Xcode3CommandLineBuildTool run] (in Xcode3Core)
 17   XcodeBuildMain (in libxcodebuildLoader.dylib)
 18   -[XcodebuildPreIDEHandler loadXcode3ProjectSupportAndRunXcode3CommandLineBuildToolWithArguments:] (in xcodebuild)
 19   -[XcodebuildPreIDEHandler runWithArguments:] (in xcodebuild)
 20   main (in xcodebuild)
 21   start (in dyld)

<__DVTSwiftAsyncOperation: 0x886423480; state = AReFc> created at:
  0   -[DVTOperation init] (in DVTFoundation)
  1   @objc DVTAsyncOperation.init() (in DVTFoundation)
  2   @objc static DVTOperation.operationWithMainThreadBlock(_:) (in DVTFoundation)
  3   -[IDESchemeAction _setUpOperationsForPackageLoadingInWorkspace:handlePreActionsActivityLogSection:isCleanOperation:] (in IDEFoundation)
  4   -[IDESchemeAction setUpActionDependenciesForCorePhaseOperation:shouldRunPostActionsBlock:prePhaseEnvironmentPopulationBlock:postPhaseEnvironmentPopulationBlock:handlePreActionsActivityLogSection:handlePostActionsActivityLogSection:buildParameters:schemeActionResultOperation:error:] (in IDEFoundation)
  5   -[IDETestSchemeAction testOperationWithSchemeOperationParameters:testManager:buildOperation:buildParameters:schemeCommand:actionRecord:testPlanRunSpecifications:deviceAvailableChecker:outError:actionCallbackBlock:] (in IDEFoundation)
  6   -[IDEScheme(TestSchemeAction) executionOperationForTestSchemeActionWithOperationParameters:command:buildOperationVariantSpecifiers:buildOperationGroup:schemeActionResult:buildParameters:shouldOnlyBuild:runDestination:orderedOperations:schemeActionRecord:deviceAvailableChecker:actionCallbackBlock:error:] (in IDEFoundation)
  7   -[IDEScheme _executionOperationForSchemeOperationParameters:build:onlyBuild:buildParameters:title:buildLog:dontActuallyRunCommands:restorePersistedBuildResults:deviceAvailableChecker:error:actionCallbackBlock:] (in IDEFoundation)
  8   -[IDEScheme(TestSchemeAction) schemeTestActionOperationForSchemeOperationParameters:onlyBuild:buildLog:deviceAvailableChecker:buildParameters:shouldBuild:restorePersistedBuildResults:error:completionBlock:] (in IDEFoundation)
  9   -[IDEScheme buildAndActionTaskForSchemeOperationParameters:shouldBuild:onlyBuild:buildParameters:buildLog:deviceAvailableChecker:restorePersistedBuildResults:dontActuallyRunCommands:error:completionBlock:] (in IDEFoundation)
 10   -[IDEScheme schemeOperationForSchemeOperationParameters:buildLog:overridingProperties:overridingBuildConfiguration:dontActuallyRunCommands:restorePersistedBuildResults:deviceAvailableChecker:error:completionBlock:] (in IDEFoundation)
 11   -[IDEScheme schemeOperationForSchemeOperationParameters:buildLog:overridingProperties:overridingBuildConfiguration:dontActuallyRunCommands:restorePersistedBuildResults:error:completionBlock:] (in IDEFoundation)
 12   -[Xcode3CommandLineBuildTool(TestSchemeAction) buildForTestSchemeCommandWantsSkip:buildAction:isProjectBuild:title:buildLog:isMoreDestinationsPending:runDestinations:runDestination:schemeCommand:executionEnvironment:restorePersistedBuildResults:operationToEnqueue:error:] (in Xcode3Core)
 13   -[Xcode3CommandLineBuildTool doSchemeBuildWithRunDestinations:runDestinationIdx:wantsSkip:buildActionTimingSection:timingSection:buildAction:isMoreDesinationsPending:actionResultBlock:title:buildLog:executionEnvironment:restorePersistedBuildResults:operationToEnqueue:error:] (in Xcode3Core)
 14   -[Xcode3CommandLineBuildTool doBuildForBuildAction:timingSection:colorize:colorizeFailure:error:] (in Xcode3Core)
 15   -[Xcode3CommandLineBuildTool _buildWithTimingSection:] (in Xcode3Core)
 16   -[Xcode3CommandLineBuildTool run] (in Xcode3Core)
 17   XcodeBuildMain (in libxcodebuildLoader.dylib)
 18   -[XcodebuildPreIDEHandler loadXcode3ProjectSupportAndRunXcode3CommandLineBuildToolWithArguments:] (in xcodebuild)
 19   -[XcodebuildPreIDEHandler runWithArguments:] (in xcodebuild)
 20   main (in xcodebuild)
 21   start (in dyld)

<DVTOperation: 0x884097c00; state = aReFc> created at:
  0   -[DVTOperation init] (in DVTFoundation)
  1   +[DVTOperation(DVTConveniences) operationWithBlock:] (in DVTFoundation)
  2   -[IDETestSchemeAction testOperationWithSchemeOperationParameters:testManager:buildOperation:buildParameters:schemeCommand:actionRecord:testPlanRunSpecifications:deviceAvailableChecker:outError:actionCallbackBlock:] (in IDEFoundation)
  3   -[IDEScheme(TestSchemeAction) executionOperationForTestSchemeActionWithOperationParameters:command:buildOperationVariantSpecifiers:buildOperationGroup:schemeActionResult:buildParameters:shouldOnlyBuild:runDestination:orderedOperations:schemeActionRecord:deviceAvailableChecker:actionCallbackBlock:error:] (in IDEFoundation)
  4   -[IDEScheme _executionOperationForSchemeOperationParameters:build:onlyBuild:buildParameters:title:buildLog:dontActuallyRunCommands:restorePersistedBuildResults:deviceAvailableChecker:error:actionCallbackBlock:] (in IDEFoundation)
  5   -[IDEScheme(TestSchemeAction) schemeTestActionOperationForSchemeOperationParameters:onlyBuild:buildLog:deviceAvailableChecker:buildParameters:shouldBuild:restorePersistedBuildResults:error:completionBlock:] (in IDEFoundation)
  6   -[IDEScheme buildAndActionTaskForSchemeOperationParameters:shouldBuild:onlyBuild:buildParameters:buildLog:deviceAvailableChecker:restorePersistedBuildResults:dontActuallyRunCommands:error:completionBlock:] (in IDEFoundation)
  7   -[IDEScheme schemeOperationForSchemeOperationParameters:buildLog:overridingProperties:overridingBuildConfiguration:dontActuallyRunCommands:restorePersistedBuildResults:deviceAvailableChecker:error:completionBlock:] (in IDEFoundation)
  8   -[IDEScheme schemeOperationForSchemeOperationParameters:buildLog:overridingProperties:overridingBuildConfiguration:dontActuallyRunCommands:restorePersistedBuildResults:error:completionBlock:] (in IDEFoundation)
  9   -[Xcode3CommandLineBuildTool(TestSchemeAction) buildForTestSchemeCommandWantsSkip:buildAction:isProjectBuild:title:buildLog:isMoreDestinationsPending:runDestinations:runDestination:schemeCommand:executionEnvironment:restorePersistedBuildResults:operationToEnqueue:error:] (in Xcode3Core)
 10   -[Xcode3CommandLineBuildTool doSchemeBuildWithRunDestinations:runDestinationIdx:wantsSkip:buildActionTimingSection:timingSection:buildAction:isMoreDesinationsPending:actionResultBlock:title:buildLog:executionEnvironment:restorePersistedBuildResults:operationToEnqueue:error:] (in Xcode3Core)
 11   -[Xcode3CommandLineBuildTool doBuildForBuildAction:timingSection:colorize:colorizeFailure:error:] (in Xcode3Core)
 12   -[Xcode3CommandLineBuildTool _buildWithTimingSection:] (in Xcode3Core)
 13   -[Xcode3CommandLineBuildTool run] (in Xcode3Core)
 14   XcodeBuildMain (in libxcodebuildLoader.dylib)
 15   -[XcodebuildPreIDEHandler loadXcode3ProjectSupportAndRunXcode3CommandLineBuildToolWithArguments:] (in xcodebuild)
 16   -[XcodebuildPreIDEHandler runWithArguments:] (in xcodebuild)
 17   main (in xcodebuild)
 18   start (in dyld)

<_IDETestingFinalizeLogsOperation: 0x883c9e080; name = 'Finalize test log', state = aref!c> created at:
  0   -[DVTOperation init] (in DVTFoundation)
  1   +[DVTOperation(DVTConveniences) operationWithBlock:] (in DVTFoundation)
  2   -[IDETestSchemeAction _finalizeLogOperationWithRecorder:launchLogsSectionRecorder:] (in IDEFoundation)
  3   -[IDETestSchemeAction testOperationWithSchemeOperationParameters:testManager:buildOperation:buildParameters:schemeCommand:actionRecord:testPlanRunSpecifications:deviceAvailableChecker:outError:actionCallbackBlock:] (in IDEFoundation)
  4   -[IDEScheme(TestSchemeAction) executionOperationForTestSchemeActionWithOperationParameters:command:buildOperationVariantSpecifiers:buildOperationGroup:schemeActionResult:buildParameters:shouldOnlyBuild:runDestination:orderedOperations:schemeActionRecord:deviceAvailableChecker:actionCallbackBlock:error:] (in IDEFoundation)
  5   -[IDEScheme _executionOperationForSchemeOperationParameters:build:onlyBuild:buildParameters:title:buildLog:dontActuallyRunCommands:restorePersistedBuildResults:deviceAvailableChecker:error:actionCallbackBlock:] (in IDEFoundation)
  6   -[IDEScheme(TestSchemeAction) schemeTestActionOperationForSchemeOperationParameters:onlyBuild:buildLog:deviceAvailableChecker:buildParameters:shouldBuild:restorePersistedBuildResults:error:completionBlock:] (in IDEFoundation)
  7   -[IDEScheme buildAndActionTaskForSchemeOperationParameters:shouldBuild:onlyBuild:buildParameters:buildLog:deviceAvailableChecker:restorePersistedBuildResults:dontActuallyRunCommands:error:completionBlock:] (in IDEFoundation)
  8   -[IDEScheme schemeOperationForSchemeOperationParameters:buildLog:overridingProperties:overridingBuildConfiguration:dontActuallyRunCommands:restorePersistedBuildResults:deviceAvailableChecker:error:completionBlock:] (in IDEFoundation)
  9   -[IDEScheme schemeOperationForSchemeOperationParameters:buildLog:overridingProperties:overridingBuildConfiguration:dontActuallyRunCommands:restorePersistedBuildResults:error:completionBlock:] (in IDEFoundation)
 10   -[Xcode3CommandLineBuildTool(TestSchemeAction) buildForTestSchemeCommandWantsSkip:buildAction:isProjectBuild:title:buildLog:isMoreDestinationsPending:runDestinations:runDestination:schemeCommand:executionEnvironment:restorePersistedBuildResults:operationToEnqueue:error:] (in Xcode3Core)
 11   -[Xcode3CommandLineBuildTool doSchemeBuildWithRunDestinations:runDestinationIdx:wantsSkip:buildActionTimingSection:timingSection:buildAction:isMoreDesinationsPending:actionResultBlock:title:buildLog:executionEnvironment:restorePersistedBuildResults:operationToEnqueue:error:] (in Xcode3Core)
 12   -[Xcode3CommandLineBuildTool doBuildForBuildAction:timingSection:colorize:colorizeFailure:error:] (in Xcode3Core)
 13   -[Xcode3CommandLineBuildTool _buildWithTimingSection:] (in Xcode3Core)
 14   -[Xcode3CommandLineBuildTool run] (in Xcode3Core)
 15   XcodeBuildMain (in libxcodebuildLoader.dylib)
 16   -[XcodebuildPreIDEHandler loadXcode3ProjectSupportAndRunXcode3CommandLineBuildToolWithArguments:] (in xcodebuild)
 17   -[XcodebuildPreIDEHandler runWithArguments:] (in xcodebuild)
 18   main (in xcodebuild)
 19   start (in dyld)

<IDERunOperation: 0x886301e00; state = aReF!c> created at:
  0   -[DVTOperation init] (in DVTFoundation)
  1   -[IDERunOperation initWithWorker:] (in IDEFoundation)
  2   -[IDERunDestination runOperationForLaunchSession:error:] (in IDEFoundation)
  3   -[IDETargetAppLaunchCoordinator launchProcessWithParameters:token:completion:] (in IDEFoundation)
  4   -[IDETargetAppLaunchCoordinator launchProcessWithParameters:completion:] (in IDEFoundation)
  5   -[XCTHTestOperationCoordinator testRunnerSession:launchProcessWithParameters:completion:] (in XCTHarness)
  6   __91-[XCTTestRunnerSession _XCT_launchProcessWithPath:bundleID:arguments:environmentVariables:]_block_invoke (in XCTDaemonControl)
  7   _dispatch_call_block_and_release (in libdispatch.dylib)
  8   _dispatch_client_callout (in libdispatch.dylib)
  9   _dispatch_main_queue_drain.cold.6 (in libdispatch.dylib)
 10   _dispatch_main_queue_drain (in libdispatch.dylib)
 11   _dispatch_main_queue_callback_4CF (in libdispatch.dylib)
 12   __CFRUNLOOP_IS_SERVICING_THE_MAIN_DISPATCH_QUEUE__ (in CoreFoundation)
 13   __CFRunLoopRun (in CoreFoundation)
 14   _CFRunLoopRunSpecificWithOptions (in CoreFoundation)
 15   CFRunLoopRun (in CoreFoundation)
 16   -[Xcode3CommandLineBuildTool waitForBuildWithBuildLog:buildActionTimingSection:executionEnvironment:title:operationToEnqueue:error:] (in Xcode3Core)
 17   -[Xcode3CommandLineBuildTool doBuildForBuildAction:timingSection:colorize:colorizeFailure:error:] (in Xcode3Core)
 18   -[Xcode3CommandLineBuildTool _buildWithTimingSection:] (in Xcode3Core)
 19   -[Xcode3CommandLineBuildTool run] (in Xcode3Core)
 20   XcodeBuildMain (in libxcodebuildLoader.dylib)
 21   -[XcodebuildPreIDEHandler loadXcode3ProjectSupportAndRunXcode3CommandLineBuildToolWithArguments:] (in xcodebuild)
 22   -[XcodebuildPreIDEHand

*** If you believe this error represents a bug, please attach the result bundle at /Users/mdd/zhk/kanpan/docs/acceptance/AICoin-base/foundation/ui.xcresult

2026-09-14 23:43:01.328 xcodebuild[87513:31630449] [MT] IDETestOperationsObserverDebug: 89.966 elapsed -- Testing started completed.
2026-09-14 23:43:01.329 xcodebuild[87513:31630449] [MT] IDETestOperationsObserverDebug: 0.000 sec, +0.000 sec -- start
2026-09-14 23:43:01.329 xcodebuild[87513:31630449] [MT] IDETestOperationsObserverDebug: 89.966 sec, +89.966 sec -- end

Test session results, code coverage, and logs:
	/Users/mdd/zhk/kanpan/docs/acceptance/AICoin-base/foundation/ui.xcresult

** TEST INTERRUPTED **

2026-09-14 23:43:32.566 xcodebuild[87513:31630449] [MT] IDEResultKit: Warning: While writing a result bundle to /Users/mdd/zhk/kanpan/docs/acceptance/AICoin-base/foundation/ui.xcresult, not all contents have been imported, as the Staging directory still contains the following files/directories: ["1_Test"]
Error saving invocation record to resultBundlePath:Error Domain=IDEFoundationErrorDomain Code=12 "The result bundle could not be saved due to an error: Could not write the 1_Test action log because the log hasn't finished recording after waiting 30 seconds." UserInfo={NSUnderlyingError=0x8826a9050 {Error Domain=IDEFoundationErrorDomain Code=10 "Could not write the 1_Test action log because the log hasn't finished recording after waiting 30 seconds." UserInfo={NSLocalizedDescription=Could not write the 1_Test action log because the log hasn't finished recording after waiting 30 seconds.}}, NSLocalizedDescription=The result bundle could not be saved due to an error: Could not write the 1_Test action log because the log hasn't finished recording after waiting 30 seconds.}
ler runWithArguments:] (in xcodebuild)
 23   main (in xcodebuild)
 24   start (in dyld)

