Command line invocation:
    /Applications/Xcode.app/Contents/Developer/usr/bin/xcodebuild test -scheme KanpanChart -destination "platform=iOS Simulator,name=iPhone 16 Pro" -derivedDataPath .xcbuild-codex -resultBundlePath ../docs/acceptance/AICoin-base/chart-unit.xcresult

Resolve Package Graph
2026-09-14 22:47:02.592 xcodebuild[74693:31440962] [MT] IDERunDestination: Supported platforms for the buildables in the current scheme is empty.


Resolved source packages:
  KanpanChart: /Users/mdd/zhk/kanpan/KanpanChart
  KanpanCore: /Users/mdd/zhk/kanpan/KanpanCore @ local

Writing result bundle at path:
	/Users/mdd/zhk/kanpan/docs/acceptance/AICoin-base/chart-unit.xcresult

ComputePackagePrebuildTargetDependencyGraph

Prepare packages

CreateBuildRequest

SendProjectDescription

CreateBuildOperation

ComputeTargetDependencyGraph
note: Building targets in dependency order
note: Target dependency graph (6 targets)
    Target 'KanpanChart' in project 'KanpanChart'
        ➜ Explicit dependency on target 'KanpanChart' in project 'KanpanChart'
        ➜ Explicit dependency on target 'KanpanCore' in project 'KanpanCore'
    Target 'KanpanChartTests' in project 'KanpanChart'
        ➜ Explicit dependency on target 'KanpanChart_KanpanChartTests' in project 'KanpanChart'
        ➜ Explicit dependency on target 'KanpanChart' in project 'KanpanChart'
        ➜ Explicit dependency on target 'KanpanCore' in project 'KanpanCore'
    Target 'KanpanChart' in project 'KanpanChart'
        ➜ Explicit dependency on target 'KanpanCore' in project 'KanpanCore'
    Target 'KanpanCore' in project 'KanpanCore'
        ➜ Explicit dependency on target 'KanpanCore' in project 'KanpanCore'
    Target 'KanpanCore' in project 'KanpanCore' (no dependencies)
    Target 'KanpanChart_KanpanChartTests' in project 'KanpanChart' (no dependencies)

GatherProvisioningInputs

CreateBuildDescription

ExecuteExternalTool /Applications/Xcode.app/Contents/Developer/Toolchains/XcodeDefault.xctoolchain/usr/bin/swiftc --version

ExecuteExternalTool /Applications/Xcode.app/Contents/Developer/Toolchains/XcodeDefault.xctoolchain/usr/bin/clang -v -E -dM -isysroot /Applications/Xcode.app/Contents/Developer/Platforms/iPhoneSimulator.platform/Developer/SDKs/iPhoneSimulator26.5.sdk -x c -c /dev/null

ExecuteExternalTool /Applications/Xcode.app/Contents/Developer/Toolchains/XcodeDefault.xctoolchain/usr/bin/ld -version_details

Build description signature: 4b76f6231517354331d3bbc583f65b08
Build description path: /Users/mdd/zhk/kanpan/KanpanChart/.xcbuild-codex/Build/Intermediates.noindex/XCBuildData/4b76f6231517354331d3bbc583f65b08.xcbuilddata
ClangStatCache /Applications/Xcode.app/Contents/Developer/Toolchains/XcodeDefault.xctoolchain/usr/bin/clang-stat-cache /Applications/Xcode.app/Contents/Developer/Platforms/iPhoneSimulator.platform/Developer/SDKs/iPhoneSimulator26.5.sdk /Users/mdd/zhk/kanpan/KanpanChart/.xcbuild-codex/SDKStatCaches.noindex/iphonesimulator26.5-23F81a-6cfe768891a92b912361537c460fe42b.sdkstatcache
    cd /Users/mdd/zhk/kanpan/KanpanChart/.swiftpm/xcode
    /Applications/Xcode.app/Contents/Developer/Toolchains/XcodeDefault.xctoolchain/usr/bin/clang-stat-cache /Applications/Xcode.app/Contents/Developer/Platforms/iPhoneSimulator.platform/Developer/SDKs/iPhoneSimulator26.5.sdk -o /Users/mdd/zhk/kanpan/KanpanChart/.xcbuild-codex/SDKStatCaches.noindex/iphonesimulator26.5-23F81a-6cfe768891a92b912361537c460fe42b.sdkstatcache

CreateBuildDirectory /Users/mdd/zhk/kanpan/KanpanChart/.xcbuild-codex/Build/Products
    cd /Users/mdd/zhk/kanpan/KanpanChart/.swiftpm/xcode
    builtin-create-build-directory /Users/mdd/zhk/kanpan/KanpanChart/.xcbuild-codex/Build/Products

CreateBuildDirectory /Users/mdd/zhk/kanpan/KanpanChart/.xcbuild-codex/Build/Intermediates.noindex
    cd /Users/mdd/zhk/kanpan/KanpanChart/.swiftpm/xcode
    builtin-create-build-directory /Users/mdd/zhk/kanpan/KanpanChart/.xcbuild-codex/Build/Intermediates.noindex

CreateBuildDirectory /Users/mdd/zhk/kanpan/KanpanChart/.xcbuild-codex/Build/Intermediates.noindex/ExplicitPrecompiledModules
    cd /Users/mdd/zhk/kanpan/KanpanChart/.swiftpm/xcode
    builtin-create-build-directory /Users/mdd/zhk/kanpan/KanpanChart/.xcbuild-codex/Build/Intermediates.noindex/ExplicitPrecompiledModules

CreateBuildDirectory /Users/mdd/zhk/kanpan/KanpanChart/.xcbuild-codex/Build/Intermediates.noindex/SwiftExplicitPrecompiledModules
    cd /Users/mdd/zhk/kanpan/KanpanChart/.swiftpm/xcode
    builtin-create-build-directory /Users/mdd/zhk/kanpan/KanpanChart/.xcbuild-codex/Build/Intermediates.noindex/SwiftExplicitPrecompiledModules

CreateBuildDirectory /Users/mdd/zhk/kanpan/KanpanChart/.xcbuild-codex/Build/Intermediates.noindex/EagerLinkingTBDs/Debug-iphonesimulator
    cd /Users/mdd/zhk/kanpan/KanpanChart/.swiftpm/xcode
    builtin-create-build-directory /Users/mdd/zhk/kanpan/KanpanChart/.xcbuild-codex/Build/Intermediates.noindex/EagerLinkingTBDs/Debug-iphonesimulator

CreateBuildDirectory /Users/mdd/zhk/kanpan/KanpanChart/.xcbuild-codex/Build/Products/Debug-iphonesimulator
    cd /Users/mdd/zhk/kanpan/KanpanChart/.swiftpm/xcode
    builtin-create-build-directory /Users/mdd/zhk/kanpan/KanpanChart/.xcbuild-codex/Build/Products/Debug-iphonesimulator

CreateBuildDirectory /Users/mdd/zhk/kanpan/KanpanChart/.xcbuild-codex/Build/Products/Debug-iphonesimulator/PackageFrameworks
    cd /Users/mdd/zhk/kanpan/KanpanChart/.swiftpm/xcode
    builtin-create-build-directory /Users/mdd/zhk/kanpan/KanpanChart/.xcbuild-codex/Build/Products/Debug-iphonesimulator/PackageFrameworks

MkDir /Users/mdd/zhk/kanpan/KanpanChart/.xcbuild-codex/Build/Products/Debug-iphonesimulator/KanpanChart_KanpanChartTests.bundle (in target 'KanpanChart_KanpanChartTests' from project 'KanpanChart')
    cd /Users/mdd/zhk/kanpan/KanpanChart
    /bin/mkdir -p /Users/mdd/zhk/kanpan/KanpanChart/.xcbuild-codex/Build/Products/Debug-iphonesimulator/KanpanChart_KanpanChartTests.bundle

WriteAuxiliaryFile /Users/mdd/zhk/kanpan/KanpanChart/.xcbuild-codex/Build/Intermediates.noindex/KanpanChart.build/Debug-iphonesimulator/KanpanChart_KanpanChartTests.build/KanpanChart_KanpanChartTests.DependencyStaticMetadataFileList (in target 'KanpanChart_KanpanChartTests' from project 'KanpanChart')
    cd /Users/mdd/zhk/kanpan/KanpanChart
    write-file /Users/mdd/zhk/kanpan/KanpanChart/.xcbuild-codex/Build/Intermediates.noindex/KanpanChart.build/Debug-iphonesimulator/KanpanChart_KanpanChartTests.build/KanpanChart_KanpanChartTests.DependencyStaticMetadataFileList

WriteAuxiliaryFile /Users/mdd/zhk/kanpan/KanpanChart/.xcbuild-codex/Build/Intermediates.noindex/KanpanChart.build/Debug-iphonesimulator/KanpanChart_KanpanChartTests.build/KanpanChart_KanpanChartTests.DependencyMetadataFileList (in target 'KanpanChart_KanpanChartTests' from project 'KanpanChart')
    cd /Users/mdd/zhk/kanpan/KanpanChart
    write-file /Users/mdd/zhk/kanpan/KanpanChart/.xcbuild-codex/Build/Intermediates.noindex/KanpanChart.build/Debug-iphonesimulator/KanpanChart_KanpanChartTests.build/KanpanChart_KanpanChartTests.DependencyMetadataFileList

WriteAuxiliaryFile /Users/mdd/zhk/kanpan/KanpanChart/.xcbuild-codex/Build/Intermediates.noindex/KanpanChart.build/Debug-iphonesimulator/KanpanChart_KanpanChartTests.build/empty-KanpanChart_KanpanChartTests.plist (in target 'KanpanChart_KanpanChartTests' from project 'KanpanChart')
    cd /Users/mdd/zhk/kanpan/KanpanChart
    write-file /Users/mdd/zhk/kanpan/KanpanChart/.xcbuild-codex/Build/Intermediates.noindex/KanpanChart.build/Debug-iphonesimulator/KanpanChart_KanpanChartTests.build/empty-KanpanChart_KanpanChartTests.plist

WriteAuxiliaryFile /Users/mdd/zhk/kanpan/KanpanChart/.xcbuild-codex/Build/Intermediates.noindex/KanpanCore.build/Debug-iphonesimulator/KanpanCore.build/KanpanCore.modulemap (in target 'KanpanCore' from project 'KanpanCore')
    cd /Users/mdd/zhk/kanpan/KanpanCore
    write-file /Users/mdd/zhk/kanpan/KanpanChart/.xcbuild-codex/Build/Intermediates.noindex/KanpanCore.build/Debug-iphonesimulator/KanpanCore.build/KanpanCore.modulemap

WriteAuxiliaryFile /Users/mdd/zhk/kanpan/KanpanChart/.xcbuild-codex/Build/Intermediates.noindex/KanpanCore.build/Debug-iphonesimulator/KanpanCore.build/Objects-normal/arm64/KanpanCore_const_extract_protocols.json (in target 'KanpanCore' from project 'KanpanCore')
    cd /Users/mdd/zhk/kanpan/KanpanCore
    write-file /Users/mdd/zhk/kanpan/KanpanChart/.xcbuild-codex/Build/Intermediates.noindex/KanpanCore.build/Debug-iphonesimulator/KanpanCore.build/Objects-normal/arm64/KanpanCore_const_extract_protocols.json

WriteAuxiliaryFile /Users/mdd/zhk/kanpan/KanpanChart/.xcbuild-codex/Build/Intermediates.noindex/KanpanCore.build/Debug-iphonesimulator/KanpanCore.build/Objects-normal/arm64/KanpanCore.SwiftFileList (in target 'KanpanCore' from project 'KanpanCore')
    cd /Users/mdd/zhk/kanpan/KanpanCore
    write-file /Users/mdd/zhk/kanpan/KanpanChart/.xcbuild-codex/Build/Intermediates.noindex/KanpanCore.build/Debug-iphonesimulator/KanpanCore.build/Objects-normal/arm64/KanpanCore.SwiftFileList

WriteAuxiliaryFile /Users/mdd/zhk/kanpan/KanpanChart/.xcbuild-codex/Build/Intermediates.noindex/KanpanCore.build/Debug-iphonesimulator/KanpanCore.build/Objects-normal/arm64/KanpanCore.SwiftConstValuesFileList (in target 'KanpanCore' from project 'KanpanCore')
    cd /Users/mdd/zhk/kanpan/KanpanCore
    write-file /Users/mdd/zhk/kanpan/KanpanChart/.xcbuild-codex/Build/Intermediates.noindex/KanpanCore.build/Debug-iphonesimulator/KanpanCore.build/Objects-normal/arm64/KanpanCore.SwiftConstValuesFileList

WriteAuxiliaryFile /Users/mdd/zhk/kanpan/KanpanChart/.xcbuild-codex/Build/Intermediates.noindex/KanpanCore.build/Debug-iphonesimulator/KanpanCore.build/Objects-normal/arm64/KanpanCore.LinkFileList (in target 'KanpanCore' from project 'KanpanCore')
    cd /Users/mdd/zhk/kanpan/KanpanCore
    write-file /Users/mdd/zhk/kanpan/KanpanChart/.xcbuild-codex/Build/Intermediates.noindex/KanpanCore.build/Debug-iphonesimulator/KanpanCore.build/Objects-normal/arm64/KanpanCore.LinkFileList

WriteAuxiliaryFile /Users/mdd/zhk/kanpan/KanpanChart/.xcbuild-codex/Build/Intermediates.noindex/KanpanCore.build/Debug-iphonesimulator/KanpanCore.build/Objects-normal/arm64/KanpanCore-OutputFileMap.json (in target 'KanpanCore' from project 'KanpanCore')
    cd /Users/mdd/zhk/kanpan/KanpanCore
    write-file /Users/mdd/zhk/kanpan/KanpanChart/.xcbuild-codex/Build/Intermediates.noindex/KanpanCore.build/Debug-iphonesimulator/KanpanCore.build/Objects-normal/arm64/KanpanCore-OutputFileMap.json

WriteAuxiliaryFile /Users/mdd/zhk/kanpan/KanpanChart/.xcbuild-codex/Build/Intermediates.noindex/KanpanCore.build/Debug-iphonesimulator/KanpanCore.build/KanpanCore.DependencyStaticMetadataFileList (in target 'KanpanCore' from project 'KanpanCore')
    cd /Users/mdd/zhk/kanpan/KanpanCore
    write-file /Users/mdd/zhk/kanpan/KanpanChart/.xcbuild-codex/Build/Intermediates.noindex/KanpanCore.build/Debug-iphonesimulator/KanpanCore.build/KanpanCore.DependencyStaticMetadataFileList

WriteAuxiliaryFile /Users/mdd/zhk/kanpan/KanpanChart/.xcbuild-codex/Build/Intermediates.noindex/KanpanCore.build/Debug-iphonesimulator/KanpanCore.build/KanpanCore.DependencyMetadataFileList (in target 'KanpanCore' from project 'KanpanCore')
    cd /Users/mdd/zhk/kanpan/KanpanCore
    write-file /Users/mdd/zhk/kanpan/KanpanChart/.xcbuild-codex/Build/Intermediates.noindex/KanpanCore.build/Debug-iphonesimulator/KanpanCore.build/KanpanCore.DependencyMetadataFileList

WriteAuxiliaryFile /Users/mdd/zhk/kanpan/KanpanChart/.xcbuild-codex/Build/Intermediates.noindex/KanpanChart.build/Debug-iphonesimulator/KanpanChartTests.build/empty-KanpanChartTests.plist (in target 'KanpanChartTests' from project 'KanpanChart')
    cd /Users/mdd/zhk/kanpan/KanpanChart
    write-file /Users/mdd/zhk/kanpan/KanpanChart/.xcbuild-codex/Build/Intermediates.noindex/KanpanChart.build/Debug-iphonesimulator/KanpanChartTests.build/empty-KanpanChartTests.plist

WriteAuxiliaryFile /Users/mdd/zhk/kanpan/KanpanChart/.xcbuild-codex/Build/Intermediates.noindex/KanpanChart.build/Debug-iphonesimulator/KanpanChartTests.build/Objects-normal/arm64/KanpanChartTests_const_extract_protocols.json (in target 'KanpanChartTests' from project 'KanpanChart')
    cd /Users/mdd/zhk/kanpan/KanpanChart
    write-file /Users/mdd/zhk/kanpan/KanpanChart/.xcbuild-codex/Build/Intermediates.noindex/KanpanChart.build/Debug-iphonesimulator/KanpanChartTests.build/Objects-normal/arm64/KanpanChartTests_const_extract_protocols.json

WriteAuxiliaryFile /Users/mdd/zhk/kanpan/KanpanChart/.xcbuild-codex/Build/Intermediates.noindex/KanpanChart.build/Debug-iphonesimulator/KanpanChartTests.build/Objects-normal/arm64/KanpanChartTests.SwiftFileList (in target 'KanpanChartTests' from project 'KanpanChart')
    cd /Users/mdd/zhk/kanpan/KanpanChart
    write-file /Users/mdd/zhk/kanpan/KanpanChart/.xcbuild-codex/Build/Intermediates.noindex/KanpanChart.build/Debug-iphonesimulator/KanpanChartTests.build/Objects-normal/arm64/KanpanChartTests.SwiftFileList

WriteAuxiliaryFile /Users/mdd/zhk/kanpan/KanpanChart/.xcbuild-codex/Build/Intermediates.noindex/KanpanChart.build/Debug-iphonesimulator/KanpanChartTests.build/Objects-normal/arm64/KanpanChartTests.SwiftConstValuesFileList (in target 'KanpanChartTests' from project 'KanpanChart')
    cd /Users/mdd/zhk/kanpan/KanpanChart
    write-file /Users/mdd/zhk/kanpan/KanpanChart/.xcbuild-codex/Build/Intermediates.noindex/KanpanChart.build/Debug-iphonesimulator/KanpanChartTests.build/Objects-normal/arm64/KanpanChartTests.SwiftConstValuesFileList

Copy /Users/mdd/zhk/kanpan/KanpanChart/.xcbuild-codex/Build/Intermediates.noindex/GeneratedModuleMaps-iphonesimulator/KanpanCore.modulemap /Users/mdd/zhk/kanpan/KanpanChart/.xcbuild-codex/Build/Intermediates.noindex/KanpanCore.build/Debug-iphonesimulator/KanpanCore.build/KanpanCore.modulemap (in target 'KanpanCore' from project 'KanpanCore')
    cd /Users/mdd/zhk/kanpan/KanpanCore
    builtin-copy -exclude .DS_Store -exclude CVS -exclude .svn -exclude .git -exclude .hg -resolve-src-symlinks /Users/mdd/zhk/kanpan/KanpanChart/.xcbuild-codex/Build/Intermediates.noindex/KanpanCore.build/Debug-iphonesimulator/KanpanCore.build/KanpanCore.modulemap /Users/mdd/zhk/kanpan/KanpanChart/.xcbuild-codex/Build/Intermediates.noindex/GeneratedModuleMaps-iphonesimulator

WriteAuxiliaryFile /Users/mdd/zhk/kanpan/KanpanChart/.xcbuild-codex/Build/Intermediates.noindex/KanpanChart.build/Debug-iphonesimulator/KanpanChartTests.build/Objects-normal/arm64/KanpanChartTests.LinkFileList (in target 'KanpanChartTests' from project 'KanpanChart')
    cd /Users/mdd/zhk/kanpan/KanpanChart
    write-file /Users/mdd/zhk/kanpan/KanpanChart/.xcbuild-codex/Build/Intermediates.noindex/KanpanChart.build/Debug-iphonesimulator/KanpanChartTests.build/Objects-normal/arm64/KanpanChartTests.LinkFileList

WriteAuxiliaryFile /Users/mdd/zhk/kanpan/KanpanChart/.xcbuild-codex/Build/Intermediates.noindex/KanpanChart.build/Debug-iphonesimulator/KanpanChartTests.build/Objects-normal/arm64/KanpanChartTests-OutputFileMap.json (in target 'KanpanChartTests' from project 'KanpanChart')
    cd /Users/mdd/zhk/kanpan/KanpanChart
    write-file /Users/mdd/zhk/kanpan/KanpanChart/.xcbuild-codex/Build/Intermediates.noindex/KanpanChart.build/Debug-iphonesimulator/KanpanChartTests.build/Objects-normal/arm64/KanpanChartTests-OutputFileMap.json

WriteAuxiliaryFile /Users/mdd/zhk/kanpan/KanpanChart/.xcbuild-codex/Build/Intermediates.noindex/KanpanChart.build/Debug-iphonesimulator/KanpanChartTests.build/KanpanChartTests.DependencyStaticMetadataFileList (in target 'KanpanChartTests' from project 'KanpanChart')
    cd /Users/mdd/zhk/kanpan/KanpanChart
    write-file /Users/mdd/zhk/kanpan/KanpanChart/.xcbuild-codex/Build/Intermediates.noindex/KanpanChart.build/Debug-iphonesimulator/KanpanChartTests.build/KanpanChartTests.DependencyStaticMetadataFileList

WriteAuxiliaryFile /Users/mdd/zhk/kanpan/KanpanChart/.xcbuild-codex/Build/Intermediates.noindex/KanpanChart.build/Debug-iphonesimulator/KanpanChartTests.build/KanpanChartTests.DependencyMetadataFileList (in target 'KanpanChartTests' from project 'KanpanChart')
    cd /Users/mdd/zhk/kanpan/KanpanChart
    write-file /Users/mdd/zhk/kanpan/KanpanChart/.xcbuild-codex/Build/Intermediates.noindex/KanpanChart.build/Debug-iphonesimulator/KanpanChartTests.build/KanpanChartTests.DependencyMetadataFileList

WriteAuxiliaryFile /Users/mdd/zhk/kanpan/KanpanChart/.xcbuild-codex/Build/Intermediates.noindex/KanpanChart.build/Debug-iphonesimulator/KanpanChartTests.build/DerivedSources/resource_bundle_accessor.swift (in target 'KanpanChartTests' from project 'KanpanChart')
    cd /Users/mdd/zhk/kanpan/KanpanChart
    write-file /Users/mdd/zhk/kanpan/KanpanChart/.xcbuild-codex/Build/Intermediates.noindex/KanpanChart.build/Debug-iphonesimulator/KanpanChartTests.build/DerivedSources/resource_bundle_accessor.swift

WriteAuxiliaryFile /Users/mdd/zhk/kanpan/KanpanChart/.xcbuild-codex/Build/Intermediates.noindex/KanpanChart.build/Debug-iphonesimulator/KanpanChart.build/Objects-normal/arm64/KanpanChart.SwiftConstValuesFileList (in target 'KanpanChart' from project 'KanpanChart')
    cd /Users/mdd/zhk/kanpan/KanpanChart
    write-file /Users/mdd/zhk/kanpan/KanpanChart/.xcbuild-codex/Build/Intermediates.noindex/KanpanChart.build/Debug-iphonesimulator/KanpanChart.build/Objects-normal/arm64/KanpanChart.SwiftConstValuesFileList

WriteAuxiliaryFile /Users/mdd/zhk/kanpan/KanpanChart/.xcbuild-codex/Build/Intermediates.noindex/KanpanChart.build/Debug-iphonesimulator/KanpanChart.build/Objects-normal/arm64/KanpanChart.SwiftFileList (in target 'KanpanChart' from project 'KanpanChart')
    cd /Users/mdd/zhk/kanpan/KanpanChart
    write-file /Users/mdd/zhk/kanpan/KanpanChart/.xcbuild-codex/Build/Intermediates.noindex/KanpanChart.build/Debug-iphonesimulator/KanpanChart.build/Objects-normal/arm64/KanpanChart.SwiftFileList

WriteAuxiliaryFile /Users/mdd/zhk/kanpan/KanpanChart/.xcbuild-codex/Build/Intermediates.noindex/KanpanChart.build/Debug-iphonesimulator/KanpanChart.build/Objects-normal/arm64/KanpanChart_const_extract_protocols.json (in target 'KanpanChart' from project 'KanpanChart')
    cd /Users/mdd/zhk/kanpan/KanpanChart
    write-file /Users/mdd/zhk/kanpan/KanpanChart/.xcbuild-codex/Build/Intermediates.noindex/KanpanChart.build/Debug-iphonesimulator/KanpanChart.build/Objects-normal/arm64/KanpanChart_const_extract_protocols.json

WriteAuxiliaryFile /Users/mdd/zhk/kanpan/KanpanChart/.xcbuild-codex/Build/Intermediates.noindex/KanpanChart.build/Debug-iphonesimulator/KanpanChart.build/Objects-normal/arm64/KanpanChart.LinkFileList (in target 'KanpanChart' from project 'KanpanChart')
    cd /Users/mdd/zhk/kanpan/KanpanChart
    write-file /Users/mdd/zhk/kanpan/KanpanChart/.xcbuild-codex/Build/Intermediates.noindex/KanpanChart.build/Debug-iphonesimulator/KanpanChart.build/Objects-normal/arm64/KanpanChart.LinkFileList

WriteAuxiliaryFile /Users/mdd/zhk/kanpan/KanpanChart/.xcbuild-codex/Build/Intermediates.noindex/KanpanChart.build/Debug-iphonesimulator/KanpanChart.build/Objects-normal/arm64/KanpanChart-OutputFileMap.json (in target 'KanpanChart' from project 'KanpanChart')
    cd /Users/mdd/zhk/kanpan/KanpanChart
    write-file /Users/mdd/zhk/kanpan/KanpanChart/.xcbuild-codex/Build/Intermediates.noindex/KanpanChart.build/Debug-iphonesimulator/KanpanChart.build/Objects-normal/arm64/KanpanChart-OutputFileMap.json

WriteAuxiliaryFile /Users/mdd/zhk/kanpan/KanpanChart/.xcbuild-codex/Build/Intermediates.noindex/KanpanChart.build/Debug-iphonesimulator/KanpanChart.build/KanpanChart.modulemap (in target 'KanpanChart' from project 'KanpanChart')
    cd /Users/mdd/zhk/kanpan/KanpanChart
    write-file /Users/mdd/zhk/kanpan/KanpanChart/.xcbuild-codex/Build/Intermediates.noindex/KanpanChart.build/Debug-iphonesimulator/KanpanChart.build/KanpanChart.modulemap

WriteAuxiliaryFile /Users/mdd/zhk/kanpan/KanpanChart/.xcbuild-codex/Build/Intermediates.noindex/KanpanChart.build/Debug-iphonesimulator/KanpanChart.build/KanpanChart.DependencyStaticMetadataFileList (in target 'KanpanChart' from project 'KanpanChart')
    cd /Users/mdd/zhk/kanpan/KanpanChart
    write-file /Users/mdd/zhk/kanpan/KanpanChart/.xcbuild-codex/Build/Intermediates.noindex/KanpanChart.build/Debug-iphonesimulator/KanpanChart.build/KanpanChart.DependencyStaticMetadataFileList

WriteAuxiliaryFile /Users/mdd/zhk/kanpan/KanpanChart/.xcbuild-codex/Build/Intermediates.noindex/KanpanChart.build/Debug-iphonesimulator/KanpanChart.build/KanpanChart.DependencyMetadataFileList (in target 'KanpanChart' from project 'KanpanChart')
    cd /Users/mdd/zhk/kanpan/KanpanChart
    write-file /Users/mdd/zhk/kanpan/KanpanChart/.xcbuild-codex/Build/Intermediates.noindex/KanpanChart.build/Debug-iphonesimulator/KanpanChart.build/KanpanChart.DependencyMetadataFileList

MkDir /Users/mdd/zhk/kanpan/KanpanChart/.xcbuild-codex/Build/Products/Debug-iphonesimulator/KanpanChartTests.xctest (in target 'KanpanChartTests' from project 'KanpanChart')
    cd /Users/mdd/zhk/kanpan/KanpanChart
    /bin/mkdir -p /Users/mdd/zhk/kanpan/KanpanChart/.xcbuild-codex/Build/Products/Debug-iphonesimulator/KanpanChartTests.xctest

Copy /Users/mdd/zhk/kanpan/KanpanChart/.xcbuild-codex/Build/Intermediates.noindex/GeneratedModuleMaps-iphonesimulator/KanpanChart.modulemap /Users/mdd/zhk/kanpan/KanpanChart/.xcbuild-codex/Build/Intermediates.noindex/KanpanChart.build/Debug-iphonesimulator/KanpanChart.build/KanpanChart.modulemap (in target 'KanpanChart' from project 'KanpanChart')
    cd /Users/mdd/zhk/kanpan/KanpanChart
    builtin-copy -exclude .DS_Store -exclude CVS -exclude .svn -exclude .git -exclude .hg -resolve-src-symlinks /Users/mdd/zhk/kanpan/KanpanChart/.xcbuild-codex/Build/Intermediates.noindex/KanpanChart.build/Debug-iphonesimulator/KanpanChart.build/KanpanChart.modulemap /Users/mdd/zhk/kanpan/KanpanChart/.xcbuild-codex/Build/Intermediates.noindex/GeneratedModuleMaps-iphonesimulator

ProcessInfoPlistFile /Users/mdd/zhk/kanpan/KanpanChart/.xcbuild-codex/Build/Products/Debug-iphonesimulator/KanpanChart_KanpanChartTests.bundle/Info.plist /Users/mdd/zhk/kanpan/KanpanChart/.xcbuild-codex/Build/Intermediates.noindex/KanpanChart.build/Debug-iphonesimulator/KanpanChart_KanpanChartTests.build/empty-KanpanChart_KanpanChartTests.plist (in target 'KanpanChart_KanpanChartTests' from project 'KanpanChart')
    cd /Users/mdd/zhk/kanpan/KanpanChart
    builtin-infoPlistUtility /Users/mdd/zhk/kanpan/KanpanChart/.xcbuild-codex/Build/Intermediates.noindex/KanpanChart.build/Debug-iphonesimulator/KanpanChart_KanpanChartTests.build/empty-KanpanChart_KanpanChartTests.plist -producttype com.apple.product-type.bundle -expandbuildsettings -format binary -platform iphonesimulator -o /Users/mdd/zhk/kanpan/KanpanChart/.xcbuild-codex/Build/Products/Debug-iphonesimulator/KanpanChart_KanpanChartTests.bundle/Info.plist

CpResource /Users/mdd/zhk/kanpan/KanpanChart/.xcbuild-codex/Build/Products/Debug-iphonesimulator/KanpanChart_KanpanChartTests.bundle/Fixtures /Users/mdd/zhk/kanpan/KanpanChart/Tests/KanpanChartTests/Fixtures (in target 'KanpanChart_KanpanChartTests' from project 'KanpanChart')
    cd /Users/mdd/zhk/kanpan/KanpanChart
    builtin-copy -exclude .DS_Store -exclude CVS -exclude .svn -exclude .git -exclude .hg -resolve-src-symlinks /Users/mdd/zhk/kanpan/KanpanChart/Tests/KanpanChartTests/Fixtures /Users/mdd/zhk/kanpan/KanpanChart/.xcbuild-codex/Build/Products/Debug-iphonesimulator/KanpanChart_KanpanChartTests.bundle

CodeSign /Users/mdd/zhk/kanpan/KanpanChart/.xcbuild-codex/Build/Products/Debug-iphonesimulator/KanpanChart_KanpanChartTests.bundle (in target 'KanpanChart_KanpanChartTests' from project 'KanpanChart')
    cd /Users/mdd/zhk/kanpan/KanpanChart
    
    Signing Identity:     "Sign to Run Locally"
    
    /usr/bin/codesign --force --sign - --timestamp\=none --generate-entitlement-der /Users/mdd/zhk/kanpan/KanpanChart/.xcbuild-codex/Build/Products/Debug-iphonesimulator/KanpanChart_KanpanChartTests.bundle

RegisterExecutionPolicyException /Users/mdd/zhk/kanpan/KanpanChart/.xcbuild-codex/Build/Products/Debug-iphonesimulator/KanpanChart_KanpanChartTests.bundle (in target 'KanpanChart_KanpanChartTests' from project 'KanpanChart')
    cd /Users/mdd/zhk/kanpan/KanpanChart
    builtin-RegisterExecutionPolicyException /Users/mdd/zhk/kanpan/KanpanChart/.xcbuild-codex/Build/Products/Debug-iphonesimulator/KanpanChart_KanpanChartTests.bundle

Touch /Users/mdd/zhk/kanpan/KanpanChart/.xcbuild-codex/Build/Products/Debug-iphonesimulator/KanpanChart_KanpanChartTests.bundle (in target 'KanpanChart_KanpanChartTests' from project 'KanpanChart')
    cd /Users/mdd/zhk/kanpan/KanpanChart
    /usr/bin/touch -c /Users/mdd/zhk/kanpan/KanpanChart/.xcbuild-codex/Build/Products/Debug-iphonesimulator/KanpanChart_KanpanChartTests.bundle

SwiftDriver KanpanCore normal arm64 com.apple.xcode.tools.swift.compiler (in target 'KanpanCore' from project 'KanpanCore')
    cd /Users/mdd/zhk/kanpan/KanpanChart/.swiftpm/xcode
    builtin-SwiftDriver -- /Applications/Xcode.app/Contents/Developer/Toolchains/XcodeDefault.xctoolchain/usr/bin/swiftc -module-name KanpanCore -Onone @/Users/mdd/zhk/kanpan/KanpanChart/.xcbuild-codex/Build/Intermediates.noindex/KanpanCore.build/Debug-iphonesimulator/KanpanCore.build/Objects-normal/arm64/KanpanCore.SwiftFileList -DSWIFT_PACKAGE -DDEBUG -DSWIFT_MODULE_RESOURCE_BUNDLE_UNAVAILABLE -DXcode -plugin-path /Applications/Xcode.app/Contents/Developer/Toolchains/XcodeDefault.xctoolchain/usr/lib/swift/host/plugins/testing -enable-experimental-feature DebugDescriptionMacro -sdk /Applications/Xcode.app/Contents/Developer/Platforms/iPhoneSimulator.platform/Developer/SDKs/iPhoneSimulator26.5.sdk -target arm64-apple-ios17.0-simulator -g -module-cache-path /Users/mdd/zhk/kanpan/KanpanChart/.xcbuild-codex/ModuleCache.noindex -Xfrontend -serialize-debugging-options -profile-coverage-mapping -profile-generate -enable-testing -suppress-warnings -index-store-path /Users/mdd/zhk/kanpan/KanpanChart/.xcbuild-codex/Index.noindex/DataStore -Xcc -D_LIBCPP_HARDENING_MODE\=_LIBCPP_HARDENING_MODE_DEBUG -swift-version 6 -I /Users/mdd/zhk/kanpan/KanpanChart/.xcbuild-codex/Build/Products/Debug-iphonesimulator -Isystem /Applications/Xcode.app/Contents/Developer/Platforms/iPhoneSimulator.platform/Developer/usr/lib -F /Users/mdd/zhk/kanpan/KanpanChart/.xcbuild-codex/Build/Products/Debug-iphonesimulator -F /Applications/Xcode.app/Contents/Developer/Platforms/iPhoneSimulator.platform/Developer/Library/Frameworks -F /Applications/Xcode.app/Contents/Developer/Platforms/iPhoneSimulator.platform/Developer/SDKs/iPhoneSimulator26.5.sdk/Developer/Library/Frameworks -c -j10 -enable-batch-mode -incremental -Xcc -ivfsstatcache -Xcc /Users/mdd/zhk/kanpan/KanpanChart/.xcbuild-codex/SDKStatCaches.noindex/iphonesimulator26.5-23F81a-6cfe768891a92b912361537c460fe42b.sdkstatcache -output-file-map /Users/mdd/zhk/kanpan/KanpanChart/.xcbuild-codex/Build/Intermediates.noindex/KanpanCore.build/Debug-iphonesimulator/KanpanCore.build/Objects-normal/arm64/KanpanCore-OutputFileMap.json -use-frontend-parseable-output -save-temps -no-color-diagnostics -explicit-module-build -module-cache-path /Users/mdd/zhk/kanpan/KanpanChart/.xcbuild-codex/Build/Intermediates.noindex/SwiftExplicitPrecompiledModules -clang-scanner-module-cache-path /Users/mdd/zhk/kanpan/KanpanChart/.xcbuild-codex/ModuleCache.noindex -sdk-module-cache-path /Users/mdd/zhk/kanpan/KanpanChart/.xcbuild-codex/ModuleCache.noindex -serialize-diagnostics -emit-dependencies -emit-module -emit-module-path /Users/mdd/zhk/kanpan/KanpanChart/.xcbuild-codex/Build/Intermediates.noindex/KanpanCore.build/Debug-iphonesimulator/KanpanCore.build/Objects-normal/arm64/KanpanCore.swiftmodule -validate-clang-modules-once -clang-build-session-file /Users/mdd/zhk/kanpan/KanpanChart/.xcbuild-codex/ModuleCache.noindex/Session.modulevalidation -package-name kanpancore -Xcc -I/Users/mdd/zhk/kanpan/KanpanChart/.xcbuild-codex/Build/Intermediates.noindex/KanpanCore.build/Debug-iphonesimulator/KanpanCore.build/swift-overrides.hmap -emit-const-values -Xfrontend -const-gather-protocols-file -Xfrontend /Users/mdd/zhk/kanpan/KanpanChart/.xcbuild-codex/Build/Intermediates.noindex/KanpanCore.build/Debug-iphonesimulator/KanpanCore.build/Objects-normal/arm64/KanpanCore_const_extract_protocols.json -Xcc -I/Users/mdd/zhk/kanpan/KanpanChart/.xcbuild-codex/Build/Products/Debug-iphonesimulator/include -Xcc -I/Users/mdd/zhk/kanpan/KanpanChart/.xcbuild-codex/Build/Intermediates.noindex/KanpanCore.build/Debug-iphonesimulator/KanpanCore.build/DerivedSources-normal/arm64 -Xcc -I/Users/mdd/zhk/kanpan/KanpanChart/.xcbuild-codex/Build/Intermediates.noindex/KanpanCore.build/Debug-iphonesimulator/KanpanCore.build/DerivedSources/arm64 -Xcc -I/Users/mdd/zhk/kanpan/KanpanChart/.xcbuild-codex/Build/Intermediates.noindex/KanpanCore.build/Debug-iphonesimulator/KanpanCore.build/DerivedSources -Xcc -DSWIFT_PACKAGE -Xcc -DDEBUG\=1 -emit-objc-header -emit-objc-header-path /Users/mdd/zhk/kanpan/KanpanChart/.xcbuild-codex/Build/Intermediates.noindex/KanpanCore.build/Debug-iphonesimulator/KanpanCore.build/Objects-normal/arm64/KanpanCore-Swift.h -working-directory /Users/mdd/zhk/kanpan/KanpanChart/.swiftpm/xcode -experimental-emit-module-separately -disable-cmo

SwiftExplicitDependencyGeneratePcm arm64 /Users/mdd/zhk/kanpan/KanpanChart/.xcbuild-codex/ModuleCache.noindex/_Builtin_stddef-4TR3755RFQXWKJ1DDAXRTH6BU.pcm

SwiftExplicitDependencyGeneratePcm arm64 /Users/mdd/zhk/kanpan/KanpanChart/.xcbuild-codex/ModuleCache.noindex/_Builtin_stdbool-E3A86K59VPD7AQ8U5B7T18N31.pcm

SwiftExplicitDependencyGeneratePcm arm64 /Users/mdd/zhk/kanpan/KanpanChart/.xcbuild-codex/ModuleCache.noindex/_Builtin_float-BLNR9BZX2N6NCHNT7WCOOPMHE.pcm

SwiftExplicitDependencyGeneratePcm arm64 /Users/mdd/zhk/kanpan/KanpanChart/.xcbuild-codex/ModuleCache.noindex/_AvailabilityInternal-DGZ3A7QOV1BN44PRKWPG4JV6B.pcm

SwiftExplicitDependencyGeneratePcm arm64 /Users/mdd/zhk/kanpan/KanpanChart/.xcbuild-codex/ModuleCache.noindex/_Builtin_stdarg-60OWNWMM5C5YXCP6UR22SMILZ.pcm

SwiftExplicitDependencyGeneratePcm arm64 /Users/mdd/zhk/kanpan/KanpanChart/.xcbuild-codex/ModuleCache.noindex/_SwiftConcurrencyShims-3MMXDA5ALIOSQV88T92ILLG16.pcm

SwiftExplicitDependencyGeneratePcm arm64 /Users/mdd/zhk/kanpan/KanpanChart/.xcbuild-codex/ModuleCache.noindex/ptrauth-57ZAHIC4D1XTE5VRH0M7SNC68.pcm

SwiftExplicitDependencyGeneratePcm arm64 /Users/mdd/zhk/kanpan/KanpanChart/.xcbuild-codex/ModuleCache.noindex/SwiftShims-8WP95ZERENUJBGHJBWIBW2JFL.pcm

SwiftExplicitDependencyGeneratePcm arm64 /Users/mdd/zhk/kanpan/KanpanChart/.xcbuild-codex/ModuleCache.noindex/ptrcheck-A0VLRQSBW9RIV3VD9H7JWNWMW.pcm

SwiftExplicitDependencyGeneratePcm arm64 /Users/mdd/zhk/kanpan/KanpanChart/.xcbuild-codex/ModuleCache.noindex/_DarwinFoundation1-3JER5S018Y3T07FRIZZO2EZQJ.pcm

SwiftExplicitDependencyGeneratePcm arm64 /Users/mdd/zhk/kanpan/KanpanChart/.xcbuild-codex/ModuleCache.noindex/_Builtin_limits-8EMX1JHBOCQEGPNCOF538406Q.pcm

SwiftExplicitDependencyGeneratePcm arm64 /Users/mdd/zhk/kanpan/KanpanChart/.xcbuild-codex/ModuleCache.noindex/_DarwinFoundation2-1INHFMHZTXXN2JLASZ52TMNCP.pcm

SwiftExplicitDependencyGeneratePcm arm64 /Users/mdd/zhk/kanpan/KanpanChart/.xcbuild-codex/ModuleCache.noindex/sys_types-6JVQE755VZISM7EDAWNZEHT2V.pcm

SwiftExplicitDependencyGeneratePcm arm64 /Users/mdd/zhk/kanpan/KanpanChart/.xcbuild-codex/ModuleCache.noindex/_Builtin_stdint-6QK0OTBKL2E6F890A7LS477V5.pcm

SwiftExplicitDependencyGeneratePcm arm64 /Users/mdd/zhk/kanpan/KanpanChart/.xcbuild-codex/ModuleCache.noindex/_DarwinFoundation3-8PLUMH1T5W2QB0IEWWMB7JDQL.pcm

SwiftExplicitDependencyGeneratePcm arm64 /Users/mdd/zhk/kanpan/KanpanChart/.xcbuild-codex/ModuleCache.noindex/_Builtin_inttypes-6DVJ6R1GMG28XJPHH59TNWB2T.pcm

SwiftExplicitDependencyGeneratePcm arm64 /Users/mdd/zhk/kanpan/KanpanChart/.xcbuild-codex/ModuleCache.noindex/Darwin-9JD6DKTCP5KIGKL0NLWKRWO7V.pcm

SwiftExplicitDependencyGeneratePcm arm64 /Users/mdd/zhk/kanpan/KanpanChart/.xcbuild-codex/ModuleCache.noindex/ObjectiveC-A0H1I6AJ39EB0MU0XDQWCHGS0.pcm

SwiftExplicitDependencyGeneratePcm arm64 /Users/mdd/zhk/kanpan/KanpanChart/.xcbuild-codex/ModuleCache.noindex/os_object-4SUBP5O0OB2PGXSY5B5GPLJ4L.pcm

SwiftExplicitDependencyGeneratePcm arm64 /Users/mdd/zhk/kanpan/KanpanChart/.xcbuild-codex/ModuleCache.noindex/os_workgroup-2ME0Z4L6QZF0E44PDQC6L5O4G.pcm

SwiftExplicitDependencyGeneratePcm arm64 /Users/mdd/zhk/kanpan/KanpanChart/.xcbuild-codex/ModuleCache.noindex/Dispatch-SEPP0YLV8LO43ABFD41TC881.pcm

SwiftExplicitDependencyGeneratePcm arm64 /Users/mdd/zhk/kanpan/KanpanChart/.xcbuild-codex/ModuleCache.noindex/CoreFoundation-DY2XR702WFS5RVVQH1RMQWO45.pcm

SwiftExplicitDependencyGeneratePcm arm64 /Users/mdd/zhk/kanpan/KanpanChart/.xcbuild-codex/ModuleCache.noindex/XPC-356LMUKBH2WDY870335L36E4V.pcm

SwiftExplicitDependencyGeneratePcm arm64 /Users/mdd/zhk/kanpan/KanpanChart/.xcbuild-codex/ModuleCache.noindex/CFNetwork-CG085HMKQM62DIHSZ2EF0OB3Y.pcm

SwiftExplicitDependencyGeneratePcm arm64 /Users/mdd/zhk/kanpan/KanpanChart/.xcbuild-codex/ModuleCache.noindex/Security-A2NTLFX7UL6HHO9BS4MXN67ZO.pcm

SwiftExplicitDependencyGeneratePcm arm64 /Users/mdd/zhk/kanpan/KanpanChart/.xcbuild-codex/ModuleCache.noindex/Foundation-1W089IQUCN79Y9O0FVPLURFSZ.pcm

SwiftCompile normal arm64 Compiling\ Bar.swift,\ BarSeries.swift,\ HeikinAshi.swift /Users/mdd/zhk/kanpan/KanpanCore/Sources/KanpanCore/Model/Bar.swift /Users/mdd/zhk/kanpan/KanpanCore/Sources/KanpanCore/Model/BarSeries.swift /Users/mdd/zhk/kanpan/KanpanCore/Sources/KanpanCore/Model/HeikinAshi.swift (in target 'KanpanCore' from project 'KanpanCore')

SwiftCompile normal arm64 /Users/mdd/zhk/kanpan/KanpanCore/Sources/KanpanCore/Model/Bar.swift (in target 'KanpanCore' from project 'KanpanCore')
    cd /Users/mdd/zhk/kanpan/KanpanChart/.swiftpm/xcode
    

SwiftCompile normal arm64 /Users/mdd/zhk/kanpan/KanpanCore/Sources/KanpanCore/Model/BarSeries.swift (in target 'KanpanCore' from project 'KanpanCore')
    cd /Users/mdd/zhk/kanpan/KanpanChart/.swiftpm/xcode
    

SwiftCompile normal arm64 /Users/mdd/zhk/kanpan/KanpanCore/Sources/KanpanCore/Model/HeikinAshi.swift (in target 'KanpanCore' from project 'KanpanCore')
    cd /Users/mdd/zhk/kanpan/KanpanChart/.swiftpm/xcode
    

SwiftCompile normal arm64 Compiling\ Interval.swift,\ SymbolInfo.swift /Users/mdd/zhk/kanpan/KanpanCore/Sources/KanpanCore/Model/Interval.swift /Users/mdd/zhk/kanpan/KanpanCore/Sources/KanpanCore/Model/SymbolInfo.swift (in target 'KanpanCore' from project 'KanpanCore')

SwiftCompile normal arm64 /Users/mdd/zhk/kanpan/KanpanCore/Sources/KanpanCore/Model/Interval.swift (in target 'KanpanCore' from project 'KanpanCore')
    cd /Users/mdd/zhk/kanpan/KanpanChart/.swiftpm/xcode
    

SwiftCompile normal arm64 /Users/mdd/zhk/kanpan/KanpanCore/Sources/KanpanCore/Model/SymbolInfo.swift (in target 'KanpanCore' from project 'KanpanCore')
    cd /Users/mdd/zhk/kanpan/KanpanChart/.swiftpm/xcode
    

SwiftCompile normal arm64 Compiling\ IncrementalLines.swift,\ IndicatorEngine.swift,\ IndicatorID.swift /Users/mdd/zhk/kanpan/KanpanCore/Sources/KanpanCore/Indicator/IncrementalLines.swift /Users/mdd/zhk/kanpan/KanpanCore/Sources/KanpanCore/Indicator/IndicatorEngine.swift /Users/mdd/zhk/kanpan/KanpanCore/Sources/KanpanCore/Indicator/IndicatorID.swift (in target 'KanpanCore' from project 'KanpanCore')

SwiftCompile normal arm64 /Users/mdd/zhk/kanpan/KanpanCore/Sources/KanpanCore/Indicator/IncrementalLines.swift (in target 'KanpanCore' from project 'KanpanCore')
    cd /Users/mdd/zhk/kanpan/KanpanChart/.swiftpm/xcode
    

SwiftCompile normal arm64 /Users/mdd/zhk/kanpan/KanpanCore/Sources/KanpanCore/Indicator/IndicatorEngine.swift (in target 'KanpanCore' from project 'KanpanCore')
    cd /Users/mdd/zhk/kanpan/KanpanChart/.swiftpm/xcode
    

SwiftCompile normal arm64 /Users/mdd/zhk/kanpan/KanpanCore/Sources/KanpanCore/Indicator/IndicatorID.swift (in target 'KanpanCore' from project 'KanpanCore')
    cd /Users/mdd/zhk/kanpan/KanpanChart/.swiftpm/xcode
    

SwiftEmitModule normal arm64 Emitting\ module\ for\ KanpanCore (in target 'KanpanCore' from project 'KanpanCore')

EmitSwiftModule normal arm64 (in target 'KanpanCore' from project 'KanpanCore')
    cd /Users/mdd/zhk/kanpan/KanpanChart/.swiftpm/xcode
    

SwiftCompile normal arm64 Compiling\ CandleStyle.swift,\ Palette.swift /Users/mdd/zhk/kanpan/KanpanCore/Sources/KanpanCore/Style/CandleStyle.swift /Users/mdd/zhk/kanpan/KanpanCore/Sources/KanpanCore/Style/Palette.swift (in target 'KanpanCore' from project 'KanpanCore')

SwiftCompile normal arm64 /Users/mdd/zhk/kanpan/KanpanCore/Sources/KanpanCore/Style/CandleStyle.swift (in target 'KanpanCore' from project 'KanpanCore')
    cd /Users/mdd/zhk/kanpan/KanpanChart/.swiftpm/xcode
    

SwiftCompile normal arm64 /Users/mdd/zhk/kanpan/KanpanCore/Sources/KanpanCore/Style/Palette.swift (in target 'KanpanCore' from project 'KanpanCore')
    cd /Users/mdd/zhk/kanpan/KanpanChart/.swiftpm/xcode
    

SwiftCompile normal arm64 Compiling\ Indicators.swift,\ Math.swift,\ Aggregator.swift /Users/mdd/zhk/kanpan/KanpanCore/Sources/KanpanCore/Indicator/Indicators.swift /Users/mdd/zhk/kanpan/KanpanCore/Sources/KanpanCore/Indicator/Math.swift /Users/mdd/zhk/kanpan/KanpanCore/Sources/KanpanCore/Model/Aggregator.swift (in target 'KanpanCore' from project 'KanpanCore')

SwiftCompile normal arm64 /Users/mdd/zhk/kanpan/KanpanCore/Sources/KanpanCore/Indicator/Indicators.swift (in target 'KanpanCore' from project 'KanpanCore')
    cd /Users/mdd/zhk/kanpan/KanpanChart/.swiftpm/xcode
    

SwiftCompile normal arm64 /Users/mdd/zhk/kanpan/KanpanCore/Sources/KanpanCore/Indicator/Math.swift (in target 'KanpanCore' from project 'KanpanCore')
    cd /Users/mdd/zhk/kanpan/KanpanChart/.swiftpm/xcode
    

SwiftCompile normal arm64 /Users/mdd/zhk/kanpan/KanpanCore/Sources/KanpanCore/Model/Aggregator.swift (in target 'KanpanCore' from project 'KanpanCore')
    cd /Users/mdd/zhk/kanpan/KanpanChart/.swiftpm/xcode
    

SwiftCompile normal arm64 Compiling\ Ticks.swift,\ ViewTransition.swift,\ ViewWindow.swift /Users/mdd/zhk/kanpan/KanpanCore/Sources/KanpanCore/Geometry/Ticks.swift /Users/mdd/zhk/kanpan/KanpanCore/Sources/KanpanCore/Geometry/ViewTransition.swift /Users/mdd/zhk/kanpan/KanpanCore/Sources/KanpanCore/Geometry/ViewWindow.swift (in target 'KanpanCore' from project 'KanpanCore')
SwiftCompile normal arm64 /Users/mdd/zhk/kanpan/KanpanCore/Sources/KanpanCore/Geometry/Ticks.swift (in target 'KanpanCore' from project 'KanpanCore')
    cd /Users/mdd/zhk/kanpan/KanpanChart/.swiftpm/xcode
    

SwiftCompile normal arm64 /Users/mdd/zhk/kanpan/KanpanCore/Sources/KanpanCore/Geometry/ViewTransition.swift (in target 'KanpanCore' from project 'KanpanCore')
    cd /Users/mdd/zhk/kanpan/KanpanChart/.swiftpm/xcode
    

SwiftCompile normal arm64 /Users/mdd/zhk/kanpan/KanpanCore/Sources/KanpanCore/Geometry/ViewWindow.swift (in target 'KanpanCore' from project 'KanpanCore')
    cd /Users/mdd/zhk/kanpan/KanpanChart/.swiftpm/xcode
    

SwiftCompile normal arm64 Compiling\ CandleWidths.swift,\ Clamp.swift,\ Constants.swift /Users/mdd/zhk/kanpan/KanpanCore/Sources/KanpanCore/Geometry/CandleWidths.swift /Users/mdd/zhk/kanpan/KanpanCore/Sources/KanpanCore/Geometry/Clamp.swift /Users/mdd/zhk/kanpan/KanpanCore/Sources/KanpanCore/Geometry/Constants.swift (in target 'KanpanCore' from project 'KanpanCore')
SwiftCompile normal arm64 /Users/mdd/zhk/kanpan/KanpanCore/Sources/KanpanCore/Geometry/CandleWidths.swift (in target 'KanpanCore' from project 'KanpanCore')
    cd /Users/mdd/zhk/kanpan/KanpanChart/.swiftpm/xcode
    

SwiftCompile normal arm64 /Users/mdd/zhk/kanpan/KanpanCore/Sources/KanpanCore/Geometry/Clamp.swift (in target 'KanpanCore' from project 'KanpanCore')
    cd /Users/mdd/zhk/kanpan/KanpanChart/.swiftpm/xcode
    

SwiftCompile normal arm64 /Users/mdd/zhk/kanpan/KanpanCore/Sources/KanpanCore/Geometry/Constants.swift (in target 'KanpanCore' from project 'KanpanCore')
    cd /Users/mdd/zhk/kanpan/KanpanChart/.swiftpm/xcode
    

SwiftCompile normal arm64 Compiling\ Fling.swift,\ Layout.swift,\ PriceScale.swift /Users/mdd/zhk/kanpan/KanpanCore/Sources/KanpanCore/Geometry/Fling.swift /Users/mdd/zhk/kanpan/KanpanCore/Sources/KanpanCore/Geometry/Layout.swift /Users/mdd/zhk/kanpan/KanpanCore/Sources/KanpanCore/Geometry/PriceScale.swift (in target 'KanpanCore' from project 'KanpanCore')

SwiftCompile normal arm64 /Users/mdd/zhk/kanpan/KanpanCore/Sources/KanpanCore/Geometry/Fling.swift (in target 'KanpanCore' from project 'KanpanCore')
    cd /Users/mdd/zhk/kanpan/KanpanChart/.swiftpm/xcode
    

SwiftCompile normal arm64 /Users/mdd/zhk/kanpan/KanpanCore/Sources/KanpanCore/Geometry/Layout.swift (in target 'KanpanCore' from project 'KanpanCore')
    cd /Users/mdd/zhk/kanpan/KanpanChart/.swiftpm/xcode
    

SwiftCompile normal arm64 /Users/mdd/zhk/kanpan/KanpanCore/Sources/KanpanCore/Geometry/PriceScale.swift (in target 'KanpanCore' from project 'KanpanCore')
    cd /Users/mdd/zhk/kanpan/KanpanChart/.swiftpm/xcode
    

SwiftCompile normal arm64 Compiling\ AICoinBehavior.swift,\ ChartOptions.swift,\ DrawEdit.swift /Users/mdd/zhk/kanpan/KanpanCore/Sources/KanpanCore/Chart/AICoinBehavior.swift /Users/mdd/zhk/kanpan/KanpanCore/Sources/KanpanCore/Chart/ChartOptions.swift /Users/mdd/zhk/kanpan/KanpanCore/Sources/KanpanCore/Drawing/DrawEdit.swift (in target 'KanpanCore' from project 'KanpanCore')

SwiftCompile normal arm64 /Users/mdd/zhk/kanpan/KanpanCore/Sources/KanpanCore/Chart/AICoinBehavior.swift (in target 'KanpanCore' from project 'KanpanCore')
    cd /Users/mdd/zhk/kanpan/KanpanChart/.swiftpm/xcode
    

SwiftCompile normal arm64 /Users/mdd/zhk/kanpan/KanpanCore/Sources/KanpanCore/Chart/ChartOptions.swift (in target 'KanpanCore' from project 'KanpanCore')
    cd /Users/mdd/zhk/kanpan/KanpanChart/.swiftpm/xcode
    

SwiftCompile normal arm64 /Users/mdd/zhk/kanpan/KanpanCore/Sources/KanpanCore/Drawing/DrawEdit.swift (in target 'KanpanCore' from project 'KanpanCore')
    cd /Users/mdd/zhk/kanpan/KanpanChart/.swiftpm/xcode
    

SwiftCompile normal arm64 Compiling\ DrawStore.swift,\ Drawing.swift,\ Format.swift /Users/mdd/zhk/kanpan/KanpanCore/Sources/KanpanCore/Drawing/DrawStore.swift /Users/mdd/zhk/kanpan/KanpanCore/Sources/KanpanCore/Drawing/Drawing.swift /Users/mdd/zhk/kanpan/KanpanCore/Sources/KanpanCore/Format/Format.swift (in target 'KanpanCore' from project 'KanpanCore')
SwiftCompile normal arm64 /Users/mdd/zhk/kanpan/KanpanCore/Sources/KanpanCore/Drawing/DrawStore.swift (in target 'KanpanCore' from project 'KanpanCore')
    cd /Users/mdd/zhk/kanpan/KanpanChart/.swiftpm/xcode
    

SwiftCompile normal arm64 /Users/mdd/zhk/kanpan/KanpanCore/Sources/KanpanCore/Drawing/Drawing.swift (in target 'KanpanCore' from project 'KanpanCore')
    cd /Users/mdd/zhk/kanpan/KanpanChart/.swiftpm/xcode
    

SwiftCompile normal arm64 /Users/mdd/zhk/kanpan/KanpanCore/Sources/KanpanCore/Format/Format.swift (in target 'KanpanCore' from project 'KanpanCore')
    cd /Users/mdd/zhk/kanpan/KanpanChart/.swiftpm/xcode
    

SwiftDriverJobDiscovery normal arm64 Emitting module for KanpanCore (in target 'KanpanCore' from project 'KanpanCore')

SwiftDriver\ Compilation\ Requirements KanpanCore normal arm64 com.apple.xcode.tools.swift.compiler (in target 'KanpanCore' from project 'KanpanCore')
    cd /Users/mdd/zhk/kanpan/KanpanChart/.swiftpm/xcode
    builtin-Swift-Compilation-Requirements -- /Applications/Xcode.app/Contents/Developer/Toolchains/XcodeDefault.xctoolchain/usr/bin/swiftc -module-name KanpanCore -Onone @/Users/mdd/zhk/kanpan/KanpanChart/.xcbuild-codex/Build/Intermediates.noindex/KanpanCore.build/Debug-iphonesimulator/KanpanCore.build/Objects-normal/arm64/KanpanCore.SwiftFileList -DSWIFT_PACKAGE -DDEBUG -DSWIFT_MODULE_RESOURCE_BUNDLE_UNAVAILABLE -DXcode -plugin-path /Applications/Xcode.app/Contents/Developer/Toolchains/XcodeDefault.xctoolchain/usr/lib/swift/host/plugins/testing -enable-experimental-feature DebugDescriptionMacro -sdk /Applications/Xcode.app/Contents/Developer/Platforms/iPhoneSimulator.platform/Developer/SDKs/iPhoneSimulator26.5.sdk -target arm64-apple-ios17.0-simulator -g -module-cache-path /Users/mdd/zhk/kanpan/KanpanChart/.xcbuild-codex/ModuleCache.noindex -Xfrontend -serialize-debugging-options -profile-coverage-mapping -profile-generate -enable-testing -suppress-warnings -index-store-path /Users/mdd/zhk/kanpan/KanpanChart/.xcbuild-codex/Index.noindex/DataStore -Xcc -D_LIBCPP_HARDENING_MODE\=_LIBCPP_HARDENING_MODE_DEBUG -swift-version 6 -I /Users/mdd/zhk/kanpan/KanpanChart/.xcbuild-codex/Build/Products/Debug-iphonesimulator -Isystem /Applications/Xcode.app/Contents/Developer/Platforms/iPhoneSimulator.platform/Developer/usr/lib -F /Users/mdd/zhk/kanpan/KanpanChart/.xcbuild-codex/Build/Products/Debug-iphonesimulator -F /Applications/Xcode.app/Contents/Developer/Platforms/iPhoneSimulator.platform/Developer/Library/Frameworks -F /Applications/Xcode.app/Contents/Developer/Platforms/iPhoneSimulator.platform/Developer/SDKs/iPhoneSimulator26.5.sdk/Developer/Library/Frameworks -c -j10 -enable-batch-mode -incremental -Xcc -ivfsstatcache -Xcc /Users/mdd/zhk/kanpan/KanpanChart/.xcbuild-codex/SDKStatCaches.noindex/iphonesimulator26.5-23F81a-6cfe768891a92b912361537c460fe42b.sdkstatcache -output-file-map /Users/mdd/zhk/kanpan/KanpanChart/.xcbuild-codex/Build/Intermediates.noindex/KanpanCore.build/Debug-iphonesimulator/KanpanCore.build/Objects-normal/arm64/KanpanCore-OutputFileMap.json -use-frontend-parseable-output -save-temps -no-color-diagnostics -explicit-module-build -module-cache-path /Users/mdd/zhk/kanpan/KanpanChart/.xcbuild-codex/Build/Intermediates.noindex/SwiftExplicitPrecompiledModules -clang-scanner-module-cache-path /Users/mdd/zhk/kanpan/KanpanChart/.xcbuild-codex/ModuleCache.noindex -sdk-module-cache-path /Users/mdd/zhk/kanpan/KanpanChart/.xcbuild-codex/ModuleCache.noindex -serialize-diagnostics -emit-dependencies -emit-module -emit-module-path /Users/mdd/zhk/kanpan/KanpanChart/.xcbuild-codex/Build/Intermediates.noindex/KanpanCore.build/Debug-iphonesimulator/KanpanCore.build/Objects-normal/arm64/KanpanCore.swiftmodule -validate-clang-modules-once -clang-build-session-file /Users/mdd/zhk/kanpan/KanpanChart/.xcbuild-codex/ModuleCache.noindex/Session.modulevalidation -package-name kanpancore -Xcc -I/Users/mdd/zhk/kanpan/KanpanChart/.xcbuild-codex/Build/Intermediates.noindex/KanpanCore.build/Debug-iphonesimulator/KanpanCore.build/swift-overrides.hmap -emit-const-values -Xfrontend -const-gather-protocols-file -Xfrontend /Users/mdd/zhk/kanpan/KanpanChart/.xcbuild-codex/Build/Intermediates.noindex/KanpanCore.build/Debug-iphonesimulator/KanpanCore.build/Objects-normal/arm64/KanpanCore_const_extract_protocols.json -Xcc -I/Users/mdd/zhk/kanpan/KanpanChart/.xcbuild-codex/Build/Products/Debug-iphonesimulator/include -Xcc -I/Users/mdd/zhk/kanpan/KanpanChart/.xcbuild-codex/Build/Intermediates.noindex/KanpanCore.build/Debug-iphonesimulator/KanpanCore.build/DerivedSources-normal/arm64 -Xcc -I/Users/mdd/zhk/kanpan/KanpanChart/.xcbuild-codex/Build/Intermediates.noindex/KanpanCore.build/Debug-iphonesimulator/KanpanCore.build/DerivedSources/arm64 -Xcc -I/Users/mdd/zhk/kanpan/KanpanChart/.xcbuild-codex/Build/Intermediates.noindex/KanpanCore.build/Debug-iphonesimulator/KanpanCore.build/DerivedSources -Xcc -DSWIFT_PACKAGE -Xcc -DDEBUG\=1 -emit-objc-header -emit-objc-header-path /Users/mdd/zhk/kanpan/KanpanChart/.xcbuild-codex/Build/Intermediates.noindex/KanpanCore.build/Debug-iphonesimulator/KanpanCore.build/Objects-normal/arm64/KanpanCore-Swift.h -working-directory /Users/mdd/zhk/kanpan/KanpanChart/.swiftpm/xcode -experimental-emit-module-separately -disable-cmo

SwiftDriverJobDiscovery normal arm64 Compiling IncrementalLines.swift, IndicatorEngine.swift, IndicatorID.swift (in target 'KanpanCore' from project 'KanpanCore')

SwiftMergeGeneratedHeaders /Users/mdd/zhk/kanpan/KanpanChart/.xcbuild-codex/Build/Intermediates.noindex/GeneratedModuleMaps-iphonesimulator/KanpanCore-Swift.h /Users/mdd/zhk/kanpan/KanpanChart/.xcbuild-codex/Build/Intermediates.noindex/KanpanCore.build/Debug-iphonesimulator/KanpanCore.build/Objects-normal/arm64/KanpanCore-Swift.h (in target 'KanpanCore' from project 'KanpanCore')
    cd /Users/mdd/zhk/kanpan/KanpanCore
    builtin-swiftHeaderTool -arch arm64 /Users/mdd/zhk/kanpan/KanpanChart/.xcbuild-codex/Build/Intermediates.noindex/KanpanCore.build/Debug-iphonesimulator/KanpanCore.build/Objects-normal/arm64/KanpanCore-Swift.h -o /Users/mdd/zhk/kanpan/KanpanChart/.xcbuild-codex/Build/Intermediates.noindex/GeneratedModuleMaps-iphonesimulator/KanpanCore-Swift.h

Copy /Users/mdd/zhk/kanpan/KanpanChart/.xcbuild-codex/Build/Products/Debug-iphonesimulator/KanpanCore.swiftmodule/arm64-apple-ios-simulator.swiftmodule /Users/mdd/zhk/kanpan/KanpanChart/.xcbuild-codex/Build/Intermediates.noindex/KanpanCore.build/Debug-iphonesimulator/KanpanCore.build/Objects-normal/arm64/KanpanCore.swiftmodule (in target 'KanpanCore' from project 'KanpanCore')
    cd /Users/mdd/zhk/kanpan/KanpanCore
    builtin-copy -exclude .DS_Store -exclude CVS -exclude .svn -exclude .git -exclude .hg -resolve-src-symlinks -rename /Users/mdd/zhk/kanpan/KanpanChart/.xcbuild-codex/Build/Intermediates.noindex/KanpanCore.build/Debug-iphonesimulator/KanpanCore.build/Objects-normal/arm64/KanpanCore.swiftmodule /Users/mdd/zhk/kanpan/KanpanChart/.xcbuild-codex/Build/Products/Debug-iphonesimulator/KanpanCore.swiftmodule/arm64-apple-ios-simulator.swiftmodule

Copy /Users/mdd/zhk/kanpan/KanpanChart/.xcbuild-codex/Build/Products/Debug-iphonesimulator/KanpanCore.swiftmodule/arm64-apple-ios-simulator.swiftdoc /Users/mdd/zhk/kanpan/KanpanChart/.xcbuild-codex/Build/Intermediates.noindex/KanpanCore.build/Debug-iphonesimulator/KanpanCore.build/Objects-normal/arm64/KanpanCore.swiftdoc (in target 'KanpanCore' from project 'KanpanCore')
    cd /Users/mdd/zhk/kanpan/KanpanCore
    builtin-copy -exclude .DS_Store -exclude CVS -exclude .svn -exclude .git -exclude .hg -resolve-src-symlinks -rename /Users/mdd/zhk/kanpan/KanpanChart/.xcbuild-codex/Build/Intermediates.noindex/KanpanCore.build/Debug-iphonesimulator/KanpanCore.build/Objects-normal/arm64/KanpanCore.swiftdoc /Users/mdd/zhk/kanpan/KanpanChart/.xcbuild-codex/Build/Products/Debug-iphonesimulator/KanpanCore.swiftmodule/arm64-apple-ios-simulator.swiftdoc

Copy /Users/mdd/zhk/kanpan/KanpanChart/.xcbuild-codex/Build/Products/Debug-iphonesimulator/KanpanCore.swiftmodule/arm64-apple-ios-simulator.abi.json /Users/mdd/zhk/kanpan/KanpanChart/.xcbuild-codex/Build/Intermediates.noindex/KanpanCore.build/Debug-iphonesimulator/KanpanCore.build/Objects-normal/arm64/KanpanCore.abi.json (in target 'KanpanCore' from project 'KanpanCore')
    cd /Users/mdd/zhk/kanpan/KanpanCore
    builtin-copy -exclude .DS_Store -exclude CVS -exclude .svn -exclude .git -exclude .hg -resolve-src-symlinks -rename /Users/mdd/zhk/kanpan/KanpanChart/.xcbuild-codex/Build/Intermediates.noindex/KanpanCore.build/Debug-iphonesimulator/KanpanCore.build/Objects-normal/arm64/KanpanCore.abi.json /Users/mdd/zhk/kanpan/KanpanChart/.xcbuild-codex/Build/Products/Debug-iphonesimulator/KanpanCore.swiftmodule/arm64-apple-ios-simulator.abi.json

SwiftDriverJobDiscovery normal arm64 Compiling AICoinBehavior.swift, ChartOptions.swift, DrawEdit.swift (in target 'KanpanCore' from project 'KanpanCore')

Copy /Users/mdd/zhk/kanpan/KanpanChart/.xcbuild-codex/Build/Products/Debug-iphonesimulator/KanpanCore.swiftmodule/Project/arm64-apple-ios-simulator.swiftsourceinfo /Users/mdd/zhk/kanpan/KanpanChart/.xcbuild-codex/Build/Intermediates.noindex/KanpanCore.build/Debug-iphonesimulator/KanpanCore.build/Objects-normal/arm64/KanpanCore.swiftsourceinfo (in target 'KanpanCore' from project 'KanpanCore')
    cd /Users/mdd/zhk/kanpan/KanpanCore
    builtin-copy -exclude .DS_Store -exclude CVS -exclude .svn -exclude .git -exclude .hg -resolve-src-symlinks -rename /Users/mdd/zhk/kanpan/KanpanChart/.xcbuild-codex/Build/Intermediates.noindex/KanpanCore.build/Debug-iphonesimulator/KanpanCore.build/Objects-normal/arm64/KanpanCore.swiftsourceinfo /Users/mdd/zhk/kanpan/KanpanChart/.xcbuild-codex/Build/Products/Debug-iphonesimulator/KanpanCore.swiftmodule/Project/arm64-apple-ios-simulator.swiftsourceinfo

SwiftDriverJobDiscovery normal arm64 Compiling CandleStyle.swift, Palette.swift (in target 'KanpanCore' from project 'KanpanCore')

SwiftDriverJobDiscovery normal arm64 Compiling Interval.swift, SymbolInfo.swift (in target 'KanpanCore' from project 'KanpanCore')

SwiftDriverJobDiscovery normal arm64 Compiling Indicators.swift, Math.swift, Aggregator.swift (in target 'KanpanCore' from project 'KanpanCore')

SwiftDriverJobDiscovery normal arm64 Compiling Bar.swift, BarSeries.swift, HeikinAshi.swift (in target 'KanpanCore' from project 'KanpanCore')

SwiftDriverJobDiscovery normal arm64 Compiling Ticks.swift, ViewTransition.swift, ViewWindow.swift (in target 'KanpanCore' from project 'KanpanCore')

SwiftDriverJobDiscovery normal arm64 Compiling Fling.swift, Layout.swift, PriceScale.swift (in target 'KanpanCore' from project 'KanpanCore')

SwiftDriver KanpanChart normal arm64 com.apple.xcode.tools.swift.compiler (in target 'KanpanChart' from project 'KanpanChart')
    cd /Users/mdd/zhk/kanpan/KanpanChart/.swiftpm/xcode
    builtin-SwiftDriver -- /Applications/Xcode.app/Contents/Developer/Toolchains/XcodeDefault.xctoolchain/usr/bin/swiftc -module-name KanpanChart -Onone @/Users/mdd/zhk/kanpan/KanpanChart/.xcbuild-codex/Build/Intermediates.noindex/KanpanChart.build/Debug-iphonesimulator/KanpanChart.build/Objects-normal/arm64/KanpanChart.SwiftFileList -DSWIFT_PACKAGE -DDEBUG -DSWIFT_MODULE_RESOURCE_BUNDLE_UNAVAILABLE -DXcode -plugin-path /Applications/Xcode.app/Contents/Developer/Toolchains/XcodeDefault.xctoolchain/usr/lib/swift/host/plugins/testing -enable-experimental-feature DebugDescriptionMacro -sdk /Applications/Xcode.app/Contents/Developer/Platforms/iPhoneSimulator.platform/Developer/SDKs/iPhoneSimulator26.5.sdk -target arm64-apple-ios17.0-simulator -g -module-cache-path /Users/mdd/zhk/kanpan/KanpanChart/.xcbuild-codex/ModuleCache.noindex -Xfrontend -serialize-debugging-options -profile-coverage-mapping -profile-generate -enable-testing -index-store-path /Users/mdd/zhk/kanpan/KanpanChart/.xcbuild-codex/Index.noindex/DataStore -Xcc -D_LIBCPP_HARDENING_MODE\=_LIBCPP_HARDENING_MODE_DEBUG -swift-version 6 -I /Users/mdd/zhk/kanpan/KanpanChart/.xcbuild-codex/Build/Products/Debug-iphonesimulator -Isystem /Applications/Xcode.app/Contents/Developer/Platforms/iPhoneSimulator.platform/Developer/usr/lib -F /Users/mdd/zhk/kanpan/KanpanChart/.xcbuild-codex/Build/Products/Debug-iphonesimulator/PackageFrameworks -F /Users/mdd/zhk/kanpan/KanpanChart/.xcbuild-codex/Build/Products/Debug-iphonesimulator -F /Applications/Xcode.app/Contents/Developer/Platforms/iPhoneSimulator.platform/Developer/Library/Frameworks -F /Applications/Xcode.app/Contents/Developer/Platforms/iPhoneSimulator.platform/Developer/SDKs/iPhoneSimulator26.5.sdk/Developer/Library/Frameworks -c -j10 -enable-batch-mode -incremental -Xcc -ivfsstatcache -Xcc /Users/mdd/zhk/kanpan/KanpanChart/.xcbuild-codex/SDKStatCaches.noindex/iphonesimulator26.5-23F81a-6cfe768891a92b912361537c460fe42b.sdkstatcache -output-file-map /Users/mdd/zhk/kanpan/KanpanChart/.xcbuild-codex/Build/Intermediates.noindex/KanpanChart.build/Debug-iphonesimulator/KanpanChart.build/Objects-normal/arm64/KanpanChart-OutputFileMap.json -use-frontend-parseable-output -save-temps -no-color-diagnostics -explicit-module-build -module-cache-path /Users/mdd/zhk/kanpan/KanpanChart/.xcbuild-codex/Build/Intermediates.noindex/SwiftExplicitPrecompiledModules -clang-scanner-module-cache-path /Users/mdd/zhk/kanpan/KanpanChart/.xcbuild-codex/ModuleCache.noindex -sdk-module-cache-path /Users/mdd/zhk/kanpan/KanpanChart/.xcbuild-codex/ModuleCache.noindex -serialize-diagnostics -emit-dependencies -emit-module -emit-module-path /Users/mdd/zhk/kanpan/KanpanChart/.xcbuild-codex/Build/Intermediates.noindex/KanpanChart.build/Debug-iphonesimulator/KanpanChart.build/Objects-normal/arm64/KanpanChart.swiftmodule -validate-clang-modules-once -clang-build-session-file /Users/mdd/zhk/kanpan/KanpanChart/.xcbuild-codex/ModuleCache.noindex/Session.modulevalidation -package-name kanpanchart -Xcc -I/Users/mdd/zhk/kanpan/KanpanChart/.xcbuild-codex/Build/Intermediates.noindex/KanpanChart.build/Debug-iphonesimulator/KanpanChart.build/swift-overrides.hmap -emit-const-values -Xfrontend -const-gather-protocols-file -Xfrontend /Users/mdd/zhk/kanpan/KanpanChart/.xcbuild-codex/Build/Intermediates.noindex/KanpanChart.build/Debug-iphonesimulator/KanpanChart.build/Objects-normal/arm64/KanpanChart_const_extract_protocols.json -Xcc -I/Users/mdd/zhk/kanpan/KanpanChart/.xcbuild-codex/Build/Products/Debug-iphonesimulator/include -Xcc -I/Users/mdd/zhk/kanpan/KanpanChart/.xcbuild-codex/Build/Intermediates.noindex/KanpanChart.build/Debug-iphonesimulator/KanpanChart.build/DerivedSources-normal/arm64 -Xcc -I/Users/mdd/zhk/kanpan/KanpanChart/.xcbuild-codex/Build/Intermediates.noindex/KanpanChart.build/Debug-iphonesimulator/KanpanChart.build/DerivedSources/arm64 -Xcc -I/Users/mdd/zhk/kanpan/KanpanChart/.xcbuild-codex/Build/Intermediates.noindex/KanpanChart.build/Debug-iphonesimulator/KanpanChart.build/DerivedSources -Xcc -DSWIFT_PACKAGE -Xcc -DDEBUG\=1 -emit-objc-header -emit-objc-header-path /Users/mdd/zhk/kanpan/KanpanChart/.xcbuild-codex/Build/Intermediates.noindex/KanpanChart.build/Debug-iphonesimulator/KanpanChart.build/Objects-normal/arm64/KanpanChart-Swift.h -working-directory /Users/mdd/zhk/kanpan/KanpanChart/.swiftpm/xcode -experimental-emit-module-separately -disable-cmo

SwiftDriverJobDiscovery normal arm64 Compiling CandleWidths.swift, Clamp.swift, Constants.swift (in target 'KanpanCore' from project 'KanpanCore')

SwiftDriverJobDiscovery normal arm64 Compiling DrawStore.swift, Drawing.swift, Format.swift (in target 'KanpanCore' from project 'KanpanCore')

SwiftDriver\ Compilation KanpanCore normal arm64 com.apple.xcode.tools.swift.compiler (in target 'KanpanCore' from project 'KanpanCore')
    cd /Users/mdd/zhk/kanpan/KanpanChart/.swiftpm/xcode
    builtin-Swift-Compilation -- /Applications/Xcode.app/Contents/Developer/Toolchains/XcodeDefault.xctoolchain/usr/bin/swiftc -module-name KanpanCore -Onone @/Users/mdd/zhk/kanpan/KanpanChart/.xcbuild-codex/Build/Intermediates.noindex/KanpanCore.build/Debug-iphonesimulator/KanpanCore.build/Objects-normal/arm64/KanpanCore.SwiftFileList -DSWIFT_PACKAGE -DDEBUG -DSWIFT_MODULE_RESOURCE_BUNDLE_UNAVAILABLE -DXcode -plugin-path /Applications/Xcode.app/Contents/Developer/Toolchains/XcodeDefault.xctoolchain/usr/lib/swift/host/plugins/testing -enable-experimental-feature DebugDescriptionMacro -sdk /Applications/Xcode.app/Contents/Developer/Platforms/iPhoneSimulator.platform/Developer/SDKs/iPhoneSimulator26.5.sdk -target arm64-apple-ios17.0-simulator -g -module-cache-path /Users/mdd/zhk/kanpan/KanpanChart/.xcbuild-codex/ModuleCache.noindex -Xfrontend -serialize-debugging-options -profile-coverage-mapping -profile-generate -enable-testing -suppress-warnings -index-store-path /Users/mdd/zhk/kanpan/KanpanChart/.xcbuild-codex/Index.noindex/DataStore -Xcc -D_LIBCPP_HARDENING_MODE\=_LIBCPP_HARDENING_MODE_DEBUG -swift-version 6 -I /Users/mdd/zhk/kanpan/KanpanChart/.xcbuild-codex/Build/Products/Debug-iphonesimulator -Isystem /Applications/Xcode.app/Contents/Developer/Platforms/iPhoneSimulator.platform/Developer/usr/lib -F /Users/mdd/zhk/kanpan/KanpanChart/.xcbuild-codex/Build/Products/Debug-iphonesimulator -F /Applications/Xcode.app/Contents/Developer/Platforms/iPhoneSimulator.platform/Developer/Library/Frameworks -F /Applications/Xcode.app/Contents/Developer/Platforms/iPhoneSimulator.platform/Developer/SDKs/iPhoneSimulator26.5.sdk/Developer/Library/Frameworks -c -j10 -enable-batch-mode -incremental -Xcc -ivfsstatcache -Xcc /Users/mdd/zhk/kanpan/KanpanChart/.xcbuild-codex/SDKStatCaches.noindex/iphonesimulator26.5-23F81a-6cfe768891a92b912361537c460fe42b.sdkstatcache -output-file-map /Users/mdd/zhk/kanpan/KanpanChart/.xcbuild-codex/Build/Intermediates.noindex/KanpanCore.build/Debug-iphonesimulator/KanpanCore.build/Objects-normal/arm64/KanpanCore-OutputFileMap.json -use-frontend-parseable-output -save-temps -no-color-diagnostics -explicit-module-build -module-cache-path /Users/mdd/zhk/kanpan/KanpanChart/.xcbuild-codex/Build/Intermediates.noindex/SwiftExplicitPrecompiledModules -clang-scanner-module-cache-path /Users/mdd/zhk/kanpan/KanpanChart/.xcbuild-codex/ModuleCache.noindex -sdk-module-cache-path /Users/mdd/zhk/kanpan/KanpanChart/.xcbuild-codex/ModuleCache.noindex -serialize-diagnostics -emit-dependencies -emit-module -emit-module-path /Users/mdd/zhk/kanpan/KanpanChart/.xcbuild-codex/Build/Intermediates.noindex/KanpanCore.build/Debug-iphonesimulator/KanpanCore.build/Objects-normal/arm64/KanpanCore.swiftmodule -validate-clang-modules-once -clang-build-session-file /Users/mdd/zhk/kanpan/KanpanChart/.xcbuild-codex/ModuleCache.noindex/Session.modulevalidation -package-name kanpancore -Xcc -I/Users/mdd/zhk/kanpan/KanpanChart/.xcbuild-codex/Build/Intermediates.noindex/KanpanCore.build/Debug-iphonesimulator/KanpanCore.build/swift-overrides.hmap -emit-const-values -Xfrontend -const-gather-protocols-file -Xfrontend /Users/mdd/zhk/kanpan/KanpanChart/.xcbuild-codex/Build/Intermediates.noindex/KanpanCore.build/Debug-iphonesimulator/KanpanCore.build/Objects-normal/arm64/KanpanCore_const_extract_protocols.json -Xcc -I/Users/mdd/zhk/kanpan/KanpanChart/.xcbuild-codex/Build/Products/Debug-iphonesimulator/include -Xcc -I/Users/mdd/zhk/kanpan/KanpanChart/.xcbuild-codex/Build/Intermediates.noindex/KanpanCore.build/Debug-iphonesimulator/KanpanCore.build/DerivedSources-normal/arm64 -Xcc -I/Users/mdd/zhk/kanpan/KanpanChart/.xcbuild-codex/Build/Intermediates.noindex/KanpanCore.build/Debug-iphonesimulator/KanpanCore.build/DerivedSources/arm64 -Xcc -I/Users/mdd/zhk/kanpan/KanpanChart/.xcbuild-codex/Build/Intermediates.noindex/KanpanCore.build/Debug-iphonesimulator/KanpanCore.build/DerivedSources -Xcc -DSWIFT_PACKAGE -Xcc -DDEBUG\=1 -emit-objc-header -emit-objc-header-path /Users/mdd/zhk/kanpan/KanpanChart/.xcbuild-codex/Build/Intermediates.noindex/KanpanCore.build/Debug-iphonesimulator/KanpanCore.build/Objects-normal/arm64/KanpanCore-Swift.h -working-directory /Users/mdd/zhk/kanpan/KanpanChart/.swiftpm/xcode -experimental-emit-module-separately -disable-cmo

Ld /Users/mdd/zhk/kanpan/KanpanChart/.xcbuild-codex/Build/Products/Debug-iphonesimulator/KanpanCore.o normal (in target 'KanpanCore' from project 'KanpanCore')
    cd /Users/mdd/zhk/kanpan/KanpanCore
    /Applications/Xcode.app/Contents/Developer/Toolchains/XcodeDefault.xctoolchain/usr/bin/clang -Xlinker -reproducible -target arm64-apple-ios17.0-simulator -r -isysroot /Applications/Xcode.app/Contents/Developer/Platforms/iPhoneSimulator.platform/Developer/SDKs/iPhoneSimulator26.5.sdk -O0 -w -F/Users/mdd/zhk/kanpan/KanpanChart/.xcbuild-codex/Build/Intermediates.noindex/EagerLinkingTBDs/Debug-iphonesimulator -F/Users/mdd/zhk/kanpan/KanpanChart/.xcbuild-codex/Build/Products/Debug-iphonesimulator -iframework /Applications/Xcode.app/Contents/Developer/Platforms/iPhoneSimulator.platform/Developer/Library/Frameworks -iframework /Applications/Xcode.app/Contents/Developer/Platforms/iPhoneSimulator.platform/Developer/SDKs/iPhoneSimulator26.5.sdk/Developer/Library/Frameworks -filelist /Users/mdd/zhk/kanpan/KanpanChart/.xcbuild-codex/Build/Intermediates.noindex/KanpanCore.build/Debug-iphonesimulator/KanpanCore.build/Objects-normal/arm64/KanpanCore.LinkFileList -nostdlib -Xlinker -object_path_lto -Xlinker /Users/mdd/zhk/kanpan/KanpanChart/.xcbuild-codex/Build/Intermediates.noindex/KanpanCore.build/Debug-iphonesimulator/KanpanCore.build/Objects-normal/arm64/KanpanCore_lto.o -Xlinker -no_deduplicate -Xlinker -objc_abi_version -Xlinker 2 -Xlinker -debug_variant -Xlinker -dependency_info -Xlinker /Users/mdd/zhk/kanpan/KanpanChart/.xcbuild-codex/Build/Intermediates.noindex/KanpanCore.build/Debug-iphonesimulator/KanpanCore.build/Objects-normal/arm64/KanpanCore_dependency_info.dat -fobjc-link-runtime -L/Applications/Xcode.app/Contents/Developer/Toolchains/XcodeDefault.xctoolchain/usr/lib/swift/iphonesimulator -L/usr/lib/swift -Xlinker -add_ast_path -Xlinker /Users/mdd/zhk/kanpan/KanpanChart/.xcbuild-codex/Build/Intermediates.noindex/KanpanCore.build/Debug-iphonesimulator/KanpanCore.build/Objects-normal/arm64/KanpanCore.swiftmodule @/Users/mdd/zhk/kanpan/KanpanChart/.xcbuild-codex/Build/Intermediates.noindex/KanpanCore.build/Debug-iphonesimulator/KanpanCore.build/Objects-normal/arm64/KanpanCore-linker-args.resp -o /Users/mdd/zhk/kanpan/KanpanChart/.xcbuild-codex/Build/Products/Debug-iphonesimulator/KanpanCore.o

ExtractAppIntentsMetadata (in target 'KanpanCore' from project 'KanpanCore')
    cd /Users/mdd/zhk/kanpan/KanpanCore
    /Applications/Xcode.app/Contents/Developer/Toolchains/XcodeDefault.xctoolchain/usr/bin/appintentsmetadataprocessor --toolchain-dir /Applications/Xcode.app/Contents/Developer/Toolchains/XcodeDefault.xctoolchain --module-name KanpanCore --sdk-root /Applications/Xcode.app/Contents/Developer/Platforms/iPhoneSimulator.platform/Developer/SDKs/iPhoneSimulator26.5.sdk --xcode-version 17F113 --platform-family iOS --deployment-target 17.0 --bundle-identifier kanpancore.KanpanCore --output /Users/mdd/zhk/kanpan/KanpanChart/.xcbuild-codex/Build/Products/Debug-iphonesimulator/KanpanCore.appintents --target-triple arm64-apple-ios17.0-simulator --binary-file /Users/mdd/zhk/kanpan/KanpanChart/.xcbuild-codex/Build/Products/Debug-iphonesimulator/KanpanCore.o --dependency-file /Users/mdd/zhk/kanpan/KanpanChart/.xcbuild-codex/Build/Intermediates.noindex/KanpanCore.build/Debug-iphonesimulator/KanpanCore.build/Objects-normal/arm64/KanpanCore_dependency_info.dat --stringsdata-file /Users/mdd/zhk/kanpan/KanpanChart/.xcbuild-codex/Build/Intermediates.noindex/KanpanCore.build/Debug-iphonesimulator/KanpanCore.build/Objects-normal/arm64/ExtractedAppShortcutsMetadata.stringsdata --source-file-list /Users/mdd/zhk/kanpan/KanpanChart/.xcbuild-codex/Build/Intermediates.noindex/KanpanCore.build/Debug-iphonesimulator/KanpanCore.build/Objects-normal/arm64/KanpanCore.SwiftFileList --metadata-file-list /Users/mdd/zhk/kanpan/KanpanChart/.xcbuild-codex/Build/Intermediates.noindex/KanpanCore.build/Debug-iphonesimulator/KanpanCore.build/KanpanCore.DependencyMetadataFileList --static-metadata-file-list /Users/mdd/zhk/kanpan/KanpanChart/.xcbuild-codex/Build/Intermediates.noindex/KanpanCore.build/Debug-iphonesimulator/KanpanCore.build/KanpanCore.DependencyStaticMetadataFileList --swift-const-vals-list /Users/mdd/zhk/kanpan/KanpanChart/.xcbuild-codex/Build/Intermediates.noindex/KanpanCore.build/Debug-iphonesimulator/KanpanCore.build/Objects-normal/arm64/KanpanCore.SwiftConstValuesFileList --force --compile-time-extraction --deployment-aware-processing --validate-assistant-intents --no-app-shortcuts-localization
2026-09-14 22:47:08.440 appintentsmetadataprocessor[74767:31441424] Starting appintentsmetadataprocessor export
2026-09-14 22:47:08.463 appintentsmetadataprocessor[74767:31441424] Extracted no relevant App Intents symbols, skipping writing output

RegisterExecutionPolicyException /Users/mdd/zhk/kanpan/KanpanChart/.xcbuild-codex/Build/Products/Debug-iphonesimulator/KanpanCore.o (in target 'KanpanCore' from project 'KanpanCore')
    cd /Users/mdd/zhk/kanpan/KanpanCore
    builtin-RegisterExecutionPolicyException /Users/mdd/zhk/kanpan/KanpanChart/.xcbuild-codex/Build/Products/Debug-iphonesimulator/KanpanCore.o

SwiftExplicitDependencyGeneratePcm arm64 /Users/mdd/zhk/kanpan/KanpanChart/.xcbuild-codex/ModuleCache.noindex/UniformTypeIdentifiers-DGWAT2HZX0CGS972WJ60E660R.pcm

SwiftExplicitDependencyGeneratePcm arm64 /Users/mdd/zhk/kanpan/KanpanChart/.xcbuild-codex/ModuleCache.noindex/UserNotifications-F1Z91WGHWD5BHCNNXWIXWQ96O.pcm

SwiftExplicitDependencyGeneratePcm arm64 /Users/mdd/zhk/kanpan/KanpanChart/.xcbuild-codex/ModuleCache.noindex/DeveloperToolsSupport-9NPH154EO78U66Q5WHCSNKRB2.pcm

SwiftExplicitDependencyGeneratePcm arm64 /Users/mdd/zhk/kanpan/KanpanChart/.xcbuild-codex/ModuleCache.noindex/Symbols-3257P0DKAB06N9SIMXXS0CD4A.pcm

SwiftExplicitDependencyGeneratePcm arm64 /Users/mdd/zhk/kanpan/KanpanChart/.xcbuild-codex/ModuleCache.noindex/_Builtin_stdatomic-4OYPOR77HSF4LYHIBQSTV7PN8.pcm

SwiftExplicitDependencyGeneratePcm arm64 /Users/mdd/zhk/kanpan/KanpanChart/.xcbuild-codex/ModuleCache.noindex/DataDetection-C40DE4J3U5RZTZP4EPOFEQ74P.pcm

SwiftExplicitDependencyGeneratePcm arm64 /Users/mdd/zhk/kanpan/KanpanChart/.xcbuild-codex/ModuleCache.noindex/UIUtilities-53GHL3HOIZGH6PQPQNEKF58T1.pcm

SwiftExplicitDependencyGeneratePcm arm64 /Users/mdd/zhk/kanpan/KanpanChart/.xcbuild-codex/ModuleCache.noindex/IOSurface-91LY6CD4Q1ZGPATNW91UV17NS.pcm

SwiftExplicitDependencyGeneratePcm arm64 /Users/mdd/zhk/kanpan/KanpanChart/.xcbuild-codex/ModuleCache.noindex/OpenGLES-YLRB0FIJOS44V3SFT3FUCAON.pcm

SwiftExplicitDependencyGeneratePcm arm64 /Users/mdd/zhk/kanpan/KanpanChart/.xcbuild-codex/ModuleCache.noindex/MachO-72RE91ZXU4OYHJC0M3RU6S9H7.pcm

SwiftExplicitDependencyGeneratePcm arm64 /Users/mdd/zhk/kanpan/KanpanChart/.xcbuild-codex/ModuleCache.noindex/CoreGraphics-AKC7OPNONN39422A5GSPYWB1P.pcm

SwiftExplicitDependencyGeneratePcm arm64 /Users/mdd/zhk/kanpan/KanpanChart/.xcbuild-codex/ModuleCache.noindex/_Builtin_intrinsics-7HSQGHEJQI7STPOA9KZ8AOKCF.pcm

SwiftExplicitDependencyGeneratePcm arm64 /Users/mdd/zhk/kanpan/KanpanChart/.xcbuild-codex/ModuleCache.noindex/CoreTransferable-1D7WL769BJ03VQHE43ARI10P8.pcm

SwiftExplicitDependencyGeneratePcm arm64 /Users/mdd/zhk/kanpan/KanpanChart/.xcbuild-codex/ModuleCache.noindex/_Builtin_tgmath-941HFLIMCWCIFKZ28VKKK9MFL.pcm

SwiftExplicitDependencyGeneratePcm arm64 /Users/mdd/zhk/kanpan/KanpanChart/.xcbuild-codex/ModuleCache.noindex/Metal-8AFGRJK9AXGR39LSK898SO1EZ.pcm

SwiftExplicitDependencyGeneratePcm arm64 /Users/mdd/zhk/kanpan/KanpanChart/.xcbuild-codex/ModuleCache.noindex/os-AM4LKDYO6K9HJKKLVV9GVW3Z9.pcm

SwiftExplicitDependencyGeneratePcm arm64 /Users/mdd/zhk/kanpan/KanpanChart/.xcbuild-codex/ModuleCache.noindex/OSLog-ACU7ETJYGUT60FLS26VVDDQZW.pcm

SwiftExplicitDependencyGeneratePcm arm64 /Users/mdd/zhk/kanpan/KanpanChart/.xcbuild-codex/ModuleCache.noindex/Accessibility-9N0WHVN4ZFM7Y8QR6CGNVUZU4.pcm

SwiftExplicitDependencyGeneratePcm arm64 /Users/mdd/zhk/kanpan/KanpanChart/.xcbuild-codex/ModuleCache.noindex/CoreText-4KRYU1Z7LQWTUOBTJWA9XP6PU.pcm

SwiftExplicitDependencyGeneratePcm arm64 /Users/mdd/zhk/kanpan/KanpanChart/.xcbuild-codex/ModuleCache.noindex/FileProvider-8AZ2ZDUPDDNEYZE36BETY8Q2D.pcm

SwiftExplicitDependencyGeneratePcm arm64 /Users/mdd/zhk/kanpan/KanpanChart/.xcbuild-codex/ModuleCache.noindex/ImageIO-DC7PMQSKCGAUVCY339T17VCZC.pcm

SwiftExplicitDependencyGeneratePcm arm64 /Users/mdd/zhk/kanpan/KanpanChart/.xcbuild-codex/ModuleCache.noindex/CoreVideo-6135PSFR1NPX4QIGK5G9WCSJA.pcm

SwiftExplicitDependencyGeneratePcm arm64 /Users/mdd/zhk/kanpan/KanpanChart/.xcbuild-codex/ModuleCache.noindex/simd-EAOSG6S4CX2KTQE8E0MCHD0W4.pcm

SwiftExplicitDependencyGeneratePcm arm64 /Users/mdd/zhk/kanpan/KanpanChart/.xcbuild-codex/ModuleCache.noindex/QuartzCore-7U4YM1RJIEWXZNO0ICA4WP6KQ.pcm

SwiftExplicitDependencyGeneratePcm arm64 /Users/mdd/zhk/kanpan/KanpanChart/.xcbuild-codex/ModuleCache.noindex/CoreImage-1NDP079GYNUAYJV4UJNEO9IRO.pcm

SwiftExplicitDependencyGeneratePcm arm64 /Users/mdd/zhk/kanpan/KanpanChart/.xcbuild-codex/ModuleCache.noindex/SwiftUICore-3GX5Y1TZE5VQVQ5KK1XUX5SS6.pcm

SwiftExplicitDependencyGeneratePcm arm64 /Users/mdd/zhk/kanpan/KanpanChart/.xcbuild-codex/ModuleCache.noindex/UIKit-4GAUG8RJKHWJNDHEEQVRIW1IF.pcm

SwiftExplicitDependencyGeneratePcm arm64 /Users/mdd/zhk/kanpan/KanpanChart/.xcbuild-codex/ModuleCache.noindex/Spatial-2L3BNDNXTF0QHI5XEA45HD81M.pcm

SwiftCompile normal arm64 Compiling\ ChartView.swift /Users/mdd/zhk/kanpan/KanpanChart/Sources/KanpanChart/ChartView.swift (in target 'KanpanChart' from project 'KanpanChart')

SwiftCompile normal arm64 /Users/mdd/zhk/kanpan/KanpanChart/Sources/KanpanChart/ChartView.swift (in target 'KanpanChart' from project 'KanpanChart')
    cd /Users/mdd/zhk/kanpan/KanpanChart/.swiftpm/xcode
    

SwiftEmitModule normal arm64 Emitting\ module\ for\ KanpanChart (in target 'KanpanChart' from project 'KanpanChart')

EmitSwiftModule normal arm64 (in target 'KanpanChart' from project 'KanpanChart')
    cd /Users/mdd/zhk/kanpan/KanpanChart/.swiftpm/xcode
    

SwiftCompile normal arm64 Compiling\ ChartView+Drawing.swift /Users/mdd/zhk/kanpan/KanpanChart/Sources/KanpanChart/ChartView+Drawing.swift (in target 'KanpanChart' from project 'KanpanChart')
SwiftCompile normal arm64 /Users/mdd/zhk/kanpan/KanpanChart/Sources/KanpanChart/ChartView+Drawing.swift (in target 'KanpanChart' from project 'KanpanChart')
    cd /Users/mdd/zhk/kanpan/KanpanChart/.swiftpm/xcode
    

SwiftCompile normal arm64 Compiling\ ChartRenderer.swift /Users/mdd/zhk/kanpan/KanpanChart/Sources/KanpanChart/ChartRenderer.swift (in target 'KanpanChart' from project 'KanpanChart')

SwiftCompile normal arm64 /Users/mdd/zhk/kanpan/KanpanChart/Sources/KanpanChart/ChartRenderer.swift (in target 'KanpanChart' from project 'KanpanChart')
    cd /Users/mdd/zhk/kanpan/KanpanChart/.swiftpm/xcode
    

SwiftCompile normal arm64 Compiling\ ChartView+Gesture.swift /Users/mdd/zhk/kanpan/KanpanChart/Sources/KanpanChart/ChartView+Gesture.swift (in target 'KanpanChart' from project 'KanpanChart')

SwiftCompile normal arm64 /Users/mdd/zhk/kanpan/KanpanChart/Sources/KanpanChart/ChartView+Gesture.swift (in target 'KanpanChart' from project 'KanpanChart')
    cd /Users/mdd/zhk/kanpan/KanpanChart/.swiftpm/xcode
    

SwiftCompile normal arm64 Compiling\ ChartRenderer+Sub.swift /Users/mdd/zhk/kanpan/KanpanChart/Sources/KanpanChart/ChartRenderer+Sub.swift (in target 'KanpanChart' from project 'KanpanChart')

SwiftCompile normal arm64 /Users/mdd/zhk/kanpan/KanpanChart/Sources/KanpanChart/ChartRenderer+Sub.swift (in target 'KanpanChart' from project 'KanpanChart')
    cd /Users/mdd/zhk/kanpan/KanpanChart/.swiftpm/xcode
    

SwiftCompile normal arm64 Compiling\ ChartState.swift /Users/mdd/zhk/kanpan/KanpanChart/Sources/KanpanChart/ChartState.swift (in target 'KanpanChart' from project 'KanpanChart')

SwiftCompile normal arm64 /Users/mdd/zhk/kanpan/KanpanChart/Sources/KanpanChart/ChartState.swift (in target 'KanpanChart' from project 'KanpanChart')
    cd /Users/mdd/zhk/kanpan/KanpanChart/.swiftpm/xcode
    

SwiftCompile normal arm64 Compiling\ ChartRenderer+Probe.swift /Users/mdd/zhk/kanpan/KanpanChart/Sources/KanpanChart/ChartRenderer+Probe.swift (in target 'KanpanChart' from project 'KanpanChart')

SwiftCompile normal arm64 /Users/mdd/zhk/kanpan/KanpanChart/Sources/KanpanChart/ChartRenderer+Probe.swift (in target 'KanpanChart' from project 'KanpanChart')
    cd /Users/mdd/zhk/kanpan/KanpanChart/.swiftpm/xcode
    

SwiftCompile normal arm64 Compiling\ Paint.swift /Users/mdd/zhk/kanpan/KanpanChart/Sources/KanpanChart/Paint.swift (in target 'KanpanChart' from project 'KanpanChart')

SwiftCompile normal arm64 /Users/mdd/zhk/kanpan/KanpanChart/Sources/KanpanChart/Paint.swift (in target 'KanpanChart' from project 'KanpanChart')
    cd /Users/mdd/zhk/kanpan/KanpanChart/.swiftpm/xcode
    

SwiftCompile normal arm64 Compiling\ ChartRenderer+Layers.swift /Users/mdd/zhk/kanpan/KanpanChart/Sources/KanpanChart/ChartRenderer+Layers.swift (in target 'KanpanChart' from project 'KanpanChart')

SwiftCompile normal arm64 /Users/mdd/zhk/kanpan/KanpanChart/Sources/KanpanChart/ChartRenderer+Layers.swift (in target 'KanpanChart' from project 'KanpanChart')
    cd /Users/mdd/zhk/kanpan/KanpanChart/.swiftpm/xcode
    

SwiftDriverJobDiscovery normal arm64 Compiling ChartState.swift (in target 'KanpanChart' from project 'KanpanChart')

SwiftDriverJobDiscovery normal arm64 Emitting module for KanpanChart (in target 'KanpanChart' from project 'KanpanChart')

SwiftDriver\ Compilation\ Requirements KanpanChart normal arm64 com.apple.xcode.tools.swift.compiler (in target 'KanpanChart' from project 'KanpanChart')
    cd /Users/mdd/zhk/kanpan/KanpanChart/.swiftpm/xcode
    builtin-Swift-Compilation-Requirements -- /Applications/Xcode.app/Contents/Developer/Toolchains/XcodeDefault.xctoolchain/usr/bin/swiftc -module-name KanpanChart -Onone @/Users/mdd/zhk/kanpan/KanpanChart/.xcbuild-codex/Build/Intermediates.noindex/KanpanChart.build/Debug-iphonesimulator/KanpanChart.build/Objects-normal/arm64/KanpanChart.SwiftFileList -DSWIFT_PACKAGE -DDEBUG -DSWIFT_MODULE_RESOURCE_BUNDLE_UNAVAILABLE -DXcode -plugin-path /Applications/Xcode.app/Contents/Developer/Toolchains/XcodeDefault.xctoolchain/usr/lib/swift/host/plugins/testing -enable-experimental-feature DebugDescriptionMacro -sdk /Applications/Xcode.app/Contents/Developer/Platforms/iPhoneSimulator.platform/Developer/SDKs/iPhoneSimulator26.5.sdk -target arm64-apple-ios17.0-simulator -g -module-cache-path /Users/mdd/zhk/kanpan/KanpanChart/.xcbuild-codex/ModuleCache.noindex -Xfrontend -serialize-debugging-options -profile-coverage-mapping -profile-generate -enable-testing -index-store-path /Users/mdd/zhk/kanpan/KanpanChart/.xcbuild-codex/Index.noindex/DataStore -Xcc -D_LIBCPP_HARDENING_MODE\=_LIBCPP_HARDENING_MODE_DEBUG -swift-version 6 -I /Users/mdd/zhk/kanpan/KanpanChart/.xcbuild-codex/Build/Products/Debug-iphonesimulator -Isystem /Applications/Xcode.app/Contents/Developer/Platforms/iPhoneSimulator.platform/Developer/usr/lib -F /Users/mdd/zhk/kanpan/KanpanChart/.xcbuild-codex/Build/Products/Debug-iphonesimulator/PackageFrameworks -F /Users/mdd/zhk/kanpan/KanpanChart/.xcbuild-codex/Build/Products/Debug-iphonesimulator -F /Applications/Xcode.app/Contents/Developer/Platforms/iPhoneSimulator.platform/Developer/Library/Frameworks -F /Applications/Xcode.app/Contents/Developer/Platforms/iPhoneSimulator.platform/Developer/SDKs/iPhoneSimulator26.5.sdk/Developer/Library/Frameworks -c -j10 -enable-batch-mode -incremental -Xcc -ivfsstatcache -Xcc /Users/mdd/zhk/kanpan/KanpanChart/.xcbuild-codex/SDKStatCaches.noindex/iphonesimulator26.5-23F81a-6cfe768891a92b912361537c460fe42b.sdkstatcache -output-file-map /Users/mdd/zhk/kanpan/KanpanChart/.xcbuild-codex/Build/Intermediates.noindex/KanpanChart.build/Debug-iphonesimulator/KanpanChart.build/Objects-normal/arm64/KanpanChart-OutputFileMap.json -use-frontend-parseable-output -save-temps -no-color-diagnostics -explicit-module-build -module-cache-path /Users/mdd/zhk/kanpan/KanpanChart/.xcbuild-codex/Build/Intermediates.noindex/SwiftExplicitPrecompiledModules -clang-scanner-module-cache-path /Users/mdd/zhk/kanpan/KanpanChart/.xcbuild-codex/ModuleCache.noindex -sdk-module-cache-path /Users/mdd/zhk/kanpan/KanpanChart/.xcbuild-codex/ModuleCache.noindex -serialize-diagnostics -emit-dependencies -emit-module -emit-module-path /Users/mdd/zhk/kanpan/KanpanChart/.xcbuild-codex/Build/Intermediates.noindex/KanpanChart.build/Debug-iphonesimulator/KanpanChart.build/Objects-normal/arm64/KanpanChart.swiftmodule -validate-clang-modules-once -clang-build-session-file /Users/mdd/zhk/kanpan/KanpanChart/.xcbuild-codex/ModuleCache.noindex/Session.modulevalidation -package-name kanpanchart -Xcc -I/Users/mdd/zhk/kanpan/KanpanChart/.xcbuild-codex/Build/Intermediates.noindex/KanpanChart.build/Debug-iphonesimulator/KanpanChart.build/swift-overrides.hmap -emit-const-values -Xfrontend -const-gather-protocols-file -Xfrontend /Users/mdd/zhk/kanpan/KanpanChart/.xcbuild-codex/Build/Intermediates.noindex/KanpanChart.build/Debug-iphonesimulator/KanpanChart.build/Objects-normal/arm64/KanpanChart_const_extract_protocols.json -Xcc -I/Users/mdd/zhk/kanpan/KanpanChart/.xcbuild-codex/Build/Products/Debug-iphonesimulator/include -Xcc -I/Users/mdd/zhk/kanpan/KanpanChart/.xcbuild-codex/Build/Intermediates.noindex/KanpanChart.build/Debug-iphonesimulator/KanpanChart.build/DerivedSources-normal/arm64 -Xcc -I/Users/mdd/zhk/kanpan/KanpanChart/.xcbuild-codex/Build/Intermediates.noindex/KanpanChart.build/Debug-iphonesimulator/KanpanChart.build/DerivedSources/arm64 -Xcc -I/Users/mdd/zhk/kanpan/KanpanChart/.xcbuild-codex/Build/Intermediates.noindex/KanpanChart.build/Debug-iphonesimulator/KanpanChart.build/DerivedSources -Xcc -DSWIFT_PACKAGE -Xcc -DDEBUG\=1 -emit-objc-header -emit-objc-header-path /Users/mdd/zhk/kanpan/KanpanChart/.xcbuild-codex/Build/Intermediates.noindex/KanpanChart.build/Debug-iphonesimulator/KanpanChart.build/Objects-normal/arm64/KanpanChart-Swift.h -working-directory /Users/mdd/zhk/kanpan/KanpanChart/.swiftpm/xcode -experimental-emit-module-separately -disable-cmo

SwiftMergeGeneratedHeaders /Users/mdd/zhk/kanpan/KanpanChart/.xcbuild-codex/Build/Intermediates.noindex/GeneratedModuleMaps-iphonesimulator/KanpanChart-Swift.h /Users/mdd/zhk/kanpan/KanpanChart/.xcbuild-codex/Build/Intermediates.noindex/KanpanChart.build/Debug-iphonesimulator/KanpanChart.build/Objects-normal/arm64/KanpanChart-Swift.h (in target 'KanpanChart' from project 'KanpanChart')
    cd /Users/mdd/zhk/kanpan/KanpanChart
    builtin-swiftHeaderTool -arch arm64 /Users/mdd/zhk/kanpan/KanpanChart/.xcbuild-codex/Build/Intermediates.noindex/KanpanChart.build/Debug-iphonesimulator/KanpanChart.build/Objects-normal/arm64/KanpanChart-Swift.h -o /Users/mdd/zhk/kanpan/KanpanChart/.xcbuild-codex/Build/Intermediates.noindex/GeneratedModuleMaps-iphonesimulator/KanpanChart-Swift.h

Copy /Users/mdd/zhk/kanpan/KanpanChart/.xcbuild-codex/Build/Products/Debug-iphonesimulator/KanpanChart.swiftmodule/arm64-apple-ios-simulator.swiftmodule /Users/mdd/zhk/kanpan/KanpanChart/.xcbuild-codex/Build/Intermediates.noindex/KanpanChart.build/Debug-iphonesimulator/KanpanChart.build/Objects-normal/arm64/KanpanChart.swiftmodule (in target 'KanpanChart' from project 'KanpanChart')
    cd /Users/mdd/zhk/kanpan/KanpanChart
    builtin-copy -exclude .DS_Store -exclude CVS -exclude .svn -exclude .git -exclude .hg -resolve-src-symlinks -rename /Users/mdd/zhk/kanpan/KanpanChart/.xcbuild-codex/Build/Intermediates.noindex/KanpanChart.build/Debug-iphonesimulator/KanpanChart.build/Objects-normal/arm64/KanpanChart.swiftmodule /Users/mdd/zhk/kanpan/KanpanChart/.xcbuild-codex/Build/Products/Debug-iphonesimulator/KanpanChart.swiftmodule/arm64-apple-ios-simulator.swiftmodule

Copy /Users/mdd/zhk/kanpan/KanpanChart/.xcbuild-codex/Build/Products/Debug-iphonesimulator/KanpanChart.swiftmodule/arm64-apple-ios-simulator.swiftdoc /Users/mdd/zhk/kanpan/KanpanChart/.xcbuild-codex/Build/Intermediates.noindex/KanpanChart.build/Debug-iphonesimulator/KanpanChart.build/Objects-normal/arm64/KanpanChart.swiftdoc (in target 'KanpanChart' from project 'KanpanChart')
    cd /Users/mdd/zhk/kanpan/KanpanChart
    builtin-copy -exclude .DS_Store -exclude CVS -exclude .svn -exclude .git -exclude .hg -resolve-src-symlinks -rename /Users/mdd/zhk/kanpan/KanpanChart/.xcbuild-codex/Build/Intermediates.noindex/KanpanChart.build/Debug-iphonesimulator/KanpanChart.build/Objects-normal/arm64/KanpanChart.swiftdoc /Users/mdd/zhk/kanpan/KanpanChart/.xcbuild-codex/Build/Products/Debug-iphonesimulator/KanpanChart.swiftmodule/arm64-apple-ios-simulator.swiftdoc

Copy /Users/mdd/zhk/kanpan/KanpanChart/.xcbuild-codex/Build/Products/Debug-iphonesimulator/KanpanChart.swiftmodule/arm64-apple-ios-simulator.abi.json /Users/mdd/zhk/kanpan/KanpanChart/.xcbuild-codex/Build/Intermediates.noindex/KanpanChart.build/Debug-iphonesimulator/KanpanChart.build/Objects-normal/arm64/KanpanChart.abi.json (in target 'KanpanChart' from project 'KanpanChart')
    cd /Users/mdd/zhk/kanpan/KanpanChart
    builtin-copy -exclude .DS_Store -exclude CVS -exclude .svn -exclude .git -exclude .hg -resolve-src-symlinks -rename /Users/mdd/zhk/kanpan/KanpanChart/.xcbuild-codex/Build/Intermediates.noindex/KanpanChart.build/Debug-iphonesimulator/KanpanChart.build/Objects-normal/arm64/KanpanChart.abi.json /Users/mdd/zhk/kanpan/KanpanChart/.xcbuild-codex/Build/Products/Debug-iphonesimulator/KanpanChart.swiftmodule/arm64-apple-ios-simulator.abi.json

Copy /Users/mdd/zhk/kanpan/KanpanChart/.xcbuild-codex/Build/Products/Debug-iphonesimulator/KanpanChart.swiftmodule/Project/arm64-apple-ios-simulator.swiftsourceinfo /Users/mdd/zhk/kanpan/KanpanChart/.xcbuild-codex/Build/Intermediates.noindex/KanpanChart.build/Debug-iphonesimulator/KanpanChart.build/Objects-normal/arm64/KanpanChart.swiftsourceinfo (in target 'KanpanChart' from project 'KanpanChart')
    cd /Users/mdd/zhk/kanpan/KanpanChart
    builtin-copy -exclude .DS_Store -exclude CVS -exclude .svn -exclude .git -exclude .hg -resolve-src-symlinks -rename /Users/mdd/zhk/kanpan/KanpanChart/.xcbuild-codex/Build/Intermediates.noindex/KanpanChart.build/Debug-iphonesimulator/KanpanChart.build/Objects-normal/arm64/KanpanChart.swiftsourceinfo /Users/mdd/zhk/kanpan/KanpanChart/.xcbuild-codex/Build/Products/Debug-iphonesimulator/KanpanChart.swiftmodule/Project/arm64-apple-ios-simulator.swiftsourceinfo

SwiftDriver KanpanChartTests normal arm64 com.apple.xcode.tools.swift.compiler (in target 'KanpanChartTests' from project 'KanpanChart')
    cd /Users/mdd/zhk/kanpan/KanpanChart/.swiftpm/xcode
    builtin-SwiftDriver -- /Applications/Xcode.app/Contents/Developer/Toolchains/XcodeDefault.xctoolchain/usr/bin/swiftc -module-name KanpanChartTests -Onone @/Users/mdd/zhk/kanpan/KanpanChart/.xcbuild-codex/Build/Intermediates.noindex/KanpanChart.build/Debug-iphonesimulator/KanpanChartTests.build/Objects-normal/arm64/KanpanChartTests.SwiftFileList -DSWIFT_PACKAGE -DDEBUG -DSWIFT_MODULE_RESOURCE_BUNDLE_AVAILABLE -DXcode -plugin-path /Applications/Xcode.app/Contents/Developer/Toolchains/XcodeDefault.xctoolchain/usr/lib/swift/host/plugins/testing -enable-experimental-feature DebugDescriptionMacro -sdk /Applications/Xcode.app/Contents/Developer/Platforms/iPhoneSimulator.platform/Developer/SDKs/iPhoneSimulator26.5.sdk -target arm64-apple-ios17.0-simulator -g -module-cache-path /Users/mdd/zhk/kanpan/KanpanChart/.xcbuild-codex/ModuleCache.noindex -Xfrontend -serialize-debugging-options -profile-coverage-mapping -profile-generate -enable-testing -index-store-path /Users/mdd/zhk/kanpan/KanpanChart/.xcbuild-codex/Index.noindex/DataStore -Xcc -D_LIBCPP_HARDENING_MODE\=_LIBCPP_HARDENING_MODE_DEBUG -swift-version 6 -I /Users/mdd/zhk/kanpan/KanpanChart/.xcbuild-codex/Build/Products/Debug-iphonesimulator -Isystem /Applications/Xcode.app/Contents/Developer/Platforms/iPhoneSimulator.platform/Developer/usr/lib -F /Users/mdd/zhk/kanpan/KanpanChart/.xcbuild-codex/Build/Products/Debug-iphonesimulator/PackageFrameworks -F /Users/mdd/zhk/kanpan/KanpanChart/.xcbuild-codex/Build/Products/Debug-iphonesimulator/PackageFrameworks -F /Users/mdd/zhk/kanpan/KanpanChart/.xcbuild-codex/Build/Products/Debug-iphonesimulator -F /Applications/Xcode.app/Contents/Developer/Platforms/iPhoneSimulator.platform/Developer/Library/Frameworks -F /Applications/Xcode.app/Contents/Developer/Platforms/iPhoneSimulator.platform/Developer/SDKs/iPhoneSimulator26.5.sdk/Developer/Library/Frameworks -c -j10 -enable-batch-mode -incremental -Xcc -ivfsstatcache -Xcc /Users/mdd/zhk/kanpan/KanpanChart/.xcbuild-codex/SDKStatCaches.noindex/iphonesimulator26.5-23F81a-6cfe768891a92b912361537c460fe42b.sdkstatcache -output-file-map /Users/mdd/zhk/kanpan/KanpanChart/.xcbuild-codex/Build/Intermediates.noindex/KanpanChart.build/Debug-iphonesimulator/KanpanChartTests.build/Objects-normal/arm64/KanpanChartTests-OutputFileMap.json -use-frontend-parseable-output -save-temps -no-color-diagnostics -explicit-module-build -module-cache-path /Users/mdd/zhk/kanpan/KanpanChart/.xcbuild-codex/Build/Intermediates.noindex/SwiftExplicitPrecompiledModules -clang-scanner-module-cache-path /Users/mdd/zhk/kanpan/KanpanChart/.xcbuild-codex/ModuleCache.noindex -sdk-module-cache-path /Users/mdd/zhk/kanpan/KanpanChart/.xcbuild-codex/ModuleCache.noindex -serialize-diagnostics -emit-dependencies -emit-module -emit-module-path /Users/mdd/zhk/kanpan/KanpanChart/.xcbuild-codex/Build/Intermediates.noindex/KanpanChart.build/Debug-iphonesimulator/KanpanChartTests.build/Objects-normal/arm64/KanpanChartTests.swiftmodule -validate-clang-modules-once -clang-build-session-file /Users/mdd/zhk/kanpan/KanpanChart/.xcbuild-codex/ModuleCache.noindex/Session.modulevalidation -package-name kanpanchart -emit-const-values -Xfrontend -const-gather-protocols-file -Xfrontend /Users/mdd/zhk/kanpan/KanpanChart/.xcbuild-codex/Build/Intermediates.noindex/KanpanChart.build/Debug-iphonesimulator/KanpanChartTests.build/Objects-normal/arm64/KanpanChartTests_const_extract_protocols.json -Xcc -I/Users/mdd/zhk/kanpan/KanpanChart/.xcbuild-codex/Build/Products/Debug-iphonesimulator/include -Xcc -I/Users/mdd/zhk/kanpan/KanpanChart/.xcbuild-codex/Build/Intermediates.noindex/KanpanChart.build/Debug-iphonesimulator/KanpanChartTests.build/DerivedSources-normal/arm64 -Xcc -I/Users/mdd/zhk/kanpan/KanpanChart/.xcbuild-codex/Build/Intermediates.noindex/KanpanChart.build/Debug-iphonesimulator/KanpanChartTests.build/DerivedSources/arm64 -Xcc -I/Users/mdd/zhk/kanpan/KanpanChart/.xcbuild-codex/Build/Intermediates.noindex/KanpanChart.build/Debug-iphonesimulator/KanpanChartTests.build/DerivedSources -Xcc -DSWIFT_PACKAGE -Xcc -DDEBUG\=1 -working-directory /Users/mdd/zhk/kanpan/KanpanChart/.swiftpm/xcode -experimental-emit-module-separately -disable-cmo

SwiftDriverJobDiscovery normal arm64 Compiling ChartRenderer+Probe.swift (in target 'KanpanChart' from project 'KanpanChart')

SwiftExplicitDependencyCompileModuleFromInterface arm64 /Users/mdd/zhk/kanpan/KanpanChart/.xcbuild-codex/Build/Intermediates.noindex/SwiftExplicitPrecompiledModules/Testing-12LSRFK314AEF.swiftmodule

SwiftExplicitDependencyGeneratePcm arm64 /Users/mdd/zhk/kanpan/KanpanChart/.xcbuild-codex/ModuleCache.noindex/LocalAuthentication-CEWY0ZL10TLD1SITCA5EOSMKX.pcm

SwiftExplicitDependencyCompileModuleFromInterface arm64 /Users/mdd/zhk/kanpan/KanpanChart/.xcbuild-codex/Build/Intermediates.noindex/SwiftExplicitPrecompiledModules/_Testing_CoreGraphics-2Q6Z7JGKPWXZ1.swiftmodule

SwiftExplicitDependencyCompileModuleFromInterface arm64 /Users/mdd/zhk/kanpan/KanpanChart/.xcbuild-codex/Build/Intermediates.noindex/SwiftExplicitPrecompiledModules/_Testing_Foundation-3I1J67TH0RPMB.swiftmodule

SwiftDriverJobDiscovery normal arm64 Compiling ChartRenderer+Layers.swift (in target 'KanpanChart' from project 'KanpanChart')

SwiftDriverJobDiscovery normal arm64 Compiling Paint.swift (in target 'KanpanChart' from project 'KanpanChart')

SwiftExplicitDependencyCompileModuleFromInterface arm64 /Users/mdd/zhk/kanpan/KanpanChart/.xcbuild-codex/Build/Intermediates.noindex/SwiftExplicitPrecompiledModules/_Testing_UIKit-3OSUPR0EFOT50.swiftmodule

SwiftDriverJobDiscovery normal arm64 Compiling ChartRenderer+Sub.swift (in target 'KanpanChart' from project 'KanpanChart')

SwiftDriverJobDiscovery normal arm64 Compiling ChartView+Gesture.swift (in target 'KanpanChart' from project 'KanpanChart')

SwiftDriverJobDiscovery normal arm64 Compiling ChartRenderer.swift (in target 'KanpanChart' from project 'KanpanChart')

SwiftDriverJobDiscovery normal arm64 Compiling ChartView.swift (in target 'KanpanChart' from project 'KanpanChart')

SwiftDriverJobDiscovery normal arm64 Compiling ChartView+Drawing.swift (in target 'KanpanChart' from project 'KanpanChart')

SwiftDriver\ Compilation KanpanChart normal arm64 com.apple.xcode.tools.swift.compiler (in target 'KanpanChart' from project 'KanpanChart')
    cd /Users/mdd/zhk/kanpan/KanpanChart/.swiftpm/xcode
    builtin-Swift-Compilation -- /Applications/Xcode.app/Contents/Developer/Toolchains/XcodeDefault.xctoolchain/usr/bin/swiftc -module-name KanpanChart -Onone @/Users/mdd/zhk/kanpan/KanpanChart/.xcbuild-codex/Build/Intermediates.noindex/KanpanChart.build/Debug-iphonesimulator/KanpanChart.build/Objects-normal/arm64/KanpanChart.SwiftFileList -DSWIFT_PACKAGE -DDEBUG -DSWIFT_MODULE_RESOURCE_BUNDLE_UNAVAILABLE -DXcode -plugin-path /Applications/Xcode.app/Contents/Developer/Toolchains/XcodeDefault.xctoolchain/usr/lib/swift/host/plugins/testing -enable-experimental-feature DebugDescriptionMacro -sdk /Applications/Xcode.app/Contents/Developer/Platforms/iPhoneSimulator.platform/Developer/SDKs/iPhoneSimulator26.5.sdk -target arm64-apple-ios17.0-simulator -g -module-cache-path /Users/mdd/zhk/kanpan/KanpanChart/.xcbuild-codex/ModuleCache.noindex -Xfrontend -serialize-debugging-options -profile-coverage-mapping -profile-generate -enable-testing -index-store-path /Users/mdd/zhk/kanpan/KanpanChart/.xcbuild-codex/Index.noindex/DataStore -Xcc -D_LIBCPP_HARDENING_MODE\=_LIBCPP_HARDENING_MODE_DEBUG -swift-version 6 -I /Users/mdd/zhk/kanpan/KanpanChart/.xcbuild-codex/Build/Products/Debug-iphonesimulator -Isystem /Applications/Xcode.app/Contents/Developer/Platforms/iPhoneSimulator.platform/Developer/usr/lib -F /Users/mdd/zhk/kanpan/KanpanChart/.xcbuild-codex/Build/Products/Debug-iphonesimulator/PackageFrameworks -F /Users/mdd/zhk/kanpan/KanpanChart/.xcbuild-codex/Build/Products/Debug-iphonesimulator -F /Applications/Xcode.app/Contents/Developer/Platforms/iPhoneSimulator.platform/Developer/Library/Frameworks -F /Applications/Xcode.app/Contents/Developer/Platforms/iPhoneSimulator.platform/Developer/SDKs/iPhoneSimulator26.5.sdk/Developer/Library/Frameworks -c -j10 -enable-batch-mode -incremental -Xcc -ivfsstatcache -Xcc /Users/mdd/zhk/kanpan/KanpanChart/.xcbuild-codex/SDKStatCaches.noindex/iphonesimulator26.5-23F81a-6cfe768891a92b912361537c460fe42b.sdkstatcache -output-file-map /Users/mdd/zhk/kanpan/KanpanChart/.xcbuild-codex/Build/Intermediates.noindex/KanpanChart.build/Debug-iphonesimulator/KanpanChart.build/Objects-normal/arm64/KanpanChart-OutputFileMap.json -use-frontend-parseable-output -save-temps -no-color-diagnostics -explicit-module-build -module-cache-path /Users/mdd/zhk/kanpan/KanpanChart/.xcbuild-codex/Build/Intermediates.noindex/SwiftExplicitPrecompiledModules -clang-scanner-module-cache-path /Users/mdd/zhk/kanpan/KanpanChart/.xcbuild-codex/ModuleCache.noindex -sdk-module-cache-path /Users/mdd/zhk/kanpan/KanpanChart/.xcbuild-codex/ModuleCache.noindex -serialize-diagnostics -emit-dependencies -emit-module -emit-module-path /Users/mdd/zhk/kanpan/KanpanChart/.xcbuild-codex/Build/Intermediates.noindex/KanpanChart.build/Debug-iphonesimulator/KanpanChart.build/Objects-normal/arm64/KanpanChart.swiftmodule -validate-clang-modules-once -clang-build-session-file /Users/mdd/zhk/kanpan/KanpanChart/.xcbuild-codex/ModuleCache.noindex/Session.modulevalidation -package-name kanpanchart -Xcc -I/Users/mdd/zhk/kanpan/KanpanChart/.xcbuild-codex/Build/Intermediates.noindex/KanpanChart.build/Debug-iphonesimulator/KanpanChart.build/swift-overrides.hmap -emit-const-values -Xfrontend -const-gather-protocols-file -Xfrontend /Users/mdd/zhk/kanpan/KanpanChart/.xcbuild-codex/Build/Intermediates.noindex/KanpanChart.build/Debug-iphonesimulator/KanpanChart.build/Objects-normal/arm64/KanpanChart_const_extract_protocols.json -Xcc -I/Users/mdd/zhk/kanpan/KanpanChart/.xcbuild-codex/Build/Products/Debug-iphonesimulator/include -Xcc -I/Users/mdd/zhk/kanpan/KanpanChart/.xcbuild-codex/Build/Intermediates.noindex/KanpanChart.build/Debug-iphonesimulator/KanpanChart.build/DerivedSources-normal/arm64 -Xcc -I/Users/mdd/zhk/kanpan/KanpanChart/.xcbuild-codex/Build/Intermediates.noindex/KanpanChart.build/Debug-iphonesimulator/KanpanChart.build/DerivedSources/arm64 -Xcc -I/Users/mdd/zhk/kanpan/KanpanChart/.xcbuild-codex/Build/Intermediates.noindex/KanpanChart.build/Debug-iphonesimulator/KanpanChart.build/DerivedSources -Xcc -DSWIFT_PACKAGE -Xcc -DDEBUG\=1 -emit-objc-header -emit-objc-header-path /Users/mdd/zhk/kanpan/KanpanChart/.xcbuild-codex/Build/Intermediates.noindex/KanpanChart.build/Debug-iphonesimulator/KanpanChart.build/Objects-normal/arm64/KanpanChart-Swift.h -working-directory /Users/mdd/zhk/kanpan/KanpanChart/.swiftpm/xcode -experimental-emit-module-separately -disable-cmo

Ld /Users/mdd/zhk/kanpan/KanpanChart/.xcbuild-codex/Build/Products/Debug-iphonesimulator/KanpanChart.o normal (in target 'KanpanChart' from project 'KanpanChart')
    cd /Users/mdd/zhk/kanpan/KanpanChart
    /Applications/Xcode.app/Contents/Developer/Toolchains/XcodeDefault.xctoolchain/usr/bin/clang -Xlinker -reproducible -target arm64-apple-ios17.0-simulator -r -isysroot /Applications/Xcode.app/Contents/Developer/Platforms/iPhoneSimulator.platform/Developer/SDKs/iPhoneSimulator26.5.sdk -O0 -F/Users/mdd/zhk/kanpan/KanpanChart/.xcbuild-codex/Build/Intermediates.noindex/EagerLinkingTBDs/Debug-iphonesimulator -F/Users/mdd/zhk/kanpan/KanpanChart/.xcbuild-codex/Build/Products/Debug-iphonesimulator/PackageFrameworks -F/Users/mdd/zhk/kanpan/KanpanChart/.xcbuild-codex/Build/Products/Debug-iphonesimulator -iframework /Applications/Xcode.app/Contents/Developer/Platforms/iPhoneSimulator.platform/Developer/Library/Frameworks -iframework /Applications/Xcode.app/Contents/Developer/Platforms/iPhoneSimulator.platform/Developer/SDKs/iPhoneSimulator26.5.sdk/Developer/Library/Frameworks -filelist /Users/mdd/zhk/kanpan/KanpanChart/.xcbuild-codex/Build/Intermediates.noindex/KanpanChart.build/Debug-iphonesimulator/KanpanChart.build/Objects-normal/arm64/KanpanChart.LinkFileList -nostdlib -Xlinker -object_path_lto -Xlinker /Users/mdd/zhk/kanpan/KanpanChart/.xcbuild-codex/Build/Intermediates.noindex/KanpanChart.build/Debug-iphonesimulator/KanpanChart.build/Objects-normal/arm64/KanpanChart_lto.o -Xlinker -no_deduplicate -Xlinker -objc_abi_version -Xlinker 2 -Xlinker -debug_variant -Xlinker -dependency_info -Xlinker /Users/mdd/zhk/kanpan/KanpanChart/.xcbuild-codex/Build/Intermediates.noindex/KanpanChart.build/Debug-iphonesimulator/KanpanChart.build/Objects-normal/arm64/KanpanChart_dependency_info.dat -fobjc-link-runtime -L/Applications/Xcode.app/Contents/Developer/Toolchains/XcodeDefault.xctoolchain/usr/lib/swift/iphonesimulator -L/usr/lib/swift -Xlinker -add_ast_path -Xlinker /Users/mdd/zhk/kanpan/KanpanChart/.xcbuild-codex/Build/Intermediates.noindex/KanpanChart.build/Debug-iphonesimulator/KanpanChart.build/Objects-normal/arm64/KanpanChart.swiftmodule @/Users/mdd/zhk/kanpan/KanpanChart/.xcbuild-codex/Build/Intermediates.noindex/KanpanChart.build/Debug-iphonesimulator/KanpanChart.build/Objects-normal/arm64/KanpanChart-linker-args.resp -o /Users/mdd/zhk/kanpan/KanpanChart/.xcbuild-codex/Build/Products/Debug-iphonesimulator/KanpanChart.o

SwiftEmitModule normal arm64 Emitting\ module\ for\ KanpanChartTests (in target 'KanpanChartTests' from project 'KanpanChart')

EmitSwiftModule normal arm64 (in target 'KanpanChartTests' from project 'KanpanChart')
    cd /Users/mdd/zhk/kanpan/KanpanChart/.swiftpm/xcode
    

SwiftCompile normal arm64 Compiling\ PlaceholderTests.swift /Users/mdd/zhk/kanpan/KanpanChart/Tests/KanpanChartTests/PlaceholderTests.swift (in target 'KanpanChartTests' from project 'KanpanChart')

SwiftCompile normal arm64 /Users/mdd/zhk/kanpan/KanpanChart/Tests/KanpanChartTests/PlaceholderTests.swift (in target 'KanpanChartTests' from project 'KanpanChart')
    cd /Users/mdd/zhk/kanpan/KanpanChart/.swiftpm/xcode
    
/Users/mdd/zhk/kanpan/KanpanChart/Tests/KanpanChartTests/PlaceholderTests.swift:7:49: note: '#expect(_:_:)' will always pass here; use 'Bool(true)' to silence this warning (from macro 'expect')
  @Test("包能编过") func builds() { #expect(true) }

SwiftCompile normal arm64 Compiling\ ChartViewTests.swift /Users/mdd/zhk/kanpan/KanpanChart/Tests/KanpanChartTests/ChartViewTests.swift (in target 'KanpanChartTests' from project 'KanpanChart')
SwiftCompile normal arm64 /Users/mdd/zhk/kanpan/KanpanChart/Tests/KanpanChartTests/ChartViewTests.swift (in target 'KanpanChartTests' from project 'KanpanChart')
    cd /Users/mdd/zhk/kanpan/KanpanChart/.swiftpm/xcode
    

SwiftCompile normal arm64 Compiling\ EvidenceSupport.swift /Users/mdd/zhk/kanpan/KanpanChart/Tests/KanpanChartTests/EvidenceSupport.swift (in target 'KanpanChartTests' from project 'KanpanChart')

SwiftCompile normal arm64 /Users/mdd/zhk/kanpan/KanpanChart/Tests/KanpanChartTests/EvidenceSupport.swift (in target 'KanpanChartTests' from project 'KanpanChart')
    cd /Users/mdd/zhk/kanpan/KanpanChart/.swiftpm/xcode
    

SwiftCompile normal arm64 Compiling\ ChartDrawingTests.swift /Users/mdd/zhk/kanpan/KanpanChart/Tests/KanpanChartTests/ChartDrawingTests.swift (in target 'KanpanChartTests' from project 'KanpanChart')
SwiftCompile normal arm64 /Users/mdd/zhk/kanpan/KanpanChart/Tests/KanpanChartTests/ChartDrawingTests.swift (in target 'KanpanChartTests' from project 'KanpanChart')
    cd /Users/mdd/zhk/kanpan/KanpanChart/.swiftpm/xcode
    

SwiftCompile normal arm64 Compiling\ resource_bundle_accessor.swift /Users/mdd/zhk/kanpan/KanpanChart/.xcbuild-codex/Build/Intermediates.noindex/KanpanChart.build/Debug-iphonesimulator/KanpanChartTests.build/DerivedSources/resource_bundle_accessor.swift (in target 'KanpanChartTests' from project 'KanpanChart')

SwiftCompile normal arm64 /Users/mdd/zhk/kanpan/KanpanChart/.xcbuild-codex/Build/Intermediates.noindex/KanpanChart.build/Debug-iphonesimulator/KanpanChartTests.build/DerivedSources/resource_bundle_accessor.swift (in target 'KanpanChartTests' from project 'KanpanChart')
    cd /Users/mdd/zhk/kanpan/KanpanChart/.swiftpm/xcode
    

SwiftCompile normal arm64 Compiling\ ChartGestureTests.swift /Users/mdd/zhk/kanpan/KanpanChart/Tests/KanpanChartTests/ChartGestureTests.swift (in target 'KanpanChartTests' from project 'KanpanChart')

SwiftCompile normal arm64 /Users/mdd/zhk/kanpan/KanpanChart/Tests/KanpanChartTests/ChartGestureTests.swift (in target 'KanpanChartTests' from project 'KanpanChart')
    cd /Users/mdd/zhk/kanpan/KanpanChart/.swiftpm/xcode
    

SwiftCompile normal arm64 Compiling\ ChartOptionsRenderTests.swift /Users/mdd/zhk/kanpan/KanpanChart/Tests/KanpanChartTests/ChartOptionsRenderTests.swift (in target 'KanpanChartTests' from project 'KanpanChart')

SwiftCompile normal arm64 /Users/mdd/zhk/kanpan/KanpanChart/Tests/KanpanChartTests/ChartOptionsRenderTests.swift (in target 'KanpanChartTests' from project 'KanpanChart')
    cd /Users/mdd/zhk/kanpan/KanpanChart/.swiftpm/xcode
    

SwiftCompile normal arm64 Compiling\ EvidenceRenderTests.swift /Users/mdd/zhk/kanpan/KanpanChart/Tests/KanpanChartTests/EvidenceRenderTests.swift (in target 'KanpanChartTests' from project 'KanpanChart')

SwiftCompile normal arm64 /Users/mdd/zhk/kanpan/KanpanChart/Tests/KanpanChartTests/EvidenceRenderTests.swift (in target 'KanpanChartTests' from project 'KanpanChart')
    cd /Users/mdd/zhk/kanpan/KanpanChart/.swiftpm/xcode
    

SwiftCompile normal arm64 Compiling\ GeometryTableTests.swift /Users/mdd/zhk/kanpan/KanpanChart/Tests/KanpanChartTests/GeometryTableTests.swift (in target 'KanpanChartTests' from project 'KanpanChart')

SwiftCompile normal arm64 /Users/mdd/zhk/kanpan/KanpanChart/Tests/KanpanChartTests/GeometryTableTests.swift (in target 'KanpanChartTests' from project 'KanpanChart')
    cd /Users/mdd/zhk/kanpan/KanpanChart/.swiftpm/xcode
    

SwiftCompile normal arm64 Compiling\ ColorSampleTests.swift /Users/mdd/zhk/kanpan/KanpanChart/Tests/KanpanChartTests/ColorSampleTests.swift (in target 'KanpanChartTests' from project 'KanpanChart')

SwiftCompile normal arm64 /Users/mdd/zhk/kanpan/KanpanChart/Tests/KanpanChartTests/ColorSampleTests.swift (in target 'KanpanChartTests' from project 'KanpanChart')
    cd /Users/mdd/zhk/kanpan/KanpanChart/.swiftpm/xcode
    

SwiftDriverJobDiscovery normal arm64 Compiling resource_bundle_accessor.swift (in target 'KanpanChartTests' from project 'KanpanChart')

SwiftDriverJobDiscovery normal arm64 Compiling PlaceholderTests.swift (in target 'KanpanChartTests' from project 'KanpanChart')

ExtractAppIntentsMetadata (in target 'KanpanChart' from project 'KanpanChart')
    cd /Users/mdd/zhk/kanpan/KanpanChart
    /Applications/Xcode.app/Contents/Developer/Toolchains/XcodeDefault.xctoolchain/usr/bin/appintentsmetadataprocessor --toolchain-dir /Applications/Xcode.app/Contents/Developer/Toolchains/XcodeDefault.xctoolchain --module-name KanpanChart --sdk-root /Applications/Xcode.app/Contents/Developer/Platforms/iPhoneSimulator.platform/Developer/SDKs/iPhoneSimulator26.5.sdk --xcode-version 17F113 --platform-family iOS --deployment-target 17.0 --bundle-identifier kanpanchart.KanpanChart --output /Users/mdd/zhk/kanpan/KanpanChart/.xcbuild-codex/Build/Products/Debug-iphonesimulator/KanpanChart.appintents --target-triple arm64-apple-ios17.0-simulator --binary-file /Users/mdd/zhk/kanpan/KanpanChart/.xcbuild-codex/Build/Products/Debug-iphonesimulator/KanpanChart.o --dependency-file /Users/mdd/zhk/kanpan/KanpanChart/.xcbuild-codex/Build/Intermediates.noindex/KanpanChart.build/Debug-iphonesimulator/KanpanChart.build/Objects-normal/arm64/KanpanChart_dependency_info.dat --stringsdata-file /Users/mdd/zhk/kanpan/KanpanChart/.xcbuild-codex/Build/Intermediates.noindex/KanpanChart.build/Debug-iphonesimulator/KanpanChart.build/Objects-normal/arm64/ExtractedAppShortcutsMetadata.stringsdata --source-file-list /Users/mdd/zhk/kanpan/KanpanChart/.xcbuild-codex/Build/Intermediates.noindex/KanpanChart.build/Debug-iphonesimulator/KanpanChart.build/Objects-normal/arm64/KanpanChart.SwiftFileList --metadata-file-list /Users/mdd/zhk/kanpan/KanpanChart/.xcbuild-codex/Build/Intermediates.noindex/KanpanChart.build/Debug-iphonesimulator/KanpanChart.build/KanpanChart.DependencyMetadataFileList --static-metadata-file-list /Users/mdd/zhk/kanpan/KanpanChart/.xcbuild-codex/Build/Intermediates.noindex/KanpanChart.build/Debug-iphonesimulator/KanpanChart.build/KanpanChart.DependencyStaticMetadataFileList --swift-const-vals-list /Users/mdd/zhk/kanpan/KanpanChart/.xcbuild-codex/Build/Intermediates.noindex/KanpanChart.build/Debug-iphonesimulator/KanpanChart.build/Objects-normal/arm64/KanpanChart.SwiftConstValuesFileList --force --compile-time-extraction --deployment-aware-processing --validate-assistant-intents --no-app-shortcuts-localization
2026-09-14 22:47:12.189 appintentsmetadataprocessor[74833:31441684] Starting appintentsmetadataprocessor export
2026-09-14 22:47:12.216 appintentsmetadataprocessor[74833:31441684] Extracted no relevant App Intents symbols, skipping writing output

RegisterExecutionPolicyException /Users/mdd/zhk/kanpan/KanpanChart/.xcbuild-codex/Build/Products/Debug-iphonesimulator/KanpanChart.o (in target 'KanpanChart' from project 'KanpanChart')
    cd /Users/mdd/zhk/kanpan/KanpanChart
    builtin-RegisterExecutionPolicyException /Users/mdd/zhk/kanpan/KanpanChart/.xcbuild-codex/Build/Products/Debug-iphonesimulator/KanpanChart.o

ProcessInfoPlistFile /Users/mdd/zhk/kanpan/KanpanChart/.xcbuild-codex/Build/Products/Debug-iphonesimulator/KanpanChartTests.xctest/Info.plist /Users/mdd/zhk/kanpan/KanpanChart/.xcbuild-codex/Build/Intermediates.noindex/KanpanChart.build/Debug-iphonesimulator/KanpanChartTests.build/empty-KanpanChartTests.plist (in target 'KanpanChartTests' from project 'KanpanChart')
    cd /Users/mdd/zhk/kanpan/KanpanChart
    builtin-infoPlistUtility /Users/mdd/zhk/kanpan/KanpanChart/.xcbuild-codex/Build/Intermediates.noindex/KanpanChart.build/Debug-iphonesimulator/KanpanChartTests.build/empty-KanpanChartTests.plist -producttype com.apple.product-type.bundle.unit-test -expandbuildsettings -format binary -platform iphonesimulator -o /Users/mdd/zhk/kanpan/KanpanChart/.xcbuild-codex/Build/Products/Debug-iphonesimulator/KanpanChartTests.xctest/Info.plist

CpResource /Users/mdd/zhk/kanpan/KanpanChart/.xcbuild-codex/Build/Products/Debug-iphonesimulator/KanpanChartTests.xctest/KanpanChart_KanpanChartTests.bundle /Users/mdd/zhk/kanpan/KanpanChart/.xcbuild-codex/Build/Products/Debug-iphonesimulator/KanpanChart_KanpanChartTests.bundle (in target 'KanpanChartTests' from project 'KanpanChart')
    cd /Users/mdd/zhk/kanpan/KanpanChart
    builtin-copy -exclude .DS_Store -exclude CVS -exclude .svn -exclude .git -exclude .hg -resolve-src-symlinks /Users/mdd/zhk/kanpan/KanpanChart/.xcbuild-codex/Build/Products/Debug-iphonesimulator/KanpanChart_KanpanChartTests.bundle /Users/mdd/zhk/kanpan/KanpanChart/.xcbuild-codex/Build/Products/Debug-iphonesimulator/KanpanChartTests.xctest

SwiftDriverJobDiscovery normal arm64 Compiling GeometryTableTests.swift (in target 'KanpanChartTests' from project 'KanpanChart')

SwiftDriverJobDiscovery normal arm64 Compiling EvidenceSupport.swift (in target 'KanpanChartTests' from project 'KanpanChart')

SwiftDriverJobDiscovery normal arm64 Compiling ChartGestureTests.swift (in target 'KanpanChartTests' from project 'KanpanChart')

SwiftDriverJobDiscovery normal arm64 Emitting module for KanpanChartTests (in target 'KanpanChartTests' from project 'KanpanChart')

SwiftDriver\ Compilation\ Requirements KanpanChartTests normal arm64 com.apple.xcode.tools.swift.compiler (in target 'KanpanChartTests' from project 'KanpanChart')
    cd /Users/mdd/zhk/kanpan/KanpanChart/.swiftpm/xcode
    builtin-Swift-Compilation-Requirements -- /Applications/Xcode.app/Contents/Developer/Toolchains/XcodeDefault.xctoolchain/usr/bin/swiftc -module-name KanpanChartTests -Onone @/Users/mdd/zhk/kanpan/KanpanChart/.xcbuild-codex/Build/Intermediates.noindex/KanpanChart.build/Debug-iphonesimulator/KanpanChartTests.build/Objects-normal/arm64/KanpanChartTests.SwiftFileList -DSWIFT_PACKAGE -DDEBUG -DSWIFT_MODULE_RESOURCE_BUNDLE_AVAILABLE -DXcode -plugin-path /Applications/Xcode.app/Contents/Developer/Toolchains/XcodeDefault.xctoolchain/usr/lib/swift/host/plugins/testing -enable-experimental-feature DebugDescriptionMacro -sdk /Applications/Xcode.app/Contents/Developer/Platforms/iPhoneSimulator.platform/Developer/SDKs/iPhoneSimulator26.5.sdk -target arm64-apple-ios17.0-simulator -g -module-cache-path /Users/mdd/zhk/kanpan/KanpanChart/.xcbuild-codex/ModuleCache.noindex -Xfrontend -serialize-debugging-options -profile-coverage-mapping -profile-generate -enable-testing -index-store-path /Users/mdd/zhk/kanpan/KanpanChart/.xcbuild-codex/Index.noindex/DataStore -Xcc -D_LIBCPP_HARDENING_MODE\=_LIBCPP_HARDENING_MODE_DEBUG -swift-version 6 -I /Users/mdd/zhk/kanpan/KanpanChart/.xcbuild-codex/Build/Products/Debug-iphonesimulator -Isystem /Applications/Xcode.app/Contents/Developer/Platforms/iPhoneSimulator.platform/Developer/usr/lib -F /Users/mdd/zhk/kanpan/KanpanChart/.xcbuild-codex/Build/Products/Debug-iphonesimulator/PackageFrameworks -F /Users/mdd/zhk/kanpan/KanpanChart/.xcbuild-codex/Build/Products/Debug-iphonesimulator/PackageFrameworks -F /Users/mdd/zhk/kanpan/KanpanChart/.xcbuild-codex/Build/Products/Debug-iphonesimulator -F /Applications/Xcode.app/Contents/Developer/Platforms/iPhoneSimulator.platform/Developer/Library/Frameworks -F /Applications/Xcode.app/Contents/Developer/Platforms/iPhoneSimulator.platform/Developer/SDKs/iPhoneSimulator26.5.sdk/Developer/Library/Frameworks -c -j10 -enable-batch-mode -incremental -Xcc -ivfsstatcache -Xcc /Users/mdd/zhk/kanpan/KanpanChart/.xcbuild-codex/SDKStatCaches.noindex/iphonesimulator26.5-23F81a-6cfe768891a92b912361537c460fe42b.sdkstatcache -output-file-map /Users/mdd/zhk/kanpan/KanpanChart/.xcbuild-codex/Build/Intermediates.noindex/KanpanChart.build/Debug-iphonesimulator/KanpanChartTests.build/Objects-normal/arm64/KanpanChartTests-OutputFileMap.json -use-frontend-parseable-output -save-temps -no-color-diagnostics -explicit-module-build -module-cache-path /Users/mdd/zhk/kanpan/KanpanChart/.xcbuild-codex/Build/Intermediates.noindex/SwiftExplicitPrecompiledModules -clang-scanner-module-cache-path /Users/mdd/zhk/kanpan/KanpanChart/.xcbuild-codex/ModuleCache.noindex -sdk-module-cache-path /Users/mdd/zhk/kanpan/KanpanChart/.xcbuild-codex/ModuleCache.noindex -serialize-diagnostics -emit-dependencies -emit-module -emit-module-path /Users/mdd/zhk/kanpan/KanpanChart/.xcbuild-codex/Build/Intermediates.noindex/KanpanChart.build/Debug-iphonesimulator/KanpanChartTests.build/Objects-normal/arm64/KanpanChartTests.swiftmodule -validate-clang-modules-once -clang-build-session-file /Users/mdd/zhk/kanpan/KanpanChart/.xcbuild-codex/ModuleCache.noindex/Session.modulevalidation -package-name kanpanchart -emit-const-values -Xfrontend -const-gather-protocols-file -Xfrontend /Users/mdd/zhk/kanpan/KanpanChart/.xcbuild-codex/Build/Intermediates.noindex/KanpanChart.build/Debug-iphonesimulator/KanpanChartTests.build/Objects-normal/arm64/KanpanChartTests_const_extract_protocols.json -Xcc -I/Users/mdd/zhk/kanpan/KanpanChart/.xcbuild-codex/Build/Products/Debug-iphonesimulator/include -Xcc -I/Users/mdd/zhk/kanpan/KanpanChart/.xcbuild-codex/Build/Intermediates.noindex/KanpanChart.build/Debug-iphonesimulator/KanpanChartTests.build/DerivedSources-normal/arm64 -Xcc -I/Users/mdd/zhk/kanpan/KanpanChart/.xcbuild-codex/Build/Intermediates.noindex/KanpanChart.build/Debug-iphonesimulator/KanpanChartTests.build/DerivedSources/arm64 -Xcc -I/Users/mdd/zhk/kanpan/KanpanChart/.xcbuild-codex/Build/Intermediates.noindex/KanpanChart.build/Debug-iphonesimulator/KanpanChartTests.build/DerivedSources -Xcc -DSWIFT_PACKAGE -Xcc -DDEBUG\=1 -working-directory /Users/mdd/zhk/kanpan/KanpanChart/.swiftpm/xcode -experimental-emit-module-separately -disable-cmo

Copy /Users/mdd/zhk/kanpan/KanpanChart/.xcbuild-codex/Build/Products/Debug-iphonesimulator/KanpanChartTests.swiftmodule/arm64-apple-ios-simulator.swiftmodule /Users/mdd/zhk/kanpan/KanpanChart/.xcbuild-codex/Build/Intermediates.noindex/KanpanChart.build/Debug-iphonesimulator/KanpanChartTests.build/Objects-normal/arm64/KanpanChartTests.swiftmodule (in target 'KanpanChartTests' from project 'KanpanChart')
    cd /Users/mdd/zhk/kanpan/KanpanChart
    builtin-copy -exclude .DS_Store -exclude CVS -exclude .svn -exclude .git -exclude .hg -resolve-src-symlinks -rename /Users/mdd/zhk/kanpan/KanpanChart/.xcbuild-codex/Build/Intermediates.noindex/KanpanChart.build/Debug-iphonesimulator/KanpanChartTests.build/Objects-normal/arm64/KanpanChartTests.swiftmodule /Users/mdd/zhk/kanpan/KanpanChart/.xcbuild-codex/Build/Products/Debug-iphonesimulator/KanpanChartTests.swiftmodule/arm64-apple-ios-simulator.swiftmodule

Copy /Users/mdd/zhk/kanpan/KanpanChart/.xcbuild-codex/Build/Products/Debug-iphonesimulator/KanpanChartTests.swiftmodule/arm64-apple-ios-simulator.swiftdoc /Users/mdd/zhk/kanpan/KanpanChart/.xcbuild-codex/Build/Intermediates.noindex/KanpanChart.build/Debug-iphonesimulator/KanpanChartTests.build/Objects-normal/arm64/KanpanChartTests.swiftdoc (in target 'KanpanChartTests' from project 'KanpanChart')
    cd /Users/mdd/zhk/kanpan/KanpanChart
    builtin-copy -exclude .DS_Store -exclude CVS -exclude .svn -exclude .git -exclude .hg -resolve-src-symlinks -rename /Users/mdd/zhk/kanpan/KanpanChart/.xcbuild-codex/Build/Intermediates.noindex/KanpanChart.build/Debug-iphonesimulator/KanpanChartTests.build/Objects-normal/arm64/KanpanChartTests.swiftdoc /Users/mdd/zhk/kanpan/KanpanChart/.xcbuild-codex/Build/Products/Debug-iphonesimulator/KanpanChartTests.swiftmodule/arm64-apple-ios-simulator.swiftdoc

Copy /Users/mdd/zhk/kanpan/KanpanChart/.xcbuild-codex/Build/Products/Debug-iphonesimulator/KanpanChartTests.swiftmodule/arm64-apple-ios-simulator.abi.json /Users/mdd/zhk/kanpan/KanpanChart/.xcbuild-codex/Build/Intermediates.noindex/KanpanChart.build/Debug-iphonesimulator/KanpanChartTests.build/Objects-normal/arm64/KanpanChartTests.abi.json (in target 'KanpanChartTests' from project 'KanpanChart')
    cd /Users/mdd/zhk/kanpan/KanpanChart
    builtin-copy -exclude .DS_Store -exclude CVS -exclude .svn -exclude .git -exclude .hg -resolve-src-symlinks -rename /Users/mdd/zhk/kanpan/KanpanChart/.xcbuild-codex/Build/Intermediates.noindex/KanpanChart.build/Debug-iphonesimulator/KanpanChartTests.build/Objects-normal/arm64/KanpanChartTests.abi.json /Users/mdd/zhk/kanpan/KanpanChart/.xcbuild-codex/Build/Products/Debug-iphonesimulator/KanpanChartTests.swiftmodule/arm64-apple-ios-simulator.abi.json

Copy /Users/mdd/zhk/kanpan/KanpanChart/.xcbuild-codex/Build/Products/Debug-iphonesimulator/KanpanChartTests.swiftmodule/Project/arm64-apple-ios-simulator.swiftsourceinfo /Users/mdd/zhk/kanpan/KanpanChart/.xcbuild-codex/Build/Intermediates.noindex/KanpanChart.build/Debug-iphonesimulator/KanpanChartTests.build/Objects-normal/arm64/KanpanChartTests.swiftsourceinfo (in target 'KanpanChartTests' from project 'KanpanChart')
    cd /Users/mdd/zhk/kanpan/KanpanChart
    builtin-copy -exclude .DS_Store -exclude CVS -exclude .svn -exclude .git -exclude .hg -resolve-src-symlinks -rename /Users/mdd/zhk/kanpan/KanpanChart/.xcbuild-codex/Build/Intermediates.noindex/KanpanChart.build/Debug-iphonesimulator/KanpanChartTests.build/Objects-normal/arm64/KanpanChartTests.swiftsourceinfo /Users/mdd/zhk/kanpan/KanpanChart/.xcbuild-codex/Build/Products/Debug-iphonesimulator/KanpanChartTests.swiftmodule/Project/arm64-apple-ios-simulator.swiftsourceinfo

SwiftDriverJobDiscovery normal arm64 Compiling ChartViewTests.swift (in target 'KanpanChartTests' from project 'KanpanChart')

SwiftDriverJobDiscovery normal arm64 Compiling EvidenceRenderTests.swift (in target 'KanpanChartTests' from project 'KanpanChart')

SwiftDriverJobDiscovery normal arm64 Compiling ColorSampleTests.swift (in target 'KanpanChartTests' from project 'KanpanChart')

SwiftDriverJobDiscovery normal arm64 Compiling ChartOptionsRenderTests.swift (in target 'KanpanChartTests' from project 'KanpanChart')

SwiftDriverJobDiscovery normal arm64 Compiling ChartDrawingTests.swift (in target 'KanpanChartTests' from project 'KanpanChart')

SwiftDriver\ Compilation KanpanChartTests normal arm64 com.apple.xcode.tools.swift.compiler (in target 'KanpanChartTests' from project 'KanpanChart')
    cd /Users/mdd/zhk/kanpan/KanpanChart/.swiftpm/xcode
    builtin-Swift-Compilation -- /Applications/Xcode.app/Contents/Developer/Toolchains/XcodeDefault.xctoolchain/usr/bin/swiftc -module-name KanpanChartTests -Onone @/Users/mdd/zhk/kanpan/KanpanChart/.xcbuild-codex/Build/Intermediates.noindex/KanpanChart.build/Debug-iphonesimulator/KanpanChartTests.build/Objects-normal/arm64/KanpanChartTests.SwiftFileList -DSWIFT_PACKAGE -DDEBUG -DSWIFT_MODULE_RESOURCE_BUNDLE_AVAILABLE -DXcode -plugin-path /Applications/Xcode.app/Contents/Developer/Toolchains/XcodeDefault.xctoolchain/usr/lib/swift/host/plugins/testing -enable-experimental-feature DebugDescriptionMacro -sdk /Applications/Xcode.app/Contents/Developer/Platforms/iPhoneSimulator.platform/Developer/SDKs/iPhoneSimulator26.5.sdk -target arm64-apple-ios17.0-simulator -g -module-cache-path /Users/mdd/zhk/kanpan/KanpanChart/.xcbuild-codex/ModuleCache.noindex -Xfrontend -serialize-debugging-options -profile-coverage-mapping -profile-generate -enable-testing -index-store-path /Users/mdd/zhk/kanpan/KanpanChart/.xcbuild-codex/Index.noindex/DataStore -Xcc -D_LIBCPP_HARDENING_MODE\=_LIBCPP_HARDENING_MODE_DEBUG -swift-version 6 -I /Users/mdd/zhk/kanpan/KanpanChart/.xcbuild-codex/Build/Products/Debug-iphonesimulator -Isystem /Applications/Xcode.app/Contents/Developer/Platforms/iPhoneSimulator.platform/Developer/usr/lib -F /Users/mdd/zhk/kanpan/KanpanChart/.xcbuild-codex/Build/Products/Debug-iphonesimulator/PackageFrameworks -F /Users/mdd/zhk/kanpan/KanpanChart/.xcbuild-codex/Build/Products/Debug-iphonesimulator/PackageFrameworks -F /Users/mdd/zhk/kanpan/KanpanChart/.xcbuild-codex/Build/Products/Debug-iphonesimulator -F /Applications/Xcode.app/Contents/Developer/Platforms/iPhoneSimulator.platform/Developer/Library/Frameworks -F /Applications/Xcode.app/Contents/Developer/Platforms/iPhoneSimulator.platform/Developer/SDKs/iPhoneSimulator26.5.sdk/Developer/Library/Frameworks -c -j10 -enable-batch-mode -incremental -Xcc -ivfsstatcache -Xcc /Users/mdd/zhk/kanpan/KanpanChart/.xcbuild-codex/SDKStatCaches.noindex/iphonesimulator26.5-23F81a-6cfe768891a92b912361537c460fe42b.sdkstatcache -output-file-map /Users/mdd/zhk/kanpan/KanpanChart/.xcbuild-codex/Build/Intermediates.noindex/KanpanChart.build/Debug-iphonesimulator/KanpanChartTests.build/Objects-normal/arm64/KanpanChartTests-OutputFileMap.json -use-frontend-parseable-output -save-temps -no-color-diagnostics -explicit-module-build -module-cache-path /Users/mdd/zhk/kanpan/KanpanChart/.xcbuild-codex/Build/Intermediates.noindex/SwiftExplicitPrecompiledModules -clang-scanner-module-cache-path /Users/mdd/zhk/kanpan/KanpanChart/.xcbuild-codex/ModuleCache.noindex -sdk-module-cache-path /Users/mdd/zhk/kanpan/KanpanChart/.xcbuild-codex/ModuleCache.noindex -serialize-diagnostics -emit-dependencies -emit-module -emit-module-path /Users/mdd/zhk/kanpan/KanpanChart/.xcbuild-codex/Build/Intermediates.noindex/KanpanChart.build/Debug-iphonesimulator/KanpanChartTests.build/Objects-normal/arm64/KanpanChartTests.swiftmodule -validate-clang-modules-once -clang-build-session-file /Users/mdd/zhk/kanpan/KanpanChart/.xcbuild-codex/ModuleCache.noindex/Session.modulevalidation -package-name kanpanchart -emit-const-values -Xfrontend -const-gather-protocols-file -Xfrontend /Users/mdd/zhk/kanpan/KanpanChart/.xcbuild-codex/Build/Intermediates.noindex/KanpanChart.build/Debug-iphonesimulator/KanpanChartTests.build/Objects-normal/arm64/KanpanChartTests_const_extract_protocols.json -Xcc -I/Users/mdd/zhk/kanpan/KanpanChart/.xcbuild-codex/Build/Products/Debug-iphonesimulator/include -Xcc -I/Users/mdd/zhk/kanpan/KanpanChart/.xcbuild-codex/Build/Intermediates.noindex/KanpanChart.build/Debug-iphonesimulator/KanpanChartTests.build/DerivedSources-normal/arm64 -Xcc -I/Users/mdd/zhk/kanpan/KanpanChart/.xcbuild-codex/Build/Intermediates.noindex/KanpanChart.build/Debug-iphonesimulator/KanpanChartTests.build/DerivedSources/arm64 -Xcc -I/Users/mdd/zhk/kanpan/KanpanChart/.xcbuild-codex/Build/Intermediates.noindex/KanpanChart.build/Debug-iphonesimulator/KanpanChartTests.build/DerivedSources -Xcc -DSWIFT_PACKAGE -Xcc -DDEBUG\=1 -working-directory /Users/mdd/zhk/kanpan/KanpanChart/.swiftpm/xcode -experimental-emit-module-separately -disable-cmo

Ld /Users/mdd/zhk/kanpan/KanpanChart/.xcbuild-codex/Build/Products/Debug-iphonesimulator/KanpanChartTests.xctest/KanpanChartTests normal (in target 'KanpanChartTests' from project 'KanpanChart')
    cd /Users/mdd/zhk/kanpan/KanpanChart
    /Applications/Xcode.app/Contents/Developer/Toolchains/XcodeDefault.xctoolchain/usr/bin/clang -Xlinker -reproducible -target arm64-apple-ios17.0-simulator -bundle -isysroot /Applications/Xcode.app/Contents/Developer/Platforms/iPhoneSimulator.platform/Developer/SDKs/iPhoneSimulator26.5.sdk -O0 -L/Users/mdd/zhk/kanpan/KanpanChart/.xcbuild-codex/Build/Intermediates.noindex/EagerLinkingTBDs/Debug-iphonesimulator -L/Users/mdd/zhk/kanpan/KanpanChart/.xcbuild-codex/Build/Products/Debug-iphonesimulator -L/Applications/Xcode.app/Contents/Developer/Platforms/iPhoneSimulator.platform/Developer/usr/lib -F/Users/mdd/zhk/kanpan/KanpanChart/.xcbuild-codex/Build/Intermediates.noindex/EagerLinkingTBDs/Debug-iphonesimulator -F/Users/mdd/zhk/kanpan/KanpanChart/.xcbuild-codex/Build/Products/Debug-iphonesimulator/PackageFrameworks -F/Users/mdd/zhk/kanpan/KanpanChart/.xcbuild-codex/Build/Products/Debug-iphonesimulator/PackageFrameworks -F/Users/mdd/zhk/kanpan/KanpanChart/.xcbuild-codex/Build/Products/Debug-iphonesimulator -iframework /Applications/Xcode.app/Contents/Developer/Platforms/iPhoneSimulator.platform/Developer/Library/Frameworks -iframework /Applications/Xcode.app/Contents/Developer/Platforms/iPhoneSimulator.platform/Developer/SDKs/iPhoneSimulator26.5.sdk/Developer/Library/Frameworks -filelist /Users/mdd/zhk/kanpan/KanpanChart/.xcbuild-codex/Build/Intermediates.noindex/KanpanChart.build/Debug-iphonesimulator/KanpanChartTests.build/Objects-normal/arm64/KanpanChartTests.LinkFileList -Xlinker -rpath -Xlinker /usr/lib/swift -Xlinker -rpath -Xlinker /Users/mdd/zhk/kanpan/KanpanChart/.xcbuild-codex/Build/Products/Debug-iphonesimulator/PackageFrameworks -Xlinker -rpath -Xlinker @loader_path/Frameworks -Xlinker -rpath -Xlinker @loader_path/../Frameworks -Xlinker -dead_strip -Xlinker -object_path_lto -Xlinker /Users/mdd/zhk/kanpan/KanpanChart/.xcbuild-codex/Build/Intermediates.noindex/KanpanChart.build/Debug-iphonesimulator/KanpanChartTests.build/Objects-normal/arm64/KanpanChartTests_lto.o -rdynamic -Xlinker -no_deduplicate -Xlinker -objc_abi_version -Xlinker 2 -Xlinker -debug_variant -Xlinker -dependency_info -Xlinker /Users/mdd/zhk/kanpan/KanpanChart/.xcbuild-codex/Build/Intermediates.noindex/KanpanChart.build/Debug-iphonesimulator/KanpanChartTests.build/Objects-normal/arm64/KanpanChartTests_dependency_info.dat -fobjc-link-runtime -fprofile-instr-generate -L/Applications/Xcode.app/Contents/Developer/Toolchains/XcodeDefault.xctoolchain/usr/lib/swift/iphonesimulator -L/usr/lib/swift -Xlinker -add_ast_path -Xlinker /Users/mdd/zhk/kanpan/KanpanChart/.xcbuild-codex/Build/Intermediates.noindex/KanpanChart.build/Debug-iphonesimulator/KanpanChartTests.build/Objects-normal/arm64/KanpanChartTests.swiftmodule @/Users/mdd/zhk/kanpan/KanpanChart/.xcbuild-codex/Build/Intermediates.noindex/KanpanChart.build/Debug-iphonesimulator/KanpanChartTests.build/Objects-normal/arm64/KanpanChartTests-linker-args.resp -Wl,-no_warn_duplicate_libraries -Wl,-no_warn_duplicate_libraries -Xlinker -needed_framework -Xlinker XCTest -framework XCTest -Xlinker -needed-lXCTestSwiftSupport -lXCTestSwiftSupport -Xlinker -no_adhoc_codesign -o /Users/mdd/zhk/kanpan/KanpanChart/.xcbuild-codex/Build/Products/Debug-iphonesimulator/KanpanChartTests.xctest/KanpanChartTests -Xlinker -add_ast_path -Xlinker /Users/mdd/zhk/kanpan/KanpanChart/.xcbuild-codex/Build/Intermediates.noindex/KanpanCore.build/Debug-iphonesimulator/KanpanCore.build/Objects-normal/arm64/KanpanCore.swiftmodule @/Users/mdd/zhk/kanpan/KanpanChart/.xcbuild-codex/Build/Intermediates.noindex/KanpanCore.build/Debug-iphonesimulator/KanpanCore.build/Objects-normal/arm64/KanpanCore-linker-args.resp -Xlinker -add_ast_path -Xlinker /Users/mdd/zhk/kanpan/KanpanChart/.xcbuild-codex/Build/Intermediates.noindex/KanpanChart.build/Debug-iphonesimulator/KanpanChart.build/Objects-normal/arm64/KanpanChart.swiftmodule @/Users/mdd/zhk/kanpan/KanpanChart/.xcbuild-codex/Build/Intermediates.noindex/KanpanChart.build/Debug-iphonesimulator/KanpanChart.build/Objects-normal/arm64/KanpanChart-linker-args.resp

CopySwiftLibs /Users/mdd/zhk/kanpan/KanpanChart/.xcbuild-codex/Build/Products/Debug-iphonesimulator/KanpanChartTests.xctest (in target 'KanpanChartTests' from project 'KanpanChart')
    cd /Users/mdd/zhk/kanpan/KanpanChart
    builtin-swiftStdLibTool --copy --verbose --sign - --scan-executable /Users/mdd/zhk/kanpan/KanpanChart/.xcbuild-codex/Build/Products/Debug-iphonesimulator/KanpanChartTests.xctest/KanpanChartTests --scan-folder /Users/mdd/zhk/kanpan/KanpanChart/.xcbuild-codex/Build/Products/Debug-iphonesimulator/KanpanChartTests.xctest/Frameworks --scan-folder /Users/mdd/zhk/kanpan/KanpanChart/.xcbuild-codex/Build/Products/Debug-iphonesimulator/KanpanChartTests.xctest/PlugIns --scan-folder /Users/mdd/zhk/kanpan/KanpanChart/.xcbuild-codex/Build/Products/Debug-iphonesimulator/KanpanChartTests.xctest/SystemExtensions --scan-folder /Users/mdd/zhk/kanpan/KanpanChart/.xcbuild-codex/Build/Products/Debug-iphonesimulator/KanpanChartTests.xctest/Extensions --platform iphonesimulator --toolchain /Applications/Xcode.app/Contents/Developer/Toolchains/XcodeDefault.xctoolchain --destination /Users/mdd/zhk/kanpan/KanpanChart/.xcbuild-codex/Build/Products/Debug-iphonesimulator/KanpanChartTests.xctest/Frameworks --strip-bitcode --scan-executable /Applications/Xcode.app/Contents/Developer/Platforms/iPhoneSimulator.platform/Developer/usr/lib/libXCTestSwiftSupport.dylib --strip-bitcode-tool /Applications/Xcode.app/Contents/Developer/Toolchains/XcodeDefault.xctoolchain/usr/bin/bitcode_strip --emit-dependency-info /Users/mdd/zhk/kanpan/KanpanChart/.xcbuild-codex/Build/Intermediates.noindex/KanpanChart.build/Debug-iphonesimulator/KanpanChartTests.build/SwiftStdLibToolInputDependencies.dep --filter-for-swift-os

ExtractAppIntentsMetadata (in target 'KanpanChartTests' from project 'KanpanChart')
    cd /Users/mdd/zhk/kanpan/KanpanChart
    /Applications/Xcode.app/Contents/Developer/Toolchains/XcodeDefault.xctoolchain/usr/bin/appintentsmetadataprocessor --toolchain-dir /Applications/Xcode.app/Contents/Developer/Toolchains/XcodeDefault.xctoolchain --module-name KanpanChartTests --sdk-root /Applications/Xcode.app/Contents/Developer/Platforms/iPhoneSimulator.platform/Developer/SDKs/iPhoneSimulator26.5.sdk --xcode-version 17F113 --platform-family iOS --deployment-target 17.0 --bundle-identifier kanpanchart.KanpanChartTests --output /Users/mdd/zhk/kanpan/KanpanChart/.xcbuild-codex/Build/Products/Debug-iphonesimulator/KanpanChartTests.xctest --target-triple arm64-apple-ios17.0-simulator --binary-file /Users/mdd/zhk/kanpan/KanpanChart/.xcbuild-codex/Build/Products/Debug-iphonesimulator/KanpanChartTests.xctest/KanpanChartTests --dependency-file /Users/mdd/zhk/kanpan/KanpanChart/.xcbuild-codex/Build/Intermediates.noindex/KanpanChart.build/Debug-iphonesimulator/KanpanChartTests.build/Objects-normal/arm64/KanpanChartTests_dependency_info.dat --stringsdata-file /Users/mdd/zhk/kanpan/KanpanChart/.xcbuild-codex/Build/Intermediates.noindex/KanpanChart.build/Debug-iphonesimulator/KanpanChartTests.build/Objects-normal/arm64/ExtractedAppShortcutsMetadata.stringsdata --source-file-list /Users/mdd/zhk/kanpan/KanpanChart/.xcbuild-codex/Build/Intermediates.noindex/KanpanChart.build/Debug-iphonesimulator/KanpanChartTests.build/Objects-normal/arm64/KanpanChartTests.SwiftFileList --metadata-file-list /Users/mdd/zhk/kanpan/KanpanChart/.xcbuild-codex/Build/Intermediates.noindex/KanpanChart.build/Debug-iphonesimulator/KanpanChartTests.build/KanpanChartTests.DependencyMetadataFileList --static-metadata-file-list /Users/mdd/zhk/kanpan/KanpanChart/.xcbuild-codex/Build/Intermediates.noindex/KanpanChart.build/Debug-iphonesimulator/KanpanChartTests.build/KanpanChartTests.DependencyStaticMetadataFileList --swift-const-vals-list /Users/mdd/zhk/kanpan/KanpanChart/.xcbuild-codex/Build/Intermediates.noindex/KanpanChart.build/Debug-iphonesimulator/KanpanChartTests.build/Objects-normal/arm64/KanpanChartTests.SwiftConstValuesFileList --compile-time-extraction --deployment-aware-processing --validate-assistant-intents --no-app-shortcuts-localization
2026-09-14 22:47:15.528 appintentsmetadataprocessor[74839:31441792] Starting appintentsmetadataprocessor export
2026-09-14 22:47:15.529 appintentsmetadataprocessor[74839:31441792] warning: Metadata extraction skipped. No AppIntents.framework dependency found.

AppIntentsSSUTraining (in target 'KanpanChartTests' from project 'KanpanChart')
    cd /Users/mdd/zhk/kanpan/KanpanChart
    /Applications/Xcode.app/Contents/Developer/Toolchains/XcodeDefault.xctoolchain/usr/bin/appintentsnltrainingprocessor --infoplist-path /Users/mdd/zhk/kanpan/KanpanChart/.xcbuild-codex/Build/Products/Debug-iphonesimulator/KanpanChartTests.xctest/Info.plist --temp-dir-path /Users/mdd/zhk/kanpan/KanpanChart/.xcbuild-codex/Build/Intermediates.noindex/KanpanChart.build/Debug-iphonesimulator/KanpanChartTests.build/ssu --bundle-id kanpanchart.KanpanChartTests --product-path /Users/mdd/zhk/kanpan/KanpanChart/.xcbuild-codex/Build/Products/Debug-iphonesimulator/KanpanChartTests.xctest --extracted-metadata-path /Users/mdd/zhk/kanpan/KanpanChart/.xcbuild-codex/Build/Products/Debug-iphonesimulator/KanpanChartTests.xctest/Metadata.appintents --metadata-file-list /Users/mdd/zhk/kanpan/KanpanChart/.xcbuild-codex/Build/Intermediates.noindex/KanpanChart.build/Debug-iphonesimulator/KanpanChartTests.build/KanpanChartTests.DependencyMetadataFileList --source-file /Users/mdd/zhk/kanpan/KanpanChart/.xcbuild-codex/Build/Products/Debug-iphonesimulator/KanpanChartTests.xctest/Info.plist --archive-ssu-assets
2026-09-14 22:47:15.548 appintentsnltrainingprocessor[74840:31441793] Parsing options for appintentsnltrainingprocessor
2026-09-14 22:47:15.548 appintentsnltrainingprocessor[74840:31441793] Starting AppIntents SSU YAML Generation
2026-09-14 22:47:15.550 appintentsnltrainingprocessor[74840:31441793] No AppShortcuts found - Skipping.

CodeSign /Users/mdd/zhk/kanpan/KanpanChart/.xcbuild-codex/Build/Products/Debug-iphonesimulator/KanpanChartTests.xctest (in target 'KanpanChartTests' from project 'KanpanChart')
    cd /Users/mdd/zhk/kanpan/KanpanChart
    
    Signing Identity:     "Sign to Run Locally"
    
    /usr/bin/codesign --force --sign - --timestamp\=none --generate-entitlement-der /Users/mdd/zhk/kanpan/KanpanChart/.xcbuild-codex/Build/Products/Debug-iphonesimulator/KanpanChartTests.xctest

RegisterExecutionPolicyException /Users/mdd/zhk/kanpan/KanpanChart/.xcbuild-codex/Build/Products/Debug-iphonesimulator/KanpanChartTests.xctest (in target 'KanpanChartTests' from project 'KanpanChart')
    cd /Users/mdd/zhk/kanpan/KanpanChart
    builtin-RegisterExecutionPolicyException /Users/mdd/zhk/kanpan/KanpanChart/.xcbuild-codex/Build/Products/Debug-iphonesimulator/KanpanChartTests.xctest

Touch /Users/mdd/zhk/kanpan/KanpanChart/.xcbuild-codex/Build/Products/Debug-iphonesimulator/KanpanChartTests.xctest (in target 'KanpanChartTests' from project 'KanpanChart')
    cd /Users/mdd/zhk/kanpan/KanpanChart
    /usr/bin/touch -c /Users/mdd/zhk/kanpan/KanpanChart/.xcbuild-codex/Build/Products/Debug-iphonesimulator/KanpanChartTests.xctest

Test Suite 'All tests' started at 2026-09-14 22:47:31.219.
Test Suite 'All tests' passed at 2026-09-14 22:47:31.230.
	 Executed 0 tests, with 0 failures (0 unexpected) in 0.000 (0.011) seconds
◇ Test run started.
↳ Testing Library Version: 1902
↳ Target Platform: arm64-apple-ios13.0-simulator
◇ Suite "A3.2 几何量化" started.
◇ Suite "画线交互" started.
◇ Suite "ChartView 三层合成" started.
◇ Suite "ChartView 脏位" started.
◇ Suite "A3.3 颜色取样" started.
◇ Suite "A3.10 像素边界" started.
◇ Suite "K线设置·渲染" started.
◇ Suite "AICoin 手势状态机" started.
◇ Suite "M3 取证渲染" started.
◇ Test "所有风格的七项几何完全一致，使用AICoin底座" started.
◇ Test "A7.4：拖手柄只改那一端" started.
◇ Test "覆盖层装上之后，触摸从它这儿转进来" started.
◇ Test "A7.2：磁吸开着，落点吸到那根的 OHLC" started.
◇ Test "换一批线（切品种）把选中、半截的线和撤销栈一起清掉" started.
◇ Test "A7.2：趋势线点两下成线，第一点落下后提示改口" started.
◇ Test "没选中的线拖不动，那一下是拖图" started.
◇ Test "线变了会叫外面存盘" started.
◇ Test "A7.5：拖图缩放之后线还钉在同一对 (时间, 价格) 上" started.
◇ Test "A7.4：离线太远的轻点不选中" started.
◇ Test "A7.4：轻点线身选中，空白处轻点取消" started.
◇ Test "撤销重做走一圈：画两条、撤两步、重做一步" started.
◇ Test "A7.8：两指照样能捏合" started.
◇ Test "磁吸关掉就停在手指上" started.
◇ Test "A7.5：对数模式下拖动按像素走，两端的像素位移一致" started.
◇ Test "没有 state 就是一张白纸" started.
◇ Test "视图画出来的和 ChartRenderer 一次画完的一样" started.
◇ Test "离屏也能画出东西来" started.
◇ Test "十字线在时，末根动不必重画十字线那层" started.
◇ Test "视野 / 风格 / 指标一动，三层全画" started.
◇ Test "一模一样就一层都不画" started.
◇ Test "第一帧三层全画" started.
◇ Test "末根动（ticker）：底图 + 最新价 + 图例，不含十字线内容" started.
◇ Test "只动十字线就只画十字线层" started.
◇ Test "7 个点 × 11 款风格 × 明暗两套" started.
◇ Test "11 款风格 × 8 机型：实体与影线左缘 x·scale 为整数" started.
◇ Test "竖向细线（价格轴分隔 + 时间网格）中线压在半像素上" started.
◇ Test "snap / hairline 在 1×/2×/3× 下都对" started.
◇ Test "副图高度倍率进得了布局" started.
◇ Suite "占位" started.
◇ Test "nowMs 为空时不影响任何几何" started.
◇ Test "删除也能撤销回来" started.
◇ Test "画线开关不删数据，也不再撑价格区间" started.
◇ Test "网格三档" started.
◇ Test "平均K线改蜡烛，不改指标与最新价" started.
◇ Test "倒计时文案跟着 nowMs 走" started.
◇ Test "实时价格线开关" started.
◇ Test "偏置只挪位置不改大小" started.
◇ Test "默认档不动任何几何" started.
◇ Test "实体三档" started.
◇ Test "至今涨幅：数值、符号、配色" started.
◇ Test "单击显示，第二次关闭；X吸柱中心、Y保留选中价" started.
◇ Test "A7.6：删除只删选中的那条；完成退出画线态但线留着" started.
◇ Test "A7.8：选着工具照样能拖图，拖动不算落笔" started.
◇ Test "价格轴拖动进入归一化手动Y，A只复位Y" started.
◇ Test "历史缩放抬起一指后不跳变" started.
◇ Test "长按抬手保留选择" started.
◇ Test "自动Y下纵向拖动不偷偷修改Y或X" started.
◇ Test "A7.3：水平线一点即成，工具用完自动松开" started.
◇ Test "A7.7：一个品种画满 50 条就不再往里塞" started.
◇ Test "A7.4：拖线身整条平移，两端位移一样" started.
◇ Test "平均K线的极值进得了价格区间" started.
◇ Test case passing 1 argument style → CandleStyle(id: "aicoin", name: "AICoin", wickCap: KanpanCore.CandleStyle.WickCap.butt, wickTint: 1.0, shape: KanpanCore.CandleStyle.Shape.solid, radius: 0.0, grid: KanpanCore.CandleStyle.Grid.none) to "11 款风格 × 8 机型：实体与影线左缘 x·scale 为整数" started.
◇ Test case passing 1 argument style → CandleStyle(id: "stout", name: "墩", wickCap: KanpanCore.CandleStyle.WickCap.round, wickTint: 0.7, shape: KanpanCore.CandleStyle.Shape.solid, radius: 1.5, grid: KanpanCore.CandleStyle.Grid.h) to "11 款风格 × 8 机型：实体与影线左缘 x·scale 为整数" started.
◇ Test case passing 1 argument style → CandleStyle(id: "indigo", name: "靛", wickCap: KanpanCore.CandleStyle.WickCap.butt, wickTint: 1.0, shape: KanpanCore.CandleStyle.Shape.solid, radius: 0.0, grid: KanpanCore.CandleStyle.Grid.both) to "11 款风格 × 8 机型：实体与影线左缘 x·scale 为整数" started.
◇ Test case passing 1 argument style → CandleStyle(id: "glow", name: "辉", wickCap: KanpanCore.CandleStyle.WickCap.round, wickTint: 0.6, shape: KanpanCore.CandleStyle.Shape.solid, radius: 2.6, grid: KanpanCore.CandleStyle.Grid.none) to "11 款风格 × 8 机型：实体与影线左缘 x·scale 为整数" started.
◇ Test case passing 1 argument style → CandleStyle(id: "airy", name: "阔", wickCap: KanpanCore.CandleStyle.WickCap.round, wickTint: 1.0, shape: KanpanCore.CandleStyle.Shape.solid, radius: 1.0, grid: KanpanCore.CandleStyle.Grid.h) to "11 款风格 × 8 机型：实体与影线左缘 x·scale 为整数" started.
◇ Test case passing 1 argument style → CandleStyle(id: "needle", name: "针", wickCap: KanpanCore.CandleStyle.WickCap.round, wickTint: 0.9, shape: KanpanCore.CandleStyle.Shape.solid, radius: 0.5, grid: KanpanCore.CandleStyle.Grid.h) to "11 款风格 × 8 机型：实体与影线左缘 x·scale 为整数" started.
◇ Test "水平线整条拖只动价格，不动时间" started.
◇ Test case passing 1 argument style → CandleStyle(id: "pill", name: "芯", wickCap: KanpanCore.CandleStyle.WickCap.round, wickTint: 1.0, shape: KanpanCore.CandleStyle.Shape.solid, radius: 3.0, grid: KanpanCore.CandleStyle.Grid.h) to "11 款风格 × 8 机型：实体与影线左缘 x·scale 为整数" started.
◇ Test case passing 1 argument style → CandleStyle(id: "outline", name: "描", wickCap: KanpanCore.CandleStyle.WickCap.butt, wickTint: 0.85, shape: KanpanCore.CandleStyle.Shape.outline, radius: 0.0, grid: KanpanCore.CandleStyle.Grid.tick) to "11 款风格 × 8 机型：实体与影线左缘 x·scale 为整数" started.
◇ Test case passing 1 argument style → CandleStyle(id: "dense", name: "密", wickCap: KanpanCore.CandleStyle.WickCap.butt, wickTint: 1.0, shape: KanpanCore.CandleStyle.Shape.solid, radius: 0.0, grid: KanpanCore.CandleStyle.Grid.none) to "11 款风格 × 8 机型：实体与影线左缘 x·scale 为整数" started.
◇ Test case passing 1 argument style → CandleStyle(id: "aicoin", name: "AICoin", wickCap: KanpanCore.CandleStyle.WickCap.butt, wickTint: 1.0, shape: KanpanCore.CandleStyle.Shape.solid, radius: 0.0, grid: KanpanCore.CandleStyle.Grid.none) to "竖向细线（价格轴分隔 + 时间网格）中线压在半像素上" started.
◇ Test case passing 1 argument style → CandleStyle(id: "stout", name: "墩", wickCap: KanpanCore.CandleStyle.WickCap.round, wickTint: 0.7, shape: KanpanCore.CandleStyle.Shape.solid, radius: 1.5, grid: KanpanCore.CandleStyle.Grid.h) to "竖向细线（价格轴分隔 + 时间网格）中线压在半像素上" started.
XCTestOutputBa◇ Test "实时末根更新与同数历史替换均刷新指标" started.
◇ Test case passing 1 argument style → CandleStyle(id: "indigo", name: "靛", wickCap: KanpanCore.CandleStyle.WickCap.butt, wickTint: 1.0, shape: KanpanCore.CandleStyle.Shape.solid, radius: 0.0, grid: KanpanCore.CandleStyle.Grid.both) to "竖向细线（价格轴分隔 + 时间网格）中线压在半像素上" started.
◇ Test case passing 1 argument style → CandleStyle(id: "glow", name: "辉", wickCap: KanpanCore.CandleStyle.WickCap.round, wickTint: 0.6, shape: KanpanCore.CandleStyle.Shape.solid, radius: 2.6, grid: KanpanCore.CandleStyle.Grid.none) to "竖向细线（价格轴分隔 + 时间网格）中线压在半像素上" started.
◇ Test case passing 1 argument style → CandleStyle(id: "paper", name: "纸", wickCap: KanpanCore.CandleStyle.WickCap.butt, wickTint: 1.0, shape: KanpanCore.CandleStyle.Shape.hollowUp, radius: 0.0, grid: KanpanCore.CandleStyle.Grid.h) to "11 款风格 × 8 机型：实体与影线左缘 x·scale 为整数" started.
◇ Test case passing 1 argument style → CandleStyle(id: "bone", name: "骨", wickCap: KanpanCore.CandleStyle.WickCap.butt, wickTint: 1.0, shape: KanpanCore.CandleStyle.Shape.solid, radius: 0.0, grid: KanpanCore.CandleStyle.Grid.tick) to "11 款风格 × 8 机型：实体与影线左缘 x·scale 为整数" started.
rrier◇ Test case passing 1 argument style → CandleStyle(id: "brick", name: "砖", wickCap: KanpanCore.CandleStyle.WickCap.butt, wickTint: 0.45, shape: KanpanCore.CandleStyle.Shape.solid, radius: 0.0, grid: KanpanCore.CandleStyle.Grid.h) to "竖向细线（价格轴分隔 + 时间网格）中线压在半像素上" started.
◇ Test case passing 1 argument style → CandleStyle(id: "needle", name: "针", wickCap: KanpanCore.CandleStyle.WickCap.round, wickTint: 0.9, shape: KanpanCore.CandleStyle.Shape.solid, radius: 0.5, grid: KanpanCore.CandleStyle.Grid.h) to "竖向细线（价格轴分隔 + 时间网格）中线压在半像素上" started.
◇ Test case passing 1 argument style → CandleStyle(id: "pill", name: "芯", wickCap: KanpanCore.CandleStyle.WickCap.round, wickTint: 1.0, shape: KanpanCore.CandleStyle.Shape.solid, radius: 3.0, grid: KanpanCore.CandleStyle.Grid.h) to "竖向细线（价格轴分隔 + 时间网格）中线压在半像素上" started.
◇ Test case passing 1 argument style → CandleStyle(id: "paper", name: "纸", wickCap: KanpanCore.CandleStyle.WickCap.butt, wickTint: 1.0, shape: KanpanCore.CandleStyle.Shape.hollowUp, radius: 0.0, grid: KanpanCore.CandleStyle.Grid.h) to "竖向细线（价格轴分隔 + 时间网格）中线压在半像素上" started.
◇ Test case passing 1 argument style → CandleStyle(id: "outline", name: "描", wickCap: KanpanCore.CandleStyle.WickCap.butt, wickTint: 0.85, shape: KanpanCore.CandleStyle.Shape.outline, radius: 0.0, grid: KanpanCore.CandleStyle.Grid.tick) to "竖向细线（价格轴分隔 + 时间网格）中线压在半像素上" started.
◇ Test case passing 1 argument style → CandleStyle(id: "bone", name: "骨", wickCap: KanpanCore.CandleStyle.WickCap.butt, wickTint: 1.0, shape: KanpanCore.CandleStyle.Shape.solid, radius: 0.0, grid: KanpanCore.CandleStyle.Grid.tick) to "竖向细线（价格轴分隔 + 时间网格）中线压在半像素上" started.
◇ Test case passing 1 argument style → CandleStyle(id: "airy", name: "阔", wickCap: KanpanCore.CandleStyle.WickCap.round, wickTint: 1.0, shape: KanpanCore.CandleStyle.Shape.solid, radius: 1.0, grid: KanpanCore.CandleStyle.Grid.h) to "竖向细线（价格轴分隔 + 时间网格）中线压在半像素上" started.
◇ Test case passing 1 argument style → CandleStyle(id: "brick", name: "砖", wickCap: KanpanCore.CandleStyle.WickCap.butt, wickTint: 0.45, shape: KanpanCore.CandleStyle.Shape.solid, radius: 0.0, grid: KanpanCore.CandleStyle.Grid.h) to "11 款风格 × 8 机型：实体与影线左缘 x·scale 为整数" started.
◇ Test "§10.8：第一点落下后预览点跟着手指走" started.
◇ Test case passing 1 argument style → CandleStyle(id: "dense", name: "密", wickCap: KanpanCore.CandleStyle.WickCap.butt, wickTint: 1.0, shape: KanpanCore.CandleStyle.Shape.solid, radius: 0.0, grid: KanpanCore.CandleStyle.Grid.none) to "竖向细线（价格轴分隔 + 时间网格）中线压在半像素上" started.
◇ Test "A3.1：8 机型 × 浅深 × 12 风格 = 192 张基线" started.
◇ Test "包能编过" started.
✔ Test "包能编过" passed after 0.001 seconds.
✔ Suite "占位" passed after 0.020 seconds.
✘ Test "A7.5：拖图缩放之后线还钉在同一对 (时间, 价格) 上" recorded an issue at ChartDrawingTests.swift:307:5: Expectation failed: (abs(now.x(line.a.t) - 60) → 55.1766666666079) < (1 → 1.0)
↳ 线没跟着视野一起走
✘ Test "7 个点 × 11 款风格 × 明暗两套" recorded an issue at ColorSampleTests.swift:110:11: Expectation failed: (d → 230) == 0
↳ light/paper.upBody 期望 #0E9E78 实得 #F4F6FD
✘ Test "7 个点 × 11 款风格 × 明暗两套" recorded an issue at ColorSampleTests.swift:110:11: Expectation failed: (d → 230) == 0
↳ light/outline.upBody 期望 #0E9E78 实得 #F4F6FD
✘ Test "7 个点 × 11 款风格 × 明暗两套" recorded an issue at ColorSampleTests.swift:110:11: Expectation failed: (d → 200) == 0
↳ light/outline.downBody 期望 #DE2E57 实得 #F4F6FD
✘ Test "7 个点 × 11 款风格 × 明暗两套" recorded an issue at ColorSampleTests.swift:110:11: Expectation failed: (d → 165) == 0
↳ dark/paper.upBody 期望 #2FBF8F 实得 #161A3F
✘ Test "7 个点 × 11 款风格 × 明暗两套" recorded an issue at ColorSampleTests.swift:110:11: Expectation failed: (d → 165) == 0
↳ dark/outline.upBody 期望 #2FBF8F 实得 #161A3F
✘ Test "7 个点 × 11 款风格 × 明暗两套" recorded an issue at ColorSampleTests.swift:110:11: Expectation failed: (d → 218) == 0
↳ dark/outline.downBody 期望 #F0567B 实得 #161A3F
✘ Test "副图高度倍率进得了布局" recorded an issue at ChartOptionsRenderTests.swift:254:5: Expectation failed: (big.panes[2].h → 142.83333333333334) == (base.panes[2].h → 171.4)
↳ 没给倍率的那块被连累了
✘ Test "副图高度倍率进得了布局" recorded an issue at ChartOptionsRenderTests.swift:256:5: Expectation failed: (big.panes[2].y → 731.1666666666667) == (big.mainH + big.panes[1].h → 714.1666666666667)
↳ 面板没接上
✔ Test "所有风格的七项几何完全一致，使用AICoin底座" passed after 12.009 seconds.
✔ Suite "A3.2 几何量化" passed after 12.011 seconds.
✔ Test "换一批线（切品种）把选中、半截的线和撤销栈一起清掉" passed after 12.012 seconds.
✔ Test "没选中的线拖不动，那一下是拖图" passed after 11.993 seconds.
✔ Test "A7.2：趋势线点两下成线，第一点落下后提示改口" passed after 11.993 seconds.
✔ Test "A7.2：磁吸开着，落点吸到那根的 OHLC" passed after 12.012 seconds.
✔ Test "线变了会叫外面存盘" passed after 11.993 seconds.
✔ Test "A7.8：两指照样能捏合" passed after 11.993 seconds.
✔ Test "磁吸关掉就停在手指上" passed after 11.993 seconds.
✔ Test "A7.4：轻点线身选中，空白处轻点取消" passed after 11.993 seconds.
✔ Test "A7.5：对数模式下拖动按像素走，两端的像素位移一致" passed after 11.993 seconds.
✘ Test "A7.5：拖图缩放之后线还钉在同一对 (时间, 价格) 上" failed after 11.993 seconds with 1 issue.
✔ Test "视图画出来的和 ChartRenderer 一次画完的一样" passed after 11.994 seconds.
✔ Test "没有 state 就是一张白纸" passed after 11.995 seconds.
​​​​​​​​​​​​​​​​​​​​​​​​✔ Test "视野 / 风格 / 指标一动，三层全画" passed after 12.080 seconds.
✔ Test "A7.4：拖手柄只改那一端" passed after 12.102 seconds.
✔ Test "十字线在时，末根动不必重画十字线那层" passed after 12.080 seconds.
✔ Test "A7.4：离线太远的轻点不选中" passed after 12.083 seconds.
✔ Test "第一帧三层全画" passed after 12.080 seconds.
✔ Test "覆盖层装上之后，触摸从它这儿转进来" passed after 12.102 seconds.
✔ Test "离屏也能画出东西来" passed after 12.080 seconds.
✔ Test "一模一样就一层都不画" passed after 12.080 seconds.
✔ Test "只动十字线就只画十字线层" passed after 12.080 seconds.
✔ Test "nowMs 为空时不影响任何几何" passed after 12.072 seconds.
✔ Test "11 款风格 × 8 机型：实体与影线左缘 x·scale 为整数" with 12 test cases passed after 12.080 seconds.
✘ Test "7 个点 × 11 款风格 × 明暗两套" failed after 12.080 seconds with 6 issues.
✔ Test "末根动（ticker）：底图 + 最新价 + 图例，不含十字线内容" passed after 12.080 seconds.
✔ Test "删除也能撤销回来" passed after 12.104 seconds.
✔ Test "A7.6：删除只删选中的那条；完成退出画线态但线留着" passed after 12.104 seconds.
✔ Test "网格三档" passed after 12.104 seconds.
✔ Test "画线开关不删数据，也不再撑价格区间" passed after 12.104 seconds.
✔ Test "默认档不动任何几何" passed after 12.104 seconds.
✔ Test "snap / hairline 在 1×/2×/3× 下都对" passed after 12.084 seconds.
✔ Test "倒计时文案跟着 nowMs 走" passed after 12.104 seconds.
✔ Test "实体三档" passed after 12.104 seconds.
✔ Test "自动Y下纵向拖动不偷偷修改Y或X" passed after 12.104 seconds.
✔ Test "至今涨幅：数值、符号、配色" passed after 12.104 seconds.
✔ Test "单击显示，第二次关闭；X吸柱中心、Y保留选中价" passed after 12.104 seconds.
✔ Test "A7.7：一个品种画满 50 条就不再往里塞" passed after 12.104 seconds.
✘ Test "副图高度倍率进得了布局" failed after 12.112 seconds with 2 issues.
✔ Test "价格轴拖动进入归一化手动Y，A只复位Y" passed after 12.104 seconds.
✔ Test "平均K线的极值进得了价格区间" passed after 12.104 seconds.
✔ Test "实时价格线开关" passed after 12.104 seconds.
✔ Test "A7.4：拖线身整条平移，两端位移一样" passed after 12.104 seconds.
✔ Test "历史缩放抬起一指后不跳变" passed after 12.104 seconds.
✔ Test "竖向细线（价格轴分隔 + 时间网格）中线压在半像素上" with 12 test cases passed after 12.112 seconds.
✔ Test "撤销重做走一圈：画两条、撤两步、重做一步" passed after 12.115 seconds.
✔ Test "A7.3：水平线一点即成，工具用完自动松开" passed after 12.105 seconds.
✔ Test "A7.8：选着工具照样能拖图，拖动不算落笔" passed after 12.105 seconds.
✔ Test "偏置只挪位置不改大小" passed after 12.105 seconds.
✔ Test "平均K线改蜡烛，不改指标与最新价" passed after 12.105 seconds.
✔ Test "§10.8：第一点落下后预览点跟着手指走" passed after 12.104 seconds.
✔ Test "实时末根更新与同数历史替换均刷新指标" passed after 12.104 seconds.
✔ Test "水平线整条拖只动价格，不动时间" passed after 12.105 seconds.
✘ Suite "画线交互" failed after 12.163 seconds with 1 issue.
✔ Suite "ChartView 脏位" passed after 12.136 seconds.
✔ Suite "ChartView 三层合成" passed after 12.136 seconds.
✔ Test "长按抬手保留选择" passed after 12.105 seconds.
✘ Suite "K线设置·渲染" failed after 12.163 seconds with 2 issues.
↳ /// K 线设置的各档开关在渲染器这一侧真的生效（M6）。
↳ ///
↳ /// 全部走探针而不是取样像素：这些开关改的是几何与有无，探针比图像稳，也不依赖模拟器的
↳ /// 字体渲染。像素级的事交给 A3.11 的基线。
✔ Test "A3.1：8 机型 × 浅深 × 12 风格 = 192 张基线" passed after 12.105 seconds.
✔ Suite "AICoin 手势状态机" passed after 12.163 seconds.
✘ Suite "A3.3 颜色取样" failed after 12.137 seconds with 6 issues.
↳ /// A3.3：每款风格浅深两套各取 7 个点，像素颜色与 §6 计算值比对。
↳ ///
↳ /// 取样点不是猜的：先用 `ChartRenderer.candleXs` / `priceGridYs` / `lastPriceY` 把
↳ /// 那一笔画在哪儿问出来，再直接读那个设备像素——这就是「无抗锯齿处取样」。
↳ ///
↳ /// 影线以前有一类点几何上取不到满覆盖：宽度写的是 `max(0.5, (4.0 / 3))` 个设备像素，
↳ /// 靛 / 砖 / 骨 / 密是 0.5、纸 0.8、描 0.9，一个整像素都盖不满，期望值只能按
↳ /// `blend(底色, 影线色, 覆盖率)` 算。**M6 之后不再有这一档**：影线一律量化成整数个
↳ /// 设备像素（`wickPixels`），所以这 7 个点全都是满覆盖精确比。这次改的就是实机反馈
↳ /// 「影线颜色发淡、糊在一起」的根因——那条 50% 灰不是错觉，是真的只画了半个像素。
↳ ///
↳ /// 轴文字仍然记覆盖率：字形笔画本身就带抗锯齿，那是字体渲染的事，不是我们的。
✔ Suite "A3.10 像素边界" passed after 12.142 seconds.
◇ Test "A3.4–A3.9：放大、thin、副图、叠加、十字线、价格轴" started.
✔ Test "A3.4–A3.9：放大、thin、副图、叠加、十字线、价格轴" passed after 0.019 seconds.
◇ Test "A3.11：176 张基线逐像素回归" started.
✘ Test "A3.11：176 张基线逐像素回归" recorded an issue at EvidenceRenderTests.swift:258:5: Expectation failed: (diff → ["M3-se-light-stout-01.png", "M3-se-light-indigo-02.png", "M3-se-light-glow-03.png", "M3-se-light-airy-04.png", "M3-se-light-brick-05.png", "M3-se-light-needle-06.png", "M3-se-light-pill-07.png", "M3-se-light-paper-08.png", "M3-se-light-outline-09.png", "M3-se-light-bone-10.png", "M3-se-light-dense-11.png", "M3-se-dark-stout-01.png", "M3-se-dark-indigo-02.png", "M3-se-dark-glow-03.png", "M3-se-dark-airy-04.png", "M3-se-dark-brick-05.png", "M3-se-dark-needle-06.png", "M3-se-dark-pill-07.png", "M3-se-dark-paper-08.png", "M3-se-dark-outline-09.png", "M3-se-dark-bone-10.png", "M3-se-dark-dense-11.png", "M3-mini-light-stout-01.png", "M3-mini-light-indigo-02.png", "M3-mini-light-glow-03.png", "M3-mini-light-airy-04.png", "M3-mini-light-brick-05.png", "M3-mini-light-needle-06.png", "M3-mini-light-pill-07.png", "M3-mini-light-paper-08.png", "M3-mini-light-outline-09.png", "M3-mini-light-bone-10.png", "M3-mini-light-dense-11.png", "M3-mini-dark-stout-01.png", "M3-mini-dark-indigo-02.png", "M3-mini-dark-glow-03.png", "M3-mini-dark-airy-04.png", "M3-mini-dark-brick-05.png", "M3-mini-dark-needle-06.png", "M3-mini-dark-pill-07.png", "M3-mini-dark-paper-08.png", "M3-mini-dark-outline-09.png", "M3-mini-dark-bone-10.png", "M3-mini-dark-dense-11.png", "M3-std-light-stout-01.png", "M3-std-light-indigo-02.png", "M3-std-light-glow-03.png", "M3-std-light-airy-04.png", "M3-std-light-brick-05.png", "M3-std-light-needle-06.png", "M3-std-light-pill-07.png", "M3-std-light-paper-08.png", "M3-std-light-outline-09.png", "M3-std-light-bone-10.png", "M3-std-light-dense-11.png", "M3-std-dark-stout-01.png", "M3-std-dark-indigo-02.png", "M3-std-dark-glow-03.png", "M3-std-dark-airy-04.png", "M3-std-dark-brick-05.png", "M3-std-dark-needle-06.png", "M3-std-dark-pill-07.png", "M3-std-dark-paper-08.png", "M3-std-dark-outline-09.png", "M3-std-dark-bone-10.png", "M3-std-dark-dense-11.png", "M3-pro-light-stout-01.png", "M3-pro-light-indigo-02.png", "M3-pro-light-glow-03.png", "M3-pro-light-airy-04.png", "M3-pro-light-brick-05.png", "M3-pro-light-needle-06.png", "M3-pro-light-pill-07.png", "M3-pro-light-paper-08.png", "M3-pro-light-outline-09.png", "M3-pro-light-bone-10.png", "M3-pro-light-dense-11.png", "M3-pro-dark-stout-01.png", "M3-pro-dark-indigo-02.png", "M3-pro-dark-glow-03.png", "M3-pro-dark-airy-04.png", "M3-pro-dark-brick-05.png", "M3-pro-dark-needle-06.png", "M3-pro-dark-pill-07.png", "M3-pro-dark-paper-08.png", "M3-pro-dark-outline-09.png", "M3-pro-dark-bone-10.png", "M3-pro-dark-dense-11.png", "M3-air-light-stout-01.png", "M3-air-light-indigo-02.png", "M3-air-light-glow-03.png", "M3-air-light-airy-04.png", "M3-air-light-brick-05.png", "M3-air-light-needle-06.png", "M3-air-light-pill-07.png", "M3-air-light-paper-08.png", "M3-air-light-outline-09.png", "M3-air-light-bone-10.png", "M3-air-light-dense-11.png", "M3-air-dark-stout-01.png", "M3-air-dark-indigo-02.png", "M3-air-dark-glow-03.png", "M3-air-dark-airy-04.png", "M3-air-dark-brick-05.png", "M3-air-dark-needle-06.png", "M3-air-dark-pill-07.png", "M3-air-dark-paper-08.png", "M3-air-dark-outline-09.png", "M3-air-dark-bone-10.png", "M3-air-dark-dense-11.png", "M3-plus-light-stout-01.png", "M3-plus-light-indigo-02.png", "M3-plus-light-glow-03.png", "M3-plus-light-airy-04.png", "M3-plus-light-brick-05.png", "M3-plus-light-needle-06.png", "M3-plus-light-pill-07.png", "M3-plus-light-paper-08.png", "M3-plus-light-outline-09.png", "M3-plus-light-bone-10.png", "M3-plus-light-dense-11.png", "M3-plus-dark-stout-01.png", "M3-plus-dark-indigo-02.png", "M3-plus-dark-glow-03.png", "M3-plus-dark-airy-04.png", "M3-plus-dark-brick-05.png", "M3-plus-dark-needle-06.png", "M3-plus-dark-pill-07.png", "M3-plus-dark-paper-08.png", "M3-plus-dark-outline-09.png", "M3-plus-dark-bone-10.png", "M3-plus-dark-dense-11.png", "M3-max-light-stout-01.png", "M3-max-light-indigo-02.png", "M3-max-light-glow-03.png", "M3-max-light-airy-04.png", "M3-max-light-brick-05.png", "M3-max-light-needle-06.png", "M3-max-light-pill-07.png", "M3-max-light-paper-08.png", "M3-max-light-outline-09.png", "M3-max-light-bone-10.png", "M3-max-light-dense-11.png", "M3-max-dark-stout-01.png", "M3-max-dark-indigo-02.png", "M3-max-dark-glow-03.png", "M3-max-dark-airy-04.png", "M3-max-dark-brick-05.png", "M3-max-dark-needle-06.png", "M3-max-dark-pill-07.png", "M3-max-dark-paper-08.png", "M3-max-dark-outline-09.png", "M3-max-dark-bone-10.png", "M3-max-dark-dense-11.png", "M3-ipad-light-stout-01.png", "M3-ipad-light-indigo-02.png", "M3-ipad-light-glow-03.png", "M3-ipad-light-airy-04.png", "M3-ipad-light-brick-05.png", "M3-ipad-light-needle-06.png", "M3-ipad-light-pill-07.png", "M3-ipad-light-paper-08.png", "M3-ipad-light-outline-09.png", "M3-ipad-light-bone-10.png", "M3-ipad-light-dense-11.png", "M3-ipad-dark-stout-01.png", "M3-ipad-dark-indigo-02.png", "M3-ipad-dark-glow-03.png", "M3-ipad-dark-airy-04.png", "M3-ipad-dark-brick-05.png", "M3-ipad-dark-needle-06.png", "M3-ipad-dark-pill-07.png", "M3-ipad-dark-paper-08.png", "M3-ipad-dark-outline-09.png", "M3-ipad-dark-bone-10.png", "M3-ipad-dark-dense-11.png"]).isEmpty → false
↳ 176 张基线像素变了：M3-se-light-stout-01.png, M3-se-light-indigo-02.png, M3-se-light-glow-03.png, M3-se-light-airy-04.png, M3-se-light-brick-05.png, M3-se-light-needle-06.png, M3-se-light-pill-07.png, M3-se-light-paper-08.png
✘ Test "A3.11：176 张基线逐像素回归" failed after 7.490 seconds with 1 issue.
↳ /// 已入库的 `A3.1-baselines.json` 就是 CI 基线：176 行，每行一个像素指纹。
↳ /// 重画一遍，任何一张对不上就失败——这就是 A3.11 的「diff > 0 像素即失败」。
↳ ///
↳ /// 比的是像素而不是 png 字节：png 编码器换版本文件就变，像素不会。基线文件不在
↳ /// （还没跑过 `make evidence`）时跳过，不拦住第一次构建。
◇ Test "同一 state 画两次逐字节一致" started.
✔ Test "同一 state 画两次逐字节一致" passed after 0.263 seconds.
✘ Suite "M3 取证渲染" failed after 19.937 seconds with 1 issue.
↳ /// M3 的取证渲染器（A3.1 / A3.4–A3.9）。
↳ ///
↳ /// 跑法：`make evidence`。它给 `xcodebuild test` 传
↳ /// `TEST_RUNNER_KANPAN_EVIDENCE_DIR=<仓库>/docs/acceptance/M3`，模拟器里的测试进程
↳ /// 拿到这个环境变量才落盘。不带它（也就是 `make chart-test`）这几条测试直接跳过，
↳ /// 日常跑测试不会在仓库里拉出两百张 png。
↳ ///
↳ /// 数据一律来自 `Fixture`（定版快照），时区固定 UTC，视野走 `resetView()`——
↳ /// 同一份代码在任何机器上跑出来的必须是同一批字节，A3.11 的基线才立得住。
✘ Test run with 59 tests in 10 suites failed after 19.940 seconds with 10 issues.
2026-09-14 22:48:04.104 xcodebuild[74693:31440962] [MT] IDETestOperationsObserverDebug: 48.500 elapsed -- Testing started completed.
2026-09-14 22:48:04.104 xcodebuild[74693:31440962] [MT] IDETestOperationsObserverDebug: 0.000 sec, +0.000 sec -- start
2026-09-14 22:48:04.104 xcodebuild[74693:31440962] [MT] IDETestOperationsObserverDebug: 48.500 sec, +48.500 sec -- end

Test session results, code coverage, and logs:
	/Users/mdd/zhk/kanpan/docs/acceptance/AICoin-base/chart-unit.xcresult

Failing tests:
	ChartDrawingTests.drawingsStickToTimeAndPrice()
	ColorSampleTests.sample()
	ColorSampleTests.sample()
	ColorSampleTests.sample()
	ColorSampleTests.sample()
	ColorSampleTests.sample()
	ColorSampleTests.sample()
	EvidenceRenderTests.baselineRegression()
	ChartOptionsRenderTests.subScaleReachesLayout()
	ChartOptionsRenderTests.subScaleReachesLayout()

** TEST FAILED **

Testing started
