Command line invocation:
    /Applications/Xcode.app/Contents/Developer/usr/bin/xcodebuild test-without-building -workspace Kanpan.xcworkspace -scheme Kanpan -destination platform=iOS,id=00008140-00010C902690801C -derivedDataPath DerivedData-codex-device -resultBundlePath docs/acceptance/AICoin-base/device-ui-final.xcresult "-only-testing:KanpanUITests/AICoinBaseUITests"

Resolve Package Graph


Resolved source packages:
  KanpanCore: /Users/mdd/zhk/kanpan/KanpanCore @ local
  KanpanData: /Users/mdd/zhk/kanpan/KanpanData @ local
  KanpanChart: /Users/mdd/zhk/kanpan/KanpanChart @ local

Writing result bundle at path:
	/Users/mdd/zhk/kanpan/docs/acceptance/AICoin-base/device-ui-final.xcresult

2026-09-14 22:42:36.097170+0800 KanpanUITests-Runner[1523:186100] [Default] Running tests...
    t =      nans Interface orientation changed to Portrait
Test Suite 'Selected tests' started at 2026-09-14 22:42:36.468.
Test Suite 'KanpanUITests.xctest' started at 2026-09-14 22:42:36.469.
Test Suite 'AICoinBaseUITests' started at 2026-09-14 22:42:36.469.
Test Case '-[KanpanUITests.AICoinBaseUITests testColdLaunchStylesAndChartInteractions]' started.
    t =     0.00s Start Test at 2026-09-14 22:42:36.470
    t =     0.02s Set Up
    t =     0.02s Open com.mdd.kanpan
    t =     0.02s     Launch com.mdd.kanpan
    t =     0.02s         Terminate com.mdd.kanpan:1512
2026-09-14 22:42:37.808 xcodebuild[74195:31435499] [MT] IDELaunchParametersSnapshot: The operation couldn’t be completed. (DebuggerLLDB.DebuggerVersionStore.StoreError error 0.)
2026-09-14 22:42:37.808 xcodebuild[74195:31435499] [MT] IDELaunchParametersSnapshot: no debugger version
    t =     3.13s         Setting up automation session
    t =     3.25s         Wait for com.mdd.kanpan to idle
    t =     4.36s Waiting 30.0s for "chart.canvas" Other to exist
    t =     5.37s     Checking `Expect predicate `existsNoRetry == 1` for object "chart.canvas" Other`
    t =     5.38s         Checking existence of `"chart.canvas" Other`
    t =     5.39s             Requesting snapshot of accessibility hierarchy for app with pid 1524
    t =     5.45s             Find: Descendants matching type Other
    t =     5.45s             Find: Elements matching predicate '"chart.canvas" IN identifiers'
    t =     6.49s Find the "chart.canvas" Other
    t =     6.50s     Requesting snapshot of accessibility hierarchy for app with pid 1524
    t =     6.53s     Find: Descendants matching type Other
    t =     6.53s     Find: Elements matching predicate '"chart.canvas" IN identifiers'
    t =     6.53s Find the "chart.canvas" Other
    t =     6.54s     Requesting snapshot of accessibility hierarchy for app with pid 1524
    t =     6.57s     Find: Descendants matching type Other
    t =     6.57s     Find: Elements matching predicate '"chart.canvas" IN identifiers'
    t =     6.58s Find the Target Application 'com.mdd.kanpan'
    t =     6.58s     Requesting snapshot of accessibility hierarchy for app with pid 1524
    t =     6.76s Added attachment named '01-冷启动-AICoin默认'
    t =     6.76s Tap "bottom.style" Button
    t =     6.76s     Wait for com.mdd.kanpan to idle
    t =     6.77s     Find the "bottom.style" Button
    t =     6.77s         Requesting snapshot of accessibility hierarchy for app with pid 1524
    t =     6.80s         Find: Descendants matching type Button
    t =     6.80s         Find: Elements matching predicate '"bottom.style" IN identifiers'
    t =     6.80s     Check for interrupting elements affecting "bottom.style" Button
    t =     6.83s         Requesting snapshot of accessibility hierarchy for app with pid 1524
    t =     6.84s         Find: Descendants matching predicate identifier == "NotificationShortLookView" OR elementType == 7
    t =     6.84s     Synthesize event
    t =     7.13s     Wait for com.mdd.kanpan to idle
    t =     7.54s Find the "style.card.stout" Button
    t =     7.55s     Requesting snapshot of accessibility hierarchy for app with pid 1524
    t =     7.64s     Find: Descendants matching type Button
    t =     7.65s     Find: Elements matching predicate '"style.card.stout" IN identifiers'
    t =     7.67s Find the "style.card.stout" Button
    t =     7.68s     Requesting snapshot of accessibility hierarchy for app with pid 1524
    t =     7.73s     Find: Descendants matching type Button
    t =     7.74s     Find: Elements matching predicate '"style.card.stout" IN identifiers'
    t =     7.76s Find the "style.card.stout" Button
    t =     7.76s     Requesting snapshot of accessibility hierarchy for app with pid 1524
    t =     7.82s     Find: Descendants matching type Button
    t =     7.82s     Find: Elements matching predicate '"style.card.stout" IN identifiers'
    t =     7.84s Find the "style.card.stout" Button
    t =     7.85s     Requesting snapshot of accessibility hierarchy for app with pid 1524
    t =     7.90s     Find: Descendants matching type Button
    t =     7.91s     Find: Elements matching predicate '"style.card.stout" IN identifiers'
    t =     7.92s Find the "style.card.stout" Button
    t =     7.93s     Requesting snapshot of accessibility hierarchy for app with pid 1524
    t =     7.98s     Find: Descendants matching type Button
    t =     7.99s     Find: Elements matching predicate '"style.card.stout" IN identifiers'
    t =     8.01s Waiting 8.0s for "style.card.stout" Button to exist
    t =     9.03s     Checking `Expect predicate `existsNoRetry == 1` for object "style.card.stout" Button`
    t =     9.04s         Checking existence of `"style.card.stout" Button`
    t =     9.04s             Requesting snapshot of accessibility hierarchy for app with pid 1524
    t =     9.13s             Find: Descendants matching type Button
    t =     9.13s             Find: Elements matching predicate '"style.card.stout" IN identifiers'
    t =     9.14s Tap "style.card.stout" Button
    t =     9.14s     Wait for com.mdd.kanpan to idle
    t =     9.14s     Find the "style.card.stout" Button
    t =     9.14s         Requesting snapshot of accessibility hierarchy for app with pid 1524
    t =     9.22s         Find: Descendants matching type Button
    t =     9.22s         Find: Elements matching predicate '"style.card.stout" IN identifiers'
    t =     9.23s     Check for interrupting elements affecting "style.card.stout" Button
    t =     9.24s         Requesting snapshot of accessibility hierarchy for app with pid 1524
    t =     9.31s         Find: Descendants matching predicate identifier == "NotificationShortLookView" OR elementType == 7
    t =     9.32s     Synthesize event
    t =     9.63s     Wait for com.mdd.kanpan to idle
    t =    11.02s Find the "chart.canvas" Other
    t =    11.03s     Requesting snapshot of accessibility hierarchy for app with pid 1524
    t =    11.06s     Find: Descendants matching type Other
    t =    11.06s     Find: Elements matching predicate '"chart.canvas" IN identifiers'
    t =    11.07s Find the "chart.canvas" Other
    t =    11.07s     Requesting snapshot of accessibility hierarchy for app with pid 1524
    t =    11.10s     Find: Descendants matching type Other
    t =    11.11s     Find: Elements matching predicate '"chart.canvas" IN identifiers'
    t =    11.11s Find the "chart.canvas" Other
    t =    11.12s     Requesting snapshot of accessibility hierarchy for app with pid 1524
    t =    11.14s     Find: Descendants matching type Other
    t =    11.15s     Find: Elements matching predicate '"chart.canvas" IN identifiers'
    t =    11.15s Find the "chart.canvas" Other
    t =    11.16s     Requesting snapshot of accessibility hierarchy for app with pid 1524
    t =    11.19s     Find: Descendants matching type Other
    t =    11.19s     Find: Elements matching predicate '"chart.canvas" IN identifiers'
    t =    11.19s Find the "chart.canvas" Other
    t =    11.20s     Requesting snapshot of accessibility hierarchy for app with pid 1524
    t =    11.23s     Find: Descendants matching type Other
    t =    11.23s     Find: Elements matching predicate '"chart.canvas" IN identifiers'
    t =    11.23s Find the "chart.canvas" Other
    t =    11.24s     Requesting snapshot of accessibility hierarchy for app with pid 1524
    t =    11.27s     Find: Descendants matching type Other
    t =    11.27s     Find: Elements matching predicate '"chart.canvas" IN identifiers'
    t =    11.27s Find the "chart.canvas" Other
    t =    11.28s     Requesting snapshot of accessibility hierarchy for app with pid 1524
    t =    11.31s     Find: Descendants matching type Other
    t =    11.31s     Find: Elements matching predicate '"chart.canvas" IN identifiers'
    t =    11.31s Tap "bottom.style" Button
    t =    11.31s     Wait for com.mdd.kanpan to idle
    t =    11.32s     Find the "bottom.style" Button
    t =    11.32s         Requesting snapshot of accessibility hierarchy for app with pid 1524
    t =    11.35s         Find: Descendants matching type Button
    t =    11.35s         Find: Elements matching predicate '"bottom.style" IN identifiers'
    t =    11.36s     Check for interrupting elements affecting "bottom.style" Button
    t =    11.38s         Requesting snapshot of accessibility hierarchy for app with pid 1524
    t =    11.40s         Find: Descendants matching predicate identifier == "NotificationShortLookView" OR elementType == 7
    t =    11.41s     Synthesize event
    t =    11.71s     Wait for com.mdd.kanpan to idle
    t =    12.10s Find the "style.card.indigo" Button
    t =    12.10s     Requesting snapshot of accessibility hierarchy for app with pid 1524
    t =    12.20s     Find: Descendants matching type Button
    t =    12.20s     Find: Elements matching predicate '"style.card.indigo" IN identifiers'
    t =    12.22s Find the "style.card.indigo" Button
    t =    12.23s     Requesting snapshot of accessibility hierarchy for app with pid 1524
    t =    12.28s     Find: Descendants matching type Button
    t =    12.29s     Find: Elements matching predicate '"style.card.indigo" IN identifiers'
    t =    12.31s Find the "style.card.indigo" Button
    t =    12.31s     Requesting snapshot of accessibility hierarchy for app with pid 1524
    t =    12.37s     Find: Descendants matching type Button
    t =    12.37s     Find: Elements matching predicate '"style.card.indigo" IN identifiers'
    t =    12.39s Find the "style.card.indigo" Button
    t =    12.39s     Requesting snapshot of accessibility hierarchy for app with pid 1524
    t =    12.45s     Find: Descendants matching type Button
    t =    12.45s     Find: Elements matching predicate '"style.card.indigo" IN identifiers'
    t =    12.47s Find the "style.card.indigo" Button
    t =    12.47s     Requesting snapshot of accessibility hierarchy for app with pid 1524
    t =    12.53s     Find: Descendants matching type Button
    t =    12.53s     Find: Elements matching predicate '"style.card.indigo" IN identifiers'
    t =    12.55s Waiting 8.0s for "style.card.indigo" Button to exist
    t =    13.55s     Checking `Expect predicate `existsNoRetry == 1` for object "style.card.indigo" Button`
    t =    13.55s         Checking existence of `"style.card.indigo" Button`
    t =    13.56s             Requesting snapshot of accessibility hierarchy for app with pid 1524
    t =    13.64s             Find: Descendants matching type Button
    t =    13.65s             Find: Elements matching predicate '"style.card.indigo" IN identifiers'
    t =    13.65s Tap "style.card.indigo" Button
    t =    13.65s     Wait for com.mdd.kanpan to idle
    t =    13.65s     Find the "style.card.indigo" Button
    t =    13.65s         Requesting snapshot of accessibility hierarchy for app with pid 1524
    t =    13.72s         Find: Descendants matching type Button
    t =    13.73s         Find: Elements matching predicate '"style.card.indigo" IN identifiers'
    t =    13.73s     Check for interrupting elements affecting "style.card.indigo" Button
    t =    13.75s         Requesting snapshot of accessibility hierarchy for app with pid 1524
    t =    13.80s         Find: Descendants matching predicate identifier == "NotificationShortLookView" OR elementType == 7
    t =    13.81s     Synthesize event
    t =    14.11s     Wait for com.mdd.kanpan to idle
    t =    15.51s Find the "chart.canvas" Other
    t =    15.51s     Requesting snapshot of accessibility hierarchy for app with pid 1524
    t =    15.55s     Find: Descendants matching type Other
    t =    15.55s     Find: Elements matching predicate '"chart.canvas" IN identifiers'
    t =    15.56s Find the "chart.canvas" Other
    t =    15.56s     Requesting snapshot of accessibility hierarchy for app with pid 1524
    t =    15.59s     Find: Descendants matching type Other
    t =    15.59s     Find: Elements matching predicate '"chart.canvas" IN identifiers'
    t =    15.60s Find the "chart.canvas" Other
    t =    15.60s     Requesting snapshot of accessibility hierarchy for app with pid 1524
    t =    15.63s     Find: Descendants matching type Other
    t =    15.63s     Find: Elements matching predicate '"chart.canvas" IN identifiers'
    t =    15.64s Find the "chart.canvas" Other
    t =    15.64s     Requesting snapshot of accessibility hierarchy for app with pid 1524
    t =    15.67s     Find: Descendants matching type Other
    t =    15.67s     Find: Elements matching predicate '"chart.canvas" IN identifiers'
    t =    15.68s Find the "chart.canvas" Other
    t =    15.68s     Requesting snapshot of accessibility hierarchy for app with pid 1524
    t =    15.71s     Find: Descendants matching type Other
    t =    15.71s     Find: Elements matching predicate '"chart.canvas" IN identifiers'
    t =    15.72s Find the "chart.canvas" Other
    t =    15.72s     Requesting snapshot of accessibility hierarchy for app with pid 1524
    t =    15.75s     Find: Descendants matching type Other
    t =    15.76s     Find: Elements matching predicate '"chart.canvas" IN identifiers'
    t =    15.76s Find the "chart.canvas" Other
    t =    15.76s     Requesting snapshot of accessibility hierarchy for app with pid 1524
    t =    15.79s     Find: Descendants matching type Other
    t =    15.79s     Find: Elements matching predicate '"chart.canvas" IN identifiers'
    t =    15.80s Tap "bottom.style" Button
    t =    15.80s     Wait for com.mdd.kanpan to idle
    t =    15.80s     Find the "bottom.style" Button
    t =    15.81s         Requesting snapshot of accessibility hierarchy for app with pid 1524
    t =    15.83s         Find: Descendants matching type Button
    t =    15.84s         Find: Elements matching predicate '"bottom.style" IN identifiers'
    t =    15.84s     Check for interrupting elements affecting "bottom.style" Button
    t =    15.86s         Requesting snapshot of accessibility hierarchy for app with pid 1524
    t =    15.89s         Find: Descendants matching predicate identifier == "NotificationShortLookView" OR elementType == 7
    t =    15.89s     Synthesize event
    t =    16.19s     Wait for com.mdd.kanpan to idle
    t =    16.58s Find the "style.card.glow" Button
    t =    16.59s     Requesting snapshot of accessibility hierarchy for app with pid 1524
    t =    16.68s     Find: Descendants matching type Button
    t =    16.68s     Find: Elements matching predicate '"style.card.glow" IN identifiers'
    t =    16.71s Find the "style.card.glow" Button
    t =    16.71s     Requesting snapshot of accessibility hierarchy for app with pid 1524
    t =    16.77s     Find: Descendants matching type Button
    t =    16.77s     Find: Elements matching predicate '"style.card.glow" IN identifiers'
    t =    16.80s Find the "style.card.glow" Button
    t =    16.80s     Requesting snapshot of accessibility hierarchy for app with pid 1524
    t =    16.86s     Find: Descendants matching type Button
    t =    16.86s     Find: Elements matching predicate '"style.card.glow" IN identifiers'
    t =    16.88s Find the "style.card.glow" Button
    t =    16.88s     Requesting snapshot of accessibility hierarchy for app with pid 1524
    t =    16.94s     Find: Descendants matching type Button
    t =    16.94s     Find: Elements matching predicate '"style.card.glow" IN identifiers'
    t =    16.96s Find the "style.card.glow" Button
    t =    16.96s     Requesting snapshot of accessibility hierarchy for app with pid 1524
    t =    17.02s     Find: Descendants matching type Button
    t =    17.02s     Find: Elements matching predicate '"style.card.glow" IN identifiers'
    t =    17.05s Waiting 8.0s for "style.card.glow" Button to exist
    t =    18.05s     Checking `Expect predicate `existsNoRetry == 1` for object "style.card.glow" Button`
    t =    18.05s         Checking existence of `"style.card.glow" Button`
    t =    18.06s             Requesting snapshot of accessibility hierarchy for app with pid 1524
    t =    18.14s             Find: Descendants matching type Button
    t =    18.14s             Find: Elements matching predicate '"style.card.glow" IN identifiers'
    t =    18.15s Tap "style.card.glow" Button
    t =    18.15s     Wait for com.mdd.kanpan to idle
    t =    18.15s     Find the "style.card.glow" Button
    t =    18.16s         Requesting snapshot of accessibility hierarchy for app with pid 1524
    t =    18.23s         Find: Descendants matching type Button
    t =    18.23s         Find: Elements matching predicate '"style.card.glow" IN identifiers'
    t =    18.24s     Check for interrupting elements affecting "style.card.glow" Button
    t =    18.25s         Requesting snapshot of accessibility hierarchy for app with pid 1524
    t =    18.32s         Find: Descendants matching predicate identifier == "NotificationShortLookView" OR elementType == 7
    t =    18.33s     Synthesize event
    t =    18.63s     Wait for com.mdd.kanpan to idle
    t =    20.01s Find the "chart.canvas" Other
    t =    20.01s     Requesting snapshot of accessibility hierarchy for app with pid 1524
    t =    20.05s     Find: Descendants matching type Other
    t =    20.05s     Find: Elements matching predicate '"chart.canvas" IN identifiers'
    t =    20.06s Find the "chart.canvas" Other
    t =    20.06s     Requesting snapshot of accessibility hierarchy for app with pid 1524
    t =    20.09s     Find: Descendants matching type Other
    t =    20.09s     Find: Elements matching predicate '"chart.canvas" IN identifiers'
    t =    20.10s Find the "chart.canvas" Other
    t =    20.10s     Requesting snapshot of accessibility hierarchy for app with pid 1524
    t =    20.13s     Find: Descendants matching type Other
    t =    20.14s     Find: Elements matching predicate '"chart.canvas" IN identifiers'
    t =    20.14s Find the "chart.canvas" Other
    t =    20.15s     Requesting snapshot of accessibility hierarchy for app with pid 1524
    t =    20.18s     Find: Descendants matching type Other
    t =    20.18s     Find: Elements matching predicate '"chart.canvas" IN identifiers'
    t =    20.18s Find the "chart.canvas" Other
    t =    20.19s     Requesting snapshot of accessibility hierarchy for app with pid 1524
    t =    20.22s     Find: Descendants matching type Other
    t =    20.22s     Find: Elements matching predicate '"chart.canvas" IN identifiers'
    t =    20.22s Find the "chart.canvas" Other
    t =    20.23s     Requesting snapshot of accessibility hierarchy for app with pid 1524
    t =    20.26s     Find: Descendants matching type Other
    t =    20.26s     Find: Elements matching predicate '"chart.canvas" IN identifiers'
    t =    20.26s Find the "chart.canvas" Other
    t =    20.27s     Requesting snapshot of accessibility hierarchy for app with pid 1524
    t =    20.30s     Find: Descendants matching type Other
    t =    20.30s     Find: Elements matching predicate '"chart.canvas" IN identifiers'
    t =    20.30s Tap "bottom.style" Button
    t =    20.30s     Wait for com.mdd.kanpan to idle
    t =    20.31s     Find the "bottom.style" Button
    t =    20.31s         Requesting snapshot of accessibility hierarchy for app with pid 1524
    t =    20.34s         Find: Descendants matching type Button
    t =    20.34s         Find: Elements matching predicate '"bottom.style" IN identifiers'
    t =    20.34s     Check for interrupting elements affecting "bottom.style" Button
    t =    20.36s         Requesting snapshot of accessibility hierarchy for app with pid 1524
    t =    20.39s         Find: Descendants matching predicate identifier == "NotificationShortLookView" OR elementType == 7
    t =    20.40s     Synthesize event
    t =    20.70s     Wait for com.mdd.kanpan to idle
    t =    21.08s Find the "style.card.airy" Button
    t =    21.09s     Requesting snapshot of accessibility hierarchy for app with pid 1524
    t =    21.18s     Find: Descendants matching type Button
    t =    21.18s     Find: Elements matching predicate '"style.card.airy" IN identifiers'
    t =    21.21s Find the "style.card.airy" Button
    t =    21.21s     Requesting snapshot of accessibility hierarchy for app with pid 1524
    t =    21.27s     Find: Descendants matching type Button
    t =    21.28s     Find: Elements matching predicate '"style.card.airy" IN identifiers'
    t =    21.30s Find the "style.card.airy" Button
    t =    21.30s     Requesting snapshot of accessibility hierarchy for app with pid 1524
    t =    21.36s     Find: Descendants matching type Button
    t =    21.36s     Find: Elements matching predicate '"style.card.airy" IN identifiers'
    t =    21.38s Find the "style.card.airy" Button
    t =    21.38s     Requesting snapshot of accessibility hierarchy for app with pid 1524
    t =    21.44s     Find: Descendants matching type Button
    t =    21.44s     Find: Elements matching predicate '"style.card.airy" IN identifiers'
    t =    21.46s Find the "style.card.airy" Button
    t =    21.47s     Requesting snapshot of accessibility hierarchy for app with pid 1524
    t =    21.52s     Find: Descendants matching type Button
    t =    21.53s     Find: Elements matching predicate '"style.card.airy" IN identifiers'
    t =    21.54s Waiting 8.0s for "style.card.airy" Button to exist
    t =    22.55s     Checking `Expect predicate `existsNoRetry == 1` for object "style.card.airy" Button`
    t =    22.55s         Checking existence of `"style.card.airy" Button`
    t =    22.56s             Requesting snapshot of accessibility hierarchy for app with pid 1524
    t =    22.64s             Find: Descendants matching type Button
    t =    22.64s             Find: Elements matching predicate '"style.card.airy" IN identifiers'
    t =    22.65s Tap "style.card.airy" Button
    t =    22.65s     Wait for com.mdd.kanpan to idle
    t =    22.65s     Find the "style.card.airy" Button
    t =    22.66s         Requesting snapshot of accessibility hierarchy for app with pid 1524
    t =    22.72s         Find: Descendants matching type Button
    t =    22.73s         Find: Elements matching predicate '"style.card.airy" IN identifiers'
    t =    22.73s     Check for interrupting elements affecting "style.card.airy" Button
    t =    22.75s         Requesting snapshot of accessibility hierarchy for app with pid 1524
    t =    22.81s         Find: Descendants matching predicate identifier == "NotificationShortLookView" OR elementType == 7
    t =    22.82s     Synthesize event
    t =    23.13s     Wait for com.mdd.kanpan to idle
    t =    24.51s Find the "chart.canvas" Other
    t =    24.52s     Requesting snapshot of accessibility hierarchy for app with pid 1524
    t =    24.55s     Find: Descendants matching type Other
    t =    24.55s     Find: Elements matching predicate '"chart.canvas" IN identifiers'
    t =    24.56s Find the "chart.canvas" Other
    t =    24.56s     Requesting snapshot of accessibility hierarchy for app with pid 1524
    t =    24.59s     Find: Descendants matching type Other
    t =    24.59s     Find: Elements matching predicate '"chart.canvas" IN identifiers'
    t =    24.60s Find the "chart.canvas" Other
    t =    24.60s     Requesting snapshot of accessibility hierarchy for app with pid 1524
    t =    24.63s     Find: Descendants matching type Other
    t =    24.63s     Find: Elements matching predicate '"chart.canvas" IN identifiers'
    t =    24.64s Find the "chart.canvas" Other
    t =    24.64s     Requesting snapshot of accessibility hierarchy for app with pid 1524
    t =    24.67s     Find: Descendants matching type Other
    t =    24.67s     Find: Elements matching predicate '"chart.canvas" IN identifiers'
    t =    24.68s Find the "chart.canvas" Other
    t =    24.68s     Requesting snapshot of accessibility hierarchy for app with pid 1524
    t =    24.71s     Find: Descendants matching type Other
    t =    24.71s     Find: Elements matching predicate '"chart.canvas" IN identifiers'
    t =    24.72s Find the "chart.canvas" Other
    t =    24.72s     Requesting snapshot of accessibility hierarchy for app with pid 1524
    t =    24.75s     Find: Descendants matching type Other
    t =    24.76s     Find: Elements matching predicate '"chart.canvas" IN identifiers'
    t =    24.76s Find the "chart.canvas" Other
    t =    24.76s     Requesting snapshot of accessibility hierarchy for app with pid 1524
    t =    24.79s     Find: Descendants matching type Other
    t =    24.79s     Find: Elements matching predicate '"chart.canvas" IN identifiers'
    t =    24.80s Tap "bottom.style" Button
    t =    24.80s     Wait for com.mdd.kanpan to idle
    t =    24.80s     Find the "bottom.style" Button
    t =    24.81s         Requesting snapshot of accessibility hierarchy for app with pid 1524
    t =    24.84s         Find: Descendants matching type Button
    t =    24.84s         Find: Elements matching predicate '"bottom.style" IN identifiers'
    t =    24.84s     Check for interrupting elements affecting "bottom.style" Button
    t =    24.86s         Requesting snapshot of accessibility hierarchy for app with pid 1524
    t =    24.89s         Find: Descendants matching predicate identifier == "NotificationShortLookView" OR elementType == 7
    t =    24.89s     Synthesize event
    t =    25.19s     Wait for com.mdd.kanpan to idle
    t =    25.58s Find the "style.card.brick" Button
    t =    25.59s     Requesting snapshot of accessibility hierarchy for app with pid 1524
    t =    25.67s     Find: Descendants matching type Button
    t =    25.67s     Find: Elements matching predicate '"style.card.brick" IN identifiers'
    t =    25.70s Find the "style.card.brick" Button
    t =    25.70s     Requesting snapshot of accessibility hierarchy for app with pid 1524
    t =    25.76s     Find: Descendants matching type Button
    t =    25.76s     Find: Elements matching predicate '"style.card.brick" IN identifiers'
    t =    25.78s Find the "style.card.brick" Button
    t =    25.79s     Requesting snapshot of accessibility hierarchy for app with pid 1524
    t =    25.84s     Find: Descendants matching type Button
    t =    25.84s     Find: Elements matching predicate '"style.card.brick" IN identifiers'
    t =    25.86s Find the "style.card.brick" Button
    t =    25.87s     Requesting snapshot of accessibility hierarchy for app with pid 1524
    t =    25.92s     Find: Descendants matching type Button
    t =    25.92s     Find: Elements matching predicate '"style.card.brick" IN identifiers'
    t =    25.94s Find the "style.card.brick" Button
    t =    25.94s     Requesting snapshot of accessibility hierarchy for app with pid 1524
    t =    26.00s     Find: Descendants matching type Button
    t =    26.00s     Find: Elements matching predicate '"style.card.brick" IN identifiers'
    t =    26.02s Waiting 8.0s for "style.card.brick" Button to exist
    t =    27.06s     Checking `Expect predicate `existsNoRetry == 1` for object "style.card.brick" Button`
    t =    27.06s         Checking existence of `"style.card.brick" Button`
    t =    27.07s             Requesting snapshot of accessibility hierarchy for app with pid 1524
    t =    27.15s             Find: Descendants matching type Button
    t =    27.15s             Find: Elements matching predicate '"style.card.brick" IN identifiers'
    t =    27.15s Tap "style.card.brick" Button
    t =    27.15s     Wait for com.mdd.kanpan to idle
    t =    27.16s     Find the "style.card.brick" Button
    t =    27.16s         Requesting snapshot of accessibility hierarchy for app with pid 1524
    t =    27.23s         Find: Descendants matching type Button
    t =    27.23s         Find: Elements matching predicate '"style.card.brick" IN identifiers'
    t =    27.24s     Check for interrupting elements affecting "style.card.brick" Button
    t =    27.26s         Requesting snapshot of accessibility hierarchy for app with pid 1524
    t =    27.32s         Find: Descendants matching predicate identifier == "NotificationShortLookView" OR elementType == 7
    t =    27.33s     Synthesize event
    t =    27.64s     Wait for com.mdd.kanpan to idle
    t =    29.03s Find the "chart.canvas" Other
    t =    29.03s     Requesting snapshot of accessibility hierarchy for app with pid 1524
    t =    29.07s     Find: Descendants matching type Other
    t =    29.07s     Find: Elements matching predicate '"chart.canvas" IN identifiers'
    t =    29.08s Find the "chart.canvas" Other
    t =    29.08s     Requesting snapshot of accessibility hierarchy for app with pid 1524
    t =    29.11s     Find: Descendants matching type Other
    t =    29.12s     Find: Elements matching predicate '"chart.canvas" IN identifiers'
    t =    29.12s Find the "chart.canvas" Other
    t =    29.12s     Requesting snapshot of accessibility hierarchy for app with pid 1524
    t =    29.15s     Find: Descendants matching type Other
    t =    29.15s     Find: Elements matching predicate '"chart.canvas" IN identifiers'
    t =    29.16s Find the "chart.canvas" Other
    t =    29.16s     Requesting snapshot of accessibility hierarchy for app with pid 1524
    t =    29.19s     Find: Descendants matching type Other
    t =    29.19s     Find: Elements matching predicate '"chart.canvas" IN identifiers'
    t =    29.19s Find the "chart.canvas" Other
    t =    29.20s     Requesting snapshot of accessibility hierarchy for app with pid 1524
    t =    29.23s     Find: Descendants matching type Other
    t =    29.23s     Find: Elements matching predicate '"chart.canvas" IN identifiers'
    t =    29.23s Find the "chart.canvas" Other
    t =    29.24s     Requesting snapshot of accessibility hierarchy for app with pid 1524
    t =    29.27s     Find: Descendants matching type Other
    t =    29.27s     Find: Elements matching predicate '"chart.canvas" IN identifiers'
    t =    29.27s Find the "chart.canvas" Other
    t =    29.28s     Requesting snapshot of accessibility hierarchy for app with pid 1524
    t =    29.31s     Find: Descendants matching type Other
    t =    29.31s     Find: Elements matching predicate '"chart.canvas" IN identifiers'
    t =    29.32s Tap "bottom.style" Button
    t =    29.32s     Wait for com.mdd.kanpan to idle
    t =    29.32s     Find the "bottom.style" Button
    t =    29.33s         Requesting snapshot of accessibility hierarchy for app with pid 1524
    t =    29.35s         Find: Descendants matching type Button
    t =    29.35s         Find: Elements matching predicate '"bottom.style" IN identifiers'
    t =    29.36s     Check for interrupting elements affecting "bottom.style" Button
    t =    29.38s         Requesting snapshot of accessibility hierarchy for app with pid 1524
    t =    29.40s         Find: Descendants matching predicate identifier == "NotificationShortLookView" OR elementType == 7
    t =    29.41s     Synthesize event
    t =    29.71s     Wait for com.mdd.kanpan to idle
    t =    30.10s Find the "style.card.needle" Button
    t =    30.11s     Requesting snapshot of accessibility hierarchy for app with pid 1524
    t =    30.19s     Find: Descendants matching type Button
    t =    30.20s     Find: Elements matching predicate '"style.card.needle" IN identifiers'
    t =    30.23s Swipe up Target Application 'com.mdd.kanpan'
    t =    30.23s     Wait for com.mdd.kanpan to idle
    t =    30.23s     Find the Target Application 'com.mdd.kanpan'
    t =    30.24s         Requesting snapshot of accessibility hierarchy for app with pid 1524
    t =    30.30s     Check for interrupting elements affecting "看盘" Application
    t =    30.31s         Requesting snapshot of accessibility hierarchy for app with pid 1524
    t =    30.36s         Find: Descendants matching predicate identifier == "NotificationShortLookView" OR elementType == 7
    t =    30.37s     Synthesize event
    t =    30.80s     Wait for com.mdd.kanpan to idle
    t =    31.47s Find the "style.card.needle" Button
    t =    31.48s     Requesting snapshot of accessibility hierarchy for app with pid 1524
    t =    31.56s     Find: Descendants matching type Button
    t =    31.56s     Find: Elements matching predicate '"style.card.needle" IN identifiers'
    t =    31.59s Find the "style.card.needle" Button
    t =    31.60s     Requesting snapshot of accessibility hierarchy for app with pid 1524
    t =    31.67s     Find: Descendants matching type Button
    t =    31.67s     Find: Elements matching predicate '"style.card.needle" IN identifiers'
    t =    31.70s Find the "style.card.needle" Button
    t =    31.71s     Requesting snapshot of accessibility hierarchy for app with pid 1524
    t =    31.78s     Find: Descendants matching type Button
    t =    31.78s     Find: Elements matching predicate '"style.card.needle" IN identifiers'
    t =    31.81s Find the "style.card.needle" Button
    t =    31.81s     Requesting snapshot of accessibility hierarchy for app with pid 1524
    t =    31.89s     Find: Descendants matching type Button
    t =    31.89s     Find: Elements matching predicate '"style.card.needle" IN identifiers'
    t =    31.93s Waiting 8.0s for "style.card.needle" Button to exist
    t =    32.96s     Checking `Expect predicate `existsNoRetry == 1` for object "style.card.needle" Button`
    t =    32.96s         Checking existence of `"style.card.needle" Button`
    t =    32.97s             Requesting snapshot of accessibility hierarchy for app with pid 1524
    t =    33.05s             Find: Descendants matching type Button
    t =    33.05s             Find: Elements matching predicate '"style.card.needle" IN identifiers'
    t =    33.06s Tap "style.card.needle" Button
    t =    33.06s     Wait for com.mdd.kanpan to idle
    t =    33.06s     Find the "style.card.needle" Button
    t =    33.06s         Requesting snapshot of accessibility hierarchy for app with pid 1524
    t =    33.14s         Find: Descendants matching type Button
    t =    33.14s         Find: Elements matching predicate '"style.card.needle" IN identifiers'
    t =    33.15s     Check for interrupting elements affecting "style.card.needle" Button
    t =    33.16s         Requesting snapshot of accessibility hierarchy for app with pid 1524
    t =    33.23s         Find: Descendants matching predicate identifier == "NotificationShortLookView" OR elementType == 7
    t =    33.24s     Synthesize event
    t =    33.55s     Wait for com.mdd.kanpan to idle
    t =    34.95s Find the "chart.canvas" Other
    t =    34.96s     Requesting snapshot of accessibility hierarchy for app with pid 1524
    t =    35.00s     Find: Descendants matching type Other
    t =    35.00s     Find: Elements matching predicate '"chart.canvas" IN identifiers'
    t =    35.00s Find the "chart.canvas" Other
    t =    35.01s     Requesting snapshot of accessibility hierarchy for app with pid 1524
    t =    35.04s     Find: Descendants matching type Other
    t =    35.04s     Find: Elements matching predicate '"chart.canvas" IN identifiers'
    t =    35.04s Find the "chart.canvas" Other
    t =    35.05s     Requesting snapshot of accessibility hierarchy for app with pid 1524
    t =    35.08s     Find: Descendants matching type Other
    t =    35.09s     Find: Elements matching predicate '"chart.canvas" IN identifiers'
    t =    35.09s Find the "chart.canvas" Other
    t =    35.10s     Requesting snapshot of accessibility hierarchy for app with pid 1524
    t =    35.13s     Find: Descendants matching type Other
    t =    35.13s     Find: Elements matching predicate '"chart.canvas" IN identifiers'
    t =    35.14s Find the "chart.canvas" Other
    t =    35.14s     Requesting snapshot of accessibility hierarchy for app with pid 1524
    t =    35.17s     Find: Descendants matching type Other
    t =    35.17s     Find: Elements matching predicate '"chart.canvas" IN identifiers'
    t =    35.17s Find the "chart.canvas" Other
    t =    35.18s     Requesting snapshot of accessibility hierarchy for app with pid 1524
    t =    35.21s     Find: Descendants matching type Other
    t =    35.21s     Find: Elements matching predicate '"chart.canvas" IN identifiers'
    t =    35.22s Find the "chart.canvas" Other
    t =    35.22s     Requesting snapshot of accessibility hierarchy for app with pid 1524
    t =    35.25s     Find: Descendants matching type Other
    t =    35.25s     Find: Elements matching predicate '"chart.canvas" IN identifiers'
    t =    35.26s Tap "bottom.style" Button
    t =    35.26s     Wait for com.mdd.kanpan to idle
    t =    35.27s     Find the "bottom.style" Button
    t =    35.27s         Requesting snapshot of accessibility hierarchy for app with pid 1524
    t =    35.31s         Find: Descendants matching type Button
    t =    35.31s         Find: Elements matching predicate '"bottom.style" IN identifiers'
    t =    35.32s     Check for interrupting elements affecting "bottom.style" Button
    t =    35.34s         Requesting snapshot of accessibility hierarchy for app with pid 1524
    t =    35.36s         Find: Descendants matching predicate identifier == "NotificationShortLookView" OR elementType == 7
    t =    35.37s     Synthesize event
    t =    35.67s     Wait for com.mdd.kanpan to idle
    t =    36.05s Find the "style.card.pill" Button
    t =    36.06s     Requesting snapshot of accessibility hierarchy for app with pid 1524
    t =    36.15s     Find: Descendants matching type Button
    t =    36.15s     Find: Elements matching predicate '"style.card.pill" IN identifiers'
    t =    36.18s Swipe up Target Application 'com.mdd.kanpan'
    t =    36.18s     Wait for com.mdd.kanpan to idle
    t =    36.18s     Find the Target Application 'com.mdd.kanpan'
    t =    36.18s         Requesting snapshot of accessibility hierarchy for app with pid 1524
    t =    36.25s     Check for interrupting elements affecting "看盘" Application
    t =    36.26s         Requesting snapshot of accessibility hierarchy for app with pid 1524
    t =    36.32s         Find: Descendants matching predicate identifier == "NotificationShortLookView" OR elementType == 7
    t =    36.33s     Synthesize event
    t =    36.76s     Wait for com.mdd.kanpan to idle
    t =    37.42s Find the "style.card.pill" Button
    t =    37.43s     Requesting snapshot of accessibility hierarchy for app with pid 1524
    t =    37.51s     Find: Descendants matching type Button
    t =    37.51s     Find: Elements matching predicate '"style.card.pill" IN identifiers'
    t =    37.54s Find the "style.card.pill" Button
    t =    37.55s     Requesting snapshot of accessibility hierarchy for app with pid 1524
    t =    37.62s     Find: Descendants matching type Button
    t =    37.62s     Find: Elements matching predicate '"style.card.pill" IN identifiers'
    t =    37.65s Find the "style.card.pill" Button
    t =    37.65s     Requesting snapshot of accessibility hierarchy for app with pid 1524
    t =    37.73s     Find: Descendants matching type Button
    t =    37.73s     Find: Elements matching predicate '"style.card.pill" IN identifiers'
    t =    37.76s Find the "style.card.pill" Button
    t =    37.76s     Requesting snapshot of accessibility hierarchy for app with pid 1524
    t =    37.84s     Find: Descendants matching type Button
    t =    37.84s     Find: Elements matching predicate '"style.card.pill" IN identifiers'
    t =    37.87s Waiting 8.0s for "style.card.pill" Button to exist
    t =    38.88s     Checking `Expect predicate `existsNoRetry == 1` for object "style.card.pill" Button`
    t =    38.89s         Checking existence of `"style.card.pill" Button`
    t =    38.89s             Requesting snapshot of accessibility hierarchy for app with pid 1524
    t =    38.98s             Find: Descendants matching type Button
    t =    38.98s             Find: Elements matching predicate '"style.card.pill" IN identifiers'
    t =    38.99s Tap "style.card.pill" Button
    t =    38.99s     Wait for com.mdd.kanpan to idle
    t =    38.99s     Find the "style.card.pill" Button
    t =    38.99s         Requesting snapshot of accessibility hierarchy for app with pid 1524
    t =    39.07s         Find: Descendants matching type Button
    t =    39.07s         Find: Elements matching predicate '"style.card.pill" IN identifiers'
    t =    39.08s     Check for interrupting elements affecting "style.card.pill" Button
    t =    39.09s         Requesting snapshot of accessibility hierarchy for app with pid 1524
    t =    39.16s         Find: Descendants matching predicate identifier == "NotificationShortLookView" OR elementType == 7
    t =    39.17s     Synthesize event
    t =    39.48s     Wait for com.mdd.kanpan to idle
    t =    40.91s Find the "chart.canvas" Other
    t =    40.92s     Requesting snapshot of accessibility hierarchy for app with pid 1524
    t =    40.95s     Find: Descendants matching type Other
    t =    40.96s     Find: Elements matching predicate '"chart.canvas" IN identifiers'
    t =    40.96s Find the "chart.canvas" Other
    t =    40.97s     Requesting snapshot of accessibility hierarchy for app with pid 1524
    t =    40.99s     Find: Descendants matching type Other
    t =    41.00s     Find: Elements matching predicate '"chart.canvas" IN identifiers'
    t =    41.00s Find the "chart.canvas" Other
    t =    41.01s     Requesting snapshot of accessibility hierarchy for app with pid 1524
    t =    41.04s     Find: Descendants matching type Other
    t =    41.04s     Find: Elements matching predicate '"chart.canvas" IN identifiers'
    t =    41.04s Find the "chart.canvas" Other
    t =    41.05s     Requesting snapshot of accessibility hierarchy for app with pid 1524
    t =    41.08s     Find: Descendants matching type Other
    t =    41.08s     Find: Elements matching predicate '"chart.canvas" IN identifiers'
    t =    41.08s Find the "chart.canvas" Other
    t =    41.09s     Requesting snapshot of accessibility hierarchy for app with pid 1524
    t =    41.11s     Find: Descendants matching type Other
    t =    41.12s     Find: Elements matching predicate '"chart.canvas" IN identifiers'
    t =    41.12s Find the "chart.canvas" Other
    t =    41.12s     Requesting snapshot of accessibility hierarchy for app with pid 1524
    t =    41.15s     Find: Descendants matching type Other
    t =    41.15s     Find: Elements matching predicate '"chart.canvas" IN identifiers'
    t =    41.16s Find the "chart.canvas" Other
    t =    41.16s     Requesting snapshot of accessibility hierarchy for app with pid 1524
    t =    41.19s     Find: Descendants matching type Other
    t =    41.20s     Find: Elements matching predicate '"chart.canvas" IN identifiers'
    t =    41.20s Tap "bottom.style" Button
    t =    41.21s     Wait for com.mdd.kanpan to idle
    t =    41.21s     Find the "bottom.style" Button
    t =    41.21s         Requesting snapshot of accessibility hierarchy for app with pid 1524
    t =    41.24s         Find: Descendants matching type Button
    t =    41.25s         Find: Elements matching predicate '"bottom.style" IN identifiers'
    t =    41.25s     Check for interrupting elements affecting "bottom.style" Button
    t =    41.27s         Requesting snapshot of accessibility hierarchy for app with pid 1524
    t =    41.29s         Find: Descendants matching predicate identifier == "NotificationShortLookView" OR elementType == 7
    t =    41.30s     Synthesize event
    t =    41.60s     Wait for com.mdd.kanpan to idle
    t =    41.98s Find the "style.card.paper" Button
    t =    41.99s     Requesting snapshot of accessibility hierarchy for app with pid 1524
    t =    42.08s     Find: Descendants matching type Button
    t =    42.09s     Find: Elements matching predicate '"style.card.paper" IN identifiers'
    t =    42.11s Swipe up Target Application 'com.mdd.kanpan'
    t =    42.11s     Wait for com.mdd.kanpan to idle
    t =    42.12s     Find the Target Application 'com.mdd.kanpan'
    t =    42.12s         Requesting snapshot of accessibility hierarchy for app with pid 1524
Resolve Package Graph

    t =    42.18s     Check for interrupting elements affecting "看盘" Application
    t =    42.19s         Requesting snapshot of accessibility hierarchy for app with pid 1524
    t =    42.24s         Find: Descendants matching predicate identifier == "NotificationShortLookView" OR elementType == 7
    t =    42.25s     Synthesize event
    t =    42.68s     Wait for com.mdd.kanpan to idle
Resolve Package Graph

    t =    43.35s Find the "style.card.paper" Button
    t =    43.36s     Requesting snapshot of accessibility hierarchy for app with pid 1524
    t =    43.44s     Find: Descendants matching type Button
    t =    43.44s     Find: Elements matching predicate '"style.card.paper" IN identifiers'
    t =    43.47s Find the "style.card.paper" Button
    t =    43.47s     Requesting snapshot of accessibility hierarchy for app with pid 1524
    t =    43.55s     Find: Descendants matching type Button
    t =    43.55s     Find: Elements matching predicate '"style.card.paper" IN identifiers'
    t =    43.58s Find the "style.card.paper" Button
    t =    43.58s     Requesting snapshot of accessibility hierarchy for app with pid 1524
    t =    43.66s     Find: Descendants matching type Button
    t =    43.66s     Find: Elements matching predicate '"style.card.paper" IN identifiers'
    t =    43.69s Find the "style.card.paper" Button
    t =    43.69s     Requesting snapshot of accessibility hierarchy for app with pid 1524
    t =    43.77s     Find: Descendants matching type Button
    t =    43.77s     Find: Elements matching predicate '"style.card.paper" IN identifiers'
    t =    43.80s Waiting 8.0s for "style.card.paper" Button to exist
Resolve Package Graph

    t =    44.81s     Checking `Expect predicate `existsNoRetry == 1` for object "style.card.paper" Button`
    t =    44.81s         Checking existence of `"style.card.paper" Button`
    t =    44.82s             Requesting snapshot of accessibility hierarchy for app with pid 1524
    t =    44.90s             Find: Descendants matching type Button
    t =    44.90s             Find: Elements matching predicate '"style.card.paper" IN identifiers'
    t =    44.91s Tap "style.card.paper" Button
    t =    44.91s     Wait for com.mdd.kanpan to idle
    t =    44.91s     Find the "style.card.paper" Button
    t =    44.92s         Requesting snapshot of accessibility hierarchy for app with pid 1524
    t =    44.99s         Find: Descendants matching type Button
    t =    44.99s         Find: Elements matching predicate '"style.card.paper" IN identifiers'
    t =    45.00s     Check for interrupting elements affecting "style.card.paper" Button
    t =    45.02s         Requesting snapshot of accessibility hierarchy for app with pid 1524
    t =    45.08s         Find: Descendants matching predicate identifier == "NotificationShortLookView" OR elementType == 7
    t =    45.09s     Synthesize event
    t =    45.40s     Wait for com.mdd.kanpan to idle
Resolve Package Graph

Resolve Package Graph

    t =    46.80s Find the "chart.canvas" Other
    t =    46.82s     Requesting snapshot of accessibility hierarchy for app with pid 1524
    t =    46.85s     Find: Descendants matching type Other
    t =    46.86s     Find: Elements matching predicate '"chart.canvas" IN identifiers'
    t =    46.86s Find the "chart.canvas" Other
    t =    46.87s     Requesting snapshot of accessibility hierarchy for app with pid 1524
    t =    46.90s     Find: Descendants matching type Other
    t =    46.90s     Find: Elements matching predicate '"chart.canvas" IN identifiers'
    t =    46.90s Find the "chart.canvas" Other
    t =    46.91s     Requesting snapshot of accessibility hierarchy for app with pid 1524
    t =    46.94s     Find: Descendants matching type Other
    t =    46.94s     Find: Elements matching predicate '"chart.canvas" IN identifiers'
    t =    46.95s Find the "chart.canvas" Other
    t =    46.95s     Requesting snapshot of accessibility hierarchy for app with pid 1524
    t =    46.98s     Find: Descendants matching type Other
    t =    46.98s     Find: Elements matching predicate '"chart.canvas" IN identifiers'
    t =    46.98s Find the "chart.canvas" Other
    t =    46.99s     Requesting snapshot of accessibility hierarchy for app with pid 1524
    t =    47.00s     Find: Descendants matching type Other
    t =    47.01s     Find: Elements matching predicate '"chart.canvas" IN identifiers'
    t =    47.01s Find the "chart.canvas" Other
    t =    47.01s     Requesting snapshot of accessibility hierarchy for app with pid 1524
    t =    47.03s     Find: Descendants matching type Other
    t =    47.03s     Find: Elements matching predicate '"chart.canvas" IN identifiers'
    t =    47.04s Find the "chart.canvas" Other
    t =    47.04s     Requesting snapshot of accessibility hierarchy for app with pid 1524
    t =    47.06s     Find: Descendants matching type Other
    t =    47.06s     Find: Elements matching predicate '"chart.canvas" IN identifiers'
    t =    47.07s Tap "bottom.style" Button
    t =    47.07s     Wait for com.mdd.kanpan to idle
    t =    47.07s     Find the "bottom.style" Button
    t =    47.07s         Requesting snapshot of accessibility hierarchy for app with pid 1524
    t =    47.09s         Find: Descendants matching type Button
    t =    47.09s         Find: Elements matching predicate '"bottom.style" IN identifiers'
    t =    47.10s     Check for interrupting elements affecting "bottom.style" Button
    t =    47.12s         Requesting snapshot of accessibility hierarchy for app with pid 1524
    t =    47.14s         Find: Descendants matching predicate identifier == "NotificationShortLookView" OR elementType == 7
    t =    47.14s         Wait for com.apple.springboard to idle
    t =    47.18s         Requesting snapshot of accessibility hierarchy for app with pid 248
    t =    47.27s         Find: Descendants matching predicate identifier == "NotificationShortLookView" OR elementType == 7
    t =    47.28s     Synthesize event
    t =    47.59s     Wait for com.mdd.kanpan to idle
    t =    47.97s Find the "style.card.outline" Button
    t =    47.98s     Requesting snapshot of accessibility hierarchy for app with pid 1524
    t =    48.07s     Find: Descendants matching type Button
    t =    48.07s     Find: Elements matching predicate '"style.card.outline" IN identifiers'
    t =    48.10s Swipe up Target Application 'com.mdd.kanpan'
    t =    48.10s     Wait for com.mdd.kanpan to idle
    t =    48.10s     Find the Target Application 'com.mdd.kanpan'
    t =    48.10s         Requesting snapshot of accessibility hierarchy for app with pid 1524
    t =    48.17s     Check for interrupting elements affecting "看盘" Application
    t =    48.18s         Requesting snapshot of accessibility hierarchy for app with pid 1524
    t =    48.23s         Find: Descendants matching predicate identifier == "NotificationShortLookView" OR elementType == 7
    t =    48.24s         Wait for com.apple.springboard to idle
    t =    48.24s         Requesting snapshot of accessibility hierarchy for app with pid 248
    t =    48.32s         Find: Descendants matching predicate identifier == "NotificationShortLookView" OR elementType == 7
    t =    48.34s Failed to construct element query matching interruption. Interrupting element BannerNotification, {{8.0, 58.7}, {386.0, 78.7}}, identifier: 'NotificationShortLookView', foreground application Application 'com.apple.springboard', element application: (null). If your test failed after this unhandled interruption, please file a bug and attach your .xcresult bundle.
    t =    48.34s     Synthesize event
    t =    48.78s     Wait for com.mdd.kanpan to idle
    t =    49.44s Find the "style.card.outline" Button
    t =    49.44s     Requesting snapshot of accessibility hierarchy for app with pid 1524
    t =    49.52s     Find: Descendants matching type Button
    t =    49.53s     Find: Elements matching predicate '"style.card.outline" IN identifiers'
    t =    49.55s Find the "style.card.outline" Button
    t =    49.56s     Requesting snapshot of accessibility hierarchy for app with pid 1524
    t =    49.63s     Find: Descendants matching type Button
    t =    49.63s     Find: Elements matching predicate '"style.card.outline" IN identifiers'
    t =    49.66s Find the "style.card.outline" Button
    t =    49.67s     Requesting snapshot of accessibility hierarchy for app with pid 1524
    t =    49.74s     Find: Descendants matching type Button
    t =    49.74s     Find: Elements matching predicate '"style.card.outline" IN identifiers'
    t =    49.77s Find the "style.card.outline" Button
    t =    49.78s     Requesting snapshot of accessibility hierarchy for app with pid 1524
    t =    49.85s     Find: Descendants matching type Button
    t =    49.86s     Find: Elements matching predicate '"style.card.outline" IN identifiers'
    t =    49.88s Waiting 8.0s for "style.card.outline" Button to exist
    t =    50.90s     Checking `Expect predicate `existsNoRetry == 1` for object "style.card.outline" Button`
    t =    50.90s         Checking existence of `"style.card.outline" Button`
    t =    50.91s             Requesting snapshot of accessibility hierarchy for app with pid 1524
    t =    50.99s             Find: Descendants matching type Button
    t =    50.99s             Find: Elements matching predicate '"style.card.outline" IN identifiers'
    t =    51.00s Tap "style.card.outline" Button
    t =    51.00s     Wait for com.mdd.kanpan to idle
    t =    51.00s     Find the "style.card.outline" Button
    t =    51.00s         Requesting snapshot of accessibility hierarchy for app with pid 1524
    t =    51.08s         Find: Descendants matching type Button
    t =    51.08s         Find: Elements matching predicate '"style.card.outline" IN identifiers'
    t =    51.08s     Check for interrupting elements affecting "style.card.outline" Button
    t =    51.10s         Requesting snapshot of accessibility hierarchy for app with pid 1524
    t =    51.17s         Find: Descendants matching predicate identifier == "NotificationShortLookView" OR elementType == 7
    t =    51.18s         Wait for com.apple.springboard to idle
    t =    51.18s         Requesting snapshot of accessibility hierarchy for app with pid 248
    t =    51.26s         Find: Descendants matching predicate identifier == "NotificationShortLookView" OR elementType == 7
    t =    51.27s     Synthesize event
    t =    51.58s     Wait for com.mdd.kanpan to idle
    t =    53.00s Find the "chart.canvas" Other
    t =    53.00s     Requesting snapshot of accessibility hierarchy for app with pid 1524
    t =    53.04s     Find: Descendants matching type Other
    t =    53.04s     Find: Elements matching predicate '"chart.canvas" IN identifiers'
    t =    53.05s Find the "chart.canvas" Other
    t =    53.05s     Requesting snapshot of accessibility hierarchy for app with pid 1524
    t =    53.09s     Find: Descendants matching type Other
    t =    53.09s     Find: Elements matching predicate '"chart.canvas" IN identifiers'
    t =    53.09s Find the "chart.canvas" Other
    t =    53.10s     Requesting snapshot of accessibility hierarchy for app with pid 1524
    t =    53.13s     Find: Descendants matching type Other
    t =    53.13s     Find: Elements matching predicate '"chart.canvas" IN identifiers'
    t =    53.13s Find the "chart.canvas" Other
    t =    53.14s     Requesting snapshot of accessibility hierarchy for app with pid 1524
    t =    53.17s     Find: Descendants matching type Other
    t =    53.17s     Find: Elements matching predicate '"chart.canvas" IN identifiers'
    t =    53.17s Find the "chart.canvas" Other
    t =    53.18s     Requesting snapshot of accessibility hierarchy for app with pid 1524
    t =    53.21s     Find: Descendants matching type Other
    t =    53.21s     Find: Elements matching predicate '"chart.canvas" IN identifiers'
    t =    53.21s Find the "chart.canvas" Other
    t =    53.22s     Requesting snapshot of accessibility hierarchy for app with pid 1524
    t =    53.25s     Find: Descendants matching type Other
    t =    53.25s     Find: Elements matching predicate '"chart.canvas" IN identifiers'
    t =    53.25s Find the "chart.canvas" Other
    t =    53.26s     Requesting snapshot of accessibility hierarchy for app with pid 1524
    t =    53.29s     Find: Descendants matching type Other
    t =    53.29s     Find: Elements matching predicate '"chart.canvas" IN identifiers'
    t =    53.29s Tap "bottom.style" Button
    t =    53.29s     Wait for com.mdd.kanpan to idle
    t =    53.30s     Find the "bottom.style" Button
    t =    53.30s         Requesting snapshot of accessibility hierarchy for app with pid 1524
    t =    53.33s         Find: Descendants matching type Button
    t =    53.33s         Find: Elements matching predicate '"bottom.style" IN identifiers'
    t =    53.34s     Check for interrupting elements affecting "bottom.style" Button
    t =    53.36s         Requesting snapshot of accessibility hierarchy for app with pid 1524
    t =    53.39s         Find: Descendants matching predicate identifier == "NotificationShortLookView" OR elementType == 7
    t =    53.39s         Wait for com.apple.springboard to idle
    t =    54.02s         Requesting snapshot of accessibility hierarchy for app with pid 248
    t =    54.09s         Find: Descendants matching predicate identifier == "NotificationShortLookView" OR elementType == 7
    t =    54.09s     Synthesize event
    t =    54.40s     Wait for com.mdd.kanpan to idle
    t =    54.79s Find the "style.card.bone" Button
    t =    54.79s     Requesting snapshot of accessibility hierarchy for app with pid 1524
    t =    54.88s     Find: Descendants matching type Button
    t =    54.89s     Find: Elements matching predicate '"style.card.bone" IN identifiers'
    t =    54.91s Swipe up Target Application 'com.mdd.kanpan'
    t =    54.91s     Wait for com.mdd.kanpan to idle
    t =    54.92s     Find the Target Application 'com.mdd.kanpan'
    t =    54.92s         Requesting snapshot of accessibility hierarchy for app with pid 1524
    t =    54.99s     Check for interrupting elements affecting "看盘" Application
    t =    55.00s         Requesting snapshot of accessibility hierarchy for app with pid 1524
    t =    55.05s         Find: Descendants matching predicate identifier == "NotificationShortLookView" OR elementType == 7
    t =    55.05s     Synthesize event
    t =    55.49s     Wait for com.mdd.kanpan to idle
    t =    56.16s Find the "style.card.bone" Button
    t =    56.16s     Requesting snapshot of accessibility hierarchy for app with pid 1524
    t =    56.24s     Find: Descendants matching type Button
    t =    56.25s     Find: Elements matching predicate '"style.card.bone" IN identifiers'
    t =    56.27s Find the "style.card.bone" Button
    t =    56.27s     Requesting snapshot of accessibility hierarchy for app with pid 1524
    t =    56.34s     Find: Descendants matching type Button
    t =    56.35s     Find: Elements matching predicate '"style.card.bone" IN identifiers'
    t =    56.37s Find the "style.card.bone" Button
    t =    56.38s     Requesting snapshot of accessibility hierarchy for app with pid 1524
    t =    56.45s     Find: Descendants matching type Button
    t =    56.45s     Find: Elements matching predicate '"style.card.bone" IN identifiers'
    t =    56.48s Find the "style.card.bone" Button
    t =    56.48s     Requesting snapshot of accessibility hierarchy for app with pid 1524
    t =    56.56s     Find: Descendants matching type Button
    t =    56.56s     Find: Elements matching predicate '"style.card.bone" IN identifiers'
    t =    56.59s Waiting 8.0s for "style.card.bone" Button to exist
    t =    57.61s     Checking `Expect predicate `existsNoRetry == 1` for object "style.card.bone" Button`
    t =    57.61s         Checking existence of `"style.card.bone" Button`
    t =    57.62s             Requesting snapshot of accessibility hierarchy for app with pid 1524
    t =    57.70s             Find: Descendants matching type Button
    t =    57.70s             Find: Elements matching predicate '"style.card.bone" IN identifiers'
    t =    57.71s Tap "style.card.bone" Button
    t =    57.71s     Wait for com.mdd.kanpan to idle
    t =    57.71s     Find the "style.card.bone" Button
    t =    57.72s         Requesting snapshot of accessibility hierarchy for app with pid 1524
    t =    57.79s         Find: Descendants matching type Button
    t =    57.79s         Find: Elements matching predicate '"style.card.bone" IN identifiers'
    t =    57.80s     Check for interrupting elements affecting "style.card.bone" Button
    t =    57.81s         Requesting snapshot of accessibility hierarchy for app with pid 1524
    t =    57.85s         Find: Descendants matching predicate identifier == "NotificationShortLookView" OR elementType == 7
    t =    57.86s     Synthesize event
    t =    58.16s     Wait for com.mdd.kanpan to idle
    t =    59.56s Find the "chart.canvas" Other
    t =    59.57s     Requesting snapshot of accessibility hierarchy for app with pid 1524
    t =    59.61s     Find: Descendants matching type Other
    t =    59.61s     Find: Elements matching predicate '"chart.canvas" IN identifiers'
    t =    59.62s Find the "chart.canvas" Other
    t =    59.62s     Requesting snapshot of accessibility hierarchy for app with pid 1524
    t =    59.65s     Find: Descendants matching type Other
    t =    59.65s     Find: Elements matching predicate '"chart.canvas" IN identifiers'
    t =    59.66s Find the "chart.canvas" Other
    t =    59.66s     Requesting snapshot of accessibility hierarchy for app with pid 1524
    t =    59.69s     Find: Descendants matching type Other
    t =    59.69s     Find: Elements matching predicate '"chart.canvas" IN identifiers'
    t =    59.70s Find the "chart.canvas" Other
    t =    59.70s     Requesting snapshot of accessibility hierarchy for app with pid 1524
    t =    59.73s     Find: Descendants matching type Other
    t =    59.73s     Find: Elements matching predicate '"chart.canvas" IN identifiers'
    t =    59.74s Find the "chart.canvas" Other
    t =    59.74s     Requesting snapshot of accessibility hierarchy for app with pid 1524
    t =    59.77s     Find: Descendants matching type Other
    t =    59.77s     Find: Elements matching predicate '"chart.canvas" IN identifiers'
    t =    59.78s Find the "chart.canvas" Other
    t =    59.78s     Requesting snapshot of accessibility hierarchy for app with pid 1524
    t =    59.81s     Find: Descendants matching type Other
    t =    59.82s     Find: Elements matching predicate '"chart.canvas" IN identifiers'
    t =    59.82s Find the "chart.canvas" Other
    t =    59.83s     Requesting snapshot of accessibility hierarchy for app with pid 1524
    t =    59.85s     Find: Descendants matching type Other
    t =    59.86s     Find: Elements matching predicate '"chart.canvas" IN identifiers'
    t =    59.86s Tap "bottom.style" Button
    t =    59.86s     Wait for com.mdd.kanpan to idle
    t =    59.87s     Find the "bottom.style" Button
    t =    59.87s         Requesting snapshot of accessibility hierarchy for app with pid 1524
    t =    59.90s         Find: Descendants matching type Button
    t =    59.90s         Find: Elements matching predicate '"bottom.style" IN identifiers'
    t =    59.91s     Check for interrupting elements affecting "bottom.style" Button
    t =    59.93s         Requesting snapshot of accessibility hierarchy for app with pid 1524
    t =    59.95s         Find: Descendants matching predicate identifier == "NotificationShortLookView" OR elementType == 7
    t =    59.96s     Synthesize event
    t =    60.26s     Wait for com.mdd.kanpan to idle
    t =    60.66s Find the "style.card.dense" Button
    t =    60.66s     Requesting snapshot of accessibility hierarchy for app with pid 1524
    t =    60.75s     Find: Descendants matching type Button
    t =    60.75s     Find: Elements matching predicate '"style.card.dense" IN identifiers'
    t =    60.78s Swipe up Target Application 'com.mdd.kanpan'
    t =    60.78s     Wait for com.mdd.kanpan to idle
    t =    60.78s     Find the Target Application 'com.mdd.kanpan'
    t =    60.78s         Requesting snapshot of accessibility hierarchy for app with pid 1524
    t =    60.85s     Check for interrupting elements affecting "看盘" Application
    t =    60.86s         Requesting snapshot of accessibility hierarchy for app with pid 1524
    t =    60.91s         Find: Descendants matching predicate identifier == "NotificationShortLookView" OR elementType == 7
    t =    60.92s     Synthesize event
    t =    61.35s     Wait for com.mdd.kanpan to idle
    t =    62.01s Find the "style.card.dense" Button
    t =    62.01s     Requesting snapshot of accessibility hierarchy for app with pid 1524
    t =    62.09s     Find: Descendants matching type Button
    t =    62.10s     Find: Elements matching predicate '"style.card.dense" IN identifiers'
    t =    62.13s Find the "style.card.dense" Button
    t =    62.13s     Requesting snapshot of accessibility hierarchy for app with pid 1524
    t =    62.21s     Find: Descendants matching type Button
    t =    62.21s     Find: Elements matching predicate '"style.card.dense" IN identifiers'
    t =    62.24s Find the "style.card.dense" Button
    t =    62.24s     Requesting snapshot of accessibility hierarchy for app with pid 1524
    t =    62.32s     Find: Descendants matching type Button
    t =    62.32s     Find: Elements matching predicate '"style.card.dense" IN identifiers'
    t =    62.35s Find the "style.card.dense" Button
    t =    62.35s     Requesting snapshot of accessibility hierarchy for app with pid 1524
    t =    62.42s     Find: Descendants matching type Button
    t =    62.43s     Find: Elements matching predicate '"style.card.dense" IN identifiers'
    t =    62.46s Waiting 8.0s for "style.card.dense" Button to exist
    t =    63.47s     Checking `Expect predicate `existsNoRetry == 1` for object "style.card.dense" Button`
    t =    63.48s         Checking existence of `"style.card.dense" Button`
    t =    63.48s             Requesting snapshot of accessibility hierarchy for app with pid 1524
    t =    63.57s             Find: Descendants matching type Button
    t =    63.57s             Find: Elements matching predicate '"style.card.dense" IN identifiers'
    t =    63.58s Tap "style.card.dense" Button
    t =    63.58s     Wait for com.mdd.kanpan to idle
    t =    63.58s     Find the "style.card.dense" Button
    t =    63.58s         Requesting snapshot of accessibility hierarchy for app with pid 1524
    t =    63.66s         Find: Descendants matching type Button
    t =    63.66s         Find: Elements matching predicate '"style.card.dense" IN identifiers'
    t =    63.66s     Check for interrupting elements affecting "style.card.dense" Button
    t =    63.68s         Requesting snapshot of accessibility hierarchy for app with pid 1524
    t =    63.74s         Find: Descendants matching predicate identifier == "NotificationShortLookView" OR elementType == 7
    t =    63.75s     Synthesize event
    t =    64.07s     Wait for com.mdd.kanpan to idle
    t =    65.46s Find the "chart.canvas" Other
    t =    65.47s     Requesting snapshot of accessibility hierarchy for app with pid 1524
    t =    65.50s     Find: Descendants matching type Other
    t =    65.50s     Find: Elements matching predicate '"chart.canvas" IN identifiers'
    t =    65.51s Find the "chart.canvas" Other
    t =    65.51s     Requesting snapshot of accessibility hierarchy for app with pid 1524
    t =    65.54s     Find: Descendants matching type Other
    t =    65.54s     Find: Elements matching predicate '"chart.canvas" IN identifiers'
    t =    65.55s Find the "chart.canvas" Other
    t =    65.55s     Requesting snapshot of accessibility hierarchy for app with pid 1524
    t =    65.58s     Find: Descendants matching type Other
    t =    65.59s     Find: Elements matching predicate '"chart.canvas" IN identifiers'
    t =    65.59s Find the "chart.canvas" Other
    t =    65.59s     Requesting snapshot of accessibility hierarchy for app with pid 1524
    t =    65.62s     Find: Descendants matching type Other
    t =    65.62s     Find: Elements matching predicate '"chart.canvas" IN identifiers'
    t =    65.63s Find the "chart.canvas" Other
    t =    65.63s     Requesting snapshot of accessibility hierarchy for app with pid 1524
    t =    65.66s     Find: Descendants matching type Other
    t =    65.66s     Find: Elements matching predicate '"chart.canvas" IN identifiers'
    t =    65.67s Find the "chart.canvas" Other
    t =    65.67s     Requesting snapshot of accessibility hierarchy for app with pid 1524
    t =    65.70s     Find: Descendants matching type Other
    t =    65.70s     Find: Elements matching predicate '"chart.canvas" IN identifiers'
    t =    65.71s Find the "chart.canvas" Other
    t =    65.71s     Requesting snapshot of accessibility hierarchy for app with pid 1524
    t =    65.74s     Find: Descendants matching type Other
    t =    65.74s     Find: Elements matching predicate '"chart.canvas" IN identifiers'
    t =    65.75s Find the Target Application 'com.mdd.kanpan'
    t =    65.75s     Requesting snapshot of accessibility hierarchy for app with pid 1524
    t =    65.89s Added attachment named '02-原有风格-尺寸保持'
    t =    65.89s Tap "bottom.style" Button
    t =    65.89s     Wait for com.mdd.kanpan to idle
    t =    65.89s     Find the "bottom.style" Button
    t =    65.89s         Requesting snapshot of accessibility hierarchy for app with pid 1524
    t =    65.92s         Find: Descendants matching type Button
    t =    65.92s         Find: Elements matching predicate '"bottom.style" IN identifiers'
    t =    65.92s     Check for interrupting elements affecting "bottom.style" Button
    t =    65.92s         Requesting snapshot of accessibility hierarchy for app with pid 1524
    t =    65.94s         Find: Descendants matching predicate identifier == "NotificationShortLookView" OR elementType == 7
    t =    65.94s     Synthesize event
    t =    66.22s     Wait for com.mdd.kanpan to idle
    t =    66.61s Tap "style.card.aicoin" Button
    t =    66.61s     Wait for com.mdd.kanpan to idle
    t =    66.62s     Find the "style.card.aicoin" Button
    t =    66.62s         Requesting snapshot of accessibility hierarchy for app with pid 1524
    t =    66.71s         Find: Descendants matching type Button
    t =    66.72s         Find: Elements matching predicate '"style.card.aicoin" IN identifiers'
    t =    66.72s     Check for interrupting elements affecting "style.card.aicoin" Button
    t =    66.74s         Requesting snapshot of accessibility hierarchy for app with pid 1524
    t =    66.79s         Find: Descendants matching predicate identifier == "NotificationShortLookView" OR elementType == 7
    t =    66.80s     Synthesize event
    t =    67.10s     Wait for com.mdd.kanpan to idle
    t =    68.49s Find the "chart.canvas" Other
    t =    68.50s     Requesting snapshot of accessibility hierarchy for app with pid 1524
    t =    68.54s     Find: Descendants matching type Other
    t =    68.54s     Find: Elements matching predicate '"chart.canvas" IN identifiers'
    t =    68.55s Tap "chart.canvas" Other[0.35, 0.20]
    t =    68.55s     Wait for com.mdd.kanpan to idle
    t =    68.55s     Find the "chart.canvas" Other
    t =    68.56s         Requesting snapshot of accessibility hierarchy for app with pid 1524
    t =    68.59s         Find: Descendants matching type Other
    t =    68.59s         Find: Elements matching predicate '"chart.canvas" IN identifiers'
    t =    68.59s     Check for interrupting elements affecting "chart.canvas" Other
    t =    68.61s         Requesting snapshot of accessibility hierarchy for app with pid 1524
    t =    68.65s         Find: Descendants matching predicate identifier == "NotificationShortLookView" OR elementType == 7
    t =    68.66s     Synthesize event
    t =    68.67s         Find the "chart.canvas" Other
    t =    68.67s             Requesting snapshot of accessibility hierarchy for app with pid 1524
    t =    68.70s             Find: Descendants matching type Other
    t =    68.70s             Find: Elements matching predicate '"chart.canvas" IN identifiers'
    t =    68.71s         Find the "chart.canvas" Other
    t =    68.72s             Requesting snapshot of accessibility hierarchy for app with pid 1524
    t =    68.74s             Find: Descendants matching type Other
    t =    68.75s             Find: Elements matching predicate '"chart.canvas" IN identifiers'
    t =    68.76s         Find the "chart.canvas" Other
    t =    68.76s             Requesting snapshot of accessibility hierarchy for app with pid 1524
    t =    68.79s             Find: Descendants matching type Other
    t =    68.79s             Find: Elements matching predicate '"chart.canvas" IN identifiers'
    t =    69.09s     Wait for com.mdd.kanpan to idle
    t =    70.10s Find the "chart.canvas" Other
    t =    70.11s     Requesting snapshot of accessibility hierarchy for app with pid 1524
    t =    70.15s     Find: Descendants matching type Other
    t =    70.15s     Find: Elements matching predicate '"chart.canvas" IN identifiers'
    t =    70.15s Find the Target Application 'com.mdd.kanpan'
    t =    70.16s     Requesting snapshot of accessibility hierarchy for app with pid 1524
    t =    70.29s Added attachment named '03-单击十字线'
    t =    70.29s Tap "chart.canvas" Other[0.35, 0.20]
    t =    70.29s     Wait for com.mdd.kanpan to idle
    t =    70.29s     Find the "chart.canvas" Other
    t =    70.30s         Requesting snapshot of accessibility hierarchy for app with pid 1524
    t =    70.32s         Find: Descendants matching type Other
    t =    70.32s         Find: Elements matching predicate '"chart.canvas" IN identifiers'
    t =    70.32s     Check for interrupting elements affecting "chart.canvas" Other
    t =    70.33s         Requesting snapshot of accessibility hierarchy for app with pid 1524
    t =    70.35s         Find: Descendants matching predicate identifier == "NotificationShortLookView" OR elementType == 7
    t =    70.35s     Synthesize event
    t =    70.36s         Find the "chart.canvas" Other
    t =    70.36s             Requesting snapshot of accessibility hierarchy for app with pid 1524
    t =    70.38s             Find: Descendants matching type Other
    t =    70.38s             Find: Elements matching predicate '"chart.canvas" IN identifiers'
    t =    70.38s         Find the "chart.canvas" Other
    t =    70.38s             Requesting snapshot of accessibility hierarchy for app with pid 1524
    t =    70.40s             Find: Descendants matching type Other
    t =    70.40s             Find: Elements matching predicate '"chart.canvas" IN identifiers'
    t =    70.41s         Find the "chart.canvas" Other
    t =    70.41s             Requesting snapshot of accessibility hierarchy for app with pid 1524
    t =    70.43s             Find: Descendants matching type Other
    t =    70.43s             Find: Elements matching predicate '"chart.canvas" IN identifiers'
    t =    70.71s     Wait for com.mdd.kanpan to idle
    t =    71.73s Find the "chart.canvas" Other
    t =    71.74s     Requesting snapshot of accessibility hierarchy for app with pid 1524
    t =    71.78s     Find: Descendants matching type Other
    t =    71.78s     Find: Elements matching predicate '"chart.canvas" IN identifiers'
    t =    71.78s Tap "chart.canvas" Other[0.98, 0.20]
    t =    71.78s     Wait for com.mdd.kanpan to idle
    t =    71.79s     Find the "chart.canvas" Other
    t =    71.79s         Requesting snapshot of accessibility hierarchy for app with pid 1524
    t =    71.82s         Find: Descendants matching type Other
    t =    71.82s         Find: Elements matching predicate '"chart.canvas" IN identifiers'
    t =    71.83s     Check for interrupting elements affecting "chart.canvas" Other
    t =    71.85s         Requesting snapshot of accessibility hierarchy for app with pid 1524
    t =    71.88s         Find: Descendants matching predicate identifier == "NotificationShortLookView" OR elementType == 7
    t =    71.88s     Synthesize event
    t =    71.89s         Find the "chart.canvas" Other
    t =    71.90s             Requesting snapshot of accessibility hierarchy for app with pid 1524
    t =    71.92s             Find: Descendants matching type Other
    t =    71.93s             Find: Elements matching predicate '"chart.canvas" IN identifiers'
    t =    71.94s         Find the "chart.canvas" Other
    t =    71.95s             Requesting snapshot of accessibility hierarchy for app with pid 1524
    t =    71.97s             Find: Descendants matching type Other
    t =    71.98s             Find: Elements matching predicate '"chart.canvas" IN identifiers'
    t =    71.99s         Find the "chart.canvas" Other
    t =    72.00s             Requesting snapshot of accessibility hierarchy for app with pid 1524
    t =    72.02s             Find: Descendants matching type Other
    t =    72.02s             Find: Elements matching predicate '"chart.canvas" IN identifiers'
    t =    72.32s     Wait for com.mdd.kanpan to idle
    t =    73.33s Find the "chart.canvas" Other
    t =    73.34s     Requesting snapshot of accessibility hierarchy for app with pid 1524
    t =    73.38s     Find: Descendants matching type Other
    t =    73.38s     Find: Elements matching predicate '"chart.canvas" IN identifiers'
    t =    73.38s Tap "chart.canvas" Other[0.98, 0.20]
    t =    73.38s     Wait for com.mdd.kanpan to idle
    t =    73.39s     Find the "chart.canvas" Other
    t =    73.39s         Requesting snapshot of accessibility hierarchy for app with pid 1524
    t =    73.42s         Find: Descendants matching type Other
    t =    73.42s         Find: Elements matching predicate '"chart.canvas" IN identifiers'
    t =    73.43s     Check for interrupting elements affecting "chart.canvas" Other
    t =    73.45s         Requesting snapshot of accessibility hierarchy for app with pid 1524
    t =    73.47s         Find: Descendants matching predicate identifier == "NotificationShortLookView" OR elementType == 7
    t =    73.48s     Synthesize event
    t =    73.49s         Find the "chart.canvas" Other
    t =    73.49s             Requesting snapshot of accessibility hierarchy for app with pid 1524
    t =    73.52s             Find: Descendants matching type Other
    t =    73.52s             Find: Elements matching predicate '"chart.canvas" IN identifiers'
    t =    73.54s         Find the "chart.canvas" Other
    t =    73.54s             Requesting snapshot of accessibility hierarchy for app with pid 1524
    t =    73.57s             Find: Descendants matching type Other
    t =    73.57s             Find: Elements matching predicate '"chart.canvas" IN identifiers'
    t =    73.59s         Find the "chart.canvas" Other
    t =    73.59s             Requesting snapshot of accessibility hierarchy for app with pid 1524
    t =    73.62s             Find: Descendants matching type Other
    t =    73.62s             Find: Elements matching predicate '"chart.canvas" IN identifiers'
    t =    73.92s     Wait for com.mdd.kanpan to idle
    t =    74.94s Find the "chart.canvas" Other
    t =    74.95s     Requesting snapshot of accessibility hierarchy for app with pid 1524
    t =    74.98s     Find: Descendants matching type Other
    t =    74.98s     Find: Elements matching predicate '"chart.canvas" IN identifiers'
    t =    74.99s Press "chart.canvas" Other[0.98, 0.20] for 0.1 seconds, then drag to "chart.canvas" Other[0.98, 0.32] with velocity of 500.00 pixels per second, and then hold for 0.0 seconds 
    t =    74.99s     Wait for com.mdd.kanpan to idle
    t =    74.99s     Find the "chart.canvas" Other
    t =    75.00s         Requesting snapshot of accessibility hierarchy for app with pid 1524
    t =    75.03s         Find: Descendants matching type Other
    t =    75.03s         Find: Elements matching predicate '"chart.canvas" IN identifiers'
    t =    75.03s     Check for interrupting elements affecting "chart.canvas" Other
    t =    75.05s         Requesting snapshot of accessibility hierarchy for app with pid 1524
    t =    75.08s         Find: Descendants matching predicate identifier == "NotificationShortLookView" OR elementType == 7
    t =    75.09s     Synthesize event
    t =    75.09s         Find the "chart.canvas" Other
    t =    75.10s             Requesting snapshot of accessibility hierarchy for app with pid 1524
    t =    75.13s             Find: Descendants matching type Other
    t =    75.13s             Find: Elements matching predicate '"chart.canvas" IN identifiers'
    t =    75.14s         Find the "chart.canvas" Other
    t =    75.15s             Requesting snapshot of accessibility hierarchy for app with pid 1524
    t =    75.18s             Find: Descendants matching type Other
    t =    75.18s             Find: Elements matching predicate '"chart.canvas" IN identifiers'
    t =    75.20s         Find the "chart.canvas" Other
    t =    75.20s             Requesting snapshot of accessibility hierarchy for app with pid 1524
    t =    75.23s             Find: Descendants matching type Other
    t =    75.23s             Find: Elements matching predicate '"chart.canvas" IN identifiers'
    t =    75.24s         Find the "chart.canvas" Other
    t =    75.25s             Requesting snapshot of accessibility hierarchy for app with pid 1524
    t =    75.28s             Find: Descendants matching type Other
    t =    75.28s             Find: Elements matching predicate '"chart.canvas" IN identifiers'
    t =    75.29s         Find the "chart.canvas" Other
    t =    75.30s             Requesting snapshot of accessibility hierarchy for app with pid 1524
    t =    75.33s             Find: Descendants matching type Other
    t =    75.33s             Find: Elements matching predicate '"chart.canvas" IN identifiers'
    t =    75.78s     Wait for com.mdd.kanpan to idle
    t =    76.79s Find the "chart.canvas" Other
    t =    76.80s     Requesting snapshot of accessibility hierarchy for app with pid 1524
    t =    76.83s     Find: Descendants matching type Other
    t =    76.83s     Find: Elements matching predicate '"chart.canvas" IN identifiers'
    t =    76.84s Find the "chart.canvas" Other
    t =    76.84s     Requesting snapshot of accessibility hierarchy for app with pid 1524
    t =    76.88s     Find: Descendants matching type Other
    t =    76.88s     Find: Elements matching predicate '"chart.canvas" IN identifiers'
    t =    76.88s Find the "chart.canvas" Other
    t =    76.89s     Requesting snapshot of accessibility hierarchy for app with pid 1524
    t =    76.91s     Find: Descendants matching type Other
    t =    76.92s     Find: Elements matching predicate '"chart.canvas" IN identifiers'
    t =    76.92s Find the "chart.canvas" Other
    t =    76.92s     Requesting snapshot of accessibility hierarchy for app with pid 1524
    t =    76.95s     Find: Descendants matching type Other
    t =    76.95s     Find: Elements matching predicate '"chart.canvas" IN identifiers'
    t =    76.96s Tap "chart.canvas" Other[0.94, 0.43]
    t =    76.96s     Wait for com.mdd.kanpan to idle
    t =    76.96s     Find the "chart.canvas" Other
    t =    76.97s         Requesting snapshot of accessibility hierarchy for app with pid 1524
    t =    77.00s         Find: Descendants matching type Other
    t =    77.00s         Find: Elements matching predicate '"chart.canvas" IN identifiers'
    t =    77.00s     Check for interrupting elements affecting "chart.canvas" Other
    t =    77.02s         Requesting snapshot of accessibility hierarchy for app with pid 1524
    t =    77.05s         Find: Descendants matching predicate identifier == "NotificationShortLookView" OR elementType == 7
    t =    77.06s     Synthesize event
    t =    77.07s         Find the "chart.canvas" Other
    t =    77.07s             Requesting snapshot of accessibility hierarchy for app with pid 1524
    t =    77.10s             Find: Descendants matching type Other
    t =    77.10s             Find: Elements matching predicate '"chart.canvas" IN identifiers'
    t =    77.12s         Find the "chart.canvas" Other
    t =    77.12s             Requesting snapshot of accessibility hierarchy for app with pid 1524
    t =    77.15s             Find: Descendants matching type Other
    t =    77.16s             Find: Elements matching predicate '"chart.canvas" IN identifiers'
    t =    77.17s         Find the "chart.canvas" Other
    t =    77.18s             Requesting snapshot of accessibility hierarchy for app with pid 1524
    t =    77.21s             Find: Descendants matching type Other
    t =    77.21s             Find: Elements matching predicate '"chart.canvas" IN identifiers'
    t =    77.51s     Wait for com.mdd.kanpan to idle
    t =    78.53s Find the "chart.canvas" Other
    t =    78.54s     Requesting snapshot of accessibility hierarchy for app with pid 1524
    t =    78.58s     Find: Descendants matching type Other
    t =    78.58s     Find: Elements matching predicate '"chart.canvas" IN identifiers'
    t =    78.58s Find the "chart.canvas" Other
    t =    78.59s     Requesting snapshot of accessibility hierarchy for app with pid 1524
    t =    78.61s     Find: Descendants matching type Other
    t =    78.62s     Find: Elements matching predicate '"chart.canvas" IN identifiers'
    t =    78.62s Pinch with scale 1.5, velocity 1 in "chart.canvas" Other
    t =    78.62s     Wait for com.mdd.kanpan to idle
    t =    78.63s     Find the "chart.canvas" Other
    t =    78.63s         Requesting snapshot of accessibility hierarchy for app with pid 1524
    t =    78.66s         Find: Descendants matching type Other
    t =    78.66s         Find: Elements matching predicate '"chart.canvas" IN identifiers'
    t =    78.66s     Check for interrupting elements affecting "chart.canvas" Other
    t =    78.69s         Requesting snapshot of accessibility hierarchy for app with pid 1524
    t =    78.72s         Find: Descendants matching predicate identifier == "NotificationShortLookView" OR elementType == 7
    t =    78.72s     Synthesize event
    t =    78.76s         Pinching with rect {{50, 189.33333333333334}, {302, 603.33333333333314}}
    t =    80.60s     Wait for com.mdd.kanpan to idle
    t =    81.61s Find the "chart.canvas" Other
    t =    81.62s     Requesting snapshot of accessibility hierarchy for app with pid 1524
    t =    81.65s     Find: Descendants matching type Other
    t =    81.65s     Find: Elements matching predicate '"chart.canvas" IN identifiers'
    t =    82.67s Find the "chart.canvas" Other
    t =    82.68s     Requesting snapshot of accessibility hierarchy for app with pid 1524
    t =    82.71s     Find: Descendants matching type Other
    t =    82.71s     Find: Elements matching predicate '"chart.canvas" IN identifiers'
    t =    83.64s Find the "chart.canvas" Other
    t =    83.65s     Requesting snapshot of accessibility hierarchy for app with pid 1524
    t =    83.68s     Find: Descendants matching type Other
    t =    83.68s     Find: Elements matching predicate '"chart.canvas" IN identifiers'
    t =    84.61s Find the "chart.canvas" Other
    t =    84.62s     Requesting snapshot of accessibility hierarchy for app with pid 1524
    t =    84.65s     Find: Descendants matching type Other
    t =    84.66s     Find: Elements matching predicate '"chart.canvas" IN identifiers'
    t =    85.66s Find the "chart.canvas" Other
    t =    85.66s     Requesting snapshot of accessibility hierarchy for app with pid 1524
    t =    85.70s     Find: Descendants matching type Other
    t =    85.70s     Find: Elements matching predicate '"chart.canvas" IN identifiers'
    t =    86.62s Find the "chart.canvas" Other
    t =    86.63s     Requesting snapshot of accessibility hierarchy for app with pid 1524
    t =    86.66s     Find: Descendants matching type Other
    t =    86.66s     Find: Elements matching predicate '"chart.canvas" IN identifiers'
    t =    87.67s Find the "chart.canvas" Other
    t =    87.68s     Requesting snapshot of accessibility hierarchy for app with pid 1524
    t =    87.72s     Find: Descendants matching type Other
    t =    87.72s     Find: Elements matching predicate '"chart.canvas" IN identifiers'
    t =    88.61s Find the "chart.canvas" Other
    t =    88.61s     Requesting snapshot of accessibility hierarchy for app with pid 1524
    t =    88.64s     Find: Descendants matching type Other
    t =    88.65s     Find: Elements matching predicate '"chart.canvas" IN identifiers'
    t =    89.67s Find the "chart.canvas" Other
    t =    89.68s     Requesting snapshot of accessibility hierarchy for app with pid 1524
    t =    89.72s     Find: Descendants matching type Other
    t =    89.72s     Find: Elements matching predicate '"chart.canvas" IN identifiers'
    t =    90.62s Find the "chart.canvas" Other
    t =    90.63s     Requesting snapshot of accessibility hierarchy for app with pid 1524
    t =    90.67s     Find: Descendants matching type Other
    t =    90.67s     Find: Elements matching predicate '"chart.canvas" IN identifiers'
    t =    91.69s Find the "chart.canvas" Other
    t =    91.70s     Requesting snapshot of accessibility hierarchy for app with pid 1524
    t =    91.73s     Find: Descendants matching type Other
    t =    91.74s     Find: Elements matching predicate '"chart.canvas" IN identifiers'
    t =    92.62s Find the "chart.canvas" Other
    t =    92.62s     Requesting snapshot of accessibility hierarchy for app with pid 1524
    t =    92.66s     Find: Descendants matching type Other
    t =    92.66s     Find: Elements matching predicate '"chart.canvas" IN identifiers'
    t =    93.69s Find the "chart.canvas" Other
    t =    93.70s     Requesting snapshot of accessibility hierarchy for app with pid 1524
    t =    93.74s     Find: Descendants matching type Other
    t =    93.74s     Find: Elements matching predicate '"chart.canvas" IN identifiers'
    t =    94.65s Find the "chart.canvas" Other
    t =    94.66s     Requesting snapshot of accessibility hierarchy for app with pid 1524
    t =    94.69s     Find: Descendants matching type Other
    t =    94.70s     Find: Elements matching predicate '"chart.canvas" IN identifiers'
    t =    95.62s Find the "chart.canvas" Other
    t =    95.63s     Requesting snapshot of accessibility hierarchy for app with pid 1524
    t =    95.66s     Find: Descendants matching type Other
    t =    95.67s     Find: Elements matching predicate '"chart.canvas" IN identifiers'
    t =    96.68s Find the "chart.canvas" Other
    t =    96.69s     Requesting snapshot of accessibility hierarchy for app with pid 1524
    t =    96.72s     Find: Descendants matching type Other
    t =    96.73s     Find: Elements matching predicate '"chart.canvas" IN identifiers'
    t =    97.64s Find the "chart.canvas" Other
    t =    97.65s     Requesting snapshot of accessibility hierarchy for app with pid 1524
    t =    97.68s     Find: Descendants matching type Other
    t =    97.68s     Find: Elements matching predicate '"chart.canvas" IN identifiers'
    t =    98.70s Find the "chart.canvas" Other
    t =    98.71s     Requesting snapshot of accessibility hierarchy for app with pid 1524
    t =    98.75s     Find: Descendants matching type Other
    t =    98.75s     Find: Elements matching predicate '"chart.canvas" IN identifiers'
    t =    99.66s Find the "chart.canvas" Other
    t =    99.67s     Requesting snapshot of accessibility hierarchy for app with pid 1524
    t =    99.71s     Find: Descendants matching type Other
    t =    99.71s     Find: Elements matching predicate '"chart.canvas" IN identifiers'
    t =   100.61s Find the "chart.canvas" Other
    t =   100.62s     Requesting snapshot of accessibility hierarchy for app with pid 1524
    t =   100.66s     Find: Descendants matching type Other
    t =   100.66s     Find: Elements matching predicate '"chart.canvas" IN identifiers'
/Users/mdd/zhk/kanpan/Kanpan/KanpanUITests/AICoinBaseUITests.swift:75: error: -[KanpanUITests.AICoinBaseUITests testColdLaunchStylesAndChartInteractions] : XCTAssertTrue failed
    t =   100.69s Find the Target Application 'com.mdd.kanpan'
    t =   100.69s     Requesting snapshot of accessibility hierarchy for app with pid 1524
    t =   100.81s Added attachment named '04-真机双指缩放'
    t =   100.81s Press "chart.canvas" Other[0.35, 0.20] for 0.6 seconds
    t =   100.81s     Wait for com.mdd.kanpan to idle
    t =   100.81s     Find the "chart.canvas" Other
    t =   100.81s         Requesting snapshot of accessibility hierarchy for app with pid 1524
    t =   100.83s         Find: Descendants matching type Other
    t =   100.83s         Find: Elements matching predicate '"chart.canvas" IN identifiers'
    t =   100.83s     Check for interrupting elements affecting "chart.canvas" Other
    t =   100.84s         Requesting snapshot of accessibility hierarchy for app with pid 1524
    t =   100.86s         Find: Descendants matching predicate identifier == "NotificationShortLookView" OR elementType == 7
    t =   100.86s     Synthesize event
    t =   100.86s         Find the "chart.canvas" Other
    t =   100.86s             Requesting snapshot of accessibility hierarchy for app with pid 1524
    t =   100.89s             Find: Descendants matching type Other
    t =   100.89s             Find: Elements matching predicate '"chart.canvas" IN identifiers'
    t =   100.89s         Find the "chart.canvas" Other
    t =   100.89s             Requesting snapshot of accessibility hierarchy for app with pid 1524
    t =   100.91s             Find: Descendants matching type Other
    t =   100.91s             Find: Elements matching predicate '"chart.canvas" IN identifiers'
    t =   100.92s         Find the "chart.canvas" Other
    t =   100.92s             Requesting snapshot of accessibility hierarchy for app with pid 1524
    t =   100.94s             Find: Descendants matching type Other
    t =   100.94s             Find: Elements matching predicate '"chart.canvas" IN identifiers'
    t =   101.77s     Wait for com.mdd.kanpan to idle
    t =   102.79s Find the "chart.canvas" Other
    t =   102.79s     Requesting snapshot of accessibility hierarchy for app with pid 1524
    t =   102.83s     Find: Descendants matching type Other
    t =   102.83s     Find: Elements matching predicate '"chart.canvas" IN identifiers'
    t =   102.84s Tap "chart.canvas" Other[0.35, 0.20]
    t =   102.84s     Wait for com.mdd.kanpan to idle
    t =   102.85s     Find the "chart.canvas" Other
    t =   102.85s         Requesting snapshot of accessibility hierarchy for app with pid 1524
    t =   102.88s         Find: Descendants matching type Other
    t =   102.88s         Find: Elements matching predicate '"chart.canvas" IN identifiers'
    t =   102.88s     Check for interrupting elements affecting "chart.canvas" Other
    t =   102.90s         Requesting snapshot of accessibility hierarchy for app with pid 1524
    t =   102.93s         Find: Descendants matching predicate identifier == "NotificationShortLookView" OR elementType == 7
    t =   102.94s     Synthesize event
    t =   102.95s         Find the "chart.canvas" Other
    t =   102.95s             Requesting snapshot of accessibility hierarchy for app with pid 1524
    t =   102.98s             Find: Descendants matching type Other
    t =   102.98s             Find: Elements matching predicate '"chart.canvas" IN identifiers'
    t =   103.00s         Find the "chart.canvas" Other
    t =   103.00s             Requesting snapshot of accessibility hierarchy for app with pid 1524
    t =   103.03s             Find: Descendants matching type Other
    t =   103.03s             Find: Elements matching predicate '"chart.canvas" IN identifiers'
    t =   103.05s         Find the "chart.canvas" Other
    t =   103.05s             Requesting snapshot of accessibility hierarchy for app with pid 1524
    t =   103.08s             Find: Descendants matching type Other
    t =   103.08s             Find: Elements matching predicate '"chart.canvas" IN identifiers'
    t =   103.38s     Wait for com.mdd.kanpan to idle
    t =   104.40s Find the "chart.canvas" Other
    t =   104.41s     Requesting snapshot of accessibility hierarchy for app with pid 1524
    t =   104.45s     Find: Descendants matching type Other
    t =   104.45s     Find: Elements matching predicate '"chart.canvas" IN identifiers'
    t =   104.45s Find the Target Application 'com.mdd.kanpan'
    t =   104.46s     Requesting snapshot of accessibility hierarchy for app with pid 1524
    t =   104.60s Added attachment named '05-持仓量与三副图'
    t =   104.61s Tap "chart.canvas" Other[0.40, 0.75]
    t =   104.61s     Wait for com.mdd.kanpan to idle
    t =   104.61s     Find the "chart.canvas" Other
    t =   104.61s         Requesting snapshot of accessibility hierarchy for app with pid 1524
    t =   104.63s         Find: Descendants matching type Other
    t =   104.63s         Find: Elements matching predicate '"chart.canvas" IN identifiers'
    t =   104.64s     Check for interrupting elements affecting "chart.canvas" Other
    t =   104.64s         Requesting snapshot of accessibility hierarchy for app with pid 1524
    t =   104.66s         Find: Descendants matching predicate identifier == "NotificationShortLookView" OR elementType == 7
    t =   104.66s     Synthesize event
    t =   104.66s         Find the "chart.canvas" Other
    t =   104.66s             Requesting snapshot of accessibility hierarchy for app with pid 1524
    t =   104.68s             Find: Descendants matching type Other
    t =   104.69s             Find: Elements matching predicate '"chart.canvas" IN identifiers'
    t =   104.69s         Find the "chart.canvas" Other
    t =   104.69s             Requesting snapshot of accessibility hierarchy for app with pid 1524
    t =   104.71s             Find: Descendants matching type Other
    t =   104.71s             Find: Elements matching predicate '"chart.canvas" IN identifiers'
    t =   104.72s         Find the "chart.canvas" Other
    t =   104.72s             Requesting snapshot of accessibility hierarchy for app with pid 1524
    t =   104.74s             Find: Descendants matching type Other
    t =   104.74s             Find: Elements matching predicate '"chart.canvas" IN identifiers'
    t =   105.01s     Wait for com.mdd.kanpan to idle
    t =   106.04s Find the "chart.canvas" Other
    t =   106.05s     Requesting snapshot of accessibility hierarchy for app with pid 1524
    t =   106.08s     Find: Descendants matching type Other
    t =   106.08s     Find: Elements matching predicate '"chart.canvas" IN identifiers'
    t =   106.09s Find the "chart.canvas" Other
    t =   106.09s     Requesting snapshot of accessibility hierarchy for app with pid 1524
    t =   106.13s     Find: Descendants matching type Other
    t =   106.13s     Find: Elements matching predicate '"chart.canvas" IN identifiers'
    t =   106.13s Find the Target Application 'com.mdd.kanpan'
    t =   106.14s     Requesting snapshot of accessibility hierarchy for app with pid 1524
    t =   106.28s Added attachment named '06-副图十字线'
    t =   106.28s Tap "chart.canvas" Other[0.35, 0.20]
    t =   106.28s     Wait for com.mdd.kanpan to idle
    t =   106.28s     Find the "chart.canvas" Other
    t =   106.29s         Requesting snapshot of accessibility hierarchy for app with pid 1524
    t =   106.31s         Find: Descendants matching type Other
    t =   106.31s         Find: Elements matching predicate '"chart.canvas" IN identifiers'
    t =   106.31s     Check for interrupting elements affecting "chart.canvas" Other
    t =   106.32s         Requesting snapshot of accessibility hierarchy for app with pid 1524
    t =   106.34s         Find: Descendants matching predicate identifier == "NotificationShortLookView" OR elementType == 7
    t =   106.34s     Synthesize event
    t =   106.34s         Find the "chart.canvas" Other
    t =   106.34s             Requesting snapshot of accessibility hierarchy for app with pid 1524
    t =   106.36s             Find: Descendants matching type Other
    t =   106.36s             Find: Elements matching predicate '"chart.canvas" IN identifiers'
    t =   106.37s         Find the "chart.canvas" Other
    t =   106.37s             Requesting snapshot of accessibility hierarchy for app with pid 1524
    t =   106.39s             Find: Descendants matching type Other
    t =   106.39s             Find: Elements matching predicate '"chart.canvas" IN identifiers'
    t =   106.40s         Find the "chart.canvas" Other
    t =   106.40s             Requesting snapshot of accessibility hierarchy for app with pid 1524
    t =   106.43s             Find: Descendants matching type Other
    t =   106.43s             Find: Elements matching predicate '"chart.canvas" IN identifiers'
    t =   106.71s     Wait for com.mdd.kanpan to idle
    t =   106.72s Tap "bottom.landscape" Button
    t =   106.72s     Wait for com.mdd.kanpan to idle
    t =   106.73s     Find the "bottom.landscape" Button
    t =   106.73s         Requesting snapshot of accessibility hierarchy for app with pid 1524
    t =   106.76s         Find: Descendants matching type Button
    t =   106.76s         Find: Elements matching predicate '"bottom.landscape" IN identifiers'
    t =   106.77s     Check for interrupting elements affecting "bottom.landscape" Button
    t =   106.79s         Requesting snapshot of accessibility hierarchy for app with pid 1524
    t =   106.82s         Find: Descendants matching predicate identifier == "NotificationShortLookView" OR elementType == 7
    t =   106.83s     Synthesize event
    t =   107.10s         Interface orientation changed to Landscape Right
    t =   107.12s     Wait for com.mdd.kanpan to idle
    t =   108.37s Find the "chart.canvas" Other
    t =   108.38s     Requesting snapshot of accessibility hierarchy for app with pid 1524
    t =   108.41s     Find: Descendants matching type Other
    t =   108.42s     Find: Elements matching predicate '"chart.canvas" IN identifiers'
    t =   108.42s Find the Target Application 'com.mdd.kanpan'
    t =   108.43s     Requesting snapshot of accessibility hierarchy for app with pid 1524
    t =   108.55s Added attachment named '07-横屏共用底座'
    t =   108.56s Tear Down
Test Case '-[KanpanUITests.AICoinBaseUITests testColdLaunchStylesAndChartInteractions]' failed (109.106 seconds).
Test Suite 'AICoinBaseUITests' failed at 2026-09-14 22:44:25.578.
	 Executed 1 test, with 1 failure (0 unexpected) in 109.106 (109.109) seconds
Test Suite 'KanpanUITests.xctest' failed at 2026-09-14 22:44:25.580.
	 Executed 1 test, with 1 failure (0 unexpected) in 109.106 (109.111) seconds
Test Suite 'Selected tests' failed at 2026-09-14 22:44:25.581.
	 Executed 1 test, with 1 failure (0 unexpected) in 109.106 (109.113) seconds
2026-09-14 22:44:29.068 xcodebuild[74195:31437662]  IDETestOperationsObserverDebug: Failure collecting diagnostics from devices: Process exited with error 1:
 ERROR: The operation couldn?t be completed. (CoreDeviceCLISupport.DiagnoseError error 0.)
This tool generates files that allow Apple to investigate issues with your
computer and help improve Apple products. The files might contain personal
information found on your device or associated with your Apple Account(s),
including but not limited to your name, serial numbers of your device,
your device name, your device's location over the last one to two days,
your attached peripheral devices, your user name, your email address and
email settings, file paths, file names, Siri suggestions, your computer's
IP addresses, and network connection information.

This information is used by Apple in accordance with its privacy policy
(www.apple.com/privacy) and is not shared with any other company. By using
this tool and sending the results to Apple, you consent to Apple using the
contents of these files to improve Apple products.

An error occurred while running devicectl diagnose. Will archive the diagnostics collected thus far.
Wrote file to /Users/mdd/zhk/kanpan/docs/acceptance/AICoin-base/device-ui-final.xcresult/Staging/1_Test/Diagnostics/devicectl_diagnostics.zip
Partial devicectl diagnose bundle located here: /Users/mdd/zhk/kanpan/docs/acceptance/AICoin-base/device-ui-final.xcresult/Staging/1_Test/Diagnostics/devicectl_diagnostics.zip

2026-09-14 22:44:29.072 xcodebuild[74195:31435499] [MT] IDETestOperationsObserverDebug: 115.440 elapsed -- Testing started completed.
2026-09-14 22:44:29.072 xcodebuild[74195:31435499] [MT] IDETestOperationsObserverDebug: 0.000 sec, +0.000 sec -- start
2026-09-14 22:44:29.072 xcodebuild[74195:31435499] [MT] IDETestOperationsObserverDebug: 115.440 sec, +115.440 sec -- end

Test session results, code coverage, and logs:
	/Users/mdd/zhk/kanpan/docs/acceptance/AICoin-base/device-ui-final.xcresult

Failing tests:
	AICoinBaseUITests.testColdLaunchStylesAndChartInteractions()

** TEST EXECUTE FAILED **

Testing started
