Command line invocation:
    /Applications/Xcode.app/Contents/Developer/usr/bin/xcodebuild test -workspace Kanpan.xcworkspace -scheme Kanpan -destination platform=iOS,id=00008140-00010C902690801C -allowProvisioningUpdates -derivedDataPath DerivedData-codex-device -resultBundlePath docs/acceptance/AICoin-base/device-ui-signed.xcresult "-only-testing:KanpanUITests/AICoinBaseUITests"

Resolve Package Graph


Resolved source packages:
  KanpanCore: /Users/mdd/zhk/kanpan/KanpanCore @ local
  KanpanChart: /Users/mdd/zhk/kanpan/KanpanChart @ local
  KanpanData: /Users/mdd/zhk/kanpan/KanpanData @ local

Writing result bundle at path:
	/Users/mdd/zhk/kanpan/docs/acceptance/AICoin-base/device-ui-signed.xcresult

ComputePackagePrebuildTargetDependencyGraph

Prepare packages

CreateBuildRequest

SendProjectDescription

CreateBuildOperation

ComputeTargetDependencyGraph
note: Building targets in dependency order
note: Target dependency graph (8 targets)
    Target 'KanpanUITests' in project 'Kanpan'
        ➜ Explicit dependency on target 'Kanpan' in project 'Kanpan'
    Target 'Kanpan' in project 'Kanpan'
        ➜ Explicit dependency on target 'KanpanCore' in project 'KanpanCore'
        ➜ Explicit dependency on target 'KanpanChart' in project 'KanpanChart'
        ➜ Explicit dependency on target 'KanpanData' in project 'KanpanData'
    Target 'KanpanData' in project 'KanpanData'
        ➜ Explicit dependency on target 'KanpanData' in project 'KanpanData'
        ➜ Explicit dependency on target 'KanpanCore' in project 'KanpanCore'
    Target 'KanpanData' in project 'KanpanData'
        ➜ Explicit dependency on target 'KanpanCore' in project 'KanpanCore'
    Target 'KanpanChart' in project 'KanpanChart'
        ➜ Explicit dependency on target 'KanpanChart' in project 'KanpanChart'
        ➜ Explicit dependency on target 'KanpanCore' in project 'KanpanCore'
    Target 'KanpanChart' in project 'KanpanChart'
        ➜ Explicit dependency on target 'KanpanCore' in project 'KanpanCore'
    Target 'KanpanCore' in project 'KanpanCore'
        ➜ Explicit dependency on target 'KanpanCore' in project 'KanpanCore'
    Target 'KanpanCore' in project 'KanpanCore' (no dependencies)

GatherProvisioningInputs

CreateBuildDescription

ExecuteExternalTool /Applications/Xcode.app/Contents/Developer/Toolchains/XcodeDefault.xctoolchain/usr/bin/swiftc --version

ExecuteExternalTool /Applications/Xcode.app/Contents/Developer/Toolchains/XcodeDefault.xctoolchain/usr/bin/clang -v -E -dM -isysroot /Applications/Xcode.app/Contents/Developer/Platforms/iPhoneOS.platform/Developer/SDKs/iPhoneOS26.5.sdk -x c -c /dev/null

ExecuteExternalTool /Applications/Xcode.app/Contents/Developer/usr/bin/actool --print-asset-tag-combinations --output-format xml1 /Users/mdd/zhk/kanpan/Kanpan/Kanpan/Assets.xcassets

ExecuteExternalTool /Applications/Xcode.app/Contents/Developer/usr/bin/actool --version --output-format xml1

ExecuteExternalTool /Applications/Xcode.app/Contents/Developer/Toolchains/XcodeDefault.xctoolchain/usr/bin/ld -version_details

Build description signature: 6ec9ac9e2713c72be2af29062494cb16
Build description path: /Users/mdd/zhk/kanpan/DerivedData-codex-device/Build/Intermediates.noindex/XCBuildData/6ec9ac9e2713c72be2af29062494cb16.xcbuilddata
ClangStatCache /Applications/Xcode.app/Contents/Developer/Toolchains/XcodeDefault.xctoolchain/usr/bin/clang-stat-cache /Applications/Xcode.app/Contents/Developer/Platforms/iPhoneOS.platform/Developer/SDKs/iPhoneOS26.5.sdk /Users/mdd/zhk/kanpan/DerivedData-codex-device/SDKStatCaches.noindex/iphoneos26.5-23F81a-32daed1954a7d5dd0789fcaf2a9bb78b.sdkstatcache
    cd /Users/mdd/zhk/kanpan
    /Applications/Xcode.app/Contents/Developer/Toolchains/XcodeDefault.xctoolchain/usr/bin/clang-stat-cache /Applications/Xcode.app/Contents/Developer/Platforms/iPhoneOS.platform/Developer/SDKs/iPhoneOS26.5.sdk -o /Users/mdd/zhk/kanpan/DerivedData-codex-device/SDKStatCaches.noindex/iphoneos26.5-23F81a-32daed1954a7d5dd0789fcaf2a9bb78b.sdkstatcache

WriteAuxiliaryFile /Users/mdd/zhk/kanpan/DerivedData-codex-device/Build/Intermediates.noindex/Kanpan.build/Debug-iphoneos/KanpanUITests.build/empty-KanpanUITests.plist (in target 'KanpanUITests' from project 'Kanpan')
    cd /Users/mdd/zhk/kanpan/Kanpan
    write-file /Users/mdd/zhk/kanpan/DerivedData-codex-device/Build/Intermediates.noindex/Kanpan.build/Debug-iphoneos/KanpanUITests.build/empty-KanpanUITests.plist

WriteAuxiliaryFile /Users/mdd/zhk/kanpan/DerivedData-codex-device/Build/Intermediates.noindex/Kanpan.build/Debug-iphoneos/KanpanUITests.build/ProductTypeInfoPlistAdditions.plist (in target 'KanpanUITests' from project 'Kanpan')
    cd /Users/mdd/zhk/kanpan/Kanpan
    write-file /Users/mdd/zhk/kanpan/DerivedData-codex-device/Build/Intermediates.noindex/Kanpan.build/Debug-iphoneos/KanpanUITests.build/ProductTypeInfoPlistAdditions.plist

WriteAuxiliaryFile /Users/mdd/zhk/kanpan/DerivedData-codex-device/Build/Intermediates.noindex/Kanpan.build/Debug-iphoneos/KanpanUITests.build/KanpanUITests.hmap (in target 'KanpanUITests' from project 'Kanpan')
    cd /Users/mdd/zhk/kanpan/Kanpan
    write-file /Users/mdd/zhk/kanpan/DerivedData-codex-device/Build/Intermediates.noindex/Kanpan.build/Debug-iphoneos/KanpanUITests.build/KanpanUITests.hmap

WriteAuxiliaryFile /Users/mdd/zhk/kanpan/DerivedData-codex-device/Build/Intermediates.noindex/Kanpan.build/Debug-iphoneos/KanpanUITests.build/KanpanUITests.DependencyStaticMetadataFileList (in target 'KanpanUITests' from project 'Kanpan')
    cd /Users/mdd/zhk/kanpan/Kanpan
    write-file /Users/mdd/zhk/kanpan/DerivedData-codex-device/Build/Intermediates.noindex/Kanpan.build/Debug-iphoneos/KanpanUITests.build/KanpanUITests.DependencyStaticMetadataFileList

WriteAuxiliaryFile /Users/mdd/zhk/kanpan/DerivedData-codex-device/Build/Intermediates.noindex/Kanpan.build/Debug-iphoneos/KanpanUITests.build/Objects-normal/arm64/KanpanUITests-OutputFileMap.json (in target 'KanpanUITests' from project 'Kanpan')
    cd /Users/mdd/zhk/kanpan/Kanpan
    write-file /Users/mdd/zhk/kanpan/DerivedData-codex-device/Build/Intermediates.noindex/Kanpan.build/Debug-iphoneos/KanpanUITests.build/Objects-normal/arm64/KanpanUITests-OutputFileMap.json

WriteAuxiliaryFile /Users/mdd/zhk/kanpan/DerivedData-codex-device/Build/Intermediates.noindex/Kanpan.build/Debug-iphoneos/KanpanUITests.build/Objects-normal/arm64/KanpanUITests.LinkFileList (in target 'KanpanUITests' from project 'Kanpan')
    cd /Users/mdd/zhk/kanpan/Kanpan
    write-file /Users/mdd/zhk/kanpan/DerivedData-codex-device/Build/Intermediates.noindex/Kanpan.build/Debug-iphoneos/KanpanUITests.build/Objects-normal/arm64/KanpanUITests.LinkFileList

WriteAuxiliaryFile /Users/mdd/zhk/kanpan/DerivedData-codex-device/Build/Intermediates.noindex/Kanpan.build/Debug-iphoneos/KanpanUITests.build/Objects-normal/arm64/KanpanUITests.SwiftConstValuesFileList (in target 'KanpanUITests' from project 'Kanpan')
    cd /Users/mdd/zhk/kanpan/Kanpan
    write-file /Users/mdd/zhk/kanpan/DerivedData-codex-device/Build/Intermediates.noindex/Kanpan.build/Debug-iphoneos/KanpanUITests.build/Objects-normal/arm64/KanpanUITests.SwiftConstValuesFileList

WriteAuxiliaryFile /Users/mdd/zhk/kanpan/DerivedData-codex-device/Build/Intermediates.noindex/Kanpan.build/Debug-iphoneos/KanpanUITests.build/Objects-normal/arm64/KanpanUITests_const_extract_protocols.json (in target 'KanpanUITests' from project 'Kanpan')
    cd /Users/mdd/zhk/kanpan/Kanpan
    write-file /Users/mdd/zhk/kanpan/DerivedData-codex-device/Build/Intermediates.noindex/Kanpan.build/Debug-iphoneos/KanpanUITests.build/Objects-normal/arm64/KanpanUITests_const_extract_protocols.json

WriteAuxiliaryFile /Users/mdd/zhk/kanpan/DerivedData-codex-device/Build/Intermediates.noindex/Kanpan.build/Debug-iphoneos/KanpanUITests.build/Objects-normal/arm64/KanpanUITests.SwiftFileList (in target 'KanpanUITests' from project 'Kanpan')
    cd /Users/mdd/zhk/kanpan/Kanpan
    write-file /Users/mdd/zhk/kanpan/DerivedData-codex-device/Build/Intermediates.noindex/Kanpan.build/Debug-iphoneos/KanpanUITests.build/Objects-normal/arm64/KanpanUITests.SwiftFileList

WriteAuxiliaryFile /Users/mdd/zhk/kanpan/DerivedData-codex-device/Build/Intermediates.noindex/Kanpan.build/Debug-iphoneos/KanpanUITests.build/KanpanUITests.DependencyMetadataFileList (in target 'KanpanUITests' from project 'Kanpan')
    cd /Users/mdd/zhk/kanpan/Kanpan
    write-file /Users/mdd/zhk/kanpan/DerivedData-codex-device/Build/Intermediates.noindex/Kanpan.build/Debug-iphoneos/KanpanUITests.build/KanpanUITests.DependencyMetadataFileList

WriteAuxiliaryFile /Users/mdd/zhk/kanpan/DerivedData-codex-device/Build/Intermediates.noindex/Kanpan.build/Debug-iphoneos/KanpanUITests.build/KanpanUITests-project-headers.hmap (in target 'KanpanUITests' from project 'Kanpan')
    cd /Users/mdd/zhk/kanpan/Kanpan
    write-file /Users/mdd/zhk/kanpan/DerivedData-codex-device/Build/Intermediates.noindex/Kanpan.build/Debug-iphoneos/KanpanUITests.build/KanpanUITests-project-headers.hmap

WriteAuxiliaryFile /Users/mdd/zhk/kanpan/DerivedData-codex-device/Build/Intermediates.noindex/Kanpan.build/Debug-iphoneos/KanpanUITests.build/KanpanUITests-own-target-headers.hmap (in target 'KanpanUITests' from project 'Kanpan')
    cd /Users/mdd/zhk/kanpan/Kanpan
    write-file /Users/mdd/zhk/kanpan/DerivedData-codex-device/Build/Intermediates.noindex/Kanpan.build/Debug-iphoneos/KanpanUITests.build/KanpanUITests-own-target-headers.hmap

WriteAuxiliaryFile /Users/mdd/zhk/kanpan/DerivedData-codex-device/Build/Intermediates.noindex/Kanpan.build/Debug-iphoneos/KanpanUITests.build/KanpanUITests-generated-files.hmap (in target 'KanpanUITests' from project 'Kanpan')
    cd /Users/mdd/zhk/kanpan/Kanpan
    write-file /Users/mdd/zhk/kanpan/DerivedData-codex-device/Build/Intermediates.noindex/Kanpan.build/Debug-iphoneos/KanpanUITests.build/KanpanUITests-generated-files.hmap

WriteAuxiliaryFile /Users/mdd/zhk/kanpan/DerivedData-codex-device/Build/Intermediates.noindex/Kanpan.build/Debug-iphoneos/KanpanUITests.build/KanpanUITests-all-target-headers.hmap (in target 'KanpanUITests' from project 'Kanpan')
    cd /Users/mdd/zhk/kanpan/Kanpan
    write-file /Users/mdd/zhk/kanpan/DerivedData-codex-device/Build/Intermediates.noindex/Kanpan.build/Debug-iphoneos/KanpanUITests.build/KanpanUITests-all-target-headers.hmap

WriteAuxiliaryFile /Users/mdd/zhk/kanpan/DerivedData-codex-device/Build/Intermediates.noindex/Kanpan.build/Debug-iphoneos/KanpanUITests.build/KanpanUITests-all-non-framework-target-headers.hmap (in target 'KanpanUITests' from project 'Kanpan')
    cd /Users/mdd/zhk/kanpan/Kanpan
    write-file /Users/mdd/zhk/kanpan/DerivedData-codex-device/Build/Intermediates.noindex/Kanpan.build/Debug-iphoneos/KanpanUITests.build/KanpanUITests-all-non-framework-target-headers.hmap

WriteAuxiliaryFile /Users/mdd/zhk/kanpan/DerivedData-codex-device/Build/Intermediates.noindex/Kanpan.build/Debug-iphoneos/KanpanUITests.build/DerivedSources/Entitlements.plist (in target 'KanpanUITests' from project 'Kanpan')
    cd /Users/mdd/zhk/kanpan/Kanpan
    write-file /Users/mdd/zhk/kanpan/DerivedData-codex-device/Build/Intermediates.noindex/Kanpan.build/Debug-iphoneos/KanpanUITests.build/DerivedSources/Entitlements.plist

MkDir /Users/mdd/zhk/kanpan/DerivedData-codex-device/Build/Products/Debug-iphoneos/KanpanUITests-Runner.app/PlugIns/KanpanUITests.xctest (in target 'KanpanUITests' from project 'Kanpan')
    cd /Users/mdd/zhk/kanpan/Kanpan
    /bin/mkdir -p /Users/mdd/zhk/kanpan/DerivedData-codex-device/Build/Products/Debug-iphoneos/KanpanUITests-Runner.app/PlugIns/KanpanUITests.xctest

SwiftDriver KanpanCore normal arm64 com.apple.xcode.tools.swift.compiler (in target 'KanpanCore' from project 'KanpanCore')
    cd /Users/mdd/zhk/kanpan
    builtin-SwiftDriver -- /Applications/Xcode.app/Contents/Developer/Toolchains/XcodeDefault.xctoolchain/usr/bin/swiftc -module-name KanpanCore -Onone @/Users/mdd/zhk/kanpan/DerivedData-codex-device/Build/Intermediates.noindex/KanpanCore.build/Debug-iphoneos/KanpanCore.build/Objects-normal/arm64/KanpanCore.SwiftFileList -DSWIFT_PACKAGE -DDEBUG -DSWIFT_MODULE_RESOURCE_BUNDLE_UNAVAILABLE -DXcode -plugin-path /Applications/Xcode.app/Contents/Developer/Toolchains/XcodeDefault.xctoolchain/usr/lib/swift/host/plugins/testing -enable-experimental-feature DebugDescriptionMacro -sdk /Applications/Xcode.app/Contents/Developer/Platforms/iPhoneOS.platform/Developer/SDKs/iPhoneOS26.5.sdk -target arm64-apple-ios17.0 -g -module-cache-path /Users/mdd/zhk/kanpan/DerivedData-codex-device/ModuleCache.noindex -Xfrontend -serialize-debugging-options -enable-testing -suppress-warnings -index-store-path /Users/mdd/zhk/kanpan/DerivedData-codex-device/Index.noindex/DataStore -Xcc -D_LIBCPP_HARDENING_MODE\=_LIBCPP_HARDENING_MODE_DEBUG -swift-version 6 -I /Users/mdd/zhk/kanpan/DerivedData-codex-device/Build/Products/Debug-iphoneos -Isystem /Applications/Xcode.app/Contents/Developer/Platforms/iPhoneOS.platform/Developer/usr/lib -F /Users/mdd/zhk/kanpan/DerivedData-codex-device/Build/Products/Debug-iphoneos -F /Applications/Xcode.app/Contents/Developer/Platforms/iPhoneOS.platform/Developer/Library/Frameworks -F /Applications/Xcode.app/Contents/Developer/Platforms/iPhoneOS.platform/Developer/SDKs/iPhoneOS26.5.sdk/Developer/Library/Frameworks -c -j10 -enable-batch-mode -incremental -Xcc -ivfsstatcache -Xcc /Users/mdd/zhk/kanpan/DerivedData-codex-device/SDKStatCaches.noindex/iphoneos26.5-23F81a-32daed1954a7d5dd0789fcaf2a9bb78b.sdkstatcache -output-file-map /Users/mdd/zhk/kanpan/DerivedData-codex-device/Build/Intermediates.noindex/KanpanCore.build/Debug-iphoneos/KanpanCore.build/Objects-normal/arm64/KanpanCore-OutputFileMap.json -use-frontend-parseable-output -save-temps -no-color-diagnostics -explicit-module-build -module-cache-path /Users/mdd/zhk/kanpan/DerivedData-codex-device/Build/Intermediates.noindex/SwiftExplicitPrecompiledModules -clang-scanner-module-cache-path /Users/mdd/zhk/kanpan/DerivedData-codex-device/ModuleCache.noindex -sdk-module-cache-path /Users/mdd/zhk/kanpan/DerivedData-codex-device/ModuleCache.noindex -serialize-diagnostics -emit-dependencies -emit-module -emit-module-path /Users/mdd/zhk/kanpan/DerivedData-codex-device/Build/Intermediates.noindex/KanpanCore.build/Debug-iphoneos/KanpanCore.build/Objects-normal/arm64/KanpanCore.swiftmodule -validate-clang-modules-once -clang-build-session-file /Users/mdd/zhk/kanpan/DerivedData-codex-device/ModuleCache.noindex/Session.modulevalidation -package-name kanpancore -Xcc -I/Users/mdd/zhk/kanpan/DerivedData-codex-device/Build/Intermediates.noindex/KanpanCore.build/Debug-iphoneos/KanpanCore.build/swift-overrides.hmap -emit-const-values -Xfrontend -const-gather-protocols-file -Xfrontend /Users/mdd/zhk/kanpan/DerivedData-codex-device/Build/Intermediates.noindex/KanpanCore.build/Debug-iphoneos/KanpanCore.build/Objects-normal/arm64/KanpanCore_const_extract_protocols.json -Xcc -I/Users/mdd/zhk/kanpan/DerivedData-codex-device/Build/Products/Debug-iphoneos/include -Xcc -I/Users/mdd/zhk/kanpan/DerivedData-codex-device/Build/Intermediates.noindex/KanpanCore.build/Debug-iphoneos/KanpanCore.build/DerivedSources-normal/arm64 -Xcc -I/Users/mdd/zhk/kanpan/DerivedData-codex-device/Build/Intermediates.noindex/KanpanCore.build/Debug-iphoneos/KanpanCore.build/DerivedSources/arm64 -Xcc -I/Users/mdd/zhk/kanpan/DerivedData-codex-device/Build/Intermediates.noindex/KanpanCore.build/Debug-iphoneos/KanpanCore.build/DerivedSources -Xcc -DSWIFT_PACKAGE -Xcc -DDEBUG\=1 -emit-objc-header -emit-objc-header-path /Users/mdd/zhk/kanpan/DerivedData-codex-device/Build/Intermediates.noindex/KanpanCore.build/Debug-iphoneos/KanpanCore.build/Objects-normal/arm64/KanpanCore-Swift.h -working-directory /Users/mdd/zhk/kanpan -experimental-emit-module-separately -disable-cmo

SwiftEmitModule normal arm64 Emitting\ module\ for\ KanpanCore (in target 'KanpanCore' from project 'KanpanCore')

EmitSwiftModule normal arm64 (in target 'KanpanCore' from project 'KanpanCore')
    cd /Users/mdd/zhk/kanpan
    

SwiftCompile normal arm64 Compiling\ Clamp.swift /Users/mdd/zhk/kanpan/KanpanCore/Sources/KanpanCore/Geometry/Clamp.swift (in target 'KanpanCore' from project 'KanpanCore')

SwiftCompile normal arm64 /Users/mdd/zhk/kanpan/KanpanCore/Sources/KanpanCore/Geometry/Clamp.swift (in target 'KanpanCore' from project 'KanpanCore')
    cd /Users/mdd/zhk/kanpan
    

SwiftDriverJobDiscovery normal arm64 Compiling Clamp.swift (in target 'KanpanCore' from project 'KanpanCore')

SwiftDriverJobDiscovery normal arm64 Emitting module for KanpanCore (in target 'KanpanCore' from project 'KanpanCore')

SwiftDriver\ Compilation\ Requirements KanpanCore normal arm64 com.apple.xcode.tools.swift.compiler (in target 'KanpanCore' from project 'KanpanCore')
    cd /Users/mdd/zhk/kanpan
    builtin-Swift-Compilation-Requirements -- /Applications/Xcode.app/Contents/Developer/Toolchains/XcodeDefault.xctoolchain/usr/bin/swiftc -module-name KanpanCore -Onone @/Users/mdd/zhk/kanpan/DerivedData-codex-device/Build/Intermediates.noindex/KanpanCore.build/Debug-iphoneos/KanpanCore.build/Objects-normal/arm64/KanpanCore.SwiftFileList -DSWIFT_PACKAGE -DDEBUG -DSWIFT_MODULE_RESOURCE_BUNDLE_UNAVAILABLE -DXcode -plugin-path /Applications/Xcode.app/Contents/Developer/Toolchains/XcodeDefault.xctoolchain/usr/lib/swift/host/plugins/testing -enable-experimental-feature DebugDescriptionMacro -sdk /Applications/Xcode.app/Contents/Developer/Platforms/iPhoneOS.platform/Developer/SDKs/iPhoneOS26.5.sdk -target arm64-apple-ios17.0 -g -module-cache-path /Users/mdd/zhk/kanpan/DerivedData-codex-device/ModuleCache.noindex -Xfrontend -serialize-debugging-options -enable-testing -suppress-warnings -index-store-path /Users/mdd/zhk/kanpan/DerivedData-codex-device/Index.noindex/DataStore -Xcc -D_LIBCPP_HARDENING_MODE\=_LIBCPP_HARDENING_MODE_DEBUG -swift-version 6 -I /Users/mdd/zhk/kanpan/DerivedData-codex-device/Build/Products/Debug-iphoneos -Isystem /Applications/Xcode.app/Contents/Developer/Platforms/iPhoneOS.platform/Developer/usr/lib -F /Users/mdd/zhk/kanpan/DerivedData-codex-device/Build/Products/Debug-iphoneos -F /Applications/Xcode.app/Contents/Developer/Platforms/iPhoneOS.platform/Developer/Library/Frameworks -F /Applications/Xcode.app/Contents/Developer/Platforms/iPhoneOS.platform/Developer/SDKs/iPhoneOS26.5.sdk/Developer/Library/Frameworks -c -j10 -enable-batch-mode -incremental -Xcc -ivfsstatcache -Xcc /Users/mdd/zhk/kanpan/DerivedData-codex-device/SDKStatCaches.noindex/iphoneos26.5-23F81a-32daed1954a7d5dd0789fcaf2a9bb78b.sdkstatcache -output-file-map /Users/mdd/zhk/kanpan/DerivedData-codex-device/Build/Intermediates.noindex/KanpanCore.build/Debug-iphoneos/KanpanCore.build/Objects-normal/arm64/KanpanCore-OutputFileMap.json -use-frontend-parseable-output -save-temps -no-color-diagnostics -explicit-module-build -module-cache-path /Users/mdd/zhk/kanpan/DerivedData-codex-device/Build/Intermediates.noindex/SwiftExplicitPrecompiledModules -clang-scanner-module-cache-path /Users/mdd/zhk/kanpan/DerivedData-codex-device/ModuleCache.noindex -sdk-module-cache-path /Users/mdd/zhk/kanpan/DerivedData-codex-device/ModuleCache.noindex -serialize-diagnostics -emit-dependencies -emit-module -emit-module-path /Users/mdd/zhk/kanpan/DerivedData-codex-device/Build/Intermediates.noindex/KanpanCore.build/Debug-iphoneos/KanpanCore.build/Objects-normal/arm64/KanpanCore.swiftmodule -validate-clang-modules-once -clang-build-session-file /Users/mdd/zhk/kanpan/DerivedData-codex-device/ModuleCache.noindex/Session.modulevalidation -package-name kanpancore -Xcc -I/Users/mdd/zhk/kanpan/DerivedData-codex-device/Build/Intermediates.noindex/KanpanCore.build/Debug-iphoneos/KanpanCore.build/swift-overrides.hmap -emit-const-values -Xfrontend -const-gather-protocols-file -Xfrontend /Users/mdd/zhk/kanpan/DerivedData-codex-device/Build/Intermediates.noindex/KanpanCore.build/Debug-iphoneos/KanpanCore.build/Objects-normal/arm64/KanpanCore_const_extract_protocols.json -Xcc -I/Users/mdd/zhk/kanpan/DerivedData-codex-device/Build/Products/Debug-iphoneos/include -Xcc -I/Users/mdd/zhk/kanpan/DerivedData-codex-device/Build/Intermediates.noindex/KanpanCore.build/Debug-iphoneos/KanpanCore.build/DerivedSources-normal/arm64 -Xcc -I/Users/mdd/zhk/kanpan/DerivedData-codex-device/Build/Intermediates.noindex/KanpanCore.build/Debug-iphoneos/KanpanCore.build/DerivedSources/arm64 -Xcc -I/Users/mdd/zhk/kanpan/DerivedData-codex-device/Build/Intermediates.noindex/KanpanCore.build/Debug-iphoneos/KanpanCore.build/DerivedSources -Xcc -DSWIFT_PACKAGE -Xcc -DDEBUG\=1 -emit-objc-header -emit-objc-header-path /Users/mdd/zhk/kanpan/DerivedData-codex-device/Build/Intermediates.noindex/KanpanCore.build/Debug-iphoneos/KanpanCore.build/Objects-normal/arm64/KanpanCore-Swift.h -working-directory /Users/mdd/zhk/kanpan -experimental-emit-module-separately -disable-cmo

SwiftDriver\ Compilation KanpanCore normal arm64 com.apple.xcode.tools.swift.compiler (in target 'KanpanCore' from project 'KanpanCore')
    cd /Users/mdd/zhk/kanpan
    builtin-Swift-Compilation -- /Applications/Xcode.app/Contents/Developer/Toolchains/XcodeDefault.xctoolchain/usr/bin/swiftc -module-name KanpanCore -Onone @/Users/mdd/zhk/kanpan/DerivedData-codex-device/Build/Intermediates.noindex/KanpanCore.build/Debug-iphoneos/KanpanCore.build/Objects-normal/arm64/KanpanCore.SwiftFileList -DSWIFT_PACKAGE -DDEBUG -DSWIFT_MODULE_RESOURCE_BUNDLE_UNAVAILABLE -DXcode -plugin-path /Applications/Xcode.app/Contents/Developer/Toolchains/XcodeDefault.xctoolchain/usr/lib/swift/host/plugins/testing -enable-experimental-feature DebugDescriptionMacro -sdk /Applications/Xcode.app/Contents/Developer/Platforms/iPhoneOS.platform/Developer/SDKs/iPhoneOS26.5.sdk -target arm64-apple-ios17.0 -g -module-cache-path /Users/mdd/zhk/kanpan/DerivedData-codex-device/ModuleCache.noindex -Xfrontend -serialize-debugging-options -enable-testing -suppress-warnings -index-store-path /Users/mdd/zhk/kanpan/DerivedData-codex-device/Index.noindex/DataStore -Xcc -D_LIBCPP_HARDENING_MODE\=_LIBCPP_HARDENING_MODE_DEBUG -swift-version 6 -I /Users/mdd/zhk/kanpan/DerivedData-codex-device/Build/Products/Debug-iphoneos -Isystem /Applications/Xcode.app/Contents/Developer/Platforms/iPhoneOS.platform/Developer/usr/lib -F /Users/mdd/zhk/kanpan/DerivedData-codex-device/Build/Products/Debug-iphoneos -F /Applications/Xcode.app/Contents/Developer/Platforms/iPhoneOS.platform/Developer/Library/Frameworks -F /Applications/Xcode.app/Contents/Developer/Platforms/iPhoneOS.platform/Developer/SDKs/iPhoneOS26.5.sdk/Developer/Library/Frameworks -c -j10 -enable-batch-mode -incremental -Xcc -ivfsstatcache -Xcc /Users/mdd/zhk/kanpan/DerivedData-codex-device/SDKStatCaches.noindex/iphoneos26.5-23F81a-32daed1954a7d5dd0789fcaf2a9bb78b.sdkstatcache -output-file-map /Users/mdd/zhk/kanpan/DerivedData-codex-device/Build/Intermediates.noindex/KanpanCore.build/Debug-iphoneos/KanpanCore.build/Objects-normal/arm64/KanpanCore-OutputFileMap.json -use-frontend-parseable-output -save-temps -no-color-diagnostics -explicit-module-build -module-cache-path /Users/mdd/zhk/kanpan/DerivedData-codex-device/Build/Intermediates.noindex/SwiftExplicitPrecompiledModules -clang-scanner-module-cache-path /Users/mdd/zhk/kanpan/DerivedData-codex-device/ModuleCache.noindex -sdk-module-cache-path /Users/mdd/zhk/kanpan/DerivedData-codex-device/ModuleCache.noindex -serialize-diagnostics -emit-dependencies -emit-module -emit-module-path /Users/mdd/zhk/kanpan/DerivedData-codex-device/Build/Intermediates.noindex/KanpanCore.build/Debug-iphoneos/KanpanCore.build/Objects-normal/arm64/KanpanCore.swiftmodule -validate-clang-modules-once -clang-build-session-file /Users/mdd/zhk/kanpan/DerivedData-codex-device/ModuleCache.noindex/Session.modulevalidation -package-name kanpancore -Xcc -I/Users/mdd/zhk/kanpan/DerivedData-codex-device/Build/Intermediates.noindex/KanpanCore.build/Debug-iphoneos/KanpanCore.build/swift-overrides.hmap -emit-const-values -Xfrontend -const-gather-protocols-file -Xfrontend /Users/mdd/zhk/kanpan/DerivedData-codex-device/Build/Intermediates.noindex/KanpanCore.build/Debug-iphoneos/KanpanCore.build/Objects-normal/arm64/KanpanCore_const_extract_protocols.json -Xcc -I/Users/mdd/zhk/kanpan/DerivedData-codex-device/Build/Products/Debug-iphoneos/include -Xcc -I/Users/mdd/zhk/kanpan/DerivedData-codex-device/Build/Intermediates.noindex/KanpanCore.build/Debug-iphoneos/KanpanCore.build/DerivedSources-normal/arm64 -Xcc -I/Users/mdd/zhk/kanpan/DerivedData-codex-device/Build/Intermediates.noindex/KanpanCore.build/Debug-iphoneos/KanpanCore.build/DerivedSources/arm64 -Xcc -I/Users/mdd/zhk/kanpan/DerivedData-codex-device/Build/Intermediates.noindex/KanpanCore.build/Debug-iphoneos/KanpanCore.build/DerivedSources -Xcc -DSWIFT_PACKAGE -Xcc -DDEBUG\=1 -emit-objc-header -emit-objc-header-path /Users/mdd/zhk/kanpan/DerivedData-codex-device/Build/Intermediates.noindex/KanpanCore.build/Debug-iphoneos/KanpanCore.build/Objects-normal/arm64/KanpanCore-Swift.h -working-directory /Users/mdd/zhk/kanpan -experimental-emit-module-separately -disable-cmo

Copy /Users/mdd/zhk/kanpan/DerivedData-codex-device/Build/Products/Debug-iphoneos/KanpanCore.swiftmodule/Project/arm64-apple-ios.swiftsourceinfo /Users/mdd/zhk/kanpan/DerivedData-codex-device/Build/Intermediates.noindex/KanpanCore.build/Debug-iphoneos/KanpanCore.build/Objects-normal/arm64/KanpanCore.swiftsourceinfo (in target 'KanpanCore' from project 'KanpanCore')
    cd /Users/mdd/zhk/kanpan/KanpanCore
    builtin-copy -exclude .DS_Store -exclude CVS -exclude .svn -exclude .git -exclude .hg -resolve-src-symlinks -rename /Users/mdd/zhk/kanpan/DerivedData-codex-device/Build/Intermediates.noindex/KanpanCore.build/Debug-iphoneos/KanpanCore.build/Objects-normal/arm64/KanpanCore.swiftsourceinfo /Users/mdd/zhk/kanpan/DerivedData-codex-device/Build/Products/Debug-iphoneos/KanpanCore.swiftmodule/Project/arm64-apple-ios.swiftsourceinfo

Copy /Users/mdd/zhk/kanpan/DerivedData-codex-device/Build/Products/Debug-iphoneos/KanpanCore.swiftmodule/arm64-apple-ios.abi.json /Users/mdd/zhk/kanpan/DerivedData-codex-device/Build/Intermediates.noindex/KanpanCore.build/Debug-iphoneos/KanpanCore.build/Objects-normal/arm64/KanpanCore.abi.json (in target 'KanpanCore' from project 'KanpanCore')
    cd /Users/mdd/zhk/kanpan/KanpanCore
    builtin-copy -exclude .DS_Store -exclude CVS -exclude .svn -exclude .git -exclude .hg -resolve-src-symlinks -rename /Users/mdd/zhk/kanpan/DerivedData-codex-device/Build/Intermediates.noindex/KanpanCore.build/Debug-iphoneos/KanpanCore.build/Objects-normal/arm64/KanpanCore.abi.json /Users/mdd/zhk/kanpan/DerivedData-codex-device/Build/Products/Debug-iphoneos/KanpanCore.swiftmodule/arm64-apple-ios.abi.json

Ld /Users/mdd/zhk/kanpan/DerivedData-codex-device/Build/Products/Debug-iphoneos/KanpanCore.o normal (in target 'KanpanCore' from project 'KanpanCore')
    cd /Users/mdd/zhk/kanpan/KanpanCore
    /Applications/Xcode.app/Contents/Developer/Toolchains/XcodeDefault.xctoolchain/usr/bin/clang -Xlinker -reproducible -target arm64-apple-ios17.0 -r -isysroot /Applications/Xcode.app/Contents/Developer/Platforms/iPhoneOS.platform/Developer/SDKs/iPhoneOS26.5.sdk -O0 -w -F/Users/mdd/zhk/kanpan/DerivedData-codex-device/Build/Intermediates.noindex/EagerLinkingTBDs/Debug-iphoneos -F/Users/mdd/zhk/kanpan/DerivedData-codex-device/Build/Products/Debug-iphoneos -iframework /Applications/Xcode.app/Contents/Developer/Platforms/iPhoneOS.platform/Developer/Library/Frameworks -iframework /Applications/Xcode.app/Contents/Developer/Platforms/iPhoneOS.platform/Developer/SDKs/iPhoneOS26.5.sdk/Developer/Library/Frameworks -filelist /Users/mdd/zhk/kanpan/DerivedData-codex-device/Build/Intermediates.noindex/KanpanCore.build/Debug-iphoneos/KanpanCore.build/Objects-normal/arm64/KanpanCore.LinkFileList -nostdlib -Xlinker -object_path_lto -Xlinker /Users/mdd/zhk/kanpan/DerivedData-codex-device/Build/Intermediates.noindex/KanpanCore.build/Debug-iphoneos/KanpanCore.build/Objects-normal/arm64/KanpanCore_lto.o -Xlinker -no_deduplicate -Xlinker -dependency_info -Xlinker /Users/mdd/zhk/kanpan/DerivedData-codex-device/Build/Intermediates.noindex/KanpanCore.build/Debug-iphoneos/KanpanCore.build/Objects-normal/arm64/KanpanCore_dependency_info.dat -fobjc-link-runtime -L/Applications/Xcode.app/Contents/Developer/Toolchains/XcodeDefault.xctoolchain/usr/lib/swift/iphoneos -L/usr/lib/swift -Xlinker -add_ast_path -Xlinker /Users/mdd/zhk/kanpan/DerivedData-codex-device/Build/Intermediates.noindex/KanpanCore.build/Debug-iphoneos/KanpanCore.build/Objects-normal/arm64/KanpanCore.swiftmodule @/Users/mdd/zhk/kanpan/DerivedData-codex-device/Build/Intermediates.noindex/KanpanCore.build/Debug-iphoneos/KanpanCore.build/Objects-normal/arm64/KanpanCore-linker-args.resp -o /Users/mdd/zhk/kanpan/DerivedData-codex-device/Build/Products/Debug-iphoneos/KanpanCore.o

SwiftDriver KanpanChart normal arm64 com.apple.xcode.tools.swift.compiler (in target 'KanpanChart' from project 'KanpanChart')
    cd /Users/mdd/zhk/kanpan
    builtin-SwiftDriver -- /Applications/Xcode.app/Contents/Developer/Toolchains/XcodeDefault.xctoolchain/usr/bin/swiftc -module-name KanpanChart -Onone @/Users/mdd/zhk/kanpan/DerivedData-codex-device/Build/Intermediates.noindex/KanpanChart.build/Debug-iphoneos/KanpanChart.build/Objects-normal/arm64/KanpanChart.SwiftFileList -DSWIFT_PACKAGE -DDEBUG -DSWIFT_MODULE_RESOURCE_BUNDLE_UNAVAILABLE -DXcode -plugin-path /Applications/Xcode.app/Contents/Developer/Toolchains/XcodeDefault.xctoolchain/usr/lib/swift/host/plugins/testing -enable-experimental-feature DebugDescriptionMacro -sdk /Applications/Xcode.app/Contents/Developer/Platforms/iPhoneOS.platform/Developer/SDKs/iPhoneOS26.5.sdk -target arm64-apple-ios17.0 -g -module-cache-path /Users/mdd/zhk/kanpan/DerivedData-codex-device/ModuleCache.noindex -Xfrontend -serialize-debugging-options -enable-testing -suppress-warnings -index-store-path /Users/mdd/zhk/kanpan/DerivedData-codex-device/Index.noindex/DataStore -Xcc -D_LIBCPP_HARDENING_MODE\=_LIBCPP_HARDENING_MODE_DEBUG -swift-version 6 -I /Users/mdd/zhk/kanpan/DerivedData-codex-device/Build/Products/Debug-iphoneos -Isystem /Applications/Xcode.app/Contents/Developer/Platforms/iPhoneOS.platform/Developer/usr/lib -F /Users/mdd/zhk/kanpan/DerivedData-codex-device/Build/Products/Debug-iphoneos/PackageFrameworks -F /Users/mdd/zhk/kanpan/DerivedData-codex-device/Build/Products/Debug-iphoneos -F /Applications/Xcode.app/Contents/Developer/Platforms/iPhoneOS.platform/Developer/Library/Frameworks -F /Applications/Xcode.app/Contents/Developer/Platforms/iPhoneOS.platform/Developer/SDKs/iPhoneOS26.5.sdk/Developer/Library/Frameworks -c -j10 -enable-batch-mode -incremental -Xcc -ivfsstatcache -Xcc /Users/mdd/zhk/kanpan/DerivedData-codex-device/SDKStatCaches.noindex/iphoneos26.5-23F81a-32daed1954a7d5dd0789fcaf2a9bb78b.sdkstatcache -output-file-map /Users/mdd/zhk/kanpan/DerivedData-codex-device/Build/Intermediates.noindex/KanpanChart.build/Debug-iphoneos/KanpanChart.build/Objects-normal/arm64/KanpanChart-OutputFileMap.json -use-frontend-parseable-output -save-temps -no-color-diagnostics -explicit-module-build -module-cache-path /Users/mdd/zhk/kanpan/DerivedData-codex-device/Build/Intermediates.noindex/SwiftExplicitPrecompiledModules -clang-scanner-module-cache-path /Users/mdd/zhk/kanpan/DerivedData-codex-device/ModuleCache.noindex -sdk-module-cache-path /Users/mdd/zhk/kanpan/DerivedData-codex-device/ModuleCache.noindex -serialize-diagnostics -emit-dependencies -emit-module -emit-module-path /Users/mdd/zhk/kanpan/DerivedData-codex-device/Build/Intermediates.noindex/KanpanChart.build/Debug-iphoneos/KanpanChart.build/Objects-normal/arm64/KanpanChart.swiftmodule -validate-clang-modules-once -clang-build-session-file /Users/mdd/zhk/kanpan/DerivedData-codex-device/ModuleCache.noindex/Session.modulevalidation -package-name kanpanchart -Xcc -I/Users/mdd/zhk/kanpan/DerivedData-codex-device/Build/Intermediates.noindex/KanpanChart.build/Debug-iphoneos/KanpanChart.build/swift-overrides.hmap -emit-const-values -Xfrontend -const-gather-protocols-file -Xfrontend /Users/mdd/zhk/kanpan/DerivedData-codex-device/Build/Intermediates.noindex/KanpanChart.build/Debug-iphoneos/KanpanChart.build/Objects-normal/arm64/KanpanChart_const_extract_protocols.json -Xcc -I/Users/mdd/zhk/kanpan/DerivedData-codex-device/Build/Products/Debug-iphoneos/include -Xcc -I/Users/mdd/zhk/kanpan/DerivedData-codex-device/Build/Intermediates.noindex/KanpanChart.build/Debug-iphoneos/KanpanChart.build/DerivedSources-normal/arm64 -Xcc -I/Users/mdd/zhk/kanpan/DerivedData-codex-device/Build/Intermediates.noindex/KanpanChart.build/Debug-iphoneos/KanpanChart.build/DerivedSources/arm64 -Xcc -I/Users/mdd/zhk/kanpan/DerivedData-codex-device/Build/Intermediates.noindex/KanpanChart.build/Debug-iphoneos/KanpanChart.build/DerivedSources -Xcc -DSWIFT_PACKAGE -Xcc -DDEBUG\=1 -emit-objc-header -emit-objc-header-path /Users/mdd/zhk/kanpan/DerivedData-codex-device/Build/Intermediates.noindex/KanpanChart.build/Debug-iphoneos/KanpanChart.build/Objects-normal/arm64/KanpanChart-Swift.h -working-directory /Users/mdd/zhk/kanpan -experimental-emit-module-separately -disable-cmo

ExtractAppIntentsMetadata (in target 'KanpanCore' from project 'KanpanCore')
    cd /Users/mdd/zhk/kanpan/KanpanCore
    /Applications/Xcode.app/Contents/Developer/Toolchains/XcodeDefault.xctoolchain/usr/bin/appintentsmetadataprocessor --toolchain-dir /Applications/Xcode.app/Contents/Developer/Toolchains/XcodeDefault.xctoolchain --module-name KanpanCore --sdk-root /Applications/Xcode.app/Contents/Developer/Platforms/iPhoneOS.platform/Developer/SDKs/iPhoneOS26.5.sdk --xcode-version 17F113 --platform-family iOS --deployment-target 17.0 --bundle-identifier kanpancore.KanpanCore --output /Users/mdd/zhk/kanpan/DerivedData-codex-device/Build/Products/Debug-iphoneos/KanpanCore.appintents --target-triple arm64-apple-ios17.0 --binary-file /Users/mdd/zhk/kanpan/DerivedData-codex-device/Build/Products/Debug-iphoneos/KanpanCore.o --dependency-file /Users/mdd/zhk/kanpan/DerivedData-codex-device/Build/Intermediates.noindex/KanpanCore.build/Debug-iphoneos/KanpanCore.build/Objects-normal/arm64/KanpanCore_dependency_info.dat --stringsdata-file /Users/mdd/zhk/kanpan/DerivedData-codex-device/Build/Intermediates.noindex/KanpanCore.build/Debug-iphoneos/KanpanCore.build/Objects-normal/arm64/ExtractedAppShortcutsMetadata.stringsdata --source-file-list /Users/mdd/zhk/kanpan/DerivedData-codex-device/Build/Intermediates.noindex/KanpanCore.build/Debug-iphoneos/KanpanCore.build/Objects-normal/arm64/KanpanCore.SwiftFileList --metadata-file-list /Users/mdd/zhk/kanpan/DerivedData-codex-device/Build/Intermediates.noindex/KanpanCore.build/Debug-iphoneos/KanpanCore.build/KanpanCore.DependencyMetadataFileList --static-metadata-file-list /Users/mdd/zhk/kanpan/DerivedData-codex-device/Build/Intermediates.noindex/KanpanCore.build/Debug-iphoneos/KanpanCore.build/KanpanCore.DependencyStaticMetadataFileList --swift-const-vals-list /Users/mdd/zhk/kanpan/DerivedData-codex-device/Build/Intermediates.noindex/KanpanCore.build/Debug-iphoneos/KanpanCore.build/Objects-normal/arm64/KanpanCore.SwiftConstValuesFileList --force --compile-time-extraction --deployment-aware-processing --validate-assistant-intents --no-app-shortcuts-localization
2026-09-14 22:17:25.441 appintentsmetadataprocessor[70611:31399867] Starting appintentsmetadataprocessor export
2026-09-14 22:17:25.485 appintentsmetadataprocessor[70611:31399867] Extracted no relevant App Intents symbols, skipping writing output

RegisterExecutionPolicyException /Users/mdd/zhk/kanpan/DerivedData-codex-device/Build/Products/Debug-iphoneos/KanpanCore.o (in target 'KanpanCore' from project 'KanpanCore')
    cd /Users/mdd/zhk/kanpan/KanpanCore
    builtin-RegisterExecutionPolicyException /Users/mdd/zhk/kanpan/DerivedData-codex-device/Build/Products/Debug-iphoneos/KanpanCore.o

SwiftCompile normal arm64 Compiling\ ChartView.swift /Users/mdd/zhk/kanpan/KanpanChart/Sources/KanpanChart/ChartView.swift (in target 'KanpanChart' from project 'KanpanChart')

SwiftCompile normal arm64 /Users/mdd/zhk/kanpan/KanpanChart/Sources/KanpanChart/ChartView.swift (in target 'KanpanChart' from project 'KanpanChart')
    cd /Users/mdd/zhk/kanpan
    

SwiftEmitModule normal arm64 Emitting\ module\ for\ KanpanChart (in target 'KanpanChart' from project 'KanpanChart')

EmitSwiftModule normal arm64 (in target 'KanpanChart' from project 'KanpanChart')
    cd /Users/mdd/zhk/kanpan
    

SwiftDriverJobDiscovery normal arm64 Emitting module for KanpanChart (in target 'KanpanChart' from project 'KanpanChart')

SwiftDriver\ Compilation\ Requirements KanpanChart normal arm64 com.apple.xcode.tools.swift.compiler (in target 'KanpanChart' from project 'KanpanChart')
    cd /Users/mdd/zhk/kanpan
    builtin-Swift-Compilation-Requirements -- /Applications/Xcode.app/Contents/Developer/Toolchains/XcodeDefault.xctoolchain/usr/bin/swiftc -module-name KanpanChart -Onone @/Users/mdd/zhk/kanpan/DerivedData-codex-device/Build/Intermediates.noindex/KanpanChart.build/Debug-iphoneos/KanpanChart.build/Objects-normal/arm64/KanpanChart.SwiftFileList -DSWIFT_PACKAGE -DDEBUG -DSWIFT_MODULE_RESOURCE_BUNDLE_UNAVAILABLE -DXcode -plugin-path /Applications/Xcode.app/Contents/Developer/Toolchains/XcodeDefault.xctoolchain/usr/lib/swift/host/plugins/testing -enable-experimental-feature DebugDescriptionMacro -sdk /Applications/Xcode.app/Contents/Developer/Platforms/iPhoneOS.platform/Developer/SDKs/iPhoneOS26.5.sdk -target arm64-apple-ios17.0 -g -module-cache-path /Users/mdd/zhk/kanpan/DerivedData-codex-device/ModuleCache.noindex -Xfrontend -serialize-debugging-options -enable-testing -suppress-warnings -index-store-path /Users/mdd/zhk/kanpan/DerivedData-codex-device/Index.noindex/DataStore -Xcc -D_LIBCPP_HARDENING_MODE\=_LIBCPP_HARDENING_MODE_DEBUG -swift-version 6 -I /Users/mdd/zhk/kanpan/DerivedData-codex-device/Build/Products/Debug-iphoneos -Isystem /Applications/Xcode.app/Contents/Developer/Platforms/iPhoneOS.platform/Developer/usr/lib -F /Users/mdd/zhk/kanpan/DerivedData-codex-device/Build/Products/Debug-iphoneos/PackageFrameworks -F /Users/mdd/zhk/kanpan/DerivedData-codex-device/Build/Products/Debug-iphoneos -F /Applications/Xcode.app/Contents/Developer/Platforms/iPhoneOS.platform/Developer/Library/Frameworks -F /Applications/Xcode.app/Contents/Developer/Platforms/iPhoneOS.platform/Developer/SDKs/iPhoneOS26.5.sdk/Developer/Library/Frameworks -c -j10 -enable-batch-mode -incremental -Xcc -ivfsstatcache -Xcc /Users/mdd/zhk/kanpan/DerivedData-codex-device/SDKStatCaches.noindex/iphoneos26.5-23F81a-32daed1954a7d5dd0789fcaf2a9bb78b.sdkstatcache -output-file-map /Users/mdd/zhk/kanpan/DerivedData-codex-device/Build/Intermediates.noindex/KanpanChart.build/Debug-iphoneos/KanpanChart.build/Objects-normal/arm64/KanpanChart-OutputFileMap.json -use-frontend-parseable-output -save-temps -no-color-diagnostics -explicit-module-build -module-cache-path /Users/mdd/zhk/kanpan/DerivedData-codex-device/Build/Intermediates.noindex/SwiftExplicitPrecompiledModules -clang-scanner-module-cache-path /Users/mdd/zhk/kanpan/DerivedData-codex-device/ModuleCache.noindex -sdk-module-cache-path /Users/mdd/zhk/kanpan/DerivedData-codex-device/ModuleCache.noindex -serialize-diagnostics -emit-dependencies -emit-module -emit-module-path /Users/mdd/zhk/kanpan/DerivedData-codex-device/Build/Intermediates.noindex/KanpanChart.build/Debug-iphoneos/KanpanChart.build/Objects-normal/arm64/KanpanChart.swiftmodule -validate-clang-modules-once -clang-build-session-file /Users/mdd/zhk/kanpan/DerivedData-codex-device/ModuleCache.noindex/Session.modulevalidation -package-name kanpanchart -Xcc -I/Users/mdd/zhk/kanpan/DerivedData-codex-device/Build/Intermediates.noindex/KanpanChart.build/Debug-iphoneos/KanpanChart.build/swift-overrides.hmap -emit-const-values -Xfrontend -const-gather-protocols-file -Xfrontend /Users/mdd/zhk/kanpan/DerivedData-codex-device/Build/Intermediates.noindex/KanpanChart.build/Debug-iphoneos/KanpanChart.build/Objects-normal/arm64/KanpanChart_const_extract_protocols.json -Xcc -I/Users/mdd/zhk/kanpan/DerivedData-codex-device/Build/Products/Debug-iphoneos/include -Xcc -I/Users/mdd/zhk/kanpan/DerivedData-codex-device/Build/Intermediates.noindex/KanpanChart.build/Debug-iphoneos/KanpanChart.build/DerivedSources-normal/arm64 -Xcc -I/Users/mdd/zhk/kanpan/DerivedData-codex-device/Build/Intermediates.noindex/KanpanChart.build/Debug-iphoneos/KanpanChart.build/DerivedSources/arm64 -Xcc -I/Users/mdd/zhk/kanpan/DerivedData-codex-device/Build/Intermediates.noindex/KanpanChart.build/Debug-iphoneos/KanpanChart.build/DerivedSources -Xcc -DSWIFT_PACKAGE -Xcc -DDEBUG\=1 -emit-objc-header -emit-objc-header-path /Users/mdd/zhk/kanpan/DerivedData-codex-device/Build/Intermediates.noindex/KanpanChart.build/Debug-iphoneos/KanpanChart.build/Objects-normal/arm64/KanpanChart-Swift.h -working-directory /Users/mdd/zhk/kanpan -experimental-emit-module-separately -disable-cmo

Copy /Users/mdd/zhk/kanpan/DerivedData-codex-device/Build/Products/Debug-iphoneos/KanpanChart.swiftmodule/Project/arm64-apple-ios.swiftsourceinfo /Users/mdd/zhk/kanpan/DerivedData-codex-device/Build/Intermediates.noindex/KanpanChart.build/Debug-iphoneos/KanpanChart.build/Objects-normal/arm64/KanpanChart.swiftsourceinfo (in target 'KanpanChart' from project 'KanpanChart')
    cd /Users/mdd/zhk/kanpan/KanpanChart
    builtin-copy -exclude .DS_Store -exclude CVS -exclude .svn -exclude .git -exclude .hg -resolve-src-symlinks -rename /Users/mdd/zhk/kanpan/DerivedData-codex-device/Build/Intermediates.noindex/KanpanChart.build/Debug-iphoneos/KanpanChart.build/Objects-normal/arm64/KanpanChart.swiftsourceinfo /Users/mdd/zhk/kanpan/DerivedData-codex-device/Build/Products/Debug-iphoneos/KanpanChart.swiftmodule/Project/arm64-apple-ios.swiftsourceinfo

Copy /Users/mdd/zhk/kanpan/DerivedData-codex-device/Build/Products/Debug-iphoneos/KanpanChart.swiftmodule/arm64-apple-ios.swiftmodule /Users/mdd/zhk/kanpan/DerivedData-codex-device/Build/Intermediates.noindex/KanpanChart.build/Debug-iphoneos/KanpanChart.build/Objects-normal/arm64/KanpanChart.swiftmodule (in target 'KanpanChart' from project 'KanpanChart')
    cd /Users/mdd/zhk/kanpan/KanpanChart
    builtin-copy -exclude .DS_Store -exclude CVS -exclude .svn -exclude .git -exclude .hg -resolve-src-symlinks -rename /Users/mdd/zhk/kanpan/DerivedData-codex-device/Build/Intermediates.noindex/KanpanChart.build/Debug-iphoneos/KanpanChart.build/Objects-normal/arm64/KanpanChart.swiftmodule /Users/mdd/zhk/kanpan/DerivedData-codex-device/Build/Products/Debug-iphoneos/KanpanChart.swiftmodule/arm64-apple-ios.swiftmodule

Copy /Users/mdd/zhk/kanpan/DerivedData-codex-device/Build/Products/Debug-iphoneos/KanpanChart.swiftmodule/arm64-apple-ios.abi.json /Users/mdd/zhk/kanpan/DerivedData-codex-device/Build/Intermediates.noindex/KanpanChart.build/Debug-iphoneos/KanpanChart.build/Objects-normal/arm64/KanpanChart.abi.json (in target 'KanpanChart' from project 'KanpanChart')
    cd /Users/mdd/zhk/kanpan/KanpanChart
    builtin-copy -exclude .DS_Store -exclude CVS -exclude .svn -exclude .git -exclude .hg -resolve-src-symlinks -rename /Users/mdd/zhk/kanpan/DerivedData-codex-device/Build/Intermediates.noindex/KanpanChart.build/Debug-iphoneos/KanpanChart.build/Objects-normal/arm64/KanpanChart.abi.json /Users/mdd/zhk/kanpan/DerivedData-codex-device/Build/Products/Debug-iphoneos/KanpanChart.swiftmodule/arm64-apple-ios.abi.json

ProcessProductPackaging "" /Users/mdd/zhk/kanpan/DerivedData-codex-device/Build/Intermediates.noindex/Kanpan.build/Debug-iphoneos/Kanpan.build/Kanpan.app.xcent (in target 'Kanpan' from project 'Kanpan')
    cd /Users/mdd/zhk/kanpan/Kanpan
    
    Entitlements:
    
    {
    "application-identifier" = "27Y32PT2HZ.com.mdd.kanpan";
    "com.apple.developer.team-identifier" = 27Y32PT2HZ;
    "get-task-allow" = 1;
}
    
    builtin-productPackagingUtility -entitlements -format xml -o /Users/mdd/zhk/kanpan/DerivedData-codex-device/Build/Intermediates.noindex/Kanpan.build/Debug-iphoneos/Kanpan.build/Kanpan.app.xcent

ProcessProductPackagingDER /Users/mdd/zhk/kanpan/DerivedData-codex-device/Build/Intermediates.noindex/Kanpan.build/Debug-iphoneos/Kanpan.build/Kanpan.app.xcent /Users/mdd/zhk/kanpan/DerivedData-codex-device/Build/Intermediates.noindex/Kanpan.build/Debug-iphoneos/Kanpan.build/Kanpan.app.xcent.der (in target 'Kanpan' from project 'Kanpan')
    cd /Users/mdd/zhk/kanpan/Kanpan
    /usr/bin/derq query -f xml -i /Users/mdd/zhk/kanpan/DerivedData-codex-device/Build/Intermediates.noindex/Kanpan.build/Debug-iphoneos/Kanpan.build/Kanpan.app.xcent -o /Users/mdd/zhk/kanpan/DerivedData-codex-device/Build/Intermediates.noindex/Kanpan.build/Debug-iphoneos/Kanpan.build/Kanpan.app.xcent.der --raw

SwiftDriver Kanpan normal arm64 com.apple.xcode.tools.swift.compiler (in target 'Kanpan' from project 'Kanpan')
    cd /Users/mdd/zhk/kanpan/Kanpan
    builtin-SwiftDriver -- /Applications/Xcode.app/Contents/Developer/Toolchains/XcodeDefault.xctoolchain/usr/bin/swiftc -module-name Kanpan -Onone @/Users/mdd/zhk/kanpan/DerivedData-codex-device/Build/Intermediates.noindex/Kanpan.build/Debug-iphoneos/Kanpan.build/Objects-normal/arm64/Kanpan.SwiftFileList -DDEBUG -enable-experimental-feature DebugDescriptionMacro -sdk /Applications/Xcode.app/Contents/Developer/Platforms/iPhoneOS.platform/Developer/SDKs/iPhoneOS26.5.sdk -target arm64-apple-ios17.0 -g -module-cache-path /Users/mdd/zhk/kanpan/DerivedData-codex-device/ModuleCache.noindex -Xfrontend -serialize-debugging-options -enable-testing -index-store-path /Users/mdd/zhk/kanpan/DerivedData-codex-device/Index.noindex/DataStore -Xcc -D_LIBCPP_HARDENING_MODE\=_LIBCPP_HARDENING_MODE_DEBUG -swift-version 6 -I /Users/mdd/zhk/kanpan/DerivedData-codex-device/Build/Products/Debug-iphoneos -F /Users/mdd/zhk/kanpan/DerivedData-codex-device/Build/Products/Debug-iphoneos/PackageFrameworks -F /Users/mdd/zhk/kanpan/DerivedData-codex-device/Build/Products/Debug-iphoneos/PackageFrameworks -F /Users/mdd/zhk/kanpan/DerivedData-codex-device/Build/Products/Debug-iphoneos/PackageFrameworks -F /Users/mdd/zhk/kanpan/DerivedData-codex-device/Build/Products/Debug-iphoneos -emit-localized-strings -emit-localized-strings-path /Users/mdd/zhk/kanpan/DerivedData-codex-device/Build/Intermediates.noindex/Kanpan.build/Debug-iphoneos/Kanpan.build/Objects-normal/arm64 -c -j10 -enable-batch-mode -incremental -Xcc -ivfsstatcache -Xcc /Users/mdd/zhk/kanpan/DerivedData-codex-device/SDKStatCaches.noindex/iphoneos26.5-23F81a-32daed1954a7d5dd0789fcaf2a9bb78b.sdkstatcache -output-file-map /Users/mdd/zhk/kanpan/DerivedData-codex-device/Build/Intermediates.noindex/Kanpan.build/Debug-iphoneos/Kanpan.build/Objects-normal/arm64/Kanpan-OutputFileMap.json -use-frontend-parseable-output -save-temps -no-color-diagnostics -explicit-module-build -module-cache-path /Users/mdd/zhk/kanpan/DerivedData-codex-device/Build/Intermediates.noindex/SwiftExplicitPrecompiledModules -clang-scanner-module-cache-path /Users/mdd/zhk/kanpan/DerivedData-codex-device/ModuleCache.noindex -sdk-module-cache-path /Users/mdd/zhk/kanpan/DerivedData-codex-device/ModuleCache.noindex -serialize-diagnostics -emit-dependencies -emit-module -emit-module-path /Users/mdd/zhk/kanpan/DerivedData-codex-device/Build/Intermediates.noindex/Kanpan.build/Debug-iphoneos/Kanpan.build/Objects-normal/arm64/Kanpan.swiftmodule -validate-clang-modules-once -clang-build-session-file /Users/mdd/zhk/kanpan/DerivedData-codex-device/ModuleCache.noindex/Session.modulevalidation -Xcc -I/Users/mdd/zhk/kanpan/DerivedData-codex-device/Build/Intermediates.noindex/Kanpan.build/Debug-iphoneos/Kanpan.build/swift-overrides.hmap -emit-const-values -Xfrontend -const-gather-protocols-file -Xfrontend /Users/mdd/zhk/kanpan/DerivedData-codex-device/Build/Intermediates.noindex/Kanpan.build/Debug-iphoneos/Kanpan.build/Objects-normal/arm64/Kanpan_const_extract_protocols.json -Xcc -iquote -Xcc /Users/mdd/zhk/kanpan/DerivedData-codex-device/Build/Intermediates.noindex/Kanpan.build/Debug-iphoneos/Kanpan.build/Kanpan-generated-files.hmap -Xcc -I/Users/mdd/zhk/kanpan/DerivedData-codex-device/Build/Intermediates.noindex/Kanpan.build/Debug-iphoneos/Kanpan.build/Kanpan-own-target-headers.hmap -Xcc -I/Users/mdd/zhk/kanpan/DerivedData-codex-device/Build/Intermediates.noindex/Kanpan.build/Debug-iphoneos/Kanpan.build/Kanpan-all-non-framework-target-headers.hmap -Xcc -ivfsoverlay -Xcc /Users/mdd/zhk/kanpan/DerivedData-codex-device/Build/Intermediates.noindex/Kanpan.build/Debug-iphoneos/Kanpan-88f8e4f6458ff7f878983357411ed85c-VFS-iphoneos/all-product-headers.yaml -Xcc -iquote -Xcc /Users/mdd/zhk/kanpan/DerivedData-codex-device/Build/Intermediates.noindex/Kanpan.build/Debug-iphoneos/Kanpan.build/Kanpan-project-headers.hmap -Xcc -I/Users/mdd/zhk/kanpan/DerivedData-codex-device/Build/Products/Debug-iphoneos/include -Xcc -I/Users/mdd/zhk/kanpan/DerivedData-codex-device/Build/Intermediates.noindex/Kanpan.build/Debug-iphoneos/Kanpan.build/DerivedSources-normal/arm64 -Xcc -I/Users/mdd/zhk/kanpan/DerivedData-codex-device/Build/Intermediates.noindex/Kanpan.build/Debug-iphoneos/Kanpan.build/DerivedSources/arm64 -Xcc -I/Users/mdd/zhk/kanpan/DerivedData-codex-device/Build/Intermediates.noindex/Kanpan.build/Debug-iphoneos/Kanpan.build/DerivedSources -emit-objc-header -emit-objc-header-path /Users/mdd/zhk/kanpan/DerivedData-codex-device/Build/Intermediates.noindex/Kanpan.build/Debug-iphoneos/Kanpan.build/Objects-normal/arm64/Kanpan-Swift.h -working-directory /Users/mdd/zhk/kanpan/Kanpan -experimental-emit-module-separately -disable-cmo

SwiftDriverJobDiscovery normal arm64 Compiling ChartView.swift (in target 'KanpanChart' from project 'KanpanChart')

SwiftCompile normal arm64 Compiling\ ChartView+Drawing.swift /Users/mdd/zhk/kanpan/KanpanChart/Sources/KanpanChart/ChartView+Drawing.swift (in target 'KanpanChart' from project 'KanpanChart')
SwiftCompile normal arm64 /Users/mdd/zhk/kanpan/KanpanChart/Sources/KanpanChart/ChartView+Drawing.swift (in target 'KanpanChart' from project 'KanpanChart')
    cd /Users/mdd/zhk/kanpan
    

SwiftCompile normal arm64 Compiling\ ChartView+Gesture.swift /Users/mdd/zhk/kanpan/KanpanChart/Sources/KanpanChart/ChartView+Gesture.swift (in target 'KanpanChart' from project 'KanpanChart')

SwiftCompile normal arm64 /Users/mdd/zhk/kanpan/KanpanChart/Sources/KanpanChart/ChartView+Gesture.swift (in target 'KanpanChart' from project 'KanpanChart')
    cd /Users/mdd/zhk/kanpan
    

SwiftEmitModule normal arm64 Emitting\ module\ for\ Kanpan (in target 'Kanpan' from project 'Kanpan')
EmitSwiftModule normal arm64 (in target 'Kanpan' from project 'Kanpan')
    cd /Users/mdd/zhk/kanpan/Kanpan
    

SwiftCompile normal arm64 Compiling\ ChartHost.swift /Users/mdd/zhk/kanpan/Kanpan/Kanpan/Main/ChartHost.swift (in target 'Kanpan' from project 'Kanpan')

SwiftCompile normal arm64 /Users/mdd/zhk/kanpan/Kanpan/Kanpan/Main/ChartHost.swift (in target 'Kanpan' from project 'Kanpan')
    cd /Users/mdd/zhk/kanpan/Kanpan
    

SwiftCompile normal arm64 Compiling\ MainScreen.swift /Users/mdd/zhk/kanpan/Kanpan/Kanpan/Main/MainScreen.swift (in target 'Kanpan' from project 'Kanpan')

SwiftCompile normal arm64 /Users/mdd/zhk/kanpan/Kanpan/Kanpan/Main/MainScreen.swift (in target 'Kanpan' from project 'Kanpan')
    cd /Users/mdd/zhk/kanpan/Kanpan
    

SwiftCompile normal arm64 Compiling\ DrawingController.swift /Users/mdd/zhk/kanpan/Kanpan/Kanpan/Drawing/DrawingController.swift (in target 'Kanpan' from project 'Kanpan')

SwiftCompile normal arm64 /Users/mdd/zhk/kanpan/Kanpan/Kanpan/Drawing/DrawingController.swift (in target 'Kanpan' from project 'Kanpan')
    cd /Users/mdd/zhk/kanpan/Kanpan
    

SwiftDriverJobDiscovery normal arm64 Compiling DrawingController.swift (in target 'Kanpan' from project 'Kanpan')

SwiftDriverJobDiscovery normal arm64 Compiling ChartView+Gesture.swift (in target 'KanpanChart' from project 'KanpanChart')

SwiftDriverJobDiscovery normal arm64 Compiling ChartView+Drawing.swift (in target 'KanpanChart' from project 'KanpanChart')

SwiftDriver\ Compilation KanpanChart normal arm64 com.apple.xcode.tools.swift.compiler (in target 'KanpanChart' from project 'KanpanChart')
    cd /Users/mdd/zhk/kanpan
    builtin-Swift-Compilation -- /Applications/Xcode.app/Contents/Developer/Toolchains/XcodeDefault.xctoolchain/usr/bin/swiftc -module-name KanpanChart -Onone @/Users/mdd/zhk/kanpan/DerivedData-codex-device/Build/Intermediates.noindex/KanpanChart.build/Debug-iphoneos/KanpanChart.build/Objects-normal/arm64/KanpanChart.SwiftFileList -DSWIFT_PACKAGE -DDEBUG -DSWIFT_MODULE_RESOURCE_BUNDLE_UNAVAILABLE -DXcode -plugin-path /Applications/Xcode.app/Contents/Developer/Toolchains/XcodeDefault.xctoolchain/usr/lib/swift/host/plugins/testing -enable-experimental-feature DebugDescriptionMacro -sdk /Applications/Xcode.app/Contents/Developer/Platforms/iPhoneOS.platform/Developer/SDKs/iPhoneOS26.5.sdk -target arm64-apple-ios17.0 -g -module-cache-path /Users/mdd/zhk/kanpan/DerivedData-codex-device/ModuleCache.noindex -Xfrontend -serialize-debugging-options -enable-testing -suppress-warnings -index-store-path /Users/mdd/zhk/kanpan/DerivedData-codex-device/Index.noindex/DataStore -Xcc -D_LIBCPP_HARDENING_MODE\=_LIBCPP_HARDENING_MODE_DEBUG -swift-version 6 -I /Users/mdd/zhk/kanpan/DerivedData-codex-device/Build/Products/Debug-iphoneos -Isystem /Applications/Xcode.app/Contents/Developer/Platforms/iPhoneOS.platform/Developer/usr/lib -F /Users/mdd/zhk/kanpan/DerivedData-codex-device/Build/Products/Debug-iphoneos/PackageFrameworks -F /Users/mdd/zhk/kanpan/DerivedData-codex-device/Build/Products/Debug-iphoneos -F /Applications/Xcode.app/Contents/Developer/Platforms/iPhoneOS.platform/Developer/Library/Frameworks -F /Applications/Xcode.app/Contents/Developer/Platforms/iPhoneOS.platform/Developer/SDKs/iPhoneOS26.5.sdk/Developer/Library/Frameworks -c -j10 -enable-batch-mode -incremental -Xcc -ivfsstatcache -Xcc /Users/mdd/zhk/kanpan/DerivedData-codex-device/SDKStatCaches.noindex/iphoneos26.5-23F81a-32daed1954a7d5dd0789fcaf2a9bb78b.sdkstatcache -output-file-map /Users/mdd/zhk/kanpan/DerivedData-codex-device/Build/Intermediates.noindex/KanpanChart.build/Debug-iphoneos/KanpanChart.build/Objects-normal/arm64/KanpanChart-OutputFileMap.json -use-frontend-parseable-output -save-temps -no-color-diagnostics -explicit-module-build -module-cache-path /Users/mdd/zhk/kanpan/DerivedData-codex-device/Build/Intermediates.noindex/SwiftExplicitPrecompiledModules -clang-scanner-module-cache-path /Users/mdd/zhk/kanpan/DerivedData-codex-device/ModuleCache.noindex -sdk-module-cache-path /Users/mdd/zhk/kanpan/DerivedData-codex-device/ModuleCache.noindex -serialize-diagnostics -emit-dependencies -emit-module -emit-module-path /Users/mdd/zhk/kanpan/DerivedData-codex-device/Build/Intermediates.noindex/KanpanChart.build/Debug-iphoneos/KanpanChart.build/Objects-normal/arm64/KanpanChart.swiftmodule -validate-clang-modules-once -clang-build-session-file /Users/mdd/zhk/kanpan/DerivedData-codex-device/ModuleCache.noindex/Session.modulevalidation -package-name kanpanchart -Xcc -I/Users/mdd/zhk/kanpan/DerivedData-codex-device/Build/Intermediates.noindex/KanpanChart.build/Debug-iphoneos/KanpanChart.build/swift-overrides.hmap -emit-const-values -Xfrontend -const-gather-protocols-file -Xfrontend /Users/mdd/zhk/kanpan/DerivedData-codex-device/Build/Intermediates.noindex/KanpanChart.build/Debug-iphoneos/KanpanChart.build/Objects-normal/arm64/KanpanChart_const_extract_protocols.json -Xcc -I/Users/mdd/zhk/kanpan/DerivedData-codex-device/Build/Products/Debug-iphoneos/include -Xcc -I/Users/mdd/zhk/kanpan/DerivedData-codex-device/Build/Intermediates.noindex/KanpanChart.build/Debug-iphoneos/KanpanChart.build/DerivedSources-normal/arm64 -Xcc -I/Users/mdd/zhk/kanpan/DerivedData-codex-device/Build/Intermediates.noindex/KanpanChart.build/Debug-iphoneos/KanpanChart.build/DerivedSources/arm64 -Xcc -I/Users/mdd/zhk/kanpan/DerivedData-codex-device/Build/Intermediates.noindex/KanpanChart.build/Debug-iphoneos/KanpanChart.build/DerivedSources -Xcc -DSWIFT_PACKAGE -Xcc -DDEBUG\=1 -emit-objc-header -emit-objc-header-path /Users/mdd/zhk/kanpan/DerivedData-codex-device/Build/Intermediates.noindex/KanpanChart.build/Debug-iphoneos/KanpanChart.build/Objects-normal/arm64/KanpanChart-Swift.h -working-directory /Users/mdd/zhk/kanpan -experimental-emit-module-separately -disable-cmo

Ld /Users/mdd/zhk/kanpan/DerivedData-codex-device/Build/Products/Debug-iphoneos/KanpanChart.o normal (in target 'KanpanChart' from project 'KanpanChart')
    cd /Users/mdd/zhk/kanpan/KanpanChart
    /Applications/Xcode.app/Contents/Developer/Toolchains/XcodeDefault.xctoolchain/usr/bin/clang -Xlinker -reproducible -target arm64-apple-ios17.0 -r -isysroot /Applications/Xcode.app/Contents/Developer/Platforms/iPhoneOS.platform/Developer/SDKs/iPhoneOS26.5.sdk -O0 -w -F/Users/mdd/zhk/kanpan/DerivedData-codex-device/Build/Intermediates.noindex/EagerLinkingTBDs/Debug-iphoneos -F/Users/mdd/zhk/kanpan/DerivedData-codex-device/Build/Products/Debug-iphoneos/PackageFrameworks -F/Users/mdd/zhk/kanpan/DerivedData-codex-device/Build/Products/Debug-iphoneos -iframework /Applications/Xcode.app/Contents/Developer/Platforms/iPhoneOS.platform/Developer/Library/Frameworks -iframework /Applications/Xcode.app/Contents/Developer/Platforms/iPhoneOS.platform/Developer/SDKs/iPhoneOS26.5.sdk/Developer/Library/Frameworks -filelist /Users/mdd/zhk/kanpan/DerivedData-codex-device/Build/Intermediates.noindex/KanpanChart.build/Debug-iphoneos/KanpanChart.build/Objects-normal/arm64/KanpanChart.LinkFileList -nostdlib -Xlinker -object_path_lto -Xlinker /Users/mdd/zhk/kanpan/DerivedData-codex-device/Build/Intermediates.noindex/KanpanChart.build/Debug-iphoneos/KanpanChart.build/Objects-normal/arm64/KanpanChart_lto.o -Xlinker -no_deduplicate -Xlinker -dependency_info -Xlinker /Users/mdd/zhk/kanpan/DerivedData-codex-device/Build/Intermediates.noindex/KanpanChart.build/Debug-iphoneos/KanpanChart.build/Objects-normal/arm64/KanpanChart_dependency_info.dat -fobjc-link-runtime -L/Applications/Xcode.app/Contents/Developer/Toolchains/XcodeDefault.xctoolchain/usr/lib/swift/iphoneos -L/usr/lib/swift -Xlinker -add_ast_path -Xlinker /Users/mdd/zhk/kanpan/DerivedData-codex-device/Build/Intermediates.noindex/KanpanChart.build/Debug-iphoneos/KanpanChart.build/Objects-normal/arm64/KanpanChart.swiftmodule @/Users/mdd/zhk/kanpan/DerivedData-codex-device/Build/Intermediates.noindex/KanpanChart.build/Debug-iphoneos/KanpanChart.build/Objects-normal/arm64/KanpanChart-linker-args.resp -o /Users/mdd/zhk/kanpan/DerivedData-codex-device/Build/Products/Debug-iphoneos/KanpanChart.o

ExtractAppIntentsMetadata (in target 'KanpanChart' from project 'KanpanChart')
    cd /Users/mdd/zhk/kanpan/KanpanChart
    /Applications/Xcode.app/Contents/Developer/Toolchains/XcodeDefault.xctoolchain/usr/bin/appintentsmetadataprocessor --toolchain-dir /Applications/Xcode.app/Contents/Developer/Toolchains/XcodeDefault.xctoolchain --module-name KanpanChart --sdk-root /Applications/Xcode.app/Contents/Developer/Platforms/iPhoneOS.platform/Developer/SDKs/iPhoneOS26.5.sdk --xcode-version 17F113 --platform-family iOS --deployment-target 17.0 --bundle-identifier kanpanchart.KanpanChart --output /Users/mdd/zhk/kanpan/DerivedData-codex-device/Build/Products/Debug-iphoneos/KanpanChart.appintents --target-triple arm64-apple-ios17.0 --binary-file /Users/mdd/zhk/kanpan/DerivedData-codex-device/Build/Products/Debug-iphoneos/KanpanChart.o --dependency-file /Users/mdd/zhk/kanpan/DerivedData-codex-device/Build/Intermediates.noindex/KanpanChart.build/Debug-iphoneos/KanpanChart.build/Objects-normal/arm64/KanpanChart_dependency_info.dat --stringsdata-file /Users/mdd/zhk/kanpan/DerivedData-codex-device/Build/Intermediates.noindex/KanpanChart.build/Debug-iphoneos/KanpanChart.build/Objects-normal/arm64/ExtractedAppShortcutsMetadata.stringsdata --source-file-list /Users/mdd/zhk/kanpan/DerivedData-codex-device/Build/Intermediates.noindex/KanpanChart.build/Debug-iphoneos/KanpanChart.build/Objects-normal/arm64/KanpanChart.SwiftFileList --metadata-file-list /Users/mdd/zhk/kanpan/DerivedData-codex-device/Build/Intermediates.noindex/KanpanChart.build/Debug-iphoneos/KanpanChart.build/KanpanChart.DependencyMetadataFileList --static-metadata-file-list /Users/mdd/zhk/kanpan/DerivedData-codex-device/Build/Intermediates.noindex/KanpanChart.build/Debug-iphoneos/KanpanChart.build/KanpanChart.DependencyStaticMetadataFileList --swift-const-vals-list /Users/mdd/zhk/kanpan/DerivedData-codex-device/Build/Intermediates.noindex/KanpanChart.build/Debug-iphoneos/KanpanChart.build/Objects-normal/arm64/KanpanChart.SwiftConstValuesFileList --force --compile-time-extraction --deployment-aware-processing --validate-assistant-intents --no-app-shortcuts-localization
2026-09-14 22:17:27.135 appintentsmetadataprocessor[70627:31399995] Starting appintentsmetadataprocessor export
2026-09-14 22:17:27.150 appintentsmetadataprocessor[70627:31399995] Extracted no relevant App Intents symbols, skipping writing output

RegisterExecutionPolicyException /Users/mdd/zhk/kanpan/DerivedData-codex-device/Build/Products/Debug-iphoneos/KanpanChart.o (in target 'KanpanChart' from project 'KanpanChart')
    cd /Users/mdd/zhk/kanpan/KanpanChart
    builtin-RegisterExecutionPolicyException /Users/mdd/zhk/kanpan/DerivedData-codex-device/Build/Products/Debug-iphoneos/KanpanChart.o

ProcessInfoPlistFile /Users/mdd/zhk/kanpan/DerivedData-codex-device/Build/Products/Debug-iphoneos/Kanpan.app/Info.plist /Users/mdd/zhk/kanpan/DerivedData-codex-device/Build/Intermediates.noindex/Kanpan.build/Debug-iphoneos/Kanpan.build/empty-Kanpan.plist (in target 'Kanpan' from project 'Kanpan')
    cd /Users/mdd/zhk/kanpan/Kanpan
    builtin-infoPlistUtility /Users/mdd/zhk/kanpan/DerivedData-codex-device/Build/Intermediates.noindex/Kanpan.build/Debug-iphoneos/Kanpan.build/empty-Kanpan.plist -producttype com.apple.product-type.application -genpkginfo /Users/mdd/zhk/kanpan/DerivedData-codex-device/Build/Products/Debug-iphoneos/Kanpan.app/PkgInfo -expandbuildsettings -format binary -platform iphoneos -additionalcontentfile /Users/mdd/zhk/kanpan/DerivedData-codex-device/Build/Intermediates.noindex/Kanpan.build/Debug-iphoneos/Kanpan.build/assetcatalog_generated_info.plist -requiredArchitecture arm64 -o /Users/mdd/zhk/kanpan/DerivedData-codex-device/Build/Products/Debug-iphoneos/Kanpan.app/Info.plist

SwiftDriverJobDiscovery normal arm64 Compiling ChartHost.swift (in target 'Kanpan' from project 'Kanpan')

SwiftCompile normal arm64 Compiling\ PanelPresentation.swift /Users/mdd/zhk/kanpan/Kanpan/Kanpan/Panels/PanelPresentation.swift (in target 'Kanpan' from project 'Kanpan')

SwiftCompile normal arm64 /Users/mdd/zhk/kanpan/Kanpan/Kanpan/Panels/PanelPresentation.swift (in target 'Kanpan' from project 'Kanpan')
    cd /Users/mdd/zhk/kanpan/Kanpan
    

SwiftCompile normal arm64 Compiling\ StylePanel.swift /Users/mdd/zhk/kanpan/Kanpan/Kanpan/Panels/StylePanel.swift (in target 'Kanpan' from project 'Kanpan')

SwiftCompile normal arm64 /Users/mdd/zhk/kanpan/Kanpan/Kanpan/Panels/StylePanel.swift (in target 'Kanpan' from project 'Kanpan')
    cd /Users/mdd/zhk/kanpan/Kanpan
    

SwiftCompile normal arm64 Compiling\ SettingsPanel.swift /Users/mdd/zhk/kanpan/Kanpan/Kanpan/Panels/SettingsPanel.swift (in target 'Kanpan' from project 'Kanpan')

SwiftCompile normal arm64 /Users/mdd/zhk/kanpan/Kanpan/Kanpan/Panels/SettingsPanel.swift (in target 'Kanpan' from project 'Kanpan')
    cd /Users/mdd/zhk/kanpan/Kanpan
    

SwiftCompile normal arm64 Compiling\ SymbolPickerView.swift /Users/mdd/zhk/kanpan/Kanpan/Kanpan/Symbols/SymbolPickerView.swift (in target 'Kanpan' from project 'Kanpan')
SwiftCompile normal arm64 /Users/mdd/zhk/kanpan/Kanpan/Kanpan/Symbols/SymbolPickerView.swift (in target 'Kanpan' from project 'Kanpan')
    cd /Users/mdd/zhk/kanpan/Kanpan
    

SwiftCompile normal arm64 Compiling\ KanpanApp.swift /Users/mdd/zhk/kanpan/Kanpan/Kanpan/KanpanApp.swift (in target 'Kanpan' from project 'Kanpan')

SwiftCompile normal arm64 /Users/mdd/zhk/kanpan/Kanpan/Kanpan/KanpanApp.swift (in target 'Kanpan' from project 'Kanpan')
    cd /Users/mdd/zhk/kanpan/Kanpan
    

SwiftCompile normal arm64 Compiling\ PeriodPanel.swift /Users/mdd/zhk/kanpan/Kanpan/Kanpan/Panels/PeriodPanel.swift (in target 'Kanpan' from project 'Kanpan')

SwiftCompile normal arm64 /Users/mdd/zhk/kanpan/Kanpan/Kanpan/Panels/PeriodPanel.swift (in target 'Kanpan' from project 'Kanpan')
    cd /Users/mdd/zhk/kanpan/Kanpan
    

SwiftCompile normal arm64 Compiling\ StyleThumbnail.swift /Users/mdd/zhk/kanpan/Kanpan/Kanpan/Panels/StyleThumbnail.swift (in target 'Kanpan' from project 'Kanpan')

SwiftCompile normal arm64 /Users/mdd/zhk/kanpan/Kanpan/Kanpan/Panels/StyleThumbnail.swift (in target 'Kanpan' from project 'Kanpan')
    cd /Users/mdd/zhk/kanpan/Kanpan
    

SwiftCompile normal arm64 Compiling\ IndicatorPanel.swift /Users/mdd/zhk/kanpan/Kanpan/Kanpan/Panels/IndicatorPanel.swift (in target 'Kanpan' from project 'Kanpan')

SwiftCompile normal arm64 /Users/mdd/zhk/kanpan/Kanpan/Kanpan/Panels/IndicatorPanel.swift (in target 'Kanpan' from project 'Kanpan')
    cd /Users/mdd/zhk/kanpan/Kanpan
    

SwiftCompile normal arm64 Compiling\ ChartPanel.swift /Users/mdd/zhk/kanpan/Kanpan/Kanpan/Panels/ChartPanel.swift (in target 'Kanpan' from project 'Kanpan')

SwiftCompile normal arm64 /Users/mdd/zhk/kanpan/Kanpan/Kanpan/Panels/ChartPanel.swift (in target 'Kanpan' from project 'Kanpan')
    cd /Users/mdd/zhk/kanpan/Kanpan
    

SwiftDriverJobDiscovery normal arm64 Compiling KanpanApp.swift (in target 'Kanpan' from project 'Kanpan')

SwiftDriverJobDiscovery normal arm64 Compiling PeriodPanel.swift (in target 'Kanpan' from project 'Kanpan')

SwiftDriverJobDiscovery normal arm64 Compiling PanelPresentation.swift (in target 'Kanpan' from project 'Kanpan')

SwiftDriverJobDiscovery normal arm64 Compiling StyleThumbnail.swift (in target 'Kanpan' from project 'Kanpan')

SwiftDriverJobDiscovery normal arm64 Compiling StylePanel.swift (in target 'Kanpan' from project 'Kanpan')

SwiftDriverJobDiscovery normal arm64 Compiling MainScreen.swift (in target 'Kanpan' from project 'Kanpan')

SwiftDriverJobDiscovery normal arm64 Compiling SettingsPanel.swift (in target 'Kanpan' from project 'Kanpan')

SwiftDriverJobDiscovery normal arm64 Compiling ChartPanel.swift (in target 'Kanpan' from project 'Kanpan')

SwiftDriverJobDiscovery normal arm64 Compiling IndicatorPanel.swift (in target 'Kanpan' from project 'Kanpan')

SwiftDriverJobDiscovery normal arm64 Emitting module for Kanpan (in target 'Kanpan' from project 'Kanpan')

SwiftDriver\ Compilation\ Requirements Kanpan normal arm64 com.apple.xcode.tools.swift.compiler (in target 'Kanpan' from project 'Kanpan')
    cd /Users/mdd/zhk/kanpan/Kanpan
    builtin-Swift-Compilation-Requirements -- /Applications/Xcode.app/Contents/Developer/Toolchains/XcodeDefault.xctoolchain/usr/bin/swiftc -module-name Kanpan -Onone @/Users/mdd/zhk/kanpan/DerivedData-codex-device/Build/Intermediates.noindex/Kanpan.build/Debug-iphoneos/Kanpan.build/Objects-normal/arm64/Kanpan.SwiftFileList -DDEBUG -enable-experimental-feature DebugDescriptionMacro -sdk /Applications/Xcode.app/Contents/Developer/Platforms/iPhoneOS.platform/Developer/SDKs/iPhoneOS26.5.sdk -target arm64-apple-ios17.0 -g -module-cache-path /Users/mdd/zhk/kanpan/DerivedData-codex-device/ModuleCache.noindex -Xfrontend -serialize-debugging-options -enable-testing -index-store-path /Users/mdd/zhk/kanpan/DerivedData-codex-device/Index.noindex/DataStore -Xcc -D_LIBCPP_HARDENING_MODE\=_LIBCPP_HARDENING_MODE_DEBUG -swift-version 6 -I /Users/mdd/zhk/kanpan/DerivedData-codex-device/Build/Products/Debug-iphoneos -F /Users/mdd/zhk/kanpan/DerivedData-codex-device/Build/Products/Debug-iphoneos/PackageFrameworks -F /Users/mdd/zhk/kanpan/DerivedData-codex-device/Build/Products/Debug-iphoneos/PackageFrameworks -F /Users/mdd/zhk/kanpan/DerivedData-codex-device/Build/Products/Debug-iphoneos/PackageFrameworks -F /Users/mdd/zhk/kanpan/DerivedData-codex-device/Build/Products/Debug-iphoneos -emit-localized-strings -emit-localized-strings-path /Users/mdd/zhk/kanpan/DerivedData-codex-device/Build/Intermediates.noindex/Kanpan.build/Debug-iphoneos/Kanpan.build/Objects-normal/arm64 -c -j10 -enable-batch-mode -incremental -Xcc -ivfsstatcache -Xcc /Users/mdd/zhk/kanpan/DerivedData-codex-device/SDKStatCaches.noindex/iphoneos26.5-23F81a-32daed1954a7d5dd0789fcaf2a9bb78b.sdkstatcache -output-file-map /Users/mdd/zhk/kanpan/DerivedData-codex-device/Build/Intermediates.noindex/Kanpan.build/Debug-iphoneos/Kanpan.build/Objects-normal/arm64/Kanpan-OutputFileMap.json -use-frontend-parseable-output -save-temps -no-color-diagnostics -explicit-module-build -module-cache-path /Users/mdd/zhk/kanpan/DerivedData-codex-device/Build/Intermediates.noindex/SwiftExplicitPrecompiledModules -clang-scanner-module-cache-path /Users/mdd/zhk/kanpan/DerivedData-codex-device/ModuleCache.noindex -sdk-module-cache-path /Users/mdd/zhk/kanpan/DerivedData-codex-device/ModuleCache.noindex -serialize-diagnostics -emit-dependencies -emit-module -emit-module-path /Users/mdd/zhk/kanpan/DerivedData-codex-device/Build/Intermediates.noindex/Kanpan.build/Debug-iphoneos/Kanpan.build/Objects-normal/arm64/Kanpan.swiftmodule -validate-clang-modules-once -clang-build-session-file /Users/mdd/zhk/kanpan/DerivedData-codex-device/ModuleCache.noindex/Session.modulevalidation -Xcc -I/Users/mdd/zhk/kanpan/DerivedData-codex-device/Build/Intermediates.noindex/Kanpan.build/Debug-iphoneos/Kanpan.build/swift-overrides.hmap -emit-const-values -Xfrontend -const-gather-protocols-file -Xfrontend /Users/mdd/zhk/kanpan/DerivedData-codex-device/Build/Intermediates.noindex/Kanpan.build/Debug-iphoneos/Kanpan.build/Objects-normal/arm64/Kanpan_const_extract_protocols.json -Xcc -iquote -Xcc /Users/mdd/zhk/kanpan/DerivedData-codex-device/Build/Intermediates.noindex/Kanpan.build/Debug-iphoneos/Kanpan.build/Kanpan-generated-files.hmap -Xcc -I/Users/mdd/zhk/kanpan/DerivedData-codex-device/Build/Intermediates.noindex/Kanpan.build/Debug-iphoneos/Kanpan.build/Kanpan-own-target-headers.hmap -Xcc -I/Users/mdd/zhk/kanpan/DerivedData-codex-device/Build/Intermediates.noindex/Kanpan.build/Debug-iphoneos/Kanpan.build/Kanpan-all-non-framework-target-headers.hmap -Xcc -ivfsoverlay -Xcc /Users/mdd/zhk/kanpan/DerivedData-codex-device/Build/Intermediates.noindex/Kanpan.build/Debug-iphoneos/Kanpan-88f8e4f6458ff7f878983357411ed85c-VFS-iphoneos/all-product-headers.yaml -Xcc -iquote -Xcc /Users/mdd/zhk/kanpan/DerivedData-codex-device/Build/Intermediates.noindex/Kanpan.build/Debug-iphoneos/Kanpan.build/Kanpan-project-headers.hmap -Xcc -I/Users/mdd/zhk/kanpan/DerivedData-codex-device/Build/Products/Debug-iphoneos/include -Xcc -I/Users/mdd/zhk/kanpan/DerivedData-codex-device/Build/Intermediates.noindex/Kanpan.build/Debug-iphoneos/Kanpan.build/DerivedSources-normal/arm64 -Xcc -I/Users/mdd/zhk/kanpan/DerivedData-codex-device/Build/Intermediates.noindex/Kanpan.build/Debug-iphoneos/Kanpan.build/DerivedSources/arm64 -Xcc -I/Users/mdd/zhk/kanpan/DerivedData-codex-device/Build/Intermediates.noindex/Kanpan.build/Debug-iphoneos/Kanpan.build/DerivedSources -emit-objc-header -emit-objc-header-path /Users/mdd/zhk/kanpan/DerivedData-codex-device/Build/Intermediates.noindex/Kanpan.build/Debug-iphoneos/Kanpan.build/Objects-normal/arm64/Kanpan-Swift.h -working-directory /Users/mdd/zhk/kanpan/Kanpan -experimental-emit-module-separately -disable-cmo

Copy /Users/mdd/zhk/kanpan/DerivedData-codex-device/Build/Products/Debug-iphoneos/Kanpan.swiftmodule/Project/arm64-apple-ios.swiftsourceinfo /Users/mdd/zhk/kanpan/DerivedData-codex-device/Build/Intermediates.noindex/Kanpan.build/Debug-iphoneos/Kanpan.build/Objects-normal/arm64/Kanpan.swiftsourceinfo (in target 'Kanpan' from project 'Kanpan')
    cd /Users/mdd/zhk/kanpan/Kanpan
    builtin-copy -exclude .DS_Store -exclude CVS -exclude .svn -exclude .git -exclude .hg -strip-unsigned-binaries -strip-deterministic -strip-tool /Applications/Xcode.app/Contents/Developer/Toolchains/XcodeDefault.xctoolchain/usr/bin/strip -resolve-src-symlinks -rename /Users/mdd/zhk/kanpan/DerivedData-codex-device/Build/Intermediates.noindex/Kanpan.build/Debug-iphoneos/Kanpan.build/Objects-normal/arm64/Kanpan.swiftsourceinfo /Users/mdd/zhk/kanpan/DerivedData-codex-device/Build/Products/Debug-iphoneos/Kanpan.swiftmodule/Project/arm64-apple-ios.swiftsourceinfo

Copy /Users/mdd/zhk/kanpan/DerivedData-codex-device/Build/Products/Debug-iphoneos/Kanpan.swiftmodule/arm64-apple-ios.abi.json /Users/mdd/zhk/kanpan/DerivedData-codex-device/Build/Intermediates.noindex/Kanpan.build/Debug-iphoneos/Kanpan.build/Objects-normal/arm64/Kanpan.abi.json (in target 'Kanpan' from project 'Kanpan')
    cd /Users/mdd/zhk/kanpan/Kanpan
    builtin-copy -exclude .DS_Store -exclude CVS -exclude .svn -exclude .git -exclude .hg -strip-unsigned-binaries -strip-deterministic -strip-tool /Applications/Xcode.app/Contents/Developer/Toolchains/XcodeDefault.xctoolchain/usr/bin/strip -resolve-src-symlinks -rename /Users/mdd/zhk/kanpan/DerivedData-codex-device/Build/Intermediates.noindex/Kanpan.build/Debug-iphoneos/Kanpan.build/Objects-normal/arm64/Kanpan.abi.json /Users/mdd/zhk/kanpan/DerivedData-codex-device/Build/Products/Debug-iphoneos/Kanpan.swiftmodule/arm64-apple-ios.abi.json

Copy /Users/mdd/zhk/kanpan/DerivedData-codex-device/Build/Products/Debug-iphoneos/Kanpan.swiftmodule/arm64-apple-ios.swiftmodule /Users/mdd/zhk/kanpan/DerivedData-codex-device/Build/Intermediates.noindex/Kanpan.build/Debug-iphoneos/Kanpan.build/Objects-normal/arm64/Kanpan.swiftmodule (in target 'Kanpan' from project 'Kanpan')
    cd /Users/mdd/zhk/kanpan/Kanpan
    builtin-copy -exclude .DS_Store -exclude CVS -exclude .svn -exclude .git -exclude .hg -strip-unsigned-binaries -strip-deterministic -strip-tool /Applications/Xcode.app/Contents/Developer/Toolchains/XcodeDefault.xctoolchain/usr/bin/strip -resolve-src-symlinks -rename /Users/mdd/zhk/kanpan/DerivedData-codex-device/Build/Intermediates.noindex/Kanpan.build/Debug-iphoneos/Kanpan.build/Objects-normal/arm64/Kanpan.swiftmodule /Users/mdd/zhk/kanpan/DerivedData-codex-device/Build/Products/Debug-iphoneos/Kanpan.swiftmodule/arm64-apple-ios.swiftmodule

Copy /Users/mdd/zhk/kanpan/DerivedData-codex-device/Build/Products/Debug-iphoneos/Kanpan.swiftmodule/arm64-apple-ios.swiftdoc /Users/mdd/zhk/kanpan/DerivedData-codex-device/Build/Intermediates.noindex/Kanpan.build/Debug-iphoneos/Kanpan.build/Objects-normal/arm64/Kanpan.swiftdoc (in target 'Kanpan' from project 'Kanpan')
    cd /Users/mdd/zhk/kanpan/Kanpan
    builtin-copy -exclude .DS_Store -exclude CVS -exclude .svn -exclude .git -exclude .hg -strip-unsigned-binaries -strip-deterministic -strip-tool /Applications/Xcode.app/Contents/Developer/Toolchains/XcodeDefault.xctoolchain/usr/bin/strip -resolve-src-symlinks -rename /Users/mdd/zhk/kanpan/DerivedData-codex-device/Build/Intermediates.noindex/Kanpan.build/Debug-iphoneos/Kanpan.build/Objects-normal/arm64/Kanpan.swiftdoc /Users/mdd/zhk/kanpan/DerivedData-codex-device/Build/Products/Debug-iphoneos/Kanpan.swiftmodule/arm64-apple-ios.swiftdoc

ProcessProductPackaging /Users/mdd/Library/Developer/Xcode/UserData/Provisioning\ Profiles/85f3d3a5-28b1-4344-a61e-4f39b6ac998d.mobileprovision /Users/mdd/zhk/kanpan/DerivedData-codex-device/Build/Products/Debug-iphoneos/KanpanUITests-Runner.app/embedded.mobileprovision (in target 'KanpanUITests' from project 'Kanpan')
    cd /Users/mdd/zhk/kanpan/Kanpan
    builtin-productPackagingUtility /Users/mdd/Library/Developer/Xcode/UserData/Provisioning\ Profiles/85f3d3a5-28b1-4344-a61e-4f39b6ac998d.mobileprovision -o /Users/mdd/zhk/kanpan/DerivedData-codex-device/Build/Products/Debug-iphoneos/KanpanUITests-Runner.app/embedded.mobileprovision

ProcessProductPackaging "" /Users/mdd/zhk/kanpan/DerivedData-codex-device/Build/Intermediates.noindex/Kanpan.build/Debug-iphoneos/KanpanUITests.build/KanpanUITests.xctest.xcent (in target 'KanpanUITests' from project 'Kanpan')
    cd /Users/mdd/zhk/kanpan/Kanpan
    
    Entitlements:
    
    {
    "application-identifier" = "27Y32PT2HZ.com.mdd.kanpan.uitests.xctrunner";
    "com.apple.developer.team-identifier" = 27Y32PT2HZ;
    "get-task-allow" = 1;
    "keychain-access-groups" =     (
        "27Y32PT2HZ.com.mdd.kanpan.uitests.xctrunner"
    );
}
    
    builtin-productPackagingUtility -entitlements -format xml -o /Users/mdd/zhk/kanpan/DerivedData-codex-device/Build/Intermediates.noindex/Kanpan.build/Debug-iphoneos/KanpanUITests.build/KanpanUITests.xctest.xcent

ProcessProductPackagingDER /Users/mdd/zhk/kanpan/DerivedData-codex-device/Build/Intermediates.noindex/Kanpan.build/Debug-iphoneos/KanpanUITests.build/KanpanUITests.xctest.xcent /Users/mdd/zhk/kanpan/DerivedData-codex-device/Build/Intermediates.noindex/Kanpan.build/Debug-iphoneos/KanpanUITests.build/KanpanUITests.xctest.xcent.der (in target 'KanpanUITests' from project 'Kanpan')
    cd /Users/mdd/zhk/kanpan/Kanpan
    /usr/bin/derq query -f xml -i /Users/mdd/zhk/kanpan/DerivedData-codex-device/Build/Intermediates.noindex/Kanpan.build/Debug-iphoneos/KanpanUITests.build/KanpanUITests.xctest.xcent -o /Users/mdd/zhk/kanpan/DerivedData-codex-device/Build/Intermediates.noindex/Kanpan.build/Debug-iphoneos/KanpanUITests.build/KanpanUITests.xctest.xcent.der --raw

SwiftDriver KanpanUITests normal arm64 com.apple.xcode.tools.swift.compiler (in target 'KanpanUITests' from project 'Kanpan')
    cd /Users/mdd/zhk/kanpan/Kanpan
    builtin-SwiftDriver -- /Applications/Xcode.app/Contents/Developer/Toolchains/XcodeDefault.xctoolchain/usr/bin/swiftc -module-name KanpanUITests -Onone @/Users/mdd/zhk/kanpan/DerivedData-codex-device/Build/Intermediates.noindex/Kanpan.build/Debug-iphoneos/KanpanUITests.build/Objects-normal/arm64/KanpanUITests.SwiftFileList -DDEBUG -module-alias Testing\=_Testing_Unavailable -plugin-path /Applications/Xcode.app/Contents/Developer/Toolchains/XcodeDefault.xctoolchain/usr/lib/swift/host/plugins/testing -enable-experimental-feature DebugDescriptionMacro -sdk /Applications/Xcode.app/Contents/Developer/Platforms/iPhoneOS.platform/Developer/SDKs/iPhoneOS26.5.sdk -target arm64-apple-ios17.0 -g -module-cache-path /Users/mdd/zhk/kanpan/DerivedData-codex-device/ModuleCache.noindex -Xfrontend -serialize-debugging-options -enable-testing -index-store-path /Users/mdd/zhk/kanpan/DerivedData-codex-device/Index.noindex/DataStore -Xcc -D_LIBCPP_HARDENING_MODE\=_LIBCPP_HARDENING_MODE_DEBUG -swift-version 6 -I /Users/mdd/zhk/kanpan/DerivedData-codex-device/Build/Products/Debug-iphoneos -Isystem /Applications/Xcode.app/Contents/Developer/Platforms/iPhoneOS.platform/Developer/usr/lib -F /Users/mdd/zhk/kanpan/DerivedData-codex-device/Build/Products/Debug-iphoneos -F /Applications/Xcode.app/Contents/Developer/Platforms/iPhoneOS.platform/Developer/Library/Frameworks -F /Applications/Xcode.app/Contents/Developer/Platforms/iPhoneOS.platform/Developer/SDKs/iPhoneOS26.5.sdk/Developer/Library/Frameworks -c -j10 -enable-batch-mode -incremental -Xcc -ivfsstatcache -Xcc /Users/mdd/zhk/kanpan/DerivedData-codex-device/SDKStatCaches.noindex/iphoneos26.5-23F81a-32daed1954a7d5dd0789fcaf2a9bb78b.sdkstatcache -output-file-map /Users/mdd/zhk/kanpan/DerivedData-codex-device/Build/Intermediates.noindex/Kanpan.build/Debug-iphoneos/KanpanUITests.build/Objects-normal/arm64/KanpanUITests-OutputFileMap.json -use-frontend-parseable-output -save-temps -no-color-diagnostics -explicit-module-build -module-cache-path /Users/mdd/zhk/kanpan/DerivedData-codex-device/Build/Intermediates.noindex/SwiftExplicitPrecompiledModules -clang-scanner-module-cache-path /Users/mdd/zhk/kanpan/DerivedData-codex-device/ModuleCache.noindex -sdk-module-cache-path /Users/mdd/zhk/kanpan/DerivedData-codex-device/ModuleCache.noindex -serialize-diagnostics -emit-dependencies -emit-module -emit-module-path /Users/mdd/zhk/kanpan/DerivedData-codex-device/Build/Intermediates.noindex/Kanpan.build/Debug-iphoneos/KanpanUITests.build/Objects-normal/arm64/KanpanUITests.swiftmodule -validate-clang-modules-once -clang-build-session-file /Users/mdd/zhk/kanpan/DerivedData-codex-device/ModuleCache.noindex/Session.modulevalidation -Xcc -I/Users/mdd/zhk/kanpan/DerivedData-codex-device/Build/Intermediates.noindex/Kanpan.build/Debug-iphoneos/KanpanUITests.build/swift-overrides.hmap -emit-const-values -Xfrontend -const-gather-protocols-file -Xfrontend /Users/mdd/zhk/kanpan/DerivedData-codex-device/Build/Intermediates.noindex/Kanpan.build/Debug-iphoneos/KanpanUITests.build/Objects-normal/arm64/KanpanUITests_const_extract_protocols.json -Xcc -iquote -Xcc /Users/mdd/zhk/kanpan/DerivedData-codex-device/Build/Intermediates.noindex/Kanpan.build/Debug-iphoneos/KanpanUITests.build/KanpanUITests-generated-files.hmap -Xcc -I/Users/mdd/zhk/kanpan/DerivedData-codex-device/Build/Intermediates.noindex/Kanpan.build/Debug-iphoneos/KanpanUITests.build/KanpanUITests-own-target-headers.hmap -Xcc -I/Users/mdd/zhk/kanpan/DerivedData-codex-device/Build/Intermediates.noindex/Kanpan.build/Debug-iphoneos/KanpanUITests.build/KanpanUITests-all-non-framework-target-headers.hmap -Xcc -ivfsoverlay -Xcc /Users/mdd/zhk/kanpan/DerivedData-codex-device/Build/Intermediates.noindex/Kanpan.build/Debug-iphoneos/Kanpan-88f8e4f6458ff7f878983357411ed85c-VFS-iphoneos/all-product-headers.yaml -Xcc -iquote -Xcc /Users/mdd/zhk/kanpan/DerivedData-codex-device/Build/Intermediates.noindex/Kanpan.build/Debug-iphoneos/KanpanUITests.build/KanpanUITests-project-headers.hmap -Xcc -I/Users/mdd/zhk/kanpan/DerivedData-codex-device/Build/Products/Debug-iphoneos/include -Xcc -I/Users/mdd/zhk/kanpan/DerivedData-codex-device/Build/Intermediates.noindex/Kanpan.build/Debug-iphoneos/KanpanUITests.build/DerivedSources-normal/arm64 -Xcc -I/Users/mdd/zhk/kanpan/DerivedData-codex-device/Build/Intermediates.noindex/Kanpan.build/Debug-iphoneos/KanpanUITests.build/DerivedSources/arm64 -Xcc -I/Users/mdd/zhk/kanpan/DerivedData-codex-device/Build/Intermediates.noindex/Kanpan.build/Debug-iphoneos/KanpanUITests.build/DerivedSources -emit-objc-header -emit-objc-header-path /Users/mdd/zhk/kanpan/DerivedData-codex-device/Build/Intermediates.noindex/Kanpan.build/Debug-iphoneos/KanpanUITests.build/Objects-normal/arm64/KanpanUITests-Swift.h -working-directory /Users/mdd/zhk/kanpan/Kanpan -experimental-emit-module-separately -disable-cmo

SwiftDriverJobDiscovery normal arm64 Compiling SymbolPickerView.swift (in target 'Kanpan' from project 'Kanpan')

SwiftDriver\ Compilation Kanpan normal arm64 com.apple.xcode.tools.swift.compiler (in target 'Kanpan' from project 'Kanpan')
    cd /Users/mdd/zhk/kanpan/Kanpan
    builtin-Swift-Compilation -- /Applications/Xcode.app/Contents/Developer/Toolchains/XcodeDefault.xctoolchain/usr/bin/swiftc -module-name Kanpan -Onone @/Users/mdd/zhk/kanpan/DerivedData-codex-device/Build/Intermediates.noindex/Kanpan.build/Debug-iphoneos/Kanpan.build/Objects-normal/arm64/Kanpan.SwiftFileList -DDEBUG -enable-experimental-feature DebugDescriptionMacro -sdk /Applications/Xcode.app/Contents/Developer/Platforms/iPhoneOS.platform/Developer/SDKs/iPhoneOS26.5.sdk -target arm64-apple-ios17.0 -g -module-cache-path /Users/mdd/zhk/kanpan/DerivedData-codex-device/ModuleCache.noindex -Xfrontend -serialize-debugging-options -enable-testing -index-store-path /Users/mdd/zhk/kanpan/DerivedData-codex-device/Index.noindex/DataStore -Xcc -D_LIBCPP_HARDENING_MODE\=_LIBCPP_HARDENING_MODE_DEBUG -swift-version 6 -I /Users/mdd/zhk/kanpan/DerivedData-codex-device/Build/Products/Debug-iphoneos -F /Users/mdd/zhk/kanpan/DerivedData-codex-device/Build/Products/Debug-iphoneos/PackageFrameworks -F /Users/mdd/zhk/kanpan/DerivedData-codex-device/Build/Products/Debug-iphoneos/PackageFrameworks -F /Users/mdd/zhk/kanpan/DerivedData-codex-device/Build/Products/Debug-iphoneos/PackageFrameworks -F /Users/mdd/zhk/kanpan/DerivedData-codex-device/Build/Products/Debug-iphoneos -emit-localized-strings -emit-localized-strings-path /Users/mdd/zhk/kanpan/DerivedData-codex-device/Build/Intermediates.noindex/Kanpan.build/Debug-iphoneos/Kanpan.build/Objects-normal/arm64 -c -j10 -enable-batch-mode -incremental -Xcc -ivfsstatcache -Xcc /Users/mdd/zhk/kanpan/DerivedData-codex-device/SDKStatCaches.noindex/iphoneos26.5-23F81a-32daed1954a7d5dd0789fcaf2a9bb78b.sdkstatcache -output-file-map /Users/mdd/zhk/kanpan/DerivedData-codex-device/Build/Intermediates.noindex/Kanpan.build/Debug-iphoneos/Kanpan.build/Objects-normal/arm64/Kanpan-OutputFileMap.json -use-frontend-parseable-output -save-temps -no-color-diagnostics -explicit-module-build -module-cache-path /Users/mdd/zhk/kanpan/DerivedData-codex-device/Build/Intermediates.noindex/SwiftExplicitPrecompiledModules -clang-scanner-module-cache-path /Users/mdd/zhk/kanpan/DerivedData-codex-device/ModuleCache.noindex -sdk-module-cache-path /Users/mdd/zhk/kanpan/DerivedData-codex-device/ModuleCache.noindex -serialize-diagnostics -emit-dependencies -emit-module -emit-module-path /Users/mdd/zhk/kanpan/DerivedData-codex-device/Build/Intermediates.noindex/Kanpan.build/Debug-iphoneos/Kanpan.build/Objects-normal/arm64/Kanpan.swiftmodule -validate-clang-modules-once -clang-build-session-file /Users/mdd/zhk/kanpan/DerivedData-codex-device/ModuleCache.noindex/Session.modulevalidation -Xcc -I/Users/mdd/zhk/kanpan/DerivedData-codex-device/Build/Intermediates.noindex/Kanpan.build/Debug-iphoneos/Kanpan.build/swift-overrides.hmap -emit-const-values -Xfrontend -const-gather-protocols-file -Xfrontend /Users/mdd/zhk/kanpan/DerivedData-codex-device/Build/Intermediates.noindex/Kanpan.build/Debug-iphoneos/Kanpan.build/Objects-normal/arm64/Kanpan_const_extract_protocols.json -Xcc -iquote -Xcc /Users/mdd/zhk/kanpan/DerivedData-codex-device/Build/Intermediates.noindex/Kanpan.build/Debug-iphoneos/Kanpan.build/Kanpan-generated-files.hmap -Xcc -I/Users/mdd/zhk/kanpan/DerivedData-codex-device/Build/Intermediates.noindex/Kanpan.build/Debug-iphoneos/Kanpan.build/Kanpan-own-target-headers.hmap -Xcc -I/Users/mdd/zhk/kanpan/DerivedData-codex-device/Build/Intermediates.noindex/Kanpan.build/Debug-iphoneos/Kanpan.build/Kanpan-all-non-framework-target-headers.hmap -Xcc -ivfsoverlay -Xcc /Users/mdd/zhk/kanpan/DerivedData-codex-device/Build/Intermediates.noindex/Kanpan.build/Debug-iphoneos/Kanpan-88f8e4f6458ff7f878983357411ed85c-VFS-iphoneos/all-product-headers.yaml -Xcc -iquote -Xcc /Users/mdd/zhk/kanpan/DerivedData-codex-device/Build/Intermediates.noindex/Kanpan.build/Debug-iphoneos/Kanpan.build/Kanpan-project-headers.hmap -Xcc -I/Users/mdd/zhk/kanpan/DerivedData-codex-device/Build/Products/Debug-iphoneos/include -Xcc -I/Users/mdd/zhk/kanpan/DerivedData-codex-device/Build/Intermediates.noindex/Kanpan.build/Debug-iphoneos/Kanpan.build/DerivedSources-normal/arm64 -Xcc -I/Users/mdd/zhk/kanpan/DerivedData-codex-device/Build/Intermediates.noindex/Kanpan.build/Debug-iphoneos/Kanpan.build/DerivedSources/arm64 -Xcc -I/Users/mdd/zhk/kanpan/DerivedData-codex-device/Build/Intermediates.noindex/Kanpan.build/Debug-iphoneos/Kanpan.build/DerivedSources -emit-objc-header -emit-objc-header-path /Users/mdd/zhk/kanpan/DerivedData-codex-device/Build/Intermediates.noindex/Kanpan.build/Debug-iphoneos/Kanpan.build/Objects-normal/arm64/Kanpan-Swift.h -working-directory /Users/mdd/zhk/kanpan/Kanpan -experimental-emit-module-separately -disable-cmo

Ld /Users/mdd/zhk/kanpan/DerivedData-codex-device/Build/Products/Debug-iphoneos/Kanpan.app/Kanpan.debug.dylib normal (in target 'Kanpan' from project 'Kanpan')
    cd /Users/mdd/zhk/kanpan/Kanpan
    /Applications/Xcode.app/Contents/Developer/Toolchains/XcodeDefault.xctoolchain/usr/bin/clang -Xlinker -reproducible -target arm64-apple-ios17.0 -dynamiclib -isysroot /Applications/Xcode.app/Contents/Developer/Platforms/iPhoneOS.platform/Developer/SDKs/iPhoneOS26.5.sdk -O0 -L/Users/mdd/zhk/kanpan/DerivedData-codex-device/Build/Intermediates.noindex/EagerLinkingTBDs/Debug-iphoneos -L/Users/mdd/zhk/kanpan/DerivedData-codex-device/Build/Products/Debug-iphoneos -F/Users/mdd/zhk/kanpan/DerivedData-codex-device/Build/Intermediates.noindex/EagerLinkingTBDs/Debug-iphoneos -F/Users/mdd/zhk/kanpan/DerivedData-codex-device/Build/Products/Debug-iphoneos/PackageFrameworks -F/Users/mdd/zhk/kanpan/DerivedData-codex-device/Build/Products/Debug-iphoneos/PackageFrameworks -F/Users/mdd/zhk/kanpan/DerivedData-codex-device/Build/Products/Debug-iphoneos/PackageFrameworks -F/Users/mdd/zhk/kanpan/DerivedData-codex-device/Build/Products/Debug-iphoneos -filelist /Users/mdd/zhk/kanpan/DerivedData-codex-device/Build/Intermediates.noindex/Kanpan.build/Debug-iphoneos/Kanpan.build/Objects-normal/arm64/Kanpan.LinkFileList -install_name @rpath/Kanpan.debug.dylib -Xlinker -rpath -Xlinker /usr/lib/swift -Xlinker -rpath -Xlinker /Users/mdd/zhk/kanpan/DerivedData-codex-device/Build/Products/Debug-iphoneos/PackageFrameworks -Xlinker -rpath -Xlinker @executable_path/Frameworks -Xlinker -dead_strip -Xlinker -object_path_lto -Xlinker /Users/mdd/zhk/kanpan/DerivedData-codex-device/Build/Intermediates.noindex/Kanpan.build/Debug-iphoneos/Kanpan.build/Objects-normal/arm64/Kanpan_lto.o -rdynamic -Xlinker -no_deduplicate -Xlinker -dependency_info -Xlinker /Users/mdd/zhk/kanpan/DerivedData-codex-device/Build/Intermediates.noindex/Kanpan.build/Debug-iphoneos/Kanpan.build/Objects-normal/arm64/Kanpan_dependency_info.dat -fobjc-link-runtime -L/Applications/Xcode.app/Contents/Developer/Toolchains/XcodeDefault.xctoolchain/usr/lib/swift/iphoneos -L/usr/lib/swift -Xlinker -add_ast_path -Xlinker /Users/mdd/zhk/kanpan/DerivedData-codex-device/Build/Intermediates.noindex/Kanpan.build/Debug-iphoneos/Kanpan.build/Objects-normal/arm64/Kanpan.swiftmodule @/Users/mdd/zhk/kanpan/DerivedData-codex-device/Build/Intermediates.noindex/Kanpan.build/Debug-iphoneos/Kanpan.build/Objects-normal/arm64/Kanpan-linker-args.resp -Wl,-no_warn_duplicate_libraries -Wl,-no_warn_duplicate_libraries -Wl,-no_warn_duplicate_libraries -Xlinker -alias -Xlinker _main -Xlinker ___debug_main_executable_dylib_entry_point -Xlinker -no_adhoc_codesign -o /Users/mdd/zhk/kanpan/DerivedData-codex-device/Build/Products/Debug-iphoneos/Kanpan.app/Kanpan.debug.dylib -Xlinker -add_ast_path -Xlinker /Users/mdd/zhk/kanpan/DerivedData-codex-device/Build/Intermediates.noindex/KanpanCore.build/Debug-iphoneos/KanpanCore.build/Objects-normal/arm64/KanpanCore.swiftmodule @/Users/mdd/zhk/kanpan/DerivedData-codex-device/Build/Intermediates.noindex/KanpanCore.build/Debug-iphoneos/KanpanCore.build/Objects-normal/arm64/KanpanCore-linker-args.resp -Xlinker -add_ast_path -Xlinker /Users/mdd/zhk/kanpan/DerivedData-codex-device/Build/Intermediates.noindex/KanpanChart.build/Debug-iphoneos/KanpanChart.build/Objects-normal/arm64/KanpanChart.swiftmodule @/Users/mdd/zhk/kanpan/DerivedData-codex-device/Build/Intermediates.noindex/KanpanChart.build/Debug-iphoneos/KanpanChart.build/Objects-normal/arm64/KanpanChart-linker-args.resp -Xlinker -add_ast_path -Xlinker /Users/mdd/zhk/kanpan/DerivedData-codex-device/Build/Intermediates.noindex/KanpanData.build/Debug-iphoneos/KanpanData.build/Objects-normal/arm64/KanpanData.swiftmodule @/Users/mdd/zhk/kanpan/DerivedData-codex-device/Build/Intermediates.noindex/KanpanData.build/Debug-iphoneos/KanpanData.build/Objects-normal/arm64/KanpanData-linker-args.resp

ConstructStubExecutorLinkFileList /Users/mdd/zhk/kanpan/DerivedData-codex-device/Build/Intermediates.noindex/Kanpan.build/Debug-iphoneos/Kanpan.build/Kanpan-ExecutorLinkFileList-normal-arm64.txt (in target 'Kanpan' from project 'Kanpan')
    cd /Users/mdd/zhk/kanpan/Kanpan
    construct-stub-executor-link-file-list /Users/mdd/zhk/kanpan/DerivedData-codex-device/Build/Products/Debug-iphoneos/Kanpan.app/Kanpan.debug.dylib /Applications/Xcode.app/Contents/Developer/Platforms/iPhoneOS.platform/Developer/usr/lib/libPreviewsJITStubExecutor_no_swift_entry_point.a /Applications/Xcode.app/Contents/Developer/Platforms/iPhoneOS.platform/Developer/usr/lib/libPreviewsJITStubExecutor.a --output /Users/mdd/zhk/kanpan/DerivedData-codex-device/Build/Intermediates.noindex/Kanpan.build/Debug-iphoneos/Kanpan.build/Kanpan-ExecutorLinkFileList-normal-arm64.txt
note: Using stub executor library with Swift entry point. (in target 'Kanpan' from project 'Kanpan')

Ld /Users/mdd/zhk/kanpan/DerivedData-codex-device/Build/Products/Debug-iphoneos/Kanpan.app/Kanpan normal (in target 'Kanpan' from project 'Kanpan')
    cd /Users/mdd/zhk/kanpan/Kanpan
    /Applications/Xcode.app/Contents/Developer/Toolchains/XcodeDefault.xctoolchain/usr/bin/clang -Xlinker -reproducible -target arm64-apple-ios17.0 -isysroot /Applications/Xcode.app/Contents/Developer/Platforms/iPhoneOS.platform/Developer/SDKs/iPhoneOS26.5.sdk -O0 -L/Users/mdd/zhk/kanpan/DerivedData-codex-device/Build/Products/Debug-iphoneos -F/Users/mdd/zhk/kanpan/DerivedData-codex-device/Build/Products/Debug-iphoneos/PackageFrameworks -F/Users/mdd/zhk/kanpan/DerivedData-codex-device/Build/Products/Debug-iphoneos/PackageFrameworks -F/Users/mdd/zhk/kanpan/DerivedData-codex-device/Build/Products/Debug-iphoneos/PackageFrameworks -F/Users/mdd/zhk/kanpan/DerivedData-codex-device/Build/Products/Debug-iphoneos -Xlinker -rpath -Xlinker @executable_path -Xlinker -rpath -Xlinker /Users/mdd/zhk/kanpan/DerivedData-codex-device/Build/Products/Debug-iphoneos/PackageFrameworks -Xlinker -rpath -Xlinker @executable_path/Frameworks -rdynamic -Xlinker -no_deduplicate -e ___debug_blank_executor_main -Xlinker -sectcreate -Xlinker __TEXT -Xlinker __debug_dylib -Xlinker /Users/mdd/zhk/kanpan/DerivedData-codex-device/Build/Intermediates.noindex/Kanpan.build/Debug-iphoneos/Kanpan.build/Kanpan-DebugDylibPath-normal-arm64.txt -Xlinker -sectcreate -Xlinker __TEXT -Xlinker __debug_instlnm -Xlinker /Users/mdd/zhk/kanpan/DerivedData-codex-device/Build/Intermediates.noindex/Kanpan.build/Debug-iphoneos/Kanpan.build/Kanpan-DebugDylibInstallName-normal-arm64.txt -Xlinker -filelist -Xlinker /Users/mdd/zhk/kanpan/DerivedData-codex-device/Build/Intermediates.noindex/Kanpan.build/Debug-iphoneos/Kanpan.build/Kanpan-ExecutorLinkFileList-normal-arm64.txt /Users/mdd/zhk/kanpan/DerivedData-codex-device/Build/Products/Debug-iphoneos/Kanpan.app/Kanpan.debug.dylib -Xlinker -no_adhoc_codesign -o /Users/mdd/zhk/kanpan/DerivedData-codex-device/Build/Products/Debug-iphoneos/Kanpan.app/Kanpan

CopySwiftLibs /Users/mdd/zhk/kanpan/DerivedData-codex-device/Build/Products/Debug-iphoneos/Kanpan.app (in target 'Kanpan' from project 'Kanpan')
    cd /Users/mdd/zhk/kanpan/Kanpan
    builtin-swiftStdLibTool --copy --verbose --sign E0C31B074D83DD35DE7C0A5EC6895DE9617C460A --scan-executable /Users/mdd/zhk/kanpan/DerivedData-codex-device/Build/Products/Debug-iphoneos/Kanpan.app/Kanpan.debug.dylib --scan-folder /Users/mdd/zhk/kanpan/DerivedData-codex-device/Build/Products/Debug-iphoneos/Kanpan.app/Frameworks --scan-folder /Users/mdd/zhk/kanpan/DerivedData-codex-device/Build/Products/Debug-iphoneos/Kanpan.app/PlugIns --scan-folder /Users/mdd/zhk/kanpan/DerivedData-codex-device/Build/Products/Debug-iphoneos/Kanpan.app/SystemExtensions --scan-folder /Users/mdd/zhk/kanpan/DerivedData-codex-device/Build/Products/Debug-iphoneos/Kanpan.app/Extensions --platform iphoneos --toolchain /Applications/Xcode.app/Contents/Developer/Toolchains/XcodeDefault.xctoolchain --destination /Users/mdd/zhk/kanpan/DerivedData-codex-device/Build/Products/Debug-iphoneos/Kanpan.app/Frameworks --strip-bitcode --strip-bitcode-tool /Applications/Xcode.app/Contents/Developer/Toolchains/XcodeDefault.xctoolchain/usr/bin/bitcode_strip --emit-dependency-info /Users/mdd/zhk/kanpan/DerivedData-codex-device/Build/Intermediates.noindex/Kanpan.build/Debug-iphoneos/Kanpan.build/SwiftStdLibToolInputDependencies.dep --filter-for-swift-os

ExtractAppIntentsMetadata (in target 'Kanpan' from project 'Kanpan')
    cd /Users/mdd/zhk/kanpan/Kanpan
    /Applications/Xcode.app/Contents/Developer/Toolchains/XcodeDefault.xctoolchain/usr/bin/appintentsmetadataprocessor --toolchain-dir /Applications/Xcode.app/Contents/Developer/Toolchains/XcodeDefault.xctoolchain --module-name Kanpan --sdk-root /Applications/Xcode.app/Contents/Developer/Platforms/iPhoneOS.platform/Developer/SDKs/iPhoneOS26.5.sdk --xcode-version 17F113 --platform-family iOS --deployment-target 17.0 --bundle-identifier com.mdd.kanpan --output /Users/mdd/zhk/kanpan/DerivedData-codex-device/Build/Products/Debug-iphoneos/Kanpan.app --target-triple arm64-apple-ios17.0 --binary-file /Users/mdd/zhk/kanpan/DerivedData-codex-device/Build/Products/Debug-iphoneos/Kanpan.app/Kanpan --dependency-file /Users/mdd/zhk/kanpan/DerivedData-codex-device/Build/Intermediates.noindex/Kanpan.build/Debug-iphoneos/Kanpan.build/Objects-normal/arm64/Kanpan_dependency_info.dat --stringsdata-file /Users/mdd/zhk/kanpan/DerivedData-codex-device/Build/Intermediates.noindex/Kanpan.build/Debug-iphoneos/Kanpan.build/Objects-normal/arm64/ExtractedAppShortcutsMetadata.stringsdata --source-file-list /Users/mdd/zhk/kanpan/DerivedData-codex-device/Build/Intermediates.noindex/Kanpan.build/Debug-iphoneos/Kanpan.build/Objects-normal/arm64/Kanpan.SwiftFileList --metadata-file-list /Users/mdd/zhk/kanpan/DerivedData-codex-device/Build/Intermediates.noindex/Kanpan.build/Debug-iphoneos/Kanpan.build/Kanpan.DependencyMetadataFileList --static-metadata-file-list /Users/mdd/zhk/kanpan/DerivedData-codex-device/Build/Intermediates.noindex/Kanpan.build/Debug-iphoneos/Kanpan.build/Kanpan.DependencyStaticMetadataFileList --swift-const-vals-list /Users/mdd/zhk/kanpan/DerivedData-codex-device/Build/Intermediates.noindex/Kanpan.build/Debug-iphoneos/Kanpan.build/Objects-normal/arm64/Kanpan.SwiftConstValuesFileList --compile-time-extraction --deployment-aware-processing --validate-assistant-intents --no-app-shortcuts-localization
2026-09-14 22:17:29.529 appintentsmetadataprocessor[70656:31400181] Starting appintentsmetadataprocessor export
2026-09-14 22:17:29.530 appintentsmetadataprocessor[70656:31400181] warning: Metadata extraction skipped. No AppIntents.framework dependency found.

CodeSign /Users/mdd/zhk/kanpan/DerivedData-codex-device/Build/Products/Debug-iphoneos/Kanpan.app/Kanpan.debug.dylib (in target 'Kanpan' from project 'Kanpan')
    cd /Users/mdd/zhk/kanpan/Kanpan
    
    Signing Identity:     "Apple Development: eth2022df@gmail.com (RZ92N4R9JW)"
    Provisioning Profile: "iOS Team Provisioning Profile: com.mdd.kanpan"
                          (5293a111-32ef-468a-935c-3371af81f9dd)
    
    /usr/bin/codesign --force --sign E0C31B074D83DD35DE7C0A5EC6895DE9617C460A --timestamp\=none --generate-entitlement-der /Users/mdd/zhk/kanpan/DerivedData-codex-device/Build/Products/Debug-iphoneos/Kanpan.app/Kanpan.debug.dylib

CodeSign /Users/mdd/zhk/kanpan/DerivedData-codex-device/Build/Products/Debug-iphoneos/Kanpan.app/__preview.dylib (in target 'Kanpan' from project 'Kanpan')
    cd /Users/mdd/zhk/kanpan/Kanpan
    
    Signing Identity:     "Apple Development: eth2022df@gmail.com (RZ92N4R9JW)"
    Provisioning Profile: "iOS Team Provisioning Profile: com.mdd.kanpan"
                          (5293a111-32ef-468a-935c-3371af81f9dd)
    
    /usr/bin/codesign --force --sign E0C31B074D83DD35DE7C0A5EC6895DE9617C460A --timestamp\=none --generate-entitlement-der /Users/mdd/zhk/kanpan/DerivedData-codex-device/Build/Products/Debug-iphoneos/Kanpan.app/__preview.dylib
/Users/mdd/zhk/kanpan/DerivedData-codex-device/Build/Products/Debug-iphoneos/Kanpan.app/__preview.dylib: replacing existing signature

CodeSign /Users/mdd/zhk/kanpan/DerivedData-codex-device/Build/Products/Debug-iphoneos/Kanpan.app (in target 'Kanpan' from project 'Kanpan')
    cd /Users/mdd/zhk/kanpan/Kanpan
    
    Signing Identity:     "Apple Development: eth2022df@gmail.com (RZ92N4R9JW)"
    Provisioning Profile: "iOS Team Provisioning Profile: com.mdd.kanpan"
                          (5293a111-32ef-468a-935c-3371af81f9dd)
    
    /usr/bin/codesign --force --sign E0C31B074D83DD35DE7C0A5EC6895DE9617C460A --entitlements /Users/mdd/zhk/kanpan/DerivedData-codex-device/Build/Intermediates.noindex/Kanpan.build/Debug-iphoneos/Kanpan.build/Kanpan.app.xcent --timestamp\=none --generate-entitlement-der /Users/mdd/zhk/kanpan/DerivedData-codex-device/Build/Products/Debug-iphoneos/Kanpan.app

Validate /Users/mdd/zhk/kanpan/DerivedData-codex-device/Build/Products/Debug-iphoneos/Kanpan.app (in target 'Kanpan' from project 'Kanpan')
    cd /Users/mdd/zhk/kanpan/Kanpan
    builtin-validationUtility /Users/mdd/zhk/kanpan/DerivedData-codex-device/Build/Products/Debug-iphoneos/Kanpan.app -shallow-bundle -infoplist-subpath Info.plist

ProcessInfoPlistFile /Users/mdd/zhk/kanpan/DerivedData-codex-device/Build/Products/Debug-iphoneos/KanpanUITests-Runner.app/PlugIns/KanpanUITests.xctest/Info.plist /Users/mdd/zhk/kanpan/DerivedData-codex-device/Build/Intermediates.noindex/Kanpan.build/Debug-iphoneos/KanpanUITests.build/empty-KanpanUITests.plist (in target 'KanpanUITests' from project 'Kanpan')
    cd /Users/mdd/zhk/kanpan/Kanpan
    builtin-infoPlistUtility /Users/mdd/zhk/kanpan/DerivedData-codex-device/Build/Intermediates.noindex/Kanpan.build/Debug-iphoneos/KanpanUITests.build/empty-KanpanUITests.plist -producttype com.apple.product-type.bundle.ui-testing -expandbuildsettings -format binary -platform iphoneos -additionalcontentfile /Users/mdd/zhk/kanpan/DerivedData-codex-device/Build/Intermediates.noindex/Kanpan.build/Debug-iphoneos/KanpanUITests.build/ProductTypeInfoPlistAdditions.plist -requiredArchitecture arm64 -o /Users/mdd/zhk/kanpan/DerivedData-codex-device/Build/Products/Debug-iphoneos/KanpanUITests-Runner.app/PlugIns/KanpanUITests.xctest/Info.plist

SwiftExplicitDependencyGeneratePcm arm64 /Users/mdd/zhk/kanpan/DerivedData-codex-device/Build/Intermediates.noindex/SwiftExplicitPrecompiledModules/XCUIAutomation-BUEUJWZYUPE2GZ26GC1DHCG27.pcm

SwiftExplicitDependencyGeneratePcm arm64 /Users/mdd/zhk/kanpan/DerivedData-codex-device/Build/Intermediates.noindex/SwiftExplicitPrecompiledModules/XCTest-C1VO4WWKKLILBACNIR9PUUSEQ.pcm

SwiftExplicitDependencyCompileModuleFromInterface arm64 /Users/mdd/zhk/kanpan/DerivedData-codex-device/Build/Intermediates.noindex/SwiftExplicitPrecompiledModules/XCUIAutomation-3R3N3W6H8DYPT.swiftmodule

SwiftExplicitDependencyCompileModuleFromInterface arm64 /Users/mdd/zhk/kanpan/DerivedData-codex-device/Build/Intermediates.noindex/SwiftExplicitPrecompiledModules/XCTest-2SGQFV5RM4P9U.swiftmodule

SwiftEmitModule normal arm64 Emitting\ module\ for\ KanpanUITests (in target 'KanpanUITests' from project 'Kanpan')

EmitSwiftModule normal arm64 (in target 'KanpanUITests' from project 'Kanpan')
    cd /Users/mdd/zhk/kanpan/Kanpan
    

SwiftCompile normal arm64 Compiling\ AICoinBaseUITests.swift /Users/mdd/zhk/kanpan/Kanpan/KanpanUITests/AICoinBaseUITests.swift (in target 'KanpanUITests' from project 'Kanpan')
SwiftCompile normal arm64 /Users/mdd/zhk/kanpan/Kanpan/KanpanUITests/AICoinBaseUITests.swift (in target 'KanpanUITests' from project 'Kanpan')
    cd /Users/mdd/zhk/kanpan/Kanpan
    

SwiftCompile normal arm64 Compiling\ MainScreenUITests.swift /Users/mdd/zhk/kanpan/Kanpan/KanpanUITests/MainScreenUITests.swift (in target 'KanpanUITests' from project 'Kanpan')

SwiftCompile normal arm64 /Users/mdd/zhk/kanpan/Kanpan/KanpanUITests/MainScreenUITests.swift (in target 'KanpanUITests' from project 'Kanpan')
    cd /Users/mdd/zhk/kanpan/Kanpan
    

SwiftCompile normal arm64 Compiling\ UITestSupport.swift /Users/mdd/zhk/kanpan/Kanpan/KanpanUITests/UITestSupport.swift (in target 'KanpanUITests' from project 'Kanpan')
SwiftCompile normal arm64 /Users/mdd/zhk/kanpan/Kanpan/KanpanUITests/UITestSupport.swift (in target 'KanpanUITests' from project 'Kanpan')
    cd /Users/mdd/zhk/kanpan/Kanpan
    

SwiftDriverJobDiscovery normal arm64 Emitting module for KanpanUITests (in target 'KanpanUITests' from project 'Kanpan')

SwiftDriver\ Compilation\ Requirements KanpanUITests normal arm64 com.apple.xcode.tools.swift.compiler (in target 'KanpanUITests' from project 'Kanpan')
    cd /Users/mdd/zhk/kanpan/Kanpan
    builtin-Swift-Compilation-Requirements -- /Applications/Xcode.app/Contents/Developer/Toolchains/XcodeDefault.xctoolchain/usr/bin/swiftc -module-name KanpanUITests -Onone @/Users/mdd/zhk/kanpan/DerivedData-codex-device/Build/Intermediates.noindex/Kanpan.build/Debug-iphoneos/KanpanUITests.build/Objects-normal/arm64/KanpanUITests.SwiftFileList -DDEBUG -module-alias Testing\=_Testing_Unavailable -plugin-path /Applications/Xcode.app/Contents/Developer/Toolchains/XcodeDefault.xctoolchain/usr/lib/swift/host/plugins/testing -enable-experimental-feature DebugDescriptionMacro -sdk /Applications/Xcode.app/Contents/Developer/Platforms/iPhoneOS.platform/Developer/SDKs/iPhoneOS26.5.sdk -target arm64-apple-ios17.0 -g -module-cache-path /Users/mdd/zhk/kanpan/DerivedData-codex-device/ModuleCache.noindex -Xfrontend -serialize-debugging-options -enable-testing -index-store-path /Users/mdd/zhk/kanpan/DerivedData-codex-device/Index.noindex/DataStore -Xcc -D_LIBCPP_HARDENING_MODE\=_LIBCPP_HARDENING_MODE_DEBUG -swift-version 6 -I /Users/mdd/zhk/kanpan/DerivedData-codex-device/Build/Products/Debug-iphoneos -Isystem /Applications/Xcode.app/Contents/Developer/Platforms/iPhoneOS.platform/Developer/usr/lib -F /Users/mdd/zhk/kanpan/DerivedData-codex-device/Build/Products/Debug-iphoneos -F /Applications/Xcode.app/Contents/Developer/Platforms/iPhoneOS.platform/Developer/Library/Frameworks -F /Applications/Xcode.app/Contents/Developer/Platforms/iPhoneOS.platform/Developer/SDKs/iPhoneOS26.5.sdk/Developer/Library/Frameworks -c -j10 -enable-batch-mode -incremental -Xcc -ivfsstatcache -Xcc /Users/mdd/zhk/kanpan/DerivedData-codex-device/SDKStatCaches.noindex/iphoneos26.5-23F81a-32daed1954a7d5dd0789fcaf2a9bb78b.sdkstatcache -output-file-map /Users/mdd/zhk/kanpan/DerivedData-codex-device/Build/Intermediates.noindex/Kanpan.build/Debug-iphoneos/KanpanUITests.build/Objects-normal/arm64/KanpanUITests-OutputFileMap.json -use-frontend-parseable-output -save-temps -no-color-diagnostics -explicit-module-build -module-cache-path /Users/mdd/zhk/kanpan/DerivedData-codex-device/Build/Intermediates.noindex/SwiftExplicitPrecompiledModules -clang-scanner-module-cache-path /Users/mdd/zhk/kanpan/DerivedData-codex-device/ModuleCache.noindex -sdk-module-cache-path /Users/mdd/zhk/kanpan/DerivedData-codex-device/ModuleCache.noindex -serialize-diagnostics -emit-dependencies -emit-module -emit-module-path /Users/mdd/zhk/kanpan/DerivedData-codex-device/Build/Intermediates.noindex/Kanpan.build/Debug-iphoneos/KanpanUITests.build/Objects-normal/arm64/KanpanUITests.swiftmodule -validate-clang-modules-once -clang-build-session-file /Users/mdd/zhk/kanpan/DerivedData-codex-device/ModuleCache.noindex/Session.modulevalidation -Xcc -I/Users/mdd/zhk/kanpan/DerivedData-codex-device/Build/Intermediates.noindex/Kanpan.build/Debug-iphoneos/KanpanUITests.build/swift-overrides.hmap -emit-const-values -Xfrontend -const-gather-protocols-file -Xfrontend /Users/mdd/zhk/kanpan/DerivedData-codex-device/Build/Intermediates.noindex/Kanpan.build/Debug-iphoneos/KanpanUITests.build/Objects-normal/arm64/KanpanUITests_const_extract_protocols.json -Xcc -iquote -Xcc /Users/mdd/zhk/kanpan/DerivedData-codex-device/Build/Intermediates.noindex/Kanpan.build/Debug-iphoneos/KanpanUITests.build/KanpanUITests-generated-files.hmap -Xcc -I/Users/mdd/zhk/kanpan/DerivedData-codex-device/Build/Intermediates.noindex/Kanpan.build/Debug-iphoneos/KanpanUITests.build/KanpanUITests-own-target-headers.hmap -Xcc -I/Users/mdd/zhk/kanpan/DerivedData-codex-device/Build/Intermediates.noindex/Kanpan.build/Debug-iphoneos/KanpanUITests.build/KanpanUITests-all-non-framework-target-headers.hmap -Xcc -ivfsoverlay -Xcc /Users/mdd/zhk/kanpan/DerivedData-codex-device/Build/Intermediates.noindex/Kanpan.build/Debug-iphoneos/Kanpan-88f8e4f6458ff7f878983357411ed85c-VFS-iphoneos/all-product-headers.yaml -Xcc -iquote -Xcc /Users/mdd/zhk/kanpan/DerivedData-codex-device/Build/Intermediates.noindex/Kanpan.build/Debug-iphoneos/KanpanUITests.build/KanpanUITests-project-headers.hmap -Xcc -I/Users/mdd/zhk/kanpan/DerivedData-codex-device/Build/Products/Debug-iphoneos/include -Xcc -I/Users/mdd/zhk/kanpan/DerivedData-codex-device/Build/Intermediates.noindex/Kanpan.build/Debug-iphoneos/KanpanUITests.build/DerivedSources-normal/arm64 -Xcc -I/Users/mdd/zhk/kanpan/DerivedData-codex-device/Build/Intermediates.noindex/Kanpan.build/Debug-iphoneos/KanpanUITests.build/DerivedSources/arm64 -Xcc -I/Users/mdd/zhk/kanpan/DerivedData-codex-device/Build/Intermediates.noindex/Kanpan.build/Debug-iphoneos/KanpanUITests.build/DerivedSources -emit-objc-header -emit-objc-header-path /Users/mdd/zhk/kanpan/DerivedData-codex-device/Build/Intermediates.noindex/Kanpan.build/Debug-iphoneos/KanpanUITests.build/Objects-normal/arm64/KanpanUITests-Swift.h -working-directory /Users/mdd/zhk/kanpan/Kanpan -experimental-emit-module-separately -disable-cmo

SwiftMergeGeneratedHeaders /Users/mdd/zhk/kanpan/DerivedData-codex-device/Build/Intermediates.noindex/Kanpan.build/Debug-iphoneos/KanpanUITests.build/DerivedSources/KanpanUITests-Swift.h /Users/mdd/zhk/kanpan/DerivedData-codex-device/Build/Intermediates.noindex/Kanpan.build/Debug-iphoneos/KanpanUITests.build/Objects-normal/arm64/KanpanUITests-Swift.h (in target 'KanpanUITests' from project 'Kanpan')
    cd /Users/mdd/zhk/kanpan/Kanpan
    builtin-swiftHeaderTool -arch arm64 /Users/mdd/zhk/kanpan/DerivedData-codex-device/Build/Intermediates.noindex/Kanpan.build/Debug-iphoneos/KanpanUITests.build/Objects-normal/arm64/KanpanUITests-Swift.h -o /Users/mdd/zhk/kanpan/DerivedData-codex-device/Build/Intermediates.noindex/Kanpan.build/Debug-iphoneos/KanpanUITests.build/DerivedSources/KanpanUITests-Swift.h

Copy /Users/mdd/zhk/kanpan/DerivedData-codex-device/Build/Products/Debug-iphoneos/KanpanUITests.swiftmodule/arm64-apple-ios.swiftdoc /Users/mdd/zhk/kanpan/DerivedData-codex-device/Build/Intermediates.noindex/Kanpan.build/Debug-iphoneos/KanpanUITests.build/Objects-normal/arm64/KanpanUITests.swiftdoc (in target 'KanpanUITests' from project 'Kanpan')
    cd /Users/mdd/zhk/kanpan/Kanpan
    builtin-copy -exclude .DS_Store -exclude CVS -exclude .svn -exclude .git -exclude .hg -strip-unsigned-binaries -strip-deterministic -strip-tool /Applications/Xcode.app/Contents/Developer/Toolchains/XcodeDefault.xctoolchain/usr/bin/strip -resolve-src-symlinks -rename /Users/mdd/zhk/kanpan/DerivedData-codex-device/Build/Intermediates.noindex/Kanpan.build/Debug-iphoneos/KanpanUITests.build/Objects-normal/arm64/KanpanUITests.swiftdoc /Users/mdd/zhk/kanpan/DerivedData-codex-device/Build/Products/Debug-iphoneos/KanpanUITests.swiftmodule/arm64-apple-ios.swiftdoc

Copy /Users/mdd/zhk/kanpan/DerivedData-codex-device/Build/Products/Debug-iphoneos/KanpanUITests.swiftmodule/arm64-apple-ios.swiftmodule /Users/mdd/zhk/kanpan/DerivedData-codex-device/Build/Intermediates.noindex/Kanpan.build/Debug-iphoneos/KanpanUITests.build/Objects-normal/arm64/KanpanUITests.swiftmodule (in target 'KanpanUITests' from project 'Kanpan')
    cd /Users/mdd/zhk/kanpan/Kanpan
    builtin-copy -exclude .DS_Store -exclude CVS -exclude .svn -exclude .git -exclude .hg -strip-unsigned-binaries -strip-deterministic -strip-tool /Applications/Xcode.app/Contents/Developer/Toolchains/XcodeDefault.xctoolchain/usr/bin/strip -resolve-src-symlinks -rename /Users/mdd/zhk/kanpan/DerivedData-codex-device/Build/Intermediates.noindex/Kanpan.build/Debug-iphoneos/KanpanUITests.build/Objects-normal/arm64/KanpanUITests.swiftmodule /Users/mdd/zhk/kanpan/DerivedData-codex-device/Build/Products/Debug-iphoneos/KanpanUITests.swiftmodule/arm64-apple-ios.swiftmodule

Copy /Users/mdd/zhk/kanpan/DerivedData-codex-device/Build/Products/Debug-iphoneos/KanpanUITests.swiftmodule/Project/arm64-apple-ios.swiftsourceinfo /Users/mdd/zhk/kanpan/DerivedData-codex-device/Build/Intermediates.noindex/Kanpan.build/Debug-iphoneos/KanpanUITests.build/Objects-normal/arm64/KanpanUITests.swiftsourceinfo (in target 'KanpanUITests' from project 'Kanpan')
    cd /Users/mdd/zhk/kanpan/Kanpan
    builtin-copy -exclude .DS_Store -exclude CVS -exclude .svn -exclude .git -exclude .hg -strip-unsigned-binaries -strip-deterministic -strip-tool /Applications/Xcode.app/Contents/Developer/Toolchains/XcodeDefault.xctoolchain/usr/bin/strip -resolve-src-symlinks -rename /Users/mdd/zhk/kanpan/DerivedData-codex-device/Build/Intermediates.noindex/Kanpan.build/Debug-iphoneos/KanpanUITests.build/Objects-normal/arm64/KanpanUITests.swiftsourceinfo /Users/mdd/zhk/kanpan/DerivedData-codex-device/Build/Products/Debug-iphoneos/KanpanUITests.swiftmodule/Project/arm64-apple-ios.swiftsourceinfo

Copy /Users/mdd/zhk/kanpan/DerivedData-codex-device/Build/Products/Debug-iphoneos/KanpanUITests.swiftmodule/arm64-apple-ios.abi.json /Users/mdd/zhk/kanpan/DerivedData-codex-device/Build/Intermediates.noindex/Kanpan.build/Debug-iphoneos/KanpanUITests.build/Objects-normal/arm64/KanpanUITests.abi.json (in target 'KanpanUITests' from project 'Kanpan')
    cd /Users/mdd/zhk/kanpan/Kanpan
    builtin-copy -exclude .DS_Store -exclude CVS -exclude .svn -exclude .git -exclude .hg -strip-unsigned-binaries -strip-deterministic -strip-tool /Applications/Xcode.app/Contents/Developer/Toolchains/XcodeDefault.xctoolchain/usr/bin/strip -resolve-src-symlinks -rename /Users/mdd/zhk/kanpan/DerivedData-codex-device/Build/Intermediates.noindex/Kanpan.build/Debug-iphoneos/KanpanUITests.build/Objects-normal/arm64/KanpanUITests.abi.json /Users/mdd/zhk/kanpan/DerivedData-codex-device/Build/Products/Debug-iphoneos/KanpanUITests.swiftmodule/arm64-apple-ios.abi.json

SwiftDriverJobDiscovery normal arm64 Compiling MainScreenUITests.swift (in target 'KanpanUITests' from project 'Kanpan')

SwiftDriverJobDiscovery normal arm64 Compiling AICoinBaseUITests.swift (in target 'KanpanUITests' from project 'Kanpan')

SwiftDriverJobDiscovery normal arm64 Compiling UITestSupport.swift (in target 'KanpanUITests' from project 'Kanpan')

SwiftDriver\ Compilation KanpanUITests normal arm64 com.apple.xcode.tools.swift.compiler (in target 'KanpanUITests' from project 'Kanpan')
    cd /Users/mdd/zhk/kanpan/Kanpan
    builtin-Swift-Compilation -- /Applications/Xcode.app/Contents/Developer/Toolchains/XcodeDefault.xctoolchain/usr/bin/swiftc -module-name KanpanUITests -Onone @/Users/mdd/zhk/kanpan/DerivedData-codex-device/Build/Intermediates.noindex/Kanpan.build/Debug-iphoneos/KanpanUITests.build/Objects-normal/arm64/KanpanUITests.SwiftFileList -DDEBUG -module-alias Testing\=_Testing_Unavailable -plugin-path /Applications/Xcode.app/Contents/Developer/Toolchains/XcodeDefault.xctoolchain/usr/lib/swift/host/plugins/testing -enable-experimental-feature DebugDescriptionMacro -sdk /Applications/Xcode.app/Contents/Developer/Platforms/iPhoneOS.platform/Developer/SDKs/iPhoneOS26.5.sdk -target arm64-apple-ios17.0 -g -module-cache-path /Users/mdd/zhk/kanpan/DerivedData-codex-device/ModuleCache.noindex -Xfrontend -serialize-debugging-options -enable-testing -index-store-path /Users/mdd/zhk/kanpan/DerivedData-codex-device/Index.noindex/DataStore -Xcc -D_LIBCPP_HARDENING_MODE\=_LIBCPP_HARDENING_MODE_DEBUG -swift-version 6 -I /Users/mdd/zhk/kanpan/DerivedData-codex-device/Build/Products/Debug-iphoneos -Isystem /Applications/Xcode.app/Contents/Developer/Platforms/iPhoneOS.platform/Developer/usr/lib -F /Users/mdd/zhk/kanpan/DerivedData-codex-device/Build/Products/Debug-iphoneos -F /Applications/Xcode.app/Contents/Developer/Platforms/iPhoneOS.platform/Developer/Library/Frameworks -F /Applications/Xcode.app/Contents/Developer/Platforms/iPhoneOS.platform/Developer/SDKs/iPhoneOS26.5.sdk/Developer/Library/Frameworks -c -j10 -enable-batch-mode -incremental -Xcc -ivfsstatcache -Xcc /Users/mdd/zhk/kanpan/DerivedData-codex-device/SDKStatCaches.noindex/iphoneos26.5-23F81a-32daed1954a7d5dd0789fcaf2a9bb78b.sdkstatcache -output-file-map /Users/mdd/zhk/kanpan/DerivedData-codex-device/Build/Intermediates.noindex/Kanpan.build/Debug-iphoneos/KanpanUITests.build/Objects-normal/arm64/KanpanUITests-OutputFileMap.json -use-frontend-parseable-output -save-temps -no-color-diagnostics -explicit-module-build -module-cache-path /Users/mdd/zhk/kanpan/DerivedData-codex-device/Build/Intermediates.noindex/SwiftExplicitPrecompiledModules -clang-scanner-module-cache-path /Users/mdd/zhk/kanpan/DerivedData-codex-device/ModuleCache.noindex -sdk-module-cache-path /Users/mdd/zhk/kanpan/DerivedData-codex-device/ModuleCache.noindex -serialize-diagnostics -emit-dependencies -emit-module -emit-module-path /Users/mdd/zhk/kanpan/DerivedData-codex-device/Build/Intermediates.noindex/Kanpan.build/Debug-iphoneos/KanpanUITests.build/Objects-normal/arm64/KanpanUITests.swiftmodule -validate-clang-modules-once -clang-build-session-file /Users/mdd/zhk/kanpan/DerivedData-codex-device/ModuleCache.noindex/Session.modulevalidation -Xcc -I/Users/mdd/zhk/kanpan/DerivedData-codex-device/Build/Intermediates.noindex/Kanpan.build/Debug-iphoneos/KanpanUITests.build/swift-overrides.hmap -emit-const-values -Xfrontend -const-gather-protocols-file -Xfrontend /Users/mdd/zhk/kanpan/DerivedData-codex-device/Build/Intermediates.noindex/Kanpan.build/Debug-iphoneos/KanpanUITests.build/Objects-normal/arm64/KanpanUITests_const_extract_protocols.json -Xcc -iquote -Xcc /Users/mdd/zhk/kanpan/DerivedData-codex-device/Build/Intermediates.noindex/Kanpan.build/Debug-iphoneos/KanpanUITests.build/KanpanUITests-generated-files.hmap -Xcc -I/Users/mdd/zhk/kanpan/DerivedData-codex-device/Build/Intermediates.noindex/Kanpan.build/Debug-iphoneos/KanpanUITests.build/KanpanUITests-own-target-headers.hmap -Xcc -I/Users/mdd/zhk/kanpan/DerivedData-codex-device/Build/Intermediates.noindex/Kanpan.build/Debug-iphoneos/KanpanUITests.build/KanpanUITests-all-non-framework-target-headers.hmap -Xcc -ivfsoverlay -Xcc /Users/mdd/zhk/kanpan/DerivedData-codex-device/Build/Intermediates.noindex/Kanpan.build/Debug-iphoneos/Kanpan-88f8e4f6458ff7f878983357411ed85c-VFS-iphoneos/all-product-headers.yaml -Xcc -iquote -Xcc /Users/mdd/zhk/kanpan/DerivedData-codex-device/Build/Intermediates.noindex/Kanpan.build/Debug-iphoneos/KanpanUITests.build/KanpanUITests-project-headers.hmap -Xcc -I/Users/mdd/zhk/kanpan/DerivedData-codex-device/Build/Products/Debug-iphoneos/include -Xcc -I/Users/mdd/zhk/kanpan/DerivedData-codex-device/Build/Intermediates.noindex/Kanpan.build/Debug-iphoneos/KanpanUITests.build/DerivedSources-normal/arm64 -Xcc -I/Users/mdd/zhk/kanpan/DerivedData-codex-device/Build/Intermediates.noindex/Kanpan.build/Debug-iphoneos/KanpanUITests.build/DerivedSources/arm64 -Xcc -I/Users/mdd/zhk/kanpan/DerivedData-codex-device/Build/Intermediates.noindex/Kanpan.build/Debug-iphoneos/KanpanUITests.build/DerivedSources -emit-objc-header -emit-objc-header-path /Users/mdd/zhk/kanpan/DerivedData-codex-device/Build/Intermediates.noindex/Kanpan.build/Debug-iphoneos/KanpanUITests.build/Objects-normal/arm64/KanpanUITests-Swift.h -working-directory /Users/mdd/zhk/kanpan/Kanpan -experimental-emit-module-separately -disable-cmo

Ld /Users/mdd/zhk/kanpan/DerivedData-codex-device/Build/Products/Debug-iphoneos/KanpanUITests-Runner.app/PlugIns/KanpanUITests.xctest/KanpanUITests normal (in target 'KanpanUITests' from project 'Kanpan')
    cd /Users/mdd/zhk/kanpan/Kanpan
    /Applications/Xcode.app/Contents/Developer/Toolchains/XcodeDefault.xctoolchain/usr/bin/clang -Xlinker -reproducible -target arm64-apple-ios17.0 -bundle -isysroot /Applications/Xcode.app/Contents/Developer/Platforms/iPhoneOS.platform/Developer/SDKs/iPhoneOS26.5.sdk -O0 -L/Users/mdd/zhk/kanpan/DerivedData-codex-device/Build/Intermediates.noindex/EagerLinkingTBDs/Debug-iphoneos -L/Users/mdd/zhk/kanpan/DerivedData-codex-device/Build/Products/Debug-iphoneos -L/Applications/Xcode.app/Contents/Developer/Platforms/iPhoneOS.platform/Developer/usr/lib -F/Users/mdd/zhk/kanpan/DerivedData-codex-device/Build/Intermediates.noindex/EagerLinkingTBDs/Debug-iphoneos -F/Users/mdd/zhk/kanpan/DerivedData-codex-device/Build/Products/Debug-iphoneos -iframework /Applications/Xcode.app/Contents/Developer/Platforms/iPhoneOS.platform/Developer/Library/Frameworks -iframework /Applications/Xcode.app/Contents/Developer/Platforms/iPhoneOS.platform/Developer/SDKs/iPhoneOS26.5.sdk/Developer/Library/Frameworks -filelist /Users/mdd/zhk/kanpan/DerivedData-codex-device/Build/Intermediates.noindex/Kanpan.build/Debug-iphoneos/KanpanUITests.build/Objects-normal/arm64/KanpanUITests.LinkFileList -Xlinker -rpath -Xlinker /usr/lib/swift -Xlinker -rpath -Xlinker @loader_path/Frameworks -Xlinker -dead_strip -Xlinker -object_path_lto -Xlinker /Users/mdd/zhk/kanpan/DerivedData-codex-device/Build/Intermediates.noindex/Kanpan.build/Debug-iphoneos/KanpanUITests.build/Objects-normal/arm64/KanpanUITests_lto.o -rdynamic -Xlinker -no_deduplicate -Xlinker -dependency_info -Xlinker /Users/mdd/zhk/kanpan/DerivedData-codex-device/Build/Intermediates.noindex/Kanpan.build/Debug-iphoneos/KanpanUITests.build/Objects-normal/arm64/KanpanUITests_dependency_info.dat -fobjc-link-runtime -L/Applications/Xcode.app/Contents/Developer/Toolchains/XcodeDefault.xctoolchain/usr/lib/swift/iphoneos -L/usr/lib/swift -Xlinker -add_ast_path -Xlinker /Users/mdd/zhk/kanpan/DerivedData-codex-device/Build/Intermediates.noindex/Kanpan.build/Debug-iphoneos/KanpanUITests.build/Objects-normal/arm64/KanpanUITests.swiftmodule @/Users/mdd/zhk/kanpan/DerivedData-codex-device/Build/Intermediates.noindex/Kanpan.build/Debug-iphoneos/KanpanUITests.build/Objects-normal/arm64/KanpanUITests-linker-args.resp -Xlinker -needed_framework -Xlinker XCTest -framework XCTest -Xlinker -needed-lXCTestSwiftSupport -lXCTestSwiftSupport -Xlinker -no_adhoc_codesign -o /Users/mdd/zhk/kanpan/DerivedData-codex-device/Build/Products/Debug-iphoneos/KanpanUITests-Runner.app/PlugIns/KanpanUITests.xctest/KanpanUITests

CopySwiftLibs /Users/mdd/zhk/kanpan/DerivedData-codex-device/Build/Products/Debug-iphoneos/KanpanUITests-Runner.app/PlugIns/KanpanUITests.xctest (in target 'KanpanUITests' from project 'Kanpan')
    cd /Users/mdd/zhk/kanpan/Kanpan
    builtin-swiftStdLibTool --copy --verbose --sign E0C31B074D83DD35DE7C0A5EC6895DE9617C460A --scan-executable /Users/mdd/zhk/kanpan/DerivedData-codex-device/Build/Products/Debug-iphoneos/KanpanUITests-Runner.app/PlugIns/KanpanUITests.xctest/KanpanUITests --scan-folder /Users/mdd/zhk/kanpan/DerivedData-codex-device/Build/Products/Debug-iphoneos/KanpanUITests-Runner.app/PlugIns/KanpanUITests.xctest/Frameworks --scan-folder /Users/mdd/zhk/kanpan/DerivedData-codex-device/Build/Products/Debug-iphoneos/KanpanUITests-Runner.app/PlugIns/KanpanUITests.xctest/PlugIns --scan-folder /Users/mdd/zhk/kanpan/DerivedData-codex-device/Build/Products/Debug-iphoneos/KanpanUITests-Runner.app/PlugIns/KanpanUITests.xctest/SystemExtensions --scan-folder /Users/mdd/zhk/kanpan/DerivedData-codex-device/Build/Products/Debug-iphoneos/KanpanUITests-Runner.app/PlugIns/KanpanUITests.xctest/Extensions --platform iphoneos --toolchain /Applications/Xcode.app/Contents/Developer/Toolchains/XcodeDefault.xctoolchain --destination /Users/mdd/zhk/kanpan/DerivedData-codex-device/Build/Products/Debug-iphoneos/KanpanUITests-Runner.app/PlugIns/KanpanUITests.xctest/Frameworks --strip-bitcode --scan-executable /Applications/Xcode.app/Contents/Developer/Platforms/iPhoneOS.platform/Developer/usr/lib/libXCTestSwiftSupport.dylib --strip-bitcode-tool /Applications/Xcode.app/Contents/Developer/Toolchains/XcodeDefault.xctoolchain/usr/bin/bitcode_strip --emit-dependency-info /Users/mdd/zhk/kanpan/DerivedData-codex-device/Build/Intermediates.noindex/Kanpan.build/Debug-iphoneos/KanpanUITests.build/SwiftStdLibToolInputDependencies.dep --filter-for-swift-os

ExtractAppIntentsMetadata (in target 'KanpanUITests' from project 'Kanpan')
    cd /Users/mdd/zhk/kanpan/Kanpan
    /Applications/Xcode.app/Contents/Developer/Toolchains/XcodeDefault.xctoolchain/usr/bin/appintentsmetadataprocessor --toolchain-dir /Applications/Xcode.app/Contents/Developer/Toolchains/XcodeDefault.xctoolchain --module-name KanpanUITests --sdk-root /Applications/Xcode.app/Contents/Developer/Platforms/iPhoneOS.platform/Developer/SDKs/iPhoneOS26.5.sdk --xcode-version 17F113 --platform-family iOS --deployment-target 17.0 --bundle-identifier com.mdd.kanpan.uitests --output /Users/mdd/zhk/kanpan/DerivedData-codex-device/Build/Products/Debug-iphoneos/KanpanUITests-Runner.app/PlugIns/KanpanUITests.xctest --target-triple arm64-apple-ios17.0 --binary-file /Users/mdd/zhk/kanpan/DerivedData-codex-device/Build/Products/Debug-iphoneos/KanpanUITests-Runner.app/PlugIns/KanpanUITests.xctest/KanpanUITests --dependency-file /Users/mdd/zhk/kanpan/DerivedData-codex-device/Build/Intermediates.noindex/Kanpan.build/Debug-iphoneos/KanpanUITests.build/Objects-normal/arm64/KanpanUITests_dependency_info.dat --stringsdata-file /Users/mdd/zhk/kanpan/DerivedData-codex-device/Build/Intermediates.noindex/Kanpan.build/Debug-iphoneos/KanpanUITests.build/Objects-normal/arm64/ExtractedAppShortcutsMetadata.stringsdata --source-file-list /Users/mdd/zhk/kanpan/DerivedData-codex-device/Build/Intermediates.noindex/Kanpan.build/Debug-iphoneos/KanpanUITests.build/Objects-normal/arm64/KanpanUITests.SwiftFileList --metadata-file-list /Users/mdd/zhk/kanpan/DerivedData-codex-device/Build/Intermediates.noindex/Kanpan.build/Debug-iphoneos/KanpanUITests.build/KanpanUITests.DependencyMetadataFileList --static-metadata-file-list /Users/mdd/zhk/kanpan/DerivedData-codex-device/Build/Intermediates.noindex/Kanpan.build/Debug-iphoneos/KanpanUITests.build/KanpanUITests.DependencyStaticMetadataFileList --swift-const-vals-list /Users/mdd/zhk/kanpan/DerivedData-codex-device/Build/Intermediates.noindex/Kanpan.build/Debug-iphoneos/KanpanUITests.build/Objects-normal/arm64/KanpanUITests.SwiftConstValuesFileList --compile-time-extraction --deployment-aware-processing --validate-assistant-intents --no-app-shortcuts-localization
2026-09-14 22:17:30.867 appintentsmetadataprocessor[70672:31400260] Starting appintentsmetadataprocessor export
2026-09-14 22:17:30.868 appintentsmetadataprocessor[70672:31400260] warning: Metadata extraction skipped. No AppIntents.framework dependency found.

GenerateDSYMFile /Users/mdd/zhk/kanpan/DerivedData-codex-device/Build/Products/Debug-iphoneos/KanpanUITests-Runner.app/PlugIns/KanpanUITests.xctest.dSYM /Users/mdd/zhk/kanpan/DerivedData-codex-device/Build/Products/Debug-iphoneos/KanpanUITests-Runner.app/PlugIns/KanpanUITests.xctest/KanpanUITests (in target 'KanpanUITests' from project 'Kanpan')
    cd /Users/mdd/zhk/kanpan/Kanpan
    /Applications/Xcode.app/Contents/Developer/Toolchains/XcodeDefault.xctoolchain/usr/bin/dsymutil /Users/mdd/zhk/kanpan/DerivedData-codex-device/Build/Products/Debug-iphoneos/KanpanUITests-Runner.app/PlugIns/KanpanUITests.xctest/KanpanUITests -o /Users/mdd/zhk/kanpan/DerivedData-codex-device/Build/Products/Debug-iphoneos/KanpanUITests-Runner.app/PlugIns/KanpanUITests.xctest.dSYM

AppIntentsSSUTraining (in target 'KanpanUITests' from project 'Kanpan')
    cd /Users/mdd/zhk/kanpan/Kanpan
    /Applications/Xcode.app/Contents/Developer/Toolchains/XcodeDefault.xctoolchain/usr/bin/appintentsnltrainingprocessor --infoplist-path /Users/mdd/zhk/kanpan/DerivedData-codex-device/Build/Products/Debug-iphoneos/KanpanUITests-Runner.app/PlugIns/KanpanUITests.xctest/Info.plist --temp-dir-path /Users/mdd/zhk/kanpan/DerivedData-codex-device/Build/Intermediates.noindex/Kanpan.build/Debug-iphoneos/KanpanUITests.build/ssu --bundle-id com.mdd.kanpan.uitests --product-path /Users/mdd/zhk/kanpan/DerivedData-codex-device/Build/Products/Debug-iphoneos/KanpanUITests-Runner.app/PlugIns/KanpanUITests.xctest --extracted-metadata-path /Users/mdd/zhk/kanpan/DerivedData-codex-device/Build/Products/Debug-iphoneos/KanpanUITests-Runner.app/PlugIns/KanpanUITests.xctest/Metadata.appintents --metadata-file-list /Users/mdd/zhk/kanpan/DerivedData-codex-device/Build/Intermediates.noindex/Kanpan.build/Debug-iphoneos/KanpanUITests.build/KanpanUITests.DependencyMetadataFileList --source-file /Users/mdd/zhk/kanpan/DerivedData-codex-device/Build/Products/Debug-iphoneos/KanpanUITests-Runner.app/PlugIns/KanpanUITests.xctest/Info.plist --archive-ssu-assets
2026-09-14 22:17:30.896 appintentsnltrainingprocessor[70674:31400264] Parsing options for appintentsnltrainingprocessor
2026-09-14 22:17:30.896 appintentsnltrainingprocessor[70674:31400264] Starting AppIntents SSU YAML Generation
2026-09-14 22:17:30.898 appintentsnltrainingprocessor[70674:31400264] No AppShortcuts found - Skipping.

Copy /Users/mdd/zhk/kanpan/DerivedData-codex-device/Build/Products/Debug-iphoneos/KanpanUITests-Runner.app/PkgInfo /Applications/Xcode.app/Contents/Developer/Platforms/iPhoneOS.platform/Developer/Library/Xcode/Agents/XCTRunner.app/PkgInfo (in target 'KanpanUITests' from project 'Kanpan')
    cd /Users/mdd/zhk/kanpan/Kanpan
    builtin-copy -exclude .DS_Store -exclude CVS -exclude .svn -exclude .git -exclude .hg -strip-unsigned-binaries -strip-deterministic -strip-tool /Applications/Xcode.app/Contents/Developer/Toolchains/XcodeDefault.xctoolchain/usr/bin/strip -resolve-src-symlinks /Applications/Xcode.app/Contents/Developer/Platforms/iPhoneOS.platform/Developer/Library/Xcode/Agents/XCTRunner.app/PkgInfo /Users/mdd/zhk/kanpan/DerivedData-codex-device/Build/Products/Debug-iphoneos/KanpanUITests-Runner.app

CopyAndPreserveArchs /Users/mdd/zhk/kanpan/DerivedData-codex-device/Build/Products/Debug-iphoneos/KanpanUITests-Runner.app/KanpanUITests-Runner (in target 'KanpanUITests' from project 'Kanpan')
    cd /Users/mdd/zhk/kanpan/Kanpan
    /Applications/Xcode.app/Contents/Developer/Toolchains/XcodeDefault.xctoolchain/usr/bin/lipo /Applications/Xcode.app/Contents/Developer/Platforms/iPhoneOS.platform/Developer/Library/Xcode/Agents/XCTRunner.app/XCTRunner -output /Users/mdd/zhk/kanpan/DerivedData-codex-device/Build/Products/Debug-iphoneos/KanpanUITests-Runner.app/KanpanUITests-Runner -extract arm64

MkDir /Users/mdd/zhk/kanpan/DerivedData-codex-device/Build/Products/Debug-iphoneos/KanpanUITests-Runner.app (in target 'KanpanUITests' from project 'Kanpan')
    cd /Users/mdd/zhk/kanpan/Kanpan
    /bin/mkdir -p /Users/mdd/zhk/kanpan/DerivedData-codex-device/Build/Products/Debug-iphoneos/KanpanUITests-Runner.app

CopyPlistFile /Users/mdd/zhk/kanpan/DerivedData-codex-device/Build/Products/Debug-iphoneos/KanpanUITests-Runner.app/Info.plist /Applications/Xcode.app/Contents/Developer/Platforms/iPhoneOS.platform/Developer/Library/Xcode/Agents/XCTRunner.app/Info.plist (in target 'KanpanUITests' from project 'Kanpan')
    cd /Users/mdd/zhk/kanpan/Kanpan
    builtin-copyPlist --validate --convert xml1 --macro-expansion WRAPPEDPRODUCTNAME KanpanUITests-Runner --macro-expansion WRAPPEDPRODUCTBUNDLEIDENTIFIER com.mdd.kanpan.uitests.xctrunner --macro-expansion TESTPRODUCTNAME KanpanUITests --macro-expansion TESTPRODUCTBUNDLEIDENTIFIER com.mdd.kanpan.uitests --copy-value UIDeviceFamily /Users/mdd/zhk/kanpan/DerivedData-codex-device/Build/Products/Debug-iphoneos/KanpanUITests-Runner.app/PlugIns/KanpanUITests.xctest/Info.plist --outdir /Users/mdd/zhk/kanpan/DerivedData-codex-device/Build/Products/Debug-iphoneos/KanpanUITests-Runner.app -- /Applications/Xcode.app/Contents/Developer/Platforms/iPhoneOS.platform/Developer/Library/Xcode/Agents/XCTRunner.app/Info.plist

Copy /Users/mdd/zhk/kanpan/DerivedData-codex-device/Build/Products/Debug-iphoneos/KanpanUITests-Runner.app/Frameworks/XCTestCore.framework /Applications/Xcode.app/Contents/Developer/Platforms/iPhoneOS.platform/Developer/Library/PrivateFrameworks/XCTestCore.framework (in target 'KanpanUITests' from project 'Kanpan')
    cd /Users/mdd/zhk/kanpan/Kanpan
    builtin-copy -exclude .DS_Store -exclude CVS -exclude .svn -exclude .git -exclude .hg -exclude Headers -exclude PrivateHeaders -exclude Modules -exclude \*.tbd -strip-unsigned-binaries -strip-deterministic -strip-tool /Applications/Xcode.app/Contents/Developer/Toolchains/XcodeDefault.xctoolchain/usr/bin/strip -resolve-src-symlinks /Applications/Xcode.app/Contents/Developer/Platforms/iPhoneOS.platform/Developer/Library/PrivateFrameworks/XCTestCore.framework /Users/mdd/zhk/kanpan/DerivedData-codex-device/Build/Products/Debug-iphoneos/KanpanUITests-Runner.app/Frameworks
warning: not stripping binary because it is signed: /Applications/Xcode.app/Contents/Developer/Platforms/iPhoneOS.platform/Developer/Library/PrivateFrameworks/XCTestCore.framework/XCTestCore (in target 'KanpanUITests' from project 'Kanpan')

Copy /Users/mdd/zhk/kanpan/DerivedData-codex-device/Build/Products/Debug-iphoneos/KanpanUITests-Runner.app/Frameworks/XCTestSupport.framework /Applications/Xcode.app/Contents/Developer/Platforms/iPhoneOS.platform/Developer/Library/PrivateFrameworks/XCTestSupport.framework (in target 'KanpanUITests' from project 'Kanpan')
    cd /Users/mdd/zhk/kanpan/Kanpan
    builtin-copy -exclude .DS_Store -exclude CVS -exclude .svn -exclude .git -exclude .hg -exclude Headers -exclude PrivateHeaders -exclude Modules -exclude \*.tbd -strip-unsigned-binaries -strip-deterministic -strip-tool /Applications/Xcode.app/Contents/Developer/Toolchains/XcodeDefault.xctoolchain/usr/bin/strip -resolve-src-symlinks /Applications/Xcode.app/Contents/Developer/Platforms/iPhoneOS.platform/Developer/Library/PrivateFrameworks/XCTestSupport.framework /Users/mdd/zhk/kanpan/DerivedData-codex-device/Build/Products/Debug-iphoneos/KanpanUITests-Runner.app/Frameworks
warning: not stripping binary because it is signed: /Applications/Xcode.app/Contents/Developer/Platforms/iPhoneOS.platform/Developer/Library/PrivateFrameworks/XCTestSupport.framework/XCTestSupport (in target 'KanpanUITests' from project 'Kanpan')

Copy /Users/mdd/zhk/kanpan/DerivedData-codex-device/Build/Products/Debug-iphoneos/KanpanUITests-Runner.app/Frameworks/libXCTestSwiftSupport.dylib /Applications/Xcode.app/Contents/Developer/Platforms/iPhoneOS.platform/Developer/usr/lib/libXCTestSwiftSupport.dylib (in target 'KanpanUITests' from project 'Kanpan')
    cd /Users/mdd/zhk/kanpan/Kanpan
    builtin-copy -exclude .DS_Store -exclude CVS -exclude .svn -exclude .git -exclude .hg -exclude Headers -exclude PrivateHeaders -exclude Modules -exclude \*.tbd -strip-unsigned-binaries -strip-deterministic -strip-tool /Applications/Xcode.app/Contents/Developer/Toolchains/XcodeDefault.xctoolchain/usr/bin/strip -resolve-src-symlinks /Applications/Xcode.app/Contents/Developer/Platforms/iPhoneOS.platform/Developer/usr/lib/libXCTestSwiftSupport.dylib /Users/mdd/zhk/kanpan/DerivedData-codex-device/Build/Products/Debug-iphoneos/KanpanUITests-Runner.app/Frameworks
warning: not stripping binary because it is signed: /Applications/Xcode.app/Contents/Developer/Platforms/iPhoneOS.platform/Developer/usr/lib/libXCTestSwiftSupport.dylib (in target 'KanpanUITests' from project 'Kanpan')

Copy /Users/mdd/zhk/kanpan/DerivedData-codex-device/Build/Products/Debug-iphoneos/KanpanUITests-Runner.app/Frameworks/XCUnit.framework /Applications/Xcode.app/Contents/Developer/Platforms/iPhoneOS.platform/Developer/Library/PrivateFrameworks/XCUnit.framework (in target 'KanpanUITests' from project 'Kanpan')
    cd /Users/mdd/zhk/kanpan/Kanpan
    builtin-copy -exclude .DS_Store -exclude CVS -exclude .svn -exclude .git -exclude .hg -exclude Headers -exclude PrivateHeaders -exclude Modules -exclude \*.tbd -strip-unsigned-binaries -strip-deterministic -strip-tool /Applications/Xcode.app/Contents/Developer/Toolchains/XcodeDefault.xctoolchain/usr/bin/strip -resolve-src-symlinks /Applications/Xcode.app/Contents/Developer/Platforms/iPhoneOS.platform/Developer/Library/PrivateFrameworks/XCUnit.framework /Users/mdd/zhk/kanpan/DerivedData-codex-device/Build/Products/Debug-iphoneos/KanpanUITests-Runner.app/Frameworks
warning: not stripping binary because it is signed: /Applications/Xcode.app/Contents/Developer/Platforms/iPhoneOS.platform/Developer/Library/PrivateFrameworks/XCUnit.framework/XCUnit (in target 'KanpanUITests' from project 'Kanpan')

Copy /Users/mdd/zhk/kanpan/DerivedData-codex-device/Build/Products/Debug-iphoneos/KanpanUITests-Runner.app/Frameworks/XCUIAutomation.framework /Applications/Xcode.app/Contents/Developer/Platforms/iPhoneOS.platform/Developer/Library/Frameworks/XCUIAutomation.framework (in target 'KanpanUITests' from project 'Kanpan')
    cd /Users/mdd/zhk/kanpan/Kanpan
    builtin-copy -exclude .DS_Store -exclude CVS -exclude .svn -exclude .git -exclude .hg -exclude Headers -exclude PrivateHeaders -exclude Modules -exclude \*.tbd -strip-unsigned-binaries -strip-deterministic -strip-tool /Applications/Xcode.app/Contents/Developer/Toolchains/XcodeDefault.xctoolchain/usr/bin/strip -resolve-src-symlinks /Applications/Xcode.app/Contents/Developer/Platforms/iPhoneOS.platform/Developer/Library/Frameworks/XCUIAutomation.framework /Users/mdd/zhk/kanpan/DerivedData-codex-device/Build/Products/Debug-iphoneos/KanpanUITests-Runner.app/Frameworks
warning: not stripping binary because it is signed: /Applications/Xcode.app/Contents/Developer/Platforms/iPhoneOS.platform/Developer/Library/Frameworks/XCUIAutomation.framework/XCUIAutomation (in target 'KanpanUITests' from project 'Kanpan')

Copy /Users/mdd/zhk/kanpan/DerivedData-codex-device/Build/Products/Debug-iphoneos/KanpanUITests-Runner.app/Frameworks/XCTest.framework /Applications/Xcode.app/Contents/Developer/Platforms/iPhoneOS.platform/Developer/Library/Frameworks/XCTest.framework (in target 'KanpanUITests' from project 'Kanpan')
    cd /Users/mdd/zhk/kanpan/Kanpan
    builtin-copy -exclude .DS_Store -exclude CVS -exclude .svn -exclude .git -exclude .hg -exclude Headers -exclude PrivateHeaders -exclude Modules -exclude \*.tbd -strip-unsigned-binaries -strip-deterministic -strip-tool /Applications/Xcode.app/Contents/Developer/Toolchains/XcodeDefault.xctoolchain/usr/bin/strip -resolve-src-symlinks /Applications/Xcode.app/Contents/Developer/Platforms/iPhoneOS.platform/Developer/Library/Frameworks/XCTest.framework /Users/mdd/zhk/kanpan/DerivedData-codex-device/Build/Products/Debug-iphoneos/KanpanUITests-Runner.app/Frameworks
warning: not stripping binary because it is signed: /Applications/Xcode.app/Contents/Developer/Platforms/iPhoneOS.platform/Developer/Library/Frameworks/XCTest.framework/XCTest (in target 'KanpanUITests' from project 'Kanpan')

Copy /Users/mdd/zhk/kanpan/DerivedData-codex-device/Build/Products/Debug-iphoneos/KanpanUITests-Runner.app/Frameworks/XCTAutomationSupport.framework /Applications/Xcode.app/Contents/Developer/Platforms/iPhoneOS.platform/Developer/Library/PrivateFrameworks/XCTAutomationSupport.framework (in target 'KanpanUITests' from project 'Kanpan')
    cd /Users/mdd/zhk/kanpan/Kanpan
    builtin-copy -exclude .DS_Store -exclude CVS -exclude .svn -exclude .git -exclude .hg -exclude Headers -exclude PrivateHeaders -exclude Modules -exclude \*.tbd -strip-unsigned-binaries -strip-deterministic -strip-tool /Applications/Xcode.app/Contents/Developer/Toolchains/XcodeDefault.xctoolchain/usr/bin/strip -resolve-src-symlinks /Applications/Xcode.app/Contents/Developer/Platforms/iPhoneOS.platform/Developer/Library/PrivateFrameworks/XCTAutomationSupport.framework /Users/mdd/zhk/kanpan/DerivedData-codex-device/Build/Products/Debug-iphoneos/KanpanUITests-Runner.app/Frameworks
warning: not stripping binary because it is signed: /Applications/Xcode.app/Contents/Developer/Platforms/iPhoneOS.platform/Developer/Library/PrivateFrameworks/XCTAutomationSupport.framework/XCTAutomationSupport (in target 'KanpanUITests' from project 'Kanpan')

Copy /Users/mdd/zhk/kanpan/DerivedData-codex-device/Build/Products/Debug-iphoneos/KanpanUITests-Runner.app/Frameworks/Testing.framework /Applications/Xcode.app/Contents/Developer/Platforms/iPhoneOS.platform/Developer/Library/Frameworks/Testing.framework (in target 'KanpanUITests' from project 'Kanpan')
    cd /Users/mdd/zhk/kanpan/Kanpan
    builtin-copy -exclude .DS_Store -exclude CVS -exclude .svn -exclude .git -exclude .hg -exclude Headers -exclude PrivateHeaders -exclude Modules -exclude \*.tbd -strip-unsigned-binaries -strip-deterministic -strip-tool /Applications/Xcode.app/Contents/Developer/Toolchains/XcodeDefault.xctoolchain/usr/bin/strip -resolve-src-symlinks /Applications/Xcode.app/Contents/Developer/Platforms/iPhoneOS.platform/Developer/Library/Frameworks/Testing.framework /Users/mdd/zhk/kanpan/DerivedData-codex-device/Build/Products/Debug-iphoneos/KanpanUITests-Runner.app/Frameworks
warning: not stripping binary because it is signed: /Applications/Xcode.app/Contents/Developer/Platforms/iPhoneOS.platform/Developer/Library/Frameworks/Testing.framework/Testing (in target 'KanpanUITests' from project 'Kanpan')

CodeSign /Users/mdd/zhk/kanpan/DerivedData-codex-device/Build/Products/Debug-iphoneos/KanpanUITests-Runner.app/Frameworks/libXCTestSwiftSupport.dylib (in target 'KanpanUITests' from project 'Kanpan')
    cd /Users/mdd/zhk/kanpan/Kanpan
    
    Signing Identity:     "Apple Development: eth2022df@gmail.com (RZ92N4R9JW)"
    Provisioning Profile: "iOS Team Provisioning Profile: com.mdd.kanpan.uitests.xctrunner"
                          (85f3d3a5-28b1-4344-a61e-4f39b6ac998d)
    
    /usr/bin/codesign --force --sign E0C31B074D83DD35DE7C0A5EC6895DE9617C460A --timestamp\=none --preserve-metadata\=identifier,entitlements,flags --generate-entitlement-der /Users/mdd/zhk/kanpan/DerivedData-codex-device/Build/Products/Debug-iphoneos/KanpanUITests-Runner.app/Frameworks/libXCTestSwiftSupport.dylib
/Users/mdd/zhk/kanpan/DerivedData-codex-device/Build/Products/Debug-iphoneos/KanpanUITests-Runner.app/Frameworks/libXCTestSwiftSupport.dylib: replacing existing signature

CodeSign /Users/mdd/zhk/kanpan/DerivedData-codex-device/Build/Products/Debug-iphoneos/KanpanUITests-Runner.app/Frameworks/XCUnit.framework (in target 'KanpanUITests' from project 'Kanpan')
    cd /Users/mdd/zhk/kanpan/Kanpan
    
    Signing Identity:     "Apple Development: eth2022df@gmail.com (RZ92N4R9JW)"
    Provisioning Profile: "iOS Team Provisioning Profile: com.mdd.kanpan.uitests.xctrunner"
                          (85f3d3a5-28b1-4344-a61e-4f39b6ac998d)
    
    /usr/bin/codesign --force --sign E0C31B074D83DD35DE7C0A5EC6895DE9617C460A --timestamp\=none --preserve-metadata\=identifier,entitlements,flags --generate-entitlement-der /Users/mdd/zhk/kanpan/DerivedData-codex-device/Build/Products/Debug-iphoneos/KanpanUITests-Runner.app/Frameworks/XCUnit.framework
/Users/mdd/zhk/kanpan/DerivedData-codex-device/Build/Products/Debug-iphoneos/KanpanUITests-Runner.app/Frameworks/XCUnit.framework: replacing existing signature

CodeSign /Users/mdd/zhk/kanpan/DerivedData-codex-device/Build/Products/Debug-iphoneos/KanpanUITests-Runner.app/Frameworks/XCTest.framework (in target 'KanpanUITests' from project 'Kanpan')
    cd /Users/mdd/zhk/kanpan/Kanpan
    
    Signing Identity:     "Apple Development: eth2022df@gmail.com (RZ92N4R9JW)"
    Provisioning Profile: "iOS Team Provisioning Profile: com.mdd.kanpan.uitests.xctrunner"
                          (85f3d3a5-28b1-4344-a61e-4f39b6ac998d)
    
    /usr/bin/codesign --force --sign E0C31B074D83DD35DE7C0A5EC6895DE9617C460A --timestamp\=none --preserve-metadata\=identifier,entitlements,flags --generate-entitlement-der /Users/mdd/zhk/kanpan/DerivedData-codex-device/Build/Products/Debug-iphoneos/KanpanUITests-Runner.app/Frameworks/XCTest.framework
/Users/mdd/zhk/kanpan/DerivedData-codex-device/Build/Products/Debug-iphoneos/KanpanUITests-Runner.app/Frameworks/XCTest.framework: replacing existing signature

CodeSign /Users/mdd/zhk/kanpan/DerivedData-codex-device/Build/Products/Debug-iphoneos/KanpanUITests-Runner.app/Frameworks/XCTestSupport.framework (in target 'KanpanUITests' from project 'Kanpan')
    cd /Users/mdd/zhk/kanpan/Kanpan
    
    Signing Identity:     "Apple Development: eth2022df@gmail.com (RZ92N4R9JW)"
    Provisioning Profile: "iOS Team Provisioning Profile: com.mdd.kanpan.uitests.xctrunner"
                          (85f3d3a5-28b1-4344-a61e-4f39b6ac998d)
    
    /usr/bin/codesign --force --sign E0C31B074D83DD35DE7C0A5EC6895DE9617C460A --timestamp\=none --preserve-metadata\=identifier,entitlements,flags --generate-entitlement-der /Users/mdd/zhk/kanpan/DerivedData-codex-device/Build/Products/Debug-iphoneos/KanpanUITests-Runner.app/Frameworks/XCTestSupport.framework
/Users/mdd/zhk/kanpan/DerivedData-codex-device/Build/Products/Debug-iphoneos/KanpanUITests-Runner.app/Frameworks/XCTestSupport.framework: replacing existing signature

CodeSign /Users/mdd/zhk/kanpan/DerivedData-codex-device/Build/Products/Debug-iphoneos/KanpanUITests-Runner.app/Frameworks/XCTAutomationSupport.framework (in target 'KanpanUITests' from project 'Kanpan')
    cd /Users/mdd/zhk/kanpan/Kanpan
    
    Signing Identity:     "Apple Development: eth2022df@gmail.com (RZ92N4R9JW)"
    Provisioning Profile: "iOS Team Provisioning Profile: com.mdd.kanpan.uitests.xctrunner"
                          (85f3d3a5-28b1-4344-a61e-4f39b6ac998d)
    
    /usr/bin/codesign --force --sign E0C31B074D83DD35DE7C0A5EC6895DE9617C460A --timestamp\=none --preserve-metadata\=identifier,entitlements,flags --generate-entitlement-der /Users/mdd/zhk/kanpan/DerivedData-codex-device/Build/Products/Debug-iphoneos/KanpanUITests-Runner.app/Frameworks/XCTAutomationSupport.framework
/Users/mdd/zhk/kanpan/DerivedData-codex-device/Build/Products/Debug-iphoneos/KanpanUITests-Runner.app/Frameworks/XCTAutomationSupport.framework: replacing existing signature

CodeSign /Users/mdd/zhk/kanpan/DerivedData-codex-device/Build/Products/Debug-iphoneos/KanpanUITests-Runner.app/Frameworks/XCUIAutomation.framework (in target 'KanpanUITests' from project 'Kanpan')
    cd /Users/mdd/zhk/kanpan/Kanpan
    
    Signing Identity:     "Apple Development: eth2022df@gmail.com (RZ92N4R9JW)"
    Provisioning Profile: "iOS Team Provisioning Profile: com.mdd.kanpan.uitests.xctrunner"
                          (85f3d3a5-28b1-4344-a61e-4f39b6ac998d)
    
    /usr/bin/codesign --force --sign E0C31B074D83DD35DE7C0A5EC6895DE9617C460A --timestamp\=none --preserve-metadata\=identifier,entitlements,flags --generate-entitlement-der /Users/mdd/zhk/kanpan/DerivedData-codex-device/Build/Products/Debug-iphoneos/KanpanUITests-Runner.app/Frameworks/XCUIAutomation.framework
/Users/mdd/zhk/kanpan/DerivedData-codex-device/Build/Products/Debug-iphoneos/KanpanUITests-Runner.app/Frameworks/XCUIAutomation.framework: replacing existing signature

CodeSign /Users/mdd/zhk/kanpan/DerivedData-codex-device/Build/Products/Debug-iphoneos/KanpanUITests-Runner.app/Frameworks/XCTestCore.framework (in target 'KanpanUITests' from project 'Kanpan')
    cd /Users/mdd/zhk/kanpan/Kanpan
    
    Signing Identity:     "Apple Development: eth2022df@gmail.com (RZ92N4R9JW)"
    Provisioning Profile: "iOS Team Provisioning Profile: com.mdd.kanpan.uitests.xctrunner"
                          (85f3d3a5-28b1-4344-a61e-4f39b6ac998d)
    
    /usr/bin/codesign --force --sign E0C31B074D83DD35DE7C0A5EC6895DE9617C460A --timestamp\=none --preserve-metadata\=identifier,entitlements,flags --generate-entitlement-der /Users/mdd/zhk/kanpan/DerivedData-codex-device/Build/Products/Debug-iphoneos/KanpanUITests-Runner.app/Frameworks/XCTestCore.framework
/Users/mdd/zhk/kanpan/DerivedData-codex-device/Build/Products/Debug-iphoneos/KanpanUITests-Runner.app/Frameworks/XCTestCore.framework: replacing existing signature

CodeSign /Users/mdd/zhk/kanpan/DerivedData-codex-device/Build/Products/Debug-iphoneos/KanpanUITests-Runner.app/Frameworks/Testing.framework (in target 'KanpanUITests' from project 'Kanpan')
    cd /Users/mdd/zhk/kanpan/Kanpan
    
    Signing Identity:     "Apple Development: eth2022df@gmail.com (RZ92N4R9JW)"
    Provisioning Profile: "iOS Team Provisioning Profile: com.mdd.kanpan.uitests.xctrunner"
                          (85f3d3a5-28b1-4344-a61e-4f39b6ac998d)
    
    /usr/bin/codesign --force --sign E0C31B074D83DD35DE7C0A5EC6895DE9617C460A --timestamp\=none --preserve-metadata\=identifier,entitlements,flags --generate-entitlement-der /Users/mdd/zhk/kanpan/DerivedData-codex-device/Build/Products/Debug-iphoneos/KanpanUITests-Runner.app/Frameworks/Testing.framework
/Users/mdd/zhk/kanpan/DerivedData-codex-device/Build/Products/Debug-iphoneos/KanpanUITests-Runner.app/Frameworks/Testing.framework: replacing existing signature

CodeSign /Users/mdd/zhk/kanpan/DerivedData-codex-device/Build/Products/Debug-iphoneos/KanpanUITests-Runner.app/PlugIns/KanpanUITests.xctest (in target 'KanpanUITests' from project 'Kanpan')
    cd /Users/mdd/zhk/kanpan/Kanpan
    
    Signing Identity:     "Apple Development: eth2022df@gmail.com (RZ92N4R9JW)"
    Provisioning Profile: "iOS Team Provisioning Profile: com.mdd.kanpan.uitests.xctrunner"
                          (85f3d3a5-28b1-4344-a61e-4f39b6ac998d)
    
    /usr/bin/codesign --force --sign E0C31B074D83DD35DE7C0A5EC6895DE9617C460A --entitlements /Users/mdd/zhk/kanpan/DerivedData-codex-device/Build/Intermediates.noindex/Kanpan.build/Debug-iphoneos/KanpanUITests.build/KanpanUITests.xctest.xcent --timestamp\=none --generate-entitlement-der /Users/mdd/zhk/kanpan/DerivedData-codex-device/Build/Products/Debug-iphoneos/KanpanUITests-Runner.app/PlugIns/KanpanUITests.xctest

RegisterExecutionPolicyException /Users/mdd/zhk/kanpan/DerivedData-codex-device/Build/Products/Debug-iphoneos/KanpanUITests-Runner.app/PlugIns/KanpanUITests.xctest (in target 'KanpanUITests' from project 'Kanpan')
    cd /Users/mdd/zhk/kanpan/Kanpan
    builtin-RegisterExecutionPolicyException /Users/mdd/zhk/kanpan/DerivedData-codex-device/Build/Products/Debug-iphoneos/KanpanUITests-Runner.app/PlugIns/KanpanUITests.xctest

Touch /Users/mdd/zhk/kanpan/DerivedData-codex-device/Build/Products/Debug-iphoneos/KanpanUITests-Runner.app/PlugIns/KanpanUITests.xctest (in target 'KanpanUITests' from project 'Kanpan')
    cd /Users/mdd/zhk/kanpan/Kanpan
    /usr/bin/touch -c /Users/mdd/zhk/kanpan/DerivedData-codex-device/Build/Products/Debug-iphoneos/KanpanUITests-Runner.app/PlugIns/KanpanUITests.xctest

CodeSign /Users/mdd/zhk/kanpan/DerivedData-codex-device/Build/Products/Debug-iphoneos/KanpanUITests-Runner.app (in target 'KanpanUITests' from project 'Kanpan')
    cd /Users/mdd/zhk/kanpan/Kanpan
    
    Signing Identity:     "Apple Development: eth2022df@gmail.com (RZ92N4R9JW)"
    Provisioning Profile: "iOS Team Provisioning Profile: com.mdd.kanpan.uitests.xctrunner"
                          (85f3d3a5-28b1-4344-a61e-4f39b6ac998d)
    
    /usr/bin/codesign --force --sign E0C31B074D83DD35DE7C0A5EC6895DE9617C460A --entitlements /Users/mdd/zhk/kanpan/DerivedData-codex-device/Build/Intermediates.noindex/Kanpan.build/Debug-iphoneos/KanpanUITests.build/KanpanUITests.xctest.xcent --timestamp\=none --generate-entitlement-der /Users/mdd/zhk/kanpan/DerivedData-codex-device/Build/Products/Debug-iphoneos/KanpanUITests-Runner.app
/Users/mdd/zhk/kanpan/DerivedData-codex-device/Build/Products/Debug-iphoneos/KanpanUITests-Runner.app: replacing existing signature

2026-09-14 22:17:34.729325+0800 KanpanUITests-Runner[1477:167744] [Default] Running tests...
2026-09-14 22:17:34.815986+0800 KanpanUITests-Runner[1477:167744] [MC] Reading from public effective user settings.
2026-09-14 22:17:50.762230+0800 KanpanUITests-Runner[1477:167744] [Default] Failed to initialize for UI testing: Error Domain=com.apple.LocalAuthentication Code=-1 "认证失败。" UserInfo={NSLocalizedDescription=认证失败。, NSUnderlyingError=0x10abb0660 {Error Domain=com.apple.sharing.authentication Code=12 "Timed out waiting for response" UserInfo={SFAutoUnlockManagerErrorBody=请确保iPhone已开机并至少解锁过一次，且在附近。, NSDebugDescription=Timed out waiting for response, SFAutoUnlockManagerErrorTitle=无法与iPhone通信}}}


*** If you believe this error represents a bug, please attach the result bundle at /Users/mdd/zhk/kanpan/docs/acceptance/AICoin-base/device-ui-signed.xcresult

2026-09-14 22:17:51.249 xcodebuild[70586:31399628]  IDETestOperationsObserverDebug: Failure collecting diagnostics from devices: Process exited with error 1:
 ERROR: The operation couldn?t be completed. (CoreDeviceCLISupport.DiagnoseError error 0.)
This tool generates files that allow Apple to investigate issues with your
computer and help improve Apple products. The files might contain personal
information found on your device or associated with your Apple Account(s),
including but not limited to your name, serial numbers of your device,
your device name, your device's location over the last one to two days,
your attached peripheral devices, your user name, your email address and
email settings, file paths, file names, Siri suggestions, your computer's
IP addresses, and network connection information.

This information is used by Apple in accordance with its privacy policy
(www.apple.com/privacy) and is not shared with any other company. By using
this tool and sending the results to Apple, you consent to Apple using the
contents of these files to improve Apple products.

An error occurred while running devicectl diagnose. Will archive the diagnostics collected thus far.
Wrote file to /Users/mdd/zhk/kanpan/docs/acceptance/AICoin-base/device-ui-signed.xcresult/Staging/1_Test/Diagnostics/devicectl_diagnostics.zip
Partial devicectl diagnose bundle located here: /Users/mdd/zhk/kanpan/docs/acceptance/AICoin-base/device-ui-signed.xcresult/Staging/1_Test/Diagnostics/devicectl_diagnostics.zip

2026-09-14 22:17:51.261 xcodebuild[70586:31399564] [MT] IDETestOperationsObserverDebug: 19.988 elapsed -- Testing started completed.
2026-09-14 22:17:51.261 xcodebuild[70586:31399564] [MT] IDETestOperationsObserverDebug: 0.000 sec, +0.000 sec -- start
2026-09-14 22:17:51.261 xcodebuild[70586:31399564] [MT] IDETestOperationsObserverDebug: 19.988 sec, +19.988 sec -- end

Test session results, code coverage, and logs:
	/Users/mdd/zhk/kanpan/docs/acceptance/AICoin-base/device-ui-signed.xcresult

Testing failed:
	KanpanUITests-Runner (1477) encountered an error (The test runner failed to initialize for UI testing. (Underlying Error: 认证失败。. (Underlying Error: The operation couldn’t be completed. (com.apple.sharing.authentication error 12.). Timed out waiting for response)))

** TEST FAILED **

Testing started
