Command line invocation:
    /Applications/Xcode.app/Contents/Developer/usr/bin/xcodebuild test-without-building -workspace Kanpan.xcworkspace -scheme Kanpan -destination "platform=iOS Simulator,id=3749DE35-5582-4066-8C14-9767B5559B70" -derivedDataPath DerivedData-codex-current-r5 -parallel-testing-enabled NO -resultBundlePath /Users/mdd/zhk/kanpan/docs/acceptance/eye-colors/iPhone-15-current-r6.xcresult "-only-testing:KanpanUITests/ChartFoundationUITests/testComfortPalettesAndLayout" "-only-testing:KanpanUITests/ChartFoundationUITests/testFavoritesDirectRowReorder" "-only-testing:KanpanUITests/ChartFoundationUITests/testFavoritesCategoryOverflow" "-only-testing:KanpanUITests/ChartFoundationUITests/testLatestQuoteDoesNotRegressAcrossIntervals" "-only-testing:KanpanUITests/ChartFoundationUITests/testQuickFavoritesAndMarketSectors" "-only-testing:KanpanUITests/ChartFoundationUITests/testFourSubpanelsFitWithoutPageScroll" "-only-testing:KanpanUITests/ChartFoundationUITests/testLatestEdgeAndReentryCompatibility"

Resolve Package Graph


Resolved source packages:
  KanpanChart: /Users/mdd/zhk/kanpan/KanpanChart @ local
  KanpanCore: /Users/mdd/zhk/kanpan/KanpanCore @ local
  KanpanData: /Users/mdd/zhk/kanpan/KanpanData @ local

Writing result bundle at path:
	/Users/mdd/zhk/kanpan/docs/acceptance/eye-colors/iPhone-15-current-r6.xcresult

2026-09-15 05:38:26.767169+0800 KanpanUITests-Runner[73289:32847046] [Default] Running tests...
2026-09-15 05:38:26.824256+0800 KanpanUITests-Runner[73289:32847319] [General] Failed to send CA Event for app launch measurements for ca_event_type: 0 event_name: com.apple.app_launch_measurement.FirstFramePresentationMetric
2026-09-15 05:38:26.866662+0800 KanpanUITests-Runner[73289:32847316] [General] Failed to send CA Event for app launch measurements for ca_event_type: 1 event_name: com.apple.app_launch_measurement.ExtendedLaunchMetrics
objc[73289]: Class UIAccessibilityLoaderWebShared is implemented in both /Library/Developer/CoreSimulator/Volumes/iOS_23F77/Library/Developer/CoreSimulator/Profiles/Runtimes/iOS 26.5.simruntime/Contents/Resources/RuntimeRoot/System/Library/AccessibilityBundles/WebCore.axbundle/WebCore (0x1072b8310) and /Library/Developer/CoreSimulator/Volumes/iOS_23F77/Library/Developer/CoreSimulator/Profiles/Runtimes/iOS 26.5.simruntime/Contents/Resources/RuntimeRoot/System/Library/AccessibilityBundles/WebKit.axbundle/WebKit (0x106750398). This may cause spurious casting failures and mysterious crashes. One of the duplicates must be removed or renamed.
    t =      nans Interface orientation changed to Portrait
Test Suite 'Selected tests' started at 2026-09-15 05:38:30.624.
Test Suite 'KanpanUITests.xctest' started at 2026-09-15 05:38:30.625.
Test Suite 'ChartFoundationUITests' started at 2026-09-15 05:38:30.626.
Test Case '-[KanpanUITests.ChartFoundationUITests testComfortPalettesAndLayout]' started.
    t =     0.00s Start Test at 2026-09-15 05:38:30.631
    t =     0.38s Set Up
    t =     0.38s     Setting device orientation to Portrait
    t =     0.39s         Device orientation changed to Portrait
    t =     0.45s         Wait for com.apple.springboard to idle
    t =     0.53s     Open com.mdd.kanpan
    t =     0.53s         Launch com.mdd.kanpan
2026-09-15 05:38:31.543 xcodebuild[72863:32842597] [MT] IDELaunchParametersSnapshot: The operation couldn’t be completed. (DebuggerLLDB.DebuggerVersionStore.StoreError error 0.)
2026-09-15 05:38:31.543 xcodebuild[72863:32842597] [MT] IDELaunchParametersSnapshot: no debugger version
    t =     3.03s             Setting up automation session
    t =     4.08s             Wait for com.mdd.kanpan to idle
    t =     5.85s     Waiting 30.0s for "chart.canvas" Other to exist
    t =     6.94s         Checking `Expect predicate `existsNoRetry == 1` for object "chart.canvas" Other`
    t =     6.94s             Checking existence of `"chart.canvas" Other`
    t =     8.21s     Checking existence of `"chart.canvas" Other`
    t =     8.38s     Find the "chart.canvas" Other
    t =     8.68s Terminate com.mdd.kanpan:73367
    t =     9.71s Open com.mdd.kanpan
    t =     9.71s     Launch com.mdd.kanpan
2026-09-15 05:38:40.342 xcodebuild[72863:32842597] [MT] IDELaunchParametersSnapshot: The operation couldn’t be completed. (DebuggerLLDB.DebuggerVersionStore.StoreError error 0.)
2026-09-15 05:38:40.342 xcodebuild[72863:32842597] [MT] IDELaunchParametersSnapshot: no debugger version
    t =     9.95s         Setting up automation session
    t =    11.05s         Wait for com.mdd.kanpan to idle
    t =    13.45s Waiting 15.0s for "favorites.more" Button to exist
    t =    14.52s     Checking `Expect predicate `existsNoRetry == 1` for object "favorites.more" Button`
    t =    14.52s         Checking existence of `"favorites.more" Button`
    t =    14.78s Tap "favorites.more" Button
    t =    14.78s     Wait for com.mdd.kanpan to idle
    t =    14.79s     Find the "favorites.more" Button
    t =    14.90s     Check for interrupting elements affecting "favorites.more" Button
    t =    15.00s     Synthesize event
    t =    15.42s     Wait for com.mdd.kanpan to idle
    t =    61.38s Waiting 4.0s for "favorites.close" Button to exist
    t =    62.41s     Checking `Expect predicate `existsNoRetry == 1` for object "favorites.close" Button`
    t =    62.41s         Checking existence of `"favorites.close" Button`
    t =    62.55s Tap "favorites.close" Button
    t =    62.55s     Wait for com.mdd.kanpan to idle
    t =    63.49s     Find the "favorites.close" Button
    t =    63.54s     Check for interrupting elements affecting "favorites.close" Button
    t =    63.68s     Synthesize event
    t =    63.70s         Scroll element to visible
    t =    63.74s         Find the "favorites.close" Button
    t =    63.79s         Computed hit point {260, 279} after scrolling to visible
    t =    64.09s     Wait for com.mdd.kanpan to idle
    t =    65.61s Checking existence of `"chart.canvas" Other`
    t =    65.64s Find the "chart.canvas" Other
    t =    65.67s Tap "bottom.settings" Button
    t =    65.67s     Wait for com.mdd.kanpan to idle
    t =    65.67s     Find the "bottom.settings" Button
    t =    65.68s     Check for interrupting elements affecting "bottom.settings" Button
    t =    65.70s     Synthesize event
    t =    65.99s     Wait for com.mdd.kanpan to idle
    t =    66.23s Waiting 5.0s for "display.themes" ScrollView to exist
    t =    67.30s     Checking `Expect predicate `existsNoRetry == 1` for object "display.themes" ScrollView`
    t =    67.30s         Checking existence of `"display.themes" ScrollView`
    t =    67.37s Checking existence of `"display.theme.light" Button`
    t =    67.41s Find the "display.themes" ScrollView
    t =    67.45s Find the "display.theme.light" Button
    t =    67.57s Find the "display.theme.light" Button
    t =    67.63s Tap "display.theme.light" Button[0.50, 0.50]
    t =    67.63s     Wait for com.mdd.kanpan to idle
    t =    67.64s     Find the "display.theme.light" Button
    t =    67.67s     Check for interrupting elements affecting "display.theme.light" Button
    t =    67.71s     Synthesize event
    t =    67.71s         Find the "display.theme.light" Button
    t =    67.75s         Find the "display.theme.light" Button
    t =    67.78s         Find the "display.theme.light" Button
    t =    68.11s     Wait for com.mdd.kanpan to idle
    t =    68.92s Checking existence of `"display.still" Button`
    t =    68.96s Checking existence of `"display.eyeBreak" Button`
    t =    68.99s Waiting 5.0s for "panel.header" StaticText to exist
    t =    70.06s     Checking `Expect predicate `existsNoRetry == 1` for object "panel.header" StaticText`
    t =    70.06s         Checking existence of `"panel.header" StaticText`
    t =    70.09s Press "panel.header" StaticText[0.50, 0.50] for 0.1 seconds, then drag to Window (First Match)[0.50, 0.98] with velocity of 500.00 pixels per second, and then hold for 0.0 seconds 
    t =    70.09s     Wait for com.mdd.kanpan to idle
    t =    70.10s     Find the "panel.header" StaticText
    t =    70.13s     Check for interrupting elements affecting "panel.header" StaticText
    t =    70.17s     Synthesize event
    t =    70.17s         Find the "panel.header" StaticText
    t =    70.21s         Find the "panel.header" StaticText
    t =    70.24s         Find the Window (First Match)
    t =    70.25s         Find the Window at {{0.0, 0.0}, {393.0, 852.0}}
    t =    70.26s         Find the "panel.header" StaticText
    t =    71.47s     Wait for com.mdd.kanpan to idle
    t =    73.22s Checking existence of `"panel.header" StaticText`
    t =    74.32s Checking existence of `"chart.canvas" Other`
    t =    74.35s Find the "chart.canvas" Other
    t =    74.36s Checking existence of `"chart.canvas" Other`
    t =    74.39s Find the "chart.canvas" Other
    t =    74.41s Checking existence of `"chart.canvas" Other`
    t =    74.42s Find the "chart.canvas" Other
    t =    74.44s Checking existence of `"chart.canvas" Other`
    t =    74.45s Find the "chart.canvas" Other
    t =    74.47s Checking existence of `"chart.canvas" Other`
    t =    74.48s Find the "chart.canvas" Other
    t =    74.50s Checking existence of `"chart.canvas" Other`
    t =    74.51s Find the "chart.canvas" Other
    t =    74.53s Find the Target Application 'com.mdd.kanpan'
    t =    74.64s Added attachment named '配色-light-图表'
    t =    74.64s Tap "bottom.favorites" Button
    t =    74.64s     Wait for com.mdd.kanpan to idle
    t =    74.65s     Find the "bottom.favorites" Button
    t =    74.66s     Check for interrupting elements affecting "bottom.favorites" Button
    t =    74.68s     Synthesize event
    t =    74.97s     Wait for com.mdd.kanpan to idle
    t =    75.42s Waiting 5.0s for "favorites.open.BTCUSDT" Button to exist
    t =    76.48s     Checking `Expect predicate `existsNoRetry == 1` for object "favorites.open.BTCUSDT" Button`
    t =    76.48s         Checking existence of `"favorites.open.BTCUSDT" Button`
    t =    77.63s Find the "favorites.feed" Any
    t =    77.72s Checking existence of `"favorites.group.加密" Button`
    t =    77.75s Find the "favorites.group.加密" Button
    t =    77.78s Find the "favorites.group.加密" Button
    t =    77.81s Find the "favorites.add" Button
    t =    77.84s Checking existence of `"favorites.group.美股" Button`
    t =    77.87s Find the "favorites.group.美股" Button
    t =    77.90s Find the "favorites.group.美股" Button
    t =    77.92s Find the "favorites.add" Button
    t =    77.95s Checking existence of `"favorites.group.贵金属" Button`
    t =    77.98s Find the "favorites.group.贵金属" Button
    t =    78.02s Find the "favorites.group.贵金属" Button
    t =    78.05s Find the "favorites.add" Button
    t =    78.08s Checking existence of `"favorites.search" Button`
    t =    78.10s Find the Target Application 'com.mdd.kanpan'
    t =    78.19s Added attachment named '配色-light-自选'
    t =    78.19s Tap "favorites.more" Button
    t =    78.19s     Wait for com.mdd.kanpan to idle
    t =    78.20s     Find the "favorites.more" Button
    t =    78.22s     Check for interrupting elements affecting "favorites.more" Button
    t =    78.25s     Synthesize event
    t =    78.55s     Wait for com.mdd.kanpan to idle
    t =    81.31s Waiting 4.0s for "favorites.close" Button to exist
    t =    82.38s     Checking `Expect predicate `existsNoRetry == 1` for object "favorites.close" Button`
    t =    82.38s         Checking existence of `"favorites.close" Button`
    t =    82.45s Tap "favorites.close" Button
    t =    82.45s     Wait for com.mdd.kanpan to idle
    t =    87.36s     Find the "favorites.close" Button
    t =    87.40s     Check for interrupting elements affecting "favorites.close" Button
    t =    87.44s     Synthesize event
    t =    87.75s     Wait for com.mdd.kanpan to idle
    t =    89.21s Tap "bottom.settings" Button
    t =    89.21s     Wait for com.mdd.kanpan to idle
    t =    89.23s     Find the "bottom.settings" Button
    t =    89.25s     Check for interrupting elements affecting "bottom.settings" Button
    t =    89.28s     Synthesize event
    t =    89.57s     Wait for com.mdd.kanpan to idle
    t =    89.98s Waiting 5.0s for "display.themes" ScrollView to exist
    t =    91.06s     Checking `Expect predicate `existsNoRetry == 1` for object "display.themes" ScrollView`
    t =    91.06s         Checking existence of `"display.themes" ScrollView`
    t =    91.12s Checking existence of `"display.theme.dark" Button`
    t =    91.16s Find the "display.themes" ScrollView
    t =    91.20s Find the "display.theme.dark" Button
    t =    91.24s Find the "display.theme.dark" Button
    t =    91.35s Tap "display.theme.dark" Button[0.50, 0.50]
    t =    91.35s     Wait for com.mdd.kanpan to idle
    t =    91.35s     Find the "display.theme.dark" Button
    t =    91.40s     Check for interrupting elements affecting "display.theme.dark" Button
    t =    91.46s     Synthesize event
    t =    91.48s         Find the "display.theme.dark" Button
    t =    91.63s         Find the "display.theme.dark" Button
    t =    91.69s         Find the "display.theme.dark" Button
    t =    92.02s     Wait for com.mdd.kanpan to idle
    t =    92.84s Checking existence of `"display.still" Button`
    t =    92.89s Checking existence of `"display.eyeBreak" Button`
    t =    93.00s Waiting 5.0s for "panel.header" StaticText to exist
    t =    94.07s     Checking `Expect predicate `existsNoRetry == 1` for object "panel.header" StaticText`
    t =    94.07s         Checking existence of `"panel.header" StaticText`
    t =    94.12s Press "panel.header" StaticText[0.50, 0.50] for 0.1 seconds, then drag to Window (First Match)[0.50, 0.98] with velocity of 500.00 pixels per second, and then hold for 0.0 seconds 
    t =    94.12s     Wait for com.mdd.kanpan to idle
    t =    94.12s     Find the "panel.header" StaticText
    t =    94.15s     Check for interrupting elements affecting "panel.header" StaticText
    t =    94.19s     Synthesize event
    t =    94.21s         Find the "panel.header" StaticText
    t =    94.26s         Find the "panel.header" StaticText
    t =    94.32s         Find the Window (First Match)
    t =    94.34s         Find the Window at {{0.0, 0.0}, {393.0, 852.0}}
    t =    94.35s         Find the "panel.header" StaticText
    t =    95.57s     Wait for com.mdd.kanpan to idle
    t =    97.32s Checking existence of `"panel.header" StaticText`
    t =    98.37s Checking existence of `"chart.canvas" Other`
    t =    98.39s Find the "chart.canvas" Other
    t =    98.41s Checking existence of `"chart.canvas" Other`
    t =    98.42s Find the "chart.canvas" Other
    t =    98.43s Checking existence of `"chart.canvas" Other`
    t =    98.44s Find the "chart.canvas" Other
    t =    98.46s Checking existence of `"chart.canvas" Other`
    t =    98.47s Find the "chart.canvas" Other
    t =    98.49s Checking existence of `"chart.canvas" Other`
    t =    98.50s Find the "chart.canvas" Other
    t =    98.52s Checking existence of `"chart.canvas" Other`
    t =    98.53s Find the "chart.canvas" Other
    t =    98.55s Find the Target Application 'com.mdd.kanpan'
    t =    98.64s Added attachment named '配色-dark-图表'
    t =    98.64s Tap "bottom.favorites" Button
    t =    98.64s     Wait for com.mdd.kanpan to idle
    t =    98.64s     Find the "bottom.favorites" Button
    t =    98.67s     Check for interrupting elements affecting "bottom.favorites" Button
    t =    98.68s     Synthesize event
    t =    98.98s     Wait for com.mdd.kanpan to idle
    t =    99.42s Waiting 5.0s for "favorites.open.BTCUSDT" Button to exist
    t =   100.48s     Checking `Expect predicate `existsNoRetry == 1` for object "favorites.open.BTCUSDT" Button`
    t =   100.48s         Checking existence of `"favorites.open.BTCUSDT" Button`
    t =   101.58s Find the "favorites.feed" Any
    t =   101.64s Checking existence of `"favorites.group.加密" Button`
    t =   101.66s Find the "favorites.group.加密" Button
    t =   101.69s Find the "favorites.group.加密" Button
    t =   101.73s Find the "favorites.add" Button
    t =   101.75s Checking existence of `"favorites.group.美股" Button`
    t =   101.78s Find the "favorites.group.美股" Button
    t =   101.81s Find the "favorites.group.美股" Button
    t =   101.83s Find the "favorites.add" Button
    t =   101.86s Checking existence of `"favorites.group.贵金属" Button`
    t =   101.88s Find the "favorites.group.贵金属" Button
    t =   101.91s Find the "favorites.group.贵金属" Button
    t =   101.94s Find the "favorites.add" Button
    t =   101.96s Checking existence of `"favorites.search" Button`
    t =   101.99s Find the Target Application 'com.mdd.kanpan'
    t =   102.07s Added attachment named '配色-dark-自选'
    t =   102.07s Tap "favorites.more" Button
    t =   102.07s     Wait for com.mdd.kanpan to idle
    t =   102.07s     Find the "favorites.more" Button
    t =   102.10s     Check for interrupting elements affecting "favorites.more" Button
    t =   102.12s     Synthesize event
    t =   102.41s     Wait for com.mdd.kanpan to idle
    t =   111.39s Waiting 4.0s for "favorites.close" Button to exist
    t =   112.47s     Checking `Expect predicate `existsNoRetry == 1` for object "favorites.close" Button`
    t =   112.47s         Checking existence of `"favorites.close" Button`
    t =   112.50s Tap "favorites.close" Button
    t =   112.50s     Wait for com.mdd.kanpan to idle
    t =   115.39s     Find the "favorites.close" Button
    t =   115.46s     Check for interrupting elements affecting "favorites.close" Button
    t =   115.50s     Synthesize event
    t =   115.51s         Scroll element to visible
    t =   115.52s         Find the "favorites.close" Button
    t =   115.55s         Computed hit point {260, 279} after scrolling to visible
    t =   115.85s     Wait for com.mdd.kanpan to idle
    t =   117.24s Tap "bottom.settings" Button
    t =   117.24s     Wait for com.mdd.kanpan to idle
    t =   117.25s     Find the "bottom.settings" Button
    t =   117.27s     Check for interrupting elements affecting "bottom.settings" Button
    t =   117.29s     Synthesize event
    t =   117.58s     Wait for com.mdd.kanpan to idle
    t =   117.96s Waiting 5.0s for "display.themes" ScrollView to exist
    t =   119.02s     Checking `Expect predicate `existsNoRetry == 1` for object "display.themes" ScrollView`
    t =   119.03s         Checking existence of `"display.themes" ScrollView`
    t =   119.08s Checking existence of `"display.theme.paper" Button`
    t =   119.11s Find the "display.themes" ScrollView
    t =   119.15s Find the "display.theme.paper" Button
    t =   119.18s Swipe left "display.themes" ScrollView
    t =   119.18s     Wait for com.mdd.kanpan to idle
    t =   119.19s     Find the "display.themes" ScrollView
    t =   119.22s     Check for interrupting elements affecting "display.themes" ScrollView
    t =   119.25s     Synthesize event
    t =   119.70s     Wait for com.mdd.kanpan to idle
    t =   120.39s Checking existence of `"display.theme.paper" Button`
    t =   120.44s Find the "display.themes" ScrollView
    t =   120.49s Find the "display.theme.paper" Button
    t =   120.56s Find the "display.theme.paper" Button
    t =   120.73s Tap "display.theme.paper" Button[0.50, 0.50]
    t =   120.73s     Wait for com.mdd.kanpan to idle
    t =   120.73s     Find the "display.theme.paper" Button
    t =   120.77s     Check for interrupting elements affecting "display.theme.paper" Button
    t =   120.80s     Synthesize event
    t =   120.80s         Find the "display.theme.paper" Button
    t =   120.83s         Find the "display.theme.paper" Button
    t =   120.98s         Find the "display.theme.paper" Button
    t =   121.30s     Wait for com.mdd.kanpan to idle
    t =   122.06s Checking existence of `"display.still" Button`
    t =   122.10s Checking existence of `"display.eyeBreak" Button`
    t =   122.14s Waiting 5.0s for "panel.header" StaticText to exist
    t =   123.19s     Checking `Expect predicate `existsNoRetry == 1` for object "panel.header" StaticText`
    t =   123.19s         Checking existence of `"panel.header" StaticText`
    t =   123.33s Press "panel.header" StaticText[0.50, 0.50] for 0.1 seconds, then drag to Window (First Match)[0.50, 0.98] with velocity of 500.00 pixels per second, and then hold for 0.0 seconds 
    t =   123.33s     Wait for com.mdd.kanpan to idle
    t =   123.41s     Find the "panel.header" StaticText
    t =   123.61s     Check for interrupting elements affecting "panel.header" StaticText
    t =   123.68s     Synthesize event
    t =   123.69s         Find the "panel.header" StaticText
    t =   123.78s         Find the "panel.header" StaticText
    t =   123.84s         Find the Window (First Match)
    t =   123.86s         Find the Window at {{0.0, 0.0}, {393.0, 852.0}}
    t =   123.87s         Find the "panel.header" StaticText
    t =   125.11s     Wait for com.mdd.kanpan to idle
    t =   126.84s Checking existence of `"panel.header" StaticText`
    t =   127.92s Checking existence of `"chart.canvas" Other`
    t =   127.94s Find the "chart.canvas" Other
    t =   127.96s Checking existence of `"chart.canvas" Other`
    t =   127.97s Find the "chart.canvas" Other
    t =   127.99s Checking existence of `"chart.canvas" Other`
    t =   128.02s Find the "chart.canvas" Other
    t =   128.03s Checking existence of `"chart.canvas" Other`
    t =   128.05s Find the "chart.canvas" Other
    t =   128.06s Checking existence of `"chart.canvas" Other`
    t =   128.07s Find the "chart.canvas" Other
    t =   128.08s Checking existence of `"chart.canvas" Other`
    t =   128.10s Find the "chart.canvas" Other
    t =   128.11s Find the Target Application 'com.mdd.kanpan'
    t =   128.20s Added attachment named '配色-paper-图表'
    t =   128.20s Tap "bottom.favorites" Button
    t =   128.20s     Wait for com.mdd.kanpan to idle
    t =   128.20s     Find the "bottom.favorites" Button
    t =   128.22s     Check for interrupting elements affecting "bottom.favorites" Button
    t =   128.24s     Synthesize event
    t =   128.54s     Wait for com.mdd.kanpan to idle
    t =   128.93s Waiting 5.0s for "favorites.open.BTCUSDT" Button to exist
    t =   129.98s     Checking `Expect predicate `existsNoRetry == 1` for object "favorites.open.BTCUSDT" Button`
    t =   129.98s         Checking existence of `"favorites.open.BTCUSDT" Button`
    t =   131.08s Find the "favorites.feed" Any
    t =   131.14s Checking existence of `"favorites.group.加密" Button`
    t =   131.16s Find the "favorites.group.加密" Button
    t =   131.19s Find the "favorites.group.加密" Button
    t =   131.22s Find the "favorites.add" Button
    t =   131.25s Checking existence of `"favorites.group.美股" Button`
    t =   131.27s Find the "favorites.group.美股" Button
    t =   131.30s Find the "favorites.group.美股" Button
    t =   131.33s Find the "favorites.add" Button
    t =   131.35s Checking existence of `"favorites.group.贵金属" Button`
    t =   131.38s Find the "favorites.group.贵金属" Button
    t =   131.40s Find the "favorites.group.贵金属" Button
    t =   131.43s Find the "favorites.add" Button
    t =   131.46s Checking existence of `"favorites.search" Button`
    t =   131.48s Find the Target Application 'com.mdd.kanpan'
    t =   131.57s Added attachment named '配色-paper-自选'
    t =   131.57s Tap "favorites.more" Button
    t =   131.57s     Wait for com.mdd.kanpan to idle
    t =   131.57s     Find the "favorites.more" Button
    t =   131.61s     Check for interrupting elements affecting "favorites.more" Button
    t =   131.64s     Synthesize event
    t =   131.93s     Wait for com.mdd.kanpan to idle
    t =   133.52s Waiting 4.0s for "favorites.close" Button to exist
    t =   134.59s     Checking `Expect predicate `existsNoRetry == 1` for object "favorites.close" Button`
    t =   134.59s         Checking existence of `"favorites.close" Button`
    t =   134.62s Tap "favorites.close" Button
    t =   134.62s     Wait for com.mdd.kanpan to idle
    t =   149.48s     Find the "favorites.close" Button
    t =   149.56s     Check for interrupting elements affecting "favorites.close" Button
    t =   149.62s     Synthesize event
    t =   149.63s         Scroll element to visible
    t =   149.63s         Find the "favorites.close" Button
    t =   149.67s         Computed hit point {260, 279} after scrolling to visible
    t =   149.95s     Wait for com.mdd.kanpan to idle
    t =   151.36s Tap "bottom.settings" Button
    t =   151.36s     Wait for com.mdd.kanpan to idle
    t =   151.38s     Find the "bottom.settings" Button
    t =   151.39s     Check for interrupting elements affecting "bottom.settings" Button
    t =   151.41s     Synthesize event
    t =   151.70s     Wait for com.mdd.kanpan to idle
    t =   152.06s Waiting 5.0s for "display.themes" ScrollView to exist
    t =   153.11s     Checking `Expect predicate `existsNoRetry == 1` for object "display.themes" ScrollView`
    t =   153.11s         Checking existence of `"display.themes" ScrollView`
    t =   153.16s Checking existence of `"display.theme.night" Button`
    t =   153.19s Find the "display.themes" ScrollView
    t =   153.22s Find the "display.theme.night" Button
    t =   153.25s Swipe left "display.themes" ScrollView
    t =   153.25s     Wait for com.mdd.kanpan to idle
    t =   153.26s     Find the "display.themes" ScrollView
    t =   153.29s     Check for interrupting elements affecting "display.themes" ScrollView
    t =   153.32s     Synthesize event
    t =   153.76s     Wait for com.mdd.kanpan to idle
    t =   154.45s Checking existence of `"display.theme.night" Button`
    t =   154.49s Find the "display.themes" ScrollView
    t =   154.53s Find the "display.theme.night" Button
    t =   154.59s Find the "display.theme.night" Button
    t =   154.63s Tap "display.theme.night" Button[0.50, 0.50]
    t =   154.63s     Wait for com.mdd.kanpan to idle
    t =   154.63s     Find the "display.theme.night" Button
    t =   154.66s     Check for interrupting elements affecting "display.theme.night" Button
    t =   154.69s     Synthesize event
    t =   154.69s         Find the "display.theme.night" Button
    t =   154.72s         Find the "display.theme.night" Button
    t =   154.76s         Find the "display.theme.night" Button
    t =   155.07s     Wait for com.mdd.kanpan to idle
    t =   155.85s Checking existence of `"display.still" Button`
    t =   155.88s Checking existence of `"display.eyeBreak" Button`
    t =   155.91s Waiting 5.0s for "panel.header" StaticText to exist
    t =   156.96s     Checking `Expect predicate `existsNoRetry == 1` for object "panel.header" StaticText`
    t =   156.96s         Checking existence of `"panel.header" StaticText`
    t =   156.99s Press "panel.header" StaticText[0.50, 0.50] for 0.1 seconds, then drag to Window (First Match)[0.50, 0.98] with velocity of 500.00 pixels per second, and then hold for 0.0 seconds 
    t =   156.99s     Wait for com.mdd.kanpan to idle
    t =   156.99s     Find the "panel.header" StaticText
    t =   157.03s     Check for interrupting elements affecting "panel.header" StaticText
    t =   157.07s     Synthesize event
    t =   157.07s         Find the "panel.header" StaticText
    t =   157.13s         Find the "panel.header" StaticText
    t =   157.18s         Find the Window (First Match)
    t =   157.19s         Find the Window at {{0.0, 0.0}, {393.0, 852.0}}
    t =   157.20s         Find the "panel.header" StaticText
    t =   158.42s     Wait for com.mdd.kanpan to idle
    t =   160.14s Checking existence of `"panel.header" StaticText`
    t =   161.22s Checking existence of `"chart.canvas" Other`
    t =   161.25s Find the "chart.canvas" Other
    t =   161.27s Checking existence of `"chart.canvas" Other`
    t =   161.28s Find the "chart.canvas" Other
    t =   161.30s Checking existence of `"chart.canvas" Other`
    t =   161.31s Find the "chart.canvas" Other
    t =   161.32s Checking existence of `"chart.canvas" Other`
    t =   161.33s Find the "chart.canvas" Other
    t =   161.35s Checking existence of `"chart.canvas" Other`
    t =   161.36s Find the "chart.canvas" Other
    t =   161.37s Checking existence of `"chart.canvas" Other`
    t =   161.39s Find the "chart.canvas" Other
    t =   161.40s Find the Target Application 'com.mdd.kanpan'
    t =   161.48s Added attachment named '配色-night-图表'
    t =   161.48s Tap "bottom.favorites" Button
    t =   161.48s     Wait for com.mdd.kanpan to idle
    t =   161.48s     Find the "bottom.favorites" Button
    t =   161.50s     Check for interrupting elements affecting "bottom.favorites" Button
    t =   161.51s     Synthesize event
    t =   161.80s     Wait for com.mdd.kanpan to idle
    t =   162.18s Waiting 5.0s for "favorites.open.BTCUSDT" Button to exist
    t =   163.23s     Checking `Expect predicate `existsNoRetry == 1` for object "favorites.open.BTCUSDT" Button`
    t =   163.23s         Checking existence of `"favorites.open.BTCUSDT" Button`
    t =   164.34s Find the "favorites.feed" Any
    t =   164.39s Checking existence of `"favorites.group.加密" Button`
    t =   164.43s Find the "favorites.group.加密" Button
    t =   164.45s Find the "favorites.group.加密" Button
    t =   164.48s Find the "favorites.add" Button
    t =   164.51s Checking existence of `"favorites.group.美股" Button`
    t =   164.53s Find the "favorites.group.美股" Button
    t =   164.55s Find the "favorites.group.美股" Button
    t =   164.58s Find the "favorites.add" Button
    t =   164.61s Checking existence of `"favorites.group.贵金属" Button`
    t =   164.63s Find the "favorites.group.贵金属" Button
    t =   164.66s Find the "favorites.group.贵金属" Button
    t =   164.68s Find the "favorites.add" Button
    t =   164.71s Checking existence of `"favorites.search" Button`
    t =   164.73s Find the Target Application 'com.mdd.kanpan'
    t =   164.82s Added attachment named '配色-night-自选'
    t =   164.82s Tap "favorites.more" Button
    t =   164.82s     Wait for com.mdd.kanpan to idle
    t =   164.82s     Find the "favorites.more" Button
    t =   164.85s     Check for interrupting elements affecting "favorites.more" Button
    t =   164.88s     Synthesize event
    t =   165.17s     Wait for com.mdd.kanpan to idle
    t =   175.79s Waiting 4.0s for "favorites.close" Button to exist
    t =   176.85s     Checking `Expect predicate `existsNoRetry == 1` for object "favorites.close" Button`
    t =   176.85s         Checking existence of `"favorites.close" Button`
    t =   176.92s Tap "favorites.close" Button
    t =   176.92s     Wait for com.mdd.kanpan to idle
    t =   201.74s     Find the "favorites.close" Button
    t =   201.79s     Check for interrupting elements affecting "favorites.close" Button
    t =   201.82s     Synthesize event
    t =   202.12s     Wait for com.mdd.kanpan to idle
    t =   203.56s Tear Down
    t =   203.56s     Find the Target Application 'com.mdd.kanpan'
    t =   203.67s     Added attachment named 'Screenshot of Target Application 'com.mdd.kanpan'.png'
    t =   203.67s     Terminate com.mdd.kanpan:73429
Test Case '-[KanpanUITests.ChartFoundationUITests testComfortPalettesAndLayout]' passed (205.197 seconds).
Test Case '-[KanpanUITests.ChartFoundationUITests testFavoritesCategoryOverflow]' started.
    t =     0.00s Start Test at 2026-09-15 05:41:55.830
    t =     0.10s Set Up
    t =     0.10s     Setting device orientation to Portrait
    t =     0.10s         Wait for com.apple.springboard to idle
    t =     0.11s     Open com.mdd.kanpan
    t =     0.11s         Launch com.mdd.kanpan
2026-09-15 05:41:56.018 xcodebuild[72863:32842597] [MT] IDELaunchParametersSnapshot: The operation couldn’t be completed. (DebuggerLLDB.DebuggerVersionStore.StoreError error 0.)
2026-09-15 05:41:56.018 xcodebuild[72863:32842597] [MT] IDELaunchParametersSnapshot: no debugger version
    t =     0.63s             Setting up automation session
    t =     1.65s             Wait for com.mdd.kanpan to idle
    t =     3.21s     Waiting 30.0s for "chart.canvas" Other to exist
    t =     4.29s         Checking `Expect predicate `existsNoRetry == 1` for object "chart.canvas" Other`
    t =     4.29s             Checking existence of `"chart.canvas" Other`
    t =     5.49s     Checking existence of `"chart.canvas" Other`
    t =     5.51s     Find the "chart.canvas" Other
    t =     5.54s Terminate com.mdd.kanpan:74016
    t =     6.62s Open com.mdd.kanpan
    t =     6.62s     Launch com.mdd.kanpan
2026-09-15 05:42:02.453 xcodebuild[72863:32842597] [MT] IDELaunchParametersSnapshot: The operation couldn’t be completed. (DebuggerLLDB.DebuggerVersionStore.StoreError error 0.)
2026-09-15 05:42:02.453 xcodebuild[72863:32842597] [MT] IDELaunchParametersSnapshot: no debugger version
    t =     6.87s         Setting up automation session
    t =     7.64s         Wait for com.mdd.kanpan to idle
    t =     9.39s Waiting 15.0s for "favorites.more" Button to exist
    t =    10.44s     Checking `Expect predicate `existsNoRetry == 1` for object "favorites.more" Button`
    t =    10.44s         Checking existence of `"favorites.more" Button`
    t =    10.51s Checking existence of `"favorites.search" Button`
    t =    10.56s Checking existence of `"favorites.query" TextField`
    t =    10.58s Find the "favorites.group.加密" Button
    t =    10.61s Tap "favorites.more" Button
    t =    10.61s     Wait for com.mdd.kanpan to idle
    t =    10.61s     Find the "favorites.more" Button
    t =    10.64s     Check for interrupting elements affecting "favorites.more" Button
    t =    10.66s     Synthesize event
    t =    10.95s     Wait for com.mdd.kanpan to idle
    t =    12.42s Waiting 4.0s for "favorites.newGroup" Button to exist
    t =    13.48s     Checking `Expect predicate `existsNoRetry == 1` for object "favorites.newGroup" Button`
    t =    13.48s         Checking existence of `"favorites.newGroup" Button`
    t =    13.52s Tap "favorites.newGroup" Button
    t =    13.52s     Wait for com.mdd.kanpan to idle
    t =    14.45s     Find the "favorites.newGroup" Button
    t =    14.49s     Check for interrupting elements affecting "favorites.newGroup" Button
    t =    14.52s     Synthesize event
    t =    14.80s     Wait for com.mdd.kanpan to idle
    t =    16.30s Waiting 4.0s for TextField (First Match) to exist
    t =    17.34s     Checking `Expect predicate `existsNoRetry == 1` for object TextField (First Match)`
    t =    17.34s         Checking existence of `TextField (First Match)`
    t =    17.39s Type '观察中的品种' into TextField (First Match)
    t =    17.39s     Wait for com.mdd.kanpan to idle
    t =    17.39s     Find the TextField (First Match)
    t =    17.42s     Check for interrupting elements affecting "分类名称" TextField
    t =    17.47s     Synthesize event
    t =    17.78s     Wait for com.mdd.kanpan to idle
    t =    17.79s Tap "保存" Button
    t =    17.79s     Wait for com.mdd.kanpan to idle
    t =    17.79s     Find the "保存" Button
    t =    17.85s     Check for interrupting elements affecting "保存" Button
    t =    17.90s     Synthesize event
    t =    18.19s     Wait for com.mdd.kanpan to idle
    t =    18.67s Waiting 4.0s for "favorites.group.观察中的品种" Button to exist
    t =    19.74s     Checking `Expect predicate `existsNoRetry == 1` for object "favorites.group.观察中的品种" Button`
    t =    19.74s         Checking existence of `"favorites.group.观察中的品种" Button`
    t =    19.82s Tap "favorites.more" Button
    t =    19.82s     Wait for com.mdd.kanpan to idle
    t =    19.82s     Find the "favorites.more" Button
    t =    19.85s     Check for interrupting elements affecting "favorites.more" Button
    t =    19.89s     Synthesize event
    t =    20.18s     Wait for com.mdd.kanpan to idle
    t =    31.12s Waiting 4.0s for "favorites.newGroup" Button to exist
    t =    32.19s     Checking `Expect predicate `existsNoRetry == 1` for object "favorites.newGroup" Button`
    t =    32.19s         Checking existence of `"favorites.newGroup" Button`
    t =    32.46s Tap "favorites.newGroup" Button
    t =    32.46s     Wait for com.mdd.kanpan to idle
    t =    34.94s     Find the "favorites.newGroup" Button
    t =    34.98s     Check for interrupting elements affecting "favorites.newGroup" Button
    t =    35.08s     Synthesize event
    t =    35.41s     Wait for com.mdd.kanpan to idle
    t =    36.86s Waiting 4.0s for TextField (First Match) to exist
    t =    37.92s     Checking `Expect predicate `existsNoRetry == 1` for object TextField (First Match)`
    t =    37.92s         Checking existence of `TextField (First Match)`
    t =    38.04s Type '长期关注' into TextField (First Match)
    t =    38.04s     Wait for com.mdd.kanpan to idle
    t =    38.04s     Find the TextField (First Match)
    t =    38.15s     Check for interrupting elements affecting "分类名称" TextField
    t =    38.34s     Synthesize event
    t =    38.63s     Wait for com.mdd.kanpan to idle
    t =    38.66s Tap "保存" Button
    t =    38.66s     Wait for com.mdd.kanpan to idle
    t =    38.67s     Find the "保存" Button
    t =    38.98s     Check for interrupting elements affecting "保存" Button
    t =    39.05s     Synthesize event
    t =    39.35s     Wait for com.mdd.kanpan to idle
    t =    39.64s Waiting 4.0s for "favorites.group.长期关注" Button to exist
    t =    40.71s     Checking `Expect predicate `existsNoRetry == 1` for object "favorites.group.长期关注" Button`
    t =    40.71s         Checking existence of `"favorites.group.长期关注" Button`
    t =    40.75s Tap "favorites.more" Button
    t =    40.75s     Wait for com.mdd.kanpan to idle
    t =    40.76s     Find the "favorites.more" Button
    t =    40.79s     Check for interrupting elements affecting "favorites.more" Button
    t =    40.81s     Synthesize event
    t =    41.11s     Wait for com.mdd.kanpan to idle
    t =    44.54s Waiting 4.0s for "favorites.newGroup" Button to exist
    t =    45.58s     Checking `Expect predicate `existsNoRetry == 1` for object "favorites.newGroup" Button`
    t =    45.58s         Checking existence of `"favorites.newGroup" Button`
    t =    45.63s Tap "favorites.newGroup" Button
    t =    45.63s     Wait for com.mdd.kanpan to idle
    t =    45.63s     Find the "favorites.newGroup" Button
    t =    45.66s     Check for interrupting elements affecting "favorites.newGroup" Button
    t =    45.69s     Synthesize event
    t =    45.98s     Wait for com.mdd.kanpan to idle
    t =    47.39s Waiting 4.0s for TextField (First Match) to exist
    t =    48.43s     Checking `Expect predicate `existsNoRetry == 1` for object TextField (First Match)`
    t =    48.43s         Checking existence of `TextField (First Match)`
    t =    48.49s Type '短线' into TextField (First Match)
    t =    48.49s     Wait for com.mdd.kanpan to idle
    t =    48.49s     Find the TextField (First Match)
    t =    48.52s     Check for interrupting elements affecting "分类名称" TextField
    t =    48.58s     Synthesize event
    t =    48.82s     Wait for com.mdd.kanpan to idle
    t =    48.82s Tap "保存" Button
    t =    48.82s     Wait for com.mdd.kanpan to idle
    t =    48.82s     Find the "保存" Button
    t =    48.89s     Check for interrupting elements affecting "保存" Button
    t =    48.96s     Synthesize event
    t =    49.25s     Wait for com.mdd.kanpan to idle
    t =    49.54s Waiting 4.0s for "favorites.group.短线" Button to exist
    t =    50.59s     Checking `Expect predicate `existsNoRetry == 1` for object "favorites.group.短线" Button`
    t =    50.59s         Checking existence of `"favorites.group.短线" Button`
    t =    50.62s Find the Target Application 'com.mdd.kanpan'
    t =    50.74s Added attachment named '自选-顶部分类与更多入口'
    t =    50.74s Tap "favorites.more" Button
    t =    50.74s     Wait for com.mdd.kanpan to idle
    t =    50.75s     Find the "favorites.more" Button
    t =    50.78s     Check for interrupting elements affecting "favorites.more" Button
    t =    50.81s     Synthesize event
    t =    51.11s     Wait for com.mdd.kanpan to idle
    t =    55.01s Waiting 4.0s for "favorites.group.观察中的品种" Button to exist
    t =    56.08s     Checking `Expect predicate `existsNoRetry == 1` for object "favorites.group.观察中的品种" Button`
    t =    56.08s         Checking existence of `"favorites.group.观察中的品种" Button`
    t =    56.11s Tap "favorites.group.观察中的品种" Button
    t =    56.11s     Wait for com.mdd.kanpan to idle
    t =    65.14s     Find the "favorites.group.观察中的品种" Button
    t =    65.18s     Check for interrupting elements affecting "favorites.group.观察中的品种" Button
    t =    65.20s     Synthesize event
    t =    65.49s     Wait for com.mdd.kanpan to idle
    t =    66.91s Find the "favorites.group.观察中的品种" Button
    t =    66.94s Tap "favorites.more" Button
    t =    66.94s     Wait for com.mdd.kanpan to idle
    t =    66.94s     Find the "favorites.more" Button
    t =    66.97s     Check for interrupting elements affecting "favorites.more" Button
    t =    66.99s     Synthesize event
    t =    67.28s     Wait for com.mdd.kanpan to idle
    t =    71.61s Waiting 4.0s for "favorites.close" Button to exist
    t =    72.68s     Checking `Expect predicate `existsNoRetry == 1` for object "favorites.close" Button`
    t =    72.68s         Checking existence of `"favorites.close" Button`
    t =    72.72s Tap "favorites.close" Button
    t =    72.72s     Wait for com.mdd.kanpan to idle
    t =    73.04s     Find the "favorites.close" Button
    t =    73.07s     Check for interrupting elements affecting "favorites.close" Button
    t =    73.10s     Synthesize event
    t =    73.40s     Wait for com.mdd.kanpan to idle
    t =    74.87s Tap "bottom.favorites" Button
    t =    74.87s     Wait for com.mdd.kanpan to idle
    t =    74.87s     Find the "bottom.favorites" Button
    t =    75.13s     Check for interrupting elements affecting "bottom.favorites" Button
    t =    75.25s     Synthesize event
    t =    75.56s     Wait for com.mdd.kanpan to idle
    t =    76.07s Waiting 15.0s for "favorites.group.观察中的品种" Button to exist
    t =    77.13s     Checking `Expect predicate `existsNoRetry == 1` for object "favorites.group.观察中的品种" Button`
    t =    77.13s         Checking existence of `"favorites.group.观察中的品种" Button`
    t =    77.18s Tap "favorites.more" Button
    t =    77.18s     Wait for com.mdd.kanpan to idle
    t =    77.19s     Find the "favorites.more" Button
    t =    77.21s     Check for interrupting elements affecting "favorites.more" Button
    t =    77.23s     Synthesize event
    t =    77.52s     Wait for com.mdd.kanpan to idle
    t =    99.24s Waiting 4.0s for "favorites.edit" Button to exist
    t =   100.31s     Checking `Expect predicate `existsNoRetry == 1` for object "favorites.edit" Button`
    t =   100.31s         Checking existence of `"favorites.edit" Button`
    t =   100.35s Tap "favorites.edit" Button
    t =   100.35s     Wait for com.mdd.kanpan to idle
    t =   101.19s     Find the "favorites.edit" Button
    t =   101.23s     Check for interrupting elements affecting "favorites.edit" Button
    t =   101.25s     Synthesize event
    t =   101.54s     Wait for com.mdd.kanpan to idle
    t =   103.02s Waiting 4.0s for "全选" Button to exist
    t =   104.05s     Checking `Expect predicate `existsNoRetry == 1` for object "全选" Button`
    t =   104.05s         Checking existence of `"全选" Button`
    t =   104.10s         Capturing element debug description
    t =   105.05s     Checking `Expect predicate `existsNoRetry == 1` for object "全选" Button`
    t =   105.05s         Checking existence of `"全选" Button`
    t =   105.07s         Capturing element debug description
    t =   106.09s     Checking `Expect predicate `existsNoRetry == 1` for object "全选" Button`
    t =   106.09s         Checking existence of `"全选" Button`
    t =   106.11s         Capturing element debug description
    t =   107.03s     Checking `Expect predicate `existsNoRetry == 1` for object "全选" Button`
    t =   107.03s         Checking existence of `"全选" Button`
    t =   107.06s         Capturing element debug description
    t =   107.06s     Checking existence of `"全选" Button`
    t =   107.08s Collecting debug information to assist test failure triage
    t =   107.08s     Requesting snapshot of accessibility hierarchy for app with pid 74051
/Users/mdd/zhk/kanpan/Kanpan/KanpanUITests/ChartFoundationUITests.swift:576: error: -[KanpanUITests.ChartFoundationUITests testFavoritesCategoryOverflow] : XCTAssertTrue failed
    t =   107.36s Tear Down
    t =   107.36s     Find the Target Application 'com.mdd.kanpan'
    t =   107.45s     Added attachment named 'Screenshot of Target Application 'com.mdd.kanpan'.png'
    t =   107.45s     Checking existence of `"chart.canvas" Other`
    t =   107.49s     Requesting snapshot of accessibility hierarchy for app with pid 74051
    t =   107.63s     Requesting snapshot of accessibility hierarchy for app with pid 74051
    t =   107.66s     Added attachment of type 'public.plain-text'
    t =   107.66s     Terminate com.mdd.kanpan:74051
Test Case '-[KanpanUITests.ChartFoundationUITests testFavoritesCategoryOverflow]' failed (108.835 seconds).
2026-09-15 05:43:44.664738+0800 KanpanUITests-Runner[73289:32847046] [Default] Flushing outgoing messages to the IDE with timeout 600.00s
2026-09-15 05:43:44.665206+0800 KanpanUITests-Runner[73289:32869494] [Default] Received confirmation that IDE processed remaining outgoing messages
2026-09-15 05:43:45.671405+0800 KanpanUITests-Runner[74720:32869936] [Default] Running tests...
    t =      nans Interface orientation changed to Portrait

Restarting after unexpected exit, crash, or test timeout; summary will include totals from previous launches.

Test Suite 'Selected tests' started at 2026-09-15 05:43:46.273.
Test Suite 'KanpanUITests.xctest' started at 2026-09-15 05:43:46.273.
Test Suite 'ChartFoundationUITests' started at 2026-09-15 05:43:46.273.
Test Case '-[KanpanUITests.ChartFoundationUITests testFavoritesDirectRowReorder]' started.
    t =     0.00s Start Test at 2026-09-15 05:43:46.274
    t =     0.03s Set Up
    t =     0.03s     Setting device orientation to Portrait
    t =     0.03s         Wait for com.apple.springboard to idle
    t =     0.04s     Open com.mdd.kanpan
    t =     0.04s         Launch com.mdd.kanpan
2026-09-15 05:43:46.316 xcodebuild[72863:32842597] [MT] IDELaunchParametersSnapshot: The operation couldn’t be completed. (DebuggerLLDB.DebuggerVersionStore.StoreError error 0.)
2026-09-15 05:43:46.316 xcodebuild[72863:32842597] [MT] IDELaunchParametersSnapshot: no debugger version
    t =     0.26s             Setting up automation session
    t =     1.02s             Wait for com.mdd.kanpan to idle
    t =     2.57s     Waiting 30.0s for "chart.canvas" Other to exist
    t =     3.64s         Checking `Expect predicate `existsNoRetry == 1` for object "chart.canvas" Other`
    t =     3.64s             Checking existence of `"chart.canvas" Other`
    t =     4.77s     Checking existence of `"chart.canvas" Other`
    t =     4.79s     Find the "chart.canvas" Other
    t =     4.85s Terminate com.mdd.kanpan:74722
objc[74720]: Class UIAccessibilityLoaderWebShared is implemented in both /Library/Developer/CoreSimulator/Volumes/iOS_23F77/Library/Developer/CoreSimulator/Profiles/Runtimes/iOS 26.5.simruntime/Contents/Resources/RuntimeRoot/System/Library/AccessibilityBundles/WebCore.axbundle/WebCore (0x106578310) and /Library/Developer/CoreSimulator/Volumes/iOS_23F77/Library/Developer/CoreSimulator/Profiles/Runtimes/iOS 26.5.simruntime/Contents/Resources/RuntimeRoot/System/Library/AccessibilityBundles/WebKit.axbundle/WebKit (0x10648c398). This may cause spurious casting failures and mysterious crashes. One of the duplicates must be removed or renamed.
    t =     5.87s Open com.mdd.kanpan
    t =     5.87s     Launch com.mdd.kanpan
2026-09-15 05:43:52.148 xcodebuild[72863:32842597] [MT] IDELaunchParametersSnapshot: The operation couldn’t be completed. (DebuggerLLDB.DebuggerVersionStore.StoreError error 0.)
2026-09-15 05:43:52.148 xcodebuild[72863:32842597] [MT] IDELaunchParametersSnapshot: no debugger version
    t =     6.08s         Setting up automation session
    t =     6.70s         Wait for com.mdd.kanpan to idle
    t =     8.26s Waiting 15.0s for "favorites.open.BTCUSDT" Button to exist
    t =     9.34s     Checking `Expect predicate `existsNoRetry == 1` for object "favorites.open.BTCUSDT" Button`
    t =     9.34s         Checking existence of `"favorites.open.BTCUSDT" Button`
    t =     9.44s Waiting 5.0s for "favorites.open.SOLUSDT" Button to exist
    t =    10.52s     Checking `Expect predicate `existsNoRetry == 1` for object "favorites.open.SOLUSDT" Button`
    t =    10.52s         Checking existence of `"favorites.open.SOLUSDT" Button`
    t =    10.55s Find the "favorites.open.BTCUSDT" Button
    t =    10.58s Find the "favorites.open.BTCUSDT" Button
    t =    10.72s Find the "favorites.open.SOLUSDT" Button
    t =    10.75s Find the "favorites.open.SOLUSDT" Button
    t =    10.77s Press Window (First Match)[0.00, 0.00] -> (182.5, 205.8) for 1.0 seconds, then drag to Window (First Match)[0.00, 0.00] -> (182.5, 375.7) with velocity of 250.00 pixels per second, and then hold for 0.5 seconds 
    t =    10.77s     Wait for com.mdd.kanpan to idle
    t =    10.77s     Find the Window (First Match)
    t =    10.79s     Check for interrupting elements affecting Window
    t =    10.83s     Synthesize event
    t =    10.83s         Find the Window at {{0.0, 0.0}, {393.0, 852.0}}
    t =    10.84s         Find the Window at {{0.0, 0.0}, {393.0, 852.0}}
    t =    10.85s         Find the Window at {{0.0, 0.0}, {393.0, 852.0}}
    t =    10.85s         Find the Window at {{0.0, 0.0}, {393.0, 852.0}}
    t =    10.86s         Find the Window at {{0.0, 0.0}, {393.0, 852.0}}
    t =    13.29s     Wait for com.mdd.kanpan to idle
    t =    15.38s Find the "favorites.open.BTCUSDT" Button
    t =    15.42s Find the "favorites.open.SOLUSDT" Button
    t =    15.45s Find the Target Application 'com.mdd.kanpan'
    t =    15.55s Added attachment named '自选-无需编辑长按整行排序'
    t =    15.55s Tear Down
    t =    15.55s     Find the Target Application 'com.mdd.kanpan'
    t =    15.64s     Added attachment named 'Screenshot of Target Application 'com.mdd.kanpan'.png'
    t =    15.64s     Terminate com.mdd.kanpan:74732
Test Case '-[KanpanUITests.ChartFoundationUITests testFavoritesDirectRowReorder]' passed (16.751 seconds).
Test Case '-[KanpanUITests.ChartFoundationUITests testFourSubpanelsFitWithoutPageScroll]' started.
    t =     0.00s Start Test at 2026-09-15 05:44:03.028
    t =     0.03s Set Up
    t =     0.03s     Setting device orientation to Portrait
    t =     0.04s         Wait for com.apple.springboard to idle
    t =     0.04s     Open com.mdd.kanpan
    t =     0.04s         Launch com.mdd.kanpan
2026-09-15 05:44:03.072 xcodebuild[72863:32842597] [MT] IDELaunchParametersSnapshot: The operation couldn’t be completed. (DebuggerLLDB.DebuggerVersionStore.StoreError error 0.)
2026-09-15 05:44:03.072 xcodebuild[72863:32842597] [MT] IDELaunchParametersSnapshot: no debugger version
    t =     0.26s             Setting up automation session
    t =     1.10s             Wait for com.mdd.kanpan to idle
    t =     2.42s     Waiting 30.0s for "chart.canvas" Other to exist
    t =     3.49s         Checking `Expect predicate `existsNoRetry == 1` for object "chart.canvas" Other`
    t =     3.49s             Checking existence of `"chart.canvas" Other`
    t =     4.60s     Checking existence of `"chart.canvas" Other`
    t =     4.62s     Find the "chart.canvas" Other
    t =     4.65s Tap "bottom.indicator" Button
    t =     4.65s     Wait for com.mdd.kanpan to idle
    t =     4.65s     Find the "bottom.indicator" Button
    t =     4.66s     Check for interrupting elements affecting "bottom.indicator" Button
    t =     4.67s     Synthesize event
    t =     4.97s     Wait for com.mdd.kanpan to idle
    t =     5.05s Checking existence of `"indicator.switch.RSI" Button`
    t =     5.13s Find the "indicator.switch.RSI" Button
    t =     5.18s Swipe up "panel.content" ScrollView
    t =     5.18s     Wait for com.mdd.kanpan to idle
    t =     5.55s     Find the "panel.content" ScrollView
    t =     5.58s     Check for interrupting elements affecting "panel.content" ScrollView
    t =     5.61s     Synthesize event
    t =     6.04s     Wait for com.mdd.kanpan to idle
    t =     6.67s Checking existence of `"indicator.switch.RSI" Button`
    t =     6.70s Find the "indicator.switch.RSI" Button
    t =     6.74s Find the "panel.content" ScrollView
    t =     6.77s Find the "indicator.switch.RSI" Button
    t =     6.80s Waiting 5.0s for "indicator.switch.RSI" Button to exist
    t =     7.88s     Checking `Expect predicate `existsNoRetry == 1` for object "indicator.switch.RSI" Button`
    t =     7.88s         Checking existence of `"indicator.switch.RSI" Button`
    t =     7.92s Tap "indicator.switch.RSI" Button
    t =     7.92s     Wait for com.mdd.kanpan to idle
    t =     7.92s     Find the "indicator.switch.RSI" Button
    t =     7.95s     Check for interrupting elements affecting "indicator.switch.RSI" Button
    t =     7.98s     Synthesize event
    t =     8.27s     Wait for com.mdd.kanpan to idle
    t =     8.27s Waiting 5.0s for "panel.header" StaticText to exist
    t =     9.34s     Checking `Expect predicate `existsNoRetry == 1` for object "panel.header" StaticText`
    t =     9.35s         Checking existence of `"panel.header" StaticText`
    t =     9.39s Press "panel.header" StaticText[0.50, 0.50] for 0.1 seconds, then drag to Window (First Match)[0.50, 0.98] with velocity of 500.00 pixels per second, and then hold for 0.0 seconds 
    t =     9.39s     Wait for com.mdd.kanpan to idle
    t =     9.40s     Find the "panel.header" StaticText
    t =     9.44s     Check for interrupting elements affecting "panel.header" StaticText
    t =     9.48s     Synthesize event
    t =     9.48s         Find the "panel.header" StaticText
    t =     9.52s         Find the "panel.header" StaticText
    t =     9.55s         Find the Window (First Match)
    t =     9.56s         Find the Window at {{0.0, 0.0}, {393.0, 852.0}}
    t =     9.56s         Find the "panel.header" StaticText
    t =    11.44s     Wait for com.mdd.kanpan to idle
    t =    12.84s Checking existence of `"panel.header" StaticText`
    t =    13.92s Checking existence of `"chart.canvas" Other`
    t =    13.94s Find the "chart.canvas" Other
    t =    13.95s Checking existence of `"chart.canvas" Other`
    t =    13.96s Find the "chart.canvas" Other
    t =    13.98s Checking existence of `"chart.canvas" Other`
    t =    13.99s Find the "chart.canvas" Other
    t =    14.00s Find the "chart.resize.RSI" Other
    t =    14.02s Find the Target Application 'com.mdd.kanpan'
    t =    14.09s Added attachment named '一屏四副图-无需滚动'
    t =    14.09s Tear Down
    t =    14.09s     Find the Target Application 'com.mdd.kanpan'
    t =    14.17s     Added attachment named 'Screenshot of Target Application 'com.mdd.kanpan'.png'
    t =    14.17s     Terminate com.mdd.kanpan:74804
Test Case '-[KanpanUITests.ChartFoundationUITests testFourSubpanelsFitWithoutPageScroll]' passed (15.301 seconds).
Test Case '-[KanpanUITests.ChartFoundationUITests testLatestEdgeAndReentryCompatibility]' started.
    t =     0.00s Start Test at 2026-09-15 05:44:18.330
    t =     0.02s Set Up
    t =     0.02s     Setting device orientation to Portrait
    t =     0.02s         Wait for com.apple.springboard to idle
    t =     0.02s     Open com.mdd.kanpan
    t =     0.02s         Launch com.mdd.kanpan
2026-09-15 05:44:18.355 xcodebuild[72863:32842597] [MT] IDELaunchParametersSnapshot: The operation couldn’t be completed. (DebuggerLLDB.DebuggerVersionStore.StoreError error 0.)
2026-09-15 05:44:18.355 xcodebuild[72863:32842597] [MT] IDELaunchParametersSnapshot: no debugger version
    t =     0.25s             Setting up automation session
    t =     0.98s             Wait for com.mdd.kanpan to idle
    t =     2.28s     Waiting 30.0s for "chart.canvas" Other to exist
    t =     3.34s         Checking `Expect predicate `existsNoRetry == 1` for object "chart.canvas" Other`
    t =     3.34s             Checking existence of `"chart.canvas" Other`
    t =     4.45s     Checking existence of `"chart.canvas" Other`
    t =     4.48s     Find the "chart.canvas" Other
    t =     4.50s Terminate com.mdd.kanpan:74835
    t =     5.50s Open com.mdd.kanpan
    t =     5.50s     Launch com.mdd.kanpan
2026-09-15 05:44:23.831 xcodebuild[72863:32842597] [MT] IDELaunchParametersSnapshot: The operation couldn’t be completed. (DebuggerLLDB.DebuggerVersionStore.StoreError error 0.)
2026-09-15 05:44:23.831 xcodebuild[72863:32842597] [MT] IDELaunchParametersSnapshot: no debugger version
    t =     5.72s         Setting up automation session
    t =     6.52s         Wait for com.mdd.kanpan to idle
    t =     7.97s Waiting 15.0s for "favorites.more" Button to exist
    t =     9.03s     Checking `Expect predicate `existsNoRetry == 1` for object "favorites.more" Button`
    t =     9.03s         Checking existence of `"favorites.more" Button`
    t =     9.11s Tap "favorites.group.加密" Button
    t =     9.11s     Wait for com.mdd.kanpan to idle
    t =     9.12s     Find the "favorites.group.加密" Button
    t =     9.16s     Check for interrupting elements affecting "favorites.group.加密" Button
    t =     9.19s     Synthesize event
    t =     9.48s     Wait for com.mdd.kanpan to idle
    t =     9.49s Tap "favorites.open.BTCUSDT" Button
    t =     9.49s     Wait for com.mdd.kanpan to idle
    t =     9.49s     Find the "favorites.open.BTCUSDT" Button
    t =     9.52s     Check for interrupting elements affecting "favorites.open.BTCUSDT" Button
    t =     9.63s     Synthesize event
    t =     9.96s     Wait for com.mdd.kanpan to idle
    t =    10.32s Waiting 15.0s for "chart.canvas" Other to exist
    t =    11.37s     Checking `Expect predicate `existsNoRetry == 1` for object "chart.canvas" Other`
    t =    11.37s         Checking existence of `"chart.canvas" Other`
    t =    12.45s Checking existence of `"chart.canvas" Other`
    t =    12.48s Find the "chart.canvas" Other
    t =    13.57s Checking existence of `"chart.canvas" Other`
    t =    13.59s Find the "chart.canvas" Other
    t =    13.60s Checking existence of `"chart.canvas" Other`
    t =    13.61s Find the "chart.canvas" Other
    t =    13.63s Press "chart.canvas" Other[0.00, 0.00] -> (251.2, 140.0) for 0.1 seconds, then drag to "chart.canvas" Other[0.00, 0.00] -> (100.5, 140.0) with velocity of 250.00 pixels per second, and then hold for 0.3 seconds 
    t =    13.63s     Wait for com.mdd.kanpan to idle
    t =    13.63s     Find the "chart.canvas" Other
    t =    13.64s     Check for interrupting elements affecting "chart.canvas" Other
    t =    13.67s     Synthesize event
    t =    13.67s         Find the "chart.canvas" Other
    t =    13.68s         Find the "chart.canvas" Other
    t =    13.71s         Find the "chart.canvas" Other
    t =    13.73s         Find the "chart.canvas" Other
    t =    13.75s         Find the "chart.canvas" Other
    t =    14.98s     Wait for com.mdd.kanpan to idle
    t =    16.06s Checking existence of `"chart.canvas" Other`
    t =    16.09s Find the "chart.canvas" Other
    t =    16.10s Press "chart.canvas" Other[0.00, 0.00] -> (100.5, 140.0) for 0.1 seconds, then drag to "chart.canvas" Other[0.00, 0.00] -> (251.2, 140.0) with velocity of 250.00 pixels per second, and then hold for 0.3 seconds 
    t =    16.10s     Wait for com.mdd.kanpan to idle
    t =    16.11s     Find the "chart.canvas" Other
    t =    16.12s     Check for interrupting elements affecting "chart.canvas" Other
    t =    16.13s     Synthesize event
    t =    16.13s         Find the "chart.canvas" Other
    t =    16.15s         Find the "chart.canvas" Other
    t =    16.16s         Find the "chart.canvas" Other
    t =    16.18s         Find the "chart.canvas" Other
    t =    16.19s         Find the "chart.canvas" Other
    t =    17.41s     Wait for com.mdd.kanpan to idle
    t =    17.42s Checking existence of `"chart.canvas" Other`
    t =    17.43s Find the "chart.canvas" Other
    t =    17.44s Press "chart.canvas" Other[0.00, 0.00] -> (251.2, 140.0) for 0.1 seconds, then drag to "chart.canvas" Other[0.00, 0.00] -> (251.2, 140.0) -> (-30.0, 0.0) with velocity of 250.00 pixels per second, and then hold for 0.3 seconds 
    t =    17.44s     Wait for com.mdd.kanpan to idle
    t =    17.45s     Find the "chart.canvas" Other
    t =    17.46s     Check for interrupting elements affecting "chart.canvas" Other
    t =    17.47s     Synthesize event
    t =    17.47s         Find the "chart.canvas" Other
    t =    17.49s         Find the "chart.canvas" Other
    t =    17.51s         Find the "chart.canvas" Other
    t =    17.53s         Find the "chart.canvas" Other
    t =    17.65s         Find the "chart.canvas" Other
    t =    18.38s     Wait for com.mdd.kanpan to idle
    t =    18.38s Checking existence of `"chart.canvas" Other`
    t =    18.40s Find the "chart.canvas" Other
    t =    18.41s Tap "bottom.favorites" Button
    t =    18.41s     Wait for com.mdd.kanpan to idle
    t =    18.41s     Find the "bottom.favorites" Button
    t =    18.43s     Check for interrupting elements affecting "bottom.favorites" Button
    t =    18.44s     Synthesize event
    t =    18.72s     Wait for com.mdd.kanpan to idle
    t =    19.15s Waiting 5.0s for "favorites.open.BTCUSDT" Button to exist
    t =    20.18s     Checking `Expect predicate `existsNoRetry == 1` for object "favorites.open.BTCUSDT" Button`
    t =    20.18s         Checking existence of `"favorites.open.BTCUSDT" Button`
    t =    20.22s Tap "favorites.open.BTCUSDT" Button
    t =    20.23s     Wait for com.mdd.kanpan to idle
    t =    20.23s     Find the "favorites.open.BTCUSDT" Button
    t =    20.25s     Check for interrupting elements affecting "favorites.open.BTCUSDT" Button
    t =    20.27s     Synthesize event
    t =    20.56s     Wait for com.mdd.kanpan to idle
    t =    20.89s Waiting 5.0s for "chart.canvas" Other to exist
    t =    21.94s     Checking `Expect predicate `existsNoRetry == 1` for object "chart.canvas" Other`
    t =    21.94s         Checking existence of `"chart.canvas" Other`
    t =    23.02s Checking existence of `"chart.canvas" Other`
    t =    23.04s Find the "chart.canvas" Other
    t =    23.06s Find the Target Application 'com.mdd.kanpan'
    t =    23.14s Added attachment named '默认末根贴右-最新端回弹-历史自由拖动-重进复位'
    t =    23.14s Tear Down
    t =    23.14s     Find the Target Application 'com.mdd.kanpan'
    t =    23.22s     Added attachment named 'Screenshot of Target Application 'com.mdd.kanpan'.png'
    t =    23.22s     Terminate com.mdd.kanpan:74844
Test Case '-[KanpanUITests.ChartFoundationUITests testLatestEdgeAndReentryCompatibility]' passed (24.367 seconds).
Test Case '-[KanpanUITests.ChartFoundationUITests testLatestQuoteDoesNotRegressAcrossIntervals]' started.
    t =     0.00s Start Test at 2026-09-15 05:44:42.697
    t =     0.01s Set Up
    t =     0.01s     Setting device orientation to Portrait
    t =     0.02s         Wait for com.apple.springboard to idle
    t =     0.02s     Open com.mdd.kanpan
    t =     0.02s         Launch com.mdd.kanpan
2026-09-15 05:44:42.720 xcodebuild[72863:32842597] [MT] IDELaunchParametersSnapshot: The operation couldn’t be completed. (DebuggerLLDB.DebuggerVersionStore.StoreError error 0.)
2026-09-15 05:44:42.720 xcodebuild[72863:32842597] [MT] IDELaunchParametersSnapshot: no debugger version
    t =     0.23s             Setting up automation session
    t =     0.97s             Wait for com.mdd.kanpan to idle
    t =     2.23s     Waiting 30.0s for "chart.canvas" Other to exist
    t =     3.30s         Checking `Expect predicate `existsNoRetry == 1` for object "chart.canvas" Other`
    t =     3.31s             Checking existence of `"chart.canvas" Other`
    t =     4.40s     Checking existence of `"chart.canvas" Other`
    t =     4.42s     Find the "chart.canvas" Other
    t =     4.43s Checking existence of `"chart.canvas" Other`
    t =     4.44s Find the "chart.canvas" Other
    t =     5.50s Find the "market.quote" Any
    t =     5.51s Find the "market.quote" Any
    t =     5.51s Find the "market.quote" Any
    t =     5.52s Swipe right "interval.quick" ScrollView
    t =     5.52s     Wait for com.mdd.kanpan to idle
    t =     5.52s     Find the "interval.quick" ScrollView
    t =     5.54s     Check for interrupting elements affecting "interval.quick" ScrollView
    t =     5.55s     Synthesize event
    t =     5.98s     Wait for com.mdd.kanpan to idle
    t =     6.45s Checking existence of `"interval.chip.1m" Button`
    t =     6.47s Find the "interval.quick" ScrollView
    t =     6.48s Find the "interval.chip.1m" Button
    t =     6.50s Checking existence of `"chart.canvas" Other`
    t =     6.51s Find the "chart.canvas" Other
    t =     6.52s Tap "interval.chip.1m" Button
    t =     6.52s     Wait for com.mdd.kanpan to idle
    t =     6.52s     Find the "interval.chip.1m" Button
    t =     6.53s     Check for interrupting elements affecting "interval.chip.1m" Button
    t =     6.55s     Synthesize event
    t =     6.84s     Wait for com.mdd.kanpan to idle
    t =     6.84s Find the "market.quote" Any
    t =     6.86s Find the "market.quote" Any
    t =     6.87s Find the "market.quote" Any
    t =     7.95s Checking existence of `"chart.canvas" Other`
    t =     7.96s Find the "chart.canvas" Other
    t =     7.97s Checking existence of `"chart.canvas" Other`
    t =     7.98s Find the "chart.canvas" Other
    t =     7.99s Checking existence of `"chart.canvas" Other`
    t =     8.00s Find the "chart.canvas" Other
    t =     8.02s Swipe right "interval.quick" ScrollView
    t =     8.02s     Wait for com.mdd.kanpan to idle
    t =     8.02s     Find the "interval.quick" ScrollView
    t =     8.03s     Check for interrupting elements affecting "interval.quick" ScrollView
    t =     8.04s     Synthesize event
    t =     8.47s     Wait for com.mdd.kanpan to idle
    t =     8.93s Checking existence of `"interval.chip.1h" Button`
    t =     8.95s Find the "interval.quick" ScrollView
    t =     8.96s Find the "interval.chip.1h" Button
    t =     8.98s Checking existence of `"chart.canvas" Other`
    t =     8.99s Find the "chart.canvas" Other
    t =     9.00s Tap "interval.chip.1h" Button
    t =     9.00s     Wait for com.mdd.kanpan to idle
    t =     9.00s     Find the "interval.chip.1h" Button
    t =     9.02s     Check for interrupting elements affecting "interval.chip.1h" Button
    t =     9.03s     Synthesize event
    t =     9.32s     Wait for com.mdd.kanpan to idle
    t =     9.32s Find the "market.quote" Any
    t =     9.33s Find the "market.quote" Any
    t =     9.34s Find the "market.quote" Any
    t =    10.40s Checking existence of `"chart.canvas" Other`
    t =    10.42s Find the "chart.canvas" Other
    t =    10.43s Checking existence of `"chart.canvas" Other`
    t =    10.44s Find the "chart.canvas" Other
    t =    10.45s Checking existence of `"chart.canvas" Other`
    t =    10.46s Find the "chart.canvas" Other
    t =    10.48s Swipe right "interval.quick" ScrollView
    t =    10.48s     Wait for com.mdd.kanpan to idle
    t =    10.48s     Find the "interval.quick" ScrollView
    t =    10.49s     Check for interrupting elements affecting "interval.quick" ScrollView
    t =    10.50s     Synthesize event
    t =    10.93s     Wait for com.mdd.kanpan to idle
    t =    11.40s Checking existence of `"interval.chip.4h" Button`
    t =    11.42s Find the "interval.quick" ScrollView
    t =    11.43s Find the "interval.chip.4h" Button
    t =    11.44s Checking existence of `"chart.canvas" Other`
    t =    11.46s Find the "chart.canvas" Other
    t =    11.47s Tap "interval.chip.4h" Button
    t =    11.47s     Wait for com.mdd.kanpan to idle
    t =    11.47s     Find the "interval.chip.4h" Button
    t =    11.48s     Check for interrupting elements affecting "interval.chip.4h" Button
    t =    11.50s     Synthesize event
    t =    11.78s     Wait for com.mdd.kanpan to idle
    t =    11.79s Find the "market.quote" Any
    t =    11.80s Find the "market.quote" Any
    t =    11.82s Find the "market.quote" Any
    t =    12.88s Checking existence of `"chart.canvas" Other`
    t =    12.91s Find the "chart.canvas" Other
    t =    12.92s Checking existence of `"chart.canvas" Other`
    t =    12.93s Find the "chart.canvas" Other
    t =    12.95s Checking existence of `"chart.canvas" Other`
    t =    12.96s Find the "chart.canvas" Other
    t =    12.97s Swipe right "interval.quick" ScrollView
    t =    12.97s     Wait for com.mdd.kanpan to idle
    t =    12.97s     Find the "interval.quick" ScrollView
    t =    12.98s     Check for interrupting elements affecting "interval.quick" ScrollView
    t =    12.99s     Synthesize event
    t =    13.42s     Wait for com.mdd.kanpan to idle
    t =    13.91s Checking existence of `"interval.chip.1h" Button`
    t =    13.93s Find the "interval.quick" ScrollView
    t =    13.95s Find the "interval.chip.1h" Button
    t =    13.96s Checking existence of `"chart.canvas" Other`
    t =    13.97s Find the "chart.canvas" Other
    t =    13.99s Tap "interval.chip.1h" Button
    t =    13.99s     Wait for com.mdd.kanpan to idle
    t =    13.99s     Find the "interval.chip.1h" Button
    t =    14.00s     Check for interrupting elements affecting "interval.chip.1h" Button
    t =    14.01s     Synthesize event
    t =    14.31s     Wait for com.mdd.kanpan to idle
    t =    14.31s Find the "market.quote" Any
    t =    14.32s Find the "market.quote" Any
    t =    14.33s Find the "market.quote" Any
    t =    15.38s Checking existence of `"chart.canvas" Other`
    t =    15.40s Find the "chart.canvas" Other
    t =    15.41s Checking existence of `"chart.canvas" Other`
    t =    15.42s Find the "chart.canvas" Other
    t =    15.43s Checking existence of `"chart.canvas" Other`
    t =    15.44s Find the "chart.canvas" Other
    t =    15.46s Tap "top.search" Button
    t =    15.46s     Wait for com.mdd.kanpan to idle
    t =    15.46s     Find the "top.search" Button
    t =    15.47s     Check for interrupting elements affecting "top.search" Button
    t =    15.48s     Synthesize event
    t =    15.77s     Wait for com.mdd.kanpan to idle
    t =    16.20s Waiting 5.0s for "symbols.query" TextField to exist
    t =    17.27s     Checking `Expect predicate `existsNoRetry == 1` for object "symbols.query" TextField`
    t =    17.27s         Checking existence of `"symbols.query" TextField`
    t =    17.39s Tap "symbols.query" TextField
    t =    17.39s     Wait for com.mdd.kanpan to idle
    t =    17.40s     Find the "symbols.query" TextField
    t =    17.48s     Check for interrupting elements affecting "symbols.query" TextField
    t =    17.52s     Synthesize event
    t =    17.81s     Wait for com.mdd.kanpan to idle
    t =    17.81s Find the "symbols.query" TextField
    t =    17.96s Type '' into "symbols.query" TextField
    t =    17.96s     Wait for com.mdd.kanpan to idle
    t =    18.34s     Find the "symbols.query" TextField
    t =    18.39s     Check for interrupting elements affecting "symbols.query" TextField
    t =    18.43s     Synthesize event
    t =    18.87s     Wait for com.mdd.kanpan to idle
    t =    18.87s Type 'SNDKUSDT' into "symbols.query" TextField
    t =    18.87s     Wait for com.mdd.kanpan to idle
    t =    18.87s     Find the "symbols.query" TextField
    t =    18.92s     Check for interrupting elements affecting "symbols.query" TextField
    t =    18.96s     Synthesize event
    t =    19.30s     Wait for com.mdd.kanpan to idle
    t =    19.51s Waiting 15.0s for "symbols.row.SNDKUSDT" Button to exist
    t =    20.58s     Checking `Expect predicate `existsNoRetry == 1` for object "symbols.row.SNDKUSDT" Button`
    t =    20.58s         Checking existence of `"symbols.row.SNDKUSDT" Button`
    t =    20.63s Tap "symbols.row.SNDKUSDT" Button
    t =    20.63s     Wait for com.mdd.kanpan to idle
    t =    20.63s     Find the "symbols.row.SNDKUSDT" Button
    t =    20.66s     Check for interrupting elements affecting "symbols.row.SNDKUSDT" Button
    t =    20.69s     Synthesize event
    t =    20.98s     Wait for com.mdd.kanpan to idle
    t =    22.37s Find the "market.quote" Any
    t =    22.39s Find the "market.quote" Any
    t =    23.36s Find the "market.quote" Any
    t =    23.38s Find the "market.quote" Any
    t =    24.34s Find the "market.quote" Any
    t =    24.37s Find the "market.quote" Any
    t =    25.43s Find the "market.quote" Any
    t =    25.45s Find the "market.quote" Any
    t =    25.46s Find the "market.quote" Any
    t =    25.49s Swipe right "interval.quick" ScrollView
    t =    25.49s     Wait for com.mdd.kanpan to idle
    t =    25.49s     Find the "interval.quick" ScrollView
    t =    25.51s     Check for interrupting elements affecting "interval.quick" ScrollView
    t =    25.52s     Synthesize event
    t =    25.95s     Wait for com.mdd.kanpan to idle
    t =    26.41s Checking existence of `"interval.chip.1m" Button`
    t =    26.44s Find the "interval.quick" ScrollView
    t =    26.46s Find the "interval.chip.1m" Button
    t =    26.49s Checking existence of `"chart.canvas" Other`
    t =    26.51s Find the "chart.canvas" Other
    t =    26.53s Tap "interval.chip.1m" Button
    t =    26.53s     Wait for com.mdd.kanpan to idle
    t =    26.53s     Find the "interval.chip.1m" Button
    t =    26.55s     Check for interrupting elements affecting "interval.chip.1m" Button
    t =    26.56s     Synthesize event
    t =    26.86s     Wait for com.mdd.kanpan to idle
    t =    26.86s Find the "market.quote" Any
    t =    26.88s Find the "market.quote" Any
    t =    26.91s Find the "market.quote" Any
    t =    27.98s Checking existence of `"chart.canvas" Other`
    t =    28.08s Find the "chart.canvas" Other
    t =    28.11s Checking existence of `"chart.canvas" Other`
    t =    28.14s Find the "chart.canvas" Other
    t =    28.19s Checking existence of `"chart.canvas" Other`
    t =    28.21s Find the "chart.canvas" Other
    t =    28.25s Swipe right "interval.quick" ScrollView
    t =    28.25s     Wait for com.mdd.kanpan to idle
    t =    28.25s     Find the "interval.quick" ScrollView
    t =    28.27s     Check for interrupting elements affecting "interval.quick" ScrollView
    t =    28.35s     Synthesize event
    t =    28.82s     Wait for com.mdd.kanpan to idle
    t =    29.30s Checking existence of `"interval.chip.1h" Button`
    t =    29.32s Find the "interval.quick" ScrollView
    t =    29.45s Find the "interval.chip.1h" Button
    t =    29.51s Checking existence of `"chart.canvas" Other`
    t =    29.52s Find the "chart.canvas" Other
    t =    29.56s Tap "interval.chip.1h" Button
    t =    29.56s     Wait for com.mdd.kanpan to idle
    t =    29.56s     Find the "interval.chip.1h" Button
    t =    29.59s     Check for interrupting elements affecting "interval.chip.1h" Button
    t =    29.61s     Synthesize event
    t =    29.90s     Wait for com.mdd.kanpan to idle
    t =    29.91s Find the "market.quote" Any
    t =    29.93s Find the "market.quote" Any
    t =    29.94s Find the "market.quote" Any
    t =    31.01s Checking existence of `"chart.canvas" Other`
    t =    31.04s Find the "chart.canvas" Other
    t =    31.06s Checking existence of `"chart.canvas" Other`
    t =    31.08s Find the "chart.canvas" Other
    t =    31.10s Checking existence of `"chart.canvas" Other`
    t =    31.11s Find the "chart.canvas" Other
    t =    31.13s Swipe right "interval.quick" ScrollView
    t =    31.13s     Wait for com.mdd.kanpan to idle
    t =    31.13s     Find the "interval.quick" ScrollView
    t =    31.15s     Check for interrupting elements affecting "interval.quick" ScrollView
    t =    31.17s     Synthesize event
    t =    31.61s     Wait for com.mdd.kanpan to idle
    t =    32.08s Checking existence of `"interval.chip.4h" Button`
    t =    32.10s Find the "interval.quick" ScrollView
    t =    32.13s Find the "interval.chip.4h" Button
    t =    32.15s Checking existence of `"chart.canvas" Other`
    t =    32.17s Find the "chart.canvas" Other
    t =    32.19s Tap "interval.chip.4h" Button
    t =    32.19s     Wait for com.mdd.kanpan to idle
    t =    32.19s     Find the "interval.chip.4h" Button
    t =    32.21s     Check for interrupting elements affecting "interval.chip.4h" Button
    t =    32.24s     Synthesize event
    t =    32.54s     Wait for com.mdd.kanpan to idle
    t =    32.55s Find the "market.quote" Any
    t =    32.58s Find the "market.quote" Any
    t =    32.59s Find the "market.quote" Any
    t =    33.69s Checking existence of `"chart.canvas" Other`
    t =    33.72s Find the "chart.canvas" Other
    t =    33.74s Checking existence of `"chart.canvas" Other`
    t =    33.77s Find the "chart.canvas" Other
    t =    33.81s Checking existence of `"chart.canvas" Other`
    t =    33.85s Find the "chart.canvas" Other
    t =    33.89s Swipe right "interval.quick" ScrollView
    t =    33.89s     Wait for com.mdd.kanpan to idle
    t =    33.89s     Find the "interval.quick" ScrollView
    t =    33.94s     Check for interrupting elements affecting "interval.quick" ScrollView
    t =    34.01s     Synthesize event
    t =    34.50s     Wait for com.mdd.kanpan to idle
    t =    34.96s Checking existence of `"interval.chip.1h" Button`
    t =    34.98s Find the "interval.quick" ScrollView
    t =    35.00s Find the "interval.chip.1h" Button
    t =    35.05s Checking existence of `"chart.canvas" Other`
    t =    35.07s Find the "chart.canvas" Other
    t =    35.12s Tap "interval.chip.1h" Button
    t =    35.12s     Wait for com.mdd.kanpan to idle
    t =    35.12s     Find the "interval.chip.1h" Button
    t =    35.16s     Check for interrupting elements affecting "interval.chip.1h" Button
    t =    35.19s     Synthesize event
    t =    35.48s     Wait for com.mdd.kanpan to idle
    t =    35.48s Find the "market.quote" Any
    t =    35.50s Find the "market.quote" Any
    t =    35.51s Find the "market.quote" Any
    t =    36.55s Checking existence of `"chart.canvas" Other`
    t =    36.58s Find the "chart.canvas" Other
    t =    36.60s Checking existence of `"chart.canvas" Other`
    t =    36.61s Find the "chart.canvas" Other
    t =    36.63s Checking existence of `"chart.canvas" Other`
    t =    36.64s Find the "chart.canvas" Other
    t =    36.66s Tap "top.search" Button
    t =    36.66s     Wait for com.mdd.kanpan to idle
    t =    36.66s     Find the "top.search" Button
    t =    36.68s     Check for interrupting elements affecting "top.search" Button
    t =    36.69s     Synthesize event
    t =    36.99s     Wait for com.mdd.kanpan to idle
    t =    37.02s Waiting 5.0s for "symbols.query" TextField to exist
    t =    38.11s     Checking `Expect predicate `existsNoRetry == 1` for object "symbols.query" TextField`
    t =    38.11s         Checking existence of `"symbols.query" TextField`
    t =    38.18s Tap "symbols.query" TextField
    t =    38.18s     Wait for com.mdd.kanpan to idle
    t =    38.18s     Find the "symbols.query" TextField
    t =    38.22s     Check for interrupting elements affecting "symbols.query" TextField
    t =    38.25s     Synthesize event
    t =    38.55s     Wait for com.mdd.kanpan to idle
    t =    38.55s Find the "symbols.query" TextField
    t =    39.32s Type '' into "symbols.query" TextField
    t =    39.32s     Wait for com.mdd.kanpan to idle
    t =    39.71s     Find the "symbols.query" TextField
    t =    39.75s     Check for interrupting elements affecting "symbols.query" TextField
    t =    39.79s     Synthesize event
    t =    40.12s     Wait for com.mdd.kanpan to idle
    t =    40.31s Type 'ETHUSDT' into "symbols.query" TextField
    t =    40.31s     Wait for com.mdd.kanpan to idle
    t =    40.31s     Find the "symbols.query" TextField
    t =    40.44s     Check for interrupting elements affecting "symbols.query" TextField
    t =    40.57s     Synthesize event
    t =    40.90s     Wait for com.mdd.kanpan to idle
    t =    40.90s Waiting 15.0s for "symbols.row.ETHUSDT" Button to exist
    t =    41.93s     Checking `Expect predicate `existsNoRetry == 1` for object "symbols.row.ETHUSDT" Button`
    t =    41.93s         Checking existence of `"symbols.row.ETHUSDT" Button`
    t =    42.03s Tap "symbols.row.ETHUSDT" Button
    t =    42.03s     Wait for com.mdd.kanpan to idle
    t =    42.03s     Find the "symbols.row.ETHUSDT" Button
    t =    42.12s     Check for interrupting elements affecting "symbols.row.ETHUSDT" Button
    t =    42.20s     Synthesize event
    t =    42.51s     Wait for com.mdd.kanpan to idle
    t =    43.95s Find the "market.quote" Any
    t =    44.00s Find the "market.quote" Any
    t =    44.04s Find the "market.quote" Any
    t =    44.08s Swipe right "interval.quick" ScrollView
    t =    44.08s     Wait for com.mdd.kanpan to idle
    t =    44.09s     Find the "interval.quick" ScrollView
    t =    44.11s     Check for interrupting elements affecting "interval.quick" ScrollView
    t =    44.13s     Synthesize event
    t =    44.57s     Wait for com.mdd.kanpan to idle
    t =    45.06s Checking existence of `"interval.chip.1m" Button`
    t =    45.09s Find the "interval.quick" ScrollView
    t =    45.11s Find the "interval.chip.1m" Button
    t =    45.14s Checking existence of `"chart.canvas" Other`
    t =    45.15s Find the "chart.canvas" Other
    t =    45.17s Tap "interval.chip.1m" Button
    t =    45.18s     Wait for com.mdd.kanpan to idle
    t =    45.18s     Find the "interval.chip.1m" Button
    t =    45.20s     Check for interrupting elements affecting "interval.chip.1m" Button
    t =    45.21s     Synthesize event
    t =    45.50s     Wait for com.mdd.kanpan to idle
    t =    45.51s Find the "market.quote" Any
    t =    45.54s Find the "market.quote" Any
    t =    45.57s Find the "market.quote" Any
    t =    46.63s Checking existence of `"chart.canvas" Other`
    t =    46.66s Find the "chart.canvas" Other
    t =    46.68s Checking existence of `"chart.canvas" Other`
    t =    46.70s Find the "chart.canvas" Other
    t =    46.73s Checking existence of `"chart.canvas" Other`
    t =    46.75s Find the "chart.canvas" Other
    t =    46.78s Swipe right "interval.quick" ScrollView
    t =    46.78s     Wait for com.mdd.kanpan to idle
    t =    46.79s     Find the "interval.quick" ScrollView
    t =    46.81s     Check for interrupting elements affecting "interval.quick" ScrollView
    t =    46.83s     Synthesize event
    t =    47.27s     Wait for com.mdd.kanpan to idle
    t =    47.73s Checking existence of `"interval.chip.1h" Button`
    t =    47.75s Find the "interval.quick" ScrollView
    t =    47.77s Find the "interval.chip.1h" Button
    t =    47.79s Checking existence of `"chart.canvas" Other`
    t =    47.80s Find the "chart.canvas" Other
    t =    47.84s Tap "interval.chip.1h" Button
    t =    47.84s     Wait for com.mdd.kanpan to idle
    t =    47.85s     Find the "interval.chip.1h" Button
    t =    47.88s     Check for interrupting elements affecting "interval.chip.1h" Button
    t =    47.91s     Synthesize event
    t =    48.20s     Wait for com.mdd.kanpan to idle
    t =    48.20s Find the "market.quote" Any
    t =    48.26s Find the "market.quote" Any
    t =    48.32s Find the "market.quote" Any
    t =    49.43s Checking existence of `"chart.canvas" Other`
    t =    49.47s Find the "chart.canvas" Other
    t =    49.49s Checking existence of `"chart.canvas" Other`
    t =    49.51s Find the "chart.canvas" Other
    t =    49.54s Checking existence of `"chart.canvas" Other`
    t =    49.56s Find the "chart.canvas" Other
    t =    49.59s Swipe right "interval.quick" ScrollView
    t =    49.59s     Wait for com.mdd.kanpan to idle
    t =    49.59s     Find the "interval.quick" ScrollView
    t =    49.61s     Check for interrupting elements affecting "interval.quick" ScrollView
    t =    49.64s     Synthesize event
    t =    50.09s     Wait for com.mdd.kanpan to idle
    t =    50.56s Checking existence of `"interval.chip.4h" Button`
    t =    50.60s Find the "interval.quick" ScrollView
    t =    50.63s Find the "interval.chip.4h" Button
    t =    50.66s Checking existence of `"chart.canvas" Other`
    t =    50.67s Find the "chart.canvas" Other
    t =    50.70s Tap "interval.chip.4h" Button
    t =    50.70s     Wait for com.mdd.kanpan to idle
    t =    50.70s     Find the "interval.chip.4h" Button
    t =    50.72s     Check for interrupting elements affecting "interval.chip.4h" Button
    t =    50.74s     Synthesize event
    t =    51.04s     Wait for com.mdd.kanpan to idle
    t =    51.04s Find the "market.quote" Any
    t =    51.06s Find the "market.quote" Any
    t =    51.09s Find the "market.quote" Any
    t =    52.15s Checking existence of `"chart.canvas" Other`
    t =    52.18s Find the "chart.canvas" Other
    t =    52.20s Checking existence of `"chart.canvas" Other`
    t =    52.23s Find the "chart.canvas" Other
    t =    52.26s Checking existence of `"chart.canvas" Other`
    t =    52.28s Find the "chart.canvas" Other
    t =    52.30s Swipe right "interval.quick" ScrollView
    t =    52.30s     Wait for com.mdd.kanpan to idle
    t =    52.30s     Find the "interval.quick" ScrollView
    t =    52.32s     Check for interrupting elements affecting "interval.quick" ScrollView
    t =    52.34s     Synthesize event
    t =    52.78s     Wait for com.mdd.kanpan to idle
    t =    53.25s Checking existence of `"interval.chip.1h" Button`
    t =    53.27s Find the "interval.quick" ScrollView
    t =    53.29s Find the "interval.chip.1h" Button
    t =    53.32s Checking existence of `"chart.canvas" Other`
    t =    53.36s Find the "chart.canvas" Other
    t =    53.40s Tap "interval.chip.1h" Button
    t =    53.40s     Wait for com.mdd.kanpan to idle
    t =    53.41s     Find the "interval.chip.1h" Button
    t =    53.45s     Check for interrupting elements affecting "interval.chip.1h" Button
    t =    53.48s     Synthesize event
    t =    53.77s     Wait for com.mdd.kanpan to idle
    t =    53.77s Find the "market.quote" Any
    t =    53.79s Find the "market.quote" Any
    t =    53.81s Find the "market.quote" Any
    t =    54.90s Checking existence of `"chart.canvas" Other`
    t =    54.95s Find the "chart.canvas" Other
    t =    55.00s Checking existence of `"chart.canvas" Other`
    t =    55.04s Find the "chart.canvas" Other
    t =    55.09s Checking existence of `"chart.canvas" Other`
    t =    55.13s Find the "chart.canvas" Other
    t =    55.15s Checking existence of `"chart.canvas" Other`
    t =    55.17s Find the "chart.canvas" Other
    t =    55.20s Tap "top.search" Button
    t =    55.20s     Wait for com.mdd.kanpan to idle
    t =    55.20s     Find the "top.search" Button
    t =    55.23s     Check for interrupting elements affecting "top.search" Button
    t =    55.26s     Synthesize event
    t =    55.56s     Wait for com.mdd.kanpan to idle
    t =    55.61s Waiting 5.0s for "symbols.query" TextField to exist
    t =    56.64s     Checking `Expect predicate `existsNoRetry == 1` for object "symbols.query" TextField`
    t =    56.64s         Checking existence of `"symbols.query" TextField`
    t =    56.70s Tap "symbols.query" TextField
    t =    56.70s     Wait for com.mdd.kanpan to idle
    t =    56.74s     Find the "symbols.query" TextField
    t =    56.78s     Check for interrupting elements affecting "symbols.query" TextField
    t =    56.80s     Synthesize event
    t =    57.18s     Wait for com.mdd.kanpan to idle
    t =    57.54s Find the "symbols.query" TextField
    t =    57.62s Type '' into "symbols.query" TextField
    t =    57.62s     Wait for com.mdd.kanpan to idle
    t =    57.62s     Find the "symbols.query" TextField
    t =    57.67s     Check for interrupting elements affecting "symbols.query" TextField
    t =    57.71s     Synthesize event
    t =    58.03s     Wait for com.mdd.kanpan to idle
    t =    58.23s Type 'BTCUSDT' into "symbols.query" TextField
    t =    58.23s     Wait for com.mdd.kanpan to idle
    t =    58.23s     Find the "symbols.query" TextField
    t =    58.30s     Check for interrupting elements affecting "symbols.query" TextField
    t =    58.35s     Synthesize event
    t =    58.66s     Wait for com.mdd.kanpan to idle
    t =    58.67s Waiting 15.0s for "symbols.row.BTCUSDT" Button to exist
    t =    59.71s     Checking `Expect predicate `existsNoRetry == 1` for object "symbols.row.BTCUSDT" Button`
    t =    59.71s         Checking existence of `"symbols.row.BTCUSDT" Button`
    t =    59.75s Tap "symbols.row.BTCUSDT" Button
    t =    59.75s     Wait for com.mdd.kanpan to idle
    t =    59.75s     Find the "symbols.row.BTCUSDT" Button
    t =    59.85s     Check for interrupting elements affecting "symbols.row.BTCUSDT" Button
    t =    59.91s     Synthesize event
    t =    60.22s     Wait for com.mdd.kanpan to idle
    t =    61.63s Find the "market.quote" Any
    t =    61.72s Find the "market.quote" Any
    t =    61.74s Find the "market.quote" Any
    t =    61.78s Swipe right "interval.quick" ScrollView
    t =    61.78s     Wait for com.mdd.kanpan to idle
    t =    61.78s     Find the "interval.quick" ScrollView
    t =    61.82s     Check for interrupting elements affecting "interval.quick" ScrollView
    t =    61.84s     Synthesize event
    t =    62.29s     Wait for com.mdd.kanpan to idle
    t =    62.75s Checking existence of `"interval.chip.1m" Button`
    t =    62.78s Find the "interval.quick" ScrollView
    t =    62.80s Find the "interval.chip.1m" Button
    t =    62.83s Checking existence of `"chart.canvas" Other`
    t =    62.85s Find the "chart.canvas" Other
    t =    62.93s Tap "interval.chip.1m" Button
    t =    62.93s     Wait for com.mdd.kanpan to idle
    t =    62.94s     Find the "interval.chip.1m" Button
    t =    62.97s     Check for interrupting elements affecting "interval.chip.1m" Button
    t =    63.09s     Synthesize event
    t =    63.42s     Wait for com.mdd.kanpan to idle
    t =    63.43s Find the "market.quote" Any
    t =    63.58s Find the "market.quote" Any
    t =    63.66s Find the "market.quote" Any
    t =    64.75s Checking existence of `"chart.canvas" Other`
    t =    64.85s Find the "chart.canvas" Other
    t =    64.88s Checking existence of `"chart.canvas" Other`
    t =    64.94s Find the "chart.canvas" Other
    t =    64.98s Checking existence of `"chart.canvas" Other`
    t =    65.00s Find the "chart.canvas" Other
    t =    65.04s Swipe right "interval.quick" ScrollView
    t =    65.05s     Wait for com.mdd.kanpan to idle
    t =    65.05s     Find the "interval.quick" ScrollView
    t =    65.09s     Check for interrupting elements affecting "interval.quick" ScrollView
    t =    65.12s     Synthesize event
    t =    65.56s     Wait for com.mdd.kanpan to idle
    t =    66.03s Checking existence of `"interval.chip.1h" Button`
    t =    66.05s Find the "interval.quick" ScrollView
    t =    66.07s Find the "interval.chip.1h" Button
    t =    66.09s Checking existence of `"chart.canvas" Other`
    t =    66.11s Find the "chart.canvas" Other
    t =    66.13s Tap "interval.chip.1h" Button
    t =    66.13s     Wait for com.mdd.kanpan to idle
    t =    66.13s     Find the "interval.chip.1h" Button
    t =    66.15s     Check for interrupting elements affecting "interval.chip.1h" Button
    t =    66.16s     Synthesize event
    t =    66.45s     Wait for com.mdd.kanpan to idle
    t =    66.45s Find the "market.quote" Any
    t =    66.47s Find the "market.quote" Any
    t =    66.48s Find the "market.quote" Any
    t =    67.52s Checking existence of `"chart.canvas" Other`
    t =    67.55s Find the "chart.canvas" Other
    t =    67.56s Checking existence of `"chart.canvas" Other`
    t =    67.57s Find the "chart.canvas" Other
    t =    67.59s Checking existence of `"chart.canvas" Other`
    t =    67.60s Find the "chart.canvas" Other
    t =    67.61s Swipe right "interval.quick" ScrollView
    t =    67.61s     Wait for com.mdd.kanpan to idle
    t =    67.62s     Find the "interval.quick" ScrollView
    t =    67.63s     Check for interrupting elements affecting "interval.quick" ScrollView
    t =    67.64s     Synthesize event
    t =    68.07s     Wait for com.mdd.kanpan to idle
    t =    68.57s Checking existence of `"interval.chip.4h" Button`
    t =    68.60s Find the "interval.quick" ScrollView
    t =    68.61s Find the "interval.chip.4h" Button
    t =    68.63s Checking existence of `"chart.canvas" Other`
    t =    68.64s Find the "chart.canvas" Other
    t =    68.66s Tap "interval.chip.4h" Button
    t =    68.66s     Wait for com.mdd.kanpan to idle
    t =    68.66s     Find the "interval.chip.4h" Button
    t =    68.67s     Check for interrupting elements affecting "interval.chip.4h" Button
    t =    68.69s     Synthesize event
    t =    68.98s     Wait for com.mdd.kanpan to idle
    t =    68.99s Find the "market.quote" Any
    t =    69.00s Find the "market.quote" Any
    t =    69.01s Find the "market.quote" Any
    t =    70.08s Checking existence of `"chart.canvas" Other`
    t =    70.11s Find the "chart.canvas" Other
    t =    70.13s Checking existence of `"chart.canvas" Other`
    t =    70.15s Find the "chart.canvas" Other
    t =    70.18s Checking existence of `"chart.canvas" Other`
    t =    70.20s Find the "chart.canvas" Other
    t =    70.23s Swipe right "interval.quick" ScrollView
    t =    70.23s     Wait for com.mdd.kanpan to idle
    t =    70.23s     Find the "interval.quick" ScrollView
    t =    70.26s     Check for interrupting elements affecting "interval.quick" ScrollView
    t =    70.28s     Synthesize event
    t =    70.72s     Wait for com.mdd.kanpan to idle
    t =    71.18s Checking existence of `"interval.chip.1h" Button`
    t =    71.21s Find the "interval.quick" ScrollView
    t =    71.23s Find the "interval.chip.1h" Button
    t =    71.25s Checking existence of `"chart.canvas" Other`
    t =    71.30s Find the "chart.canvas" Other
    t =    71.32s Tap "interval.chip.1h" Button
    t =    71.32s     Wait for com.mdd.kanpan to idle
    t =    71.32s     Find the "interval.chip.1h" Button
    t =    71.34s     Check for interrupting elements affecting "interval.chip.1h" Button
    t =    71.47s     Synthesize event
    t =    71.76s     Wait for com.mdd.kanpan to idle
    t =    71.77s Find the "market.quote" Any
    t =    71.79s Find the "market.quote" Any
    t =    71.81s Find the "market.quote" Any
    t =    72.86s Checking existence of `"chart.canvas" Other`
    t =    72.91s Find the "chart.canvas" Other
    t =    72.93s Checking existence of `"chart.canvas" Other`
    t =    72.95s Find the "chart.canvas" Other
    t =    72.97s Checking existence of `"chart.canvas" Other`
    t =    72.98s Find the "chart.canvas" Other
    t =    73.01s Find the Target Application 'com.mdd.kanpan'
    t =    73.12s Added attachment named '多品种多周期-报价时序'
    t =    73.12s Tear Down
    t =    73.12s     Find the Target Application 'com.mdd.kanpan'
    t =    73.22s     Added attachment named 'Screenshot of Target Application 'com.mdd.kanpan'.png'
    t =    73.22s     Terminate com.mdd.kanpan:74893
Test Case '-[KanpanUITests.ChartFoundationUITests testLatestQuoteDoesNotRegressAcrossIntervals]' passed (74.410 seconds).
Test Case '-[KanpanUITests.ChartFoundationUITests testQuickFavoritesAndMarketSectors]' started.
    t =     0.00s Start Test at 2026-09-15 05:45:57.109
    t =     0.03s Set Up
    t =     0.03s     Setting device orientation to Portrait
    t =     0.04s         Wait for com.apple.springboard to idle
    t =     0.05s     Open com.mdd.kanpan
    t =     0.05s         Launch com.mdd.kanpan
2026-09-15 05:45:57.172 xcodebuild[72863:32842597] [MT] IDELaunchParametersSnapshot: The operation couldn’t be completed. (DebuggerLLDB.DebuggerVersionStore.StoreError error 0.)
2026-09-15 05:45:57.172 xcodebuild[72863:32842597] [MT] IDELaunchParametersSnapshot: no debugger version
    t =     0.30s             Setting up automation session
    t =     1.29s             Wait for com.mdd.kanpan to idle
    t =     2.77s     Waiting 30.0s for "chart.canvas" Other to exist
    t =     3.80s         Checking `Expect predicate `existsNoRetry == 1` for object "chart.canvas" Other`
    t =     3.80s             Checking existence of `"chart.canvas" Other`
    t =     4.92s     Checking existence of `"chart.canvas" Other`
    t =     4.94s     Find the "chart.canvas" Other
    t =     4.96s Terminate com.mdd.kanpan:75302
    t =     6.00s Open com.mdd.kanpan
    t =     6.00s     Launch com.mdd.kanpan
2026-09-15 05:46:03.113 xcodebuild[72863:32842597] [MT] IDELaunchParametersSnapshot: The operation couldn’t be completed. (DebuggerLLDB.DebuggerVersionStore.StoreError error 0.)
2026-09-15 05:46:03.113 xcodebuild[72863:32842597] [MT] IDELaunchParametersSnapshot: no debugger version
    t =     6.22s         Setting up automation session
    t =     6.91s         Wait for com.mdd.kanpan to idle
    t =     8.41s Waiting 15.0s for "favorites.more" Button to exist
    t =     9.46s     Checking `Expect predicate `existsNoRetry == 1` for object "favorites.more" Button`
    t =     9.46s         Checking existence of `"favorites.more" Button`
    t =     9.53s Tap "favorites.more" Button
    t =     9.53s     Wait for com.mdd.kanpan to idle
    t =     9.53s     Find the "favorites.more" Button
    t =     9.56s     Check for interrupting elements affecting "favorites.more" Button
    t =     9.62s     Synthesize event
    t =     9.93s     Wait for com.mdd.kanpan to idle
    t =    12.63s Waiting 4.0s for "favorites.close" Button to exist
    t =    13.67s     Checking `Expect predicate `existsNoRetry == 1` for object "favorites.close" Button`
    t =    13.67s         Checking existence of `"favorites.close" Button`
    t =    13.71s Tap "favorites.close" Button
    t =    13.71s     Wait for com.mdd.kanpan to idle
    t =    28.46s     Find the "favorites.close" Button
    t =    28.57s     Check for interrupting elements affecting "favorites.close" Button
    t =    28.62s     Synthesize event
    t =    28.92s     Wait for com.mdd.kanpan to idle
    t =    30.36s Tap "top.symbol" Button
    t =    30.36s     Wait for com.mdd.kanpan to idle
    t =    30.37s     Find the "top.symbol" Button
    t =    30.39s     Check for interrupting elements affecting "top.symbol" Button
    t =    30.41s     Synthesize event
    t =    30.69s     Wait for com.mdd.kanpan to idle
    t =    31.10s Waiting 5.0s for "quickFavorites.open.BTCUSDT" Button to exist
    t =    32.13s     Checking `Expect predicate `existsNoRetry == 1` for object "quickFavorites.open.BTCUSDT" Button`
    t =    32.13s         Checking existence of `"quickFavorites.open.BTCUSDT" Button`
    t =    32.20s Waiting 5.0s for "quickFavorites.open.ETHUSDT" Button to exist
    t =    33.24s     Checking `Expect predicate `existsNoRetry == 1` for object "quickFavorites.open.ETHUSDT" Button`
    t =    33.24s         Checking existence of `"quickFavorites.open.ETHUSDT" Button`
    t =    33.28s Waiting 5.0s for "quickFavorites.open.SNDKUSDT" Button to exist
    t =    34.32s     Checking `Expect predicate `existsNoRetry == 1` for object "quickFavorites.open.SNDKUSDT" Button`
    t =    34.32s         Checking existence of `"quickFavorites.open.SNDKUSDT" Button`
    t =    34.36s Checking existence of `"favorites.groups" ScrollView`
    t =    34.38s Find the Target Application 'com.mdd.kanpan'
    t =    34.48s Added attachment named '左上角-全部收藏快捷切换'
    t =    34.48s Tap "quickFavorites.search" Button
    t =    34.48s     Wait for com.mdd.kanpan to idle
    t =    34.48s     Find the "quickFavorites.search" Button
    t =    34.51s     Check for interrupting elements affecting "quickFavorites.search" Button
    t =    34.53s     Synthesize event
    t =    34.83s     Wait for com.mdd.kanpan to idle
    t =    35.37s Waiting 5.0s for "symbols.query" TextField to exist
    t =    36.40s     Checking `Expect predicate `existsNoRetry == 1` for object "symbols.query" TextField`
    t =    36.40s         Checking existence of `"symbols.query" TextField`
    t =    36.51s Tap "symbols.market" Button
    t =    36.51s     Wait for com.mdd.kanpan to idle
    t =    36.67s     Find the "symbols.market" Button
    t =    36.72s     Check for interrupting elements affecting "symbols.market" Button
    t =    36.76s     Synthesize event
    t =    37.05s     Wait for com.mdd.kanpan to idle
    t =    37.51s Waiting 5.0s for "美股" Button to exist
    t =    38.57s     Checking `Expect predicate `existsNoRetry == 1` for object "美股" Button`
    t =    38.57s         Checking existence of `"美股" Button`
    t =    38.62s Tap "美股" Button
    t =    38.62s     Wait for com.mdd.kanpan to idle
    t =    38.62s     Find the "美股" Button
    t =    38.69s     Check for interrupting elements affecting "美股" Button
    t =    38.73s     Synthesize event
    t =    39.02s     Wait for com.mdd.kanpan to idle
    t =    39.19s Tap "symbols.query" TextField
    t =    39.19s     Wait for com.mdd.kanpan to idle
    t =    39.28s     Find the "symbols.query" TextField
    t =    39.33s     Check for interrupting elements affecting "symbols.query" TextField
    t =    39.36s     Synthesize event
    t =    39.65s     Wait for com.mdd.kanpan to idle
    t =    39.92s Type 'SNDK' into "symbols.query" TextField
    t =    39.92s     Wait for com.mdd.kanpan to idle
    t =    39.92s     Find the "symbols.query" TextField
    t =    39.99s     Check for interrupting elements affecting "symbols.query" TextField
    t =    40.03s     Synthesize event
    t =    40.30s     Wait for com.mdd.kanpan to idle
    t =    40.30s Waiting 10.0s for "symbols.row.SNDKUSDT" Button to exist
    t =    41.35s     Checking `Expect predicate `existsNoRetry == 1` for object "symbols.row.SNDKUSDT" Button`
    t =    41.35s         Checking existence of `"symbols.row.SNDKUSDT" Button`
    t =    41.39s Find the Target Application 'com.mdd.kanpan'
    t =    41.47s Added attachment named '交易所-美股板块筛选'
    t =    41.48s Tap "symbols.row.SNDKUSDT" Button
    t =    41.48s     Wait for com.mdd.kanpan to idle
    t =    41.48s     Find the "symbols.row.SNDKUSDT" Button
    t =    41.51s     Check for interrupting elements affecting "symbols.row.SNDKUSDT" Button
    t =    41.53s     Synthesize event
    t =    41.82s     Wait for com.mdd.kanpan to idle
    t =    43.20s Checking existence of `"chart.canvas" Other`
    t =    43.23s Find the "chart.canvas" Other
    t =    43.24s Tear Down
    t =    43.24s     Find the Target Application 'com.mdd.kanpan'
    t =    43.32s     Added attachment named 'Screenshot of Target Application 'com.mdd.kanpan'.png'
    t =    43.32s     Terminate com.mdd.kanpan:75312
Test Case '-[KanpanUITests.ChartFoundationUITests testQuickFavoritesAndMarketSectors]' passed (44.444 seconds).
Test Suite 'ChartFoundationUITests' passed at 2026-09-15 05:46:41.552.
	 Executed 5 tests, with 0 failures (0 unexpected) in 175.273 (175.279) seconds
Test Suite 'KanpanUITests.xctest' passed at 2026-09-15 05:46:41.554.
	 Executed 5 tests, with 0 failures (0 unexpected) in 175.273 (175.281) seconds
Test Suite 'Selected tests' passed at 2026-09-15 05:46:41.555.
	 Executed 5 tests, with 0 failures (0 unexpected) in 175.273 (175.282) seconds
2026-09-15 05:46:55.466 xcodebuild[72863:32842597] [MT] IDETestOperationsObserverDebug: 543.251 elapsed -- Testing started completed.
2026-09-15 05:46:55.468 xcodebuild[72863:32842597] [MT] IDETestOperationsObserverDebug: 0.000 sec, +0.000 sec -- start
2026-09-15 05:46:55.468 xcodebuild[72863:32842597] [MT] IDETestOperationsObserverDebug: 543.251 sec, +543.251 sec -- end

Test session results, code coverage, and logs:
	/Users/mdd/zhk/kanpan/docs/acceptance/eye-colors/iPhone-15-current-r6.xcresult

Failing tests:
	ChartFoundationUITests.testFavoritesCategoryOverflow()

** TEST EXECUTE FAILED **

Testing started
