Command line invocation:
    /Applications/Xcode.app/Contents/Developer/usr/bin/xcodebuild test -scheme KanpanMain -destination "platform=iOS Simulator,id=42D33983-34FD-44C6-A635-ACDA22C7C0DA" -derivedDataPath /tmp/kanpan-p0-main-dd -jobs 2 "-only-testing:KanpanMainTests/HeaderStatsTests" -test-timeouts-enabled YES -maximum-test-execution-time-allowance 300

Resolve Package Graph
2026-09-22 12:56:54.827 xcodebuild[34794:3572281] [MT] IDERunDestination: Supported platforms for the buildables in the current scheme is empty.


Resolved source packages:
  KanpanCore: /tmp/kanpan-p0-rework/KanpanCore @ local
  KanpanNetwork: /tmp/kanpan-p0-rework/KanpanNetwork @ local
  KanpanMain: /tmp/kanpan-p0-rework/Kanpan/KanpanTests
  KanpanAccount: /tmp/kanpan-p0-rework/KanpanAccount @ local
  KanpanData: /tmp/kanpan-p0-rework/KanpanData @ local
  KanpanChart: /tmp/kanpan-p0-rework/KanpanChart @ local

Build Preparation
Build task concurrency set to 2 via user default IDEBuildOperationMaxNumberOfConcurrentCompileTasks

ComputePackagePrebuildTargetDependencyGraph

Prepare packages

CreateBuildRequest

SendProjectDescription

CreateBuildOperation

ComputeTargetDependencyGraph
note: Building targets in dependency order
note: Target dependency graph (13 targets)
    Target 'KanpanMain' in project 'KanpanMain'
        ➜ Explicit dependency on target 'KanpanMain' in project 'KanpanMain'
        ➜ Explicit dependency on target 'KanpanCore' in project 'KanpanCore'
        ➜ Explicit dependency on target 'KanpanChart' in project 'KanpanChart'
        ➜ Explicit dependency on target 'KanpanNetwork' in project 'KanpanNetwork'
        ➜ Explicit dependency on target 'KanpanData' in project 'KanpanData'
        ➜ Explicit dependency on target 'KanpanAccount' in project 'KanpanAccount'
    Target 'KanpanMainTests' in project 'KanpanMain'
        ➜ Explicit dependency on target 'KanpanMain' in project 'KanpanMain'
        ➜ Explicit dependency on target 'KanpanCore' in project 'KanpanCore'
        ➜ Explicit dependency on target 'KanpanChart' in project 'KanpanChart'
        ➜ Explicit dependency on target 'KanpanNetwork' in project 'KanpanNetwork'
        ➜ Explicit dependency on target 'KanpanData' in project 'KanpanData'
        ➜ Explicit dependency on target 'KanpanAccount' in project 'KanpanAccount'
    Target 'KanpanMain' in project 'KanpanMain'
        ➜ Explicit dependency on target 'KanpanCore' in project 'KanpanCore'
        ➜ Explicit dependency on target 'KanpanChart' in project 'KanpanChart'
        ➜ Explicit dependency on target 'KanpanNetwork' in project 'KanpanNetwork'
        ➜ Explicit dependency on target 'KanpanData' in project 'KanpanData'
        ➜ Explicit dependency on target 'KanpanAccount' in project 'KanpanAccount'
    Target 'KanpanAccount' in project 'KanpanAccount'
        ➜ Explicit dependency on target 'KanpanAccount' in project 'KanpanAccount'
    Target 'KanpanAccount' in project 'KanpanAccount' (no dependencies)
    Target 'KanpanData' in project 'KanpanData'
        ➜ Explicit dependency on target 'KanpanData' in project 'KanpanData'
        ➜ Explicit dependency on target 'KanpanCore' in project 'KanpanCore'
        ➜ Explicit dependency on target 'KanpanNetwork' in project 'KanpanNetwork'
    Target 'KanpanData' in project 'KanpanData'
        ➜ Explicit dependency on target 'KanpanCore' in project 'KanpanCore'
        ➜ Explicit dependency on target 'KanpanNetwork' in project 'KanpanNetwork'
    Target 'KanpanNetwork' in project 'KanpanNetwork'
        ➜ Explicit dependency on target 'KanpanNetwork' in project 'KanpanNetwork'
        ➜ Explicit dependency on target 'KanpanCore' in project 'KanpanCore'
    Target 'KanpanNetwork' in project 'KanpanNetwork'
        ➜ Explicit dependency on target 'KanpanCore' in project 'KanpanCore'
    Target 'KanpanChart' in project 'KanpanChart'
        ➜ Explicit dependency on target 'KanpanChart' in project 'KanpanChart'
        ➜ Explicit dependency on target 'KanpanCore' in project 'KanpanCore'
    Target 'KanpanChart' in project 'KanpanChart'
        ➜ Explicit dependency on target 'KanpanCore' in project 'KanpanCore'
    Target 'KanpanCore' in project 'KanpanCore'
        ➜ Explicit dependency on target 'KanpanCore' in project 'KanpanCore'
    Target 'KanpanCore' in project 'KanpanCore' (no dependencies)

GatherProvisioningInputs

CreateBuildDescription

ExecuteExternalTool /Applications/Xcode.app/Contents/Developer/Toolchains/XcodeDefault.xctoolchain/usr/bin/swiftc --version

ExecuteExternalTool /Applications/Xcode.app/Contents/Developer/Toolchains/XcodeDefault.xctoolchain/usr/bin/clang -v -E -dM -isysroot /Applications/Xcode.app/Contents/Developer/Platforms/iPhoneSimulator.platform/Developer/SDKs/iPhoneSimulator26.5.sdk -x c -c /dev/null

ExecuteExternalTool /Applications/Xcode.app/Contents/Developer/Toolchains/XcodeDefault.xctoolchain/usr/bin/ld -version_details

Build description signature: cada8ad96dbb38db0f2103b7fd3a1df1
Build description path: /tmp/kanpan-p0-main-dd/Build/Intermediates.noindex/XCBuildData/cada8ad96dbb38db0f2103b7fd3a1df1.xcbuilddata
ClangStatCache /Applications/Xcode.app/Contents/Developer/Toolchains/XcodeDefault.xctoolchain/usr/bin/clang-stat-cache /Applications/Xcode.app/Contents/Developer/Platforms/iPhoneSimulator.platform/Developer/SDKs/iPhoneSimulator26.5.sdk /tmp/kanpan-p0-main-dd/SDKStatCaches.noindex/iphonesimulator26.5-23F81a-6cfe768891a92b912361537c460fe42b.sdkstatcache
    cd /tmp/kanpan-p0-rework/Kanpan/KanpanTests/.swiftpm/xcode
    /Applications/Xcode.app/Contents/Developer/Toolchains/XcodeDefault.xctoolchain/usr/bin/clang-stat-cache /Applications/Xcode.app/Contents/Developer/Platforms/iPhoneSimulator.platform/Developer/SDKs/iPhoneSimulator26.5.sdk -o /tmp/kanpan-p0-main-dd/SDKStatCaches.noindex/iphonesimulator26.5-23F81a-6cfe768891a92b912361537c460fe42b.sdkstatcache

WriteAuxiliaryFile /tmp/kanpan-p0-main-dd/Build/Intermediates.noindex/KanpanAccount.build/Debug-iphonesimulator/KanpanAccount.build/Objects-normal/arm64/KanpanAccount.SwiftFileList (in target 'KanpanAccount' from project 'KanpanAccount')
    cd /tmp/kanpan-p0-rework/KanpanAccount
    write-file /tmp/kanpan-p0-main-dd/Build/Intermediates.noindex/KanpanAccount.build/Debug-iphonesimulator/KanpanAccount.build/Objects-normal/arm64/KanpanAccount.SwiftFileList

WriteAuxiliaryFile /tmp/kanpan-p0-main-dd/Build/Intermediates.noindex/KanpanAccount.build/Debug-iphonesimulator/KanpanAccount.build/Objects-normal/arm64/KanpanAccount-OutputFileMap.json (in target 'KanpanAccount' from project 'KanpanAccount')
    cd /tmp/kanpan-p0-rework/KanpanAccount
    write-file /tmp/kanpan-p0-main-dd/Build/Intermediates.noindex/KanpanAccount.build/Debug-iphonesimulator/KanpanAccount.build/Objects-normal/arm64/KanpanAccount-OutputFileMap.json

SwiftDriver KanpanAccount normal arm64 com.apple.xcode.tools.swift.compiler (in target 'KanpanAccount' from project 'KanpanAccount')
    cd /tmp/kanpan-p0-rework/Kanpan/KanpanTests/.swiftpm/xcode
    builtin-SwiftDriver -- /Applications/Xcode.app/Contents/Developer/Toolchains/XcodeDefault.xctoolchain/usr/bin/swiftc -module-name KanpanAccount -Onone @/tmp/kanpan-p0-main-dd/Build/Intermediates.noindex/KanpanAccount.build/Debug-iphonesimulator/KanpanAccount.build/Objects-normal/arm64/KanpanAccount.SwiftFileList -DSWIFT_PACKAGE -DDEBUG -DSWIFT_MODULE_RESOURCE_BUNDLE_UNAVAILABLE -DXcode -plugin-path /Applications/Xcode.app/Contents/Developer/Toolchains/XcodeDefault.xctoolchain/usr/lib/swift/host/plugins/testing -enable-experimental-feature DebugDescriptionMacro -sdk /Applications/Xcode.app/Contents/Developer/Platforms/iPhoneSimulator.platform/Developer/SDKs/iPhoneSimulator26.5.sdk -target arm64-apple-ios26.0-simulator -g -module-cache-path /tmp/kanpan-p0-main-dd/ModuleCache.noindex -Xfrontend -serialize-debugging-options -profile-coverage-mapping -profile-generate -enable-testing -suppress-warnings -index-store-path /tmp/kanpan-p0-main-dd/Index.noindex/DataStore -Xcc -D_LIBCPP_HARDENING_MODE\=_LIBCPP_HARDENING_MODE_DEBUG -swift-version 6 -I /tmp/kanpan-p0-main-dd/Build/Products/Debug-iphonesimulator -Isystem /Applications/Xcode.app/Contents/Developer/Platforms/iPhoneSimulator.platform/Developer/usr/lib -F /tmp/kanpan-p0-main-dd/Build/Products/Debug-iphonesimulator -F /Applications/Xcode.app/Contents/Developer/Platforms/iPhoneSimulator.platform/Developer/Library/Frameworks -F /Applications/Xcode.app/Contents/Developer/Platforms/iPhoneSimulator.platform/Developer/SDKs/iPhoneSimulator26.5.sdk/Developer/Library/Frameworks -c -j10 -enable-batch-mode -incremental -Xcc -ivfsstatcache -Xcc /tmp/kanpan-p0-main-dd/SDKStatCaches.noindex/iphonesimulator26.5-23F81a-6cfe768891a92b912361537c460fe42b.sdkstatcache -output-file-map /tmp/kanpan-p0-main-dd/Build/Intermediates.noindex/KanpanAccount.build/Debug-iphonesimulator/KanpanAccount.build/Objects-normal/arm64/KanpanAccount-OutputFileMap.json -use-frontend-parseable-output -save-temps -no-color-diagnostics -explicit-module-build -module-cache-path /tmp/kanpan-p0-main-dd/Build/Intermediates.noindex/SwiftExplicitPrecompiledModules -clang-scanner-module-cache-path /tmp/kanpan-p0-main-dd/ModuleCache.noindex -sdk-module-cache-path /tmp/kanpan-p0-main-dd/ModuleCache.noindex -serialize-diagnostics -emit-dependencies -emit-module -emit-module-path /tmp/kanpan-p0-main-dd/Build/Intermediates.noindex/KanpanAccount.build/Debug-iphonesimulator/KanpanAccount.build/Objects-normal/arm64/KanpanAccount.swiftmodule -validate-clang-modules-once -clang-build-session-file /tmp/kanpan-p0-main-dd/ModuleCache.noindex/Session.modulevalidation -package-name kanpanaccount -Xcc -I/tmp/kanpan-p0-main-dd/Build/Intermediates.noindex/KanpanAccount.build/Debug-iphonesimulator/KanpanAccount.build/swift-overrides.hmap -emit-const-values -Xfrontend -const-gather-protocols-file -Xfrontend /tmp/kanpan-p0-main-dd/Build/Intermediates.noindex/KanpanAccount.build/Debug-iphonesimulator/KanpanAccount.build/Objects-normal/arm64/KanpanAccount_const_extract_protocols.json -Xcc -I/tmp/kanpan-p0-main-dd/Build/Products/Debug-iphonesimulator/include -Xcc -I/tmp/kanpan-p0-main-dd/Build/Intermediates.noindex/KanpanAccount.build/Debug-iphonesimulator/KanpanAccount.build/DerivedSources-normal/arm64 -Xcc -I/tmp/kanpan-p0-main-dd/Build/Intermediates.noindex/KanpanAccount.build/Debug-iphonesimulator/KanpanAccount.build/DerivedSources/arm64 -Xcc -I/tmp/kanpan-p0-main-dd/Build/Intermediates.noindex/KanpanAccount.build/Debug-iphonesimulator/KanpanAccount.build/DerivedSources -Xcc -DSWIFT_PACKAGE -Xcc -DDEBUG\=1 -emit-objc-header -emit-objc-header-path /tmp/kanpan-p0-main-dd/Build/Intermediates.noindex/KanpanAccount.build/Debug-iphonesimulator/KanpanAccount.build/Objects-normal/arm64/KanpanAccount-Swift.h -working-directory /tmp/kanpan-p0-rework/Kanpan/KanpanTests/.swiftpm/xcode -experimental-emit-module-separately -disable-cmo

SwiftEmitModule normal arm64 Emitting\ module\ for\ KanpanAccount (in target 'KanpanAccount' from project 'KanpanAccount')

EmitSwiftModule normal arm64 (in target 'KanpanAccount' from project 'KanpanAccount')
    cd /tmp/kanpan-p0-rework/Kanpan/KanpanTests/.swiftpm/xcode
    

SwiftCompile normal arm64 Compiling\ RefreshCoordinator.swift /tmp/kanpan-p0-rework/KanpanAccount/Sources/KanpanAccount/RefreshCoordinator.swift (in target 'KanpanAccount' from project 'KanpanAccount')

SwiftCompile normal arm64 /tmp/kanpan-p0-rework/KanpanAccount/Sources/KanpanAccount/RefreshCoordinator.swift (in target 'KanpanAccount' from project 'KanpanAccount')
    cd /tmp/kanpan-p0-rework/Kanpan/KanpanTests/.swiftpm/xcode
    

SwiftCompile normal arm64 Compiling\ ApplyGate.swift /tmp/kanpan-p0-rework/KanpanAccount/Sources/KanpanAccount/ApplyGate.swift (in target 'KanpanAccount' from project 'KanpanAccount')

SwiftCompile normal arm64 /tmp/kanpan-p0-rework/KanpanAccount/Sources/KanpanAccount/ApplyGate.swift (in target 'KanpanAccount' from project 'KanpanAccount')
    cd /tmp/kanpan-p0-rework/Kanpan/KanpanTests/.swiftpm/xcode
    

SwiftDriverJobDiscovery normal arm64 Compiling RefreshCoordinator.swift (in target 'KanpanAccount' from project 'KanpanAccount')

SwiftCompile normal arm64 Compiling\ SyncStore.swift /tmp/kanpan-p0-rework/KanpanAccount/Sources/KanpanAccount/SyncStore.swift (in target 'KanpanAccount' from project 'KanpanAccount')
SwiftCompile normal arm64 /tmp/kanpan-p0-rework/KanpanAccount/Sources/KanpanAccount/SyncStore.swift (in target 'KanpanAccount' from project 'KanpanAccount')
    cd /tmp/kanpan-p0-rework/Kanpan/KanpanTests/.swiftpm/xcode
    

SwiftDriverJobDiscovery normal arm64 Emitting module for KanpanAccount (in target 'KanpanAccount' from project 'KanpanAccount')

SwiftDriver\ Compilation\ Requirements KanpanAccount normal arm64 com.apple.xcode.tools.swift.compiler (in target 'KanpanAccount' from project 'KanpanAccount')
    cd /tmp/kanpan-p0-rework/Kanpan/KanpanTests/.swiftpm/xcode
    builtin-Swift-Compilation-Requirements -- /Applications/Xcode.app/Contents/Developer/Toolchains/XcodeDefault.xctoolchain/usr/bin/swiftc -module-name KanpanAccount -Onone @/tmp/kanpan-p0-main-dd/Build/Intermediates.noindex/KanpanAccount.build/Debug-iphonesimulator/KanpanAccount.build/Objects-normal/arm64/KanpanAccount.SwiftFileList -DSWIFT_PACKAGE -DDEBUG -DSWIFT_MODULE_RESOURCE_BUNDLE_UNAVAILABLE -DXcode -plugin-path /Applications/Xcode.app/Contents/Developer/Toolchains/XcodeDefault.xctoolchain/usr/lib/swift/host/plugins/testing -enable-experimental-feature DebugDescriptionMacro -sdk /Applications/Xcode.app/Contents/Developer/Platforms/iPhoneSimulator.platform/Developer/SDKs/iPhoneSimulator26.5.sdk -target arm64-apple-ios26.0-simulator -g -module-cache-path /tmp/kanpan-p0-main-dd/ModuleCache.noindex -Xfrontend -serialize-debugging-options -profile-coverage-mapping -profile-generate -enable-testing -suppress-warnings -index-store-path /tmp/kanpan-p0-main-dd/Index.noindex/DataStore -Xcc -D_LIBCPP_HARDENING_MODE\=_LIBCPP_HARDENING_MODE_DEBUG -swift-version 6 -I /tmp/kanpan-p0-main-dd/Build/Products/Debug-iphonesimulator -Isystem /Applications/Xcode.app/Contents/Developer/Platforms/iPhoneSimulator.platform/Developer/usr/lib -F /tmp/kanpan-p0-main-dd/Build/Products/Debug-iphonesimulator -F /Applications/Xcode.app/Contents/Developer/Platforms/iPhoneSimulator.platform/Developer/Library/Frameworks -F /Applications/Xcode.app/Contents/Developer/Platforms/iPhoneSimulator.platform/Developer/SDKs/iPhoneSimulator26.5.sdk/Developer/Library/Frameworks -c -j10 -enable-batch-mode -incremental -Xcc -ivfsstatcache -Xcc /tmp/kanpan-p0-main-dd/SDKStatCaches.noindex/iphonesimulator26.5-23F81a-6cfe768891a92b912361537c460fe42b.sdkstatcache -output-file-map /tmp/kanpan-p0-main-dd/Build/Intermediates.noindex/KanpanAccount.build/Debug-iphonesimulator/KanpanAccount.build/Objects-normal/arm64/KanpanAccount-OutputFileMap.json -use-frontend-parseable-output -save-temps -no-color-diagnostics -explicit-module-build -module-cache-path /tmp/kanpan-p0-main-dd/Build/Intermediates.noindex/SwiftExplicitPrecompiledModules -clang-scanner-module-cache-path /tmp/kanpan-p0-main-dd/ModuleCache.noindex -sdk-module-cache-path /tmp/kanpan-p0-main-dd/ModuleCache.noindex -serialize-diagnostics -emit-dependencies -emit-module -emit-module-path /tmp/kanpan-p0-main-dd/Build/Intermediates.noindex/KanpanAccount.build/Debug-iphonesimulator/KanpanAccount.build/Objects-normal/arm64/KanpanAccount.swiftmodule -validate-clang-modules-once -clang-build-session-file /tmp/kanpan-p0-main-dd/ModuleCache.noindex/Session.modulevalidation -package-name kanpanaccount -Xcc -I/tmp/kanpan-p0-main-dd/Build/Intermediates.noindex/KanpanAccount.build/Debug-iphonesimulator/KanpanAccount.build/swift-overrides.hmap -emit-const-values -Xfrontend -const-gather-protocols-file -Xfrontend /tmp/kanpan-p0-main-dd/Build/Intermediates.noindex/KanpanAccount.build/Debug-iphonesimulator/KanpanAccount.build/Objects-normal/arm64/KanpanAccount_const_extract_protocols.json -Xcc -I/tmp/kanpan-p0-main-dd/Build/Products/Debug-iphonesimulator/include -Xcc -I/tmp/kanpan-p0-main-dd/Build/Intermediates.noindex/KanpanAccount.build/Debug-iphonesimulator/KanpanAccount.build/DerivedSources-normal/arm64 -Xcc -I/tmp/kanpan-p0-main-dd/Build/Intermediates.noindex/KanpanAccount.build/Debug-iphonesimulator/KanpanAccount.build/DerivedSources/arm64 -Xcc -I/tmp/kanpan-p0-main-dd/Build/Intermediates.noindex/KanpanAccount.build/Debug-iphonesimulator/KanpanAccount.build/DerivedSources -Xcc -DSWIFT_PACKAGE -Xcc -DDEBUG\=1 -emit-objc-header -emit-objc-header-path /tmp/kanpan-p0-main-dd/Build/Intermediates.noindex/KanpanAccount.build/Debug-iphonesimulator/KanpanAccount.build/Objects-normal/arm64/KanpanAccount-Swift.h -working-directory /tmp/kanpan-p0-rework/Kanpan/KanpanTests/.swiftpm/xcode -experimental-emit-module-separately -disable-cmo

SwiftDriverJobDiscovery normal arm64 Compiling ApplyGate.swift (in target 'KanpanAccount' from project 'KanpanAccount')

SwiftCompile normal arm64 Compiling\ AccountFiles.swift /tmp/kanpan-p0-rework/KanpanAccount/Sources/KanpanAccount/AccountFiles.swift (in target 'KanpanAccount' from project 'KanpanAccount')

SwiftCompile normal arm64 /tmp/kanpan-p0-rework/KanpanAccount/Sources/KanpanAccount/AccountFiles.swift (in target 'KanpanAccount' from project 'KanpanAccount')
    cd /tmp/kanpan-p0-rework/Kanpan/KanpanTests/.swiftpm/xcode
    

SwiftCompile normal arm64 Compiling\ AccountClient.swift /tmp/kanpan-p0-rework/KanpanAccount/Sources/KanpanAccount/AccountClient.swift (in target 'KanpanAccount' from project 'KanpanAccount')
SwiftCompile normal arm64 /tmp/kanpan-p0-rework/KanpanAccount/Sources/KanpanAccount/AccountClient.swift (in target 'KanpanAccount' from project 'KanpanAccount')
    cd /tmp/kanpan-p0-rework/Kanpan/KanpanTests/.swiftpm/xcode
    

SwiftDriverJobDiscovery normal arm64 Compiling AccountFiles.swift (in target 'KanpanAccount' from project 'KanpanAccount')

SwiftCompile normal arm64 Compiling\ CredentialVault.swift /tmp/kanpan-p0-rework/KanpanAccount/Sources/KanpanAccount/CredentialVault.swift (in target 'KanpanAccount' from project 'KanpanAccount')
SwiftCompile normal arm64 /tmp/kanpan-p0-rework/KanpanAccount/Sources/KanpanAccount/CredentialVault.swift (in target 'KanpanAccount' from project 'KanpanAccount')
    cd /tmp/kanpan-p0-rework/Kanpan/KanpanTests/.swiftpm/xcode
    

SwiftDriverJobDiscovery normal arm64 Compiling SyncStore.swift (in target 'KanpanAccount' from project 'KanpanAccount')

SwiftCompile normal arm64 Compiling\ Models.swift /tmp/kanpan-p0-rework/KanpanAccount/Sources/KanpanAccount/Models.swift (in target 'KanpanAccount' from project 'KanpanAccount')
SwiftCompile normal arm64 /tmp/kanpan-p0-rework/KanpanAccount/Sources/KanpanAccount/Models.swift (in target 'KanpanAccount' from project 'KanpanAccount')
    cd /tmp/kanpan-p0-rework/Kanpan/KanpanTests/.swiftpm/xcode
    

SwiftDriverJobDiscovery normal arm64 Compiling AccountClient.swift (in target 'KanpanAccount' from project 'KanpanAccount')

SwiftDriverJobDiscovery normal arm64 Compiling CredentialVault.swift (in target 'KanpanAccount' from project 'KanpanAccount')

SwiftDriverJobDiscovery normal arm64 Compiling Models.swift (in target 'KanpanAccount' from project 'KanpanAccount')

SwiftDriver\ Compilation KanpanAccount normal arm64 com.apple.xcode.tools.swift.compiler (in target 'KanpanAccount' from project 'KanpanAccount')
    cd /tmp/kanpan-p0-rework/Kanpan/KanpanTests/.swiftpm/xcode
    builtin-Swift-Compilation -- /Applications/Xcode.app/Contents/Developer/Toolchains/XcodeDefault.xctoolchain/usr/bin/swiftc -module-name KanpanAccount -Onone @/tmp/kanpan-p0-main-dd/Build/Intermediates.noindex/KanpanAccount.build/Debug-iphonesimulator/KanpanAccount.build/Objects-normal/arm64/KanpanAccount.SwiftFileList -DSWIFT_PACKAGE -DDEBUG -DSWIFT_MODULE_RESOURCE_BUNDLE_UNAVAILABLE -DXcode -plugin-path /Applications/Xcode.app/Contents/Developer/Toolchains/XcodeDefault.xctoolchain/usr/lib/swift/host/plugins/testing -enable-experimental-feature DebugDescriptionMacro -sdk /Applications/Xcode.app/Contents/Developer/Platforms/iPhoneSimulator.platform/Developer/SDKs/iPhoneSimulator26.5.sdk -target arm64-apple-ios26.0-simulator -g -module-cache-path /tmp/kanpan-p0-main-dd/ModuleCache.noindex -Xfrontend -serialize-debugging-options -profile-coverage-mapping -profile-generate -enable-testing -suppress-warnings -index-store-path /tmp/kanpan-p0-main-dd/Index.noindex/DataStore -Xcc -D_LIBCPP_HARDENING_MODE\=_LIBCPP_HARDENING_MODE_DEBUG -swift-version 6 -I /tmp/kanpan-p0-main-dd/Build/Products/Debug-iphonesimulator -Isystem /Applications/Xcode.app/Contents/Developer/Platforms/iPhoneSimulator.platform/Developer/usr/lib -F /tmp/kanpan-p0-main-dd/Build/Products/Debug-iphonesimulator -F /Applications/Xcode.app/Contents/Developer/Platforms/iPhoneSimulator.platform/Developer/Library/Frameworks -F /Applications/Xcode.app/Contents/Developer/Platforms/iPhoneSimulator.platform/Developer/SDKs/iPhoneSimulator26.5.sdk/Developer/Library/Frameworks -c -j10 -enable-batch-mode -incremental -Xcc -ivfsstatcache -Xcc /tmp/kanpan-p0-main-dd/SDKStatCaches.noindex/iphonesimulator26.5-23F81a-6cfe768891a92b912361537c460fe42b.sdkstatcache -output-file-map /tmp/kanpan-p0-main-dd/Build/Intermediates.noindex/KanpanAccount.build/Debug-iphonesimulator/KanpanAccount.build/Objects-normal/arm64/KanpanAccount-OutputFileMap.json -use-frontend-parseable-output -save-temps -no-color-diagnostics -explicit-module-build -module-cache-path /tmp/kanpan-p0-main-dd/Build/Intermediates.noindex/SwiftExplicitPrecompiledModules -clang-scanner-module-cache-path /tmp/kanpan-p0-main-dd/ModuleCache.noindex -sdk-module-cache-path /tmp/kanpan-p0-main-dd/ModuleCache.noindex -serialize-diagnostics -emit-dependencies -emit-module -emit-module-path /tmp/kanpan-p0-main-dd/Build/Intermediates.noindex/KanpanAccount.build/Debug-iphonesimulator/KanpanAccount.build/Objects-normal/arm64/KanpanAccount.swiftmodule -validate-clang-modules-once -clang-build-session-file /tmp/kanpan-p0-main-dd/ModuleCache.noindex/Session.modulevalidation -package-name kanpanaccount -Xcc -I/tmp/kanpan-p0-main-dd/Build/Intermediates.noindex/KanpanAccount.build/Debug-iphonesimulator/KanpanAccount.build/swift-overrides.hmap -emit-const-values -Xfrontend -const-gather-protocols-file -Xfrontend /tmp/kanpan-p0-main-dd/Build/Intermediates.noindex/KanpanAccount.build/Debug-iphonesimulator/KanpanAccount.build/Objects-normal/arm64/KanpanAccount_const_extract_protocols.json -Xcc -I/tmp/kanpan-p0-main-dd/Build/Products/Debug-iphonesimulator/include -Xcc -I/tmp/kanpan-p0-main-dd/Build/Intermediates.noindex/KanpanAccount.build/Debug-iphonesimulator/KanpanAccount.build/DerivedSources-normal/arm64 -Xcc -I/tmp/kanpan-p0-main-dd/Build/Intermediates.noindex/KanpanAccount.build/Debug-iphonesimulator/KanpanAccount.build/DerivedSources/arm64 -Xcc -I/tmp/kanpan-p0-main-dd/Build/Intermediates.noindex/KanpanAccount.build/Debug-iphonesimulator/KanpanAccount.build/DerivedSources -Xcc -DSWIFT_PACKAGE -Xcc -DDEBUG\=1 -emit-objc-header -emit-objc-header-path /tmp/kanpan-p0-main-dd/Build/Intermediates.noindex/KanpanAccount.build/Debug-iphonesimulator/KanpanAccount.build/Objects-normal/arm64/KanpanAccount-Swift.h -working-directory /tmp/kanpan-p0-rework/Kanpan/KanpanTests/.swiftpm/xcode -experimental-emit-module-separately -disable-cmo

Ld /tmp/kanpan-p0-main-dd/Build/Products/Debug-iphonesimulator/KanpanAccount.o normal (in target 'KanpanAccount' from project 'KanpanAccount')
    cd /tmp/kanpan-p0-rework/KanpanAccount
    /Applications/Xcode.app/Contents/Developer/Toolchains/XcodeDefault.xctoolchain/usr/bin/clang -Xlinker -reproducible -target arm64-apple-ios26.0-simulator -r -isysroot /Applications/Xcode.app/Contents/Developer/Platforms/iPhoneSimulator.platform/Developer/SDKs/iPhoneSimulator26.5.sdk -O0 -w -F/tmp/kanpan-p0-main-dd/Build/Intermediates.noindex/EagerLinkingTBDs/Debug-iphonesimulator -F/tmp/kanpan-p0-main-dd/Build/Products/Debug-iphonesimulator -iframework /Applications/Xcode.app/Contents/Developer/Platforms/iPhoneSimulator.platform/Developer/Library/Frameworks -iframework /Applications/Xcode.app/Contents/Developer/Platforms/iPhoneSimulator.platform/Developer/SDKs/iPhoneSimulator26.5.sdk/Developer/Library/Frameworks -filelist /tmp/kanpan-p0-main-dd/Build/Intermediates.noindex/KanpanAccount.build/Debug-iphonesimulator/KanpanAccount.build/Objects-normal/arm64/KanpanAccount.LinkFileList -nostdlib -Xlinker -object_path_lto -Xlinker /tmp/kanpan-p0-main-dd/Build/Intermediates.noindex/KanpanAccount.build/Debug-iphonesimulator/KanpanAccount.build/Objects-normal/arm64/KanpanAccount_lto.o -Xlinker -no_deduplicate -Xlinker -objc_abi_version -Xlinker 2 -Xlinker -debug_variant -Xlinker -dependency_info -Xlinker /tmp/kanpan-p0-main-dd/Build/Intermediates.noindex/KanpanAccount.build/Debug-iphonesimulator/KanpanAccount.build/Objects-normal/arm64/KanpanAccount_dependency_info.dat -fobjc-link-runtime -L/Applications/Xcode.app/Contents/Developer/Toolchains/XcodeDefault.xctoolchain/usr/lib/swift/iphonesimulator -L/usr/lib/swift -Xlinker -add_ast_path -Xlinker /tmp/kanpan-p0-main-dd/Build/Intermediates.noindex/KanpanAccount.build/Debug-iphonesimulator/KanpanAccount.build/Objects-normal/arm64/KanpanAccount.swiftmodule @/tmp/kanpan-p0-main-dd/Build/Intermediates.noindex/KanpanAccount.build/Debug-iphonesimulator/KanpanAccount.build/Objects-normal/arm64/KanpanAccount-linker-args.resp -o /tmp/kanpan-p0-main-dd/Build/Products/Debug-iphonesimulator/KanpanAccount.o

Copy /tmp/kanpan-p0-main-dd/Build/Products/Debug-iphonesimulator/KanpanAccount.swiftmodule/arm64-apple-ios-simulator.swiftmodule /tmp/kanpan-p0-main-dd/Build/Intermediates.noindex/KanpanAccount.build/Debug-iphonesimulator/KanpanAccount.build/Objects-normal/arm64/KanpanAccount.swiftmodule (in target 'KanpanAccount' from project 'KanpanAccount')
    cd /tmp/kanpan-p0-rework/KanpanAccount
    builtin-copy -exclude .DS_Store -exclude CVS -exclude .svn -exclude .git -exclude .hg -resolve-src-symlinks -rename /tmp/kanpan-p0-main-dd/Build/Intermediates.noindex/KanpanAccount.build/Debug-iphonesimulator/KanpanAccount.build/Objects-normal/arm64/KanpanAccount.swiftmodule /tmp/kanpan-p0-main-dd/Build/Products/Debug-iphonesimulator/KanpanAccount.swiftmodule/arm64-apple-ios-simulator.swiftmodule

Copy /tmp/kanpan-p0-main-dd/Build/Products/Debug-iphonesimulator/KanpanAccount.swiftmodule/arm64-apple-ios-simulator.abi.json /tmp/kanpan-p0-main-dd/Build/Intermediates.noindex/KanpanAccount.build/Debug-iphonesimulator/KanpanAccount.build/Objects-normal/arm64/KanpanAccount.abi.json (in target 'KanpanAccount' from project 'KanpanAccount')
    cd /tmp/kanpan-p0-rework/KanpanAccount
    builtin-copy -exclude .DS_Store -exclude CVS -exclude .svn -exclude .git -exclude .hg -resolve-src-symlinks -rename /tmp/kanpan-p0-main-dd/Build/Intermediates.noindex/KanpanAccount.build/Debug-iphonesimulator/KanpanAccount.build/Objects-normal/arm64/KanpanAccount.abi.json /tmp/kanpan-p0-main-dd/Build/Products/Debug-iphonesimulator/KanpanAccount.swiftmodule/arm64-apple-ios-simulator.abi.json

Copy /tmp/kanpan-p0-main-dd/Build/Products/Debug-iphonesimulator/KanpanAccount.swiftmodule/Project/arm64-apple-ios-simulator.swiftsourceinfo /tmp/kanpan-p0-main-dd/Build/Intermediates.noindex/KanpanAccount.build/Debug-iphonesimulator/KanpanAccount.build/Objects-normal/arm64/KanpanAccount.swiftsourceinfo (in target 'KanpanAccount' from project 'KanpanAccount')
    cd /tmp/kanpan-p0-rework/KanpanAccount
    builtin-copy -exclude .DS_Store -exclude CVS -exclude .svn -exclude .git -exclude .hg -resolve-src-symlinks -rename /tmp/kanpan-p0-main-dd/Build/Intermediates.noindex/KanpanAccount.build/Debug-iphonesimulator/KanpanAccount.build/Objects-normal/arm64/KanpanAccount.swiftsourceinfo /tmp/kanpan-p0-main-dd/Build/Products/Debug-iphonesimulator/KanpanAccount.swiftmodule/Project/arm64-apple-ios-simulator.swiftsourceinfo

ExtractAppIntentsMetadata (in target 'KanpanAccount' from project 'KanpanAccount')
    cd /tmp/kanpan-p0-rework/KanpanAccount
    /Applications/Xcode.app/Contents/Developer/Toolchains/XcodeDefault.xctoolchain/usr/bin/appintentsmetadataprocessor --toolchain-dir /Applications/Xcode.app/Contents/Developer/Toolchains/XcodeDefault.xctoolchain --module-name KanpanAccount --sdk-root /Applications/Xcode.app/Contents/Developer/Platforms/iPhoneSimulator.platform/Developer/SDKs/iPhoneSimulator26.5.sdk --xcode-version 17F113 --platform-family iOS --deployment-target 26.0 --bundle-identifier kanpanaccount.KanpanAccount --output /tmp/kanpan-p0-main-dd/Build/Products/Debug-iphonesimulator/KanpanAccount.appintents --target-triple arm64-apple-ios26.0-simulator --binary-file /tmp/kanpan-p0-main-dd/Build/Products/Debug-iphonesimulator/KanpanAccount.o --dependency-file /tmp/kanpan-p0-main-dd/Build/Intermediates.noindex/KanpanAccount.build/Debug-iphonesimulator/KanpanAccount.build/Objects-normal/arm64/KanpanAccount_dependency_info.dat --stringsdata-file /tmp/kanpan-p0-main-dd/Build/Intermediates.noindex/KanpanAccount.build/Debug-iphonesimulator/KanpanAccount.build/Objects-normal/arm64/ExtractedAppShortcutsMetadata.stringsdata --source-file-list /tmp/kanpan-p0-main-dd/Build/Intermediates.noindex/KanpanAccount.build/Debug-iphonesimulator/KanpanAccount.build/Objects-normal/arm64/KanpanAccount.SwiftFileList --metadata-file-list /tmp/kanpan-p0-main-dd/Build/Intermediates.noindex/KanpanAccount.build/Debug-iphonesimulator/KanpanAccount.build/KanpanAccount.DependencyMetadataFileList --static-metadata-file-list /tmp/kanpan-p0-main-dd/Build/Intermediates.noindex/KanpanAccount.build/Debug-iphonesimulator/KanpanAccount.build/KanpanAccount.DependencyStaticMetadataFileList --swift-const-vals-list /tmp/kanpan-p0-main-dd/Build/Intermediates.noindex/KanpanAccount.build/Debug-iphonesimulator/KanpanAccount.build/Objects-normal/arm64/KanpanAccount.SwiftConstValuesFileList --force --compile-time-extraction --deployment-aware-processing --validate-assistant-intents --no-app-shortcuts-localization
2026-09-22 12:57:15.214 appintentsmetadataprocessor[35043:3580055] Starting appintentsmetadataprocessor export
2026-09-22 12:57:15.310 appintentsmetadataprocessor[35043:3580055] Extracted no relevant App Intents symbols, skipping writing output

WriteAuxiliaryFile /tmp/kanpan-p0-main-dd/Build/Intermediates.noindex/KanpanNetwork.build/Debug-iphonesimulator/KanpanNetwork.build/Objects-normal/arm64/KanpanNetwork.SwiftFileList (in target 'KanpanNetwork' from project 'KanpanNetwork')
    cd /tmp/kanpan-p0-rework/KanpanNetwork
    write-file /tmp/kanpan-p0-main-dd/Build/Intermediates.noindex/KanpanNetwork.build/Debug-iphonesimulator/KanpanNetwork.build/Objects-normal/arm64/KanpanNetwork.SwiftFileList

WriteAuxiliaryFile /tmp/kanpan-p0-main-dd/Build/Intermediates.noindex/KanpanMain.build/Debug-iphonesimulator/KanpanMainTests.build/Objects-normal/arm64/KanpanMainTests.SwiftFileList (in target 'KanpanMainTests' from project 'KanpanMain')
    cd /tmp/kanpan-p0-rework/Kanpan/KanpanTests
    write-file /tmp/kanpan-p0-main-dd/Build/Intermediates.noindex/KanpanMain.build/Debug-iphonesimulator/KanpanMainTests.build/Objects-normal/arm64/KanpanMainTests.SwiftFileList

WriteAuxiliaryFile /tmp/kanpan-p0-main-dd/Build/Intermediates.noindex/KanpanMain.build/Debug-iphonesimulator/KanpanMain.build/Objects-normal/arm64/KanpanMain.SwiftFileList (in target 'KanpanMain' from project 'KanpanMain')
    cd /tmp/kanpan-p0-rework/Kanpan/KanpanTests
    write-file /tmp/kanpan-p0-main-dd/Build/Intermediates.noindex/KanpanMain.build/Debug-iphonesimulator/KanpanMain.build/Objects-normal/arm64/KanpanMain.SwiftFileList

WriteAuxiliaryFile /tmp/kanpan-p0-main-dd/Build/Intermediates.noindex/KanpanData.build/Debug-iphonesimulator/KanpanData.build/Objects-normal/arm64/KanpanData.SwiftFileList (in target 'KanpanData' from project 'KanpanData')
    cd /tmp/kanpan-p0-rework/KanpanData
    write-file /tmp/kanpan-p0-main-dd/Build/Intermediates.noindex/KanpanData.build/Debug-iphonesimulator/KanpanData.build/Objects-normal/arm64/KanpanData.SwiftFileList

WriteAuxiliaryFile /tmp/kanpan-p0-main-dd/Build/Intermediates.noindex/KanpanNetwork.build/Debug-iphonesimulator/KanpanNetwork.build/Objects-normal/arm64/KanpanNetwork-OutputFileMap.json (in target 'KanpanNetwork' from project 'KanpanNetwork')
    cd /tmp/kanpan-p0-rework/KanpanNetwork
    write-file /tmp/kanpan-p0-main-dd/Build/Intermediates.noindex/KanpanNetwork.build/Debug-iphonesimulator/KanpanNetwork.build/Objects-normal/arm64/KanpanNetwork-OutputFileMap.json

WriteAuxiliaryFile /tmp/kanpan-p0-main-dd/Build/Intermediates.noindex/KanpanMain.build/Debug-iphonesimulator/KanpanMainTests.build/Objects-normal/arm64/KanpanMainTests-OutputFileMap.json (in target 'KanpanMainTests' from project 'KanpanMain')
    cd /tmp/kanpan-p0-rework/Kanpan/KanpanTests
    write-file /tmp/kanpan-p0-main-dd/Build/Intermediates.noindex/KanpanMain.build/Debug-iphonesimulator/KanpanMainTests.build/Objects-normal/arm64/KanpanMainTests-OutputFileMap.json

WriteAuxiliaryFile /tmp/kanpan-p0-main-dd/Build/Intermediates.noindex/KanpanMain.build/Debug-iphonesimulator/KanpanMain.build/Objects-normal/arm64/KanpanMain-OutputFileMap.json (in target 'KanpanMain' from project 'KanpanMain')
    cd /tmp/kanpan-p0-rework/Kanpan/KanpanTests
    write-file /tmp/kanpan-p0-main-dd/Build/Intermediates.noindex/KanpanMain.build/Debug-iphonesimulator/KanpanMain.build/Objects-normal/arm64/KanpanMain-OutputFileMap.json

WriteAuxiliaryFile /tmp/kanpan-p0-main-dd/Build/Intermediates.noindex/KanpanData.build/Debug-iphonesimulator/KanpanData.build/Objects-normal/arm64/KanpanData-OutputFileMap.json (in target 'KanpanData' from project 'KanpanData')
    cd /tmp/kanpan-p0-rework/KanpanData
    write-file /tmp/kanpan-p0-main-dd/Build/Intermediates.noindex/KanpanData.build/Debug-iphonesimulator/KanpanData.build/Objects-normal/arm64/KanpanData-OutputFileMap.json

WriteAuxiliaryFile /tmp/kanpan-p0-main-dd/Build/Intermediates.noindex/KanpanCore.build/Debug-iphonesimulator/KanpanCore.build/Objects-normal/arm64/KanpanCore.SwiftFileList (in target 'KanpanCore' from project 'KanpanCore')
    cd /tmp/kanpan-p0-rework/KanpanCore
    write-file /tmp/kanpan-p0-main-dd/Build/Intermediates.noindex/KanpanCore.build/Debug-iphonesimulator/KanpanCore.build/Objects-normal/arm64/KanpanCore.SwiftFileList

WriteAuxiliaryFile /tmp/kanpan-p0-main-dd/Build/Intermediates.noindex/KanpanCore.build/Debug-iphonesimulator/KanpanCore.build/Objects-normal/arm64/KanpanCore-OutputFileMap.json (in target 'KanpanCore' from project 'KanpanCore')
    cd /tmp/kanpan-p0-rework/KanpanCore
    write-file /tmp/kanpan-p0-main-dd/Build/Intermediates.noindex/KanpanCore.build/Debug-iphonesimulator/KanpanCore.build/Objects-normal/arm64/KanpanCore-OutputFileMap.json

WriteAuxiliaryFile /tmp/kanpan-p0-main-dd/Build/Intermediates.noindex/KanpanChart.build/Debug-iphonesimulator/KanpanChart.build/Objects-normal/arm64/KanpanChart.SwiftFileList (in target 'KanpanChart' from project 'KanpanChart')
    cd /tmp/kanpan-p0-rework/KanpanChart
    write-file /tmp/kanpan-p0-main-dd/Build/Intermediates.noindex/KanpanChart.build/Debug-iphonesimulator/KanpanChart.build/Objects-normal/arm64/KanpanChart.SwiftFileList

WriteAuxiliaryFile /tmp/kanpan-p0-main-dd/Build/Intermediates.noindex/KanpanChart.build/Debug-iphonesimulator/KanpanChart.build/Objects-normal/arm64/KanpanChart-OutputFileMap.json (in target 'KanpanChart' from project 'KanpanChart')
    cd /tmp/kanpan-p0-rework/KanpanChart
    write-file /tmp/kanpan-p0-main-dd/Build/Intermediates.noindex/KanpanChart.build/Debug-iphonesimulator/KanpanChart.build/Objects-normal/arm64/KanpanChart-OutputFileMap.json

SwiftDriver KanpanCore normal arm64 com.apple.xcode.tools.swift.compiler (in target 'KanpanCore' from project 'KanpanCore')
    cd /tmp/kanpan-p0-rework/Kanpan/KanpanTests/.swiftpm/xcode
    builtin-SwiftDriver -- /Applications/Xcode.app/Contents/Developer/Toolchains/XcodeDefault.xctoolchain/usr/bin/swiftc -module-name KanpanCore -Onone @/tmp/kanpan-p0-main-dd/Build/Intermediates.noindex/KanpanCore.build/Debug-iphonesimulator/KanpanCore.build/Objects-normal/arm64/KanpanCore.SwiftFileList -DSWIFT_PACKAGE -DDEBUG -DSWIFT_MODULE_RESOURCE_BUNDLE_UNAVAILABLE -DXcode -plugin-path /Applications/Xcode.app/Contents/Developer/Toolchains/XcodeDefault.xctoolchain/usr/lib/swift/host/plugins/testing -enable-experimental-feature DebugDescriptionMacro -sdk /Applications/Xcode.app/Contents/Developer/Platforms/iPhoneSimulator.platform/Developer/SDKs/iPhoneSimulator26.5.sdk -target arm64-apple-ios26.0-simulator -g -module-cache-path /tmp/kanpan-p0-main-dd/ModuleCache.noindex -Xfrontend -serialize-debugging-options -profile-coverage-mapping -profile-generate -enable-testing -suppress-warnings -index-store-path /tmp/kanpan-p0-main-dd/Index.noindex/DataStore -Xcc -D_LIBCPP_HARDENING_MODE\=_LIBCPP_HARDENING_MODE_DEBUG -swift-version 6 -I /tmp/kanpan-p0-main-dd/Build/Products/Debug-iphonesimulator -Isystem /Applications/Xcode.app/Contents/Developer/Platforms/iPhoneSimulator.platform/Developer/usr/lib -F /tmp/kanpan-p0-main-dd/Build/Products/Debug-iphonesimulator -F /Applications/Xcode.app/Contents/Developer/Platforms/iPhoneSimulator.platform/Developer/Library/Frameworks -F /Applications/Xcode.app/Contents/Developer/Platforms/iPhoneSimulator.platform/Developer/SDKs/iPhoneSimulator26.5.sdk/Developer/Library/Frameworks -c -j10 -enable-batch-mode -incremental -Xcc -ivfsstatcache -Xcc /tmp/kanpan-p0-main-dd/SDKStatCaches.noindex/iphonesimulator26.5-23F81a-6cfe768891a92b912361537c460fe42b.sdkstatcache -output-file-map /tmp/kanpan-p0-main-dd/Build/Intermediates.noindex/KanpanCore.build/Debug-iphonesimulator/KanpanCore.build/Objects-normal/arm64/KanpanCore-OutputFileMap.json -use-frontend-parseable-output -save-temps -no-color-diagnostics -explicit-module-build -module-cache-path /tmp/kanpan-p0-main-dd/Build/Intermediates.noindex/SwiftExplicitPrecompiledModules -clang-scanner-module-cache-path /tmp/kanpan-p0-main-dd/ModuleCache.noindex -sdk-module-cache-path /tmp/kanpan-p0-main-dd/ModuleCache.noindex -serialize-diagnostics -emit-dependencies -emit-module -emit-module-path /tmp/kanpan-p0-main-dd/Build/Intermediates.noindex/KanpanCore.build/Debug-iphonesimulator/KanpanCore.build/Objects-normal/arm64/KanpanCore.swiftmodule -validate-clang-modules-once -clang-build-session-file /tmp/kanpan-p0-main-dd/ModuleCache.noindex/Session.modulevalidation -package-name kanpancore -Xcc -I/tmp/kanpan-p0-main-dd/Build/Intermediates.noindex/KanpanCore.build/Debug-iphonesimulator/KanpanCore.build/swift-overrides.hmap -emit-const-values -Xfrontend -const-gather-protocols-file -Xfrontend /tmp/kanpan-p0-main-dd/Build/Intermediates.noindex/KanpanCore.build/Debug-iphonesimulator/KanpanCore.build/Objects-normal/arm64/KanpanCore_const_extract_protocols.json -Xcc -I/tmp/kanpan-p0-main-dd/Build/Products/Debug-iphonesimulator/include -Xcc -I/tmp/kanpan-p0-main-dd/Build/Intermediates.noindex/KanpanCore.build/Debug-iphonesimulator/KanpanCore.build/DerivedSources-normal/arm64 -Xcc -I/tmp/kanpan-p0-main-dd/Build/Intermediates.noindex/KanpanCore.build/Debug-iphonesimulator/KanpanCore.build/DerivedSources/arm64 -Xcc -I/tmp/kanpan-p0-main-dd/Build/Intermediates.noindex/KanpanCore.build/Debug-iphonesimulator/KanpanCore.build/DerivedSources -Xcc -DSWIFT_PACKAGE -Xcc -DDEBUG\=1 -emit-objc-header -emit-objc-header-path /tmp/kanpan-p0-main-dd/Build/Intermediates.noindex/KanpanCore.build/Debug-iphonesimulator/KanpanCore.build/Objects-normal/arm64/KanpanCore-Swift.h -working-directory /tmp/kanpan-p0-rework/Kanpan/KanpanTests/.swiftpm/xcode -experimental-emit-module-separately -disable-cmo

RegisterExecutionPolicyException /tmp/kanpan-p0-main-dd/Build/Products/Debug-iphonesimulator/KanpanAccount.o (in target 'KanpanAccount' from project 'KanpanAccount')
    cd /tmp/kanpan-p0-rework/KanpanAccount
    builtin-RegisterExecutionPolicyException /tmp/kanpan-p0-main-dd/Build/Products/Debug-iphonesimulator/KanpanAccount.o

SwiftEmitModule normal arm64 Emitting\ module\ for\ KanpanCore (in target 'KanpanCore' from project 'KanpanCore')

EmitSwiftModule normal arm64 (in target 'KanpanCore' from project 'KanpanCore')
    cd /tmp/kanpan-p0-rework/Kanpan/KanpanTests/.swiftpm/xcode
    

SwiftCompile normal arm64 Compiling\ Aggregator.swift,\ Bar.swift,\ BarSeries.swift,\ ChangeBasis.swift /tmp/kanpan-p0-rework/KanpanCore/Sources/KanpanCore/Model/Aggregator.swift /tmp/kanpan-p0-rework/KanpanCore/Sources/KanpanCore/Model/Bar.swift /tmp/kanpan-p0-rework/KanpanCore/Sources/KanpanCore/Model/BarSeries.swift /tmp/kanpan-p0-rework/KanpanCore/Sources/KanpanCore/Model/ChangeBasis.swift (in target 'KanpanCore' from project 'KanpanCore')
SwiftCompile normal arm64 /tmp/kanpan-p0-rework/KanpanCore/Sources/KanpanCore/Model/Aggregator.swift (in target 'KanpanCore' from project 'KanpanCore')
    cd /tmp/kanpan-p0-rework/Kanpan/KanpanTests/.swiftpm/xcode
    

SwiftCompile normal arm64 /tmp/kanpan-p0-rework/KanpanCore/Sources/KanpanCore/Model/Bar.swift (in target 'KanpanCore' from project 'KanpanCore')
    cd /tmp/kanpan-p0-rework/Kanpan/KanpanTests/.swiftpm/xcode
    

SwiftCompile normal arm64 /tmp/kanpan-p0-rework/KanpanCore/Sources/KanpanCore/Model/BarSeries.swift (in target 'KanpanCore' from project 'KanpanCore')
    cd /tmp/kanpan-p0-rework/Kanpan/KanpanTests/.swiftpm/xcode
    

SwiftCompile normal arm64 /tmp/kanpan-p0-rework/KanpanCore/Sources/KanpanCore/Model/ChangeBasis.swift (in target 'KanpanCore' from project 'KanpanCore')
    cd /tmp/kanpan-p0-rework/Kanpan/KanpanTests/.swiftpm/xcode
    

SwiftCompile normal arm64 Compiling\ HeikinAshi.swift,\ Interval.swift,\ LatestQuote.swift,\ MarkPriceTick.swift /tmp/kanpan-p0-rework/KanpanCore/Sources/KanpanCore/Model/HeikinAshi.swift /tmp/kanpan-p0-rework/KanpanCore/Sources/KanpanCore/Model/Interval.swift /tmp/kanpan-p0-rework/KanpanCore/Sources/KanpanCore/Model/LatestQuote.swift /tmp/kanpan-p0-rework/KanpanCore/Sources/KanpanCore/Model/MarkPriceTick.swift (in target 'KanpanCore' from project 'KanpanCore')
SwiftCompile normal arm64 /tmp/kanpan-p0-rework/KanpanCore/Sources/KanpanCore/Model/HeikinAshi.swift (in target 'KanpanCore' from project 'KanpanCore')
    cd /tmp/kanpan-p0-rework/Kanpan/KanpanTests/.swiftpm/xcode
    

SwiftCompile normal arm64 /tmp/kanpan-p0-rework/KanpanCore/Sources/KanpanCore/Model/Interval.swift (in target 'KanpanCore' from project 'KanpanCore')
    cd /tmp/kanpan-p0-rework/Kanpan/KanpanTests/.swiftpm/xcode
    

SwiftCompile normal arm64 /tmp/kanpan-p0-rework/KanpanCore/Sources/KanpanCore/Model/LatestQuote.swift (in target 'KanpanCore' from project 'KanpanCore')
    cd /tmp/kanpan-p0-rework/Kanpan/KanpanTests/.swiftpm/xcode
    

SwiftCompile normal arm64 /tmp/kanpan-p0-rework/KanpanCore/Sources/KanpanCore/Model/MarkPriceTick.swift (in target 'KanpanCore' from project 'KanpanCore')
    cd /tmp/kanpan-p0-rework/Kanpan/KanpanTests/.swiftpm/xcode
    

SwiftDriverJobDiscovery normal arm64 Emitting module for KanpanCore (in target 'KanpanCore' from project 'KanpanCore')

SwiftDriver\ Compilation\ Requirements KanpanCore normal arm64 com.apple.xcode.tools.swift.compiler (in target 'KanpanCore' from project 'KanpanCore')
    cd /tmp/kanpan-p0-rework/Kanpan/KanpanTests/.swiftpm/xcode
    builtin-Swift-Compilation-Requirements -- /Applications/Xcode.app/Contents/Developer/Toolchains/XcodeDefault.xctoolchain/usr/bin/swiftc -module-name KanpanCore -Onone @/tmp/kanpan-p0-main-dd/Build/Intermediates.noindex/KanpanCore.build/Debug-iphonesimulator/KanpanCore.build/Objects-normal/arm64/KanpanCore.SwiftFileList -DSWIFT_PACKAGE -DDEBUG -DSWIFT_MODULE_RESOURCE_BUNDLE_UNAVAILABLE -DXcode -plugin-path /Applications/Xcode.app/Contents/Developer/Toolchains/XcodeDefault.xctoolchain/usr/lib/swift/host/plugins/testing -enable-experimental-feature DebugDescriptionMacro -sdk /Applications/Xcode.app/Contents/Developer/Platforms/iPhoneSimulator.platform/Developer/SDKs/iPhoneSimulator26.5.sdk -target arm64-apple-ios26.0-simulator -g -module-cache-path /tmp/kanpan-p0-main-dd/ModuleCache.noindex -Xfrontend -serialize-debugging-options -profile-coverage-mapping -profile-generate -enable-testing -suppress-warnings -index-store-path /tmp/kanpan-p0-main-dd/Index.noindex/DataStore -Xcc -D_LIBCPP_HARDENING_MODE\=_LIBCPP_HARDENING_MODE_DEBUG -swift-version 6 -I /tmp/kanpan-p0-main-dd/Build/Products/Debug-iphonesimulator -Isystem /Applications/Xcode.app/Contents/Developer/Platforms/iPhoneSimulator.platform/Developer/usr/lib -F /tmp/kanpan-p0-main-dd/Build/Products/Debug-iphonesimulator -F /Applications/Xcode.app/Contents/Developer/Platforms/iPhoneSimulator.platform/Developer/Library/Frameworks -F /Applications/Xcode.app/Contents/Developer/Platforms/iPhoneSimulator.platform/Developer/SDKs/iPhoneSimulator26.5.sdk/Developer/Library/Frameworks -c -j10 -enable-batch-mode -incremental -Xcc -ivfsstatcache -Xcc /tmp/kanpan-p0-main-dd/SDKStatCaches.noindex/iphonesimulator26.5-23F81a-6cfe768891a92b912361537c460fe42b.sdkstatcache -output-file-map /tmp/kanpan-p0-main-dd/Build/Intermediates.noindex/KanpanCore.build/Debug-iphonesimulator/KanpanCore.build/Objects-normal/arm64/KanpanCore-OutputFileMap.json -use-frontend-parseable-output -save-temps -no-color-diagnostics -explicit-module-build -module-cache-path /tmp/kanpan-p0-main-dd/Build/Intermediates.noindex/SwiftExplicitPrecompiledModules -clang-scanner-module-cache-path /tmp/kanpan-p0-main-dd/ModuleCache.noindex -sdk-module-cache-path /tmp/kanpan-p0-main-dd/ModuleCache.noindex -serialize-diagnostics -emit-dependencies -emit-module -emit-module-path /tmp/kanpan-p0-main-dd/Build/Intermediates.noindex/KanpanCore.build/Debug-iphonesimulator/KanpanCore.build/Objects-normal/arm64/KanpanCore.swiftmodule -validate-clang-modules-once -clang-build-session-file /tmp/kanpan-p0-main-dd/ModuleCache.noindex/Session.modulevalidation -package-name kanpancore -Xcc -I/tmp/kanpan-p0-main-dd/Build/Intermediates.noindex/KanpanCore.build/Debug-iphonesimulator/KanpanCore.build/swift-overrides.hmap -emit-const-values -Xfrontend -const-gather-protocols-file -Xfrontend /tmp/kanpan-p0-main-dd/Build/Intermediates.noindex/KanpanCore.build/Debug-iphonesimulator/KanpanCore.build/Objects-normal/arm64/KanpanCore_const_extract_protocols.json -Xcc -I/tmp/kanpan-p0-main-dd/Build/Products/Debug-iphonesimulator/include -Xcc -I/tmp/kanpan-p0-main-dd/Build/Intermediates.noindex/KanpanCore.build/Debug-iphonesimulator/KanpanCore.build/DerivedSources-normal/arm64 -Xcc -I/tmp/kanpan-p0-main-dd/Build/Intermediates.noindex/KanpanCore.build/Debug-iphonesimulator/KanpanCore.build/DerivedSources/arm64 -Xcc -I/tmp/kanpan-p0-main-dd/Build/Intermediates.noindex/KanpanCore.build/Debug-iphonesimulator/KanpanCore.build/DerivedSources -Xcc -DSWIFT_PACKAGE -Xcc -DDEBUG\=1 -emit-objc-header -emit-objc-header-path /tmp/kanpan-p0-main-dd/Build/Intermediates.noindex/KanpanCore.build/Debug-iphonesimulator/KanpanCore.build/Objects-normal/arm64/KanpanCore-Swift.h -working-directory /tmp/kanpan-p0-rework/Kanpan/KanpanTests/.swiftpm/xcode -experimental-emit-module-separately -disable-cmo

SwiftDriverJobDiscovery normal arm64 Compiling Aggregator.swift, Bar.swift, BarSeries.swift, ChangeBasis.swift (in target 'KanpanCore' from project 'KanpanCore')

SwiftCompile normal arm64 Compiling\ DrawEdit.swift,\ DrawGeometry.swift,\ DrawRegression.swift,\ DrawStore.swift,\ DrawVolume.swift /tmp/kanpan-p0-rework/KanpanCore/Sources/KanpanCore/Drawing/DrawEdit.swift /tmp/kanpan-p0-rework/KanpanCore/Sources/KanpanCore/Drawing/DrawGeometry.swift /tmp/kanpan-p0-rework/KanpanCore/Sources/KanpanCore/Drawing/DrawRegression.swift /tmp/kanpan-p0-rework/KanpanCore/Sources/KanpanCore/Drawing/DrawStore.swift /tmp/kanpan-p0-rework/KanpanCore/Sources/KanpanCore/Drawing/DrawVolume.swift (in target 'KanpanCore' from project 'KanpanCore')
SwiftCompile normal arm64 /tmp/kanpan-p0-rework/KanpanCore/Sources/KanpanCore/Drawing/DrawEdit.swift (in target 'KanpanCore' from project 'KanpanCore')
    cd /tmp/kanpan-p0-rework/Kanpan/KanpanTests/.swiftpm/xcode
    

SwiftCompile normal arm64 /tmp/kanpan-p0-rework/KanpanCore/Sources/KanpanCore/Drawing/DrawGeometry.swift (in target 'KanpanCore' from project 'KanpanCore')
    cd /tmp/kanpan-p0-rework/Kanpan/KanpanTests/.swiftpm/xcode
    

SwiftCompile normal arm64 /tmp/kanpan-p0-rework/KanpanCore/Sources/KanpanCore/Drawing/DrawRegression.swift (in target 'KanpanCore' from project 'KanpanCore')
    cd /tmp/kanpan-p0-rework/Kanpan/KanpanTests/.swiftpm/xcode
    

SwiftCompile normal arm64 /tmp/kanpan-p0-rework/KanpanCore/Sources/KanpanCore/Drawing/DrawStore.swift (in target 'KanpanCore' from project 'KanpanCore')
    cd /tmp/kanpan-p0-rework/Kanpan/KanpanTests/.swiftpm/xcode
    

SwiftCompile normal arm64 /tmp/kanpan-p0-rework/KanpanCore/Sources/KanpanCore/Drawing/DrawVolume.swift (in target 'KanpanCore' from project 'KanpanCore')
    cd /tmp/kanpan-p0-rework/Kanpan/KanpanTests/.swiftpm/xcode
    

Copy /tmp/kanpan-p0-main-dd/Build/Products/Debug-iphonesimulator/KanpanCore.swiftmodule/Project/arm64-apple-ios-simulator.swiftsourceinfo /tmp/kanpan-p0-main-dd/Build/Intermediates.noindex/KanpanCore.build/Debug-iphonesimulator/KanpanCore.build/Objects-normal/arm64/KanpanCore.swiftsourceinfo (in target 'KanpanCore' from project 'KanpanCore')
    cd /tmp/kanpan-p0-rework/KanpanCore
    builtin-copy -exclude .DS_Store -exclude CVS -exclude .svn -exclude .git -exclude .hg -resolve-src-symlinks -rename /tmp/kanpan-p0-main-dd/Build/Intermediates.noindex/KanpanCore.build/Debug-iphonesimulator/KanpanCore.build/Objects-normal/arm64/KanpanCore.swiftsourceinfo /tmp/kanpan-p0-main-dd/Build/Products/Debug-iphonesimulator/KanpanCore.swiftmodule/Project/arm64-apple-ios-simulator.swiftsourceinfo

SwiftDriverJobDiscovery normal arm64 Compiling HeikinAshi.swift, Interval.swift, LatestQuote.swift, MarkPriceTick.swift (in target 'KanpanCore' from project 'KanpanCore')

SwiftCompile normal arm64 Compiling\ Drawing.swift,\ Format.swift,\ ReviewLabels.swift,\ CandleWidths.swift,\ Clamp.swift /tmp/kanpan-p0-rework/KanpanCore/Sources/KanpanCore/Drawing/Drawing.swift /tmp/kanpan-p0-rework/KanpanCore/Sources/KanpanCore/Format/Format.swift /tmp/kanpan-p0-rework/KanpanCore/Sources/KanpanCore/Format/ReviewLabels.swift /tmp/kanpan-p0-rework/KanpanCore/Sources/KanpanCore/Geometry/CandleWidths.swift /tmp/kanpan-p0-rework/KanpanCore/Sources/KanpanCore/Geometry/Clamp.swift (in target 'KanpanCore' from project 'KanpanCore')

SwiftCompile normal arm64 /tmp/kanpan-p0-rework/KanpanCore/Sources/KanpanCore/Drawing/Drawing.swift (in target 'KanpanCore' from project 'KanpanCore')
    cd /tmp/kanpan-p0-rework/Kanpan/KanpanTests/.swiftpm/xcode
    

SwiftCompile normal arm64 /tmp/kanpan-p0-rework/KanpanCore/Sources/KanpanCore/Format/Format.swift (in target 'KanpanCore' from project 'KanpanCore')
    cd /tmp/kanpan-p0-rework/Kanpan/KanpanTests/.swiftpm/xcode
    

SwiftCompile normal arm64 /tmp/kanpan-p0-rework/KanpanCore/Sources/KanpanCore/Format/ReviewLabels.swift (in target 'KanpanCore' from project 'KanpanCore')
    cd /tmp/kanpan-p0-rework/Kanpan/KanpanTests/.swiftpm/xcode
    

SwiftCompile normal arm64 /tmp/kanpan-p0-rework/KanpanCore/Sources/KanpanCore/Geometry/CandleWidths.swift (in target 'KanpanCore' from project 'KanpanCore')
    cd /tmp/kanpan-p0-rework/Kanpan/KanpanTests/.swiftpm/xcode
    

SwiftCompile normal arm64 /tmp/kanpan-p0-rework/KanpanCore/Sources/KanpanCore/Geometry/Clamp.swift (in target 'KanpanCore' from project 'KanpanCore')
    cd /tmp/kanpan-p0-rework/Kanpan/KanpanTests/.swiftpm/xcode
    

Copy /tmp/kanpan-p0-main-dd/Build/Products/Debug-iphonesimulator/KanpanCore.swiftmodule/arm64-apple-ios-simulator.swiftmodule /tmp/kanpan-p0-main-dd/Build/Intermediates.noindex/KanpanCore.build/Debug-iphonesimulator/KanpanCore.build/Objects-normal/arm64/KanpanCore.swiftmodule (in target 'KanpanCore' from project 'KanpanCore')
    cd /tmp/kanpan-p0-rework/KanpanCore
    builtin-copy -exclude .DS_Store -exclude CVS -exclude .svn -exclude .git -exclude .hg -resolve-src-symlinks -rename /tmp/kanpan-p0-main-dd/Build/Intermediates.noindex/KanpanCore.build/Debug-iphonesimulator/KanpanCore.build/Objects-normal/arm64/KanpanCore.swiftmodule /tmp/kanpan-p0-main-dd/Build/Products/Debug-iphonesimulator/KanpanCore.swiftmodule/arm64-apple-ios-simulator.swiftmodule

SwiftDriverJobDiscovery normal arm64 Compiling Drawing.swift, Format.swift, ReviewLabels.swift, CandleWidths.swift, Clamp.swift (in target 'KanpanCore' from project 'KanpanCore')

Copy /tmp/kanpan-p0-main-dd/Build/Products/Debug-iphonesimulator/KanpanCore.swiftmodule/arm64-apple-ios-simulator.swiftdoc /tmp/kanpan-p0-main-dd/Build/Intermediates.noindex/KanpanCore.build/Debug-iphonesimulator/KanpanCore.build/Objects-normal/arm64/KanpanCore.swiftdoc (in target 'KanpanCore' from project 'KanpanCore')
    cd /tmp/kanpan-p0-rework/KanpanCore
    builtin-copy -exclude .DS_Store -exclude CVS -exclude .svn -exclude .git -exclude .hg -resolve-src-symlinks -rename /tmp/kanpan-p0-main-dd/Build/Intermediates.noindex/KanpanCore.build/Debug-iphonesimulator/KanpanCore.build/Objects-normal/arm64/KanpanCore.swiftdoc /tmp/kanpan-p0-main-dd/Build/Products/Debug-iphonesimulator/KanpanCore.swiftmodule/arm64-apple-ios-simulator.swiftdoc

Copy /tmp/kanpan-p0-main-dd/Build/Products/Debug-iphonesimulator/KanpanCore.swiftmodule/arm64-apple-ios-simulator.abi.json /tmp/kanpan-p0-main-dd/Build/Intermediates.noindex/KanpanCore.build/Debug-iphonesimulator/KanpanCore.build/Objects-normal/arm64/KanpanCore.abi.json (in target 'KanpanCore' from project 'KanpanCore')
    cd /tmp/kanpan-p0-rework/KanpanCore
    builtin-copy -exclude .DS_Store -exclude CVS -exclude .svn -exclude .git -exclude .hg -resolve-src-symlinks -rename /tmp/kanpan-p0-main-dd/Build/Intermediates.noindex/KanpanCore.build/Debug-iphonesimulator/KanpanCore.build/Objects-normal/arm64/KanpanCore.abi.json /tmp/kanpan-p0-main-dd/Build/Products/Debug-iphonesimulator/KanpanCore.swiftmodule/arm64-apple-ios-simulator.abi.json

SwiftCompile normal arm64 Compiling\ IndicatorID.swift,\ Indicators.swift,\ Math.swift,\ OINotice.swift /tmp/kanpan-p0-rework/KanpanCore/Sources/KanpanCore/Indicator/IndicatorID.swift /tmp/kanpan-p0-rework/KanpanCore/Sources/KanpanCore/Indicator/Indicators.swift /tmp/kanpan-p0-rework/KanpanCore/Sources/KanpanCore/Indicator/Math.swift /tmp/kanpan-p0-rework/KanpanCore/Sources/KanpanCore/Indicator/OINotice.swift (in target 'KanpanCore' from project 'KanpanCore')
SwiftCompile normal arm64 /tmp/kanpan-p0-rework/KanpanCore/Sources/KanpanCore/Indicator/IndicatorID.swift (in target 'KanpanCore' from project 'KanpanCore')
    cd /tmp/kanpan-p0-rework/Kanpan/KanpanTests/.swiftpm/xcode
    

SwiftCompile normal arm64 /tmp/kanpan-p0-rework/KanpanCore/Sources/KanpanCore/Indicator/Indicators.swift (in target 'KanpanCore' from project 'KanpanCore')
    cd /tmp/kanpan-p0-rework/Kanpan/KanpanTests/.swiftpm/xcode
    

SwiftCompile normal arm64 /tmp/kanpan-p0-rework/KanpanCore/Sources/KanpanCore/Indicator/Math.swift (in target 'KanpanCore' from project 'KanpanCore')
    cd /tmp/kanpan-p0-rework/Kanpan/KanpanTests/.swiftpm/xcode
    

SwiftCompile normal arm64 /tmp/kanpan-p0-rework/KanpanCore/Sources/KanpanCore/Indicator/OINotice.swift (in target 'KanpanCore' from project 'KanpanCore')
    cd /tmp/kanpan-p0-rework/Kanpan/KanpanTests/.swiftpm/xcode
    

SwiftDriverJobDiscovery normal arm64 Compiling DrawEdit.swift, DrawGeometry.swift, DrawRegression.swift, DrawStore.swift, DrawVolume.swift (in target 'KanpanCore' from project 'KanpanCore')

SwiftCompile normal arm64 Compiling\ Alert.swift,\ AlertEvaluator.swift,\ AlertGeometry.swift,\ AICoinBehavior.swift,\ ChartOptions.swift /tmp/kanpan-p0-rework/KanpanCore/Sources/KanpanCore/Alerts/Alert.swift /tmp/kanpan-p0-rework/KanpanCore/Sources/KanpanCore/Alerts/AlertEvaluator.swift /tmp/kanpan-p0-rework/KanpanCore/Sources/KanpanCore/Alerts/AlertGeometry.swift /tmp/kanpan-p0-rework/KanpanCore/Sources/KanpanCore/Chart/AICoinBehavior.swift /tmp/kanpan-p0-rework/KanpanCore/Sources/KanpanCore/Chart/ChartOptions.swift (in target 'KanpanCore' from project 'KanpanCore')
SwiftCompile normal arm64 /tmp/kanpan-p0-rework/KanpanCore/Sources/KanpanCore/Alerts/Alert.swift (in target 'KanpanCore' from project 'KanpanCore')
    cd /tmp/kanpan-p0-rework/Kanpan/KanpanTests/.swiftpm/xcode
    

SwiftCompile normal arm64 /tmp/kanpan-p0-rework/KanpanCore/Sources/KanpanCore/Alerts/AlertEvaluator.swift (in target 'KanpanCore' from project 'KanpanCore')
    cd /tmp/kanpan-p0-rework/Kanpan/KanpanTests/.swiftpm/xcode
    

SwiftCompile normal arm64 /tmp/kanpan-p0-rework/KanpanCore/Sources/KanpanCore/Alerts/AlertGeometry.swift (in target 'KanpanCore' from project 'KanpanCore')
    cd /tmp/kanpan-p0-rework/Kanpan/KanpanTests/.swiftpm/xcode
    

SwiftCompile normal arm64 /tmp/kanpan-p0-rework/KanpanCore/Sources/KanpanCore/Chart/AICoinBehavior.swift (in target 'KanpanCore' from project 'KanpanCore')
    cd /tmp/kanpan-p0-rework/Kanpan/KanpanTests/.swiftpm/xcode
    

SwiftCompile normal arm64 /tmp/kanpan-p0-rework/KanpanCore/Sources/KanpanCore/Chart/ChartOptions.swift (in target 'KanpanCore' from project 'KanpanCore')
    cd /tmp/kanpan-p0-rework/Kanpan/KanpanTests/.swiftpm/xcode
    

SwiftDriver KanpanNetwork normal arm64 com.apple.xcode.tools.swift.compiler (in target 'KanpanNetwork' from project 'KanpanNetwork')
    cd /tmp/kanpan-p0-rework/Kanpan/KanpanTests/.swiftpm/xcode
    builtin-SwiftDriver -- /Applications/Xcode.app/Contents/Developer/Toolchains/XcodeDefault.xctoolchain/usr/bin/swiftc -module-name KanpanNetwork -Onone @/tmp/kanpan-p0-main-dd/Build/Intermediates.noindex/KanpanNetwork.build/Debug-iphonesimulator/KanpanNetwork.build/Objects-normal/arm64/KanpanNetwork.SwiftFileList -DSWIFT_PACKAGE -DDEBUG -DSWIFT_MODULE_RESOURCE_BUNDLE_UNAVAILABLE -DXcode -plugin-path /Applications/Xcode.app/Contents/Developer/Toolchains/XcodeDefault.xctoolchain/usr/lib/swift/host/plugins/testing -enable-experimental-feature DebugDescriptionMacro -sdk /Applications/Xcode.app/Contents/Developer/Platforms/iPhoneSimulator.platform/Developer/SDKs/iPhoneSimulator26.5.sdk -target arm64-apple-ios26.0-simulator -g -module-cache-path /tmp/kanpan-p0-main-dd/ModuleCache.noindex -Xfrontend -serialize-debugging-options -profile-coverage-mapping -profile-generate -enable-testing -suppress-warnings -index-store-path /tmp/kanpan-p0-main-dd/Index.noindex/DataStore -Xcc -D_LIBCPP_HARDENING_MODE\=_LIBCPP_HARDENING_MODE_DEBUG -swift-version 6 -I /tmp/kanpan-p0-main-dd/Build/Products/Debug-iphonesimulator -Isystem /Applications/Xcode.app/Contents/Developer/Platforms/iPhoneSimulator.platform/Developer/usr/lib -F /tmp/kanpan-p0-main-dd/Build/Products/Debug-iphonesimulator/PackageFrameworks -F /tmp/kanpan-p0-main-dd/Build/Products/Debug-iphonesimulator -F /Applications/Xcode.app/Contents/Developer/Platforms/iPhoneSimulator.platform/Developer/Library/Frameworks -F /Applications/Xcode.app/Contents/Developer/Platforms/iPhoneSimulator.platform/Developer/SDKs/iPhoneSimulator26.5.sdk/Developer/Library/Frameworks -c -j10 -enable-batch-mode -incremental -Xcc -ivfsstatcache -Xcc /tmp/kanpan-p0-main-dd/SDKStatCaches.noindex/iphonesimulator26.5-23F81a-6cfe768891a92b912361537c460fe42b.sdkstatcache -output-file-map /tmp/kanpan-p0-main-dd/Build/Intermediates.noindex/KanpanNetwork.build/Debug-iphonesimulator/KanpanNetwork.build/Objects-normal/arm64/KanpanNetwork-OutputFileMap.json -use-frontend-parseable-output -save-temps -no-color-diagnostics -explicit-module-build -module-cache-path /tmp/kanpan-p0-main-dd/Build/Intermediates.noindex/SwiftExplicitPrecompiledModules -clang-scanner-module-cache-path /tmp/kanpan-p0-main-dd/ModuleCache.noindex -sdk-module-cache-path /tmp/kanpan-p0-main-dd/ModuleCache.noindex -serialize-diagnostics -emit-dependencies -emit-module -emit-module-path /tmp/kanpan-p0-main-dd/Build/Intermediates.noindex/KanpanNetwork.build/Debug-iphonesimulator/KanpanNetwork.build/Objects-normal/arm64/KanpanNetwork.swiftmodule -validate-clang-modules-once -clang-build-session-file /tmp/kanpan-p0-main-dd/ModuleCache.noindex/Session.modulevalidation -package-name kanpannetwork -Xcc -I/tmp/kanpan-p0-main-dd/Build/Intermediates.noindex/KanpanNetwork.build/Debug-iphonesimulator/KanpanNetwork.build/swift-overrides.hmap -emit-const-values -Xfrontend -const-gather-protocols-file -Xfrontend /tmp/kanpan-p0-main-dd/Build/Intermediates.noindex/KanpanNetwork.build/Debug-iphonesimulator/KanpanNetwork.build/Objects-normal/arm64/KanpanNetwork_const_extract_protocols.json -Xcc -I/tmp/kanpan-p0-main-dd/Build/Products/Debug-iphonesimulator/include -Xcc -I/tmp/kanpan-p0-main-dd/Build/Intermediates.noindex/KanpanNetwork.build/Debug-iphonesimulator/KanpanNetwork.build/DerivedSources-normal/arm64 -Xcc -I/tmp/kanpan-p0-main-dd/Build/Intermediates.noindex/KanpanNetwork.build/Debug-iphonesimulator/KanpanNetwork.build/DerivedSources/arm64 -Xcc -I/tmp/kanpan-p0-main-dd/Build/Intermediates.noindex/KanpanNetwork.build/Debug-iphonesimulator/KanpanNetwork.build/DerivedSources -Xcc -DSWIFT_PACKAGE -Xcc -DDEBUG\=1 -emit-objc-header -emit-objc-header-path /tmp/kanpan-p0-main-dd/Build/Intermediates.noindex/KanpanNetwork.build/Debug-iphonesimulator/KanpanNetwork.build/Objects-normal/arm64/KanpanNetwork-Swift.h -working-directory /tmp/kanpan-p0-rework/Kanpan/KanpanTests/.swiftpm/xcode -experimental-emit-module-separately -disable-cmo

SwiftDriverJobDiscovery normal arm64 Compiling IndicatorID.swift, Indicators.swift, Math.swift, OINotice.swift (in target 'KanpanCore' from project 'KanpanCore')

SwiftDriver KanpanChart normal arm64 com.apple.xcode.tools.swift.compiler (in target 'KanpanChart' from project 'KanpanChart')
    cd /tmp/kanpan-p0-rework/Kanpan/KanpanTests/.swiftpm/xcode
    builtin-SwiftDriver -- /Applications/Xcode.app/Contents/Developer/Toolchains/XcodeDefault.xctoolchain/usr/bin/swiftc -module-name KanpanChart -Onone @/tmp/kanpan-p0-main-dd/Build/Intermediates.noindex/KanpanChart.build/Debug-iphonesimulator/KanpanChart.build/Objects-normal/arm64/KanpanChart.SwiftFileList -DSWIFT_PACKAGE -DDEBUG -DSWIFT_MODULE_RESOURCE_BUNDLE_UNAVAILABLE -DXcode -plugin-path /Applications/Xcode.app/Contents/Developer/Toolchains/XcodeDefault.xctoolchain/usr/lib/swift/host/plugins/testing -enable-experimental-feature DebugDescriptionMacro -sdk /Applications/Xcode.app/Contents/Developer/Platforms/iPhoneSimulator.platform/Developer/SDKs/iPhoneSimulator26.5.sdk -target arm64-apple-ios26.0-simulator -g -module-cache-path /tmp/kanpan-p0-main-dd/ModuleCache.noindex -Xfrontend -serialize-debugging-options -profile-coverage-mapping -profile-generate -enable-testing -suppress-warnings -index-store-path /tmp/kanpan-p0-main-dd/Index.noindex/DataStore -Xcc -D_LIBCPP_HARDENING_MODE\=_LIBCPP_HARDENING_MODE_DEBUG -swift-version 6 -I /tmp/kanpan-p0-main-dd/Build/Products/Debug-iphonesimulator -Isystem /Applications/Xcode.app/Contents/Developer/Platforms/iPhoneSimulator.platform/Developer/usr/lib -F /tmp/kanpan-p0-main-dd/Build/Products/Debug-iphonesimulator/PackageFrameworks -F /tmp/kanpan-p0-main-dd/Build/Products/Debug-iphonesimulator -F /Applications/Xcode.app/Contents/Developer/Platforms/iPhoneSimulator.platform/Developer/Library/Frameworks -F /Applications/Xcode.app/Contents/Developer/Platforms/iPhoneSimulator.platform/Developer/SDKs/iPhoneSimulator26.5.sdk/Developer/Library/Frameworks -c -j10 -enable-batch-mode -incremental -Xcc -ivfsstatcache -Xcc /tmp/kanpan-p0-main-dd/SDKStatCaches.noindex/iphonesimulator26.5-23F81a-6cfe768891a92b912361537c460fe42b.sdkstatcache -output-file-map /tmp/kanpan-p0-main-dd/Build/Intermediates.noindex/KanpanChart.build/Debug-iphonesimulator/KanpanChart.build/Objects-normal/arm64/KanpanChart-OutputFileMap.json -use-frontend-parseable-output -save-temps -no-color-diagnostics -explicit-module-build -module-cache-path /tmp/kanpan-p0-main-dd/Build/Intermediates.noindex/SwiftExplicitPrecompiledModules -clang-scanner-module-cache-path /tmp/kanpan-p0-main-dd/ModuleCache.noindex -sdk-module-cache-path /tmp/kanpan-p0-main-dd/ModuleCache.noindex -serialize-diagnostics -emit-dependencies -emit-module -emit-module-path /tmp/kanpan-p0-main-dd/Build/Intermediates.noindex/KanpanChart.build/Debug-iphonesimulator/KanpanChart.build/Objects-normal/arm64/KanpanChart.swiftmodule -validate-clang-modules-once -clang-build-session-file /tmp/kanpan-p0-main-dd/ModuleCache.noindex/Session.modulevalidation -package-name kanpanchart -Xcc -I/tmp/kanpan-p0-main-dd/Build/Intermediates.noindex/KanpanChart.build/Debug-iphonesimulator/KanpanChart.build/swift-overrides.hmap -emit-const-values -Xfrontend -const-gather-protocols-file -Xfrontend /tmp/kanpan-p0-main-dd/Build/Intermediates.noindex/KanpanChart.build/Debug-iphonesimulator/KanpanChart.build/Objects-normal/arm64/KanpanChart_const_extract_protocols.json -Xcc -I/tmp/kanpan-p0-main-dd/Build/Products/Debug-iphonesimulator/include -Xcc -I/tmp/kanpan-p0-main-dd/Build/Intermediates.noindex/KanpanChart.build/Debug-iphonesimulator/KanpanChart.build/DerivedSources-normal/arm64 -Xcc -I/tmp/kanpan-p0-main-dd/Build/Intermediates.noindex/KanpanChart.build/Debug-iphonesimulator/KanpanChart.build/DerivedSources/arm64 -Xcc -I/tmp/kanpan-p0-main-dd/Build/Intermediates.noindex/KanpanChart.build/Debug-iphonesimulator/KanpanChart.build/DerivedSources -Xcc -DSWIFT_PACKAGE -Xcc -DDEBUG\=1 -emit-objc-header -emit-objc-header-path /tmp/kanpan-p0-main-dd/Build/Intermediates.noindex/KanpanChart.build/Debug-iphonesimulator/KanpanChart.build/Objects-normal/arm64/KanpanChart-Swift.h -working-directory /tmp/kanpan-p0-rework/Kanpan/KanpanTests/.swiftpm/xcode -experimental-emit-module-separately -disable-cmo

SwiftEmitModule normal arm64 Emitting\ module\ for\ KanpanNetwork (in target 'KanpanNetwork' from project 'KanpanNetwork')

EmitSwiftModule normal arm64 (in target 'KanpanNetwork' from project 'KanpanNetwork')
    cd /tmp/kanpan-p0-rework/Kanpan/KanpanTests/.swiftpm/xcode
    

SwiftEmitModule normal arm64 Emitting\ module\ for\ KanpanChart (in target 'KanpanChart' from project 'KanpanChart')

EmitSwiftModule normal arm64 (in target 'KanpanChart' from project 'KanpanChart')
    cd /tmp/kanpan-p0-rework/Kanpan/KanpanTests/.swiftpm/xcode
    

SwiftDriverJobDiscovery normal arm64 Emitting module for KanpanNetwork (in target 'KanpanNetwork' from project 'KanpanNetwork')

SwiftDriver\ Compilation\ Requirements KanpanNetwork normal arm64 com.apple.xcode.tools.swift.compiler (in target 'KanpanNetwork' from project 'KanpanNetwork')
    cd /tmp/kanpan-p0-rework/Kanpan/KanpanTests/.swiftpm/xcode
    builtin-Swift-Compilation-Requirements -- /Applications/Xcode.app/Contents/Developer/Toolchains/XcodeDefault.xctoolchain/usr/bin/swiftc -module-name KanpanNetwork -Onone @/tmp/kanpan-p0-main-dd/Build/Intermediates.noindex/KanpanNetwork.build/Debug-iphonesimulator/KanpanNetwork.build/Objects-normal/arm64/KanpanNetwork.SwiftFileList -DSWIFT_PACKAGE -DDEBUG -DSWIFT_MODULE_RESOURCE_BUNDLE_UNAVAILABLE -DXcode -plugin-path /Applications/Xcode.app/Contents/Developer/Toolchains/XcodeDefault.xctoolchain/usr/lib/swift/host/plugins/testing -enable-experimental-feature DebugDescriptionMacro -sdk /Applications/Xcode.app/Contents/Developer/Platforms/iPhoneSimulator.platform/Developer/SDKs/iPhoneSimulator26.5.sdk -target arm64-apple-ios26.0-simulator -g -module-cache-path /tmp/kanpan-p0-main-dd/ModuleCache.noindex -Xfrontend -serialize-debugging-options -profile-coverage-mapping -profile-generate -enable-testing -suppress-warnings -index-store-path /tmp/kanpan-p0-main-dd/Index.noindex/DataStore -Xcc -D_LIBCPP_HARDENING_MODE\=_LIBCPP_HARDENING_MODE_DEBUG -swift-version 6 -I /tmp/kanpan-p0-main-dd/Build/Products/Debug-iphonesimulator -Isystem /Applications/Xcode.app/Contents/Developer/Platforms/iPhoneSimulator.platform/Developer/usr/lib -F /tmp/kanpan-p0-main-dd/Build/Products/Debug-iphonesimulator/PackageFrameworks -F /tmp/kanpan-p0-main-dd/Build/Products/Debug-iphonesimulator -F /Applications/Xcode.app/Contents/Developer/Platforms/iPhoneSimulator.platform/Developer/Library/Frameworks -F /Applications/Xcode.app/Contents/Developer/Platforms/iPhoneSimulator.platform/Developer/SDKs/iPhoneSimulator26.5.sdk/Developer/Library/Frameworks -c -j10 -enable-batch-mode -incremental -Xcc -ivfsstatcache -Xcc /tmp/kanpan-p0-main-dd/SDKStatCaches.noindex/iphonesimulator26.5-23F81a-6cfe768891a92b912361537c460fe42b.sdkstatcache -output-file-map /tmp/kanpan-p0-main-dd/Build/Intermediates.noindex/KanpanNetwork.build/Debug-iphonesimulator/KanpanNetwork.build/Objects-normal/arm64/KanpanNetwork-OutputFileMap.json -use-frontend-parseable-output -save-temps -no-color-diagnostics -explicit-module-build -module-cache-path /tmp/kanpan-p0-main-dd/Build/Intermediates.noindex/SwiftExplicitPrecompiledModules -clang-scanner-module-cache-path /tmp/kanpan-p0-main-dd/ModuleCache.noindex -sdk-module-cache-path /tmp/kanpan-p0-main-dd/ModuleCache.noindex -serialize-diagnostics -emit-dependencies -emit-module -emit-module-path /tmp/kanpan-p0-main-dd/Build/Intermediates.noindex/KanpanNetwork.build/Debug-iphonesimulator/KanpanNetwork.build/Objects-normal/arm64/KanpanNetwork.swiftmodule -validate-clang-modules-once -clang-build-session-file /tmp/kanpan-p0-main-dd/ModuleCache.noindex/Session.modulevalidation -package-name kanpannetwork -Xcc -I/tmp/kanpan-p0-main-dd/Build/Intermediates.noindex/KanpanNetwork.build/Debug-iphonesimulator/KanpanNetwork.build/swift-overrides.hmap -emit-const-values -Xfrontend -const-gather-protocols-file -Xfrontend /tmp/kanpan-p0-main-dd/Build/Intermediates.noindex/KanpanNetwork.build/Debug-iphonesimulator/KanpanNetwork.build/Objects-normal/arm64/KanpanNetwork_const_extract_protocols.json -Xcc -I/tmp/kanpan-p0-main-dd/Build/Products/Debug-iphonesimulator/include -Xcc -I/tmp/kanpan-p0-main-dd/Build/Intermediates.noindex/KanpanNetwork.build/Debug-iphonesimulator/KanpanNetwork.build/DerivedSources-normal/arm64 -Xcc -I/tmp/kanpan-p0-main-dd/Build/Intermediates.noindex/KanpanNetwork.build/Debug-iphonesimulator/KanpanNetwork.build/DerivedSources/arm64 -Xcc -I/tmp/kanpan-p0-main-dd/Build/Intermediates.noindex/KanpanNetwork.build/Debug-iphonesimulator/KanpanNetwork.build/DerivedSources -Xcc -DSWIFT_PACKAGE -Xcc -DDEBUG\=1 -emit-objc-header -emit-objc-header-path /tmp/kanpan-p0-main-dd/Build/Intermediates.noindex/KanpanNetwork.build/Debug-iphonesimulator/KanpanNetwork.build/Objects-normal/arm64/KanpanNetwork-Swift.h -working-directory /tmp/kanpan-p0-rework/Kanpan/KanpanTests/.swiftpm/xcode -experimental-emit-module-separately -disable-cmo

SwiftDriverJobDiscovery normal arm64 Compiling Alert.swift, AlertEvaluator.swift, AlertGeometry.swift, AICoinBehavior.swift, ChartOptions.swift (in target 'KanpanCore' from project 'KanpanCore')

SwiftCompile normal arm64 Compiling\ Pacer.swift /tmp/kanpan-p0-rework/KanpanNetwork/Sources/KanpanNetwork/Transport/Pacer.swift (in target 'KanpanNetwork' from project 'KanpanNetwork')

SwiftCompile normal arm64 /tmp/kanpan-p0-rework/KanpanNetwork/Sources/KanpanNetwork/Transport/Pacer.swift (in target 'KanpanNetwork' from project 'KanpanNetwork')
    cd /tmp/kanpan-p0-rework/Kanpan/KanpanTests/.swiftpm/xcode
    

Copy /tmp/kanpan-p0-main-dd/Build/Products/Debug-iphonesimulator/KanpanNetwork.swiftmodule/Project/arm64-apple-ios-simulator.swiftsourceinfo /tmp/kanpan-p0-main-dd/Build/Intermediates.noindex/KanpanNetwork.build/Debug-iphonesimulator/KanpanNetwork.build/Objects-normal/arm64/KanpanNetwork.swiftsourceinfo (in target 'KanpanNetwork' from project 'KanpanNetwork')
    cd /tmp/kanpan-p0-rework/KanpanNetwork
    builtin-copy -exclude .DS_Store -exclude CVS -exclude .svn -exclude .git -exclude .hg -resolve-src-symlinks -rename /tmp/kanpan-p0-main-dd/Build/Intermediates.noindex/KanpanNetwork.build/Debug-iphonesimulator/KanpanNetwork.build/Objects-normal/arm64/KanpanNetwork.swiftsourceinfo /tmp/kanpan-p0-main-dd/Build/Products/Debug-iphonesimulator/KanpanNetwork.swiftmodule/Project/arm64-apple-ios-simulator.swiftsourceinfo

SwiftDriverJobDiscovery normal arm64 Compiling Pacer.swift (in target 'KanpanNetwork' from project 'KanpanNetwork')

SwiftCompile normal arm64 Compiling\ MarketSocketRouter.swift /tmp/kanpan-p0-rework/KanpanNetwork/Sources/KanpanNetwork/Transport/MarketSocketRouter.swift (in target 'KanpanNetwork' from project 'KanpanNetwork')
SwiftCompile normal arm64 /tmp/kanpan-p0-rework/KanpanNetwork/Sources/KanpanNetwork/Transport/MarketSocketRouter.swift (in target 'KanpanNetwork' from project 'KanpanNetwork')
    cd /tmp/kanpan-p0-rework/Kanpan/KanpanTests/.swiftpm/xcode
    

Copy /tmp/kanpan-p0-main-dd/Build/Products/Debug-iphonesimulator/KanpanNetwork.swiftmodule/arm64-apple-ios-simulator.swiftmodule /tmp/kanpan-p0-main-dd/Build/Intermediates.noindex/KanpanNetwork.build/Debug-iphonesimulator/KanpanNetwork.build/Objects-normal/arm64/KanpanNetwork.swiftmodule (in target 'KanpanNetwork' from project 'KanpanNetwork')
    cd /tmp/kanpan-p0-rework/KanpanNetwork
    builtin-copy -exclude .DS_Store -exclude CVS -exclude .svn -exclude .git -exclude .hg -resolve-src-symlinks -rename /tmp/kanpan-p0-main-dd/Build/Intermediates.noindex/KanpanNetwork.build/Debug-iphonesimulator/KanpanNetwork.build/Objects-normal/arm64/KanpanNetwork.swiftmodule /tmp/kanpan-p0-main-dd/Build/Products/Debug-iphonesimulator/KanpanNetwork.swiftmodule/arm64-apple-ios-simulator.swiftmodule

SwiftDriverJobDiscovery normal arm64 Emitting module for KanpanChart (in target 'KanpanChart' from project 'KanpanChart')

Copy /tmp/kanpan-p0-main-dd/Build/Products/Debug-iphonesimulator/KanpanNetwork.swiftmodule/arm64-apple-ios-simulator.abi.json /tmp/kanpan-p0-main-dd/Build/Intermediates.noindex/KanpanNetwork.build/Debug-iphonesimulator/KanpanNetwork.build/Objects-normal/arm64/KanpanNetwork.abi.json (in target 'KanpanNetwork' from project 'KanpanNetwork')
    cd /tmp/kanpan-p0-rework/KanpanNetwork
    builtin-copy -exclude .DS_Store -exclude CVS -exclude .svn -exclude .git -exclude .hg -resolve-src-symlinks -rename /tmp/kanpan-p0-main-dd/Build/Intermediates.noindex/KanpanNetwork.build/Debug-iphonesimulator/KanpanNetwork.build/Objects-normal/arm64/KanpanNetwork.abi.json /tmp/kanpan-p0-main-dd/Build/Products/Debug-iphonesimulator/KanpanNetwork.swiftmodule/arm64-apple-ios-simulator.abi.json

SwiftDriver\ Compilation\ Requirements KanpanChart normal arm64 com.apple.xcode.tools.swift.compiler (in target 'KanpanChart' from project 'KanpanChart')
    cd /tmp/kanpan-p0-rework/Kanpan/KanpanTests/.swiftpm/xcode
    builtin-Swift-Compilation-Requirements -- /Applications/Xcode.app/Contents/Developer/Toolchains/XcodeDefault.xctoolchain/usr/bin/swiftc -module-name KanpanChart -Onone @/tmp/kanpan-p0-main-dd/Build/Intermediates.noindex/KanpanChart.build/Debug-iphonesimulator/KanpanChart.build/Objects-normal/arm64/KanpanChart.SwiftFileList -DSWIFT_PACKAGE -DDEBUG -DSWIFT_MODULE_RESOURCE_BUNDLE_UNAVAILABLE -DXcode -plugin-path /Applications/Xcode.app/Contents/Developer/Toolchains/XcodeDefault.xctoolchain/usr/lib/swift/host/plugins/testing -enable-experimental-feature DebugDescriptionMacro -sdk /Applications/Xcode.app/Contents/Developer/Platforms/iPhoneSimulator.platform/Developer/SDKs/iPhoneSimulator26.5.sdk -target arm64-apple-ios26.0-simulator -g -module-cache-path /tmp/kanpan-p0-main-dd/ModuleCache.noindex -Xfrontend -serialize-debugging-options -profile-coverage-mapping -profile-generate -enable-testing -suppress-warnings -index-store-path /tmp/kanpan-p0-main-dd/Index.noindex/DataStore -Xcc -D_LIBCPP_HARDENING_MODE\=_LIBCPP_HARDENING_MODE_DEBUG -swift-version 6 -I /tmp/kanpan-p0-main-dd/Build/Products/Debug-iphonesimulator -Isystem /Applications/Xcode.app/Contents/Developer/Platforms/iPhoneSimulator.platform/Developer/usr/lib -F /tmp/kanpan-p0-main-dd/Build/Products/Debug-iphonesimulator/PackageFrameworks -F /tmp/kanpan-p0-main-dd/Build/Products/Debug-iphonesimulator -F /Applications/Xcode.app/Contents/Developer/Platforms/iPhoneSimulator.platform/Developer/Library/Frameworks -F /Applications/Xcode.app/Contents/Developer/Platforms/iPhoneSimulator.platform/Developer/SDKs/iPhoneSimulator26.5.sdk/Developer/Library/Frameworks -c -j10 -enable-batch-mode -incremental -Xcc -ivfsstatcache -Xcc /tmp/kanpan-p0-main-dd/SDKStatCaches.noindex/iphonesimulator26.5-23F81a-6cfe768891a92b912361537c460fe42b.sdkstatcache -output-file-map /tmp/kanpan-p0-main-dd/Build/Intermediates.noindex/KanpanChart.build/Debug-iphonesimulator/KanpanChart.build/Objects-normal/arm64/KanpanChart-OutputFileMap.json -use-frontend-parseable-output -save-temps -no-color-diagnostics -explicit-module-build -module-cache-path /tmp/kanpan-p0-main-dd/Build/Intermediates.noindex/SwiftExplicitPrecompiledModules -clang-scanner-module-cache-path /tmp/kanpan-p0-main-dd/ModuleCache.noindex -sdk-module-cache-path /tmp/kanpan-p0-main-dd/ModuleCache.noindex -serialize-diagnostics -emit-dependencies -emit-module -emit-module-path /tmp/kanpan-p0-main-dd/Build/Intermediates.noindex/KanpanChart.build/Debug-iphonesimulator/KanpanChart.build/Objects-normal/arm64/KanpanChart.swiftmodule -validate-clang-modules-once -clang-build-session-file /tmp/kanpan-p0-main-dd/ModuleCache.noindex/Session.modulevalidation -package-name kanpanchart -Xcc -I/tmp/kanpan-p0-main-dd/Build/Intermediates.noindex/KanpanChart.build/Debug-iphonesimulator/KanpanChart.build/swift-overrides.hmap -emit-const-values -Xfrontend -const-gather-protocols-file -Xfrontend /tmp/kanpan-p0-main-dd/Build/Intermediates.noindex/KanpanChart.build/Debug-iphonesimulator/KanpanChart.build/Objects-normal/arm64/KanpanChart_const_extract_protocols.json -Xcc -I/tmp/kanpan-p0-main-dd/Build/Products/Debug-iphonesimulator/include -Xcc -I/tmp/kanpan-p0-main-dd/Build/Intermediates.noindex/KanpanChart.build/Debug-iphonesimulator/KanpanChart.build/DerivedSources-normal/arm64 -Xcc -I/tmp/kanpan-p0-main-dd/Build/Intermediates.noindex/KanpanChart.build/Debug-iphonesimulator/KanpanChart.build/DerivedSources/arm64 -Xcc -I/tmp/kanpan-p0-main-dd/Build/Intermediates.noindex/KanpanChart.build/Debug-iphonesimulator/KanpanChart.build/DerivedSources -Xcc -DSWIFT_PACKAGE -Xcc -DDEBUG\=1 -emit-objc-header -emit-objc-header-path /tmp/kanpan-p0-main-dd/Build/Intermediates.noindex/KanpanChart.build/Debug-iphonesimulator/KanpanChart.build/Objects-normal/arm64/KanpanChart-Swift.h -working-directory /tmp/kanpan-p0-rework/Kanpan/KanpanTests/.swiftpm/xcode -experimental-emit-module-separately -disable-cmo

SwiftDriverJobDiscovery normal arm64 Compiling MarketSocketRouter.swift (in target 'KanpanNetwork' from project 'KanpanNetwork')

SwiftCompile normal arm64 Compiling\ DTO.swift,\ Endpoints.swift /tmp/kanpan-p0-rework/KanpanNetwork/Sources/KanpanNetwork/Binance/DTO.swift /tmp/kanpan-p0-rework/KanpanNetwork/Sources/KanpanNetwork/Binance/Endpoints.swift (in target 'KanpanNetwork' from project 'KanpanNetwork')

SwiftCompile normal arm64 /tmp/kanpan-p0-rework/KanpanNetwork/Sources/KanpanNetwork/Binance/DTO.swift (in target 'KanpanNetwork' from project 'KanpanNetwork')
    cd /tmp/kanpan-p0-rework/Kanpan/KanpanTests/.swiftpm/xcode
    

SwiftCompile normal arm64 /tmp/kanpan-p0-rework/KanpanNetwork/Sources/KanpanNetwork/Binance/Endpoints.swift (in target 'KanpanNetwork' from project 'KanpanNetwork')
    cd /tmp/kanpan-p0-rework/Kanpan/KanpanTests/.swiftpm/xcode
    

SwiftCompile normal arm64 Compiling\ MarketSource.swift /tmp/kanpan-p0-rework/KanpanNetwork/Sources/KanpanNetwork/Route/MarketSource.swift (in target 'KanpanNetwork' from project 'KanpanNetwork')

SwiftCompile normal arm64 /tmp/kanpan-p0-rework/KanpanNetwork/Sources/KanpanNetwork/Route/MarketSource.swift (in target 'KanpanNetwork' from project 'KanpanNetwork')
    cd /tmp/kanpan-p0-rework/Kanpan/KanpanTests/.swiftpm/xcode
    

Copy /tmp/kanpan-p0-main-dd/Build/Products/Debug-iphonesimulator/KanpanChart.swiftmodule/Project/arm64-apple-ios-simulator.swiftsourceinfo /tmp/kanpan-p0-main-dd/Build/Intermediates.noindex/KanpanChart.build/Debug-iphonesimulator/KanpanChart.build/Objects-normal/arm64/KanpanChart.swiftsourceinfo (in target 'KanpanChart' from project 'KanpanChart')
    cd /tmp/kanpan-p0-rework/KanpanChart
    builtin-copy -exclude .DS_Store -exclude CVS -exclude .svn -exclude .git -exclude .hg -resolve-src-symlinks -rename /tmp/kanpan-p0-main-dd/Build/Intermediates.noindex/KanpanChart.build/Debug-iphonesimulator/KanpanChart.build/Objects-normal/arm64/KanpanChart.swiftsourceinfo /tmp/kanpan-p0-main-dd/Build/Products/Debug-iphonesimulator/KanpanChart.swiftmodule/Project/arm64-apple-ios-simulator.swiftsourceinfo

SwiftDriverJobDiscovery normal arm64 Compiling MarketSource.swift (in target 'KanpanNetwork' from project 'KanpanNetwork')

SwiftCompile normal arm64 Compiling\ HTTPTransport.swift /tmp/kanpan-p0-rework/KanpanNetwork/Sources/KanpanNetwork/Transport/HTTPTransport.swift (in target 'KanpanNetwork' from project 'KanpanNetwork')

SwiftCompile normal arm64 /tmp/kanpan-p0-rework/KanpanNetwork/Sources/KanpanNetwork/Transport/HTTPTransport.swift (in target 'KanpanNetwork' from project 'KanpanNetwork')
    cd /tmp/kanpan-p0-rework/Kanpan/KanpanTests/.swiftpm/xcode
    

SwiftDriver KanpanData normal arm64 com.apple.xcode.tools.swift.compiler (in target 'KanpanData' from project 'KanpanData')
    cd /tmp/kanpan-p0-rework/Kanpan/KanpanTests/.swiftpm/xcode
    builtin-SwiftDriver -- /Applications/Xcode.app/Contents/Developer/Toolchains/XcodeDefault.xctoolchain/usr/bin/swiftc -module-name KanpanData -Onone @/tmp/kanpan-p0-main-dd/Build/Intermediates.noindex/KanpanData.build/Debug-iphonesimulator/KanpanData.build/Objects-normal/arm64/KanpanData.SwiftFileList -DSWIFT_PACKAGE -DDEBUG -DSWIFT_MODULE_RESOURCE_BUNDLE_UNAVAILABLE -DXcode -plugin-path /Applications/Xcode.app/Contents/Developer/Toolchains/XcodeDefault.xctoolchain/usr/lib/swift/host/plugins/testing -enable-experimental-feature DebugDescriptionMacro -sdk /Applications/Xcode.app/Contents/Developer/Platforms/iPhoneSimulator.platform/Developer/SDKs/iPhoneSimulator26.5.sdk -target arm64-apple-ios26.0-simulator -g -module-cache-path /tmp/kanpan-p0-main-dd/ModuleCache.noindex -Xfrontend -serialize-debugging-options -profile-coverage-mapping -profile-generate -enable-testing -suppress-warnings -index-store-path /tmp/kanpan-p0-main-dd/Index.noindex/DataStore -Xcc -D_LIBCPP_HARDENING_MODE\=_LIBCPP_HARDENING_MODE_DEBUG -swift-version 6 -I /tmp/kanpan-p0-main-dd/Build/Products/Debug-iphonesimulator -Isystem /Applications/Xcode.app/Contents/Developer/Platforms/iPhoneSimulator.platform/Developer/usr/lib -F /tmp/kanpan-p0-main-dd/Build/Products/Debug-iphonesimulator/PackageFrameworks -F /tmp/kanpan-p0-main-dd/Build/Products/Debug-iphonesimulator/PackageFrameworks -F /tmp/kanpan-p0-main-dd/Build/Products/Debug-iphonesimulator -F /Applications/Xcode.app/Contents/Developer/Platforms/iPhoneSimulator.platform/Developer/Library/Frameworks -F /Applications/Xcode.app/Contents/Developer/Platforms/iPhoneSimulator.platform/Developer/SDKs/iPhoneSimulator26.5.sdk/Developer/Library/Frameworks -c -j10 -enable-batch-mode -incremental -Xcc -ivfsstatcache -Xcc /tmp/kanpan-p0-main-dd/SDKStatCaches.noindex/iphonesimulator26.5-23F81a-6cfe768891a92b912361537c460fe42b.sdkstatcache -output-file-map /tmp/kanpan-p0-main-dd/Build/Intermediates.noindex/KanpanData.build/Debug-iphonesimulator/KanpanData.build/Objects-normal/arm64/KanpanData-OutputFileMap.json -use-frontend-parseable-output -save-temps -no-color-diagnostics -explicit-module-build -module-cache-path /tmp/kanpan-p0-main-dd/Build/Intermediates.noindex/SwiftExplicitPrecompiledModules -clang-scanner-module-cache-path /tmp/kanpan-p0-main-dd/ModuleCache.noindex -sdk-module-cache-path /tmp/kanpan-p0-main-dd/ModuleCache.noindex -serialize-diagnostics -emit-dependencies -emit-module -emit-module-path /tmp/kanpan-p0-main-dd/Build/Intermediates.noindex/KanpanData.build/Debug-iphonesimulator/KanpanData.build/Objects-normal/arm64/KanpanData.swiftmodule -validate-clang-modules-once -clang-build-session-file /tmp/kanpan-p0-main-dd/ModuleCache.noindex/Session.modulevalidation -package-name kanpandata -Xcc -I/tmp/kanpan-p0-main-dd/Build/Intermediates.noindex/KanpanData.build/Debug-iphonesimulator/KanpanData.build/swift-overrides.hmap -emit-const-values -Xfrontend -const-gather-protocols-file -Xfrontend /tmp/kanpan-p0-main-dd/Build/Intermediates.noindex/KanpanData.build/Debug-iphonesimulator/KanpanData.build/Objects-normal/arm64/KanpanData_const_extract_protocols.json -Xcc -I/tmp/kanpan-p0-main-dd/Build/Products/Debug-iphonesimulator/include -Xcc -I/tmp/kanpan-p0-main-dd/Build/Intermediates.noindex/KanpanData.build/Debug-iphonesimulator/KanpanData.build/DerivedSources-normal/arm64 -Xcc -I/tmp/kanpan-p0-main-dd/Build/Intermediates.noindex/KanpanData.build/Debug-iphonesimulator/KanpanData.build/DerivedSources/arm64 -Xcc -I/tmp/kanpan-p0-main-dd/Build/Intermediates.noindex/KanpanData.build/Debug-iphonesimulator/KanpanData.build/DerivedSources -Xcc -DSWIFT_PACKAGE -Xcc -DDEBUG\=1 -emit-objc-header -emit-objc-header-path /tmp/kanpan-p0-main-dd/Build/Intermediates.noindex/KanpanData.build/Debug-iphonesimulator/KanpanData.build/Objects-normal/arm64/KanpanData-Swift.h -working-directory /tmp/kanpan-p0-rework/Kanpan/KanpanTests/.swiftpm/xcode -experimental-emit-module-separately -disable-cmo

SwiftDriverJobDiscovery normal arm64 Compiling DTO.swift, Endpoints.swift (in target 'KanpanNetwork' from project 'KanpanNetwork')

Copy /tmp/kanpan-p0-main-dd/Build/Products/Debug-iphonesimulator/KanpanChart.swiftmodule/arm64-apple-ios-simulator.swiftmodule /tmp/kanpan-p0-main-dd/Build/Intermediates.noindex/KanpanChart.build/Debug-iphonesimulator/KanpanChart.build/Objects-normal/arm64/KanpanChart.swiftmodule (in target 'KanpanChart' from project 'KanpanChart')
    cd /tmp/kanpan-p0-rework/KanpanChart
    builtin-copy -exclude .DS_Store -exclude CVS -exclude .svn -exclude .git -exclude .hg -resolve-src-symlinks -rename /tmp/kanpan-p0-main-dd/Build/Intermediates.noindex/KanpanChart.build/Debug-iphonesimulator/KanpanChart.build/Objects-normal/arm64/KanpanChart.swiftmodule /tmp/kanpan-p0-main-dd/Build/Products/Debug-iphonesimulator/KanpanChart.swiftmodule/arm64-apple-ios-simulator.swiftmodule

Copy /tmp/kanpan-p0-main-dd/Build/Products/Debug-iphonesimulator/KanpanChart.swiftmodule/arm64-apple-ios-simulator.swiftdoc /tmp/kanpan-p0-main-dd/Build/Intermediates.noindex/KanpanChart.build/Debug-iphonesimulator/KanpanChart.build/Objects-normal/arm64/KanpanChart.swiftdoc (in target 'KanpanChart' from project 'KanpanChart')
    cd /tmp/kanpan-p0-rework/KanpanChart
    builtin-copy -exclude .DS_Store -exclude CVS -exclude .svn -exclude .git -exclude .hg -resolve-src-symlinks -rename /tmp/kanpan-p0-main-dd/Build/Intermediates.noindex/KanpanChart.build/Debug-iphonesimulator/KanpanChart.build/Objects-normal/arm64/KanpanChart.swiftdoc /tmp/kanpan-p0-main-dd/Build/Products/Debug-iphonesimulator/KanpanChart.swiftmodule/arm64-apple-ios-simulator.swiftdoc

SwiftEmitModule normal arm64 Emitting\ module\ for\ KanpanData (in target 'KanpanData' from project 'KanpanData')
EmitSwiftModule normal arm64 (in target 'KanpanData' from project 'KanpanData')
    cd /tmp/kanpan-p0-rework/Kanpan/KanpanTests/.swiftpm/xcode
    

Copy /tmp/kanpan-p0-main-dd/Build/Products/Debug-iphonesimulator/KanpanChart.swiftmodule/arm64-apple-ios-simulator.abi.json /tmp/kanpan-p0-main-dd/Build/Intermediates.noindex/KanpanChart.build/Debug-iphonesimulator/KanpanChart.build/Objects-normal/arm64/KanpanChart.abi.json (in target 'KanpanChart' from project 'KanpanChart')
    cd /tmp/kanpan-p0-rework/KanpanChart
    builtin-copy -exclude .DS_Store -exclude CVS -exclude .svn -exclude .git -exclude .hg -resolve-src-symlinks -rename /tmp/kanpan-p0-main-dd/Build/Intermediates.noindex/KanpanChart.build/Debug-iphonesimulator/KanpanChart.build/Objects-normal/arm64/KanpanChart.abi.json /tmp/kanpan-p0-main-dd/Build/Products/Debug-iphonesimulator/KanpanChart.swiftmodule/arm64-apple-ios-simulator.abi.json

SwiftDriverJobDiscovery normal arm64 Compiling HTTPTransport.swift (in target 'KanpanNetwork' from project 'KanpanNetwork')

SwiftCompile normal arm64 Compiling\ RateLimiter.swift,\ WSClient.swift /tmp/kanpan-p0-rework/KanpanNetwork/Sources/KanpanNetwork/Binance/RateLimiter.swift /tmp/kanpan-p0-rework/KanpanNetwork/Sources/KanpanNetwork/Binance/WSClient.swift (in target 'KanpanNetwork' from project 'KanpanNetwork')
SwiftCompile normal arm64 /tmp/kanpan-p0-rework/KanpanNetwork/Sources/KanpanNetwork/Binance/RateLimiter.swift (in target 'KanpanNetwork' from project 'KanpanNetwork')
    cd /tmp/kanpan-p0-rework/Kanpan/KanpanTests/.swiftpm/xcode
    

SwiftCompile normal arm64 /tmp/kanpan-p0-rework/KanpanNetwork/Sources/KanpanNetwork/Binance/WSClient.swift (in target 'KanpanNetwork' from project 'KanpanNetwork')
    cd /tmp/kanpan-p0-rework/Kanpan/KanpanTests/.swiftpm/xcode
    

SwiftCompile normal arm64 Compiling\ GatewayEnvelope.swift,\ MarketRoutePolicy.swift /tmp/kanpan-p0-rework/KanpanNetwork/Sources/KanpanNetwork/Route/GatewayEnvelope.swift /tmp/kanpan-p0-rework/KanpanNetwork/Sources/KanpanNetwork/Route/MarketRoutePolicy.swift (in target 'KanpanNetwork' from project 'KanpanNetwork')

SwiftCompile normal arm64 /tmp/kanpan-p0-rework/KanpanNetwork/Sources/KanpanNetwork/Route/GatewayEnvelope.swift (in target 'KanpanNetwork' from project 'KanpanNetwork')
    cd /tmp/kanpan-p0-rework/Kanpan/KanpanTests/.swiftpm/xcode
    

SwiftCompile normal arm64 /tmp/kanpan-p0-rework/KanpanNetwork/Sources/KanpanNetwork/Route/MarketRoutePolicy.swift (in target 'KanpanNetwork' from project 'KanpanNetwork')
    cd /tmp/kanpan-p0-rework/Kanpan/KanpanTests/.swiftpm/xcode
    

SwiftDriverJobDiscovery normal arm64 Emitting module for KanpanData (in target 'KanpanData' from project 'KanpanData')

SwiftDriver\ Compilation\ Requirements KanpanData normal arm64 com.apple.xcode.tools.swift.compiler (in target 'KanpanData' from project 'KanpanData')
    cd /tmp/kanpan-p0-rework/Kanpan/KanpanTests/.swiftpm/xcode
    builtin-Swift-Compilation-Requirements -- /Applications/Xcode.app/Contents/Developer/Toolchains/XcodeDefault.xctoolchain/usr/bin/swiftc -module-name KanpanData -Onone @/tmp/kanpan-p0-main-dd/Build/Intermediates.noindex/KanpanData.build/Debug-iphonesimulator/KanpanData.build/Objects-normal/arm64/KanpanData.SwiftFileList -DSWIFT_PACKAGE -DDEBUG -DSWIFT_MODULE_RESOURCE_BUNDLE_UNAVAILABLE -DXcode -plugin-path /Applications/Xcode.app/Contents/Developer/Toolchains/XcodeDefault.xctoolchain/usr/lib/swift/host/plugins/testing -enable-experimental-feature DebugDescriptionMacro -sdk /Applications/Xcode.app/Contents/Developer/Platforms/iPhoneSimulator.platform/Developer/SDKs/iPhoneSimulator26.5.sdk -target arm64-apple-ios26.0-simulator -g -module-cache-path /tmp/kanpan-p0-main-dd/ModuleCache.noindex -Xfrontend -serialize-debugging-options -profile-coverage-mapping -profile-generate -enable-testing -suppress-warnings -index-store-path /tmp/kanpan-p0-main-dd/Index.noindex/DataStore -Xcc -D_LIBCPP_HARDENING_MODE\=_LIBCPP_HARDENING_MODE_DEBUG -swift-version 6 -I /tmp/kanpan-p0-main-dd/Build/Products/Debug-iphonesimulator -Isystem /Applications/Xcode.app/Contents/Developer/Platforms/iPhoneSimulator.platform/Developer/usr/lib -F /tmp/kanpan-p0-main-dd/Build/Products/Debug-iphonesimulator/PackageFrameworks -F /tmp/kanpan-p0-main-dd/Build/Products/Debug-iphonesimulator/PackageFrameworks -F /tmp/kanpan-p0-main-dd/Build/Products/Debug-iphonesimulator -F /Applications/Xcode.app/Contents/Developer/Platforms/iPhoneSimulator.platform/Developer/Library/Frameworks -F /Applications/Xcode.app/Contents/Developer/Platforms/iPhoneSimulator.platform/Developer/SDKs/iPhoneSimulator26.5.sdk/Developer/Library/Frameworks -c -j10 -enable-batch-mode -incremental -Xcc -ivfsstatcache -Xcc /tmp/kanpan-p0-main-dd/SDKStatCaches.noindex/iphonesimulator26.5-23F81a-6cfe768891a92b912361537c460fe42b.sdkstatcache -output-file-map /tmp/kanpan-p0-main-dd/Build/Intermediates.noindex/KanpanData.build/Debug-iphonesimulator/KanpanData.build/Objects-normal/arm64/KanpanData-OutputFileMap.json -use-frontend-parseable-output -save-temps -no-color-diagnostics -explicit-module-build -module-cache-path /tmp/kanpan-p0-main-dd/Build/Intermediates.noindex/SwiftExplicitPrecompiledModules -clang-scanner-module-cache-path /tmp/kanpan-p0-main-dd/ModuleCache.noindex -sdk-module-cache-path /tmp/kanpan-p0-main-dd/ModuleCache.noindex -serialize-diagnostics -emit-dependencies -emit-module -emit-module-path /tmp/kanpan-p0-main-dd/Build/Intermediates.noindex/KanpanData.build/Debug-iphonesimulator/KanpanData.build/Objects-normal/arm64/KanpanData.swiftmodule -validate-clang-modules-once -clang-build-session-file /tmp/kanpan-p0-main-dd/ModuleCache.noindex/Session.modulevalidation -package-name kanpandata -Xcc -I/tmp/kanpan-p0-main-dd/Build/Intermediates.noindex/KanpanData.build/Debug-iphonesimulator/KanpanData.build/swift-overrides.hmap -emit-const-values -Xfrontend -const-gather-protocols-file -Xfrontend /tmp/kanpan-p0-main-dd/Build/Intermediates.noindex/KanpanData.build/Debug-iphonesimulator/KanpanData.build/Objects-normal/arm64/KanpanData_const_extract_protocols.json -Xcc -I/tmp/kanpan-p0-main-dd/Build/Products/Debug-iphonesimulator/include -Xcc -I/tmp/kanpan-p0-main-dd/Build/Intermediates.noindex/KanpanData.build/Debug-iphonesimulator/KanpanData.build/DerivedSources-normal/arm64 -Xcc -I/tmp/kanpan-p0-main-dd/Build/Intermediates.noindex/KanpanData.build/Debug-iphonesimulator/KanpanData.build/DerivedSources/arm64 -Xcc -I/tmp/kanpan-p0-main-dd/Build/Intermediates.noindex/KanpanData.build/Debug-iphonesimulator/KanpanData.build/DerivedSources -Xcc -DSWIFT_PACKAGE -Xcc -DDEBUG\=1 -emit-objc-header -emit-objc-header-path /tmp/kanpan-p0-main-dd/Build/Intermediates.noindex/KanpanData.build/Debug-iphonesimulator/KanpanData.build/Objects-normal/arm64/KanpanData-Swift.h -working-directory /tmp/kanpan-p0-rework/Kanpan/KanpanTests/.swiftpm/xcode -experimental-emit-module-separately -disable-cmo

SwiftDriverJobDiscovery normal arm64 Compiling GatewayEnvelope.swift, MarketRoutePolicy.swift (in target 'KanpanNetwork' from project 'KanpanNetwork')

SwiftCompile normal arm64 Compiling\ Backoff.swift /tmp/kanpan-p0-rework/KanpanNetwork/Sources/KanpanNetwork/Transport/Backoff.swift (in target 'KanpanNetwork' from project 'KanpanNetwork')

SwiftCompile normal arm64 /tmp/kanpan-p0-rework/KanpanNetwork/Sources/KanpanNetwork/Transport/Backoff.swift (in target 'KanpanNetwork' from project 'KanpanNetwork')
    cd /tmp/kanpan-p0-rework/Kanpan/KanpanTests/.swiftpm/xcode
    

Copy /tmp/kanpan-p0-main-dd/Build/Products/Debug-iphonesimulator/KanpanData.swiftmodule/Project/arm64-apple-ios-simulator.swiftsourceinfo /tmp/kanpan-p0-main-dd/Build/Intermediates.noindex/KanpanData.build/Debug-iphonesimulator/KanpanData.build/Objects-normal/arm64/KanpanData.swiftsourceinfo (in target 'KanpanData' from project 'KanpanData')
    cd /tmp/kanpan-p0-rework/KanpanData
    builtin-copy -exclude .DS_Store -exclude CVS -exclude .svn -exclude .git -exclude .hg -resolve-src-symlinks -rename /tmp/kanpan-p0-main-dd/Build/Intermediates.noindex/KanpanData.build/Debug-iphonesimulator/KanpanData.build/Objects-normal/arm64/KanpanData.swiftsourceinfo /tmp/kanpan-p0-main-dd/Build/Products/Debug-iphonesimulator/KanpanData.swiftmodule/Project/arm64-apple-ios-simulator.swiftsourceinfo

SwiftDriverJobDiscovery normal arm64 Compiling Backoff.swift (in target 'KanpanNetwork' from project 'KanpanNetwork')

SwiftCompile normal arm64 Compiling\ WSSocket.swift /tmp/kanpan-p0-rework/KanpanNetwork/Sources/KanpanNetwork/Transport/WSSocket.swift (in target 'KanpanNetwork' from project 'KanpanNetwork')
SwiftCompile normal arm64 /tmp/kanpan-p0-rework/KanpanNetwork/Sources/KanpanNetwork/Transport/WSSocket.swift (in target 'KanpanNetwork' from project 'KanpanNetwork')
    cd /tmp/kanpan-p0-rework/Kanpan/KanpanTests/.swiftpm/xcode
    

Copy /tmp/kanpan-p0-main-dd/Build/Products/Debug-iphonesimulator/KanpanData.swiftmodule/arm64-apple-ios-simulator.swiftmodule /tmp/kanpan-p0-main-dd/Build/Intermediates.noindex/KanpanData.build/Debug-iphonesimulator/KanpanData.build/Objects-normal/arm64/KanpanData.swiftmodule (in target 'KanpanData' from project 'KanpanData')
    cd /tmp/kanpan-p0-rework/KanpanData
    builtin-copy -exclude .DS_Store -exclude CVS -exclude .svn -exclude .git -exclude .hg -resolve-src-symlinks -rename /tmp/kanpan-p0-main-dd/Build/Intermediates.noindex/KanpanData.build/Debug-iphonesimulator/KanpanData.build/Objects-normal/arm64/KanpanData.swiftmodule /tmp/kanpan-p0-main-dd/Build/Products/Debug-iphonesimulator/KanpanData.swiftmodule/arm64-apple-ios-simulator.swiftmodule

SwiftDriverJobDiscovery normal arm64 Compiling RateLimiter.swift, WSClient.swift (in target 'KanpanNetwork' from project 'KanpanNetwork')

Copy /tmp/kanpan-p0-main-dd/Build/Products/Debug-iphonesimulator/KanpanData.swiftmodule/arm64-apple-ios-simulator.abi.json /tmp/kanpan-p0-main-dd/Build/Intermediates.noindex/KanpanData.build/Debug-iphonesimulator/KanpanData.build/Objects-normal/arm64/KanpanData.abi.json (in target 'KanpanData' from project 'KanpanData')
    cd /tmp/kanpan-p0-rework/KanpanData
    builtin-copy -exclude .DS_Store -exclude CVS -exclude .svn -exclude .git -exclude .hg -resolve-src-symlinks -rename /tmp/kanpan-p0-main-dd/Build/Intermediates.noindex/KanpanData.build/Debug-iphonesimulator/KanpanData.build/Objects-normal/arm64/KanpanData.abi.json /tmp/kanpan-p0-main-dd/Build/Products/Debug-iphonesimulator/KanpanData.swiftmodule/arm64-apple-ios-simulator.abi.json

SwiftCompile normal arm64 Compiling\ Errors.swift,\ RESTClient.swift /tmp/kanpan-p0-rework/KanpanNetwork/Sources/KanpanNetwork/Binance/Errors.swift /tmp/kanpan-p0-rework/KanpanNetwork/Sources/KanpanNetwork/Binance/RESTClient.swift (in target 'KanpanNetwork' from project 'KanpanNetwork')
SwiftCompile normal arm64 /tmp/kanpan-p0-rework/KanpanNetwork/Sources/KanpanNetwork/Binance/Errors.swift (in target 'KanpanNetwork' from project 'KanpanNetwork')
    cd /tmp/kanpan-p0-rework/Kanpan/KanpanTests/.swiftpm/xcode
    

SwiftCompile normal arm64 /tmp/kanpan-p0-rework/KanpanNetwork/Sources/KanpanNetwork/Binance/RESTClient.swift (in target 'KanpanNetwork' from project 'KanpanNetwork')
    cd /tmp/kanpan-p0-rework/Kanpan/KanpanTests/.swiftpm/xcode
    

SwiftCompile normal arm64 Compiling\ Snapshot.swift /tmp/kanpan-p0-rework/KanpanData/Sources/KanpanData/Store/Snapshot.swift (in target 'KanpanData' from project 'KanpanData')

SwiftCompile normal arm64 /tmp/kanpan-p0-rework/KanpanData/Sources/KanpanData/Store/Snapshot.swift (in target 'KanpanData' from project 'KanpanData')
    cd /tmp/kanpan-p0-rework/Kanpan/KanpanTests/.swiftpm/xcode
    

SwiftDriverJobDiscovery normal arm64 Compiling WSSocket.swift (in target 'KanpanNetwork' from project 'KanpanNetwork')

SwiftCompile normal arm64 Compiling\ SeriesStore.swift /tmp/kanpan-p0-rework/KanpanData/Sources/KanpanData/Store/SeriesStore.swift (in target 'KanpanData' from project 'KanpanData')
SwiftCompile normal arm64 /tmp/kanpan-p0-rework/KanpanData/Sources/KanpanData/Store/SeriesStore.swift (in target 'KanpanData' from project 'KanpanData')
    cd /tmp/kanpan-p0-rework/Kanpan/KanpanTests/.swiftpm/xcode
    

SwiftDriverJobDiscovery normal arm64 Compiling Snapshot.swift (in target 'KanpanData' from project 'KanpanData')

SwiftCompile normal arm64 Compiling\ FeedComposer.swift,\ MarketFeed.swift /tmp/kanpan-p0-rework/KanpanData/Sources/KanpanData/Feed/FeedComposer.swift /tmp/kanpan-p0-rework/KanpanData/Sources/KanpanData/Feed/MarketFeed.swift (in target 'KanpanData' from project 'KanpanData')
SwiftCompile normal arm64 /tmp/kanpan-p0-rework/KanpanData/Sources/KanpanData/Feed/FeedComposer.swift (in target 'KanpanData' from project 'KanpanData')
    cd /tmp/kanpan-p0-rework/Kanpan/KanpanTests/.swiftpm/xcode
    

SwiftCompile normal arm64 /tmp/kanpan-p0-rework/KanpanData/Sources/KanpanData/Feed/MarketFeed.swift (in target 'KanpanData' from project 'KanpanData')
    cd /tmp/kanpan-p0-rework/Kanpan/KanpanTests/.swiftpm/xcode
    

SwiftDriverJobDiscovery normal arm64 Compiling Errors.swift, RESTClient.swift (in target 'KanpanNetwork' from project 'KanpanNetwork')

SwiftDriver\ Compilation KanpanNetwork normal arm64 com.apple.xcode.tools.swift.compiler (in target 'KanpanNetwork' from project 'KanpanNetwork')
    cd /tmp/kanpan-p0-rework/Kanpan/KanpanTests/.swiftpm/xcode
    builtin-Swift-Compilation -- /Applications/Xcode.app/Contents/Developer/Toolchains/XcodeDefault.xctoolchain/usr/bin/swiftc -module-name KanpanNetwork -Onone @/tmp/kanpan-p0-main-dd/Build/Intermediates.noindex/KanpanNetwork.build/Debug-iphonesimulator/KanpanNetwork.build/Objects-normal/arm64/KanpanNetwork.SwiftFileList -DSWIFT_PACKAGE -DDEBUG -DSWIFT_MODULE_RESOURCE_BUNDLE_UNAVAILABLE -DXcode -plugin-path /Applications/Xcode.app/Contents/Developer/Toolchains/XcodeDefault.xctoolchain/usr/lib/swift/host/plugins/testing -enable-experimental-feature DebugDescriptionMacro -sdk /Applications/Xcode.app/Contents/Developer/Platforms/iPhoneSimulator.platform/Developer/SDKs/iPhoneSimulator26.5.sdk -target arm64-apple-ios26.0-simulator -g -module-cache-path /tmp/kanpan-p0-main-dd/ModuleCache.noindex -Xfrontend -serialize-debugging-options -profile-coverage-mapping -profile-generate -enable-testing -suppress-warnings -index-store-path /tmp/kanpan-p0-main-dd/Index.noindex/DataStore -Xcc -D_LIBCPP_HARDENING_MODE\=_LIBCPP_HARDENING_MODE_DEBUG -swift-version 6 -I /tmp/kanpan-p0-main-dd/Build/Products/Debug-iphonesimulator -Isystem /Applications/Xcode.app/Contents/Developer/Platforms/iPhoneSimulator.platform/Developer/usr/lib -F /tmp/kanpan-p0-main-dd/Build/Products/Debug-iphonesimulator/PackageFrameworks -F /tmp/kanpan-p0-main-dd/Build/Products/Debug-iphonesimulator -F /Applications/Xcode.app/Contents/Developer/Platforms/iPhoneSimulator.platform/Developer/Library/Frameworks -F /Applications/Xcode.app/Contents/Developer/Platforms/iPhoneSimulator.platform/Developer/SDKs/iPhoneSimulator26.5.sdk/Developer/Library/Frameworks -c -j10 -enable-batch-mode -incremental -Xcc -ivfsstatcache -Xcc /tmp/kanpan-p0-main-dd/SDKStatCaches.noindex/iphonesimulator26.5-23F81a-6cfe768891a92b912361537c460fe42b.sdkstatcache -output-file-map /tmp/kanpan-p0-main-dd/Build/Intermediates.noindex/KanpanNetwork.build/Debug-iphonesimulator/KanpanNetwork.build/Objects-normal/arm64/KanpanNetwork-OutputFileMap.json -use-frontend-parseable-output -save-temps -no-color-diagnostics -explicit-module-build -module-cache-path /tmp/kanpan-p0-main-dd/Build/Intermediates.noindex/SwiftExplicitPrecompiledModules -clang-scanner-module-cache-path /tmp/kanpan-p0-main-dd/ModuleCache.noindex -sdk-module-cache-path /tmp/kanpan-p0-main-dd/ModuleCache.noindex -serialize-diagnostics -emit-dependencies -emit-module -emit-module-path /tmp/kanpan-p0-main-dd/Build/Intermediates.noindex/KanpanNetwork.build/Debug-iphonesimulator/KanpanNetwork.build/Objects-normal/arm64/KanpanNetwork.swiftmodule -validate-clang-modules-once -clang-build-session-file /tmp/kanpan-p0-main-dd/ModuleCache.noindex/Session.modulevalidation -package-name kanpannetwork -Xcc -I/tmp/kanpan-p0-main-dd/Build/Intermediates.noindex/KanpanNetwork.build/Debug-iphonesimulator/KanpanNetwork.build/swift-overrides.hmap -emit-const-values -Xfrontend -const-gather-protocols-file -Xfrontend /tmp/kanpan-p0-main-dd/Build/Intermediates.noindex/KanpanNetwork.build/Debug-iphonesimulator/KanpanNetwork.build/Objects-normal/arm64/KanpanNetwork_const_extract_protocols.json -Xcc -I/tmp/kanpan-p0-main-dd/Build/Products/Debug-iphonesimulator/include -Xcc -I/tmp/kanpan-p0-main-dd/Build/Intermediates.noindex/KanpanNetwork.build/Debug-iphonesimulator/KanpanNetwork.build/DerivedSources-normal/arm64 -Xcc -I/tmp/kanpan-p0-main-dd/Build/Intermediates.noindex/KanpanNetwork.build/Debug-iphonesimulator/KanpanNetwork.build/DerivedSources/arm64 -Xcc -I/tmp/kanpan-p0-main-dd/Build/Intermediates.noindex/KanpanNetwork.build/Debug-iphonesimulator/KanpanNetwork.build/DerivedSources -Xcc -DSWIFT_PACKAGE -Xcc -DDEBUG\=1 -emit-objc-header -emit-objc-header-path /tmp/kanpan-p0-main-dd/Build/Intermediates.noindex/KanpanNetwork.build/Debug-iphonesimulator/KanpanNetwork.build/Objects-normal/arm64/KanpanNetwork-Swift.h -working-directory /tmp/kanpan-p0-rework/Kanpan/KanpanTests/.swiftpm/xcode -experimental-emit-module-separately -disable-cmo

SwiftDriverJobDiscovery normal arm64 Compiling SeriesStore.swift (in target 'KanpanData' from project 'KanpanData')

SwiftCompile normal arm64 Compiling\ SymbolCatalog.swift /tmp/kanpan-p0-rework/KanpanData/Sources/KanpanData/Store/SymbolCatalog.swift (in target 'KanpanData' from project 'KanpanData')

SwiftCompile normal arm64 /tmp/kanpan-p0-rework/KanpanData/Sources/KanpanData/Store/SymbolCatalog.swift (in target 'KanpanData' from project 'KanpanData')
    cd /tmp/kanpan-p0-rework/Kanpan/KanpanTests/.swiftpm/xcode
    

SwiftCompile normal arm64 Compiling\ QuoteSnapshot.swift /tmp/kanpan-p0-rework/KanpanData/Sources/KanpanData/Store/QuoteSnapshot.swift (in target 'KanpanData' from project 'KanpanData')

SwiftCompile normal arm64 /tmp/kanpan-p0-rework/KanpanData/Sources/KanpanData/Store/QuoteSnapshot.swift (in target 'KanpanData' from project 'KanpanData')
    cd /tmp/kanpan-p0-rework/Kanpan/KanpanTests/.swiftpm/xcode
    

SwiftDriverJobDiscovery normal arm64 Compiling SymbolCatalog.swift (in target 'KanpanData' from project 'KanpanData')

SwiftCompile normal arm64 Compiling\ OISource.swift,\ RoutedMarketFeed.swift /tmp/kanpan-p0-rework/KanpanData/Sources/KanpanData/Feed/OISource.swift /tmp/kanpan-p0-rework/KanpanData/Sources/KanpanData/Feed/RoutedMarketFeed.swift (in target 'KanpanData' from project 'KanpanData')
SwiftCompile normal arm64 /tmp/kanpan-p0-rework/KanpanData/Sources/KanpanData/Feed/OISource.swift (in target 'KanpanData' from project 'KanpanData')
    cd /tmp/kanpan-p0-rework/Kanpan/KanpanTests/.swiftpm/xcode
    

SwiftCompile normal arm64 /tmp/kanpan-p0-rework/KanpanData/Sources/KanpanData/Feed/RoutedMarketFeed.swift (in target 'KanpanData' from project 'KanpanData')
    cd /tmp/kanpan-p0-rework/Kanpan/KanpanTests/.swiftpm/xcode
    

SwiftDriverJobDiscovery normal arm64 Compiling QuoteSnapshot.swift (in target 'KanpanData' from project 'KanpanData')

SwiftCompile normal arm64 Compiling\ Network.swift,\ BarCache.swift /tmp/kanpan-p0-rework/KanpanData/Sources/KanpanData/Network.swift /tmp/kanpan-p0-rework/KanpanData/Sources/KanpanData/Store/BarCache.swift (in target 'KanpanData' from project 'KanpanData')

SwiftCompile normal arm64 /tmp/kanpan-p0-rework/KanpanData/Sources/KanpanData/Network.swift (in target 'KanpanData' from project 'KanpanData')
    cd /tmp/kanpan-p0-rework/Kanpan/KanpanTests/.swiftpm/xcode
    

SwiftCompile normal arm64 /tmp/kanpan-p0-rework/KanpanData/Sources/KanpanData/Store/BarCache.swift (in target 'KanpanData' from project 'KanpanData')
    cd /tmp/kanpan-p0-rework/Kanpan/KanpanTests/.swiftpm/xcode
    

SwiftDriverJobDiscovery normal arm64 Compiling FeedComposer.swift, MarketFeed.swift (in target 'KanpanData' from project 'KanpanData')

SwiftDriverJobDiscovery normal arm64 Compiling Network.swift, BarCache.swift (in target 'KanpanData' from project 'KanpanData')

SwiftCompile normal arm64 Compiling\ OIStore.swift,\ Paths.swift /tmp/kanpan-p0-rework/KanpanData/Sources/KanpanData/Store/OIStore.swift /tmp/kanpan-p0-rework/KanpanData/Sources/KanpanData/Store/Paths.swift (in target 'KanpanData' from project 'KanpanData')

SwiftCompile normal arm64 /tmp/kanpan-p0-rework/KanpanData/Sources/KanpanData/Store/OIStore.swift (in target 'KanpanData' from project 'KanpanData')
    cd /tmp/kanpan-p0-rework/Kanpan/KanpanTests/.swiftpm/xcode
    

SwiftCompile normal arm64 /tmp/kanpan-p0-rework/KanpanData/Sources/KanpanData/Store/Paths.swift (in target 'KanpanData' from project 'KanpanData')
    cd /tmp/kanpan-p0-rework/Kanpan/KanpanTests/.swiftpm/xcode
    

SwiftCompile normal arm64 Compiling\ BaselineSnapshot.swift,\ OIArchive.swift /tmp/kanpan-p0-rework/KanpanData/Sources/KanpanData/Store/BaselineSnapshot.swift /tmp/kanpan-p0-rework/KanpanData/Sources/KanpanData/Store/OIArchive.swift (in target 'KanpanData' from project 'KanpanData')
SwiftCompile normal arm64 /tmp/kanpan-p0-rework/KanpanData/Sources/KanpanData/Store/BaselineSnapshot.swift (in target 'KanpanData' from project 'KanpanData')
    cd /tmp/kanpan-p0-rework/Kanpan/KanpanTests/.swiftpm/xcode
    

SwiftCompile normal arm64 /tmp/kanpan-p0-rework/KanpanData/Sources/KanpanData/Store/OIArchive.swift (in target 'KanpanData' from project 'KanpanData')
    cd /tmp/kanpan-p0-rework/Kanpan/KanpanTests/.swiftpm/xcode
    

SwiftDriverJobDiscovery normal arm64 Compiling OIStore.swift, Paths.swift (in target 'KanpanData' from project 'KanpanData')

SwiftCompile normal arm64 Compiling\ Zip.swift /tmp/kanpan-p0-rework/KanpanData/Sources/KanpanData/Store/Zip.swift (in target 'KanpanData' from project 'KanpanData')

SwiftCompile normal arm64 /tmp/kanpan-p0-rework/KanpanData/Sources/KanpanData/Store/Zip.swift (in target 'KanpanData' from project 'KanpanData')
    cd /tmp/kanpan-p0-rework/Kanpan/KanpanTests/.swiftpm/xcode
    

SwiftDriverJobDiscovery normal arm64 Compiling OISource.swift, RoutedMarketFeed.swift (in target 'KanpanData' from project 'KanpanData')

SwiftCompile normal arm64 Compiling\ MarketSector.swift,\ SymbolClassification.swift,\ SymbolInfo.swift,\ SectorAggregate.swift /tmp/kanpan-p0-rework/KanpanCore/Sources/KanpanCore/Model/MarketSector.swift /tmp/kanpan-p0-rework/KanpanCore/Sources/KanpanCore/Model/SymbolClassification.swift /tmp/kanpan-p0-rework/KanpanCore/Sources/KanpanCore/Model/SymbolInfo.swift /tmp/kanpan-p0-rework/KanpanCore/Sources/KanpanCore/Sector/SectorAggregate.swift (in target 'KanpanCore' from project 'KanpanCore')
SwiftCompile normal arm64 /tmp/kanpan-p0-rework/KanpanCore/Sources/KanpanCore/Model/MarketSector.swift (in target 'KanpanCore' from project 'KanpanCore')
    cd /tmp/kanpan-p0-rework/Kanpan/KanpanTests/.swiftpm/xcode
    

SwiftCompile normal arm64 /tmp/kanpan-p0-rework/KanpanCore/Sources/KanpanCore/Model/SymbolClassification.swift (in target 'KanpanCore' from project 'KanpanCore')
    cd /tmp/kanpan-p0-rework/Kanpan/KanpanTests/.swiftpm/xcode
    

SwiftCompile normal arm64 /tmp/kanpan-p0-rework/KanpanCore/Sources/KanpanCore/Model/SymbolInfo.swift (in target 'KanpanCore' from project 'KanpanCore')
    cd /tmp/kanpan-p0-rework/Kanpan/KanpanTests/.swiftpm/xcode
    

SwiftCompile normal arm64 /tmp/kanpan-p0-rework/KanpanCore/Sources/KanpanCore/Sector/SectorAggregate.swift (in target 'KanpanCore' from project 'KanpanCore')
    cd /tmp/kanpan-p0-rework/Kanpan/KanpanTests/.swiftpm/xcode
    

SwiftDriverJobDiscovery normal arm64 Compiling Zip.swift (in target 'KanpanData' from project 'KanpanData')

SwiftCompile normal arm64 Compiling\ SectorCatalog.swift,\ SectorSelection.swift,\ CandleStyle.swift,\ Palette.swift /tmp/kanpan-p0-rework/KanpanCore/Sources/KanpanCore/Sector/SectorCatalog.swift /tmp/kanpan-p0-rework/KanpanCore/Sources/KanpanCore/Sector/SectorSelection.swift /tmp/kanpan-p0-rework/KanpanCore/Sources/KanpanCore/Style/CandleStyle.swift /tmp/kanpan-p0-rework/KanpanCore/Sources/KanpanCore/Style/Palette.swift (in target 'KanpanCore' from project 'KanpanCore')
SwiftCompile normal arm64 /tmp/kanpan-p0-rework/KanpanCore/Sources/KanpanCore/Sector/SectorCatalog.swift (in target 'KanpanCore' from project 'KanpanCore')
    cd /tmp/kanpan-p0-rework/Kanpan/KanpanTests/.swiftpm/xcode
    

SwiftCompile normal arm64 /tmp/kanpan-p0-rework/KanpanCore/Sources/KanpanCore/Sector/SectorSelection.swift (in target 'KanpanCore' from project 'KanpanCore')
    cd /tmp/kanpan-p0-rework/Kanpan/KanpanTests/.swiftpm/xcode
    

SwiftCompile normal arm64 /tmp/kanpan-p0-rework/KanpanCore/Sources/KanpanCore/Style/CandleStyle.swift (in target 'KanpanCore' from project 'KanpanCore')
    cd /tmp/kanpan-p0-rework/Kanpan/KanpanTests/.swiftpm/xcode
    

SwiftCompile normal arm64 /tmp/kanpan-p0-rework/KanpanCore/Sources/KanpanCore/Style/Palette.swift (in target 'KanpanCore' from project 'KanpanCore')
    cd /tmp/kanpan-p0-rework/Kanpan/KanpanTests/.swiftpm/xcode
    

SwiftDriverJobDiscovery normal arm64 Compiling BaselineSnapshot.swift, OIArchive.swift (in target 'KanpanData' from project 'KanpanData')

SwiftDriverJobDiscovery normal arm64 Compiling MarketSector.swift, SymbolClassification.swift, SymbolInfo.swift, SectorAggregate.swift (in target 'KanpanCore' from project 'KanpanCore')

SwiftDriver\ Compilation KanpanData normal arm64 com.apple.xcode.tools.swift.compiler (in target 'KanpanData' from project 'KanpanData')
    cd /tmp/kanpan-p0-rework/Kanpan/KanpanTests/.swiftpm/xcode
    builtin-Swift-Compilation -- /Applications/Xcode.app/Contents/Developer/Toolchains/XcodeDefault.xctoolchain/usr/bin/swiftc -module-name KanpanData -Onone @/tmp/kanpan-p0-main-dd/Build/Intermediates.noindex/KanpanData.build/Debug-iphonesimulator/KanpanData.build/Objects-normal/arm64/KanpanData.SwiftFileList -DSWIFT_PACKAGE -DDEBUG -DSWIFT_MODULE_RESOURCE_BUNDLE_UNAVAILABLE -DXcode -plugin-path /Applications/Xcode.app/Contents/Developer/Toolchains/XcodeDefault.xctoolchain/usr/lib/swift/host/plugins/testing -enable-experimental-feature DebugDescriptionMacro -sdk /Applications/Xcode.app/Contents/Developer/Platforms/iPhoneSimulator.platform/Developer/SDKs/iPhoneSimulator26.5.sdk -target arm64-apple-ios26.0-simulator -g -module-cache-path /tmp/kanpan-p0-main-dd/ModuleCache.noindex -Xfrontend -serialize-debugging-options -profile-coverage-mapping -profile-generate -enable-testing -suppress-warnings -index-store-path /tmp/kanpan-p0-main-dd/Index.noindex/DataStore -Xcc -D_LIBCPP_HARDENING_MODE\=_LIBCPP_HARDENING_MODE_DEBUG -swift-version 6 -I /tmp/kanpan-p0-main-dd/Build/Products/Debug-iphonesimulator -Isystem /Applications/Xcode.app/Contents/Developer/Platforms/iPhoneSimulator.platform/Developer/usr/lib -F /tmp/kanpan-p0-main-dd/Build/Products/Debug-iphonesimulator/PackageFrameworks -F /tmp/kanpan-p0-main-dd/Build/Products/Debug-iphonesimulator/PackageFrameworks -F /tmp/kanpan-p0-main-dd/Build/Products/Debug-iphonesimulator -F /Applications/Xcode.app/Contents/Developer/Platforms/iPhoneSimulator.platform/Developer/Library/Frameworks -F /Applications/Xcode.app/Contents/Developer/Platforms/iPhoneSimulator.platform/Developer/SDKs/iPhoneSimulator26.5.sdk/Developer/Library/Frameworks -c -j10 -enable-batch-mode -incremental -Xcc -ivfsstatcache -Xcc /tmp/kanpan-p0-main-dd/SDKStatCaches.noindex/iphonesimulator26.5-23F81a-6cfe768891a92b912361537c460fe42b.sdkstatcache -output-file-map /tmp/kanpan-p0-main-dd/Build/Intermediates.noindex/KanpanData.build/Debug-iphonesimulator/KanpanData.build/Objects-normal/arm64/KanpanData-OutputFileMap.json -use-frontend-parseable-output -save-temps -no-color-diagnostics -explicit-module-build -module-cache-path /tmp/kanpan-p0-main-dd/Build/Intermediates.noindex/SwiftExplicitPrecompiledModules -clang-scanner-module-cache-path /tmp/kanpan-p0-main-dd/ModuleCache.noindex -sdk-module-cache-path /tmp/kanpan-p0-main-dd/ModuleCache.noindex -serialize-diagnostics -emit-dependencies -emit-module -emit-module-path /tmp/kanpan-p0-main-dd/Build/Intermediates.noindex/KanpanData.build/Debug-iphonesimulator/KanpanData.build/Objects-normal/arm64/KanpanData.swiftmodule -validate-clang-modules-once -clang-build-session-file /tmp/kanpan-p0-main-dd/ModuleCache.noindex/Session.modulevalidation -package-name kanpandata -Xcc -I/tmp/kanpan-p0-main-dd/Build/Intermediates.noindex/KanpanData.build/Debug-iphonesimulator/KanpanData.build/swift-overrides.hmap -emit-const-values -Xfrontend -const-gather-protocols-file -Xfrontend /tmp/kanpan-p0-main-dd/Build/Intermediates.noindex/KanpanData.build/Debug-iphonesimulator/KanpanData.build/Objects-normal/arm64/KanpanData_const_extract_protocols.json -Xcc -I/tmp/kanpan-p0-main-dd/Build/Products/Debug-iphonesimulator/include -Xcc -I/tmp/kanpan-p0-main-dd/Build/Intermediates.noindex/KanpanData.build/Debug-iphonesimulator/KanpanData.build/DerivedSources-normal/arm64 -Xcc -I/tmp/kanpan-p0-main-dd/Build/Intermediates.noindex/KanpanData.build/Debug-iphonesimulator/KanpanData.build/DerivedSources/arm64 -Xcc -I/tmp/kanpan-p0-main-dd/Build/Intermediates.noindex/KanpanData.build/Debug-iphonesimulator/KanpanData.build/DerivedSources -Xcc -DSWIFT_PACKAGE -Xcc -DDEBUG\=1 -emit-objc-header -emit-objc-header-path /tmp/kanpan-p0-main-dd/Build/Intermediates.noindex/KanpanData.build/Debug-iphonesimulator/KanpanData.build/Objects-normal/arm64/KanpanData-Swift.h -working-directory /tmp/kanpan-p0-rework/Kanpan/KanpanTests/.swiftpm/xcode -experimental-emit-module-separately -disable-cmo

SwiftCompile normal arm64 Compiling\ ViewTransition.swift,\ ViewWindow.swift,\ IncrementalLines.swift,\ IndicatorEngine.swift /tmp/kanpan-p0-rework/KanpanCore/Sources/KanpanCore/Geometry/ViewTransition.swift /tmp/kanpan-p0-rework/KanpanCore/Sources/KanpanCore/Geometry/ViewWindow.swift /tmp/kanpan-p0-rework/KanpanCore/Sources/KanpanCore/Indicator/IncrementalLines.swift /tmp/kanpan-p0-rework/KanpanCore/Sources/KanpanCore/Indicator/IndicatorEngine.swift (in target 'KanpanCore' from project 'KanpanCore')
SwiftCompile normal arm64 /tmp/kanpan-p0-rework/KanpanCore/Sources/KanpanCore/Geometry/ViewTransition.swift (in target 'KanpanCore' from project 'KanpanCore')
    cd /tmp/kanpan-p0-rework/Kanpan/KanpanTests/.swiftpm/xcode
    

SwiftCompile normal arm64 /tmp/kanpan-p0-rework/KanpanCore/Sources/KanpanCore/Geometry/ViewWindow.swift (in target 'KanpanCore' from project 'KanpanCore')
    cd /tmp/kanpan-p0-rework/Kanpan/KanpanTests/.swiftpm/xcode
    

SwiftCompile normal arm64 /tmp/kanpan-p0-rework/KanpanCore/Sources/KanpanCore/Indicator/IncrementalLines.swift (in target 'KanpanCore' from project 'KanpanCore')
    cd /tmp/kanpan-p0-rework/Kanpan/KanpanTests/.swiftpm/xcode
    

SwiftCompile normal arm64 /tmp/kanpan-p0-rework/KanpanCore/Sources/KanpanCore/Indicator/IndicatorEngine.swift (in target 'KanpanCore' from project 'KanpanCore')
    cd /tmp/kanpan-p0-rework/Kanpan/KanpanTests/.swiftpm/xcode
    

SwiftCompile normal arm64 Compiling\ Constants.swift,\ Fling.swift,\ Layout.swift,\ PriceScale.swift,\ Ticks.swift /tmp/kanpan-p0-rework/KanpanCore/Sources/KanpanCore/Geometry/Constants.swift /tmp/kanpan-p0-rework/KanpanCore/Sources/KanpanCore/Geometry/Fling.swift /tmp/kanpan-p0-rework/KanpanCore/Sources/KanpanCore/Geometry/Layout.swift /tmp/kanpan-p0-rework/KanpanCore/Sources/KanpanCore/Geometry/PriceScale.swift /tmp/kanpan-p0-rework/KanpanCore/Sources/KanpanCore/Geometry/Ticks.swift (in target 'KanpanCore' from project 'KanpanCore')
SwiftCompile normal arm64 /tmp/kanpan-p0-rework/KanpanCore/Sources/KanpanCore/Geometry/Constants.swift (in target 'KanpanCore' from project 'KanpanCore')
    cd /tmp/kanpan-p0-rework/Kanpan/KanpanTests/.swiftpm/xcode
    

SwiftCompile normal arm64 /tmp/kanpan-p0-rework/KanpanCore/Sources/KanpanCore/Geometry/Fling.swift (in target 'KanpanCore' from project 'KanpanCore')
    cd /tmp/kanpan-p0-rework/Kanpan/KanpanTests/.swiftpm/xcode
    

SwiftCompile normal arm64 /tmp/kanpan-p0-rework/KanpanCore/Sources/KanpanCore/Geometry/Layout.swift (in target 'KanpanCore' from project 'KanpanCore')
    cd /tmp/kanpan-p0-rework/Kanpan/KanpanTests/.swiftpm/xcode
    

SwiftCompile normal arm64 /tmp/kanpan-p0-rework/KanpanCore/Sources/KanpanCore/Geometry/PriceScale.swift (in target 'KanpanCore' from project 'KanpanCore')
    cd /tmp/kanpan-p0-rework/Kanpan/KanpanTests/.swiftpm/xcode
    

SwiftCompile normal arm64 /tmp/kanpan-p0-rework/KanpanCore/Sources/KanpanCore/Geometry/Ticks.swift (in target 'KanpanCore' from project 'KanpanCore')
    cd /tmp/kanpan-p0-rework/Kanpan/KanpanTests/.swiftpm/xcode
    

SwiftDriverJobDiscovery normal arm64 Compiling SectorCatalog.swift, SectorSelection.swift, CandleStyle.swift, Palette.swift (in target 'KanpanCore' from project 'KanpanCore')

SwiftCompile normal arm64 Compiling\ ChartRenderer+Sub.swift /tmp/kanpan-p0-rework/KanpanChart/Sources/KanpanChart/ChartRenderer+Sub.swift (in target 'KanpanChart' from project 'KanpanChart')
SwiftCompile normal arm64 /tmp/kanpan-p0-rework/KanpanChart/Sources/KanpanChart/ChartRenderer+Sub.swift (in target 'KanpanChart' from project 'KanpanChart')
    cd /tmp/kanpan-p0-rework/Kanpan/KanpanTests/.swiftpm/xcode
    

SwiftDriverJobDiscovery normal arm64 Compiling ViewTransition.swift, ViewWindow.swift, IncrementalLines.swift, IndicatorEngine.swift (in target 'KanpanCore' from project 'KanpanCore')

SwiftCompile normal arm64 Compiling\ ChartRenderer.swift /tmp/kanpan-p0-rework/KanpanChart/Sources/KanpanChart/ChartRenderer.swift (in target 'KanpanChart' from project 'KanpanChart')
SwiftCompile normal arm64 /tmp/kanpan-p0-rework/KanpanChart/Sources/KanpanChart/ChartRenderer.swift (in target 'KanpanChart' from project 'KanpanChart')
    cd /tmp/kanpan-p0-rework/Kanpan/KanpanTests/.swiftpm/xcode
    

SwiftDriverJobDiscovery normal arm64 Compiling Constants.swift, Fling.swift, Layout.swift, PriceScale.swift, Ticks.swift (in target 'KanpanCore' from project 'KanpanCore')

SwiftDriver\ Compilation KanpanCore normal arm64 com.apple.xcode.tools.swift.compiler (in target 'KanpanCore' from project 'KanpanCore')
    cd /tmp/kanpan-p0-rework/Kanpan/KanpanTests/.swiftpm/xcode
    builtin-Swift-Compilation -- /Applications/Xcode.app/Contents/Developer/Toolchains/XcodeDefault.xctoolchain/usr/bin/swiftc -module-name KanpanCore -Onone @/tmp/kanpan-p0-main-dd/Build/Intermediates.noindex/KanpanCore.build/Debug-iphonesimulator/KanpanCore.build/Objects-normal/arm64/KanpanCore.SwiftFileList -DSWIFT_PACKAGE -DDEBUG -DSWIFT_MODULE_RESOURCE_BUNDLE_UNAVAILABLE -DXcode -plugin-path /Applications/Xcode.app/Contents/Developer/Toolchains/XcodeDefault.xctoolchain/usr/lib/swift/host/plugins/testing -enable-experimental-feature DebugDescriptionMacro -sdk /Applications/Xcode.app/Contents/Developer/Platforms/iPhoneSimulator.platform/Developer/SDKs/iPhoneSimulator26.5.sdk -target arm64-apple-ios26.0-simulator -g -module-cache-path /tmp/kanpan-p0-main-dd/ModuleCache.noindex -Xfrontend -serialize-debugging-options -profile-coverage-mapping -profile-generate -enable-testing -suppress-warnings -index-store-path /tmp/kanpan-p0-main-dd/Index.noindex/DataStore -Xcc -D_LIBCPP_HARDENING_MODE\=_LIBCPP_HARDENING_MODE_DEBUG -swift-version 6 -I /tmp/kanpan-p0-main-dd/Build/Products/Debug-iphonesimulator -Isystem /Applications/Xcode.app/Contents/Developer/Platforms/iPhoneSimulator.platform/Developer/usr/lib -F /tmp/kanpan-p0-main-dd/Build/Products/Debug-iphonesimulator -F /Applications/Xcode.app/Contents/Developer/Platforms/iPhoneSimulator.platform/Developer/Library/Frameworks -F /Applications/Xcode.app/Contents/Developer/Platforms/iPhoneSimulator.platform/Developer/SDKs/iPhoneSimulator26.5.sdk/Developer/Library/Frameworks -c -j10 -enable-batch-mode -incremental -Xcc -ivfsstatcache -Xcc /tmp/kanpan-p0-main-dd/SDKStatCaches.noindex/iphonesimulator26.5-23F81a-6cfe768891a92b912361537c460fe42b.sdkstatcache -output-file-map /tmp/kanpan-p0-main-dd/Build/Intermediates.noindex/KanpanCore.build/Debug-iphonesimulator/KanpanCore.build/Objects-normal/arm64/KanpanCore-OutputFileMap.json -use-frontend-parseable-output -save-temps -no-color-diagnostics -explicit-module-build -module-cache-path /tmp/kanpan-p0-main-dd/Build/Intermediates.noindex/SwiftExplicitPrecompiledModules -clang-scanner-module-cache-path /tmp/kanpan-p0-main-dd/ModuleCache.noindex -sdk-module-cache-path /tmp/kanpan-p0-main-dd/ModuleCache.noindex -serialize-diagnostics -emit-dependencies -emit-module -emit-module-path /tmp/kanpan-p0-main-dd/Build/Intermediates.noindex/KanpanCore.build/Debug-iphonesimulator/KanpanCore.build/Objects-normal/arm64/KanpanCore.swiftmodule -validate-clang-modules-once -clang-build-session-file /tmp/kanpan-p0-main-dd/ModuleCache.noindex/Session.modulevalidation -package-name kanpancore -Xcc -I/tmp/kanpan-p0-main-dd/Build/Intermediates.noindex/KanpanCore.build/Debug-iphonesimulator/KanpanCore.build/swift-overrides.hmap -emit-const-values -Xfrontend -const-gather-protocols-file -Xfrontend /tmp/kanpan-p0-main-dd/Build/Intermediates.noindex/KanpanCore.build/Debug-iphonesimulator/KanpanCore.build/Objects-normal/arm64/KanpanCore_const_extract_protocols.json -Xcc -I/tmp/kanpan-p0-main-dd/Build/Products/Debug-iphonesimulator/include -Xcc -I/tmp/kanpan-p0-main-dd/Build/Intermediates.noindex/KanpanCore.build/Debug-iphonesimulator/KanpanCore.build/DerivedSources-normal/arm64 -Xcc -I/tmp/kanpan-p0-main-dd/Build/Intermediates.noindex/KanpanCore.build/Debug-iphonesimulator/KanpanCore.build/DerivedSources/arm64 -Xcc -I/tmp/kanpan-p0-main-dd/Build/Intermediates.noindex/KanpanCore.build/Debug-iphonesimulator/KanpanCore.build/DerivedSources -Xcc -DSWIFT_PACKAGE -Xcc -DDEBUG\=1 -emit-objc-header -emit-objc-header-path /tmp/kanpan-p0-main-dd/Build/Intermediates.noindex/KanpanCore.build/Debug-iphonesimulator/KanpanCore.build/Objects-normal/arm64/KanpanCore-Swift.h -working-directory /tmp/kanpan-p0-rework/Kanpan/KanpanTests/.swiftpm/xcode -experimental-emit-module-separately -disable-cmo

SwiftDriverJobDiscovery normal arm64 Compiling ChartRenderer+Sub.swift (in target 'KanpanChart' from project 'KanpanChart')

SwiftCompile normal arm64 Compiling\ ChartView+Drawing.swift /tmp/kanpan-p0-rework/KanpanChart/Sources/KanpanChart/ChartView+Drawing.swift (in target 'KanpanChart' from project 'KanpanChart')
SwiftCompile normal arm64 /tmp/kanpan-p0-rework/KanpanChart/Sources/KanpanChart/ChartView+Drawing.swift (in target 'KanpanChart' from project 'KanpanChart')
    cd /tmp/kanpan-p0-rework/Kanpan/KanpanTests/.swiftpm/xcode
    

SwiftCompile normal arm64 Compiling\ Paint.swift /tmp/kanpan-p0-rework/KanpanChart/Sources/KanpanChart/Paint.swift (in target 'KanpanChart' from project 'KanpanChart')

SwiftCompile normal arm64 /tmp/kanpan-p0-rework/KanpanChart/Sources/KanpanChart/Paint.swift (in target 'KanpanChart' from project 'KanpanChart')
    cd /tmp/kanpan-p0-rework/Kanpan/KanpanTests/.swiftpm/xcode
    

SwiftDriverJobDiscovery normal arm64 Compiling ChartRenderer.swift (in target 'KanpanChart' from project 'KanpanChart')

SwiftDriverJobDiscovery normal arm64 Compiling Paint.swift (in target 'KanpanChart' from project 'KanpanChart')

SwiftCompile normal arm64 Compiling\ ChartView.swift /tmp/kanpan-p0-rework/KanpanChart/Sources/KanpanChart/ChartView.swift (in target 'KanpanChart' from project 'KanpanChart')
SwiftCompile normal arm64 /tmp/kanpan-p0-rework/KanpanChart/Sources/KanpanChart/ChartView.swift (in target 'KanpanChart' from project 'KanpanChart')
    cd /tmp/kanpan-p0-rework/Kanpan/KanpanTests/.swiftpm/xcode
    

SwiftDriver KanpanMain normal arm64 com.apple.xcode.tools.swift.compiler (in target 'KanpanMain' from project 'KanpanMain')
    cd /tmp/kanpan-p0-rework/Kanpan/KanpanTests/.swiftpm/xcode
    builtin-SwiftDriver -- /Applications/Xcode.app/Contents/Developer/Toolchains/XcodeDefault.xctoolchain/usr/bin/swiftc -module-name KanpanMain -Onone @/tmp/kanpan-p0-main-dd/Build/Intermediates.noindex/KanpanMain.build/Debug-iphonesimulator/KanpanMain.build/Objects-normal/arm64/KanpanMain.SwiftFileList -DSWIFT_PACKAGE -DDEBUG -DSWIFT_MODULE_RESOURCE_BUNDLE_UNAVAILABLE -DXcode -plugin-path /Applications/Xcode.app/Contents/Developer/Toolchains/XcodeDefault.xctoolchain/usr/lib/swift/host/plugins/testing -enable-experimental-feature DebugDescriptionMacro -sdk /Applications/Xcode.app/Contents/Developer/Platforms/iPhoneSimulator.platform/Developer/SDKs/iPhoneSimulator26.5.sdk -target arm64-apple-ios26.0-simulator -g -module-cache-path /tmp/kanpan-p0-main-dd/ModuleCache.noindex -Xfrontend -serialize-debugging-options -profile-coverage-mapping -profile-generate -enable-testing -index-store-path /tmp/kanpan-p0-main-dd/Index.noindex/DataStore -Xcc -D_LIBCPP_HARDENING_MODE\=_LIBCPP_HARDENING_MODE_DEBUG -swift-version 6 -I /tmp/kanpan-p0-main-dd/Build/Products/Debug-iphonesimulator -Isystem /Applications/Xcode.app/Contents/Developer/Platforms/iPhoneSimulator.platform/Developer/usr/lib -F /tmp/kanpan-p0-main-dd/Build/Products/Debug-iphonesimulator/PackageFrameworks -F /tmp/kanpan-p0-main-dd/Build/Products/Debug-iphonesimulator/PackageFrameworks -F /tmp/kanpan-p0-main-dd/Build/Products/Debug-iphonesimulator/PackageFrameworks -F /tmp/kanpan-p0-main-dd/Build/Products/Debug-iphonesimulator/PackageFrameworks -F /tmp/kanpan-p0-main-dd/Build/Products/Debug-iphonesimulator/PackageFrameworks -F /tmp/kanpan-p0-main-dd/Build/Products/Debug-iphonesimulator -F /Applications/Xcode.app/Contents/Developer/Platforms/iPhoneSimulator.platform/Developer/Library/Frameworks -F /Applications/Xcode.app/Contents/Developer/Platforms/iPhoneSimulator.platform/Developer/SDKs/iPhoneSimulator26.5.sdk/Developer/Library/Frameworks -c -j10 -enable-batch-mode -incremental -Xcc -ivfsstatcache -Xcc /tmp/kanpan-p0-main-dd/SDKStatCaches.noindex/iphonesimulator26.5-23F81a-6cfe768891a92b912361537c460fe42b.sdkstatcache -output-file-map /tmp/kanpan-p0-main-dd/Build/Intermediates.noindex/KanpanMain.build/Debug-iphonesimulator/KanpanMain.build/Objects-normal/arm64/KanpanMain-OutputFileMap.json -use-frontend-parseable-output -save-temps -no-color-diagnostics -explicit-module-build -module-cache-path /tmp/kanpan-p0-main-dd/Build/Intermediates.noindex/SwiftExplicitPrecompiledModules -clang-scanner-module-cache-path /tmp/kanpan-p0-main-dd/ModuleCache.noindex -sdk-module-cache-path /tmp/kanpan-p0-main-dd/ModuleCache.noindex -serialize-diagnostics -emit-dependencies -emit-module -emit-module-path /tmp/kanpan-p0-main-dd/Build/Intermediates.noindex/KanpanMain.build/Debug-iphonesimulator/KanpanMain.build/Objects-normal/arm64/KanpanMain.swiftmodule -validate-clang-modules-once -clang-build-session-file /tmp/kanpan-p0-main-dd/ModuleCache.noindex/Session.modulevalidation -package-name kanpantests -Xcc -I/tmp/kanpan-p0-main-dd/Build/Intermediates.noindex/KanpanMain.build/Debug-iphonesimulator/KanpanMain.build/swift-overrides.hmap -emit-const-values -Xfrontend -const-gather-protocols-file -Xfrontend /tmp/kanpan-p0-main-dd/Build/Intermediates.noindex/KanpanMain.build/Debug-iphonesimulator/KanpanMain.build/Objects-normal/arm64/KanpanMain_const_extract_protocols.json -Xcc -I/tmp/kanpan-p0-main-dd/Build/Products/Debug-iphonesimulator/include -Xcc -I/tmp/kanpan-p0-main-dd/Build/Intermediates.noindex/KanpanMain.build/Debug-iphonesimulator/KanpanMain.build/DerivedSources-normal/arm64 -Xcc -I/tmp/kanpan-p0-main-dd/Build/Intermediates.noindex/KanpanMain.build/Debug-iphonesimulator/KanpanMain.build/DerivedSources/arm64 -Xcc -I/tmp/kanpan-p0-main-dd/Build/Intermediates.noindex/KanpanMain.build/Debug-iphonesimulator/KanpanMain.build/DerivedSources -Xcc -DSWIFT_PACKAGE -Xcc -DDEBUG\=1 -emit-objc-header -emit-objc-header-path /tmp/kanpan-p0-main-dd/Build/Intermediates.noindex/KanpanMain.build/Debug-iphonesimulator/KanpanMain.build/Objects-normal/arm64/KanpanMain-Swift.h -working-directory /tmp/kanpan-p0-rework/Kanpan/KanpanTests/.swiftpm/xcode -experimental-emit-module-separately -disable-cmo

SwiftDriverJobDiscovery normal arm64 Compiling ChartView+Drawing.swift (in target 'KanpanChart' from project 'KanpanChart')

SwiftCompile normal arm64 Compiling\ ChartRenderer+Probe.swift /tmp/kanpan-p0-rework/KanpanChart/Sources/KanpanChart/ChartRenderer+Probe.swift (in target 'KanpanChart' from project 'KanpanChart')
SwiftCompile normal arm64 /tmp/kanpan-p0-rework/KanpanChart/Sources/KanpanChart/ChartRenderer+Probe.swift (in target 'KanpanChart' from project 'KanpanChart')
    cd /tmp/kanpan-p0-rework/Kanpan/KanpanTests/.swiftpm/xcode
    

SwiftEmitModule normal arm64 Emitting\ module\ for\ KanpanMain (in target 'KanpanMain' from project 'KanpanMain')
EmitSwiftModule normal arm64 (in target 'KanpanMain' from project 'KanpanMain')
    cd /tmp/kanpan-p0-rework/Kanpan/KanpanTests/.swiftpm/xcode
    

SwiftDriverJobDiscovery normal arm64 Compiling ChartView.swift (in target 'KanpanChart' from project 'KanpanChart')

SwiftCompile normal arm64 Compiling\ ShareItem.swift /tmp/kanpan-p0-rework/Kanpan/KanpanTests/Sources/KanpanMain/ShareItem.swift (in target 'KanpanMain' from project 'KanpanMain')

SwiftCompile normal arm64 /tmp/kanpan-p0-rework/Kanpan/KanpanTests/Sources/KanpanMain/ShareItem.swift (in target 'KanpanMain' from project 'KanpanMain')
    cd /tmp/kanpan-p0-rework/Kanpan/KanpanTests/.swiftpm/xcode
    

SwiftDriverJobDiscovery normal arm64 Compiling ChartRenderer+Probe.swift (in target 'KanpanChart' from project 'KanpanChart')

SwiftCompile normal arm64 Compiling\ AppLifecycle.swift,\ BackgroundGrace.swift /tmp/kanpan-p0-rework/Kanpan/KanpanTests/Sources/KanpanMain/AppLifecycle.swift /tmp/kanpan-p0-rework/Kanpan/KanpanTests/Sources/KanpanMain/BackgroundGrace.swift (in target 'KanpanMain' from project 'KanpanMain')

SwiftCompile normal arm64 /tmp/kanpan-p0-rework/Kanpan/KanpanTests/Sources/KanpanMain/AppLifecycle.swift (in target 'KanpanMain' from project 'KanpanMain')
    cd /tmp/kanpan-p0-rework/Kanpan/KanpanTests/.swiftpm/xcode
    

SwiftCompile normal arm64 /tmp/kanpan-p0-rework/Kanpan/KanpanTests/Sources/KanpanMain/BackgroundGrace.swift (in target 'KanpanMain' from project 'KanpanMain')
    cd /tmp/kanpan-p0-rework/Kanpan/KanpanTests/.swiftpm/xcode
    

SwiftDriverJobDiscovery normal arm64 Compiling ShareItem.swift (in target 'KanpanMain' from project 'KanpanMain')

SwiftCompile normal arm64 Compiling\ ShareClient.swift /tmp/kanpan-p0-rework/Kanpan/KanpanTests/Sources/KanpanMain/ShareClient.swift (in target 'KanpanMain' from project 'KanpanMain')

SwiftCompile normal arm64 /tmp/kanpan-p0-rework/Kanpan/KanpanTests/Sources/KanpanMain/ShareClient.swift (in target 'KanpanMain' from project 'KanpanMain')
    cd /tmp/kanpan-p0-rework/Kanpan/KanpanTests/.swiftpm/xcode
    

SwiftDriverJobDiscovery normal arm64 Compiling AppLifecycle.swift, BackgroundGrace.swift (in target 'KanpanMain' from project 'KanpanMain')

SwiftCompile normal arm64 Compiling\ RootTeardown.swift /tmp/kanpan-p0-rework/Kanpan/KanpanTests/Sources/KanpanMain/RootTeardown.swift (in target 'KanpanMain' from project 'KanpanMain')
SwiftCompile normal arm64 /tmp/kanpan-p0-rework/Kanpan/KanpanTests/Sources/KanpanMain/RootTeardown.swift (in target 'KanpanMain' from project 'KanpanMain')
    cd /tmp/kanpan-p0-rework/Kanpan/KanpanTests/.swiftpm/xcode
    

SwiftDriverJobDiscovery normal arm64 Compiling ShareClient.swift (in target 'KanpanMain' from project 'KanpanMain')

SwiftCompile normal arm64 Compiling\ QuoteSession.swift,\ QuoteSubscriptionPlan.swift /tmp/kanpan-p0-rework/Kanpan/KanpanTests/Sources/KanpanMain/QuoteSession.swift /tmp/kanpan-p0-rework/Kanpan/KanpanTests/Sources/KanpanMain/QuoteSubscriptionPlan.swift (in target 'KanpanMain' from project 'KanpanMain')
SwiftCompile normal arm64 /tmp/kanpan-p0-rework/Kanpan/KanpanTests/Sources/KanpanMain/QuoteSession.swift (in target 'KanpanMain' from project 'KanpanMain')
    cd /tmp/kanpan-p0-rework/Kanpan/KanpanTests/.swiftpm/xcode
    

SwiftCompile normal arm64 /tmp/kanpan-p0-rework/Kanpan/KanpanTests/Sources/KanpanMain/QuoteSubscriptionPlan.swift (in target 'KanpanMain' from project 'KanpanMain')
    cd /tmp/kanpan-p0-rework/Kanpan/KanpanTests/.swiftpm/xcode
    

SwiftDriverJobDiscovery normal arm64 Emitting module for KanpanMain (in target 'KanpanMain' from project 'KanpanMain')

SwiftDriver\ Compilation\ Requirements KanpanMain normal arm64 com.apple.xcode.tools.swift.compiler (in target 'KanpanMain' from project 'KanpanMain')
    cd /tmp/kanpan-p0-rework/Kanpan/KanpanTests/.swiftpm/xcode
    builtin-Swift-Compilation-Requirements -- /Applications/Xcode.app/Contents/Developer/Toolchains/XcodeDefault.xctoolchain/usr/bin/swiftc -module-name KanpanMain -Onone @/tmp/kanpan-p0-main-dd/Build/Intermediates.noindex/KanpanMain.build/Debug-iphonesimulator/KanpanMain.build/Objects-normal/arm64/KanpanMain.SwiftFileList -DSWIFT_PACKAGE -DDEBUG -DSWIFT_MODULE_RESOURCE_BUNDLE_UNAVAILABLE -DXcode -plugin-path /Applications/Xcode.app/Contents/Developer/Toolchains/XcodeDefault.xctoolchain/usr/lib/swift/host/plugins/testing -enable-experimental-feature DebugDescriptionMacro -sdk /Applications/Xcode.app/Contents/Developer/Platforms/iPhoneSimulator.platform/Developer/SDKs/iPhoneSimulator26.5.sdk -target arm64-apple-ios26.0-simulator -g -module-cache-path /tmp/kanpan-p0-main-dd/ModuleCache.noindex -Xfrontend -serialize-debugging-options -profile-coverage-mapping -profile-generate -enable-testing -index-store-path /tmp/kanpan-p0-main-dd/Index.noindex/DataStore -Xcc -D_LIBCPP_HARDENING_MODE\=_LIBCPP_HARDENING_MODE_DEBUG -swift-version 6 -I /tmp/kanpan-p0-main-dd/Build/Products/Debug-iphonesimulator -Isystem /Applications/Xcode.app/Contents/Developer/Platforms/iPhoneSimulator.platform/Developer/usr/lib -F /tmp/kanpan-p0-main-dd/Build/Products/Debug-iphonesimulator/PackageFrameworks -F /tmp/kanpan-p0-main-dd/Build/Products/Debug-iphonesimulator/PackageFrameworks -F /tmp/kanpan-p0-main-dd/Build/Products/Debug-iphonesimulator/PackageFrameworks -F /tmp/kanpan-p0-main-dd/Build/Products/Debug-iphonesimulator/PackageFrameworks -F /tmp/kanpan-p0-main-dd/Build/Products/Debug-iphonesimulator/PackageFrameworks -F /tmp/kanpan-p0-main-dd/Build/Products/Debug-iphonesimulator -F /Applications/Xcode.app/Contents/Developer/Platforms/iPhoneSimulator.platform/Developer/Library/Frameworks -F /Applications/Xcode.app/Contents/Developer/Platforms/iPhoneSimulator.platform/Developer/SDKs/iPhoneSimulator26.5.sdk/Developer/Library/Frameworks -c -j10 -enable-batch-mode -incremental -Xcc -ivfsstatcache -Xcc /tmp/kanpan-p0-main-dd/SDKStatCaches.noindex/iphonesimulator26.5-23F81a-6cfe768891a92b912361537c460fe42b.sdkstatcache -output-file-map /tmp/kanpan-p0-main-dd/Build/Intermediates.noindex/KanpanMain.build/Debug-iphonesimulator/KanpanMain.build/Objects-normal/arm64/KanpanMain-OutputFileMap.json -use-frontend-parseable-output -save-temps -no-color-diagnostics -explicit-module-build -module-cache-path /tmp/kanpan-p0-main-dd/Build/Intermediates.noindex/SwiftExplicitPrecompiledModules -clang-scanner-module-cache-path /tmp/kanpan-p0-main-dd/ModuleCache.noindex -sdk-module-cache-path /tmp/kanpan-p0-main-dd/ModuleCache.noindex -serialize-diagnostics -emit-dependencies -emit-module -emit-module-path /tmp/kanpan-p0-main-dd/Build/Intermediates.noindex/KanpanMain.build/Debug-iphonesimulator/KanpanMain.build/Objects-normal/arm64/KanpanMain.swiftmodule -validate-clang-modules-once -clang-build-session-file /tmp/kanpan-p0-main-dd/ModuleCache.noindex/Session.modulevalidation -package-name kanpantests -Xcc -I/tmp/kanpan-p0-main-dd/Build/Intermediates.noindex/KanpanMain.build/Debug-iphonesimulator/KanpanMain.build/swift-overrides.hmap -emit-const-values -Xfrontend -const-gather-protocols-file -Xfrontend /tmp/kanpan-p0-main-dd/Build/Intermediates.noindex/KanpanMain.build/Debug-iphonesimulator/KanpanMain.build/Objects-normal/arm64/KanpanMain_const_extract_protocols.json -Xcc -I/tmp/kanpan-p0-main-dd/Build/Products/Debug-iphonesimulator/include -Xcc -I/tmp/kanpan-p0-main-dd/Build/Intermediates.noindex/KanpanMain.build/Debug-iphonesimulator/KanpanMain.build/DerivedSources-normal/arm64 -Xcc -I/tmp/kanpan-p0-main-dd/Build/Intermediates.noindex/KanpanMain.build/Debug-iphonesimulator/KanpanMain.build/DerivedSources/arm64 -Xcc -I/tmp/kanpan-p0-main-dd/Build/Intermediates.noindex/KanpanMain.build/Debug-iphonesimulator/KanpanMain.build/DerivedSources -Xcc -DSWIFT_PACKAGE -Xcc -DDEBUG\=1 -emit-objc-header -emit-objc-header-path /tmp/kanpan-p0-main-dd/Build/Intermediates.noindex/KanpanMain.build/Debug-iphonesimulator/KanpanMain.build/Objects-normal/arm64/KanpanMain-Swift.h -working-directory /tmp/kanpan-p0-rework/Kanpan/KanpanTests/.swiftpm/xcode -experimental-emit-module-separately -disable-cmo

SwiftDriverJobDiscovery normal arm64 Compiling RootTeardown.swift (in target 'KanpanMain' from project 'KanpanMain')

SwiftCompile normal arm64 Compiling\ DrawingController.swift,\ HeaderStats.swift /tmp/kanpan-p0-rework/Kanpan/KanpanTests/Sources/KanpanMain/DrawingController.swift /tmp/kanpan-p0-rework/Kanpan/KanpanTests/Sources/KanpanMain/HeaderStats.swift (in target 'KanpanMain' from project 'KanpanMain')
SwiftCompile normal arm64 /tmp/kanpan-p0-rework/Kanpan/KanpanTests/Sources/KanpanMain/DrawingController.swift (in target 'KanpanMain' from project 'KanpanMain')
    cd /tmp/kanpan-p0-rework/Kanpan/KanpanTests/.swiftpm/xcode
    

SwiftCompile normal arm64 /tmp/kanpan-p0-rework/Kanpan/KanpanTests/Sources/KanpanMain/HeaderStats.swift (in target 'KanpanMain' from project 'KanpanMain')
    cd /tmp/kanpan-p0-rework/Kanpan/KanpanTests/.swiftpm/xcode
    

Copy /tmp/kanpan-p0-main-dd/Build/Products/Debug-iphonesimulator/KanpanMain.swiftmodule/Project/arm64-apple-ios-simulator.swiftsourceinfo /tmp/kanpan-p0-main-dd/Build/Intermediates.noindex/KanpanMain.build/Debug-iphonesimulator/KanpanMain.build/Objects-normal/arm64/KanpanMain.swiftsourceinfo (in target 'KanpanMain' from project 'KanpanMain')
    cd /tmp/kanpan-p0-rework/Kanpan/KanpanTests
    builtin-copy -exclude .DS_Store -exclude CVS -exclude .svn -exclude .git -exclude .hg -resolve-src-symlinks -rename /tmp/kanpan-p0-main-dd/Build/Intermediates.noindex/KanpanMain.build/Debug-iphonesimulator/KanpanMain.build/Objects-normal/arm64/KanpanMain.swiftsourceinfo /tmp/kanpan-p0-main-dd/Build/Products/Debug-iphonesimulator/KanpanMain.swiftmodule/Project/arm64-apple-ios-simulator.swiftsourceinfo

SwiftDriverJobDiscovery normal arm64 Compiling QuoteSession.swift, QuoteSubscriptionPlan.swift (in target 'KanpanMain' from project 'KanpanMain')

SwiftCompile normal arm64 Compiling\ PushRegistration.swift,\ QuoteBook.swift /tmp/kanpan-p0-rework/Kanpan/KanpanTests/Sources/KanpanMain/PushRegistration.swift /tmp/kanpan-p0-rework/Kanpan/KanpanTests/Sources/KanpanMain/QuoteBook.swift (in target 'KanpanMain' from project 'KanpanMain')
SwiftCompile normal arm64 /tmp/kanpan-p0-rework/Kanpan/KanpanTests/Sources/KanpanMain/PushRegistration.swift (in target 'KanpanMain' from project 'KanpanMain')
    cd /tmp/kanpan-p0-rework/Kanpan/KanpanTests/.swiftpm/xcode
    

SwiftCompile normal arm64 /tmp/kanpan-p0-rework/Kanpan/KanpanTests/Sources/KanpanMain/QuoteBook.swift (in target 'KanpanMain' from project 'KanpanMain')
    cd /tmp/kanpan-p0-rework/Kanpan/KanpanTests/.swiftpm/xcode
    

Copy /tmp/kanpan-p0-main-dd/Build/Products/Debug-iphonesimulator/KanpanMain.swiftmodule/arm64-apple-ios-simulator.swiftmodule /tmp/kanpan-p0-main-dd/Build/Intermediates.noindex/KanpanMain.build/Debug-iphonesimulator/KanpanMain.build/Objects-normal/arm64/KanpanMain.swiftmodule (in target 'KanpanMain' from project 'KanpanMain')
    cd /tmp/kanpan-p0-rework/Kanpan/KanpanTests
    builtin-copy -exclude .DS_Store -exclude CVS -exclude .svn -exclude .git -exclude .hg -resolve-src-symlinks -rename /tmp/kanpan-p0-main-dd/Build/Intermediates.noindex/KanpanMain.build/Debug-iphonesimulator/KanpanMain.build/Objects-normal/arm64/KanpanMain.swiftmodule /tmp/kanpan-p0-main-dd/Build/Products/Debug-iphonesimulator/KanpanMain.swiftmodule/arm64-apple-ios-simulator.swiftmodule

SwiftDriverJobDiscovery normal arm64 Compiling DrawingController.swift, HeaderStats.swift (in target 'KanpanMain' from project 'KanpanMain')

Copy /tmp/kanpan-p0-main-dd/Build/Products/Debug-iphonesimulator/KanpanMain.swiftmodule/arm64-apple-ios-simulator.abi.json /tmp/kanpan-p0-main-dd/Build/Intermediates.noindex/KanpanMain.build/Debug-iphonesimulator/KanpanMain.build/Objects-normal/arm64/KanpanMain.abi.json (in target 'KanpanMain' from project 'KanpanMain')
    cd /tmp/kanpan-p0-rework/Kanpan/KanpanTests
    builtin-copy -exclude .DS_Store -exclude CVS -exclude .svn -exclude .git -exclude .hg -resolve-src-symlinks -rename /tmp/kanpan-p0-main-dd/Build/Intermediates.noindex/KanpanMain.build/Debug-iphonesimulator/KanpanMain.build/Objects-normal/arm64/KanpanMain.abi.json /tmp/kanpan-p0-main-dd/Build/Products/Debug-iphonesimulator/KanpanMain.swiftmodule/arm64-apple-ios-simulator.abi.json

SwiftCompile normal arm64 Compiling\ MarketModel.swift,\ MarketNetworkMonitor.swift /tmp/kanpan-p0-rework/Kanpan/KanpanTests/Sources/KanpanMain/MarketModel.swift /tmp/kanpan-p0-rework/Kanpan/KanpanTests/Sources/KanpanMain/MarketNetworkMonitor.swift (in target 'KanpanMain' from project 'KanpanMain')
SwiftCompile normal arm64 /tmp/kanpan-p0-rework/Kanpan/KanpanTests/Sources/KanpanMain/MarketModel.swift (in target 'KanpanMain' from project 'KanpanMain')
    cd /tmp/kanpan-p0-rework/Kanpan/KanpanTests/.swiftpm/xcode
    

SwiftCompile normal arm64 /tmp/kanpan-p0-rework/Kanpan/KanpanTests/Sources/KanpanMain/MarketNetworkMonitor.swift (in target 'KanpanMain' from project 'KanpanMain')
    cd /tmp/kanpan-p0-rework/Kanpan/KanpanTests/.swiftpm/xcode
    

SwiftDriverJobDiscovery normal arm64 Compiling PushRegistration.swift, QuoteBook.swift (in target 'KanpanMain' from project 'KanpanMain')

SwiftCompile normal arm64 Compiling\ ShareInbox.swift /tmp/kanpan-p0-rework/Kanpan/KanpanTests/Sources/KanpanMain/ShareInbox.swift (in target 'KanpanMain' from project 'KanpanMain')
SwiftCompile normal arm64 /tmp/kanpan-p0-rework/Kanpan/KanpanTests/Sources/KanpanMain/ShareInbox.swift (in target 'KanpanMain' from project 'KanpanMain')
    cd /tmp/kanpan-p0-rework/Kanpan/KanpanTests/.swiftpm/xcode
    

SwiftDriver KanpanMainTests normal arm64 com.apple.xcode.tools.swift.compiler (in target 'KanpanMainTests' from project 'KanpanMain')
    cd /tmp/kanpan-p0-rework/Kanpan/KanpanTests/.swiftpm/xcode
    builtin-SwiftDriver -- /Applications/Xcode.app/Contents/Developer/Toolchains/XcodeDefault.xctoolchain/usr/bin/swiftc -module-name KanpanMainTests -Onone @/tmp/kanpan-p0-main-dd/Build/Intermediates.noindex/KanpanMain.build/Debug-iphonesimulator/KanpanMainTests.build/Objects-normal/arm64/KanpanMainTests.SwiftFileList -DSWIFT_PACKAGE -DDEBUG -DXcode -plugin-path /Applications/Xcode.app/Contents/Developer/Toolchains/XcodeDefault.xctoolchain/usr/lib/swift/host/plugins/testing -enable-experimental-feature DebugDescriptionMacro -sdk /Applications/Xcode.app/Contents/Developer/Platforms/iPhoneSimulator.platform/Developer/SDKs/iPhoneSimulator26.5.sdk -target arm64-apple-ios26.0-simulator -g -module-cache-path /tmp/kanpan-p0-main-dd/ModuleCache.noindex -Xfrontend -serialize-debugging-options -profile-coverage-mapping -profile-generate -enable-testing -index-store-path /tmp/kanpan-p0-main-dd/Index.noindex/DataStore -Xcc -D_LIBCPP_HARDENING_MODE\=_LIBCPP_HARDENING_MODE_DEBUG -swift-version 6 -I /tmp/kanpan-p0-main-dd/Build/Products/Debug-iphonesimulator -Isystem /Applications/Xcode.app/Contents/Developer/Platforms/iPhoneSimulator.platform/Developer/usr/lib -F /tmp/kanpan-p0-main-dd/Build/Products/Debug-iphonesimulator/PackageFrameworks -F /tmp/kanpan-p0-main-dd/Build/Products/Debug-iphonesimulator/PackageFrameworks -F /tmp/kanpan-p0-main-dd/Build/Products/Debug-iphonesimulator/PackageFrameworks -F /tmp/kanpan-p0-main-dd/Build/Products/Debug-iphonesimulator/PackageFrameworks -F /tmp/kanpan-p0-main-dd/Build/Products/Debug-iphonesimulator/PackageFrameworks -F /tmp/kanpan-p0-main-dd/Build/Products/Debug-iphonesimulator/PackageFrameworks -F /tmp/kanpan-p0-main-dd/Build/Products/Debug-iphonesimulator -F /Applications/Xcode.app/Contents/Developer/Platforms/iPhoneSimulator.platform/Developer/Library/Frameworks -F /Applications/Xcode.app/Contents/Developer/Platforms/iPhoneSimulator.platform/Developer/SDKs/iPhoneSimulator26.5.sdk/Developer/Library/Frameworks -c -j10 -enable-batch-mode -incremental -Xcc -ivfsstatcache -Xcc /tmp/kanpan-p0-main-dd/SDKStatCaches.noindex/iphonesimulator26.5-23F81a-6cfe768891a92b912361537c460fe42b.sdkstatcache -output-file-map /tmp/kanpan-p0-main-dd/Build/Intermediates.noindex/KanpanMain.build/Debug-iphonesimulator/KanpanMainTests.build/Objects-normal/arm64/KanpanMainTests-OutputFileMap.json -use-frontend-parseable-output -save-temps -no-color-diagnostics -explicit-module-build -module-cache-path /tmp/kanpan-p0-main-dd/Build/Intermediates.noindex/SwiftExplicitPrecompiledModules -clang-scanner-module-cache-path /tmp/kanpan-p0-main-dd/ModuleCache.noindex -sdk-module-cache-path /tmp/kanpan-p0-main-dd/ModuleCache.noindex -serialize-diagnostics -emit-dependencies -emit-module -emit-module-path /tmp/kanpan-p0-main-dd/Build/Intermediates.noindex/KanpanMain.build/Debug-iphonesimulator/KanpanMainTests.build/Objects-normal/arm64/KanpanMainTests.swiftmodule -validate-clang-modules-once -clang-build-session-file /tmp/kanpan-p0-main-dd/ModuleCache.noindex/Session.modulevalidation -package-name kanpantests -emit-const-values -Xfrontend -const-gather-protocols-file -Xfrontend /tmp/kanpan-p0-main-dd/Build/Intermediates.noindex/KanpanMain.build/Debug-iphonesimulator/KanpanMainTests.build/Objects-normal/arm64/KanpanMainTests_const_extract_protocols.json -Xcc -I/tmp/kanpan-p0-main-dd/Build/Products/Debug-iphonesimulator/include -Xcc -I/tmp/kanpan-p0-main-dd/Build/Intermediates.noindex/KanpanMain.build/Debug-iphonesimulator/KanpanMainTests.build/DerivedSources-normal/arm64 -Xcc -I/tmp/kanpan-p0-main-dd/Build/Intermediates.noindex/KanpanMain.build/Debug-iphonesimulator/KanpanMainTests.build/DerivedSources/arm64 -Xcc -I/tmp/kanpan-p0-main-dd/Build/Intermediates.noindex/KanpanMain.build/Debug-iphonesimulator/KanpanMainTests.build/DerivedSources -Xcc -DSWIFT_PACKAGE -Xcc -DDEBUG\=1 -working-directory /tmp/kanpan-p0-rework/Kanpan/KanpanTests/.swiftpm/xcode -experimental-emit-module-separately -disable-cmo

SwiftDriverJobDiscovery normal arm64 Compiling MarketModel.swift, MarketNetworkMonitor.swift (in target 'KanpanMain' from project 'KanpanMain')

SwiftCompile normal arm64 Compiling\ MarketStats.swift,\ OrientationBridge.swift /tmp/kanpan-p0-rework/Kanpan/KanpanTests/Sources/KanpanMain/MarketStats.swift /tmp/kanpan-p0-rework/Kanpan/KanpanTests/Sources/KanpanMain/OrientationBridge.swift (in target 'KanpanMain' from project 'KanpanMain')
SwiftCompile normal arm64 /tmp/kanpan-p0-rework/Kanpan/KanpanTests/Sources/KanpanMain/MarketStats.swift (in target 'KanpanMain' from project 'KanpanMain')
    cd /tmp/kanpan-p0-rework/Kanpan/KanpanTests/.swiftpm/xcode
    

SwiftCompile normal arm64 /tmp/kanpan-p0-rework/Kanpan/KanpanTests/Sources/KanpanMain/OrientationBridge.swift (in target 'KanpanMain' from project 'KanpanMain')
    cd /tmp/kanpan-p0-rework/Kanpan/KanpanTests/.swiftpm/xcode
    

SwiftEmitModule normal arm64 Emitting\ module\ for\ KanpanMainTests (in target 'KanpanMainTests' from project 'KanpanMain')

EmitSwiftModule normal arm64 (in target 'KanpanMainTests' from project 'KanpanMain')
    cd /tmp/kanpan-p0-rework/Kanpan/KanpanTests/.swiftpm/xcode
    

SwiftDriverJobDiscovery normal arm64 Compiling ShareInbox.swift (in target 'KanpanMain' from project 'KanpanMain')

SwiftCompile normal arm64 Compiling\ ShareTests.swift /tmp/kanpan-p0-rework/Kanpan/KanpanTests/Tests/KanpanMainTests/ShareTests.swift (in target 'KanpanMainTests' from project 'KanpanMain')
SwiftCompile normal arm64 /tmp/kanpan-p0-rework/Kanpan/KanpanTests/Tests/KanpanMainTests/ShareTests.swift (in target 'KanpanMainTests' from project 'KanpanMain')
    cd /tmp/kanpan-p0-rework/Kanpan/KanpanTests/.swiftpm/xcode
    

SwiftDriverJobDiscovery normal arm64 Emitting module for KanpanMainTests (in target 'KanpanMainTests' from project 'KanpanMain')

SwiftDriver\ Compilation\ Requirements KanpanMainTests normal arm64 com.apple.xcode.tools.swift.compiler (in target 'KanpanMainTests' from project 'KanpanMain')
    cd /tmp/kanpan-p0-rework/Kanpan/KanpanTests/.swiftpm/xcode
    builtin-Swift-Compilation-Requirements -- /Applications/Xcode.app/Contents/Developer/Toolchains/XcodeDefault.xctoolchain/usr/bin/swiftc -module-name KanpanMainTests -Onone @/tmp/kanpan-p0-main-dd/Build/Intermediates.noindex/KanpanMain.build/Debug-iphonesimulator/KanpanMainTests.build/Objects-normal/arm64/KanpanMainTests.SwiftFileList -DSWIFT_PACKAGE -DDEBUG -DXcode -plugin-path /Applications/Xcode.app/Contents/Developer/Toolchains/XcodeDefault.xctoolchain/usr/lib/swift/host/plugins/testing -enable-experimental-feature DebugDescriptionMacro -sdk /Applications/Xcode.app/Contents/Developer/Platforms/iPhoneSimulator.platform/Developer/SDKs/iPhoneSimulator26.5.sdk -target arm64-apple-ios26.0-simulator -g -module-cache-path /tmp/kanpan-p0-main-dd/ModuleCache.noindex -Xfrontend -serialize-debugging-options -profile-coverage-mapping -profile-generate -enable-testing -index-store-path /tmp/kanpan-p0-main-dd/Index.noindex/DataStore -Xcc -D_LIBCPP_HARDENING_MODE\=_LIBCPP_HARDENING_MODE_DEBUG -swift-version 6 -I /tmp/kanpan-p0-main-dd/Build/Products/Debug-iphonesimulator -Isystem /Applications/Xcode.app/Contents/Developer/Platforms/iPhoneSimulator.platform/Developer/usr/lib -F /tmp/kanpan-p0-main-dd/Build/Products/Debug-iphonesimulator/PackageFrameworks -F /tmp/kanpan-p0-main-dd/Build/Products/Debug-iphonesimulator/PackageFrameworks -F /tmp/kanpan-p0-main-dd/Build/Products/Debug-iphonesimulator/PackageFrameworks -F /tmp/kanpan-p0-main-dd/Build/Products/Debug-iphonesimulator/PackageFrameworks -F /tmp/kanpan-p0-main-dd/Build/Products/Debug-iphonesimulator/PackageFrameworks -F /tmp/kanpan-p0-main-dd/Build/Products/Debug-iphonesimulator/PackageFrameworks -F /tmp/kanpan-p0-main-dd/Build/Products/Debug-iphonesimulator -F /Applications/Xcode.app/Contents/Developer/Platforms/iPhoneSimulator.platform/Developer/Library/Frameworks -F /Applications/Xcode.app/Contents/Developer/Platforms/iPhoneSimulator.platform/Developer/SDKs/iPhoneSimulator26.5.sdk/Developer/Library/Frameworks -c -j10 -enable-batch-mode -incremental -Xcc -ivfsstatcache -Xcc /tmp/kanpan-p0-main-dd/SDKStatCaches.noindex/iphonesimulator26.5-23F81a-6cfe768891a92b912361537c460fe42b.sdkstatcache -output-file-map /tmp/kanpan-p0-main-dd/Build/Intermediates.noindex/KanpanMain.build/Debug-iphonesimulator/KanpanMainTests.build/Objects-normal/arm64/KanpanMainTests-OutputFileMap.json -use-frontend-parseable-output -save-temps -no-color-diagnostics -explicit-module-build -module-cache-path /tmp/kanpan-p0-main-dd/Build/Intermediates.noindex/SwiftExplicitPrecompiledModules -clang-scanner-module-cache-path /tmp/kanpan-p0-main-dd/ModuleCache.noindex -sdk-module-cache-path /tmp/kanpan-p0-main-dd/ModuleCache.noindex -serialize-diagnostics -emit-dependencies -emit-module -emit-module-path /tmp/kanpan-p0-main-dd/Build/Intermediates.noindex/KanpanMain.build/Debug-iphonesimulator/KanpanMainTests.build/Objects-normal/arm64/KanpanMainTests.swiftmodule -validate-clang-modules-once -clang-build-session-file /tmp/kanpan-p0-main-dd/ModuleCache.noindex/Session.modulevalidation -package-name kanpantests -emit-const-values -Xfrontend -const-gather-protocols-file -Xfrontend /tmp/kanpan-p0-main-dd/Build/Intermediates.noindex/KanpanMain.build/Debug-iphonesimulator/KanpanMainTests.build/Objects-normal/arm64/KanpanMainTests_const_extract_protocols.json -Xcc -I/tmp/kanpan-p0-main-dd/Build/Products/Debug-iphonesimulator/include -Xcc -I/tmp/kanpan-p0-main-dd/Build/Intermediates.noindex/KanpanMain.build/Debug-iphonesimulator/KanpanMainTests.build/DerivedSources-normal/arm64 -Xcc -I/tmp/kanpan-p0-main-dd/Build/Intermediates.noindex/KanpanMain.build/Debug-iphonesimulator/KanpanMainTests.build/DerivedSources/arm64 -Xcc -I/tmp/kanpan-p0-main-dd/Build/Intermediates.noindex/KanpanMain.build/Debug-iphonesimulator/KanpanMainTests.build/DerivedSources -Xcc -DSWIFT_PACKAGE -Xcc -DDEBUG\=1 -working-directory /tmp/kanpan-p0-rework/Kanpan/KanpanTests/.swiftpm/xcode -experimental-emit-module-separately -disable-cmo

SwiftDriverJobDiscovery normal arm64 Compiling MarketStats.swift, OrientationBridge.swift (in target 'KanpanMain' from project 'KanpanMain')

SwiftCompile normal arm64 Compiling\ LifecycleTests.swift /tmp/kanpan-p0-rework/Kanpan/KanpanTests/Tests/KanpanMainTests/LifecycleTests.swift (in target 'KanpanMainTests' from project 'KanpanMain')
SwiftCompile normal arm64 /tmp/kanpan-p0-rework/Kanpan/KanpanTests/Tests/KanpanMainTests/LifecycleTests.swift (in target 'KanpanMainTests' from project 'KanpanMain')
    cd /tmp/kanpan-p0-rework/Kanpan/KanpanTests/.swiftpm/xcode
    

Copy /tmp/kanpan-p0-main-dd/Build/Products/Debug-iphonesimulator/KanpanMainTests.swiftmodule/Project/arm64-apple-ios-simulator.swiftsourceinfo /tmp/kanpan-p0-main-dd/Build/Intermediates.noindex/KanpanMain.build/Debug-iphonesimulator/KanpanMainTests.build/Objects-normal/arm64/KanpanMainTests.swiftsourceinfo (in target 'KanpanMainTests' from project 'KanpanMain')
    cd /tmp/kanpan-p0-rework/Kanpan/KanpanTests
    builtin-copy -exclude .DS_Store -exclude CVS -exclude .svn -exclude .git -exclude .hg -resolve-src-symlinks -rename /tmp/kanpan-p0-main-dd/Build/Intermediates.noindex/KanpanMain.build/Debug-iphonesimulator/KanpanMainTests.build/Objects-normal/arm64/KanpanMainTests.swiftsourceinfo /tmp/kanpan-p0-main-dd/Build/Products/Debug-iphonesimulator/KanpanMainTests.swiftmodule/Project/arm64-apple-ios-simulator.swiftsourceinfo

SwiftDriverJobDiscovery normal arm64 Compiling ShareTests.swift (in target 'KanpanMainTests' from project 'KanpanMain')

SwiftCompile normal arm64 Compiling\ DrawingActivationTests.swift /tmp/kanpan-p0-rework/Kanpan/KanpanTests/Tests/KanpanMainTests/DrawingActivationTests.swift (in target 'KanpanMainTests' from project 'KanpanMain')
SwiftCompile normal arm64 /tmp/kanpan-p0-rework/Kanpan/KanpanTests/Tests/KanpanMainTests/DrawingActivationTests.swift (in target 'KanpanMainTests' from project 'KanpanMain')
    cd /tmp/kanpan-p0-rework/Kanpan/KanpanTests/.swiftpm/xcode
    

Copy /tmp/kanpan-p0-main-dd/Build/Products/Debug-iphonesimulator/KanpanMainTests.swiftmodule/arm64-apple-ios-simulator.swiftmodule /tmp/kanpan-p0-main-dd/Build/Intermediates.noindex/KanpanMain.build/Debug-iphonesimulator/KanpanMainTests.build/Objects-normal/arm64/KanpanMainTests.swiftmodule (in target 'KanpanMainTests' from project 'KanpanMain')
    cd /tmp/kanpan-p0-rework/Kanpan/KanpanTests
    builtin-copy -exclude .DS_Store -exclude CVS -exclude .svn -exclude .git -exclude .hg -resolve-src-symlinks -rename /tmp/kanpan-p0-main-dd/Build/Intermediates.noindex/KanpanMain.build/Debug-iphonesimulator/KanpanMainTests.build/Objects-normal/arm64/KanpanMainTests.swiftmodule /tmp/kanpan-p0-main-dd/Build/Products/Debug-iphonesimulator/KanpanMainTests.swiftmodule/arm64-apple-ios-simulator.swiftmodule

SwiftDriverJobDiscovery normal arm64 Compiling LifecycleTests.swift (in target 'KanpanMainTests' from project 'KanpanMain')

Copy /tmp/kanpan-p0-main-dd/Build/Products/Debug-iphonesimulator/KanpanMainTests.swiftmodule/arm64-apple-ios-simulator.abi.json /tmp/kanpan-p0-main-dd/Build/Intermediates.noindex/KanpanMain.build/Debug-iphonesimulator/KanpanMainTests.build/Objects-normal/arm64/KanpanMainTests.abi.json (in target 'KanpanMainTests' from project 'KanpanMain')
    cd /tmp/kanpan-p0-rework/Kanpan/KanpanTests
    builtin-copy -exclude .DS_Store -exclude CVS -exclude .svn -exclude .git -exclude .hg -resolve-src-symlinks -rename /tmp/kanpan-p0-main-dd/Build/Intermediates.noindex/KanpanMain.build/Debug-iphonesimulator/KanpanMainTests.build/Objects-normal/arm64/KanpanMainTests.abi.json /tmp/kanpan-p0-main-dd/Build/Products/Debug-iphonesimulator/KanpanMainTests.swiftmodule/arm64-apple-ios-simulator.abi.json

SwiftCompile normal arm64 Compiling\ HeaderStatsTests.swift /tmp/kanpan-p0-rework/Kanpan/KanpanTests/Tests/KanpanMainTests/HeaderStatsTests.swift (in target 'KanpanMainTests' from project 'KanpanMain')
SwiftCompile normal arm64 /tmp/kanpan-p0-rework/Kanpan/KanpanTests/Tests/KanpanMainTests/HeaderStatsTests.swift (in target 'KanpanMainTests' from project 'KanpanMain')
    cd /tmp/kanpan-p0-rework/Kanpan/KanpanTests/.swiftpm/xcode
    

SwiftDriver\ Compilation KanpanMain normal arm64 com.apple.xcode.tools.swift.compiler (in target 'KanpanMain' from project 'KanpanMain')
    cd /tmp/kanpan-p0-rework/Kanpan/KanpanTests/.swiftpm/xcode
    builtin-Swift-Compilation -- /Applications/Xcode.app/Contents/Developer/Toolchains/XcodeDefault.xctoolchain/usr/bin/swiftc -module-name KanpanMain -Onone @/tmp/kanpan-p0-main-dd/Build/Intermediates.noindex/KanpanMain.build/Debug-iphonesimulator/KanpanMain.build/Objects-normal/arm64/KanpanMain.SwiftFileList -DSWIFT_PACKAGE -DDEBUG -DSWIFT_MODULE_RESOURCE_BUNDLE_UNAVAILABLE -DXcode -plugin-path /Applications/Xcode.app/Contents/Developer/Toolchains/XcodeDefault.xctoolchain/usr/lib/swift/host/plugins/testing -enable-experimental-feature DebugDescriptionMacro -sdk /Applications/Xcode.app/Contents/Developer/Platforms/iPhoneSimulator.platform/Developer/SDKs/iPhoneSimulator26.5.sdk -target arm64-apple-ios26.0-simulator -g -module-cache-path /tmp/kanpan-p0-main-dd/ModuleCache.noindex -Xfrontend -serialize-debugging-options -profile-coverage-mapping -profile-generate -enable-testing -index-store-path /tmp/kanpan-p0-main-dd/Index.noindex/DataStore -Xcc -D_LIBCPP_HARDENING_MODE\=_LIBCPP_HARDENING_MODE_DEBUG -swift-version 6 -I /tmp/kanpan-p0-main-dd/Build/Products/Debug-iphonesimulator -Isystem /Applications/Xcode.app/Contents/Developer/Platforms/iPhoneSimulator.platform/Developer/usr/lib -F /tmp/kanpan-p0-main-dd/Build/Products/Debug-iphonesimulator/PackageFrameworks -F /tmp/kanpan-p0-main-dd/Build/Products/Debug-iphonesimulator/PackageFrameworks -F /tmp/kanpan-p0-main-dd/Build/Products/Debug-iphonesimulator/PackageFrameworks -F /tmp/kanpan-p0-main-dd/Build/Products/Debug-iphonesimulator/PackageFrameworks -F /tmp/kanpan-p0-main-dd/Build/Products/Debug-iphonesimulator/PackageFrameworks -F /tmp/kanpan-p0-main-dd/Build/Products/Debug-iphonesimulator -F /Applications/Xcode.app/Contents/Developer/Platforms/iPhoneSimulator.platform/Developer/Library/Frameworks -F /Applications/Xcode.app/Contents/Developer/Platforms/iPhoneSimulator.platform/Developer/SDKs/iPhoneSimulator26.5.sdk/Developer/Library/Frameworks -c -j10 -enable-batch-mode -incremental -Xcc -ivfsstatcache -Xcc /tmp/kanpan-p0-main-dd/SDKStatCaches.noindex/iphonesimulator26.5-23F81a-6cfe768891a92b912361537c460fe42b.sdkstatcache -output-file-map /tmp/kanpan-p0-main-dd/Build/Intermediates.noindex/KanpanMain.build/Debug-iphonesimulator/KanpanMain.build/Objects-normal/arm64/KanpanMain-OutputFileMap.json -use-frontend-parseable-output -save-temps -no-color-diagnostics -explicit-module-build -module-cache-path /tmp/kanpan-p0-main-dd/Build/Intermediates.noindex/SwiftExplicitPrecompiledModules -clang-scanner-module-cache-path /tmp/kanpan-p0-main-dd/ModuleCache.noindex -sdk-module-cache-path /tmp/kanpan-p0-main-dd/ModuleCache.noindex -serialize-diagnostics -emit-dependencies -emit-module -emit-module-path /tmp/kanpan-p0-main-dd/Build/Intermediates.noindex/KanpanMain.build/Debug-iphonesimulator/KanpanMain.build/Objects-normal/arm64/KanpanMain.swiftmodule -validate-clang-modules-once -clang-build-session-file /tmp/kanpan-p0-main-dd/ModuleCache.noindex/Session.modulevalidation -package-name kanpantests -Xcc -I/tmp/kanpan-p0-main-dd/Build/Intermediates.noindex/KanpanMain.build/Debug-iphonesimulator/KanpanMain.build/swift-overrides.hmap -emit-const-values -Xfrontend -const-gather-protocols-file -Xfrontend /tmp/kanpan-p0-main-dd/Build/Intermediates.noindex/KanpanMain.build/Debug-iphonesimulator/KanpanMain.build/Objects-normal/arm64/KanpanMain_const_extract_protocols.json -Xcc -I/tmp/kanpan-p0-main-dd/Build/Products/Debug-iphonesimulator/include -Xcc -I/tmp/kanpan-p0-main-dd/Build/Intermediates.noindex/KanpanMain.build/Debug-iphonesimulator/KanpanMain.build/DerivedSources-normal/arm64 -Xcc -I/tmp/kanpan-p0-main-dd/Build/Intermediates.noindex/KanpanMain.build/Debug-iphonesimulator/KanpanMain.build/DerivedSources/arm64 -Xcc -I/tmp/kanpan-p0-main-dd/Build/Intermediates.noindex/KanpanMain.build/Debug-iphonesimulator/KanpanMain.build/DerivedSources -Xcc -DSWIFT_PACKAGE -Xcc -DDEBUG\=1 -emit-objc-header -emit-objc-header-path /tmp/kanpan-p0-main-dd/Build/Intermediates.noindex/KanpanMain.build/Debug-iphonesimulator/KanpanMain.build/Objects-normal/arm64/KanpanMain-Swift.h -working-directory /tmp/kanpan-p0-rework/Kanpan/KanpanTests/.swiftpm/xcode -experimental-emit-module-separately -disable-cmo

SwiftDriverJobDiscovery normal arm64 Compiling DrawingActivationTests.swift (in target 'KanpanMainTests' from project 'KanpanMain')

SwiftCompile normal arm64 Compiling\ ChartView+Gesture.swift /tmp/kanpan-p0-rework/KanpanChart/Sources/KanpanChart/ChartView+Gesture.swift (in target 'KanpanChart' from project 'KanpanChart')

SwiftCompile normal arm64 /tmp/kanpan-p0-rework/KanpanChart/Sources/KanpanChart/ChartView+Gesture.swift (in target 'KanpanChart' from project 'KanpanChart')
    cd /tmp/kanpan-p0-rework/Kanpan/KanpanTests/.swiftpm/xcode
    

SwiftCompile normal arm64 Compiling\ ChartState.swift /tmp/kanpan-p0-rework/KanpanChart/Sources/KanpanChart/ChartState.swift (in target 'KanpanChart' from project 'KanpanChart')
SwiftCompile normal arm64 /tmp/kanpan-p0-rework/KanpanChart/Sources/KanpanChart/ChartState.swift (in target 'KanpanChart' from project 'KanpanChart')
    cd /tmp/kanpan-p0-rework/Kanpan/KanpanTests/.swiftpm/xcode
    

SwiftDriverJobDiscovery normal arm64 Compiling ChartView+Gesture.swift (in target 'KanpanChart' from project 'KanpanChart')

SwiftCompile normal arm64 Compiling\ ChartWorkCounter.swift /tmp/kanpan-p0-rework/KanpanChart/Sources/KanpanChart/ChartWorkCounter.swift (in target 'KanpanChart' from project 'KanpanChart')

SwiftCompile normal arm64 /tmp/kanpan-p0-rework/KanpanChart/Sources/KanpanChart/ChartWorkCounter.swift (in target 'KanpanChart' from project 'KanpanChart')
    cd /tmp/kanpan-p0-rework/Kanpan/KanpanTests/.swiftpm/xcode
    

SwiftDriverJobDiscovery normal arm64 Compiling HeaderStatsTests.swift (in target 'KanpanMainTests' from project 'KanpanMain')

SwiftDriverJobDiscovery normal arm64 Compiling ChartWorkCounter.swift (in target 'KanpanChart' from project 'KanpanChart')

SwiftDriver\ Compilation KanpanMainTests normal arm64 com.apple.xcode.tools.swift.compiler (in target 'KanpanMainTests' from project 'KanpanMain')
    cd /tmp/kanpan-p0-rework/Kanpan/KanpanTests/.swiftpm/xcode
    builtin-Swift-Compilation -- /Applications/Xcode.app/Contents/Developer/Toolchains/XcodeDefault.xctoolchain/usr/bin/swiftc -module-name KanpanMainTests -Onone @/tmp/kanpan-p0-main-dd/Build/Intermediates.noindex/KanpanMain.build/Debug-iphonesimulator/KanpanMainTests.build/Objects-normal/arm64/KanpanMainTests.SwiftFileList -DSWIFT_PACKAGE -DDEBUG -DXcode -plugin-path /Applications/Xcode.app/Contents/Developer/Toolchains/XcodeDefault.xctoolchain/usr/lib/swift/host/plugins/testing -enable-experimental-feature DebugDescriptionMacro -sdk /Applications/Xcode.app/Contents/Developer/Platforms/iPhoneSimulator.platform/Developer/SDKs/iPhoneSimulator26.5.sdk -target arm64-apple-ios26.0-simulator -g -module-cache-path /tmp/kanpan-p0-main-dd/ModuleCache.noindex -Xfrontend -serialize-debugging-options -profile-coverage-mapping -profile-generate -enable-testing -index-store-path /tmp/kanpan-p0-main-dd/Index.noindex/DataStore -Xcc -D_LIBCPP_HARDENING_MODE\=_LIBCPP_HARDENING_MODE_DEBUG -swift-version 6 -I /tmp/kanpan-p0-main-dd/Build/Products/Debug-iphonesimulator -Isystem /Applications/Xcode.app/Contents/Developer/Platforms/iPhoneSimulator.platform/Developer/usr/lib -F /tmp/kanpan-p0-main-dd/Build/Products/Debug-iphonesimulator/PackageFrameworks -F /tmp/kanpan-p0-main-dd/Build/Products/Debug-iphonesimulator/PackageFrameworks -F /tmp/kanpan-p0-main-dd/Build/Products/Debug-iphonesimulator/PackageFrameworks -F /tmp/kanpan-p0-main-dd/Build/Products/Debug-iphonesimulator/PackageFrameworks -F /tmp/kanpan-p0-main-dd/Build/Products/Debug-iphonesimulator/PackageFrameworks -F /tmp/kanpan-p0-main-dd/Build/Products/Debug-iphonesimulator/PackageFrameworks -F /tmp/kanpan-p0-main-dd/Build/Products/Debug-iphonesimulator -F /Applications/Xcode.app/Contents/Developer/Platforms/iPhoneSimulator.platform/Developer/Library/Frameworks -F /Applications/Xcode.app/Contents/Developer/Platforms/iPhoneSimulator.platform/Developer/SDKs/iPhoneSimulator26.5.sdk/Developer/Library/Frameworks -c -j10 -enable-batch-mode -incremental -Xcc -ivfsstatcache -Xcc /tmp/kanpan-p0-main-dd/SDKStatCaches.noindex/iphonesimulator26.5-23F81a-6cfe768891a92b912361537c460fe42b.sdkstatcache -output-file-map /tmp/kanpan-p0-main-dd/Build/Intermediates.noindex/KanpanMain.build/Debug-iphonesimulator/KanpanMainTests.build/Objects-normal/arm64/KanpanMainTests-OutputFileMap.json -use-frontend-parseable-output -save-temps -no-color-diagnostics -explicit-module-build -module-cache-path /tmp/kanpan-p0-main-dd/Build/Intermediates.noindex/SwiftExplicitPrecompiledModules -clang-scanner-module-cache-path /tmp/kanpan-p0-main-dd/ModuleCache.noindex -sdk-module-cache-path /tmp/kanpan-p0-main-dd/ModuleCache.noindex -serialize-diagnostics -emit-dependencies -emit-module -emit-module-path /tmp/kanpan-p0-main-dd/Build/Intermediates.noindex/KanpanMain.build/Debug-iphonesimulator/KanpanMainTests.build/Objects-normal/arm64/KanpanMainTests.swiftmodule -validate-clang-modules-once -clang-build-session-file /tmp/kanpan-p0-main-dd/ModuleCache.noindex/Session.modulevalidation -package-name kanpantests -emit-const-values -Xfrontend -const-gather-protocols-file -Xfrontend /tmp/kanpan-p0-main-dd/Build/Intermediates.noindex/KanpanMain.build/Debug-iphonesimulator/KanpanMainTests.build/Objects-normal/arm64/KanpanMainTests_const_extract_protocols.json -Xcc -I/tmp/kanpan-p0-main-dd/Build/Products/Debug-iphonesimulator/include -Xcc -I/tmp/kanpan-p0-main-dd/Build/Intermediates.noindex/KanpanMain.build/Debug-iphonesimulator/KanpanMainTests.build/DerivedSources-normal/arm64 -Xcc -I/tmp/kanpan-p0-main-dd/Build/Intermediates.noindex/KanpanMain.build/Debug-iphonesimulator/KanpanMainTests.build/DerivedSources/arm64 -Xcc -I/tmp/kanpan-p0-main-dd/Build/Intermediates.noindex/KanpanMain.build/Debug-iphonesimulator/KanpanMainTests.build/DerivedSources -Xcc -DSWIFT_PACKAGE -Xcc -DDEBUG\=1 -working-directory /tmp/kanpan-p0-rework/Kanpan/KanpanTests/.swiftpm/xcode -experimental-emit-module-separately -disable-cmo

SwiftCompile normal arm64 Compiling\ ChartRenderer+Layers.swift /tmp/kanpan-p0-rework/KanpanChart/Sources/KanpanChart/ChartRenderer+Layers.swift (in target 'KanpanChart' from project 'KanpanChart')

SwiftCompile normal arm64 /tmp/kanpan-p0-rework/KanpanChart/Sources/KanpanChart/ChartRenderer+Layers.swift (in target 'KanpanChart' from project 'KanpanChart')
    cd /tmp/kanpan-p0-rework/Kanpan/KanpanTests/.swiftpm/xcode
    

SwiftDriverJobDiscovery normal arm64 Compiling ChartState.swift (in target 'KanpanChart' from project 'KanpanChart')

Ld /tmp/kanpan-p0-main-dd/Build/Products/Debug-iphonesimulator/KanpanCore.o normal (in target 'KanpanCore' from project 'KanpanCore')
    cd /tmp/kanpan-p0-rework/KanpanCore
    /Applications/Xcode.app/Contents/Developer/Toolchains/XcodeDefault.xctoolchain/usr/bin/clang -Xlinker -reproducible -target arm64-apple-ios26.0-simulator -r -isysroot /Applications/Xcode.app/Contents/Developer/Platforms/iPhoneSimulator.platform/Developer/SDKs/iPhoneSimulator26.5.sdk -O0 -w -F/tmp/kanpan-p0-main-dd/Build/Intermediates.noindex/EagerLinkingTBDs/Debug-iphonesimulator -F/tmp/kanpan-p0-main-dd/Build/Products/Debug-iphonesimulator -iframework /Applications/Xcode.app/Contents/Developer/Platforms/iPhoneSimulator.platform/Developer/Library/Frameworks -iframework /Applications/Xcode.app/Contents/Developer/Platforms/iPhoneSimulator.platform/Developer/SDKs/iPhoneSimulator26.5.sdk/Developer/Library/Frameworks -filelist /tmp/kanpan-p0-main-dd/Build/Intermediates.noindex/KanpanCore.build/Debug-iphonesimulator/KanpanCore.build/Objects-normal/arm64/KanpanCore.LinkFileList -nostdlib -Xlinker -object_path_lto -Xlinker /tmp/kanpan-p0-main-dd/Build/Intermediates.noindex/KanpanCore.build/Debug-iphonesimulator/KanpanCore.build/Objects-normal/arm64/KanpanCore_lto.o -Xlinker -no_deduplicate -Xlinker -objc_abi_version -Xlinker 2 -Xlinker -debug_variant -Xlinker -dependency_info -Xlinker /tmp/kanpan-p0-main-dd/Build/Intermediates.noindex/KanpanCore.build/Debug-iphonesimulator/KanpanCore.build/Objects-normal/arm64/KanpanCore_dependency_info.dat -fobjc-link-runtime -L/Applications/Xcode.app/Contents/Developer/Toolchains/XcodeDefault.xctoolchain/usr/lib/swift/iphonesimulator -L/usr/lib/swift -Xlinker -add_ast_path -Xlinker /tmp/kanpan-p0-main-dd/Build/Intermediates.noindex/KanpanCore.build/Debug-iphonesimulator/KanpanCore.build/Objects-normal/arm64/KanpanCore.swiftmodule @/tmp/kanpan-p0-main-dd/Build/Intermediates.noindex/KanpanCore.build/Debug-iphonesimulator/KanpanCore.build/Objects-normal/arm64/KanpanCore-linker-args.resp -o /tmp/kanpan-p0-main-dd/Build/Products/Debug-iphonesimulator/KanpanCore.o

ExtractAppIntentsMetadata (in target 'KanpanCore' from project 'KanpanCore')
    cd /tmp/kanpan-p0-rework/KanpanCore
    /Applications/Xcode.app/Contents/Developer/Toolchains/XcodeDefault.xctoolchain/usr/bin/appintentsmetadataprocessor --toolchain-dir /Applications/Xcode.app/Contents/Developer/Toolchains/XcodeDefault.xctoolchain --module-name KanpanCore --sdk-root /Applications/Xcode.app/Contents/Developer/Platforms/iPhoneSimulator.platform/Developer/SDKs/iPhoneSimulator26.5.sdk --xcode-version 17F113 --platform-family iOS --deployment-target 26.0 --bundle-identifier kanpancore.KanpanCore --output /tmp/kanpan-p0-main-dd/Build/Products/Debug-iphonesimulator/KanpanCore.appintents --target-triple arm64-apple-ios26.0-simulator --binary-file /tmp/kanpan-p0-main-dd/Build/Products/Debug-iphonesimulator/KanpanCore.o --dependency-file /tmp/kanpan-p0-main-dd/Build/Intermediates.noindex/KanpanCore.build/Debug-iphonesimulator/KanpanCore.build/Objects-normal/arm64/KanpanCore_dependency_info.dat --stringsdata-file /tmp/kanpan-p0-main-dd/Build/Intermediates.noindex/KanpanCore.build/Debug-iphonesimulator/KanpanCore.build/Objects-normal/arm64/ExtractedAppShortcutsMetadata.stringsdata --source-file-list /tmp/kanpan-p0-main-dd/Build/Intermediates.noindex/KanpanCore.build/Debug-iphonesimulator/KanpanCore.build/Objects-normal/arm64/KanpanCore.SwiftFileList --metadata-file-list /tmp/kanpan-p0-main-dd/Build/Intermediates.noindex/KanpanCore.build/Debug-iphonesimulator/KanpanCore.build/KanpanCore.DependencyMetadataFileList --static-metadata-file-list /tmp/kanpan-p0-main-dd/Build/Intermediates.noindex/KanpanCore.build/Debug-iphonesimulator/KanpanCore.build/KanpanCore.DependencyStaticMetadataFileList --swift-const-vals-list /tmp/kanpan-p0-main-dd/Build/Intermediates.noindex/KanpanCore.build/Debug-iphonesimulator/KanpanCore.build/Objects-normal/arm64/KanpanCore.SwiftConstValuesFileList --force --compile-time-extraction --deployment-aware-processing --validate-assistant-intents --no-app-shortcuts-localization
2026-09-22 12:58:56.602 appintentsmetadataprocessor[35793:3587504] Starting appintentsmetadataprocessor export
2026-09-22 12:58:56.693 appintentsmetadataprocessor[35793:3587504] Extracted no relevant App Intents symbols, skipping writing output

RegisterExecutionPolicyException /tmp/kanpan-p0-main-dd/Build/Products/Debug-iphonesimulator/KanpanCore.o (in target 'KanpanCore' from project 'KanpanCore')
    cd /tmp/kanpan-p0-rework/KanpanCore
    builtin-RegisterExecutionPolicyException /tmp/kanpan-p0-main-dd/Build/Products/Debug-iphonesimulator/KanpanCore.o

Ld /tmp/kanpan-p0-main-dd/Build/Products/Debug-iphonesimulator/KanpanNetwork.o normal (in target 'KanpanNetwork' from project 'KanpanNetwork')
    cd /tmp/kanpan-p0-rework/KanpanNetwork
    /Applications/Xcode.app/Contents/Developer/Toolchains/XcodeDefault.xctoolchain/usr/bin/clang -Xlinker -reproducible -target arm64-apple-ios26.0-simulator -r -isysroot /Applications/Xcode.app/Contents/Developer/Platforms/iPhoneSimulator.platform/Developer/SDKs/iPhoneSimulator26.5.sdk -O0 -w -F/tmp/kanpan-p0-main-dd/Build/Intermediates.noindex/EagerLinkingTBDs/Debug-iphonesimulator -F/tmp/kanpan-p0-main-dd/Build/Products/Debug-iphonesimulator/PackageFrameworks -F/tmp/kanpan-p0-main-dd/Build/Products/Debug-iphonesimulator -iframework /Applications/Xcode.app/Contents/Developer/Platforms/iPhoneSimulator.platform/Developer/Library/Frameworks -iframework /Applications/Xcode.app/Contents/Developer/Platforms/iPhoneSimulator.platform/Developer/SDKs/iPhoneSimulator26.5.sdk/Developer/Library/Frameworks -filelist /tmp/kanpan-p0-main-dd/Build/Intermediates.noindex/KanpanNetwork.build/Debug-iphonesimulator/KanpanNetwork.build/Objects-normal/arm64/KanpanNetwork.LinkFileList -nostdlib -Xlinker -object_path_lto -Xlinker /tmp/kanpan-p0-main-dd/Build/Intermediates.noindex/KanpanNetwork.build/Debug-iphonesimulator/KanpanNetwork.build/Objects-normal/arm64/KanpanNetwork_lto.o -Xlinker -no_deduplicate -Xlinker -objc_abi_version -Xlinker 2 -Xlinker -debug_variant -Xlinker -dependency_info -Xlinker /tmp/kanpan-p0-main-dd/Build/Intermediates.noindex/KanpanNetwork.build/Debug-iphonesimulator/KanpanNetwork.build/Objects-normal/arm64/KanpanNetwork_dependency_info.dat -fobjc-link-runtime -L/Applications/Xcode.app/Contents/Developer/Toolchains/XcodeDefault.xctoolchain/usr/lib/swift/iphonesimulator -L/usr/lib/swift -Xlinker -add_ast_path -Xlinker /tmp/kanpan-p0-main-dd/Build/Intermediates.noindex/KanpanNetwork.build/Debug-iphonesimulator/KanpanNetwork.build/Objects-normal/arm64/KanpanNetwork.swiftmodule @/tmp/kanpan-p0-main-dd/Build/Intermediates.noindex/KanpanNetwork.build/Debug-iphonesimulator/KanpanNetwork.build/Objects-normal/arm64/KanpanNetwork-linker-args.resp -o /tmp/kanpan-p0-main-dd/Build/Products/Debug-iphonesimulator/KanpanNetwork.o

SwiftDriverJobDiscovery normal arm64 Compiling ChartRenderer+Layers.swift (in target 'KanpanChart' from project 'KanpanChart')

SwiftDriver\ Compilation KanpanChart normal arm64 com.apple.xcode.tools.swift.compiler (in target 'KanpanChart' from project 'KanpanChart')
    cd /tmp/kanpan-p0-rework/Kanpan/KanpanTests/.swiftpm/xcode
    builtin-Swift-Compilation -- /Applications/Xcode.app/Contents/Developer/Toolchains/XcodeDefault.xctoolchain/usr/bin/swiftc -module-name KanpanChart -Onone @/tmp/kanpan-p0-main-dd/Build/Intermediates.noindex/KanpanChart.build/Debug-iphonesimulator/KanpanChart.build/Objects-normal/arm64/KanpanChart.SwiftFileList -DSWIFT_PACKAGE -DDEBUG -DSWIFT_MODULE_RESOURCE_BUNDLE_UNAVAILABLE -DXcode -plugin-path /Applications/Xcode.app/Contents/Developer/Toolchains/XcodeDefault.xctoolchain/usr/lib/swift/host/plugins/testing -enable-experimental-feature DebugDescriptionMacro -sdk /Applications/Xcode.app/Contents/Developer/Platforms/iPhoneSimulator.platform/Developer/SDKs/iPhoneSimulator26.5.sdk -target arm64-apple-ios26.0-simulator -g -module-cache-path /tmp/kanpan-p0-main-dd/ModuleCache.noindex -Xfrontend -serialize-debugging-options -profile-coverage-mapping -profile-generate -enable-testing -suppress-warnings -index-store-path /tmp/kanpan-p0-main-dd/Index.noindex/DataStore -Xcc -D_LIBCPP_HARDENING_MODE\=_LIBCPP_HARDENING_MODE_DEBUG -swift-version 6 -I /tmp/kanpan-p0-main-dd/Build/Products/Debug-iphonesimulator -Isystem /Applications/Xcode.app/Contents/Developer/Platforms/iPhoneSimulator.platform/Developer/usr/lib -F /tmp/kanpan-p0-main-dd/Build/Products/Debug-iphonesimulator/PackageFrameworks -F /tmp/kanpan-p0-main-dd/Build/Products/Debug-iphonesimulator -F /Applications/Xcode.app/Contents/Developer/Platforms/iPhoneSimulator.platform/Developer/Library/Frameworks -F /Applications/Xcode.app/Contents/Developer/Platforms/iPhoneSimulator.platform/Developer/SDKs/iPhoneSimulator26.5.sdk/Developer/Library/Frameworks -c -j10 -enable-batch-mode -incremental -Xcc -ivfsstatcache -Xcc /tmp/kanpan-p0-main-dd/SDKStatCaches.noindex/iphonesimulator26.5-23F81a-6cfe768891a92b912361537c460fe42b.sdkstatcache -output-file-map /tmp/kanpan-p0-main-dd/Build/Intermediates.noindex/KanpanChart.build/Debug-iphonesimulator/KanpanChart.build/Objects-normal/arm64/KanpanChart-OutputFileMap.json -use-frontend-parseable-output -save-temps -no-color-diagnostics -explicit-module-build -module-cache-path /tmp/kanpan-p0-main-dd/Build/Intermediates.noindex/SwiftExplicitPrecompiledModules -clang-scanner-module-cache-path /tmp/kanpan-p0-main-dd/ModuleCache.noindex -sdk-module-cache-path /tmp/kanpan-p0-main-dd/ModuleCache.noindex -serialize-diagnostics -emit-dependencies -emit-module -emit-module-path /tmp/kanpan-p0-main-dd/Build/Intermediates.noindex/KanpanChart.build/Debug-iphonesimulator/KanpanChart.build/Objects-normal/arm64/KanpanChart.swiftmodule -validate-clang-modules-once -clang-build-session-file /tmp/kanpan-p0-main-dd/ModuleCache.noindex/Session.modulevalidation -package-name kanpanchart -Xcc -I/tmp/kanpan-p0-main-dd/Build/Intermediates.noindex/KanpanChart.build/Debug-iphonesimulator/KanpanChart.build/swift-overrides.hmap -emit-const-values -Xfrontend -const-gather-protocols-file -Xfrontend /tmp/kanpan-p0-main-dd/Build/Intermediates.noindex/KanpanChart.build/Debug-iphonesimulator/KanpanChart.build/Objects-normal/arm64/KanpanChart_const_extract_protocols.json -Xcc -I/tmp/kanpan-p0-main-dd/Build/Products/Debug-iphonesimulator/include -Xcc -I/tmp/kanpan-p0-main-dd/Build/Intermediates.noindex/KanpanChart.build/Debug-iphonesimulator/KanpanChart.build/DerivedSources-normal/arm64 -Xcc -I/tmp/kanpan-p0-main-dd/Build/Intermediates.noindex/KanpanChart.build/Debug-iphonesimulator/KanpanChart.build/DerivedSources/arm64 -Xcc -I/tmp/kanpan-p0-main-dd/Build/Intermediates.noindex/KanpanChart.build/Debug-iphonesimulator/KanpanChart.build/DerivedSources -Xcc -DSWIFT_PACKAGE -Xcc -DDEBUG\=1 -emit-objc-header -emit-objc-header-path /tmp/kanpan-p0-main-dd/Build/Intermediates.noindex/KanpanChart.build/Debug-iphonesimulator/KanpanChart.build/Objects-normal/arm64/KanpanChart-Swift.h -working-directory /tmp/kanpan-p0-rework/Kanpan/KanpanTests/.swiftpm/xcode -experimental-emit-module-separately -disable-cmo

Ld /tmp/kanpan-p0-main-dd/Build/Products/Debug-iphonesimulator/KanpanChart.o normal (in target 'KanpanChart' from project 'KanpanChart')
    cd /tmp/kanpan-p0-rework/KanpanChart
    /Applications/Xcode.app/Contents/Developer/Toolchains/XcodeDefault.xctoolchain/usr/bin/clang -Xlinker -reproducible -target arm64-apple-ios26.0-simulator -r -isysroot /Applications/Xcode.app/Contents/Developer/Platforms/iPhoneSimulator.platform/Developer/SDKs/iPhoneSimulator26.5.sdk -O0 -w -F/tmp/kanpan-p0-main-dd/Build/Intermediates.noindex/EagerLinkingTBDs/Debug-iphonesimulator -F/tmp/kanpan-p0-main-dd/Build/Products/Debug-iphonesimulator/PackageFrameworks -F/tmp/kanpan-p0-main-dd/Build/Products/Debug-iphonesimulator -iframework /Applications/Xcode.app/Contents/Developer/Platforms/iPhoneSimulator.platform/Developer/Library/Frameworks -iframework /Applications/Xcode.app/Contents/Developer/Platforms/iPhoneSimulator.platform/Developer/SDKs/iPhoneSimulator26.5.sdk/Developer/Library/Frameworks -filelist /tmp/kanpan-p0-main-dd/Build/Intermediates.noindex/KanpanChart.build/Debug-iphonesimulator/KanpanChart.build/Objects-normal/arm64/KanpanChart.LinkFileList -nostdlib -Xlinker -object_path_lto -Xlinker /tmp/kanpan-p0-main-dd/Build/Intermediates.noindex/KanpanChart.build/Debug-iphonesimulator/KanpanChart.build/Objects-normal/arm64/KanpanChart_lto.o -Xlinker -no_deduplicate -Xlinker -objc_abi_version -Xlinker 2 -Xlinker -debug_variant -Xlinker -dependency_info -Xlinker /tmp/kanpan-p0-main-dd/Build/Intermediates.noindex/KanpanChart.build/Debug-iphonesimulator/KanpanChart.build/Objects-normal/arm64/KanpanChart_dependency_info.dat -fobjc-link-runtime -L/Applications/Xcode.app/Contents/Developer/Toolchains/XcodeDefault.xctoolchain/usr/lib/swift/iphonesimulator -L/usr/lib/swift -Xlinker -add_ast_path -Xlinker /tmp/kanpan-p0-main-dd/Build/Intermediates.noindex/KanpanChart.build/Debug-iphonesimulator/KanpanChart.build/Objects-normal/arm64/KanpanChart.swiftmodule @/tmp/kanpan-p0-main-dd/Build/Intermediates.noindex/KanpanChart.build/Debug-iphonesimulator/KanpanChart.build/Objects-normal/arm64/KanpanChart-linker-args.resp -o /tmp/kanpan-p0-main-dd/Build/Products/Debug-iphonesimulator/KanpanChart.o

ExtractAppIntentsMetadata (in target 'KanpanNetwork' from project 'KanpanNetwork')
    cd /tmp/kanpan-p0-rework/KanpanNetwork
    /Applications/Xcode.app/Contents/Developer/Toolchains/XcodeDefault.xctoolchain/usr/bin/appintentsmetadataprocessor --toolchain-dir /Applications/Xcode.app/Contents/Developer/Toolchains/XcodeDefault.xctoolchain --module-name KanpanNetwork --sdk-root /Applications/Xcode.app/Contents/Developer/Platforms/iPhoneSimulator.platform/Developer/SDKs/iPhoneSimulator26.5.sdk --xcode-version 17F113 --platform-family iOS --deployment-target 26.0 --bundle-identifier kanpannetwork.KanpanNetwork --output /tmp/kanpan-p0-main-dd/Build/Products/Debug-iphonesimulator/KanpanNetwork.appintents --target-triple arm64-apple-ios26.0-simulator --binary-file /tmp/kanpan-p0-main-dd/Build/Products/Debug-iphonesimulator/KanpanNetwork.o --dependency-file /tmp/kanpan-p0-main-dd/Build/Intermediates.noindex/KanpanNetwork.build/Debug-iphonesimulator/KanpanNetwork.build/Objects-normal/arm64/KanpanNetwork_dependency_info.dat --stringsdata-file /tmp/kanpan-p0-main-dd/Build/Intermediates.noindex/KanpanNetwork.build/Debug-iphonesimulator/KanpanNetwork.build/Objects-normal/arm64/ExtractedAppShortcutsMetadata.stringsdata --source-file-list /tmp/kanpan-p0-main-dd/Build/Intermediates.noindex/KanpanNetwork.build/Debug-iphonesimulator/KanpanNetwork.build/Objects-normal/arm64/KanpanNetwork.SwiftFileList --metadata-file-list /tmp/kanpan-p0-main-dd/Build/Intermediates.noindex/KanpanNetwork.build/Debug-iphonesimulator/KanpanNetwork.build/KanpanNetwork.DependencyMetadataFileList --static-metadata-file-list /tmp/kanpan-p0-main-dd/Build/Intermediates.noindex/KanpanNetwork.build/Debug-iphonesimulator/KanpanNetwork.build/KanpanNetwork.DependencyStaticMetadataFileList --swift-const-vals-list /tmp/kanpan-p0-main-dd/Build/Intermediates.noindex/KanpanNetwork.build/Debug-iphonesimulator/KanpanNetwork.build/Objects-normal/arm64/KanpanNetwork.SwiftConstValuesFileList --force --compile-time-extraction --deployment-aware-processing --validate-assistant-intents --no-app-shortcuts-localization
2026-09-22 12:58:56.910 appintentsmetadataprocessor[35814:3587563] Starting appintentsmetadataprocessor export
2026-09-22 12:58:56.951 appintentsmetadataprocessor[35814:3587563] Extracted no relevant App Intents symbols, skipping writing output

ExtractAppIntentsMetadata (in target 'KanpanChart' from project 'KanpanChart')
    cd /tmp/kanpan-p0-rework/KanpanChart
    /Applications/Xcode.app/Contents/Developer/Toolchains/XcodeDefault.xctoolchain/usr/bin/appintentsmetadataprocessor --toolchain-dir /Applications/Xcode.app/Contents/Developer/Toolchains/XcodeDefault.xctoolchain --module-name KanpanChart --sdk-root /Applications/Xcode.app/Contents/Developer/Platforms/iPhoneSimulator.platform/Developer/SDKs/iPhoneSimulator26.5.sdk --xcode-version 17F113 --platform-family iOS --deployment-target 26.0 --bundle-identifier kanpanchart.KanpanChart --output /tmp/kanpan-p0-main-dd/Build/Products/Debug-iphonesimulator/KanpanChart.appintents --target-triple arm64-apple-ios26.0-simulator --binary-file /tmp/kanpan-p0-main-dd/Build/Products/Debug-iphonesimulator/KanpanChart.o --dependency-file /tmp/kanpan-p0-main-dd/Build/Intermediates.noindex/KanpanChart.build/Debug-iphonesimulator/KanpanChart.build/Objects-normal/arm64/KanpanChart_dependency_info.dat --stringsdata-file /tmp/kanpan-p0-main-dd/Build/Intermediates.noindex/KanpanChart.build/Debug-iphonesimulator/KanpanChart.build/Objects-normal/arm64/ExtractedAppShortcutsMetadata.stringsdata --source-file-list /tmp/kanpan-p0-main-dd/Build/Intermediates.noindex/KanpanChart.build/Debug-iphonesimulator/KanpanChart.build/Objects-normal/arm64/KanpanChart.SwiftFileList --metadata-file-list /tmp/kanpan-p0-main-dd/Build/Intermediates.noindex/KanpanChart.build/Debug-iphonesimulator/KanpanChart.build/KanpanChart.DependencyMetadataFileList --static-metadata-file-list /tmp/kanpan-p0-main-dd/Build/Intermediates.noindex/KanpanChart.build/Debug-iphonesimulator/KanpanChart.build/KanpanChart.DependencyStaticMetadataFileList --swift-const-vals-list /tmp/kanpan-p0-main-dd/Build/Intermediates.noindex/KanpanChart.build/Debug-iphonesimulator/KanpanChart.build/Objects-normal/arm64/KanpanChart.SwiftConstValuesFileList --force --compile-time-extraction --deployment-aware-processing --validate-assistant-intents --no-app-shortcuts-localization
2026-09-22 12:58:56.966 appintentsmetadataprocessor[35815:3587575] Starting appintentsmetadataprocessor export
2026-09-22 12:58:56.996 appintentsmetadataprocessor[35815:3587575] Extracted no relevant App Intents symbols, skipping writing output

RegisterExecutionPolicyException /tmp/kanpan-p0-main-dd/Build/Products/Debug-iphonesimulator/KanpanNetwork.o (in target 'KanpanNetwork' from project 'KanpanNetwork')
    cd /tmp/kanpan-p0-rework/KanpanNetwork
    builtin-RegisterExecutionPolicyException /tmp/kanpan-p0-main-dd/Build/Products/Debug-iphonesimulator/KanpanNetwork.o

Ld /tmp/kanpan-p0-main-dd/Build/Products/Debug-iphonesimulator/KanpanData.o normal (in target 'KanpanData' from project 'KanpanData')
    cd /tmp/kanpan-p0-rework/KanpanData
    /Applications/Xcode.app/Contents/Developer/Toolchains/XcodeDefault.xctoolchain/usr/bin/clang -Xlinker -reproducible -target arm64-apple-ios26.0-simulator -r -isysroot /Applications/Xcode.app/Contents/Developer/Platforms/iPhoneSimulator.platform/Developer/SDKs/iPhoneSimulator26.5.sdk -O0 -w -F/tmp/kanpan-p0-main-dd/Build/Intermediates.noindex/EagerLinkingTBDs/Debug-iphonesimulator -F/tmp/kanpan-p0-main-dd/Build/Products/Debug-iphonesimulator/PackageFrameworks -F/tmp/kanpan-p0-main-dd/Build/Products/Debug-iphonesimulator/PackageFrameworks -F/tmp/kanpan-p0-main-dd/Build/Products/Debug-iphonesimulator -iframework /Applications/Xcode.app/Contents/Developer/Platforms/iPhoneSimulator.platform/Developer/Library/Frameworks -iframework /Applications/Xcode.app/Contents/Developer/Platforms/iPhoneSimulator.platform/Developer/SDKs/iPhoneSimulator26.5.sdk/Developer/Library/Frameworks -filelist /tmp/kanpan-p0-main-dd/Build/Intermediates.noindex/KanpanData.build/Debug-iphonesimulator/KanpanData.build/Objects-normal/arm64/KanpanData.LinkFileList -nostdlib -Xlinker -object_path_lto -Xlinker /tmp/kanpan-p0-main-dd/Build/Intermediates.noindex/KanpanData.build/Debug-iphonesimulator/KanpanData.build/Objects-normal/arm64/KanpanData_lto.o -Xlinker -no_deduplicate -Xlinker -objc_abi_version -Xlinker 2 -Xlinker -debug_variant -Xlinker -dependency_info -Xlinker /tmp/kanpan-p0-main-dd/Build/Intermediates.noindex/KanpanData.build/Debug-iphonesimulator/KanpanData.build/Objects-normal/arm64/KanpanData_dependency_info.dat -fobjc-link-runtime -L/Applications/Xcode.app/Contents/Developer/Toolchains/XcodeDefault.xctoolchain/usr/lib/swift/iphonesimulator -L/usr/lib/swift -Xlinker -add_ast_path -Xlinker /tmp/kanpan-p0-main-dd/Build/Intermediates.noindex/KanpanData.build/Debug-iphonesimulator/KanpanData.build/Objects-normal/arm64/KanpanData.swiftmodule @/tmp/kanpan-p0-main-dd/Build/Intermediates.noindex/KanpanData.build/Debug-iphonesimulator/KanpanData.build/Objects-normal/arm64/KanpanData-linker-args.resp -o /tmp/kanpan-p0-main-dd/Build/Products/Debug-iphonesimulator/KanpanData.o

RegisterExecutionPolicyException /tmp/kanpan-p0-main-dd/Build/Products/Debug-iphonesimulator/KanpanChart.o (in target 'KanpanChart' from project 'KanpanChart')
    cd /tmp/kanpan-p0-rework/KanpanChart
    builtin-RegisterExecutionPolicyException /tmp/kanpan-p0-main-dd/Build/Products/Debug-iphonesimulator/KanpanChart.o

ExtractAppIntentsMetadata (in target 'KanpanData' from project 'KanpanData')
    cd /tmp/kanpan-p0-rework/KanpanData
    /Applications/Xcode.app/Contents/Developer/Toolchains/XcodeDefault.xctoolchain/usr/bin/appintentsmetadataprocessor --toolchain-dir /Applications/Xcode.app/Contents/Developer/Toolchains/XcodeDefault.xctoolchain --module-name KanpanData --sdk-root /Applications/Xcode.app/Contents/Developer/Platforms/iPhoneSimulator.platform/Developer/SDKs/iPhoneSimulator26.5.sdk --xcode-version 17F113 --platform-family iOS --deployment-target 26.0 --bundle-identifier kanpandata.KanpanData --output /tmp/kanpan-p0-main-dd/Build/Products/Debug-iphonesimulator/KanpanData.appintents --target-triple arm64-apple-ios26.0-simulator --binary-file /tmp/kanpan-p0-main-dd/Build/Products/Debug-iphonesimulator/KanpanData.o --dependency-file /tmp/kanpan-p0-main-dd/Build/Intermediates.noindex/KanpanData.build/Debug-iphonesimulator/KanpanData.build/Objects-normal/arm64/KanpanData_dependency_info.dat --stringsdata-file /tmp/kanpan-p0-main-dd/Build/Intermediates.noindex/KanpanData.build/Debug-iphonesimulator/KanpanData.build/Objects-normal/arm64/ExtractedAppShortcutsMetadata.stringsdata --source-file-list /tmp/kanpan-p0-main-dd/Build/Intermediates.noindex/KanpanData.build/Debug-iphonesimulator/KanpanData.build/Objects-normal/arm64/KanpanData.SwiftFileList --metadata-file-list /tmp/kanpan-p0-main-dd/Build/Intermediates.noindex/KanpanData.build/Debug-iphonesimulator/KanpanData.build/KanpanData.DependencyMetadataFileList --static-metadata-file-list /tmp/kanpan-p0-main-dd/Build/Intermediates.noindex/KanpanData.build/Debug-iphonesimulator/KanpanData.build/KanpanData.DependencyStaticMetadataFileList --swift-const-vals-list /tmp/kanpan-p0-main-dd/Build/Intermediates.noindex/KanpanData.build/Debug-iphonesimulator/KanpanData.build/Objects-normal/arm64/KanpanData.SwiftConstValuesFileList --force --compile-time-extraction --deployment-aware-processing --validate-assistant-intents --no-app-shortcuts-localization
2026-09-22 12:58:57.125 appintentsmetadataprocessor[35819:3587597] Starting appintentsmetadataprocessor export
2026-09-22 12:58:57.151 appintentsmetadataprocessor[35819:3587597] Extracted no relevant App Intents symbols, skipping writing output

RegisterExecutionPolicyException /tmp/kanpan-p0-main-dd/Build/Products/Debug-iphonesimulator/KanpanData.o (in target 'KanpanData' from project 'KanpanData')
    cd /tmp/kanpan-p0-rework/KanpanData
    builtin-RegisterExecutionPolicyException /tmp/kanpan-p0-main-dd/Build/Products/Debug-iphonesimulator/KanpanData.o

Ld /tmp/kanpan-p0-main-dd/Build/Products/Debug-iphonesimulator/KanpanMain.o normal (in target 'KanpanMain' from project 'KanpanMain')
    cd /tmp/kanpan-p0-rework/Kanpan/KanpanTests
    /Applications/Xcode.app/Contents/Developer/Toolchains/XcodeDefault.xctoolchain/usr/bin/clang -Xlinker -reproducible -target arm64-apple-ios26.0-simulator -r -isysroot /Applications/Xcode.app/Contents/Developer/Platforms/iPhoneSimulator.platform/Developer/SDKs/iPhoneSimulator26.5.sdk -O0 -F/tmp/kanpan-p0-main-dd/Build/Intermediates.noindex/EagerLinkingTBDs/Debug-iphonesimulator -F/tmp/kanpan-p0-main-dd/Build/Products/Debug-iphonesimulator/PackageFrameworks -F/tmp/kanpan-p0-main-dd/Build/Products/Debug-iphonesimulator/PackageFrameworks -F/tmp/kanpan-p0-main-dd/Build/Products/Debug-iphonesimulator/PackageFrameworks -F/tmp/kanpan-p0-main-dd/Build/Products/Debug-iphonesimulator/PackageFrameworks -F/tmp/kanpan-p0-main-dd/Build/Products/Debug-iphonesimulator/PackageFrameworks -F/tmp/kanpan-p0-main-dd/Build/Products/Debug-iphonesimulator -iframework /Applications/Xcode.app/Contents/Developer/Platforms/iPhoneSimulator.platform/Developer/Library/Frameworks -iframework /Applications/Xcode.app/Contents/Developer/Platforms/iPhoneSimulator.platform/Developer/SDKs/iPhoneSimulator26.5.sdk/Developer/Library/Frameworks -filelist /tmp/kanpan-p0-main-dd/Build/Intermediates.noindex/KanpanMain.build/Debug-iphonesimulator/KanpanMain.build/Objects-normal/arm64/KanpanMain.LinkFileList -nostdlib -Xlinker -object_path_lto -Xlinker /tmp/kanpan-p0-main-dd/Build/Intermediates.noindex/KanpanMain.build/Debug-iphonesimulator/KanpanMain.build/Objects-normal/arm64/KanpanMain_lto.o -Xlinker -no_deduplicate -Xlinker -objc_abi_version -Xlinker 2 -Xlinker -debug_variant -Xlinker -dependency_info -Xlinker /tmp/kanpan-p0-main-dd/Build/Intermediates.noindex/KanpanMain.build/Debug-iphonesimulator/KanpanMain.build/Objects-normal/arm64/KanpanMain_dependency_info.dat -fobjc-link-runtime -L/Applications/Xcode.app/Contents/Developer/Toolchains/XcodeDefault.xctoolchain/usr/lib/swift/iphonesimulator -L/usr/lib/swift -Xlinker -add_ast_path -Xlinker /tmp/kanpan-p0-main-dd/Build/Intermediates.noindex/KanpanMain.build/Debug-iphonesimulator/KanpanMain.build/Objects-normal/arm64/KanpanMain.swiftmodule @/tmp/kanpan-p0-main-dd/Build/Intermediates.noindex/KanpanMain.build/Debug-iphonesimulator/KanpanMain.build/Objects-normal/arm64/KanpanMain-linker-args.resp -o /tmp/kanpan-p0-main-dd/Build/Products/Debug-iphonesimulator/KanpanMain.o

ExtractAppIntentsMetadata (in target 'KanpanMain' from project 'KanpanMain')
    cd /tmp/kanpan-p0-rework/Kanpan/KanpanTests
    /Applications/Xcode.app/Contents/Developer/Toolchains/XcodeDefault.xctoolchain/usr/bin/appintentsmetadataprocessor --toolchain-dir /Applications/Xcode.app/Contents/Developer/Toolchains/XcodeDefault.xctoolchain --module-name KanpanMain --sdk-root /Applications/Xcode.app/Contents/Developer/Platforms/iPhoneSimulator.platform/Developer/SDKs/iPhoneSimulator26.5.sdk --xcode-version 17F113 --platform-family iOS --deployment-target 26.0 --bundle-identifier kanpantests.KanpanMain --output /tmp/kanpan-p0-main-dd/Build/Products/Debug-iphonesimulator/KanpanMain.appintents --target-triple arm64-apple-ios26.0-simulator --binary-file /tmp/kanpan-p0-main-dd/Build/Products/Debug-iphonesimulator/KanpanMain.o --dependency-file /tmp/kanpan-p0-main-dd/Build/Intermediates.noindex/KanpanMain.build/Debug-iphonesimulator/KanpanMain.build/Objects-normal/arm64/KanpanMain_dependency_info.dat --stringsdata-file /tmp/kanpan-p0-main-dd/Build/Intermediates.noindex/KanpanMain.build/Debug-iphonesimulator/KanpanMain.build/Objects-normal/arm64/ExtractedAppShortcutsMetadata.stringsdata --source-file-list /tmp/kanpan-p0-main-dd/Build/Intermediates.noindex/KanpanMain.build/Debug-iphonesimulator/KanpanMain.build/Objects-normal/arm64/KanpanMain.SwiftFileList --metadata-file-list /tmp/kanpan-p0-main-dd/Build/Intermediates.noindex/KanpanMain.build/Debug-iphonesimulator/KanpanMain.build/KanpanMain.DependencyMetadataFileList --static-metadata-file-list /tmp/kanpan-p0-main-dd/Build/Intermediates.noindex/KanpanMain.build/Debug-iphonesimulator/KanpanMain.build/KanpanMain.DependencyStaticMetadataFileList --swift-const-vals-list /tmp/kanpan-p0-main-dd/Build/Intermediates.noindex/KanpanMain.build/Debug-iphonesimulator/KanpanMain.build/Objects-normal/arm64/KanpanMain.SwiftConstValuesFileList --force --compile-time-extraction --deployment-aware-processing --validate-assistant-intents --no-app-shortcuts-localization
2026-09-22 12:58:57.348 appintentsmetadataprocessor[35823:3587620] Starting appintentsmetadataprocessor export
2026-09-22 12:58:57.377 appintentsmetadataprocessor[35823:3587620] Extracted no relevant App Intents symbols, skipping writing output

RegisterExecutionPolicyException /tmp/kanpan-p0-main-dd/Build/Products/Debug-iphonesimulator/KanpanMain.o (in target 'KanpanMain' from project 'KanpanMain')
    cd /tmp/kanpan-p0-rework/Kanpan/KanpanTests
    builtin-RegisterExecutionPolicyException /tmp/kanpan-p0-main-dd/Build/Products/Debug-iphonesimulator/KanpanMain.o

ProcessInfoPlistFile /tmp/kanpan-p0-main-dd/Build/Products/Debug-iphonesimulator/KanpanMainTests.xctest/Info.plist /tmp/kanpan-p0-main-dd/Build/Intermediates.noindex/KanpanMain.build/Debug-iphonesimulator/KanpanMainTests.build/empty-KanpanMainTests.plist (in target 'KanpanMainTests' from project 'KanpanMain')
    cd /tmp/kanpan-p0-rework/Kanpan/KanpanTests
    builtin-infoPlistUtility /tmp/kanpan-p0-main-dd/Build/Intermediates.noindex/KanpanMain.build/Debug-iphonesimulator/KanpanMainTests.build/empty-KanpanMainTests.plist -producttype com.apple.product-type.bundle.unit-test -expandbuildsettings -format binary -platform iphonesimulator -o /tmp/kanpan-p0-main-dd/Build/Products/Debug-iphonesimulator/KanpanMainTests.xctest/Info.plist

Ld /tmp/kanpan-p0-main-dd/Build/Products/Debug-iphonesimulator/KanpanMainTests.xctest/KanpanMainTests normal (in target 'KanpanMainTests' from project 'KanpanMain')
    cd /tmp/kanpan-p0-rework/Kanpan/KanpanTests
    /Applications/Xcode.app/Contents/Developer/Toolchains/XcodeDefault.xctoolchain/usr/bin/clang -Xlinker -reproducible -target arm64-apple-ios26.0-simulator -bundle -isysroot /Applications/Xcode.app/Contents/Developer/Platforms/iPhoneSimulator.platform/Developer/SDKs/iPhoneSimulator26.5.sdk -O0 -L/tmp/kanpan-p0-main-dd/Build/Intermediates.noindex/EagerLinkingTBDs/Debug-iphonesimulator -L/tmp/kanpan-p0-main-dd/Build/Products/Debug-iphonesimulator -L/Applications/Xcode.app/Contents/Developer/Platforms/iPhoneSimulator.platform/Developer/usr/lib -F/tmp/kanpan-p0-main-dd/Build/Intermediates.noindex/EagerLinkingTBDs/Debug-iphonesimulator -F/tmp/kanpan-p0-main-dd/Build/Products/Debug-iphonesimulator/PackageFrameworks -F/tmp/kanpan-p0-main-dd/Build/Products/Debug-iphonesimulator/PackageFrameworks -F/tmp/kanpan-p0-main-dd/Build/Products/Debug-iphonesimulator/PackageFrameworks -F/tmp/kanpan-p0-main-dd/Build/Products/Debug-iphonesimulator/PackageFrameworks -F/tmp/kanpan-p0-main-dd/Build/Products/Debug-iphonesimulator/PackageFrameworks -F/tmp/kanpan-p0-main-dd/Build/Products/Debug-iphonesimulator/PackageFrameworks -F/tmp/kanpan-p0-main-dd/Build/Products/Debug-iphonesimulator -iframework /Applications/Xcode.app/Contents/Developer/Platforms/iPhoneSimulator.platform/Developer/Library/Frameworks -iframework /Applications/Xcode.app/Contents/Developer/Platforms/iPhoneSimulator.platform/Developer/SDKs/iPhoneSimulator26.5.sdk/Developer/Library/Frameworks -filelist /tmp/kanpan-p0-main-dd/Build/Intermediates.noindex/KanpanMain.build/Debug-iphonesimulator/KanpanMainTests.build/Objects-normal/arm64/KanpanMainTests.LinkFileList -Xlinker -rpath -Xlinker /tmp/kanpan-p0-main-dd/Build/Products/Debug-iphonesimulator/PackageFrameworks -Xlinker -rpath -Xlinker @loader_path/Frameworks -Xlinker -rpath -Xlinker @loader_path/../Frameworks -Xlinker -dead_strip -Xlinker -object_path_lto -Xlinker /tmp/kanpan-p0-main-dd/Build/Intermediates.noindex/KanpanMain.build/Debug-iphonesimulator/KanpanMainTests.build/Objects-normal/arm64/KanpanMainTests_lto.o -rdynamic -Xlinker -no_deduplicate -Xlinker -objc_abi_version -Xlinker 2 -Xlinker -debug_variant -Xlinker -dependency_info -Xlinker /tmp/kanpan-p0-main-dd/Build/Intermediates.noindex/KanpanMain.build/Debug-iphonesimulator/KanpanMainTests.build/Objects-normal/arm64/KanpanMainTests_dependency_info.dat -fobjc-link-runtime -fprofile-instr-generate -L/Applications/Xcode.app/Contents/Developer/Toolchains/XcodeDefault.xctoolchain/usr/lib/swift/iphonesimulator -L/usr/lib/swift -Xlinker -add_ast_path -Xlinker /tmp/kanpan-p0-main-dd/Build/Intermediates.noindex/KanpanMain.build/Debug-iphonesimulator/KanpanMainTests.build/Objects-normal/arm64/KanpanMainTests.swiftmodule @/tmp/kanpan-p0-main-dd/Build/Intermediates.noindex/KanpanMain.build/Debug-iphonesimulator/KanpanMainTests.build/Objects-normal/arm64/KanpanMainTests-linker-args.resp -Wl,-no_warn_duplicate_libraries -Wl,-no_warn_duplicate_libraries -Wl,-no_warn_duplicate_libraries -Wl,-no_warn_duplicate_libraries -Wl,-no_warn_duplicate_libraries -Wl,-no_warn_duplicate_libraries -Xlinker -needed_framework -Xlinker XCTest -framework XCTest -Xlinker -needed-lXCTestSwiftSupport -lXCTestSwiftSupport -Xlinker -no_adhoc_codesign -o /tmp/kanpan-p0-main-dd/Build/Products/Debug-iphonesimulator/KanpanMainTests.xctest/KanpanMainTests -Xlinker -add_ast_path -Xlinker /tmp/kanpan-p0-main-dd/Build/Intermediates.noindex/KanpanCore.build/Debug-iphonesimulator/KanpanCore.build/Objects-normal/arm64/KanpanCore.swiftmodule @/tmp/kanpan-p0-main-dd/Build/Intermediates.noindex/KanpanCore.build/Debug-iphonesimulator/KanpanCore.build/Objects-normal/arm64/KanpanCore-linker-args.resp -Xlinker -add_ast_path -Xlinker /tmp/kanpan-p0-main-dd/Build/Intermediates.noindex/KanpanChart.build/Debug-iphonesimulator/KanpanChart.build/Objects-normal/arm64/KanpanChart.swiftmodule @/tmp/kanpan-p0-main-dd/Build/Intermediates.noindex/KanpanChart.build/Debug-iphonesimulator/KanpanChart.build/Objects-normal/arm64/KanpanChart-linker-args.resp -Xlinker -add_ast_path -Xlinker /tmp/kanpan-p0-main-dd/Build/Intermediates.noindex/KanpanNetwork.build/Debug-iphonesimulator/KanpanNetwork.build/Objects-normal/arm64/KanpanNetwork.swiftmodule @/tmp/kanpan-p0-main-dd/Build/Intermediates.noindex/KanpanNetwork.build/Debug-iphonesimulator/KanpanNetwork.build/Objects-normal/arm64/KanpanNetwork-linker-args.resp -Xlinker -add_ast_path -Xlinker /tmp/kanpan-p0-main-dd/Build/Intermediates.noindex/KanpanData.build/Debug-iphonesimulator/KanpanData.build/Objects-normal/arm64/KanpanData.swiftmodule @/tmp/kanpan-p0-main-dd/Build/Intermediates.noindex/KanpanData.build/Debug-iphonesimulator/KanpanData.build/Objects-normal/arm64/KanpanData-linker-args.resp -Xlinker -add_ast_path -Xlinker /tmp/kanpan-p0-main-dd/Build/Intermediates.noindex/KanpanAccount.build/Debug-iphonesimulator/KanpanAccount.build/Objects-normal/arm64/KanpanAccount.swiftmodule @/tmp/kanpan-p0-main-dd/Build/Intermediates.noindex/KanpanAccount.build/Debug-iphonesimulator/KanpanAccount.build/Objects-normal/arm64/KanpanAccount-linker-args.resp -Xlinker -add_ast_path -Xlinker /tmp/kanpan-p0-main-dd/Build/Intermediates.noindex/KanpanMain.build/Debug-iphonesimulator/KanpanMain.build/Objects-normal/arm64/KanpanMain.swiftmodule @/tmp/kanpan-p0-main-dd/Build/Intermediates.noindex/KanpanMain.build/Debug-iphonesimulator/KanpanMain.build/Objects-normal/arm64/KanpanMain-linker-args.resp

ExtractAppIntentsMetadata (in target 'KanpanMainTests' from project 'KanpanMain')
    cd /tmp/kanpan-p0-rework/Kanpan/KanpanTests
    /Applications/Xcode.app/Contents/Developer/Toolchains/XcodeDefault.xctoolchain/usr/bin/appintentsmetadataprocessor --toolchain-dir /Applications/Xcode.app/Contents/Developer/Toolchains/XcodeDefault.xctoolchain --module-name KanpanMainTests --sdk-root /Applications/Xcode.app/Contents/Developer/Platforms/iPhoneSimulator.platform/Developer/SDKs/iPhoneSimulator26.5.sdk --xcode-version 17F113 --platform-family iOS --deployment-target 26.0 --bundle-identifier kanpantests.KanpanMainTests --output /tmp/kanpan-p0-main-dd/Build/Products/Debug-iphonesimulator/KanpanMainTests.xctest --target-triple arm64-apple-ios26.0-simulator --binary-file /tmp/kanpan-p0-main-dd/Build/Products/Debug-iphonesimulator/KanpanMainTests.xctest/KanpanMainTests --dependency-file /tmp/kanpan-p0-main-dd/Build/Intermediates.noindex/KanpanMain.build/Debug-iphonesimulator/KanpanMainTests.build/Objects-normal/arm64/KanpanMainTests_dependency_info.dat --stringsdata-file /tmp/kanpan-p0-main-dd/Build/Intermediates.noindex/KanpanMain.build/Debug-iphonesimulator/KanpanMainTests.build/Objects-normal/arm64/ExtractedAppShortcutsMetadata.stringsdata --source-file-list /tmp/kanpan-p0-main-dd/Build/Intermediates.noindex/KanpanMain.build/Debug-iphonesimulator/KanpanMainTests.build/Objects-normal/arm64/KanpanMainTests.SwiftFileList --metadata-file-list /tmp/kanpan-p0-main-dd/Build/Intermediates.noindex/KanpanMain.build/Debug-iphonesimulator/KanpanMainTests.build/KanpanMainTests.DependencyMetadataFileList --static-metadata-file-list /tmp/kanpan-p0-main-dd/Build/Intermediates.noindex/KanpanMain.build/Debug-iphonesimulator/KanpanMainTests.build/KanpanMainTests.DependencyStaticMetadataFileList --swift-const-vals-list /tmp/kanpan-p0-main-dd/Build/Intermediates.noindex/KanpanMain.build/Debug-iphonesimulator/KanpanMainTests.build/Objects-normal/arm64/KanpanMainTests.SwiftConstValuesFileList --compile-time-extraction --deployment-aware-processing --validate-assistant-intents --no-app-shortcuts-localization
2026-09-22 12:58:58.985 appintentsmetadataprocessor[35835:3587728] Starting appintentsmetadataprocessor export
2026-09-22 12:58:59.000 appintentsmetadataprocessor[35835:3587728] warning: Metadata extraction skipped. No AppIntents.framework dependency found.

CopySwiftLibs /tmp/kanpan-p0-main-dd/Build/Products/Debug-iphonesimulator/KanpanMainTests.xctest (in target 'KanpanMainTests' from project 'KanpanMain')
    cd /tmp/kanpan-p0-rework/Kanpan/KanpanTests
    builtin-swiftStdLibTool --copy --verbose --sign - --scan-executable /tmp/kanpan-p0-main-dd/Build/Products/Debug-iphonesimulator/KanpanMainTests.xctest/KanpanMainTests --scan-folder /tmp/kanpan-p0-main-dd/Build/Products/Debug-iphonesimulator/KanpanMainTests.xctest/Frameworks --scan-folder /tmp/kanpan-p0-main-dd/Build/Products/Debug-iphonesimulator/KanpanMainTests.xctest/PlugIns --scan-folder /tmp/kanpan-p0-main-dd/Build/Products/Debug-iphonesimulator/KanpanMainTests.xctest/SystemExtensions --scan-folder /tmp/kanpan-p0-main-dd/Build/Products/Debug-iphonesimulator/KanpanMainTests.xctest/Extensions --platform iphonesimulator --toolchain /Applications/Xcode.app/Contents/Developer/Toolchains/XcodeDefault.xctoolchain --destination /tmp/kanpan-p0-main-dd/Build/Products/Debug-iphonesimulator/KanpanMainTests.xctest/Frameworks --strip-bitcode --scan-executable /Applications/Xcode.app/Contents/Developer/Platforms/iPhoneSimulator.platform/Developer/usr/lib/libXCTestSwiftSupport.dylib --strip-bitcode-tool /Applications/Xcode.app/Contents/Developer/Toolchains/XcodeDefault.xctoolchain/usr/bin/bitcode_strip --emit-dependency-info /tmp/kanpan-p0-main-dd/Build/Intermediates.noindex/KanpanMain.build/Debug-iphonesimulator/KanpanMainTests.build/SwiftStdLibToolInputDependencies.dep --filter-for-swift-os

CodeSign /tmp/kanpan-p0-main-dd/Build/Products/Debug-iphonesimulator/KanpanMainTests.xctest (in target 'KanpanMainTests' from project 'KanpanMain')
    cd /tmp/kanpan-p0-rework/Kanpan/KanpanTests
    
    Signing Identity:     "Sign to Run Locally"
    
    /usr/bin/codesign --force --sign - --timestamp\=none --generate-entitlement-der /tmp/kanpan-p0-main-dd/Build/Products/Debug-iphonesimulator/KanpanMainTests.xctest

Test Suite 'Selected tests' started at 2026-09-22 12:59:32.403.
Test Suite 'KanpanMainTests.xctest' started at 2026-09-22 12:59:32.406.
Test Suite 'KanpanMainTests.xctest' passed at 2026-09-22 12:59:32.406.
	 Executed 0 tests, with 0 failures (0 unexpected) in 0.000 (0.000) seconds
Test Suite 'Selected tests' passed at 2026-09-22 12:59:32.407.
	 Executed 0 tests, with 0 failures (0 unexpected) in 0.000 (0.004) seconds
◇ Test run started.
↳ Testing Library Version: 1902
↳ Target Platform: arm64-apple-ios13.0-simulator
◇ Suite "B-T10 / A-T20 顶栏六格只显示能负责的数" started.
◇ Test "markPrice 帧超过一小时，费率就过期" started.
◇ Test "振幅按最低价算 24h 的高低差" started.
◇ Test "结算时刻过去之后自动滚到下一期" started.
◇ Test "整个请求没回来才沿用上一口值" started.
XCTestOutputBarr◇ Test "没有美元名义持仓量，「仓」那一格就是 --" started.
ier◇ Test "跟在费率后面那一小段只说还有多久结算，单位是中文的时和分" started.
◇ Test "头部涨跌额按品种精度、涨跌幅两位，缺数不编造" started.
◇ Test "币本位数量永远进不了头部" started.
◇ Test "品种不在交易时，这口价就不算新鲜" started.
◇ Test "先来一帧带名义、再来一帧只有数量，头部要变回 --" started.
◇ Test "有名义就按钉住的单位显示，没钉住才现认" started.
◇ Test "高低价缺一个、或者价已经不新鲜，振幅就是 --" started.
◇ Test "没有结算时刻就一个字不写" started.
◇ Test "价不新鲜时，额 / 市值 / 费率一起 --" started.
◇ Test "成交额 0 和供应量 0 都是缺数，不是真的 0" started.
✔ Test "没有美元名义持仓量，「仓」那一格就是 --" passed after 0.141 seconds.
✔ Test "高低价缺一个、或者价已经不新鲜，振幅就是 --" passed after 0.105 seconds.
✔ Test "币本位数量永远进不了头部" passed after 0.106 seconds.
✔ Test "头部涨跌额按品种精度、涨跌幅两位，缺数不编造" passed after 0.107 seconds.
✔ Test "跟在费率后面那一小段只说还有多久结算，单位是中文的时和分" passed after 0.141 seconds.
✔ Test "markPrice 帧超过一小时，费率就过期" passed after 0.141 seconds.
✔ Test "先来一帧带名义、再来一帧只有数量，头部要变回 --" passed after 0.106 seconds.
✔ Test "有名义就按钉住的单位显示，没钉住才现认" passed after 0.105 seconds.
✔ Test "振幅按最低价算 24h 的高低差" passed after 0.141 seconds.
✔ Test "品种不在交易时，这口价就不算新鲜" passed after 0.107 seconds.
✔ Test "整个请求没回来才沿用上一口值" passed after 0.141 seconds.
✔ Test "结算时刻过去之后自动滚到下一期" passed after 0.141 seconds.
✔ Test "成交额 0 和供应量 0 都是缺数，不是真的 0" passed after 0.112 seconds.
✔ Test "没有结算时刻就一个字不写" passed after 0.113 seconds.
✔ Test "价不新鲜时，额 / 市值 / 费率一起 --" passed after 0.116 seconds.
✔ Suite "B-T10 / A-T20 顶栏六格只显示能负责的数" passed after 0.154 seconds.
✔ Test run with 15 tests in 1 suite passed after 0.154 seconds.
2026-09-22 12:59:33.952 xcodebuild[34794:3572281] [MT] IDETestOperationsObserverDebug: 34.646 elapsed -- Testing started completed.
2026-09-22 12:59:33.952 xcodebuild[34794:3572281] [MT] IDETestOperationsObserverDebug: 0.000 sec, +0.000 sec -- start
2026-09-22 12:59:33.952 xcodebuild[34794:3572281] [MT] IDETestOperationsObserverDebug: 34.646 sec, +34.646 sec -- end

Test session results, code coverage, and logs:
	/tmp/kanpan-p0-main-dd/Logs/Test/Test-KanpanMain-2026.09.22_12-56-55-+0800.xcresult

** TEST SUCCEEDED **

Testing started
