Command line invocation:
    /Applications/Xcode.app/Contents/Developer/usr/bin/xcodebuild test-without-building -workspace Kanpan.xcworkspace -scheme Kanpan -destination "platform=iOS Simulator,id=D6C41248-C78E-46B8-B391-311F373D24A8" -derivedDataPath DerivedData "-only-testing:KanpanUITests/AICoinBaseUITests" "-only-testing:KanpanUITests/AccountExportUITests" "-only-testing:KanpanUITests/AccountMarketUITests" "-only-testing:KanpanUITests/AccountPreferenceSyncUITests" "-only-testing:KanpanUITests/AccountSessionReplacedUITests" "-only-testing:KanpanUITests/AlertSoundUITests" "-only-testing:KanpanUITests/CandleKindLineUITests" "-only-testing:KanpanUITests/ChartDoubleTapUITests" "-only-testing:KanpanUITests/ChartLayoutPersistenceUITests" "-only-testing:KanpanUITests/ChartRotationRoundTripUITests" "-only-testing:KanpanUITests/CoinbaseVenueUITests" "-only-testing:KanpanUITests/ComparePerformanceUITests" "-only-testing:KanpanUITests/DrawingTapDisciplineUITests" "-only-testing:KanpanUITests/DrawingUndoAcrossRebuildUITests" "-only-testing:KanpanUITests/DynamicTypeUITests" "-only-testing:KanpanUITests/ExperienceStateRoundTripUITests" "-only-testing:KanpanUITests/FavoritesGroupSyncUITests" "-only-testing:KanpanUITests/IPadLayoutUITests" "-only-testing:KanpanUITests/IPadReviewBookSignedInUITests" "-only-testing:KanpanUITests/KeyboardFrameGeometryTests" "-only-testing:KanpanUITests/MarketRouteUITests" "-only-testing:KanpanUITests/NewListingMarkUITests" "-only-testing:KanpanUITests/ReleaseBackdoorUITests" "-only-testing:KanpanUITests/ReviewFlowUITests" "-only-testing:KanpanUITests/ReviewInteractionUITests" "-only-testing:KanpanUITests/SectorRouteUITests" "-only-testing:KanpanUITests/SkinScaleAccessibilityUITests" "-only-testing:KanpanUITests/WidgetUITests" -test-timeouts-enabled YES -default-test-execution-time-allowance 480 -maximum-test-execution-time-allowance 900 -resultBundlePath DerivedData/ui-test/iPhone-16-Pro.xcresult

Resolve Package Graph


Resolved source packages:
  KanpanNetwork: /Users/mdd/zhk/kanpan-wt-pchain/KanpanNetwork @ local
  KanpanReview: /Users/mdd/zhk/kanpan-wt-pchain/KanpanReview @ local
  KanpanData: /Users/mdd/zhk/kanpan-wt-pchain/KanpanData @ local
  KanpanCore: /Users/mdd/zhk/kanpan-wt-pchain/KanpanCore @ local
  KanpanAccount: /Users/mdd/zhk/kanpan-wt-pchain/KanpanAccount @ local
  KanpanChart: /Users/mdd/zhk/kanpan-wt-pchain/KanpanChart @ local

Writing result bundle at path:
	/Users/mdd/zhk/kanpan-wt-pchain/DerivedData/ui-test/iPhone-16-Pro.xcresult

2026-09-23 21:31:33.587982+0800 KanpanUITests-Runner[84701:9097909] [Default] Running tests...
objc[84701]: Class UIAccessibilityLoaderWebShared is implemented in both /Library/Developer/CoreSimulator/Volumes/iOS_23F77/Library/Developer/CoreSimulator/Profiles/Runtimes/iOS 26.5.simruntime/Contents/Resources/RuntimeRoot/System/Library/AccessibilityBundles/WebCore.axbundle/WebCore (0x10ad2c310) and /Library/Developer/CoreSimulator/Volumes/iOS_23F77/Library/Developer/CoreSimulator/Profiles/Runtimes/iOS 26.5.simruntime/Contents/Resources/RuntimeRoot/System/Library/AccessibilityBundles/WebKit.axbundle/WebKit (0x109ce0398). This may cause spurious casting failures and mysterious crashes. One of the duplicates must be removed or renamed.
    t =      nans Interface orientation changed to Portrait
Test Suite 'Selected tests' started at 2026-09-23 21:31:36.238.
Test Suite 'KanpanUITests.xctest' started at 2026-09-23 21:31:36.239.
Test Suite 'AICoinBaseUITests' started at 2026-09-23 21:31:36.239.
Test Case '-[KanpanUITests.AICoinBaseUITests testColdLaunchStylesAndChartInteractions]' started.
    t =     0.00s Start Test at 2026-09-23 21:31:36.239
    t =     0.21s Set Up
    t =     0.22s     Setting device orientation to Portrait
    t =     0.22s         Device orientation changed to Portrait
    t =     0.23s         Wait for com.apple.springboard to idle
    t =     0.26s Open com.mdd.kanpan
    t =     0.26s     Launch com.mdd.kanpan
2026-09-23 21:31:36.700 xcodebuild[84601:9096826] [MT] IDELaunchParametersSnapshot: The operation couldn’t be completed. (DebuggerLLDB.DebuggerVersionStore.StoreError error 0.)
2026-09-23 21:31:36.700 xcodebuild[84601:9096826] [MT] IDELaunchParametersSnapshot: no debugger version
    t =     1.50s         Setting up automation session
    t =     2.16s         Wait for com.mdd.kanpan to idle
    t =     3.85s Waiting 30.0s for "chart.canvas" Other to exist
    t =     4.92s     Checking `Expect predicate `existsNoRetry == 1` for object "chart.canvas" Other`
    t =     4.92s         Checking existence of `"chart.canvas" Other`
    t =     6.06s Find the "chart.canvas" Other
    t =     6.07s Find the "chart.canvas" Other
    t =     6.17s Added attachment named '01-冷启动-AICoin默认'
    t =     6.17s Tap "interval.chart" Button
    t =     6.17s     Wait for com.mdd.kanpan to idle
    t =     6.18s     Find the "interval.chart" Button
    t =     6.19s     Check for interrupting elements affecting "interval.chart" Button
    t =     6.21s     Synthesize event
    t =     6.61s     Wait for com.mdd.kanpan to idle
    t =     6.73s Waiting 8.0s for "chart.bodyChoice.空心" Button to exist
    t =     7.80s     Checking `Expect predicate `existsNoRetry == 1` for object "chart.bodyChoice.空心" Button`
    t =     7.80s         Checking existence of `"chart.bodyChoice.空心" Button`
    t =     7.88s Tap "chart.bodyChoice.空心" Button
    t =     7.88s     Wait for com.mdd.kanpan to idle
    t =     7.89s     Find the "chart.bodyChoice.空心" Button
    t =     7.92s     Check for interrupting elements affecting "chart.bodyChoice.空心" Button
    t =     7.96s     Synthesize event
    t =     7.96s         Scroll element to visible
    t =     7.98s         Find the "chart.bodyChoice.空心" Button
    t =     8.03s         Computed hit point {362, 472.50000000000006} after scrolling to visible
    t =     8.31s     Wait for com.mdd.kanpan to idle
    t =     8.98s Find the "chart.canvas" Other
    t =     9.04s Find the "chart.canvas" Other
    t =     9.08s Find the "chart.canvas" Other
    t =     9.12s Find the "chart.canvas" Other
    t =     9.16s Find the "chart.canvas" Other
    t =     9.19s Find the "chart.canvas" Other
    t =     9.29s Added attachment named '02-空心阳线-尺寸保持'
    t =     9.29s Tap "chart.bodyChoice.实心" Button
    t =     9.29s     Wait for com.mdd.kanpan to idle
    t =     9.29s     Find the "chart.bodyChoice.实心" Button
    t =     9.33s     Check for interrupting elements affecting "chart.bodyChoice.实心" Button
    t =     9.36s     Synthesize event
    t =     9.66s     Wait for com.mdd.kanpan to idle
    t =     9.66s Tap "panel.done" Button
    t =     9.66s     Wait for com.mdd.kanpan to idle
    t =     9.67s     Find the "panel.done" Button
    t =     9.72s     Check for interrupting elements affecting "panel.done" Button
    t =     9.76s     Synthesize event
    t =    10.04s     Wait for com.mdd.kanpan to idle
    t =    11.46s Checking existence of `"chart.bodyChoice.空心" Button`
    t =    11.49s Tap "chart.canvas" Other[0.35, 0.20]
    t =    11.49s     Wait for com.mdd.kanpan to idle
    t =    11.49s     Find the "chart.canvas" Other
    t =    11.50s     Check for interrupting elements affecting "chart.canvas" Other
    t =    11.53s     Synthesize event
    t =    11.53s         Find the "chart.canvas" Other
    t =    11.54s         Find the "chart.canvas" Other
    t =    11.56s         Find the "chart.canvas" Other
    t =    11.86s     Wait for com.mdd.kanpan to idle
    t =    12.94s Find the "chart.canvas" Other
    t =    13.04s Added attachment named '03-单击十字线'
    t =    13.04s Tap "chart.canvas" Other[0.35, 0.20]
    t =    13.04s     Wait for com.mdd.kanpan to idle
    t =    13.04s     Find the "chart.canvas" Other
    t =    13.06s     Check for interrupting elements affecting "chart.canvas" Other
    t =    13.08s     Synthesize event
    t =    13.08s         Find the "chart.canvas" Other
    t =    13.09s         Find the "chart.canvas" Other
    t =    13.11s         Find the "chart.canvas" Other
    t =    13.41s     Wait for com.mdd.kanpan to idle
    t =    14.49s Find the "chart.canvas" Other
    t =    14.55s Double tap "chart.canvas" Other[0.98, 0.20]
    t =    14.55s     Wait for com.mdd.kanpan to idle
    t =    14.56s     Find the "chart.canvas" Other
    t =    14.57s     Check for interrupting elements affecting "chart.canvas" Other
    t =    14.58s     Synthesize event
    t =    14.58s         Find the "chart.canvas" Other
    t =    14.61s         Find the "chart.canvas" Other
    t =    14.63s         Find the "chart.canvas" Other
    t =    14.98s     Wait for com.mdd.kanpan to idle
    t =    16.07s Find the "chart.canvas" Other
    t =    17.06s Find the "chart.canvas" Other
    t =    18.01s Find the "chart.canvas" Other
    t =    18.04s Tap "interval.chart" Button
    t =    18.04s     Wait for com.mdd.kanpan to idle
    t =    18.04s     Find the "interval.chart" Button
    t =    18.06s     Check for interrupting elements affecting "interval.chart" Button
    t =    18.08s     Synthesize event
    t =    18.36s     Wait for com.mdd.kanpan to idle
    t =    18.73s Waiting 8.0s for "chart.allowMainInversion" Button to exist
    t =    19.80s     Checking `Expect predicate `existsNoRetry == 1` for object "chart.allowMainInversion" Button`
    t =    19.80s         Checking existence of `"chart.allowMainInversion" Button`
    t =    19.88s Tap "chart.allowMainInversion" Button
    t =    19.88s     Wait for com.mdd.kanpan to idle
    t =    19.88s     Find the "chart.allowMainInversion" Button
    t =    19.93s     Check for interrupting elements affecting "chart.allowMainInversion" Button
    t =    19.98s     Synthesize event
    t =    19.98s         Scroll element to visible
    t =    20.00s         Find the "chart.allowMainInversion" Button
    t =    20.05s         Computed hit point {-1, -1} after scrolling to visible
    t =    20.05s         Failed: Not hittable: Button, {{342.0, 351.7}, {44.0, 26.0}}, identifier: 'chart.allowMainInversion', value: 关
    t =    21.06s     Retrying `Tap "chart.allowMainInversion" Button` (attempt #2)
    t =    21.06s         Wait for com.mdd.kanpan to idle
    t =    21.06s         Find the "chart.allowMainInversion" Button
    t =    21.11s         Check for interrupting elements affecting "chart.allowMainInversion" Button
    t =    21.13s         Synthesize event
    t =    21.43s         Wait for com.mdd.kanpan to idle
    t =    22.50s Find the "chart.allowMainInversion" Button
    t =    22.58s Tap "panel.done" Button
    t =    22.58s     Wait for com.mdd.kanpan to idle
    t =    22.58s     Find the "panel.done" Button
    t =    22.63s     Check for interrupting elements affecting "panel.done" Button
    t =    22.66s     Synthesize event
    t =    22.95s     Wait for com.mdd.kanpan to idle
    t =    24.39s Checking existence of `"chart.allowMainInversion" Button`
    t =    24.41s Double tap "chart.canvas" Other[0.98, 0.20]
    t =    24.41s     Wait for com.mdd.kanpan to idle
    t =    24.41s     Find the "chart.canvas" Other
    t =    24.43s     Check for interrupting elements affecting "chart.canvas" Other
    t =    24.44s     Synthesize event
    t =    24.44s         Find the "chart.canvas" Other
    t =    24.47s         Find the "chart.canvas" Other
    t =    24.49s         Find the "chart.canvas" Other
    t =    24.84s     Wait for com.mdd.kanpan to idle
    t =    25.93s Find the "chart.canvas" Other
    t =    25.96s Double tap "chart.canvas" Other[0.98, 0.20]
    t =    25.96s     Wait for com.mdd.kanpan to idle
    t =    25.96s     Find the "chart.canvas" Other
    t =    25.98s     Check for interrupting elements affecting "chart.canvas" Other
    t =    25.99s     Synthesize event
    t =    25.99s         Find the "chart.canvas" Other
    t =    26.01s         Find the "chart.canvas" Other
    t =    26.03s         Find the "chart.canvas" Other
    t =    26.37s     Wait for com.mdd.kanpan to idle
    t =    27.45s Find the "chart.canvas" Other
    t =    27.46s Tap "interval.chart" Button
    t =    27.46s     Wait for com.mdd.kanpan to idle
    t =    27.46s     Find the "interval.chart" Button
    t =    27.48s     Check for interrupting elements affecting "interval.chart" Button
    t =    27.49s     Synthesize event
    t =    27.78s     Wait for com.mdd.kanpan to idle
    t =    28.11s Waiting 8.0s for "chart.allowMainInversion" Button to exist
    t =    29.18s     Checking `Expect predicate `existsNoRetry == 1` for object "chart.allowMainInversion" Button`
    t =    29.18s         Checking existence of `"chart.allowMainInversion" Button`
    t =    29.31s Tap "chart.allowMainInversion" Button
    t =    29.31s     Wait for com.mdd.kanpan to idle
    t =    29.31s     Find the "chart.allowMainInversion" Button
    t =    29.35s     Check for interrupting elements affecting "chart.allowMainInversion" Button
    t =    29.38s     Synthesize event
    t =    29.38s         Scroll element to visible
    t =    29.40s         Find the "chart.allowMainInversion" Button
    t =    29.54s         Computed hit point {364, 364.66665649414062} after scrolling to visible
    t =    29.84s     Wait for com.mdd.kanpan to idle
    t =    31.39s Find the "chart.allowMainInversion" Button
    t =    31.45s Tap "panel.done" Button
    t =    31.45s     Wait for com.mdd.kanpan to idle
    t =    31.45s     Find the "panel.done" Button
    t =    31.49s     Check for interrupting elements affecting "panel.done" Button
    t =    31.52s     Synthesize event
    t =    31.81s     Wait for com.mdd.kanpan to idle
    t =    33.21s Checking existence of `"chart.allowMainInversion" Button`
    t =    33.23s Press "chart.canvas" Other[0.98, 0.20] for 0.1 seconds, then drag to "chart.canvas" Other[0.98, 0.32] with velocity of 500.00 pixels per second, and then hold for 0.0 seconds 
    t =    33.23s     Wait for com.mdd.kanpan to idle
    t =    33.23s     Find the "chart.canvas" Other
    t =    33.25s     Check for interrupting elements affecting "chart.canvas" Other
    t =    33.27s     Synthesize event
    t =    33.27s         Find the "chart.canvas" Other
    t =    33.28s         Find the "chart.canvas" Other
    t =    33.30s         Find the "chart.canvas" Other
    t =    33.32s         Find the "chart.canvas" Other
    t =    33.33s         Find the "chart.canvas" Other
    t =    33.79s     Wait for com.mdd.kanpan to idle
    t =    34.87s Find the "chart.canvas" Other
    t =    34.88s Find the "chart.canvas" Other
    t =    34.90s Find the "chart.canvas" Other
    t =    34.92s Find the "chart.canvas" Other
    t =    34.94s Find the "chart.canvas" Other
    t =    34.95s Find the "chart.canvas" Other
    t =    34.97s Tap "chart.canvas" Other[0.94, 0.49]
    t =    34.97s     Wait for com.mdd.kanpan to idle
    t =    34.97s     Find the "chart.canvas" Other
    t =    34.98s     Check for interrupting elements affecting "chart.canvas" Other
    t =    35.00s     Synthesize event
    t =    35.00s         Find the "chart.canvas" Other
    t =    35.02s         Find the "chart.canvas" Other
    t =    35.03s         Find the "chart.canvas" Other
    t =    35.33s     Wait for com.mdd.kanpan to idle
    t =    36.41s Find the "chart.canvas" Other
    t =    36.43s Find the "chart.canvas" Other
    t =    36.45s Pinch with scale 2, velocity 1 in "chart.canvas" Other
    t =    36.45s     Wait for com.mdd.kanpan to idle
    t =    36.45s     Find the "chart.canvas" Other
    t =    36.46s     Check for interrupting elements affecting "chart.canvas" Other
    t =    36.47s     Synthesize event
    t =    36.49s         Pinching with rect {{50, 213.66666666666666}, {302, 568}}
    t =    38.83s     Wait for com.mdd.kanpan to idle
    t =    39.86s Find the "chart.canvas" Other
    t =    39.94s Added attachment named '04-真机双指缩放'
    t =    39.95s Press "chart.canvas" Other[0.35, 0.20] for 0.6 seconds
    t =    39.95s     Wait for com.mdd.kanpan to idle
    t =    39.95s     Find the "chart.canvas" Other
    t =    39.96s     Check for interrupting elements affecting "chart.canvas" Other
    t =    39.97s     Synthesize event
    t =    39.97s         Find the "chart.canvas" Other
    t =    39.99s         Find the "chart.canvas" Other
    t =    40.00s         Find the "chart.canvas" Other
    t =    40.83s     Wait for com.mdd.kanpan to idle
    t =    41.89s Find the "chart.canvas" Other
    t =    41.91s Tap "chart.canvas" Other[0.35, 0.20]
    t =    41.91s     Wait for com.mdd.kanpan to idle
    t =    41.91s     Find the "chart.canvas" Other
    t =    41.92s     Check for interrupting elements affecting "chart.canvas" Other
    t =    41.94s     Synthesize event
    t =    41.94s         Find the "chart.canvas" Other
    t =    41.95s         Find the "chart.canvas" Other
    t =    41.97s         Find the "chart.canvas" Other
    t =    42.26s     Wait for com.mdd.kanpan to idle
    t =    43.34s Find the "chart.canvas" Other
    t =    43.39s Find the "chart.canvas" Other
    t =    43.44s Find the "chart.canvas" Other
    t =    43.47s Find the "chart.canvas" Other
    t =    43.48s Waiting 10.0s for "bottom.draw" Button to exist
    t =    44.54s     Checking `Expect predicate `existsNoRetry == 1` for object "bottom.draw" Button`
    t =    44.54s         Checking existence of `"bottom.draw" Button`
    t =    44.56s Tap "bottom.draw" Button
    t =    44.56s     Wait for com.mdd.kanpan to idle
    t =    44.56s     Find the "bottom.draw" Button
    t =    44.58s     Check for interrupting elements affecting "bottom.draw" Button
    t =    44.59s     Synthesize event
    t =    44.87s         Interface orientation changed to Landscape Right
    t =    44.87s     Wait for com.mdd.kanpan to idle
    t =    46.39s Find the "chart.canvas" Other
    t =    46.43s Find the "chart.canvas" Other
    t =    46.51s Added attachment named '05-横屏共用底座'
    t =    46.51s Checking existence of `"land.exit" Button`
    t =    46.53s Tap "draw.finish" Button
    t =    46.53s     Wait for com.mdd.kanpan to idle
    t =    46.53s     Find the "draw.finish" Button
    t =    46.55s     Check for interrupting elements affecting "draw.finish" Button
    t =    46.56s     Synthesize event
    t =    46.78s         Interface orientation changed to Portrait
    t =    46.85s     Wait for com.mdd.kanpan to idle
    t =    47.03s Waiting 10.0s for "bottom.settings" Button to exist
    t =    48.09s     Checking `Expect predicate `existsNoRetry == 1` for object "bottom.settings" Button`
    t =    48.09s         Checking existence of `"bottom.settings" Button`
    t =    48.11s Tear Down
    t =    48.11s     Setting device orientation to Portrait
    t =    48.11s         Wait for com.mdd.kanpan to idle
Test Case '-[KanpanUITests.AICoinBaseUITests testColdLaunchStylesAndChartInteractions]' passed (48.479 seconds).
Test Case '-[KanpanUITests.AICoinBaseUITests testOpenInterestPaneCarriesRealDataAndTakesTheCrosshair]' started.
    t =     0.00s Start Test at 2026-09-23 21:32:24.720
    t =     0.01s Set Up
    t =     0.02s     Setting device orientation to Portrait
    t =     0.02s         Wait for com.mdd.kanpan to idle
    t =     0.02s Open com.mdd.kanpan
    t =     0.02s     Launch com.mdd.kanpan
    t =     0.03s         Terminate com.mdd.kanpan:84745
2026-09-23 21:32:25.829 xcodebuild[84601:9096826] [MT] IDELaunchParametersSnapshot: The operation couldn’t be completed. (DebuggerLLDB.DebuggerVersionStore.StoreError error 0.)
2026-09-23 21:32:25.829 xcodebuild[84601:9096826] [MT] IDELaunchParametersSnapshot: no debugger version
    t =     1.32s         Setting up automation session
    t =     1.99s         Wait for com.mdd.kanpan to idle
    t =     3.35s Waiting 30.0s for "chart.canvas" Other to exist
    t =     4.41s     Checking `Expect predicate `existsNoRetry == 1` for object "chart.canvas" Other`
    t =     4.41s         Checking existence of `"chart.canvas" Other`
    t =     5.49s Find the "chart.canvas" Other
    t =     5.51s Find the "market.source" StaticText
    t =     5.52s Find the "chart.canvas" Other
    t =     6.58s Find the "chart.canvas" Other
    t =     6.68s Added attachment named '01-持仓量与三副图'
    t =     6.68s Find the "chart.canvas" Other
    t =     6.69s Find the "chart.canvas" Other
    t =     6.71s Tap "chart.canvas" Other[0.00, 0.00] -> (142.0, 449.9)
    t =     6.71s     Wait for com.mdd.kanpan to idle
    t =     6.71s     Find the "chart.canvas" Other
    t =     6.72s     Check for interrupting elements affecting "chart.canvas" Other
    t =     6.73s     Synthesize event
    t =     6.73s         Find the "chart.canvas" Other
    t =     6.75s         Find the "chart.canvas" Other
    t =     6.77s         Find the "chart.canvas" Other
    t =     7.07s     Wait for com.mdd.kanpan to idle
    t =     8.12s Find the "chart.canvas" Other
    t =     8.13s Find the "chart.canvas" Other
    t =     8.22s Added attachment named '02-副图十字线'
    t =     8.23s Tear Down
    t =     8.23s     Setting device orientation to Portrait
    t =     8.23s         Wait for com.mdd.kanpan to idle
Test Case '-[KanpanUITests.AICoinBaseUITests testOpenInterestPaneCarriesRealDataAndTakesTheCrosshair]' passed (8.465 seconds).
Test Case '-[KanpanUITests.AICoinBaseUITests testPinchAndUnifiedBackground]' started.
    t =     0.00s Start Test at 2026-09-23 21:32:33.185
    t =     0.02s Set Up
    t =     0.02s     Setting device orientation to Portrait
    t =     0.02s         Wait for com.mdd.kanpan to idle
    t =     0.03s Open com.mdd.kanpan
    t =     0.03s     Launch com.mdd.kanpan
    t =     0.03s         Terminate com.mdd.kanpan:85256
2026-09-23 21:32:34.268 xcodebuild[84601:9096826] [MT] IDELaunchParametersSnapshot: The operation couldn’t be completed. (DebuggerLLDB.DebuggerVersionStore.StoreError error 0.)
2026-09-23 21:32:34.268 xcodebuild[84601:9096826] [MT] IDELaunchParametersSnapshot: no debugger version
    t =     1.29s         Setting up automation session
    t =     2.01s         Wait for com.mdd.kanpan to idle
    t =     3.47s Waiting 30.0s for "chart.canvas" Other to exist
    t =     4.50s     Checking `Expect predicate `existsNoRetry == 1` for object "chart.canvas" Other`
    t =     4.50s         Checking existence of `"chart.canvas" Other`
    t =     5.58s Find the "chart.canvas" Other
    t =     5.99s Find the "chart.canvas" Other
    t =     6.01s Find the Target Application 'com.mdd.kanpan'
    t =     6.10s Added attachment named '统一靛色背景-冷启动'
    t =     6.10s Pinch with scale 2, velocity 1 in "chart.canvas" Other
    t =     6.10s     Wait for com.mdd.kanpan to idle
    t =     6.10s     Find the "chart.canvas" Other
    t =     6.12s     Check for interrupting elements affecting "chart.canvas" Other
    t =     6.13s     Synthesize event
    t =     6.14s         Pinching with rect {{50, 213.66666666666666}, {302, 568}}
    t =     8.48s     Wait for com.mdd.kanpan to idle
    t =     8.48s Find the "chart.canvas" Other
    t =     8.49s Find the Target Application 'com.mdd.kanpan'
    t =     8.58s Added attachment named '统一靛色背景-放大'
    t =     8.58s Tear Down
    t =     8.58s     Setting device orientation to Portrait
    t =     8.58s         Wait for com.mdd.kanpan to idle
Test Case '-[KanpanUITests.AICoinBaseUITests testPinchAndUnifiedBackground]' passed (8.799 seconds).
Test Suite 'AICoinBaseUITests' passed at 2026-09-23 21:32:41.985.
	 Executed 3 tests, with 0 failures (0 unexpected) in 65.743 (65.746) seconds
Test Suite 'AccountExportUITests' started at 2026-09-23 21:32:41.985.
Test Case '-[KanpanUITests.AccountExportUITests testAboutRowAndExportOpensShareSheet]' started.
    t =     0.00s Start Test at 2026-09-23 21:32:41.985
    t =     0.02s Set Up
    t =     0.02s     Setting device orientation to Portrait
    t =     0.02s         Wait for com.mdd.kanpan to idle
导出验收账号：qa_export_52596d598543
    t =     0.95s Open com.mdd.kanpan
    t =     0.95s     Launch com.mdd.kanpan
    t =     0.95s         Terminate com.mdd.kanpan:85403
2026-09-23 21:32:44.012 xcodebuild[84601:9096826] [MT] IDELaunchParametersSnapshot: The operation couldn’t be completed. (DebuggerLLDB.DebuggerVersionStore.StoreError error 0.)
2026-09-23 21:32:44.012 xcodebuild[84601:9096826] [MT] IDELaunchParametersSnapshot: no debugger version
    t =     2.23s         Setting up automation session
    t =     2.86s         Wait for com.mdd.kanpan to idle
    t =     4.23s Waiting 12.0s for "bottom.settings" Button to exist
    t =     5.27s     Checking `Expect predicate `existsNoRetry == 1` for object "bottom.settings" Button`
    t =     5.27s         Checking existence of `"bottom.settings" Button`
    t =     5.29s Tap "bottom.settings" Button
    t =     5.29s     Wait for com.mdd.kanpan to idle
    t =     5.30s     Find the "bottom.settings" Button
    t =     5.32s     Check for interrupting elements affecting "bottom.settings" Button
    t =     5.34s     Synthesize event
    t =     5.63s     Wait for com.mdd.kanpan to idle
    t =     5.68s Find the "settings.about" Any
    t =     5.73s Swipe up Target Application 'com.mdd.kanpan'
    t =     5.73s     Wait for com.mdd.kanpan to idle
    t =     5.73s     Find the Target Application 'com.mdd.kanpan'
    t =     5.74s     Check for interrupting elements affecting "Hkline" Application
    t =     5.76s     Synthesize event
    t =     6.18s     Wait for com.mdd.kanpan to idle
    t =     6.70s Find the "settings.about" Other
    t =     6.75s Find the "settings.about" Other
    t =     6.78s Find the "settings.about" Other
    t =     6.81s Find the "settings.about" Other
    t =     6.84s Find the "settings.about" Other
    t =     6.87s Waiting 10.0s for "settings.about" Other to exist
    t =     7.92s     Checking `Expect predicate `existsNoRetry == 1` for object "settings.about" Other`
    t =     7.92s         Checking existence of `"settings.about" Other`
    t =     7.95s Checking existence of `StaticText (First Match)`
    t =     7.98s Checking existence of `"隐私政策" Link`
    t =     8.00s Checking existence of `"settings.privacy" Button`
    t =     8.02s Checking existence of `"服务条款" Link`
    t =     8.03s Checking existence of `"settings.terms" Button`
    t =     8.13s Added attachment named '01-设置-关于'
    t =     8.13s Find the "settings.account" Button
    t =     8.15s Swipe down Target Application 'com.mdd.kanpan'
    t =     8.15s     Wait for com.mdd.kanpan to idle
    t =     8.15s     Find the Target Application 'com.mdd.kanpan'
    t =     8.17s     Check for interrupting elements affecting "Hkline" Application
    t =     8.18s     Synthesize event
    t =     8.60s     Wait for com.mdd.kanpan to idle
    t =     9.13s Find the "settings.account" Button
    t =     9.17s Find the "settings.account" Button
    t =     9.20s Find the "settings.account" Button
    t =     9.22s Find the "settings.account" Button
    t =     9.25s Find the "settings.account" Button
    t =     9.27s Waiting 12.0s for "settings.account" Button to exist
    t =    10.34s     Checking `Expect predicate `existsNoRetry == 1` for object "settings.account" Button`
    t =    10.34s         Checking existence of `"settings.account" Button`
    t =    10.38s Tap "settings.account" Button
    t =    10.38s     Wait for com.mdd.kanpan to idle
    t =    10.39s     Find the "settings.account" Button
    t =    10.42s     Check for interrupting elements affecting "settings.account" Button
    t =    10.44s     Synthesize event
    t =    10.73s     Wait for com.mdd.kanpan to idle
    t =    10.77s Waiting 10.0s for "account.email" TextField to exist
    t =    11.81s     Checking `Expect predicate `existsNoRetry == 1` for object "account.email" TextField`
    t =    11.81s         Checking existence of `"account.email" TextField`
    t =    11.88s Tap "account.email" TextField
    t =    11.88s     Wait for com.mdd.kanpan to idle
    t =    11.89s     Find the "account.email" TextField
    t =    11.91s     Check for interrupting elements affecting "account.email" TextField
    t =    11.94s     Synthesize event
    t =    12.23s     Wait for com.mdd.kanpan to idle
    t =    12.53s Type 'qa_export_52596d59...' into "account.email" TextField
    t =    12.53s     Wait for com.mdd.kanpan to idle
    t =    13.09s     Find the "account.email" TextField
    t =    13.16s     Check for interrupting elements affecting "account.email" TextField
    t =    13.19s     Synthesize event
    t =    13.76s     Wait for com.mdd.kanpan to idle
    t =    13.77s Tap "account.password" SecureTextField
    t =    13.77s     Wait for com.mdd.kanpan to idle
    t =    13.77s     Find the "account.password" SecureTextField
    t =    13.83s     Check for interrupting elements affecting "account.password" SecureTextField
    t =    13.86s     Synthesize event
    t =    14.15s     Wait for com.mdd.kanpan to idle
    t =    14.52s Type 'E2A92D1A-8082-4E2A...' into "account.password" SecureTextField
    t =    14.52s     Wait for com.mdd.kanpan to idle
    t =    14.52s     Find the "account.password" SecureTextField
    t =    14.58s     Check for interrupting elements affecting "account.password" SecureTextField
    t =    14.62s     Synthesize event
    t =    15.45s     Wait for com.mdd.kanpan to idle
    t =    15.45s Waiting 12.0s for "account.submit" Button to exist
    t =    16.50s     Checking `Expect predicate `existsNoRetry == 1` for object "account.submit" Button`
    t =    16.50s         Checking existence of `"account.submit" Button`
    t =    16.55s Tap "account.submit" Button
    t =    16.55s     Wait for com.mdd.kanpan to idle
    t =    16.55s     Find the "account.submit" Button
    t =    16.58s     Check for interrupting elements affecting "account.submit" Button
    t =    16.62s     Synthesize event
    t =    16.90s     Wait for com.mdd.kanpan to idle
    t =    18.21s Checking existence of `"account.view" Other`
    t =    19.20s Checking existence of `"account.view" Other`
    t =    19.22s Waiting 3.0s for "settings.account" Button to exist
    t =    20.24s     Checking `Expect predicate `existsNoRetry == 1` for object "settings.account" Button`
    t =    20.24s         Checking existence of `"settings.account" Button`
    t =    20.26s         Capturing element debug description
    t =    21.30s     Checking `Expect predicate `existsNoRetry == 1` for object "settings.account" Button`
    t =    21.30s         Checking existence of `"settings.account" Button`
    t =    21.32s         Capturing element debug description
    t =    22.22s     Checking `Expect predicate `existsNoRetry == 1` for object "settings.account" Button`
    t =    22.23s         Checking existence of `"settings.account" Button`
    t =    22.25s         Capturing element debug description
    t =    22.25s     Checking existence of `"settings.account" Button`
    t =    22.27s Collecting debug information to assist test failure triage
    t =    22.27s     Requesting snapshot of accessibility hierarchy for app with pid 85540
    t =    22.29s Waiting 12.0s for "bottom.settings" Button to exist
    t =    23.36s     Checking `Expect predicate `existsNoRetry == 1` for object "bottom.settings" Button`
    t =    23.36s         Checking existence of `"bottom.settings" Button`
    t =    23.39s Tap "bottom.settings" Button
    t =    23.39s     Wait for com.mdd.kanpan to idle
    t =    23.39s     Find the "bottom.settings" Button
    t =    23.41s     Check for interrupting elements affecting "bottom.settings" Button
    t =    23.43s     Synthesize event
    t =    23.72s     Wait for com.mdd.kanpan to idle
    t =    23.72s Find the "settings.account" Button
    t =    23.76s Find the "settings.account" Button
    t =    23.79s Find the "settings.account" Button
    t =    23.81s Find the "settings.account" Button
    t =    23.84s Find the "settings.account" Button
    t =    23.86s Find the "settings.account" Button
    t =    23.89s Waiting 12.0s for "settings.account" Button to exist
    t =    24.94s     Checking `Expect predicate `existsNoRetry == 1` for object "settings.account" Button`
    t =    24.94s         Checking existence of `"settings.account" Button`
    t =    24.98s Tap "settings.account" Button
    t =    24.98s     Wait for com.mdd.kanpan to idle
    t =    24.99s     Find the "settings.account" Button
    t =    25.01s     Check for interrupting elements affecting "settings.account" Button
    t =    25.03s     Synthesize event
    t =    25.33s     Wait for com.mdd.kanpan to idle
    t =    25.72s Waiting 12.0s for "account.export" Button to exist
    t =    26.78s     Checking `Expect predicate `existsNoRetry == 1` for object "account.export" Button`
    t =    26.78s         Checking existence of `"account.export" Button`
    t =    26.83s Tap "account.export" Button
    t =    26.83s     Wait for com.mdd.kanpan to idle
    t =    26.83s     Find the "account.export" Button
    t =    26.87s     Check for interrupting elements affecting "account.export" Button
    t =    26.90s     Synthesize event
    t =    27.19s     Wait for com.mdd.kanpan to idle
    t =    27.28s Added attachment named '02-账号页-导出'
    t =    27.28s Waiting 30.0s for Any (First Match) to exist
    t =    28.32s     Checking `Expect predicate `existsNoRetry == 1` for object Any (First Match)`
    t =    28.32s         Checking existence of `Any (First Match)`
    t =    28.42s Checking existence of `"account.error" StaticText`
    t =    28.54s Added attachment named '03-系统分享面板'
    t =    28.54s Tear Down
    t =    28.54s     Terminate com.mdd.kanpan:85540
Test Case '-[KanpanUITests.AccountExportUITests testAboutRowAndExportOpensShareSheet]' passed (30.322 seconds).
Test Suite 'AccountExportUITests' passed at 2026-09-23 21:33:12.307.
	 Executed 1 test, with 0 failures (0 unexpected) in 30.322 (30.323) seconds
Test Suite 'AccountMarketUITests' started at 2026-09-23 21:33:12.308.
Test Case '-[KanpanUITests.AccountMarketUITests testBinanceStartupThroughExistingNetwork]' started.
    t =     0.00s Start Test at 2026-09-23 21:33:12.310
    t =     0.01s Set Up
    t =     0.02s Open com.mdd.kanpan
    t =     0.02s     Launch com.mdd.kanpan
2026-09-23 21:33:12.331 xcodebuild[84601:9096826] [MT] IDELaunchParametersSnapshot: The operation couldn’t be completed. (DebuggerLLDB.DebuggerVersionStore.StoreError error 0.)
2026-09-23 21:33:12.331 xcodebuild[84601:9096826] [MT] IDELaunchParametersSnapshot: no debugger version
    t =     0.24s         Setting up automation session
    t =     0.85s         Wait for com.mdd.kanpan to idle
    t =     2.27s Waiting 20.0s for "chart.canvas" Other to exist
    t =     3.32s     Checking `Expect predicate `existsNoRetry == 1` for object "chart.canvas" Other`
    t =     3.32s         Checking existence of `"chart.canvas" Other`
    t =     4.42s Find the "chart.canvas" Other
    t =     4.45s Find the "market.source" StaticText
    t =     4.47s Find the "market.source" StaticText
    t =     4.48s Added attachment named '正常网络首屏'
    t =     4.48s Find the Target Application 'com.mdd.kanpan'
    t =     4.57s Added attachment named 'Screenshot of Target Application 'com.mdd.kanpan'.png'
    t =     4.57s Find the Target Application 'com.mdd.kanpan'
    t =     4.65s Added attachment named 'Screenshot of Target Application 'com.mdd.kanpan'.png'
    t =     4.65s Terminate com.mdd.kanpan:85681
    t =     5.71s Tear Down
Test Case '-[KanpanUITests.AccountMarketUITests testBinanceStartupThroughExistingNetwork]' passed (5.736 seconds).
Test Case '-[KanpanUITests.AccountMarketUITests testOKXHistoryAndUsernameRegistration]' started.
    t =     0.00s Start Test at 2026-09-23 21:33:18.046
    t =     0.01s Set Up
    t =     0.02s Open com.mdd.kanpan
    t =     0.02s     Launch com.mdd.kanpan
2026-09-23 21:33:18.063 xcodebuild[84601:9096826] [MT] IDELaunchParametersSnapshot: The operation couldn’t be completed. (DebuggerLLDB.DebuggerVersionStore.StoreError error 0.)
2026-09-23 21:33:18.063 xcodebuild[84601:9096826] [MT] IDELaunchParametersSnapshot: no debugger version
    t =     0.22s         Setting up automation session
    t =     0.87s         Wait for com.mdd.kanpan to idle
    t =     2.22s Waiting 30.0s for "chart.canvas" Other to exist
    t =     3.25s     Checking `Expect predicate `existsNoRetry == 1` for object "chart.canvas" Other`
    t =     3.25s         Checking existence of `"chart.canvas" Other`
    t =     4.35s Find the "market.source" StaticText
    t =     4.36s Find the "chart.canvas" Other
    t =     4.38s Find the "chart.canvas" Other
    t =     5.44s Find the "chart.canvas" Other
    t =     5.46s Find the Target Application 'com.mdd.kanpan'
    t =     5.56s Added attachment named '网关线路-OKX历史'
    t =     5.56s Tap "bottom.settings" Button
    t =     5.56s     Wait for com.mdd.kanpan to idle
    t =     5.56s     Find the "bottom.settings" Button
    t =     5.57s     Check for interrupting elements affecting "bottom.settings" Button
    t =     5.58s     Synthesize event
    t =     5.87s     Wait for com.mdd.kanpan to idle
    t =     5.87s Tap "settings.account" Button
    t =     5.87s     Wait for com.mdd.kanpan to idle
    t =     5.88s     Find the "settings.account" Button
    t =     5.91s     Check for interrupting elements affecting "settings.account" Button
    t =     5.93s     Synthesize event
    t =     6.22s     Wait for com.mdd.kanpan to idle
    t =     6.69s Waiting 5.0s for "注册" Button to exist
    t =     7.72s     Checking `Expect predicate `existsNoRetry == 1` for object "注册" Button`
    t =     7.72s         Checking existence of `"注册" Button`
    t =     7.79s Tap "注册" Button
    t =     7.79s     Wait for com.mdd.kanpan to idle
    t =     7.79s     Find the "注册" Button
    t =     7.82s     Check for interrupting elements affecting "注册" Button
    t =     7.85s     Synthesize event
    t =     8.14s     Wait for com.mdd.kanpan to idle
    t =     8.14s Tap "account.email" TextField
    t =     8.14s     Wait for com.mdd.kanpan to idle
    t =     8.14s     Find the "account.email" TextField
    t =     8.17s     Check for interrupting elements affecting "account.email" TextField
    t =     8.20s     Synthesize event
    t =     8.49s     Wait for com.mdd.kanpan to idle
    t =     8.84s Type 'test_A820A25A3CBD' into "account.email" TextField
    t =     8.84s     Wait for com.mdd.kanpan to idle
    t =     8.84s     Find the "account.email" TextField
    t =     8.91s     Check for interrupting elements affecting "account.email" TextField
    t =     8.94s     Synthesize event
    t =     9.43s     Wait for com.mdd.kanpan to idle
    t =     9.43s Tap "account.password" SecureTextField
    t =     9.43s     Wait for com.mdd.kanpan to idle
    t =     9.44s     Find the "account.password" SecureTextField
    t =     9.49s     Check for interrupting elements affecting "account.password" SecureTextField
    t =     9.53s     Synthesize event
    t =     9.82s     Wait for com.mdd.kanpan to idle
    t =    10.15s Waiting 2.0s for "GenerateStrongPasswordButton" Button to exist
    t =    11.20s     Checking `Expect predicate `existsNoRetry == 1` for object "GenerateStrongPasswordButton" Button`
    t =    11.20s         Checking existence of `"GenerateStrongPasswordButton" Button`
    t =    11.27s         Capturing element debug description
    t =    12.16s     Checking `Expect predicate `existsNoRetry == 1` for object "GenerateStrongPasswordButton" Button`
    t =    12.16s         Checking existence of `"GenerateStrongPasswordButton" Button`
    t =    12.23s         Capturing element debug description
    t =    12.23s     Checking existence of `"GenerateStrongPasswordButton" Button`
    t =    12.27s Collecting debug information to assist test failure triage
    t =    12.27s     Requesting snapshot of accessibility hierarchy for app with pid 85711
    t =    12.33s Waiting 5.0s for Keyboard (First Match) to exist
    t =    13.38s     Checking `Expect predicate `existsNoRetry == 1` for object Keyboard (First Match)`
    t =    13.38s         Checking existence of `Keyboard (First Match)`
    t =    13.41s Type '<redacted>' into "account.password" SecureTextField
    t =    13.41s     Wait for com.mdd.kanpan to idle
    t =    13.41s     Find the "account.password" SecureTextField
    t =    13.46s     Check for interrupting elements affecting "account.password" SecureTextField
    t =    13.49s     Synthesize event
    t =    13.72s     Wait for com.mdd.kanpan to idle
    t =    13.72s Type '<redacted>' into "account.password" SecureTextField
    t =    13.72s     Wait for com.mdd.kanpan to idle
    t =    13.73s     Find the "account.password" SecureTextField
    t =    13.78s     Check for interrupting elements affecting "account.password" SecureTextField
    t =    13.81s     Synthesize event
    t =    14.03s     Wait for com.mdd.kanpan to idle
    t =    14.03s Type '<redacted>' into "account.password" SecureTextField
    t =    14.04s     Wait for com.mdd.kanpan to idle
    t =    14.04s     Find the "account.password" SecureTextField
    t =    14.08s     Check for interrupting elements affecting "account.password" SecureTextField
    t =    14.12s     Synthesize event
    t =    14.34s     Wait for com.mdd.kanpan to idle
    t =    14.34s Type '<redacted>' into "account.password" SecureTextField
    t =    14.34s     Wait for com.mdd.kanpan to idle
    t =    14.35s     Find the "account.password" SecureTextField
    t =    14.40s     Check for interrupting elements affecting "account.password" SecureTextField
    t =    14.43s     Synthesize event
    t =    14.65s     Wait for com.mdd.kanpan to idle
    t =    14.66s Type '<redacted>' into "account.password" SecureTextField
    t =    14.66s     Wait for com.mdd.kanpan to idle
    t =    14.66s     Find the "account.password" SecureTextField
    t =    14.72s     Check for interrupting elements affecting "account.password" SecureTextField
    t =    14.75s     Synthesize event
    t =    14.98s     Wait for com.mdd.kanpan to idle
    t =    14.98s Type '<redacted>' into "account.password" SecureTextField
    t =    14.98s     Wait for com.mdd.kanpan to idle
    t =    14.99s     Find the "account.password" SecureTextField
    t =    15.04s     Check for interrupting elements affecting "account.password" SecureTextField
    t =    15.08s     Synthesize event
    t =    15.30s     Wait for com.mdd.kanpan to idle
    t =    15.30s Type '<redacted>' into "account.password" SecureTextField
    t =    15.30s     Wait for com.mdd.kanpan to idle
    t =    15.31s     Find the "account.password" SecureTextField
    t =    15.36s     Check for interrupting elements affecting "account.password" SecureTextField
    t =    15.39s     Synthesize event
    t =    15.62s     Wait for com.mdd.kanpan to idle
    t =    15.62s Type '<redacted>' into "account.password" SecureTextField
    t =    15.62s     Wait for com.mdd.kanpan to idle
    t =    15.63s     Find the "account.password" SecureTextField
    t =    15.68s     Check for interrupting elements affecting "account.password" SecureTextField
    t =    15.72s     Synthesize event
    t =    15.94s     Wait for com.mdd.kanpan to idle
    t =    15.94s Type '<redacted>' into "account.password" SecureTextField
    t =    15.95s     Wait for com.mdd.kanpan to idle
    t =    15.95s     Find the "account.password" SecureTextField
    t =    16.01s     Check for interrupting elements affecting "account.password" SecureTextField
    t =    16.04s     Synthesize event
    t =    16.27s     Wait for com.mdd.kanpan to idle
    t =    16.27s Type '<redacted>' into "account.password" SecureTextField
    t =    16.28s     Wait for com.mdd.kanpan to idle
    t =    16.28s     Find the "account.password" SecureTextField
    t =    16.34s     Check for interrupting elements affecting "account.password" SecureTextField
    t =    16.37s     Synthesize event
    t =    16.59s     Wait for com.mdd.kanpan to idle
    t =    16.60s Type '<redacted>' into "account.password" SecureTextField
    t =    16.60s     Wait for com.mdd.kanpan to idle
    t =    16.60s     Find the "account.password" SecureTextField
    t =    16.66s     Check for interrupting elements affecting "account.password" SecureTextField
    t =    16.69s     Synthesize event
    t =    16.92s     Wait for com.mdd.kanpan to idle
    t =    16.92s Type '<redacted>' into "account.password" SecureTextField
    t =    16.92s     Wait for com.mdd.kanpan to idle
    t =    16.93s     Find the "account.password" SecureTextField
    t =    16.98s     Check for interrupting elements affecting "account.password" SecureTextField
    t =    17.02s     Synthesize event
    t =    17.24s     Wait for com.mdd.kanpan to idle
    t =    17.24s Tap "account.submit" Button
    t =    17.24s     Wait for com.mdd.kanpan to idle
    t =    17.24s     Find the "account.submit" Button
    t =    17.28s     Check for interrupting elements affecting "account.submit" Button
    t =    17.32s     Synthesize event
    t =    17.61s     Wait for com.mdd.kanpan to idle
    t =    18.87s Checking existence of `"account.view" Other`
    t =    19.87s Checking existence of `"account.view" Other`
    t =    19.89s Terminate com.mdd.kanpan:85711
    t =    20.96s Open com.mdd.kanpan
    t =    20.96s     Launch com.mdd.kanpan
2026-09-23 21:33:39.012 xcodebuild[84601:9096826] [MT] IDELaunchParametersSnapshot: The operation couldn’t be completed. (DebuggerLLDB.DebuggerVersionStore.StoreError error 0.)
2026-09-23 21:33:39.012 xcodebuild[84601:9096826] [MT] IDELaunchParametersSnapshot: no debugger version
    t =    21.17s         Setting up automation session
    t =    21.77s         Wait for com.mdd.kanpan to idle
    t =    23.23s Waiting 30.0s for "chart.canvas" Other to exist
    t =    24.30s     Checking `Expect predicate `existsNoRetry == 1` for object "chart.canvas" Other`
    t =    24.30s         Checking existence of `"chart.canvas" Other`
    t =    24.33s Tap "bottom.settings" Button
    t =    24.33s     Wait for com.mdd.kanpan to idle
    t =    24.34s     Find the "bottom.settings" Button
    t =    24.35s     Check for interrupting elements affecting "bottom.settings" Button
    t =    24.37s     Synthesize event
    t =    24.66s     Wait for com.mdd.kanpan to idle
    t =    24.66s Tap "settings.account" Button
    t =    24.66s     Wait for com.mdd.kanpan to idle
    t =    24.66s     Find the "settings.account" Button
    t =    24.69s     Check for interrupting elements affecting "settings.account" Button
    t =    24.71s     Synthesize event
    t =    25.01s     Wait for com.mdd.kanpan to idle
    t =    25.51s Waiting 10.0s for StaticText (First Match) to exist
    t =    26.55s     Checking `Expect predicate `existsNoRetry == 1` for object StaticText (First Match)`
    t =    26.55s         Checking existence of `StaticText (First Match)`
    t =    26.61s Find the Target Application 'com.mdd.kanpan'
    t =    26.71s Added attachment named '用户名注册持久化'
    t =    26.71s Tap "注销账号" Button
    t =    26.71s     Wait for com.mdd.kanpan to idle
    t =    26.71s     Find the "注销账号" Button
    t =    26.75s     Check for interrupting elements affecting "注销账号" Button
    t =    26.78s     Synthesize event
    t =    27.07s     Wait for com.mdd.kanpan to idle
    t =    27.07s Tap "account.password" SecureTextField
    t =    27.07s     Wait for com.mdd.kanpan to idle
    t =    27.07s     Find the "account.password" SecureTextField
    t =    27.10s     Check for interrupting elements affecting "account.password" SecureTextField
    t =    27.13s     Synthesize event
    t =    27.42s     Wait for com.mdd.kanpan to idle
    t =    27.77s Waiting 2.0s for "GenerateStrongPasswordButton" Button to exist
    t =    28.84s     Checking `Expect predicate `existsNoRetry == 1` for object "GenerateStrongPasswordButton" Button`
    t =    28.84s         Checking existence of `"GenerateStrongPasswordButton" Button`
    t =    28.90s         Capturing element debug description
    t =    29.78s     Checking `Expect predicate `existsNoRetry == 1` for object "GenerateStrongPasswordButton" Button`
    t =    29.78s         Checking existence of `"GenerateStrongPasswordButton" Button`
    t =    29.85s         Capturing element debug description
    t =    29.85s     Checking existence of `"GenerateStrongPasswordButton" Button`
    t =    29.89s Collecting debug information to assist test failure triage
    t =    29.89s     Requesting snapshot of accessibility hierarchy for app with pid 85835
    t =    29.94s Waiting 5.0s for Keyboard (First Match) to exist
    t =    30.98s     Checking `Expect predicate `existsNoRetry == 1` for object Keyboard (First Match)`
    t =    30.98s         Checking existence of `Keyboard (First Match)`
    t =    31.01s Type '<redacted>' into "account.password" SecureTextField
    t =    31.01s     Wait for com.mdd.kanpan to idle
    t =    31.01s     Find the "account.password" SecureTextField
    t =    31.06s     Check for interrupting elements affecting "account.password" SecureTextField
    t =    31.09s     Synthesize event
    t =    31.32s     Wait for com.mdd.kanpan to idle
    t =    31.32s Type '<redacted>' into "account.password" SecureTextField
    t =    31.32s     Wait for com.mdd.kanpan to idle
    t =    31.32s     Find the "account.password" SecureTextField
    t =    31.36s     Check for interrupting elements affecting "account.password" SecureTextField
    t =    31.40s     Synthesize event
    t =    31.62s     Wait for com.mdd.kanpan to idle
    t =    31.63s Type '<redacted>' into "account.password" SecureTextField
    t =    31.63s     Wait for com.mdd.kanpan to idle
    t =    31.63s     Find the "account.password" SecureTextField
    t =    31.68s     Check for interrupting elements affecting "account.password" SecureTextField
    t =    31.72s     Synthesize event
    t =    31.94s     Wait for com.mdd.kanpan to idle
    t =    31.95s Type '<redacted>' into "account.password" SecureTextField
    t =    31.95s     Wait for com.mdd.kanpan to idle
    t =    31.95s     Find the "account.password" SecureTextField
    t =    32.02s     Check for interrupting elements affecting "account.password" SecureTextField
    t =    32.05s     Synthesize event
    t =    32.28s     Wait for com.mdd.kanpan to idle
    t =    32.28s Type '<redacted>' into "account.password" SecureTextField
    t =    32.28s     Wait for com.mdd.kanpan to idle
    t =    32.29s     Find the "account.password" SecureTextField
    t =    32.35s     Check for interrupting elements affecting "account.password" SecureTextField
    t =    32.38s     Synthesize event
    t =    32.60s     Wait for com.mdd.kanpan to idle
    t =    32.61s Type '<redacted>' into "account.password" SecureTextField
    t =    32.61s     Wait for com.mdd.kanpan to idle
    t =    32.61s     Find the "account.password" SecureTextField
    t =    32.67s     Check for interrupting elements affecting "account.password" SecureTextField
    t =    32.70s     Synthesize event
    t =    32.93s     Wait for com.mdd.kanpan to idle
    t =    32.93s Type '<redacted>' into "account.password" SecureTextField
    t =    32.93s     Wait for com.mdd.kanpan to idle
    t =    32.94s     Find the "account.password" SecureTextField
    t =    32.99s     Check for interrupting elements affecting "account.password" SecureTextField
    t =    33.03s     Synthesize event
    t =    33.25s     Wait for com.mdd.kanpan to idle
    t =    33.25s Type '<redacted>' into "account.password" SecureTextField
    t =    33.25s     Wait for com.mdd.kanpan to idle
    t =    33.26s     Find the "account.password" SecureTextField
    t =    33.30s     Check for interrupting elements affecting "account.password" SecureTextField
    t =    33.34s     Synthesize event
    t =    33.56s     Wait for com.mdd.kanpan to idle
    t =    33.58s Type '<redacted>' into "account.password" SecureTextField
    t =    33.58s     Wait for com.mdd.kanpan to idle
    t =    33.58s     Find the "account.password" SecureTextField
    t =    33.62s     Check for interrupting elements affecting "account.password" SecureTextField
    t =    33.66s     Synthesize event
    t =    33.88s     Wait for com.mdd.kanpan to idle
    t =    33.89s Type '<redacted>' into "account.password" SecureTextField
    t =    33.89s     Wait for com.mdd.kanpan to idle
    t =    33.89s     Find the "account.password" SecureTextField
    t =    33.95s     Check for interrupting elements affecting "account.password" SecureTextField
    t =    33.98s     Synthesize event
    t =    34.20s     Wait for com.mdd.kanpan to idle
    t =    34.21s Type '<redacted>' into "account.password" SecureTextField
    t =    34.21s     Wait for com.mdd.kanpan to idle
    t =    34.21s     Find the "account.password" SecureTextField
    t =    34.27s     Check for interrupting elements affecting "account.password" SecureTextField
    t =    34.31s     Synthesize event
    t =    34.53s     Wait for com.mdd.kanpan to idle
    t =    34.53s Type '<redacted>' into "account.password" SecureTextField
    t =    34.54s     Wait for com.mdd.kanpan to idle
    t =    34.54s     Find the "account.password" SecureTextField
    t =    34.59s     Check for interrupting elements affecting "account.password" SecureTextField
    t =    34.63s     Synthesize event
    t =    34.85s     Wait for com.mdd.kanpan to idle
    t =    34.86s Tap "account.submit" Button
    t =    34.86s     Wait for com.mdd.kanpan to idle
    t =    34.86s     Find the "account.submit" Button
    t =    34.92s     Check for interrupting elements affecting "account.submit" Button
    t =    34.95s     Synthesize event
    t =    35.25s     Wait for com.mdd.kanpan to idle
    t =    36.56s Checking existence of `"account.view" Other`
    t =    36.59s Find the Target Application 'com.mdd.kanpan'
    t =    36.69s Added attachment named 'Screenshot of Target Application 'com.mdd.kanpan'.png'
    t =    36.69s Terminate com.mdd.kanpan:85835
    t =    37.77s Tear Down
Test Case '-[KanpanUITests.AccountMarketUITests testOKXHistoryAndUsernameRegistration]' passed (37.840 seconds).
Test Suite 'AccountMarketUITests' passed at 2026-09-23 21:33:55.886.
	 Executed 2 tests, with 0 failures (0 unexpected) in 43.577 (43.578) seconds
Test Suite 'AccountPreferenceSyncUITests' started at 2026-09-23 21:33:55.887.
Test Case '-[KanpanUITests.AccountPreferenceSyncUITests testPreferencesFollowTheAccountAcrossRegisterLogoutSwitchAndRelogin]' started.
    t =     0.00s Start Test at 2026-09-23 21:33:55.887
    t =     0.01s Set Up
    t =     0.02s Open com.mdd.kanpan
    t =     0.02s     Launch com.mdd.kanpan
2026-09-23 21:33:55.915 xcodebuild[84601:9096826] [MT] IDELaunchParametersSnapshot: The operation couldn’t be completed. (DebuggerLLDB.DebuggerVersionStore.StoreError error 0.)
2026-09-23 21:33:55.915 xcodebuild[84601:9096826] [MT] IDELaunchParametersSnapshot: no debugger version
    t =     0.23s         Setting up automation session
    t =     0.83s         Wait for com.mdd.kanpan to idle
    t =     2.16s Waiting 90.0s for "bottom.settings" Button to exist
    t =     3.21s     Checking `Expect predicate `existsNoRetry == 1` for object "bottom.settings" Button`
    t =     3.21s         Checking existence of `"bottom.settings" Button`
    t =     3.26s Checking existence of `"account.view" Other`
    t =     3.29s Checking existence of `"display.theme.sage" Button`
    t =     3.31s Waiting 60.0s for "bottom.settings" Button to exist
    t =     4.36s     Checking `Expect predicate `existsNoRetry == 1` for object "bottom.settings" Button`
    t =     4.37s         Checking existence of `"bottom.settings" Button`
    t =     4.39s Tap "bottom.settings" Button
    t =     4.39s     Wait for com.mdd.kanpan to idle
    t =     4.39s     Find the "bottom.settings" Button
    t =     4.40s     Check for interrupting elements affecting "bottom.settings" Button
    t =     4.42s     Synthesize event
    t =     4.71s     Wait for com.mdd.kanpan to idle
    t =     4.71s Waiting 20.0s for "display.theme.sage" Button to exist
    t =     5.75s     Checking `Expect predicate `existsNoRetry == 1` for object "display.theme.sage" Button`
    t =     5.75s         Checking existence of `"display.theme.sage" Button`
    t =     5.79s Waiting 20.0s for "settings.account" Button to exist
    t =     6.81s     Checking `Expect predicate `existsNoRetry == 1` for object "settings.account" Button`
    t =     6.82s         Checking existence of `"settings.account" Button`
    t =     6.86s Tap "settings.account" Button
    t =     6.86s     Wait for com.mdd.kanpan to idle
    t =     6.86s     Find the "settings.account" Button
    t =     6.88s     Check for interrupting elements affecting "settings.account" Button
    t =     6.90s     Synthesize event
    t =     7.19s     Wait for com.mdd.kanpan to idle
    t =     7.67s Waiting 20.0s for "account.view" Other to exist
    t =     8.69s     Checking `Expect predicate `existsNoRetry == 1` for object "account.view" Other`
    t =     8.69s         Checking existence of `"account.view" Other`
    t =     8.74s Waiting 20.0s for "注册" Button to exist
    t =     9.76s     Checking `Expect predicate `existsNoRetry == 1` for object "注册" Button`
    t =     9.76s         Checking existence of `"注册" Button`
    t =     9.80s Tap "注册" Button
    t =     9.80s     Wait for com.mdd.kanpan to idle
    t =     9.80s     Find the "注册" Button
    t =     9.83s     Check for interrupting elements affecting "注册" Button
    t =     9.85s     Synthesize event
    t =    10.14s     Wait for com.mdd.kanpan to idle
    t =    10.14s Waiting 20.0s for "account.email" TextField to exist
    t =    11.21s     Checking `Expect predicate `existsNoRetry == 1` for object "account.email" TextField`
    t =    11.21s         Checking existence of `"account.email" TextField`
    t =    11.25s Tap "account.email" TextField
    t =    11.25s     Wait for com.mdd.kanpan to idle
    t =    11.25s     Find the "account.email" TextField
    t =    11.28s     Check for interrupting elements affecting "account.email" TextField
    t =    11.31s     Synthesize event
    t =    11.59s     Wait for com.mdd.kanpan to idle
    t =    11.94s Type 'pref_a72756e9a000' into "account.email" TextField
    t =    11.94s     Wait for com.mdd.kanpan to idle
    t =    11.94s     Find the "account.email" TextField
    t =    12.00s     Check for interrupting elements affecting "account.email" TextField
    t =    12.05s     Synthesize event
    t =    12.53s     Wait for com.mdd.kanpan to idle
    t =    12.54s Waiting 20.0s for "account.password" SecureTextField to exist
    t =    13.60s     Checking `Expect predicate `existsNoRetry == 1` for object "account.password" SecureTextField`
    t =    13.60s         Checking existence of `"account.password" SecureTextField`
    t =    13.63s Tap "account.password" SecureTextField
    t =    13.63s     Wait for com.mdd.kanpan to idle
    t =    13.64s     Find the "account.password" SecureTextField
    t =    13.67s     Check for interrupting elements affecting "account.password" SecureTextField
    t =    13.70s     Synthesize event
    t =    13.99s     Wait for com.mdd.kanpan to idle
    t =    14.32s Waiting 2.0s for "GenerateStrongPasswordButton" Button to exist
    t =    15.36s     Checking `Expect predicate `existsNoRetry == 1` for object "GenerateStrongPasswordButton" Button`
    t =    15.37s         Checking existence of `"GenerateStrongPasswordButton" Button`
    t =    15.43s         Capturing element debug description
    t =    16.33s     Checking `Expect predicate `existsNoRetry == 1` for object "GenerateStrongPasswordButton" Button`
    t =    16.33s         Checking existence of `"GenerateStrongPasswordButton" Button`
    t =    16.40s         Capturing element debug description
    t =    16.40s     Checking existence of `"GenerateStrongPasswordButton" Button`
    t =    16.43s Collecting debug information to assist test failure triage
    t =    16.43s     Requesting snapshot of accessibility hierarchy for app with pid 85971
    t =    16.49s Waiting 20.0s for Keyboard (First Match) to exist
    t =    17.51s     Checking `Expect predicate `existsNoRetry == 1` for object Keyboard (First Match)`
    t =    17.52s         Checking existence of `Keyboard (First Match)`
    t =    17.53s Type '<redacted>' into "account.password" SecureTextField
    t =    17.53s     Wait for com.mdd.kanpan to idle
    t =    17.53s     Find the "account.password" SecureTextField
    t =    17.58s     Check for interrupting elements affecting "account.password" SecureTextField
    t =    17.61s     Synthesize event
    t =    17.83s     Wait for com.mdd.kanpan to idle
    t =    17.84s Type '<redacted>' into "account.password" SecureTextField
    t =    17.84s     Wait for com.mdd.kanpan to idle
    t =    17.84s     Find the "account.password" SecureTextField
    t =    17.88s     Check for interrupting elements affecting "account.password" SecureTextField
    t =    17.91s     Synthesize event
    t =    18.14s     Wait for com.mdd.kanpan to idle
    t =    18.14s Type '<redacted>' into "account.password" SecureTextField
    t =    18.14s     Wait for com.mdd.kanpan to idle
    t =    18.14s     Find the "account.password" SecureTextField
    t =    18.18s     Check for interrupting elements affecting "account.password" SecureTextField
    t =    18.21s     Synthesize event
    t =    18.43s     Wait for com.mdd.kanpan to idle
    t =    18.43s Type '<redacted>' into "account.password" SecureTextField
    t =    18.43s     Wait for com.mdd.kanpan to idle
    t =    18.44s     Find the "account.password" SecureTextField
    t =    18.48s     Check for interrupting elements affecting "account.password" SecureTextField
    t =    18.51s     Synthesize event
    t =    18.73s     Wait for com.mdd.kanpan to idle
    t =    18.74s Type '<redacted>' into "account.password" SecureTextField
    t =    18.74s     Wait for com.mdd.kanpan to idle
    t =    18.74s     Find the "account.password" SecureTextField
    t =    18.79s     Check for interrupting elements affecting "account.password" SecureTextField
    t =    18.82s     Synthesize event
    t =    19.04s     Wait for com.mdd.kanpan to idle
    t =    19.04s Type '<redacted>' into "account.password" SecureTextField
    t =    19.04s     Wait for com.mdd.kanpan to idle
    t =    19.05s     Find the "account.password" SecureTextField
    t =    19.09s     Check for interrupting elements affecting "account.password" SecureTextField
    t =    19.13s     Synthesize event
    t =    19.35s     Wait for com.mdd.kanpan to idle
    t =    19.38s Type '<redacted>' into "account.password" SecureTextField
    t =    19.38s     Wait for com.mdd.kanpan to idle
    t =    19.39s     Find the "account.password" SecureTextField
    t =    19.43s     Check for interrupting elements affecting "account.password" SecureTextField
    t =    19.46s     Synthesize event
    t =    19.69s     Wait for com.mdd.kanpan to idle
    t =    19.69s Type '<redacted>' into "account.password" SecureTextField
    t =    19.69s     Wait for com.mdd.kanpan to idle
    t =    19.69s     Find the "account.password" SecureTextField
    t =    19.74s     Check for interrupting elements affecting "account.password" SecureTextField
    t =    19.78s     Synthesize event
    t =    20.00s     Wait for com.mdd.kanpan to idle
    t =    20.00s Type '<redacted>' into "account.password" SecureTextField
    t =    20.00s     Wait for com.mdd.kanpan to idle
    t =    20.01s     Find the "account.password" SecureTextField
    t =    20.05s     Check for interrupting elements affecting "account.password" SecureTextField
    t =    20.08s     Synthesize event
    t =    20.30s     Wait for com.mdd.kanpan to idle
    t =    20.30s Type '<redacted>' into "account.password" SecureTextField
    t =    20.30s     Wait for com.mdd.kanpan to idle
    t =    20.31s     Find the "account.password" SecureTextField
    t =    20.35s     Check for interrupting elements affecting "account.password" SecureTextField
    t =    20.38s     Synthesize event
    t =    20.61s     Wait for com.mdd.kanpan to idle
    t =    20.61s Type '<redacted>' into "account.password" SecureTextField
    t =    20.61s     Wait for com.mdd.kanpan to idle
    t =    20.61s     Find the "account.password" SecureTextField
    t =    20.66s     Check for interrupting elements affecting "account.password" SecureTextField
    t =    20.69s     Synthesize event
    t =    20.91s     Wait for com.mdd.kanpan to idle
    t =    20.91s Type '<redacted>' into "account.password" SecureTextField
    t =    20.91s     Wait for com.mdd.kanpan to idle
    t =    20.91s     Find the "account.password" SecureTextField
    t =    20.95s     Check for interrupting elements affecting "account.password" SecureTextField
    t =    20.99s     Synthesize event
    t =    21.21s     Wait for com.mdd.kanpan to idle
    t =    21.21s Tap "account.submit" Button
    t =    21.21s     Wait for com.mdd.kanpan to idle
    t =    21.21s     Find the "account.submit" Button
    t =    21.25s     Check for interrupting elements affecting "account.submit" Button
    t =    21.29s     Synthesize event
    t =    21.58s     Wait for com.mdd.kanpan to idle
    t =    21.80s Checking existence of `"account.view" Other`
    t =    22.05s Checking existence of `"account.view" Other`
    t =    22.32s Checking existence of `"account.view" Other`
    t =    22.58s Checking existence of `"account.view" Other`
    t =    22.83s Checking existence of `"account.view" Other`
    t =    23.07s Checking existence of `"account.view" Other`
    t =    23.31s Checking existence of `"account.view" Other`
    t =    23.32s Find the Target Application 'com.mdd.kanpan'
    t =    23.42s Added attachment named '2-注册A'
    t =    23.42s Checking existence of `"display.theme.sage" Button`
    t =    23.43s Waiting 60.0s for "bottom.settings" Button to exist
    t =    24.46s     Checking `Expect predicate `existsNoRetry == 1` for object "bottom.settings" Button`
    t =    24.46s         Checking existence of `"bottom.settings" Button`
    t =    24.49s Tap "bottom.settings" Button
    t =    24.49s     Wait for com.mdd.kanpan to idle
    t =    24.49s     Find the "bottom.settings" Button
    t =    24.51s     Check for interrupting elements affecting "bottom.settings" Button
    t =    24.54s     Synthesize event
    t =    24.83s     Wait for com.mdd.kanpan to idle
    t =    24.84s Waiting 20.0s for "display.theme.sage" Button to exist
    t =    25.86s     Checking `Expect predicate `existsNoRetry == 1` for object "display.theme.sage" Button`
    t =    25.87s         Checking existence of `"display.theme.sage" Button`
    t =    25.91s Waiting 20.0s for "display.theme.terra" Button to exist
    t =    26.93s     Checking `Expect predicate `existsNoRetry == 1` for object "display.theme.terra" Button`
    t =    26.94s         Checking existence of `"display.theme.terra" Button`
    t =    26.98s Find the "display.theme.terra" Button
    t =    27.00s Tap "display.theme.terra" Button
    t =    27.00s     Wait for com.mdd.kanpan to idle
    t =    27.01s     Find the "display.theme.terra" Button
    t =    27.03s     Check for interrupting elements affecting "display.theme.terra" Button
    t =    27.05s     Synthesize event
    t =    27.34s     Wait for com.mdd.kanpan to idle
    t =    27.35s Waiting 20.0s for "display.mode.深色" Button to exist
    t =    28.39s     Checking `Expect predicate `existsNoRetry == 1` for object "display.mode.深色" Button`
    t =    28.39s         Checking existence of `"display.mode.深色" Button`
    t =    28.42s Find the "display.mode.深色" Button
    t =    28.45s Tap "display.mode.深色" Button
    t =    28.45s     Wait for com.mdd.kanpan to idle
    t =    28.45s     Find the "display.mode.深色" Button
    t =    28.47s     Check for interrupting elements affecting "display.mode.深色" Button
    t =    28.48s     Synthesize event
    t =    28.78s     Wait for com.mdd.kanpan to idle
    t =    28.78s Checking existence of `"display.theme.terra" Button`
    t =    28.81s Checking existence of `"display.mode.深色" Button`
    t =    28.84s Find the "display.theme.terra" Button
    t =    28.86s Find the "display.mode.深色" Button
    t =    28.88s Find the Target Application 'com.mdd.kanpan'
    t =    28.96s Added attachment named '3-A陶土深色'
    t =    28.96s Checking existence of `"account.view" Other`
    t =    28.98s Checking existence of `"display.theme.sage" Button`
    t =    29.00s Waiting 20.0s for "settings.account" Button to exist
    t =    30.06s     Checking `Expect predicate `existsNoRetry == 1` for object "settings.account" Button`
    t =    30.06s         Checking existence of `"settings.account" Button`
    t =    30.08s Tap "settings.account" Button
    t =    30.08s     Wait for com.mdd.kanpan to idle
    t =    30.08s     Find the "settings.account" Button
    t =    30.10s     Check for interrupting elements affecting "settings.account" Button
    t =    30.12s     Synthesize event
    t =    30.41s     Wait for com.mdd.kanpan to idle
    t =    31.07s Waiting 20.0s for "account.view" Other to exist
    t =    32.11s     Checking `Expect predicate `existsNoRetry == 1` for object "account.view" Other`
    t =    32.11s         Checking existence of `"account.view" Other`
    t =    32.18s Waiting 20.0s for "退出登录" Button to exist
    t =    33.24s     Checking `Expect predicate `existsNoRetry == 1` for object "退出登录" Button`
    t =    33.24s         Checking existence of `"退出登录" Button`
    t =    33.31s Tap "退出登录" Button
    t =    33.31s     Wait for com.mdd.kanpan to idle
    t =    33.32s     Find the "退出登录" Button
    t =    33.36s     Check for interrupting elements affecting "退出登录" Button
    t =    33.39s     Synthesize event
    t =    33.68s     Wait for com.mdd.kanpan to idle
    t =    34.11s Checking existence of `"account.view" Other`
    t =    34.13s Checking existence of `"account.view" Other`
    t =    34.14s Checking existence of `"display.theme.sage" Button`
    t =    34.16s Waiting 60.0s for "bottom.settings" Button to exist
    t =    35.21s     Checking `Expect predicate `existsNoRetry == 1` for object "bottom.settings" Button`
    t =    35.21s         Checking existence of `"bottom.settings" Button`
    t =    35.23s Tap "bottom.settings" Button
    t =    35.23s     Wait for com.mdd.kanpan to idle
    t =    35.24s     Find the "bottom.settings" Button
    t =    35.25s     Check for interrupting elements affecting "bottom.settings" Button
    t =    35.27s     Synthesize event
    t =    35.56s     Wait for com.mdd.kanpan to idle
    t =    35.57s Waiting 20.0s for "display.theme.sage" Button to exist
    t =    36.60s     Checking `Expect predicate `existsNoRetry == 1` for object "display.theme.sage" Button`
    t =    36.60s         Checking existence of `"display.theme.sage" Button`
    t =    36.65s Waiting 20.0s for "settings.account" Button to exist
    t =    37.67s     Checking `Expect predicate `existsNoRetry == 1` for object "settings.account" Button`
    t =    37.67s         Checking existence of `"settings.account" Button`
    t =    37.72s Tap "settings.account" Button
    t =    37.72s     Wait for com.mdd.kanpan to idle
    t =    37.72s     Find the "settings.account" Button
    t =    37.75s     Check for interrupting elements affecting "settings.account" Button
    t =    37.77s     Synthesize event
    t =    38.06s     Wait for com.mdd.kanpan to idle
    t =    38.43s Waiting 20.0s for "account.view" Other to exist
    t =    39.46s     Checking `Expect predicate `existsNoRetry == 1` for object "account.view" Other`
    t =    39.46s         Checking existence of `"account.view" Other`
    t =    39.53s Waiting 20.0s for "注册" Button to exist
    t =    40.56s     Checking `Expect predicate `existsNoRetry == 1` for object "注册" Button`
    t =    40.56s         Checking existence of `"注册" Button`
    t =    40.59s Tap "注册" Button
    t =    40.59s     Wait for com.mdd.kanpan to idle
    t =    40.59s     Find the "注册" Button
    t =    40.62s     Check for interrupting elements affecting "注册" Button
    t =    40.64s     Synthesize event
    t =    40.93s     Wait for com.mdd.kanpan to idle
    t =    40.94s Waiting 20.0s for "account.email" TextField to exist
    t =    41.97s     Checking `Expect predicate `existsNoRetry == 1` for object "account.email" TextField`
    t =    41.98s         Checking existence of `"account.email" TextField`
    t =    42.02s Tap "account.email" TextField
    t =    42.02s     Wait for com.mdd.kanpan to idle
    t =    42.02s     Find the "account.email" TextField
    t =    42.06s     Check for interrupting elements affecting "account.email" TextField
    t =    42.08s     Synthesize event
    t =    42.37s     Wait for com.mdd.kanpan to idle
    t =    42.68s Type 'pref_06a395b32d18' into "account.email" TextField
    t =    42.68s     Wait for com.mdd.kanpan to idle
    t =    42.68s     Find the "account.email" TextField
    t =    42.73s     Check for interrupting elements affecting "account.email" TextField
    t =    42.76s     Synthesize event
    t =    43.24s     Wait for com.mdd.kanpan to idle
    t =    43.25s Waiting 20.0s for "account.password" SecureTextField to exist
    t =    44.26s     Checking `Expect predicate `existsNoRetry == 1` for object "account.password" SecureTextField`
    t =    44.26s         Checking existence of `"account.password" SecureTextField`
    t =    44.31s Tap "account.password" SecureTextField
    t =    44.31s     Wait for com.mdd.kanpan to idle
    t =    44.31s     Find the "account.password" SecureTextField
    t =    44.34s     Check for interrupting elements affecting "account.password" SecureTextField
    t =    44.37s     Synthesize event
    t =    44.66s     Wait for com.mdd.kanpan to idle
    t =    45.02s Waiting 2.0s for "GenerateStrongPasswordButton" Button to exist
    t =    46.08s     Checking `Expect predicate `existsNoRetry == 1` for object "GenerateStrongPasswordButton" Button`
    t =    46.08s         Checking existence of `"GenerateStrongPasswordButton" Button`
    t =    46.15s         Capturing element debug description
    t =    47.03s     Checking `Expect predicate `existsNoRetry == 1` for object "GenerateStrongPasswordButton" Button`
    t =    47.03s         Checking existence of `"GenerateStrongPasswordButton" Button`
    t =    47.09s         Capturing element debug description
    t =    47.09s     Checking existence of `"GenerateStrongPasswordButton" Button`
    t =    47.13s Collecting debug information to assist test failure triage
    t =    47.13s     Requesting snapshot of accessibility hierarchy for app with pid 85971
    t =    47.18s Waiting 20.0s for Keyboard (First Match) to exist
    t =    48.21s     Checking `Expect predicate `existsNoRetry == 1` for object Keyboard (First Match)`
    t =    48.21s         Checking existence of `Keyboard (First Match)`
    t =    48.22s Type '<redacted>' into "account.password" SecureTextField
    t =    48.22s     Wait for com.mdd.kanpan to idle
    t =    48.22s     Find the "account.password" SecureTextField
    t =    48.26s     Check for interrupting elements affecting "account.password" SecureTextField
    t =    48.29s     Synthesize event
    t =    48.52s     Wait for com.mdd.kanpan to idle
    t =    48.52s Type '<redacted>' into "account.password" SecureTextField
    t =    48.52s     Wait for com.mdd.kanpan to idle
    t =    48.52s     Find the "account.password" SecureTextField
    t =    48.57s     Check for interrupting elements affecting "account.password" SecureTextField
    t =    48.60s     Synthesize event
    t =    48.82s     Wait for com.mdd.kanpan to idle
    t =    48.82s Type '<redacted>' into "account.password" SecureTextField
    t =    48.82s     Wait for com.mdd.kanpan to idle
    t =    48.82s     Find the "account.password" SecureTextField
    t =    48.87s     Check for interrupting elements affecting "account.password" SecureTextField
    t =    48.90s     Synthesize event
    t =    49.13s     Wait for com.mdd.kanpan to idle
    t =    49.13s Type '<redacted>' into "account.password" SecureTextField
    t =    49.13s     Wait for com.mdd.kanpan to idle
    t =    49.13s     Find the "account.password" SecureTextField
    t =    49.18s     Check for interrupting elements affecting "account.password" SecureTextField
    t =    49.22s     Synthesize event
    t =    49.45s     Wait for com.mdd.kanpan to idle
    t =    49.45s Type '<redacted>' into "account.password" SecureTextField
    t =    49.45s     Wait for com.mdd.kanpan to idle
    t =    49.45s     Find the "account.password" SecureTextField
    t =    49.51s     Check for interrupting elements affecting "account.password" SecureTextField
    t =    49.54s     Synthesize event
    t =    49.76s     Wait for com.mdd.kanpan to idle
    t =    49.77s Type '<redacted>' into "account.password" SecureTextField
    t =    49.77s     Wait for com.mdd.kanpan to idle
    t =    49.77s     Find the "account.password" SecureTextField
    t =    49.83s     Check for interrupting elements affecting "account.password" SecureTextField
    t =    49.86s     Synthesize event
    t =    50.09s     Wait for com.mdd.kanpan to idle
    t =    50.09s Type '<redacted>' into "account.password" SecureTextField
    t =    50.09s     Wait for com.mdd.kanpan to idle
    t =    50.10s     Find the "account.password" SecureTextField
    t =    50.15s     Check for interrupting elements affecting "account.password" SecureTextField
    t =    50.18s     Synthesize event
    t =    50.41s     Wait for com.mdd.kanpan to idle
    t =    50.42s Type '<redacted>' into "account.password" SecureTextField
    t =    50.42s     Wait for com.mdd.kanpan to idle
    t =    50.42s     Find the "account.password" SecureTextField
    t =    50.46s     Check for interrupting elements affecting "account.password" SecureTextField
    t =    50.49s     Synthesize event
    t =    50.72s     Wait for com.mdd.kanpan to idle
    t =    50.72s Type '<redacted>' into "account.password" SecureTextField
    t =    50.72s     Wait for com.mdd.kanpan to idle
    t =    50.72s     Find the "account.password" SecureTextField
    t =    50.76s     Check for interrupting elements affecting "account.password" SecureTextField
    t =    50.79s     Synthesize event
    t =    51.01s     Wait for com.mdd.kanpan to idle
    t =    51.01s Type '<redacted>' into "account.password" SecureTextField
    t =    51.01s     Wait for com.mdd.kanpan to idle
    t =    51.01s     Find the "account.password" SecureTextField
    t =    51.06s     Check for interrupting elements affecting "account.password" SecureTextField
    t =    51.09s     Synthesize event
    t =    51.31s     Wait for com.mdd.kanpan to idle
    t =    51.31s Type '<redacted>' into "account.password" SecureTextField
    t =    51.31s     Wait for com.mdd.kanpan to idle
    t =    51.31s     Find the "account.password" SecureTextField
    t =    51.35s     Check for interrupting elements affecting "account.password" SecureTextField
    t =    51.38s     Synthesize event
    t =    51.61s     Wait for com.mdd.kanpan to idle
    t =    51.61s Type '<redacted>' into "account.password" SecureTextField
    t =    51.61s     Wait for com.mdd.kanpan to idle
    t =    51.61s     Find the "account.password" SecureTextField
    t =    51.65s     Check for interrupting elements affecting "account.password" SecureTextField
    t =    51.68s     Synthesize event
    t =    51.90s     Wait for com.mdd.kanpan to idle
    t =    51.90s Tap "account.submit" Button
    t =    51.90s     Wait for com.mdd.kanpan to idle
    t =    51.90s     Find the "account.submit" Button
    t =    51.94s     Check for interrupting elements affecting "account.submit" Button
    t =    51.98s     Synthesize event
    t =    52.28s     Wait for com.mdd.kanpan to idle
    t =    52.60s Checking existence of `"account.view" Other`
    t =    52.84s Checking existence of `"account.view" Other`
    t =    53.09s Checking existence of `"account.view" Other`
    t =    53.33s Checking existence of `"account.view" Other`
    t =    53.35s Checking existence of `"display.theme.sage" Button`
    t =    53.37s Waiting 60.0s for "bottom.settings" Button to exist
    t =    54.38s     Checking `Expect predicate `existsNoRetry == 1` for object "bottom.settings" Button`
    t =    54.38s         Checking existence of `"bottom.settings" Button`
    t =    54.39s Tap "bottom.settings" Button
    t =    54.39s     Wait for com.mdd.kanpan to idle
    t =    54.40s     Find the "bottom.settings" Button
    t =    54.42s     Check for interrupting elements affecting "bottom.settings" Button
    t =    54.44s     Synthesize event
    t =    54.73s     Wait for com.mdd.kanpan to idle
    t =    54.73s Waiting 20.0s for "display.theme.sage" Button to exist
    t =    55.76s     Checking `Expect predicate `existsNoRetry == 1` for object "display.theme.sage" Button`
    t =    55.77s         Checking existence of `"display.theme.sage" Button`
    t =    55.82s Waiting 20.0s for "display.theme.classic" Button to exist
    t =    56.84s     Checking `Expect predicate `existsNoRetry == 1` for object "display.theme.classic" Button`
    t =    56.84s         Checking existence of `"display.theme.classic" Button`
    t =    56.88s Find the "display.theme.classic" Button
    t =    56.91s Tap "display.theme.classic" Button
    t =    56.91s     Wait for com.mdd.kanpan to idle
    t =    56.91s     Find the "display.theme.classic" Button
    t =    56.93s     Check for interrupting elements affecting "display.theme.classic" Button
    t =    56.94s     Synthesize event
    t =    57.24s     Wait for com.mdd.kanpan to idle
    t =    57.25s Waiting 20.0s for "display.mode.浅色" Button to exist
    t =    58.29s     Checking `Expect predicate `existsNoRetry == 1` for object "display.mode.浅色" Button`
    t =    58.29s         Checking existence of `"display.mode.浅色" Button`
    t =    58.34s Find the "display.mode.浅色" Button
    t =    58.36s Tap "display.mode.浅色" Button
    t =    58.36s     Wait for com.mdd.kanpan to idle
    t =    58.36s     Find the "display.mode.浅色" Button
    t =    58.39s     Check for interrupting elements affecting "display.mode.浅色" Button
    t =    58.41s     Synthesize event
    t =    58.71s     Wait for com.mdd.kanpan to idle
    t =    58.72s Checking existence of `"display.theme.classic" Button`
    t =    58.76s Checking existence of `"display.mode.浅色" Button`
    t =    58.78s Find the "display.theme.classic" Button
    t =    58.80s Find the "display.mode.浅色" Button
    t =    58.82s Find the Target Application 'com.mdd.kanpan'
    t =    58.91s Added attachment named '4-换到B-经典浅色'
    t =    58.91s Terminate com.mdd.kanpan:85971
    t =    59.96s Open com.mdd.kanpan
    t =    59.96s     Launch com.mdd.kanpan
2026-09-23 21:34:55.849 xcodebuild[84601:9096826] [MT] IDELaunchParametersSnapshot: The operation couldn’t be completed. (DebuggerLLDB.DebuggerVersionStore.StoreError error 0.)
2026-09-23 21:34:55.849 xcodebuild[84601:9096826] [MT] IDELaunchParametersSnapshot: no debugger version
    t =    60.17s         Setting up automation session
    t =    60.83s         Wait for com.mdd.kanpan to idle
    t =    62.30s Find the Target Application 'com.mdd.kanpan'
    t =    62.44s Find the Target Application 'com.mdd.kanpan'
    t =    62.54s Find the Target Application 'com.mdd.kanpan'
    t =    62.64s Find the Target Application 'com.mdd.kanpan'
    t =    62.74s Find the Target Application 'com.mdd.kanpan'
    t =    62.85s Find the Target Application 'com.mdd.kanpan'
    t =    62.95s Find the Target Application 'com.mdd.kanpan'
    t =    63.05s Find the Target Application 'com.mdd.kanpan'
    t =    63.16s Find the Target Application 'com.mdd.kanpan'
    t =    63.26s Find the Target Application 'com.mdd.kanpan'
    t =    63.36s Find the Target Application 'com.mdd.kanpan'
    t =    63.46s Find the Target Application 'com.mdd.kanpan'
    t =    63.57s Find the Target Application 'com.mdd.kanpan'
    t =    63.67s Find the Target Application 'com.mdd.kanpan'
    t =    63.77s Find the Target Application 'com.mdd.kanpan'
    t =    63.88s Find the Target Application 'com.mdd.kanpan'
    t =    63.98s Find the Target Application 'com.mdd.kanpan'
    t =    64.08s Find the Target Application 'com.mdd.kanpan'
    t =    64.18s Find the Target Application 'com.mdd.kanpan'
    t =    64.29s Find the Target Application 'com.mdd.kanpan'
    t =    64.39s Find the Target Application 'com.mdd.kanpan'
    t =    64.50s Find the Target Application 'com.mdd.kanpan'
    t =    64.61s Find the Target Application 'com.mdd.kanpan'
    t =    64.71s Find the Target Application 'com.mdd.kanpan'
    t =    64.81s Added attachment named '5-B重启-启动亮度-采样'
    t =    64.81s Checking existence of `"display.theme.sage" Button`
    t =    64.83s Waiting 60.0s for "bottom.settings" Button to exist
    t =    65.88s     Checking `Expect predicate `existsNoRetry == 1` for object "bottom.settings" Button`
    t =    65.88s         Checking existence of `"bottom.settings" Button`
    t =    65.90s Tap "bottom.settings" Button
    t =    65.90s     Wait for com.mdd.kanpan to idle
    t =    65.90s     Find the "bottom.settings" Button
    t =    65.91s     Check for interrupting elements affecting "bottom.settings" Button
    t =    65.93s     Synthesize event
    t =    66.21s     Wait for com.mdd.kanpan to idle
    t =    66.21s Waiting 20.0s for "display.theme.sage" Button to exist
    t =    67.27s     Checking `Expect predicate `existsNoRetry == 1` for object "display.theme.sage" Button`
    t =    67.27s         Checking existence of `"display.theme.sage" Button`
    t =    67.33s Checking existence of `"display.theme.classic" Button`
    t =    67.35s Checking existence of `"display.mode.浅色" Button`
    t =    67.37s Find the "display.theme.classic" Button
    t =    67.39s Find the "display.mode.浅色" Button
    t =    67.41s Find the Target Application 'com.mdd.kanpan'
    t =    67.49s Added attachment named '5-B重启后'
    t =    67.49s Checking existence of `"account.view" Other`
    t =    67.51s Checking existence of `"display.theme.sage" Button`
    t =    67.52s Waiting 20.0s for "settings.account" Button to exist
    t =    68.56s     Checking `Expect predicate `existsNoRetry == 1` for object "settings.account" Button`
    t =    68.56s         Checking existence of `"settings.account" Button`
    t =    68.60s Tap "settings.account" Button
    t =    68.60s     Wait for com.mdd.kanpan to idle
    t =    68.60s     Find the "settings.account" Button
    t =    68.63s     Check for interrupting elements affecting "settings.account" Button
    t =    68.65s     Synthesize event
    t =    68.94s     Wait for com.mdd.kanpan to idle
    t =    69.42s Waiting 20.0s for "account.view" Other to exist
    t =    70.47s     Checking `Expect predicate `existsNoRetry == 1` for object "account.view" Other`
    t =    70.47s         Checking existence of `"account.view" Other`
    t =    70.55s Waiting 20.0s for "退出登录" Button to exist
    t =    71.60s     Checking `Expect predicate `existsNoRetry == 1` for object "退出登录" Button`
    t =    71.60s         Checking existence of `"退出登录" Button`
    t =    71.66s Tap "退出登录" Button
    t =    71.66s     Wait for com.mdd.kanpan to idle
    t =    71.67s     Find the "退出登录" Button
    t =    71.70s     Check for interrupting elements affecting "退出登录" Button
    t =    71.73s     Synthesize event
    t =    72.02s     Wait for com.mdd.kanpan to idle
    t =    72.45s Checking existence of `"account.view" Other`
    t =    72.47s Checking existence of `"account.view" Other`
    t =    72.48s Checking existence of `"display.theme.sage" Button`
    t =    72.49s Waiting 60.0s for "bottom.settings" Button to exist
    t =    73.53s     Checking `Expect predicate `existsNoRetry == 1` for object "bottom.settings" Button`
    t =    73.53s         Checking existence of `"bottom.settings" Button`
    t =    73.55s Tap "bottom.settings" Button
    t =    73.55s     Wait for com.mdd.kanpan to idle
    t =    73.55s     Find the "bottom.settings" Button
    t =    73.57s     Check for interrupting elements affecting "bottom.settings" Button
    t =    73.58s     Synthesize event
    t =    73.87s     Wait for com.mdd.kanpan to idle
    t =    73.87s Waiting 20.0s for "display.theme.sage" Button to exist
    t =    74.91s     Checking `Expect predicate `existsNoRetry == 1` for object "display.theme.sage" Button`
    t =    74.92s         Checking existence of `"display.theme.sage" Button`
    t =    74.96s Waiting 20.0s for "settings.account" Button to exist
    t =    76.02s     Checking `Expect predicate `existsNoRetry == 1` for object "settings.account" Button`
    t =    76.02s         Checking existence of `"settings.account" Button`
    t =    76.06s Tap "settings.account" Button
    t =    76.06s     Wait for com.mdd.kanpan to idle
    t =    76.06s     Find the "settings.account" Button
    t =    76.08s     Check for interrupting elements affecting "settings.account" Button
    t =    76.10s     Synthesize event
    t =    76.39s     Wait for com.mdd.kanpan to idle
    t =    76.80s Waiting 20.0s for "account.view" Other to exist
    t =    77.85s     Checking `Expect predicate `existsNoRetry == 1` for object "account.view" Other`
    t =    77.85s         Checking existence of `"account.view" Other`
    t =    77.90s Waiting 20.0s for "account.email" TextField to exist
    t =    78.91s     Checking `Expect predicate `existsNoRetry == 1` for object "account.email" TextField`
    t =    78.92s         Checking existence of `"account.email" TextField`
    t =    78.95s Tap "account.email" TextField
    t =    78.95s     Wait for com.mdd.kanpan to idle
    t =    78.95s     Find the "account.email" TextField
    t =    78.98s     Check for interrupting elements affecting "account.email" TextField
    t =    79.00s     Synthesize event
    t =    79.29s     Wait for com.mdd.kanpan to idle
    t =    79.63s Type 'pref_a72756e9a000' into "account.email" TextField
    t =    79.63s     Wait for com.mdd.kanpan to idle
    t =    79.63s     Find the "account.email" TextField
    t =    79.70s     Check for interrupting elements affecting "account.email" TextField
    t =    79.73s     Synthesize event
    t =    80.21s     Wait for com.mdd.kanpan to idle
    t =    80.22s Waiting 20.0s for "account.password" SecureTextField to exist
    t =    81.22s     Checking `Expect predicate `existsNoRetry == 1` for object "account.password" SecureTextField`
    t =    81.22s         Checking existence of `"account.password" SecureTextField`
    t =    81.27s Tap "account.password" SecureTextField
    t =    81.27s     Wait for com.mdd.kanpan to idle
    t =    81.28s     Find the "account.password" SecureTextField
    t =    81.32s     Check for interrupting elements affecting "account.password" SecureTextField
    t =    81.35s     Synthesize event
    t =    81.64s     Wait for com.mdd.kanpan to idle
    t =    81.98s Waiting 2.0s for "GenerateStrongPasswordButton" Button to exist
    t =    83.01s     Checking `Expect predicate `existsNoRetry == 1` for object "GenerateStrongPasswordButton" Button`
    t =    83.01s         Checking existence of `"GenerateStrongPasswordButton" Button`
    t =    83.05s         Capturing element debug description
    t =    83.98s     Checking `Expect predicate `existsNoRetry == 1` for object "GenerateStrongPasswordButton" Button`
    t =    83.98s         Checking existence of `"GenerateStrongPasswordButton" Button`
    t =    84.05s         Capturing element debug description
    t =    84.05s     Checking existence of `"GenerateStrongPasswordButton" Button`
    t =    84.08s Collecting debug information to assist test failure triage
    t =    84.08s     Requesting snapshot of accessibility hierarchy for app with pid 86154
    t =    84.14s Waiting 20.0s for Keyboard (First Match) to exist
    t =    85.16s     Checking `Expect predicate `existsNoRetry == 1` for object Keyboard (First Match)`
    t =    85.17s         Checking existence of `Keyboard (First Match)`
    t =    85.18s Type '<redacted>' into "account.password" SecureTextField
    t =    85.18s     Wait for com.mdd.kanpan to idle
    t =    85.18s     Find the "account.password" SecureTextField
    t =    85.23s     Check for interrupting elements affecting "account.password" SecureTextField
    t =    85.26s     Synthesize event
    t =    85.48s     Wait for com.mdd.kanpan to idle
    t =    85.49s Type '<redacted>' into "account.password" SecureTextField
    t =    85.49s     Wait for com.mdd.kanpan to idle
    t =    85.49s     Find the "account.password" SecureTextField
    t =    85.54s     Check for interrupting elements affecting "account.password" SecureTextField
    t =    85.57s     Synthesize event
    t =    85.79s     Wait for com.mdd.kanpan to idle
    t =    85.79s Type '<redacted>' into "account.password" SecureTextField
    t =    85.79s     Wait for com.mdd.kanpan to idle
    t =    85.80s     Find the "account.password" SecureTextField
    t =    85.84s     Check for interrupting elements affecting "account.password" SecureTextField
    t =    85.87s     Synthesize event
    t =    86.09s     Wait for com.mdd.kanpan to idle
    t =    86.10s Type '<redacted>' into "account.password" SecureTextField
    t =    86.10s     Wait for com.mdd.kanpan to idle
    t =    86.10s     Find the "account.password" SecureTextField
    t =    86.15s     Check for interrupting elements affecting "account.password" SecureTextField
    t =    86.19s     Synthesize event
    t =    86.41s     Wait for com.mdd.kanpan to idle
    t =    86.41s Type '<redacted>' into "account.password" SecureTextField
    t =    86.41s     Wait for com.mdd.kanpan to idle
    t =    86.41s     Find the "account.password" SecureTextField
    t =    86.46s     Check for interrupting elements affecting "account.password" SecureTextField
    t =    86.49s     Synthesize event
    t =    86.71s     Wait for com.mdd.kanpan to idle
    t =    86.71s Type '<redacted>' into "account.password" SecureTextField
    t =    86.71s     Wait for com.mdd.kanpan to idle
    t =    86.71s     Find the "account.password" SecureTextField
    t =    86.76s     Check for interrupting elements affecting "account.password" SecureTextField
    t =    86.79s     Synthesize event
    t =    87.01s     Wait for com.mdd.kanpan to idle
    t =    87.02s Type '<redacted>' into "account.password" SecureTextField
    t =    87.02s     Wait for com.mdd.kanpan to idle
    t =    87.02s     Find the "account.password" SecureTextField
    t =    87.08s     Check for interrupting elements affecting "account.password" SecureTextField
    t =    87.11s     Synthesize event
    t =    87.33s     Wait for com.mdd.kanpan to idle
    t =    87.36s Type '<redacted>' into "account.password" SecureTextField
    t =    87.36s     Wait for com.mdd.kanpan to idle
    t =    87.37s     Find the "account.password" SecureTextField
    t =    87.41s     Check for interrupting elements affecting "account.password" SecureTextField
    t =    87.44s     Synthesize event
    t =    87.66s     Wait for com.mdd.kanpan to idle
    t =    87.67s Type '<redacted>' into "account.password" SecureTextField
    t =    87.67s     Wait for com.mdd.kanpan to idle
    t =    87.67s     Find the "account.password" SecureTextField
    t =    87.73s     Check for interrupting elements affecting "account.password" SecureTextField
    t =    87.77s     Synthesize event
    t =    87.99s     Wait for com.mdd.kanpan to idle
    t =    88.03s Type '<redacted>' into "account.password" SecureTextField
    t =    88.03s     Wait for com.mdd.kanpan to idle
    t =    88.03s     Find the "account.password" SecureTextField
    t =    88.08s     Check for interrupting elements affecting "account.password" SecureTextField
    t =    88.11s     Synthesize event
    t =    88.33s     Wait for com.mdd.kanpan to idle
    t =    88.34s Type '<redacted>' into "account.password" SecureTextField
    t =    88.34s     Wait for com.mdd.kanpan to idle
    t =    88.34s     Find the "account.password" SecureTextField
    t =    88.38s     Check for interrupting elements affecting "account.password" SecureTextField
    t =    88.41s     Synthesize event
    t =    88.63s     Wait for com.mdd.kanpan to idle
    t =    88.64s Type '<redacted>' into "account.password" SecureTextField
    t =    88.64s     Wait for com.mdd.kanpan to idle
    t =    88.64s     Find the "account.password" SecureTextField
    t =    88.68s     Check for interrupting elements affecting "account.password" SecureTextField
    t =    88.71s     Synthesize event
    t =    88.93s     Wait for com.mdd.kanpan to idle
    t =    88.94s Tap "account.submit" Button
    t =    88.94s     Wait for com.mdd.kanpan to idle
    t =    88.94s     Find the "account.submit" Button
    t =    89.00s     Check for interrupting elements affecting "account.submit" Button
    t =    89.03s     Synthesize event
    t =    89.33s     Wait for com.mdd.kanpan to idle
    t =    89.55s Find the Target Application 'com.mdd.kanpan'
    t =    89.65s Find the Target Application 'com.mdd.kanpan'
    t =    89.91s Find the Target Application 'com.mdd.kanpan'
    t =    90.02s Added attachment named '6-登回A-整屏亮度-采样'
    t =    90.02s Checking existence of `"account.view" Other`
    t =    90.25s Checking existence of `"account.view" Other`
    t =    90.48s Checking existence of `"account.view" Other`
    t =    90.50s Find the Target Application 'com.mdd.kanpan'
    t =    90.59s Added attachment named '6-登回A'
    t =    90.59s Checking existence of `"display.theme.sage" Button`
    t =    90.60s Waiting 60.0s for "bottom.settings" Button to exist
    t =    91.66s     Checking `Expect predicate `existsNoRetry == 1` for object "bottom.settings" Button`
    t =    91.66s         Checking existence of `"bottom.settings" Button`
    t =    91.68s Tap "bottom.settings" Button
    t =    91.68s     Wait for com.mdd.kanpan to idle
    t =    91.69s     Find the "bottom.settings" Button
    t =    91.70s     Check for interrupting elements affecting "bottom.settings" Button
    t =    91.72s     Synthesize event
    t =    92.00s     Wait for com.mdd.kanpan to idle
    t =    92.00s Waiting 20.0s for "display.theme.sage" Button to exist
    t =    93.03s     Checking `Expect predicate `existsNoRetry == 1` for object "display.theme.sage" Button`
    t =    93.03s         Checking existence of `"display.theme.sage" Button`
    t =    93.08s Checking existence of `"display.theme.terra" Button`
    t =    93.10s Checking existence of `"display.mode.深色" Button`
    t =    93.12s Find the "display.theme.terra" Button
    t =    93.14s Find the "display.mode.深色" Button
    t =    93.16s Find the Target Application 'com.mdd.kanpan'
    t =    93.24s Added attachment named '6-登回A-设置页'
    t =    93.24s Terminate com.mdd.kanpan:86154
    t =    94.26s Open com.mdd.kanpan
    t =    94.26s     Launch com.mdd.kanpan
2026-09-23 21:35:30.149 xcodebuild[84601:9096826] [MT] IDELaunchParametersSnapshot: The operation couldn’t be completed. (DebuggerLLDB.DebuggerVersionStore.StoreError error 0.)
2026-09-23 21:35:30.149 xcodebuild[84601:9096826] [MT] IDELaunchParametersSnapshot: no debugger version
    t =    94.47s         Setting up automation session
    t =    95.12s         Wait for com.mdd.kanpan to idle
    t =    96.58s Find the Target Application 'com.mdd.kanpan'
    t =    96.70s Find the Target Application 'com.mdd.kanpan'
    t =    96.80s Find the Target Application 'com.mdd.kanpan'
    t =    96.90s Find the Target Application 'com.mdd.kanpan'
    t =    97.00s Find the Target Application 'com.mdd.kanpan'
    t =    97.10s Find the Target Application 'com.mdd.kanpan'
    t =    97.20s Find the Target Application 'com.mdd.kanpan'
    t =    97.30s Find the Target Application 'com.mdd.kanpan'
    t =    97.40s Find the Target Application 'com.mdd.kanpan'
    t =    97.50s Find the Target Application 'com.mdd.kanpan'
    t =    97.60s Find the Target Application 'com.mdd.kanpan'
    t =    97.70s Find the Target Application 'com.mdd.kanpan'
    t =    97.80s Find the Target Application 'com.mdd.kanpan'
    t =    97.91s Find the Target Application 'com.mdd.kanpan'
    t =    98.01s Find the Target Application 'com.mdd.kanpan'
    t =    98.11s Find the Target Application 'com.mdd.kanpan'
    t =    98.21s Find the Target Application 'com.mdd.kanpan'
    t =    98.31s Find the Target Application 'com.mdd.kanpan'
    t =    98.42s Find the Target Application 'com.mdd.kanpan'
    t =    98.52s Find the Target Application 'com.mdd.kanpan'
    t =    98.62s Find the Target Application 'com.mdd.kanpan'
    t =    98.72s Find the Target Application 'com.mdd.kanpan'
    t =    98.82s Find the Target Application 'com.mdd.kanpan'
    t =    98.92s Find the Target Application 'com.mdd.kanpan'
    t =    99.02s Find the Target Application 'com.mdd.kanpan'
    t =    99.12s Added attachment named '6-A重启-启动亮度-采样'
    t =    99.12s Checking existence of `"display.theme.sage" Button`
    t =    99.14s Waiting 60.0s for "bottom.settings" Button to exist
    t =   100.21s     Checking `Expect predicate `existsNoRetry == 1` for object "bottom.settings" Button`
    t =   100.21s         Checking existence of `"bottom.settings" Button`
    t =   100.23s Tap "bottom.settings" Button
    t =   100.23s     Wait for com.mdd.kanpan to idle
    t =   100.23s     Find the "bottom.settings" Button
    t =   100.25s     Check for interrupting elements affecting "bottom.settings" Button
    t =   100.26s     Synthesize event
    t =   100.54s     Wait for com.mdd.kanpan to idle
    t =   100.54s Waiting 20.0s for "display.theme.sage" Button to exist
    t =   101.59s     Checking `Expect predicate `existsNoRetry == 1` for object "display.theme.sage" Button`
    t =   101.59s         Checking existence of `"display.theme.sage" Button`
    t =   101.62s Checking existence of `"display.theme.terra" Button`
    t =   101.64s Checking existence of `"display.mode.深色" Button`
    t =   101.66s Find the "display.theme.terra" Button
    t =   101.68s Find the "display.mode.深色" Button
    t =   101.70s Added attachment named '换号闭环-实测'
=== 换号闭环-实测 ===
档案 profile=5D6D3A73-9CE3-4762-8B52-4231FD29E499
A=pref_a72756e9a000（陶土 · 深色）  B=pref_06a395b32d18（经典 · 浅色）

退 B 登回 A：从点「登录」到整屏变成 A 的暗色 0.47s（含一次登录往返）
退 B 登回 A：再回设置页逐控件核对到陶土 · 深色又用了 2.57s（含点底栏、等设置页）
B 重启后配色落定（含进设置页）：2.59s
A 重启后配色落定（含进设置页）：2.58s

B 重启后连拍（应当**全是亮的**，出现暗帧＝闪了 A 的陶土深色）：24 帧，亮度 0.974–0.974，首帧 0.974
A 重启后连拍（应当**全是暗的**，出现亮帧＝闪了 B 的经典浅色或出厂青苔）：25 帧，亮度 0.096–0.096，首帧 0.096
    t =   101.70s Checking existence of `"account.view" Other`
    t =   101.72s Checking existence of `"display.theme.sage" Button`
    t =   101.74s Waiting 20.0s for "settings.account" Button to exist
    t =   102.79s     Checking `Expect predicate `existsNoRetry == 1` for object "settings.account" Button`
    t =   102.79s         Checking existence of `"settings.account" Button`
    t =   102.81s Tap "settings.account" Button
    t =   102.81s     Wait for com.mdd.kanpan to idle
    t =   102.81s     Find the "settings.account" Button
    t =   102.83s     Check for interrupting elements affecting "settings.account" Button
    t =   102.85s     Synthesize event
    t =   103.14s     Wait for com.mdd.kanpan to idle
    t =   103.84s Waiting 20.0s for "account.view" Other to exist
    t =   104.86s     Checking `Expect predicate `existsNoRetry == 1` for object "account.view" Other`
    t =   104.87s         Checking existence of `"account.view" Other`
    t =   104.92s Waiting 20.0s for "注销账号" Button to exist
    t =   105.98s     Checking `Expect predicate `existsNoRetry == 1` for object "注销账号" Button`
    t =   105.98s         Checking existence of `"注销账号" Button`
    t =   106.04s Tap "注销账号" Button
    t =   106.04s     Wait for com.mdd.kanpan to idle
    t =   106.05s     Find the "注销账号" Button
    t =   106.08s     Check for interrupting elements affecting "注销账号" Button
    t =   106.12s     Synthesize event
    t =   106.41s     Wait for com.mdd.kanpan to idle
    t =   106.41s Waiting 20.0s for "account.password" SecureTextField to exist
    t =   107.46s     Checking `Expect predicate `existsNoRetry == 1` for object "account.password" SecureTextField`
    t =   107.47s         Checking existence of `"account.password" SecureTextField`
    t =   107.52s Tap "account.password" SecureTextField
    t =   107.52s     Wait for com.mdd.kanpan to idle
    t =   107.52s     Find the "account.password" SecureTextField
    t =   107.56s     Check for interrupting elements affecting "account.password" SecureTextField
    t =   107.58s     Synthesize event
    t =   107.87s     Wait for com.mdd.kanpan to idle
    t =   108.25s Waiting 2.0s for "GenerateStrongPasswordButton" Button to exist
    t =   109.29s     Checking `Expect predicate `existsNoRetry == 1` for object "GenerateStrongPasswordButton" Button`
    t =   109.29s         Checking existence of `"GenerateStrongPasswordButton" Button`
    t =   109.34s         Capturing element debug description
    t =   110.26s     Checking `Expect predicate `existsNoRetry == 1` for object "GenerateStrongPasswordButton" Button`
    t =   110.26s         Checking existence of `"GenerateStrongPasswordButton" Button`
    t =   110.32s         Capturing element debug description
    t =   110.32s     Checking existence of `"GenerateStrongPasswordButton" Button`
    t =   110.36s Collecting debug information to assist test failure triage
    t =   110.36s     Requesting snapshot of accessibility hierarchy for app with pid 86198
    t =   110.41s Waiting 20.0s for Keyboard (First Match) to exist
    t =   111.46s     Checking `Expect predicate `existsNoRetry == 1` for object Keyboard (First Match)`
    t =   111.46s         Checking existence of `Keyboard (First Match)`
    t =   111.47s Type '<redacted>' into "account.password" SecureTextField
    t =   111.47s     Wait for com.mdd.kanpan to idle
    t =   111.47s     Find the "account.password" SecureTextField
    t =   111.51s     Check for interrupting elements affecting "account.password" SecureTextField
    t =   111.54s     Synthesize event
    t =   111.76s     Wait for com.mdd.kanpan to idle
    t =   111.76s Type '<redacted>' into "account.password" SecureTextField
    t =   111.76s     Wait for com.mdd.kanpan to idle
    t =   111.76s     Find the "account.password" SecureTextField
    t =   111.81s     Check for interrupting elements affecting "account.password" SecureTextField
    t =   111.84s     Synthesize event
    t =   112.06s     Wait for com.mdd.kanpan to idle
    t =   112.07s Type '<redacted>' into "account.password" SecureTextField
    t =   112.07s     Wait for com.mdd.kanpan to idle
    t =   112.07s     Find the "account.password" SecureTextField
    t =   112.12s     Check for interrupting elements affecting "account.password" SecureTextField
    t =   112.16s     Synthesize event
    t =   112.38s     Wait for com.mdd.kanpan to idle
    t =   112.38s Type '<redacted>' into "account.password" SecureTextField
    t =   112.38s     Wait for com.mdd.kanpan to idle
    t =   112.39s     Find the "account.password" SecureTextField
    t =   112.44s     Check for interrupting elements affecting "account.password" SecureTextField
    t =   112.47s     Synthesize event
    t =   112.69s     Wait for com.mdd.kanpan to idle
    t =   112.69s Type '<redacted>' into "account.password" SecureTextField
    t =   112.69s     Wait for com.mdd.kanpan to idle
    t =   112.70s     Find the "account.password" SecureTextField
    t =   112.74s     Check for interrupting elements affecting "account.password" SecureTextField
    t =   112.77s     Synthesize event
    t =   112.99s     Wait for com.mdd.kanpan to idle
    t =   113.00s Type '<redacted>' into "account.password" SecureTextField
    t =   113.00s     Wait for com.mdd.kanpan to idle
    t =   113.00s     Find the "account.password" SecureTextField
    t =   113.06s     Check for interrupting elements affecting "account.password" SecureTextField
    t =   113.09s     Synthesize event
    t =   113.31s     Wait for com.mdd.kanpan to idle
    t =   113.31s Type '<redacted>' into "account.password" SecureTextField
    t =   113.31s     Wait for com.mdd.kanpan to idle
    t =   113.31s     Find the "account.password" SecureTextField
    t =   113.36s     Check for interrupting elements affecting "account.password" SecureTextField
    t =   113.39s     Synthesize event
    t =   113.61s     Wait for com.mdd.kanpan to idle
    t =   113.61s Type '<redacted>' into "account.password" SecureTextField
    t =   113.62s     Wait for com.mdd.kanpan to idle
    t =   113.62s     Find the "account.password" SecureTextField
    t =   113.66s     Check for interrupting elements affecting "account.password" SecureTextField
    t =   113.70s     Synthesize event
    t =   113.92s     Wait for com.mdd.kanpan to idle
    t =   113.92s Type '<redacted>' into "account.password" SecureTextField
    t =   113.92s     Wait for com.mdd.kanpan to idle
    t =   113.93s     Find the "account.password" SecureTextField
    t =   113.97s     Check for interrupting elements affecting "account.password" SecureTextField
    t =   114.00s     Synthesize event
    t =   114.22s     Wait for com.mdd.kanpan to idle
    t =   114.22s Type '<redacted>' into "account.password" SecureTextField
    t =   114.22s     Wait for com.mdd.kanpan to idle
    t =   114.22s     Find the "account.password" SecureTextField
    t =   114.27s     Check for interrupting elements affecting "account.password" SecureTextField
    t =   114.31s     Synthesize event
    t =   114.53s     Wait for com.mdd.kanpan to idle
    t =   114.54s Type '<redacted>' into "account.password" SecureTextField
    t =   114.54s     Wait for com.mdd.kanpan to idle
    t =   114.54s     Find the "account.password" SecureTextField
    t =   114.59s     Check for interrupting elements affecting "account.password" SecureTextField
    t =   114.63s     Synthesize event
    t =   114.85s     Wait for com.mdd.kanpan to idle
    t =   114.86s Type '<redacted>' into "account.password" SecureTextField
    t =   114.86s     Wait for com.mdd.kanpan to idle
    t =   114.86s     Find the "account.password" SecureTextField
    t =   114.92s     Check for interrupting elements affecting "account.password" SecureTextField
    t =   114.95s     Synthesize event
    t =   115.17s     Wait for com.mdd.kanpan to idle
    t =   115.17s Tap "account.submit" Button
    t =   115.17s     Wait for com.mdd.kanpan to idle
    t =   115.18s     Find the "account.submit" Button
    t =   115.24s     Check for interrupting elements affecting "account.submit" Button
    t =   115.28s     Synthesize event
    t =   115.58s     Wait for com.mdd.kanpan to idle
    t =   115.92s Checking existence of `"account.view" Other`
    t =   116.14s Checking existence of `"account.view" Other`
    t =   116.37s Checking existence of `"account.view" Other`
    t =   116.60s Checking existence of `"account.view" Other`
    t =   116.64s Checking existence of `"account.view" Other`
    t =   116.66s Checking existence of `"display.theme.sage" Button`
    t =   116.67s Waiting 60.0s for "bottom.settings" Button to exist
    t =   117.68s     Checking `Expect predicate `existsNoRetry == 1` for object "bottom.settings" Button`
    t =   117.68s         Checking existence of `"bottom.settings" Button`
    t =   117.71s Tap "bottom.settings" Button
    t =   117.71s     Wait for com.mdd.kanpan to idle
    t =   117.71s     Find the "bottom.settings" Button
    t =   117.73s     Check for interrupting elements affecting "bottom.settings" Button
    t =   117.75s     Synthesize event
    t =   118.05s     Wait for com.mdd.kanpan to idle
    t =   118.05s Waiting 20.0s for "display.theme.sage" Button to exist
    t =   119.07s     Checking `Expect predicate `existsNoRetry == 1` for object "display.theme.sage" Button`
    t =   119.08s         Checking existence of `"display.theme.sage" Button`
    t =   119.12s Waiting 20.0s for "settings.account" Button to exist
    t =   120.15s     Checking `Expect predicate `existsNoRetry == 1` for object "settings.account" Button`
    t =   120.15s         Checking existence of `"settings.account" Button`
    t =   120.19s Tap "settings.account" Button
    t =   120.19s     Wait for com.mdd.kanpan to idle
    t =   120.19s     Find the "settings.account" Button
    t =   120.21s     Check for interrupting elements affecting "settings.account" Button
    t =   120.23s     Synthesize event
    t =   120.53s     Wait for com.mdd.kanpan to idle
    t =   120.90s Waiting 20.0s for "account.view" Other to exist
    t =   121.96s     Checking `Expect predicate `existsNoRetry == 1` for object "account.view" Other`
    t =   121.96s         Checking existence of `"account.view" Other`
    t =   122.01s Waiting 20.0s for "account.email" TextField to exist
    t =   123.06s     Checking `Expect predicate `existsNoRetry == 1` for object "account.email" TextField`
    t =   123.06s         Checking existence of `"account.email" TextField`
    t =   123.11s Tap "account.email" TextField
    t =   123.11s     Wait for com.mdd.kanpan to idle
    t =   123.12s     Find the "account.email" TextField
    t =   123.14s     Check for interrupting elements affecting "account.email" TextField
    t =   123.18s     Synthesize event
    t =   123.48s     Wait for com.mdd.kanpan to idle
    t =   123.78s Type 'pref_06a395b32d18' into "account.email" TextField
    t =   123.78s     Wait for com.mdd.kanpan to idle
    t =   123.79s     Find the "account.email" TextField
    t =   123.85s     Check for interrupting elements affecting "account.email" TextField
    t =   123.88s     Synthesize event
    t =   124.38s     Wait for com.mdd.kanpan to idle
    t =   124.38s Waiting 20.0s for "account.password" SecureTextField to exist
    t =   125.43s     Checking `Expect predicate `existsNoRetry == 1` for object "account.password" SecureTextField`
    t =   125.43s         Checking existence of `"account.password" SecureTextField`
    t =   125.47s Tap "account.password" SecureTextField
    t =   125.47s     Wait for com.mdd.kanpan to idle
    t =   125.47s     Find the "account.password" SecureTextField
    t =   125.51s     Check for interrupting elements affecting "account.password" SecureTextField
    t =   125.55s     Synthesize event
    t =   125.85s     Wait for com.mdd.kanpan to idle
    t =   126.20s Waiting 2.0s for "GenerateStrongPasswordButton" Button to exist
    t =   127.24s     Checking `Expect predicate `existsNoRetry == 1` for object "GenerateStrongPasswordButton" Button`
    t =   127.24s         Checking existence of `"GenerateStrongPasswordButton" Button`
    t =   127.31s         Capturing element debug description
    t =   128.20s     Checking `Expect predicate `existsNoRetry == 1` for object "GenerateStrongPasswordButton" Button`
    t =   128.20s         Checking existence of `"GenerateStrongPasswordButton" Button`
    t =   128.25s         Capturing element debug description
    t =   128.25s     Checking existence of `"GenerateStrongPasswordButton" Button`
    t =   128.29s Collecting debug information to assist test failure triage
    t =   128.29s     Requesting snapshot of accessibility hierarchy for app with pid 86198
    t =   128.35s Waiting 20.0s for Keyboard (First Match) to exist
    t =   129.35s     Checking `Expect predicate `existsNoRetry == 1` for object Keyboard (First Match)`
    t =   129.35s         Checking existence of `Keyboard (First Match)`
    t =   129.36s Type '<redacted>' into "account.password" SecureTextField
    t =   129.36s     Wait for com.mdd.kanpan to idle
    t =   129.36s     Find the "account.password" SecureTextField
    t =   129.40s     Check for interrupting elements affecting "account.password" SecureTextField
    t =   129.43s     Synthesize event
    t =   129.65s     Wait for com.mdd.kanpan to idle
    t =   129.66s Type '<redacted>' into "account.password" SecureTextField
    t =   129.66s     Wait for com.mdd.kanpan to idle
    t =   129.66s     Find the "account.password" SecureTextField
    t =   129.71s     Check for interrupting elements affecting "account.password" SecureTextField
    t =   129.74s     Synthesize event
    t =   129.96s     Wait for com.mdd.kanpan to idle
    t =   129.96s Type '<redacted>' into "account.password" SecureTextField
    t =   129.96s     Wait for com.mdd.kanpan to idle
    t =   129.96s     Find the "account.password" SecureTextField
    t =   130.01s     Check for interrupting elements affecting "account.password" SecureTextField
    t =   130.04s     Synthesize event
    t =   130.26s     Wait for com.mdd.kanpan to idle
    t =   130.26s Type '<redacted>' into "account.password" SecureTextField
    t =   130.26s     Wait for com.mdd.kanpan to idle
    t =   130.26s     Find the "account.password" SecureTextField
    t =   130.31s     Check for interrupting elements affecting "account.password" SecureTextField
    t =   130.34s     Synthesize event
    t =   130.56s     Wait for com.mdd.kanpan to idle
    t =   130.56s Type '<redacted>' into "account.password" SecureTextField
    t =   130.56s     Wait for com.mdd.kanpan to idle
    t =   130.57s     Find the "account.password" SecureTextField
    t =   130.61s     Check for interrupting elements affecting "account.password" SecureTextField
    t =   130.65s     Synthesize event
    t =   130.87s     Wait for com.mdd.kanpan to idle
    t =   130.87s Type '<redacted>' into "account.password" SecureTextField
    t =   130.87s     Wait for com.mdd.kanpan to idle
    t =   130.88s     Find the "account.password" SecureTextField
    t =   130.93s     Check for interrupting elements affecting "account.password" SecureTextField
    t =   130.96s     Synthesize event
    t =   131.18s     Wait for com.mdd.kanpan to idle
    t =   131.19s Type '<redacted>' into "account.password" SecureTextField
    t =   131.19s     Wait for com.mdd.kanpan to idle
    t =   131.19s     Find the "account.password" SecureTextField
    t =   131.23s     Check for interrupting elements affecting "account.password" SecureTextField
    t =   131.26s     Synthesize event
    t =   131.48s     Wait for com.mdd.kanpan to idle
    t =   131.49s Type '<redacted>' into "account.password" SecureTextField
    t =   131.49s     Wait for com.mdd.kanpan to idle
    t =   131.49s     Find the "account.password" SecureTextField
    t =   131.54s     Check for interrupting elements affecting "account.password" SecureTextField
    t =   131.59s     Synthesize event
    t =   131.81s     Wait for com.mdd.kanpan to idle
    t =   131.82s Type '<redacted>' into "account.password" SecureTextField
    t =   131.82s     Wait for com.mdd.kanpan to idle
    t =   131.82s     Find the "account.password" SecureTextField
    t =   131.85s     Check for interrupting elements affecting "account.password" SecureTextField
    t =   131.88s     Synthesize event
    t =   132.11s     Wait for com.mdd.kanpan to idle
    t =   132.11s Type '<redacted>' into "account.password" SecureTextField
    t =   132.11s     Wait for com.mdd.kanpan to idle
    t =   132.12s     Find the "account.password" SecureTextField
    t =   132.17s     Check for interrupting elements affecting "account.password" SecureTextField
    t =   132.22s     Synthesize event
    t =   132.45s     Wait for com.mdd.kanpan to idle
    t =   132.46s Type '<redacted>' into "account.password" SecureTextField
    t =   132.46s     Wait for com.mdd.kanpan to idle
    t =   132.46s     Find the "account.password" SecureTextField
    t =   132.52s     Check for interrupting elements affecting "account.password" SecureTextField
    t =   132.55s     Synthesize event
    t =   132.77s     Wait for com.mdd.kanpan to idle
    t =   132.78s Type '<redacted>' into "account.password" SecureTextField
    t =   132.78s     Wait for com.mdd.kanpan to idle
    t =   132.78s     Find the "account.password" SecureTextField
    t =   132.84s     Check for interrupting elements affecting "account.password" SecureTextField
    t =   132.88s     Synthesize event
    t =   133.10s     Wait for com.mdd.kanpan to idle
    t =   133.11s Tap "account.submit" Button
    t =   133.11s     Wait for com.mdd.kanpan to idle
    t =   133.11s     Find the "account.submit" Button
    t =   133.17s     Check for interrupting elements affecting "account.submit" Button
    t =   133.21s     Synthesize event
    t =   133.50s     Wait for com.mdd.kanpan to idle
    t =   133.74s Checking existence of `"account.view" Other`
    t =   134.10s Checking existence of `"account.view" Other`
    t =   134.34s Checking existence of `"account.view" Other`
    t =   134.57s Checking existence of `"account.view" Other`
    t =   134.59s Checking existence of `"account.view" Other`
    t =   134.60s Checking existence of `"display.theme.sage" Button`
    t =   134.61s Waiting 60.0s for "bottom.settings" Button to exist
    t =   135.67s     Checking `Expect predicate `existsNoRetry == 1` for object "bottom.settings" Button`
    t =   135.67s         Checking existence of `"bottom.settings" Button`
    t =   135.69s Tap "bottom.settings" Button
    t =   135.69s     Wait for com.mdd.kanpan to idle
    t =   135.69s     Find the "bottom.settings" Button
    t =   135.70s     Check for interrupting elements affecting "bottom.settings" Button
    t =   135.72s     Synthesize event
    t =   136.01s     Wait for com.mdd.kanpan to idle
    t =   136.01s Waiting 20.0s for "display.theme.sage" Button to exist
    t =   137.06s     Checking `Expect predicate `existsNoRetry == 1` for object "display.theme.sage" Button`
    t =   137.06s         Checking existence of `"display.theme.sage" Button`
    t =   137.08s Waiting 20.0s for "settings.account" Button to exist
    t =   138.14s     Checking `Expect predicate `existsNoRetry == 1` for object "settings.account" Button`
    t =   138.14s         Checking existence of `"settings.account" Button`
    t =   138.18s Tap "settings.account" Button
    t =   138.18s     Wait for com.mdd.kanpan to idle
    t =   138.19s     Find the "settings.account" Button
    t =   138.21s     Check for interrupting elements affecting "settings.account" Button
    t =   138.23s     Synthesize event
    t =   138.53s     Wait for com.mdd.kanpan to idle
    t =   138.89s Waiting 20.0s for "account.view" Other to exist
    t =   139.93s     Checking `Expect predicate `existsNoRetry == 1` for object "account.view" Other`
    t =   139.93s         Checking existence of `"account.view" Other`
    t =   139.99s Waiting 20.0s for "注销账号" Button to exist
    t =   141.04s     Checking `Expect predicate `existsNoRetry == 1` for object "注销账号" Button`
    t =   141.04s         Checking existence of `"注销账号" Button`
    t =   141.10s Tap "注销账号" Button
    t =   141.10s     Wait for com.mdd.kanpan to idle
    t =   141.10s     Find the "注销账号" Button
    t =   141.13s     Check for interrupting elements affecting "注销账号" Button
    t =   141.17s     Synthesize event
    t =   141.47s     Wait for com.mdd.kanpan to idle
    t =   141.47s Waiting 20.0s for "account.password" SecureTextField to exist
    t =   142.48s     Checking `Expect predicate `existsNoRetry == 1` for object "account.password" SecureTextField`
    t =   142.48s         Checking existence of `"account.password" SecureTextField`
    t =   142.54s Tap "account.password" SecureTextField
    t =   142.54s     Wait for com.mdd.kanpan to idle
    t =   142.55s     Find the "account.password" SecureTextField
    t =   142.58s     Check for interrupting elements affecting "account.password" SecureTextField
    t =   142.60s     Synthesize event
    t =   142.90s     Wait for com.mdd.kanpan to idle
    t =   143.16s Waiting 2.0s for "GenerateStrongPasswordButton" Button to exist
    t =   144.19s     Checking `Expect predicate `existsNoRetry == 1` for object "GenerateStrongPasswordButton" Button`
    t =   144.19s         Checking existence of `"GenerateStrongPasswordButton" Button`
    t =   144.25s         Capturing element debug description
    t =   145.17s     Checking `Expect predicate `existsNoRetry == 1` for object "GenerateStrongPasswordButton" Button`
    t =   145.17s         Checking existence of `"GenerateStrongPasswordButton" Button`
    t =   145.23s         Capturing element debug description
    t =   145.23s     Checking existence of `"GenerateStrongPasswordButton" Button`
    t =   145.26s Collecting debug information to assist test failure triage
    t =   145.27s     Requesting snapshot of accessibility hierarchy for app with pid 86198
    t =   145.32s Waiting 20.0s for Keyboard (First Match) to exist
    t =   146.33s     Checking `Expect predicate `existsNoRetry == 1` for object Keyboard (First Match)`
    t =   146.33s         Checking existence of `Keyboard (First Match)`
    t =   146.35s Type '<redacted>' into "account.password" SecureTextField
    t =   146.35s     Wait for com.mdd.kanpan to idle
    t =   146.35s     Find the "account.password" SecureTextField
    t =   146.39s     Check for interrupting elements affecting "account.password" SecureTextField
    t =   146.43s     Synthesize event
    t =   146.65s     Wait for com.mdd.kanpan to idle
    t =   146.65s Type '<redacted>' into "account.password" SecureTextField
    t =   146.65s     Wait for com.mdd.kanpan to idle
    t =   146.65s     Find the "account.password" SecureTextField
    t =   146.70s     Check for interrupting elements affecting "account.password" SecureTextField
    t =   146.73s     Synthesize event
    t =   146.95s     Wait for com.mdd.kanpan to idle
    t =   146.96s Type '<redacted>' into "account.password" SecureTextField
    t =   146.96s     Wait for com.mdd.kanpan to idle
    t =   146.96s     Find the "account.password" SecureTextField
    t =   147.01s     Check for interrupting elements affecting "account.password" SecureTextField
    t =   147.04s     Synthesize event
    t =   147.26s     Wait for com.mdd.kanpan to idle
    t =   147.26s Type '<redacted>' into "account.password" SecureTextField
    t =   147.26s     Wait for com.mdd.kanpan to idle
    t =   147.27s     Find the "account.password" SecureTextField
    t =   147.31s     Check for interrupting elements affecting "account.password" SecureTextField
    t =   147.35s     Synthesize event
    t =   147.57s     Wait for com.mdd.kanpan to idle
    t =   147.58s Type '<redacted>' into "account.password" SecureTextField
    t =   147.58s     Wait for com.mdd.kanpan to idle
    t =   147.58s     Find the "account.password" SecureTextField
    t =   147.63s     Check for interrupting elements affecting "account.password" SecureTextField
    t =   147.66s     Synthesize event
    t =   147.88s     Wait for com.mdd.kanpan to idle
    t =   147.89s Type '<redacted>' into "account.password" SecureTextField
    t =   147.89s     Wait for com.mdd.kanpan to idle
    t =   147.89s     Find the "account.password" SecureTextField
    t =   147.93s     Check for interrupting elements affecting "account.password" SecureTextField
    t =   147.96s     Synthesize event
    t =   148.18s     Wait for com.mdd.kanpan to idle
    t =   148.18s Type '<redacted>' into "account.password" SecureTextField
    t =   148.18s     Wait for com.mdd.kanpan to idle
    t =   148.18s     Find the "account.password" SecureTextField
    t =   148.22s     Check for interrupting elements affecting "account.password" SecureTextField
    t =   148.25s     Synthesize event
    t =   148.48s     Wait for com.mdd.kanpan to idle
    t =   148.48s Type '<redacted>' into "account.password" SecureTextField
    t =   148.48s     Wait for com.mdd.kanpan to idle
    t =   148.48s     Find the "account.password" SecureTextField
    t =   148.52s     Check for interrupting elements affecting "account.password" SecureTextField
    t =   148.56s     Synthesize event
    t =   148.79s     Wait for com.mdd.kanpan to idle
    t =   148.79s Type '<redacted>' into "account.password" SecureTextField
    t =   148.79s     Wait for com.mdd.kanpan to idle
    t =   148.80s     Find the "account.password" SecureTextField
    t =   148.84s     Check for interrupting elements affecting "account.password" SecureTextField
    t =   148.87s     Synthesize event
    t =   149.09s     Wait for com.mdd.kanpan to idle
    t =   149.10s Type '<redacted>' into "account.password" SecureTextField
    t =   149.10s     Wait for com.mdd.kanpan to idle
    t =   149.10s     Find the "account.password" SecureTextField
    t =   149.13s     Check for interrupting elements affecting "account.password" SecureTextField
    t =   149.17s     Synthesize event
    t =   149.39s     Wait for com.mdd.kanpan to idle
    t =   149.40s Type '<redacted>' into "account.password" SecureTextField
    t =   149.40s     Wait for com.mdd.kanpan to idle
    t =   149.40s     Find the "account.password" SecureTextField
    t =   149.45s     Check for interrupting elements affecting "account.password" SecureTextField
    t =   149.48s     Synthesize event
    t =   149.70s     Wait for com.mdd.kanpan to idle
    t =   149.70s Type '<redacted>' into "account.password" SecureTextField
    t =   149.70s     Wait for com.mdd.kanpan to idle
    t =   149.70s     Find the "account.password" SecureTextField
    t =   149.74s     Check for interrupting elements affecting "account.password" SecureTextField
    t =   149.78s     Synthesize event
    t =   150.00s     Wait for com.mdd.kanpan to idle
    t =   150.01s Tap "account.submit" Button
    t =   150.01s     Wait for com.mdd.kanpan to idle
    t =   150.01s     Find the "account.submit" Button
    t =   150.07s     Check for interrupting elements affecting "account.submit" Button
    t =   150.11s     Synthesize event
    t =   150.41s     Wait for com.mdd.kanpan to idle
    t =   150.72s Checking existence of `"account.view" Other`
    t =   150.94s Checking existence of `"account.view" Other`
    t =   151.17s Checking existence of `"account.view" Other`
    t =   151.40s Checking existence of `"account.view" Other`
    t =   151.43s Find the Target Application 'com.mdd.kanpan'
    t =   151.53s Added attachment named '收尾'
    t =   151.54s Tear Down
Test Case '-[KanpanUITests.AccountPreferenceSyncUITests testPreferencesFollowTheAccountAcrossRegisterLogoutSwitchAndRelogin]' passed (151.915 seconds).
Test Suite 'AccountPreferenceSyncUITests' passed at 2026-09-23 21:36:27.802.
	 Executed 1 test, with 0 failures (0 unexpected) in 151.915 (151.916) seconds
Test Suite 'AccountSessionReplacedUITests' started at 2026-09-23 21:36:27.802.
Test Case '-[KanpanUITests.AccountSessionReplacedUITests testSecondDeviceOfThisClassEvictsThisOneAndReloginEvictsIt]' started.
    t =     0.00s Start Test at 2026-09-23 21:36:27.803
    t =     0.02s Set Up
    t =     0.02s Open com.mdd.kanpan
    t =     0.02s     Launch com.mdd.kanpan
    t =     0.02s         Terminate com.mdd.kanpan:86198
2026-09-23 21:36:28.915 xcodebuild[84601:9096826] [MT] IDELaunchParametersSnapshot: The operation couldn’t be completed. (DebuggerLLDB.DebuggerVersionStore.StoreError error 0.)
2026-09-23 21:36:28.915 xcodebuild[84601:9096826] [MT] IDELaunchParametersSnapshot: no debugger version
    t =     1.33s         Setting up automation session
    t =     1.99s         Wait for com.mdd.kanpan to idle
    t =     3.34s Waiting 90.0s for "bottom.settings" Button to exist
    t =     4.37s     Checking `Expect predicate `existsNoRetry == 1` for object "bottom.settings" Button`
    t =     4.38s         Checking existence of `"bottom.settings" Button`
    t =     4.41s Checking existence of `"account.view" Other`
    t =     4.42s Waiting 60.0s for "bottom.settings" Button to exist
    t =     5.48s     Checking `Expect predicate `existsNoRetry == 1` for object "bottom.settings" Button`
    t =     5.48s         Checking existence of `"bottom.settings" Button`
    t =     5.50s Tap "bottom.settings" Button
    t =     5.50s     Wait for com.mdd.kanpan to idle
    t =     5.51s     Find the "bottom.settings" Button
    t =     5.52s     Check for interrupting elements affecting "bottom.settings" Button
    t =     5.54s     Synthesize event
    t =     5.83s     Wait for com.mdd.kanpan to idle
    t =     5.83s Waiting 20.0s for "settings.account" Button to exist
    t =     6.86s     Checking `Expect predicate `existsNoRetry == 1` for object "settings.account" Button`
    t =     6.86s         Checking existence of `"settings.account" Button`
    t =     6.91s Tap "settings.account" Button
    t =     6.91s     Wait for com.mdd.kanpan to idle
    t =     6.91s     Find the "settings.account" Button
    t =     6.93s     Check for interrupting elements affecting "settings.account" Button
    t =     6.95s     Synthesize event
    t =     7.24s     Wait for com.mdd.kanpan to idle
    t =     7.73s Waiting 20.0s for "account.view" Other to exist
    t =     8.76s     Checking `Expect predicate `existsNoRetry == 1` for object "account.view" Other`
    t =     8.76s         Checking existence of `"account.view" Other`
    t =     8.82s Waiting 20.0s for "注册" Button to exist
    t =     9.84s     Checking `Expect predicate `existsNoRetry == 1` for object "注册" Button`
    t =     9.84s         Checking existence of `"注册" Button`
    t =     9.90s Tap "注册" Button
    t =     9.90s     Wait for com.mdd.kanpan to idle
    t =     9.90s     Find the "注册" Button
    t =     9.93s     Check for interrupting elements affecting "注册" Button
    t =     9.96s     Synthesize event
    t =    10.24s     Wait for com.mdd.kanpan to idle
    t =    10.24s Waiting 20.0s for "account.email" TextField to exist
    t =    11.27s     Checking `Expect predicate `existsNoRetry == 1` for object "account.email" TextField`
    t =    11.28s         Checking existence of `"account.email" TextField`
    t =    11.32s Find the "account.email" TextField
    t =    11.35s Tap "account.email" TextField
    t =    11.35s     Wait for com.mdd.kanpan to idle
    t =    11.35s     Find the "account.email" TextField
    t =    11.38s     Check for interrupting elements affecting "account.email" TextField
    t =    11.40s     Synthesize event
    t =    11.69s     Wait for com.mdd.kanpan to idle
    t =    12.04s Type 'qa_9f177ea44731' into "account.email" TextField
    t =    12.04s     Wait for com.mdd.kanpan to idle
    t =    12.04s     Find the "account.email" TextField
    t =    12.11s     Check for interrupting elements affecting "account.email" TextField
    t =    12.14s     Synthesize event
    t =    12.60s     Wait for com.mdd.kanpan to idle
    t =    12.60s Waiting 20.0s for "account.password" SecureTextField to exist
    t =    13.64s     Checking `Expect predicate `existsNoRetry == 1` for object "account.password" SecureTextField`
    t =    13.64s         Checking existence of `"account.password" SecureTextField`
    t =    13.71s Tap "account.password" SecureTextField
    t =    13.71s     Wait for com.mdd.kanpan to idle
    t =    13.71s     Find the "account.password" SecureTextField
    t =    13.75s     Check for interrupting elements affecting "account.password" SecureTextField
    t =    13.78s     Synthesize event
    t =    14.07s     Wait for com.mdd.kanpan to idle
    t =    14.41s Waiting 2.0s for "GenerateStrongPasswordButton" Button to exist
    t =    15.46s     Checking `Expect predicate `existsNoRetry == 1` for object "GenerateStrongPasswordButton" Button`
    t =    15.46s         Checking existence of `"GenerateStrongPasswordButton" Button`
    t =    15.51s         Capturing element debug description
    t =    16.42s     Checking `Expect predicate `existsNoRetry == 1` for object "GenerateStrongPasswordButton" Button`
    t =    16.42s         Checking existence of `"GenerateStrongPasswordButton" Button`
    t =    16.48s         Capturing element debug description
    t =    16.48s     Checking existence of `"GenerateStrongPasswordButton" Button`
    t =    16.52s Collecting debug information to assist test failure triage
    t =    16.52s     Requesting snapshot of accessibility hierarchy for app with pid 86404
    t =    16.57s Waiting 20.0s for Keyboard (First Match) to exist
    t =    17.63s     Checking `Expect predicate `existsNoRetry == 1` for object Keyboard (First Match)`
    t =    17.63s         Checking existence of `Keyboard (First Match)`
    t =    17.67s Type '<redacted>' into "account.password" SecureTextField
    t =    17.67s     Wait for com.mdd.kanpan to idle
    t =    17.67s     Find the "account.password" SecureTextField
    t =    17.72s     Check for interrupting elements affecting "account.password" SecureTextField
    t =    17.75s     Synthesize event
    t =    17.97s     Wait for com.mdd.kanpan to idle
    t =    17.97s Type '<redacted>' into "account.password" SecureTextField
    t =    17.97s     Wait for com.mdd.kanpan to idle
    t =    17.98s     Find the "account.password" SecureTextField
    t =    18.03s     Check for interrupting elements affecting "account.password" SecureTextField
    t =    18.07s     Synthesize event
    t =    18.29s     Wait for com.mdd.kanpan to idle
    t =    18.29s Type '<redacted>' into "account.password" SecureTextField
    t =    18.29s     Wait for com.mdd.kanpan to idle
    t =    18.30s     Find the "account.password" SecureTextField
    t =    18.33s     Check for interrupting elements affecting "account.password" SecureTextField
    t =    18.36s     Synthesize event
    t =    18.59s     Wait for com.mdd.kanpan to idle
    t =    18.59s Type '<redacted>' into "account.password" SecureTextField
    t =    18.59s     Wait for com.mdd.kanpan to idle
    t =    18.59s     Find the "account.password" SecureTextField
    t =    18.63s     Check for interrupting elements affecting "account.password" SecureTextField
    t =    18.66s     Synthesize event
    t =    18.88s     Wait for com.mdd.kanpan to idle
    t =    18.88s Type '<redacted>' into "account.password" SecureTextField
    t =    18.88s     Wait for com.mdd.kanpan to idle
    t =    18.88s     Find the "account.password" SecureTextField
    t =    18.93s     Check for interrupting elements affecting "account.password" SecureTextField
    t =    18.96s     Synthesize event
    t =    19.18s     Wait for com.mdd.kanpan to idle
    t =    19.18s Type '<redacted>' into "account.password" SecureTextField
    t =    19.18s     Wait for com.mdd.kanpan to idle
    t =    19.18s     Find the "account.password" SecureTextField
    t =    19.23s     Check for interrupting elements affecting "account.password" SecureTextField
    t =    19.26s     Synthesize event
    t =    19.48s     Wait for com.mdd.kanpan to idle
    t =    19.49s Type '<redacted>' into "account.password" SecureTextField
    t =    19.49s     Wait for com.mdd.kanpan to idle
    t =    19.49s     Find the "account.password" SecureTextField
    t =    19.53s     Check for interrupting elements affecting "account.password" SecureTextField
    t =    19.56s     Synthesize event
    t =    19.78s     Wait for com.mdd.kanpan to idle
    t =    19.79s Type '<redacted>' into "account.password" SecureTextField
    t =    19.79s     Wait for com.mdd.kanpan to idle
    t =    19.79s     Find the "account.password" SecureTextField
    t =    19.83s     Check for interrupting elements affecting "account.password" SecureTextField
    t =    19.86s     Synthesize event
    t =    20.08s     Wait for com.mdd.kanpan to idle
    t =    20.08s Type '<redacted>' into "account.password" SecureTextField
    t =    20.08s     Wait for com.mdd.kanpan to idle
    t =    20.09s     Find the "account.password" SecureTextField
    t =    20.14s     Check for interrupting elements affecting "account.password" SecureTextField
    t =    20.18s     Synthesize event
    t =    20.40s     Wait for com.mdd.kanpan to idle
    t =    20.40s Type '<redacted>' into "account.password" SecureTextField
    t =    20.40s     Wait for com.mdd.kanpan to idle
    t =    20.40s     Find the "account.password" SecureTextField
    t =    20.44s     Check for interrupting elements affecting "account.password" SecureTextField
    t =    20.47s     Synthesize event
    t =    20.69s     Wait for com.mdd.kanpan to idle
    t =    20.70s Type '<redacted>' into "account.password" SecureTextField
    t =    20.70s     Wait for com.mdd.kanpan to idle
    t =    20.70s     Find the "account.password" SecureTextField
    t =    20.75s     Check for interrupting elements affecting "account.password" SecureTextField
    t =    20.80s     Synthesize event
    t =    21.02s     Wait for com.mdd.kanpan to idle
    t =    21.02s Type '<redacted>' into "account.password" SecureTextField
    t =    21.02s     Wait for com.mdd.kanpan to idle
    t =    21.02s     Find the "account.password" SecureTextField
    t =    21.07s     Check for interrupting elements affecting "account.password" SecureTextField
    t =    21.10s     Synthesize event
    t =    21.32s     Wait for com.mdd.kanpan to idle
    t =    21.33s Tap "account.submit" Button
    t =    21.33s     Wait for com.mdd.kanpan to idle
    t =    21.33s     Find the "account.submit" Button
    t =    21.38s     Check for interrupting elements affecting "account.submit" Button
    t =    21.42s     Synthesize event
    t =    21.71s     Wait for com.mdd.kanpan to idle
    t =    21.95s Checking existence of `"account.view" Other`
    t =    22.20s Checking existence of `"account.view" Other`
    t =    22.44s Checking existence of `"account.view" Other`
    t =    22.70s Checking existence of `"account.view" Other`
    t =    22.95s Checking existence of `"account.view" Other`
    t =    23.19s Checking existence of `"account.view" Other`
    t =    23.21s Find the Target Application 'com.mdd.kanpan'
    t =    23.29s Added attachment named '1-注册'
    t =    24.51s Checking existence of `"account.view" Other`
    t =    24.52s Waiting 60.0s for "bottom.settings" Button to exist
    t =    25.53s     Checking `Expect predicate `existsNoRetry == 1` for object "bottom.settings" Button`
    t =    25.53s         Checking existence of `"bottom.settings" Button`
    t =    25.57s Tap "bottom.settings" Button
    t =    25.57s     Wait for com.mdd.kanpan to idle
    t =    25.57s     Find the "bottom.settings" Button
    t =    25.59s     Check for interrupting elements affecting "bottom.settings" Button
    t =    25.60s     Synthesize event
    t =    25.90s     Wait for com.mdd.kanpan to idle
    t =    25.90s Waiting 20.0s for "settings.account" Button to exist
    t =    26.91s     Checking `Expect predicate `existsNoRetry == 1` for object "settings.account" Button`
    t =    26.91s         Checking existence of `"settings.account" Button`
    t =    26.96s Tap "settings.account" Button
    t =    26.96s     Wait for com.mdd.kanpan to idle
    t =    26.96s     Find the "settings.account" Button
    t =    26.99s     Check for interrupting elements affecting "settings.account" Button
    t =    27.01s     Synthesize event
    t =    27.30s     Wait for com.mdd.kanpan to idle
    t =    27.72s Waiting 20.0s for "account.view" Other to exist
    t =    28.73s     Checking `Expect predicate `existsNoRetry == 1` for object "account.view" Other`
    t =    28.73s         Checking existence of `"account.view" Other`
    t =    28.81s Waiting 20.0s for "登录设备" Button to exist
    t =    29.84s     Checking `Expect predicate `existsNoRetry == 1` for object "登录设备" Button`
    t =    29.84s         Checking existence of `"登录设备" Button`
    t =    29.91s Tap "登录设备" Button
    t =    29.91s     Wait for com.mdd.kanpan to idle
    t =    29.91s     Find the "登录设备" Button
    t =    29.95s     Check for interrupting elements affecting "登录设备" Button
    t =    29.98s     Synthesize event
    t =    30.27s     Wait for com.mdd.kanpan to idle
    t =    30.28s Checking existence of `"这个账号在另一台手机上登录了" StaticText`
    t =    30.31s Find the Target Application 'com.mdd.kanpan'
    t =    30.40s Added attachment named '3-设备列表撞墙'
    t =    30.40s Waiting 20.0s for "account.back" Button to exist
    t =    31.46s     Checking `Expect predicate `existsNoRetry == 1` for object "account.back" Button`
    t =    31.46s         Checking existence of `"account.back" Button`
    t =    31.52s Tap "account.back" Button
    t =    31.52s     Wait for com.mdd.kanpan to idle
    t =    31.52s     Find the "account.back" Button
    t =    31.55s     Check for interrupting elements affecting "account.back" Button
    t =    31.58s     Synthesize event
    t =    31.88s     Wait for com.mdd.kanpan to idle
    t =    32.70s Checking existence of `"这个账号在另一台手机上登录了" StaticText`
    t =    32.76s Waiting 20.0s for "account.reauthenticate" Button to exist
    t =    33.82s     Checking `Expect predicate `existsNoRetry == 1` for object "account.reauthenticate" Button`
    t =    33.82s         Checking existence of `"account.reauthenticate" Button`
    t =    33.88s Find the Target Application 'com.mdd.kanpan'
    t =    33.98s Added attachment named '4-账号页横幅'
    t =    33.98s Tap "account.reauthenticate" Button
    t =    33.98s     Wait for com.mdd.kanpan to idle
    t =    33.98s     Find the "account.reauthenticate" Button
    t =    34.02s     Check for interrupting elements affecting "account.reauthenticate" Button
    t =    34.06s     Synthesize event
    t =    34.35s     Wait for com.mdd.kanpan to idle
    t =    34.89s Waiting 20.0s for "account.submit" Button to exist
    t =    35.94s     Checking `Expect predicate `existsNoRetry == 1` for object "account.submit" Button`
    t =    35.94s         Checking existence of `"account.submit" Button`
    t =    35.98s Checking existence of `"account.error" StaticText`
    t =    36.01s Find the "account.error" StaticText
    t =    36.03s Find the Target Application 'com.mdd.kanpan'
    t =    36.12s Added attachment named '5-登录页'
    t =    36.12s Waiting 20.0s for "account.email" TextField to exist
    t =    37.18s     Checking `Expect predicate `existsNoRetry == 1` for object "account.email" TextField`
    t =    37.18s         Checking existence of `"account.email" TextField`
    t =    37.22s Find the "account.email" TextField
    t =    37.25s Waiting 20.0s for "account.password" SecureTextField to exist
    t =    38.29s     Checking `Expect predicate `existsNoRetry == 1` for object "account.password" SecureTextField`
    t =    38.29s         Checking existence of `"account.password" SecureTextField`
    t =    38.33s Tap "account.password" SecureTextField
    t =    38.33s     Wait for com.mdd.kanpan to idle
    t =    38.33s     Find the "account.password" SecureTextField
    t =    38.36s     Check for interrupting elements affecting "account.password" SecureTextField
    t =    38.39s     Synthesize event
    t =    38.68s     Wait for com.mdd.kanpan to idle
    t =    38.92s Waiting 2.0s for "GenerateStrongPasswordButton" Button to exist
    t =    39.95s     Checking `Expect predicate `existsNoRetry == 1` for object "GenerateStrongPasswordButton" Button`
    t =    39.95s         Checking existence of `"GenerateStrongPasswordButton" Button`
    t =    40.00s         Capturing element debug description
    t =    40.93s     Checking `Expect predicate `existsNoRetry == 1` for object "GenerateStrongPasswordButton" Button`
    t =    40.93s         Checking existence of `"GenerateStrongPasswordButton" Button`
    t =    40.97s         Capturing element debug description
    t =    40.97s     Checking existence of `"GenerateStrongPasswordButton" Button`
    t =    41.01s Collecting debug information to assist test failure triage
    t =    41.01s     Requesting snapshot of accessibility hierarchy for app with pid 86404
    t =    41.06s Waiting 20.0s for Keyboard (First Match) to exist
    t =    42.08s     Checking `Expect predicate `existsNoRetry == 1` for object Keyboard (First Match)`
    t =    42.08s         Checking existence of `Keyboard (First Match)`
    t =    42.11s Type '<redacted>' into "account.password" SecureTextField
    t =    42.11s     Wait for com.mdd.kanpan to idle
    t =    42.11s     Find the "account.password" SecureTextField
    t =    42.16s     Check for interrupting elements affecting "account.password" SecureTextField
    t =    42.20s     Synthesize event
    t =    42.42s     Wait for com.mdd.kanpan to idle
    t =    42.43s Type '<redacted>' into "account.password" SecureTextField
    t =    42.43s     Wait for com.mdd.kanpan to idle
    t =    42.43s     Find the "account.password" SecureTextField
    t =    42.48s     Check for interrupting elements affecting "account.password" SecureTextField
    t =    42.51s     Synthesize event
    t =    42.73s     Wait for com.mdd.kanpan to idle
    t =    42.74s Type '<redacted>' into "account.password" SecureTextField
    t =    42.74s     Wait for com.mdd.kanpan to idle
    t =    42.74s     Find the "account.password" SecureTextField
    t =    42.79s     Check for interrupting elements affecting "account.password" SecureTextField
    t =    42.82s     Synthesize event
    t =    43.04s     Wait for com.mdd.kanpan to idle
    t =    43.05s Type '<redacted>' into "account.password" SecureTextField
    t =    43.05s     Wait for com.mdd.kanpan to idle
    t =    43.05s     Find the "account.password" SecureTextField
    t =    43.10s     Check for interrupting elements affecting "account.password" SecureTextField
    t =    43.13s     Synthesize event
    t =    43.36s     Wait for com.mdd.kanpan to idle
    t =    43.36s Type '<redacted>' into "account.password" SecureTextField
    t =    43.36s     Wait for com.mdd.kanpan to idle
    t =    43.36s     Find the "account.password" SecureTextField
    t =    43.41s     Check for interrupting elements affecting "account.password" SecureTextField
    t =    43.45s     Synthesize event
    t =    43.66s     Wait for com.mdd.kanpan to idle
    t =    43.67s Type '<redacted>' into "account.password" SecureTextField
    t =    43.67s     Wait for com.mdd.kanpan to idle
    t =    43.67s     Find the "account.password" SecureTextField
    t =    43.72s     Check for interrupting elements affecting "account.password" SecureTextField
    t =    43.75s     Synthesize event
    t =    43.98s     Wait for com.mdd.kanpan to idle
    t =    43.98s Type '<redacted>' into "account.password" SecureTextField
    t =    43.98s     Wait for com.mdd.kanpan to idle
    t =    43.99s     Find the "account.password" SecureTextField
    t =    44.04s     Check for interrupting elements affecting "account.password" SecureTextField
    t =    44.08s     Synthesize event
    t =    44.30s     Wait for com.mdd.kanpan to idle
    t =    44.31s Type '<redacted>' into "account.password" SecureTextField
    t =    44.31s     Wait for com.mdd.kanpan to idle
    t =    44.31s     Find the "account.password" SecureTextField
    t =    44.36s     Check for interrupting elements affecting "account.password" SecureTextField
    t =    44.40s     Synthesize event
    t =    44.62s     Wait for com.mdd.kanpan to idle
    t =    44.63s Type '<redacted>' into "account.password" SecureTextField
    t =    44.63s     Wait for com.mdd.kanpan to idle
    t =    44.63s     Find the "account.password" SecureTextField
    t =    44.69s     Check for interrupting elements affecting "account.password" SecureTextField
    t =    44.73s     Synthesize event
    t =    44.95s     Wait for com.mdd.kanpan to idle
    t =    44.95s Type '<redacted>' into "account.password" SecureTextField
    t =    44.95s     Wait for com.mdd.kanpan to idle
    t =    44.95s     Find the "account.password" SecureTextField
    t =    45.00s     Check for interrupting elements affecting "account.password" SecureTextField
    t =    45.03s     Synthesize event
    t =    45.25s     Wait for com.mdd.kanpan to idle
    t =    45.26s Type '<redacted>' into "account.password" SecureTextField
    t =    45.26s     Wait for com.mdd.kanpan to idle
    t =    45.26s     Find the "account.password" SecureTextField
    t =    45.30s     Check for interrupting elements affecting "account.password" SecureTextField
    t =    45.33s     Synthesize event
    t =    45.56s     Wait for com.mdd.kanpan to idle
    t =    45.57s Type '<redacted>' into "account.password" SecureTextField
    t =    45.57s     Wait for com.mdd.kanpan to idle
    t =    45.57s     Find the "account.password" SecureTextField
    t =    45.63s     Check for interrupting elements affecting "account.password" SecureTextField
    t =    45.67s     Synthesize event
    t =    45.90s     Wait for com.mdd.kanpan to idle
    t =    45.90s Tap "account.submit" Button
    t =    45.90s     Wait for com.mdd.kanpan to idle
    t =    45.91s     Find the "account.submit" Button
    t =    45.97s     Check for interrupting elements affecting "account.submit" Button
    t =    46.00s     Synthesize event
    t =    46.30s     Wait for com.mdd.kanpan to idle
    t =    47.21s Checking existence of `"account.view" Other`
    t =    47.25s Find the Target Application 'com.mdd.kanpan'
    t =    47.34s Added attachment named '5-登回来'
    t =    47.68s Checking existence of `"account.view" Other`
    t =    47.72s Waiting 60.0s for "bottom.settings" Button to exist
    t =    48.74s     Checking `Expect predicate `existsNoRetry == 1` for object "bottom.settings" Button`
    t =    48.74s         Checking existence of `"bottom.settings" Button`
    t =    48.79s Tap "bottom.settings" Button
    t =    48.79s     Wait for com.mdd.kanpan to idle
    t =    48.79s     Find the "bottom.settings" Button
    t =    48.81s     Check for interrupting elements affecting "bottom.settings" Button
    t =    48.83s     Synthesize event
    t =    49.12s     Wait for com.mdd.kanpan to idle
    t =    49.13s Waiting 20.0s for "settings.account" Button to exist
    t =    50.15s     Checking `Expect predicate `existsNoRetry == 1` for object "settings.account" Button`
    t =    50.15s         Checking existence of `"settings.account" Button`
    t =    50.20s Tap "settings.account" Button
    t =    50.20s     Wait for com.mdd.kanpan to idle
    t =    50.20s     Find the "settings.account" Button
    t =    50.23s     Check for interrupting elements affecting "settings.account" Button
    t =    50.25s     Synthesize event
    t =    50.54s     Wait for com.mdd.kanpan to idle
    t =    50.91s Waiting 20.0s for "account.view" Other to exist
    t =    51.94s     Checking `Expect predicate `existsNoRetry == 1` for object "account.view" Other`
    t =    51.94s         Checking existence of `"account.view" Other`
    t =    52.02s Waiting 20.0s for "登录设备" Button to exist
    t =    53.06s     Checking `Expect predicate `existsNoRetry == 1` for object "登录设备" Button`
    t =    53.06s         Checking existence of `"登录设备" Button`
    t =    53.11s Tap "登录设备" Button
    t =    53.11s     Wait for com.mdd.kanpan to idle
    t =    53.11s     Find the "登录设备" Button
    t =    53.14s     Check for interrupting elements affecting "登录设备" Button
    t =    53.18s     Synthesize event
    t =    53.47s     Wait for com.mdd.kanpan to idle
    t =    53.47s Get all elements bound by index for: Descendants matching type StaticText
    t =    53.53s Find the StaticText (Element at index 0)
    t =    53.58s Find the StaticText (Element at index 1)
    t =    53.60s Find the StaticText (Element at index 2)
    t =    53.63s Find the StaticText (Element at index 3)
    t =    53.65s Find the StaticText (Element at index 4)
    t =    53.67s Find the StaticText (Element at index 5)
    t =    53.69s Find the StaticText (Element at index 6)
    t =    53.72s Find the StaticText (Element at index 7)
    t =    53.74s Find the StaticText (Element at index 8)
    t =    53.76s Find the StaticText (Element at index 9)
    t =    53.79s Find the StaticText (Element at index 10)
    t =    53.82s Find the StaticText (Element at index 11)
    t =    53.84s Find the StaticText (Element at index 12)
    t =    53.87s Find the StaticText (Element at index 13)
    t =    53.89s Find the StaticText (Element at index 14)
    t =    53.92s Find the StaticText (Element at index 15)
    t =    53.94s Find the StaticText (Element at index 16)
    t =    53.97s Find the StaticText (Element at index 17)
    t =    53.99s Find the StaticText (Element at index 18)
    t =    54.01s Find the StaticText (Element at index 19)
    t =    54.04s Find the StaticText (Element at index 20)
    t =    54.06s Find the StaticText (Element at index 21)
    t =    54.10s Find the StaticText (Element at index 22)
    t =    54.12s Find the StaticText (Element at index 23)
    t =    54.15s Find the StaticText (Element at index 24)
    t =    54.17s Find the StaticText (Element at index 25)
    t =    54.20s Find the StaticText (Element at index 26)
    t =    54.22s Find the StaticText (Element at index 27)
    t =    54.25s Find the StaticText (Element at index 28)
    t =    54.28s Find the StaticText (Element at index 29)
    t =    54.31s Find the StaticText (Element at index 30)
    t =    54.53s Get all elements bound by index for: Descendants matching type StaticText
    t =    54.58s Find the StaticText (Element at index 0)
    t =    54.61s Find the StaticText (Element at index 1)
    t =    54.64s Find the StaticText (Element at index 2)
    t =    54.67s Find the StaticText (Element at index 3)
    t =    54.69s Find the StaticText (Element at index 4)
    t =    54.71s Find the StaticText (Element at index 5)
    t =    54.74s Find the StaticText (Element at index 6)
    t =    54.76s Find the StaticText (Element at index 7)
    t =    54.78s Find the StaticText (Element at index 8)
    t =    54.81s Find the StaticText (Element at index 9)
    t =    54.83s Find the StaticText (Element at index 10)
    t =    54.86s Find the StaticText (Element at index 11)
    t =    54.88s Find the StaticText (Element at index 12)
    t =    54.90s Find the StaticText (Element at index 13)
    t =    54.93s Find the StaticText (Element at index 14)
    t =    54.96s Find the StaticText (Element at index 15)
    t =    54.99s Find the StaticText (Element at index 16)
    t =    55.01s Find the StaticText (Element at index 17)
    t =    55.04s Find the StaticText (Element at index 18)
    t =    55.06s Find the StaticText (Element at index 19)
    t =    55.09s Find the StaticText (Element at index 20)
    t =    55.11s Find the StaticText (Element at index 21)
    t =    55.14s Find the StaticText (Element at index 22)
    t =    55.16s Find the StaticText (Element at index 23)
    t =    55.19s Find the StaticText (Element at index 24)
    t =    55.22s Find the StaticText (Element at index 25)
    t =    55.25s Find the StaticText (Element at index 26)
    t =    55.28s Find the StaticText (Element at index 27)
    t =    55.30s Find the StaticText (Element at index 28)
    t =    55.33s Find the StaticText (Element at index 29)
    t =    55.35s Find the StaticText (Element at index 30)
    t =    55.38s Find the StaticText (Element at index 31)
    t =    55.41s Find the StaticText (Element at index 32)
    t =    55.43s Find the Target Application 'com.mdd.kanpan'
    t =    55.53s Added attachment named '7-设备列表'
    t =    55.53s Waiting 20.0s for "account.back" Button to exist
    t =    56.54s     Checking `Expect predicate `existsNoRetry == 1` for object "account.back" Button`
    t =    56.54s         Checking existence of `"account.back" Button`
    t =    56.59s Tap "account.back" Button
    t =    56.59s     Wait for com.mdd.kanpan to idle
    t =    56.59s     Find the "account.back" Button
    t =    56.63s     Check for interrupting elements affecting "account.back" Button
    t =    56.66s     Synthesize event
    t =    56.95s     Wait for com.mdd.kanpan to idle
    t =    57.77s Checking existence of `"account.view" Other`
    t =    57.82s Waiting 20.0s for "account.view" Other to exist
    t =    58.85s     Checking `Expect predicate `existsNoRetry == 1` for object "account.view" Other`
    t =    58.85s         Checking existence of `"account.view" Other`
    t =    58.92s Waiting 20.0s for "注销账号" Button to exist
    t =    59.97s     Checking `Expect predicate `existsNoRetry == 1` for object "注销账号" Button`
    t =    59.97s         Checking existence of `"注销账号" Button`
    t =    60.02s Tap "注销账号" Button
    t =    60.02s     Wait for com.mdd.kanpan to idle
    t =    60.02s     Find the "注销账号" Button
    t =    60.05s     Check for interrupting elements affecting "注销账号" Button
    t =    60.09s     Synthesize event
    t =    60.37s     Wait for com.mdd.kanpan to idle
    t =    60.92s Waiting 20.0s for "account.password" SecureTextField to exist
    t =    61.94s     Checking `Expect predicate `existsNoRetry == 1` for object "account.password" SecureTextField`
    t =    61.94s         Checking existence of `"account.password" SecureTextField`
    t =    61.99s Tap "account.password" SecureTextField
    t =    61.99s     Wait for com.mdd.kanpan to idle
    t =    61.99s     Find the "account.password" SecureTextField
    t =    62.02s     Check for interrupting elements affecting "account.password" SecureTextField
    t =    62.05s     Synthesize event
    t =    62.34s     Wait for com.mdd.kanpan to idle
    t =    62.59s Waiting 2.0s for "GenerateStrongPasswordButton" Button to exist
    t =    63.61s     Checking `Expect predicate `existsNoRetry == 1` for object "GenerateStrongPasswordButton" Button`
    t =    63.61s         Checking existence of `"GenerateStrongPasswordButton" Button`
    t =    63.65s         Capturing element debug description
    t =    64.60s     Checking `Expect predicate `existsNoRetry == 1` for object "GenerateStrongPasswordButton" Button`
    t =    64.60s         Checking existence of `"GenerateStrongPasswordButton" Button`
    t =    64.67s         Capturing element debug description
    t =    64.67s     Checking existence of `"GenerateStrongPasswordButton" Button`
    t =    64.71s Collecting debug information to assist test failure triage
    t =    64.71s     Requesting snapshot of accessibility hierarchy for app with pid 86404
    t =    64.76s Waiting 20.0s for Keyboard (First Match) to exist
    t =    65.82s     Checking `Expect predicate `existsNoRetry == 1` for object Keyboard (First Match)`
    t =    65.82s         Checking existence of `Keyboard (First Match)`
    t =    65.85s Type '<redacted>' into "account.password" SecureTextField
    t =    65.85s     Wait for com.mdd.kanpan to idle
    t =    65.85s     Find the "account.password" SecureTextField
    t =    65.90s     Check for interrupting elements affecting "account.password" SecureTextField
    t =    65.93s     Synthesize event
    t =    66.15s     Wait for com.mdd.kanpan to idle
    t =    66.16s Type '<redacted>' into "account.password" SecureTextField
    t =    66.16s     Wait for com.mdd.kanpan to idle
    t =    66.16s     Find the "account.password" SecureTextField
    t =    66.21s     Check for interrupting elements affecting "account.password" SecureTextField
    t =    66.25s     Synthesize event
    t =    66.47s     Wait for com.mdd.kanpan to idle
    t =    66.47s Type '<redacted>' into "account.password" SecureTextField
    t =    66.47s     Wait for com.mdd.kanpan to idle
    t =    66.47s     Find the "account.password" SecureTextField
    t =    66.51s     Check for interrupting elements affecting "account.password" SecureTextField
    t =    66.54s     Synthesize event
    t =    66.76s     Wait for com.mdd.kanpan to idle
    t =    66.77s Type '<redacted>' into "account.password" SecureTextField
    t =    66.77s     Wait for com.mdd.kanpan to idle
    t =    66.77s     Find the "account.password" SecureTextField
    t =    66.81s     Check for interrupting elements affecting "account.password" SecureTextField
    t =    66.85s     Synthesize event
    t =    67.07s     Wait for com.mdd.kanpan to idle
    t =    67.07s Type '<redacted>' into "account.password" SecureTextField
    t =    67.07s     Wait for com.mdd.kanpan to idle
    t =    67.07s     Find the "account.password" SecureTextField
    t =    67.11s     Check for interrupting elements affecting "account.password" SecureTextField
    t =    67.14s     Synthesize event
    t =    67.36s     Wait for com.mdd.kanpan to idle
    t =    67.36s Type '<redacted>' into "account.password" SecureTextField
    t =    67.36s     Wait for com.mdd.kanpan to idle
    t =    67.37s     Find the "account.password" SecureTextField
    t =    67.41s     Check for interrupting elements affecting "account.password" SecureTextField
    t =    67.44s     Synthesize event
    t =    67.66s     Wait for com.mdd.kanpan to idle
    t =    67.66s Type '<redacted>' into "account.password" SecureTextField
    t =    67.66s     Wait for com.mdd.kanpan to idle
    t =    67.67s     Find the "account.password" SecureTextField
    t =    67.71s     Check for interrupting elements affecting "account.password" SecureTextField
    t =    67.74s     Synthesize event
    t =    67.96s     Wait for com.mdd.kanpan to idle
    t =    67.97s Type '<redacted>' into "account.password" SecureTextField
    t =    67.97s     Wait for com.mdd.kanpan to idle
    t =    67.97s     Find the "account.password" SecureTextField
    t =    68.01s     Check for interrupting elements affecting "account.password" SecureTextField
    t =    68.04s     Synthesize event
    t =    68.26s     Wait for com.mdd.kanpan to idle
    t =    68.27s Type '<redacted>' into "account.password" SecureTextField
    t =    68.27s     Wait for com.mdd.kanpan to idle
    t =    68.27s     Find the "account.password" SecureTextField
    t =    68.31s     Check for interrupting elements affecting "account.password" SecureTextField
    t =    68.34s     Synthesize event
    t =    68.56s     Wait for com.mdd.kanpan to idle
    t =    68.57s Type '<redacted>' into "account.password" SecureTextField
    t =    68.57s     Wait for com.mdd.kanpan to idle
    t =    68.57s     Find the "account.password" SecureTextField
    t =    68.63s     Check for interrupting elements affecting "account.password" SecureTextField
    t =    68.67s     Synthesize event
    t =    68.89s     Wait for com.mdd.kanpan to idle
    t =    68.89s Type '<redacted>' into "account.password" SecureTextField
    t =    68.89s     Wait for com.mdd.kanpan to idle
    t =    68.89s     Find the "account.password" SecureTextField
    t =    68.93s     Check for interrupting elements affecting "account.password" SecureTextField
    t =    68.96s     Synthesize event
    t =    69.19s     Wait for com.mdd.kanpan to idle
    t =    69.19s Type '<redacted>' into "account.password" SecureTextField
    t =    69.19s     Wait for com.mdd.kanpan to idle
    t =    69.19s     Find the "account.password" SecureTextField
    t =    69.24s     Check for interrupting elements affecting "account.password" SecureTextField
    t =    69.27s     Synthesize event
    t =    69.50s     Wait for com.mdd.kanpan to idle
    t =    69.50s Tap "account.submit" Button
    t =    69.50s     Wait for com.mdd.kanpan to idle
    t =    69.50s     Find the "account.submit" Button
    t =    69.54s     Check for interrupting elements affecting "account.submit" Button
    t =    69.58s     Synthesize event
    t =    69.87s     Wait for com.mdd.kanpan to idle
    t =    70.15s Checking existence of `"account.view" Other`
    t =    70.39s Checking existence of `"account.view" Other`
    t =    70.64s Checking existence of `"account.view" Other`
    t =    70.87s Checking existence of `"account.view" Other`
    t =    70.89s Find the Target Application 'com.mdd.kanpan'
    t =    70.99s Added attachment named '收尾'
    t =    70.99s Tear Down
Test Case '-[KanpanUITests.AccountSessionReplacedUITests testSecondDeviceOfThisClassEvictsThisOneAndReloginEvictsIt]' passed (71.261 seconds).
Test Suite 'AccountSessionReplacedUITests' passed at 2026-09-23 21:37:39.064.
	 Executed 1 test, with 0 failures (0 unexpected) in 71.261 (71.262) seconds
Test Suite 'AlertSoundUITests' started at 2026-09-23 21:37:39.064.
Test Case '-[KanpanUITests.AlertSoundUITests testFourSoundsAndRestart]' started.
    t =     0.00s Start Test at 2026-09-23 21:37:39.065
    t =     0.02s Set Up
    t =     0.02s     Setting device orientation to Portrait
    t =     0.02s         Wait for com.mdd.kanpan to idle
    t =     0.03s     Open com.mdd.kanpan
    t =     0.03s         Launch com.mdd.kanpan
    t =     0.03s             Terminate com.mdd.kanpan:86404
2026-09-23 21:37:40.176 xcodebuild[84601:9096826] [MT] IDELaunchParametersSnapshot: The operation couldn’t be completed. (DebuggerLLDB.DebuggerVersionStore.StoreError error 0.)
2026-09-23 21:37:40.176 xcodebuild[84601:9096826] [MT] IDELaunchParametersSnapshot: no debugger version
    t =     1.33s             Setting up automation session
    t =     1.96s             Wait for com.mdd.kanpan to idle
    t =     3.28s     Waiting 30.0s for "bottom.settings" Button to exist
    t =     4.32s         Checking `Expect predicate `existsNoRetry == 1` for object "bottom.settings" Button`
    t =     4.32s             Checking existence of `"bottom.settings" Button`
    t =     4.35s     Tap "bottom.settings" Button
    t =     4.35s         Wait for com.mdd.kanpan to idle
    t =     4.35s         Find the "bottom.settings" Button
    t =     4.37s         Check for interrupting elements affecting "bottom.settings" Button
    t =     4.38s         Synthesize event
    t =     4.67s         Wait for com.mdd.kanpan to idle
    t =     4.67s Waiting 10.0s for "settings.alerts" Button to exist
    t =     5.70s     Checking `Expect predicate `existsNoRetry == 1` for object "settings.alerts" Button`
    t =     5.70s         Checking existence of `"settings.alerts" Button`
    t =     5.75s Find the "settings.alerts" Button
    t =     5.78s Tap "settings.alerts" Button
    t =     5.78s     Wait for com.mdd.kanpan to idle
    t =     5.79s     Find the "settings.alerts" Button
    t =     5.81s     Check for interrupting elements affecting "settings.alerts" Button
    t =     5.82s     Synthesize event
    t =     6.11s     Wait for com.mdd.kanpan to idle
    t =     6.56s Waiting 10.0s for "alerts.sound.open" Button to exist
    t =     7.60s     Checking `Expect predicate `existsNoRetry == 1` for object "alerts.sound.open" Button`
    t =     7.60s         Checking existence of `"alerts.sound.open" Button`
    t =     7.67s Tap "alerts.sound.open" Button
    t =     7.67s     Wait for com.mdd.kanpan to idle
    t =     7.67s     Find the "alerts.sound.open" Button
    t =     7.69s     Check for interrupting elements affecting "alerts.sound.open" Button
    t =     7.71s     Synthesize event
    t =     8.00s     Wait for com.mdd.kanpan to idle
    t =     8.34s Waiting 10.0s for "alerts.sound.default" Button to exist
    t =     9.38s     Checking `Expect predicate `existsNoRetry == 1` for object "alerts.sound.default" Button`
    t =     9.38s         Checking existence of `"alerts.sound.default" Button`
    t =     9.44s Tap "alerts.sound.default" Button
    t =     9.44s     Wait for com.mdd.kanpan to idle
    t =     9.45s     Find the "alerts.sound.default" Button
    t =     9.48s     Check for interrupting elements affecting "alerts.sound.default" Button
    t =     9.50s     Synthesize event
    t =     9.79s     Wait for com.mdd.kanpan to idle
    t =     9.79s Find the "alerts.sound.default" Button
    t =     9.82s Find the "alerts.sound.crisp" Button
    t =     9.85s Find the "alerts.sound.electronic" Button
    t =     9.87s Find the "alerts.sound.glass" Button
    t =     9.96s Added attachment named '铃声-default'
    t =     9.96s Tap "alerts.sound.crisp" Button
    t =     9.96s     Wait for com.mdd.kanpan to idle
    t =     9.96s     Find the "alerts.sound.crisp" Button
    t =     9.99s     Check for interrupting elements affecting "alerts.sound.crisp" Button
    t =    10.01s     Synthesize event
    t =    10.30s     Wait for com.mdd.kanpan to idle
    t =    10.30s Find the "alerts.sound.default" Button
    t =    10.33s Find the "alerts.sound.crisp" Button
    t =    10.36s Find the "alerts.sound.electronic" Button
    t =    10.38s Find the "alerts.sound.glass" Button
    t =    10.47s Added attachment named '铃声-crisp'
    t =    10.47s Tap "alerts.sound.electronic" Button
    t =    10.47s     Wait for com.mdd.kanpan to idle
    t =    10.47s     Find the "alerts.sound.electronic" Button
    t =    10.50s     Check for interrupting elements affecting "alerts.sound.electronic" Button
    t =    10.52s     Synthesize event
    t =    10.82s     Wait for com.mdd.kanpan to idle
    t =    10.83s Find the "alerts.sound.default" Button
    t =    10.85s Find the "alerts.sound.crisp" Button
    t =    10.88s Find the "alerts.sound.electronic" Button
    t =    10.90s Find the "alerts.sound.glass" Button
    t =    10.99s Added attachment named '铃声-electronic'
    t =    10.99s Tap "alerts.sound.glass" Button
    t =    10.99s     Wait for com.mdd.kanpan to idle
    t =    10.99s     Find the "alerts.sound.glass" Button
    t =    11.02s     Check for interrupting elements affecting "alerts.sound.glass" Button
    t =    11.04s     Synthesize event
    t =    11.33s     Wait for com.mdd.kanpan to idle
    t =    11.33s Find the "alerts.sound.default" Button
    t =    11.38s Find the "alerts.sound.crisp" Button
    t =    11.41s Find the "alerts.sound.electronic" Button
    t =    11.43s Find the "alerts.sound.glass" Button
    t =    11.52s Added attachment named '铃声-glass'
    t =    11.52s Tap "panel.done" Button
    t =    11.52s     Wait for com.mdd.kanpan to idle
    t =    11.52s     Find the "panel.done" Button
    t =    11.54s     Check for interrupting elements affecting "panel.done" Button
    t =    11.57s     Synthesize event
    t =    11.85s     Wait for com.mdd.kanpan to idle
    t =    12.15s Find the "alerts.sound.open" Button
    t =    12.25s Added attachment named '提醒总表-玻璃'
    t =    12.25s Terminate com.mdd.kanpan:86586
    t =    13.28s Open com.mdd.kanpan
    t =    13.29s     Launch com.mdd.kanpan
2026-09-23 21:37:52.353 xcodebuild[84601:9096826] [MT] IDELaunchParametersSnapshot: The operation couldn’t be completed. (DebuggerLLDB.DebuggerVersionStore.StoreError error 0.)
2026-09-23 21:37:52.353 xcodebuild[84601:9096826] [MT] IDELaunchParametersSnapshot: no debugger version
    t =    13.50s         Setting up automation session
    t =    14.16s         Wait for com.mdd.kanpan to idle
    t =    15.60s Waiting 30.0s for "bottom.settings" Button to exist
    t =    16.66s     Checking `Expect predicate `existsNoRetry == 1` for object "bottom.settings" Button`
    t =    16.66s         Checking existence of `"bottom.settings" Button`
    t =    16.69s Tap "bottom.settings" Button
    t =    16.69s     Wait for com.mdd.kanpan to idle
    t =    16.69s     Find the "bottom.settings" Button
    t =    16.71s     Check for interrupting elements affecting "bottom.settings" Button
    t =    16.72s     Synthesize event
    t =    17.01s     Wait for com.mdd.kanpan to idle
    t =    17.01s Waiting 10.0s for "settings.alerts" Button to exist
    t =    18.07s     Checking `Expect predicate `existsNoRetry == 1` for object "settings.alerts" Button`
    t =    18.07s         Checking existence of `"settings.alerts" Button`
    t =    18.13s Find the "settings.alerts" Button
    t =    18.16s Tap "settings.alerts" Button
    t =    18.16s     Wait for com.mdd.kanpan to idle
    t =    18.16s     Find the "settings.alerts" Button
    t =    18.18s     Check for interrupting elements affecting "settings.alerts" Button
    t =    18.20s     Synthesize event
    t =    18.48s     Wait for com.mdd.kanpan to idle
    t =    18.89s Waiting 10.0s for "alerts.sound.open" Button to exist
    t =    19.92s     Checking `Expect predicate `existsNoRetry == 1` for object "alerts.sound.open" Button`
    t =    19.92s         Checking existence of `"alerts.sound.open" Button`
    t =    19.98s Tap "alerts.sound.open" Button
    t =    19.98s     Wait for com.mdd.kanpan to idle
    t =    19.98s     Find the "alerts.sound.open" Button
    t =    20.01s     Check for interrupting elements affecting "alerts.sound.open" Button
    t =    20.03s     Synthesize event
    t =    20.32s     Wait for com.mdd.kanpan to idle
    t =    20.62s Waiting 10.0s for "alerts.sound.default" Button to exist
    t =    21.66s     Checking `Expect predicate `existsNoRetry == 1` for object "alerts.sound.default" Button`
    t =    21.66s         Checking existence of `"alerts.sound.default" Button`
    t =    21.70s Find the "alerts.sound.glass" Button
    t =    21.79s Added attachment named '重启-玻璃'
    t =    21.79s Tear Down
    t =    21.79s     Terminate com.mdd.kanpan:86603
Test Case '-[KanpanUITests.AlertSoundUITests testFourSoundsAndRestart]' passed (22.896 seconds).
Test Case '-[KanpanUITests.AlertSoundUITests testNotificationPermissionAndDefaultPreview]' started.
    t =     0.00s Start Test at 2026-09-23 21:38:01.962
    t =     0.02s Set Up
    t =     0.02s     Setting device orientation to Portrait
    t =     0.03s         Wait for com.apple.springboard to idle
    t =     0.03s     Open com.mdd.kanpan
    t =     0.03s         Launch com.mdd.kanpan
2026-09-23 21:38:01.994 xcodebuild[84601:9096826] [MT] IDELaunchParametersSnapshot: The operation couldn’t be completed. (DebuggerLLDB.DebuggerVersionStore.StoreError error 0.)
2026-09-23 21:38:01.994 xcodebuild[84601:9096826] [MT] IDELaunchParametersSnapshot: no debugger version
    t =     0.24s             Setting up automation session
    t =     0.89s             Wait for com.mdd.kanpan to idle
    t =     2.24s     Waiting 30.0s for "bottom.settings" Button to exist
    t =     3.27s         Checking `Expect predicate `existsNoRetry == 1` for object "bottom.settings" Button`
    t =     3.27s             Checking existence of `"bottom.settings" Button`
    t =     3.31s     Tap "bottom.settings" Button
    t =     3.31s         Wait for com.mdd.kanpan to idle
    t =     3.32s         Find the "bottom.settings" Button
    t =     3.33s         Check for interrupting elements affecting "bottom.settings" Button
    t =     3.35s         Synthesize event
    t =     3.63s         Wait for com.mdd.kanpan to idle
    t =     3.63s Tap "bottom.chart" Button
    t =     3.63s     Wait for com.mdd.kanpan to idle
    t =     3.64s     Find the "bottom.chart" Button
    t =     3.67s     Check for interrupting elements affecting "bottom.chart" Button
    t =     3.70s     Synthesize event
    t =     3.99s     Wait for com.mdd.kanpan to idle
    t =     3.99s Waiting 30.0s for "chart.canvas" Other to exist
    t =     5.02s     Checking `Expect predicate `existsNoRetry == 1` for object "chart.canvas" Other`
    t =     5.02s         Checking existence of `"chart.canvas" Other`
    t =     6.08s Find the "chart.canvas" Other
    t =     6.13s Waiting 10.0s for "bottom.draw" Button to exist
    t =     7.17s     Checking `Expect predicate `existsNoRetry == 1` for object "bottom.draw" Button`
    t =     7.17s         Checking existence of `"bottom.draw" Button`
    t =     7.20s Tap "bottom.draw" Button
    t =     7.20s     Wait for com.mdd.kanpan to idle
    t =     7.21s     Find the "bottom.draw" Button
    t =     7.23s     Check for interrupting elements affecting "bottom.draw" Button
    t =     7.24s     Synthesize event
    t =     7.49s         Interface orientation changed to Landscape Right
    t =     7.54s     Wait for com.mdd.kanpan to idle
    t =     7.84s Waiting 15.0s for "land.symbol" Any to exist
    t =     8.89s     Checking `Expect predicate `existsNoRetry == 1` for object "land.symbol" Any`
    t =     8.89s         Checking existence of `"land.symbol" Any`
    t =     9.72s Setting device orientation to Landscape Left
    t =     9.72s     Device orientation changed to Landscape Left
    t =     9.73s     Wait for com.mdd.kanpan to idle
    t =    10.04s Setting device orientation to Portrait
    t =    10.05s     Device orientation changed to Portrait
    t =    10.09s     Interface orientation changed to Portrait
    t =    10.09s     Wait for com.mdd.kanpan to idle
    t =    10.23s Waiting 10.0s for "draw.finish" Button to exist
    t =    11.26s     Checking `Expect predicate `existsNoRetry == 1` for object "draw.finish" Button`
    t =    11.26s         Checking existence of `"draw.finish" Button`
    t =    11.29s Checking existence of `"land.symbol" Any`
    t =    11.37s Waiting 15.0s for "draw.finish" Button to exist
    t =    12.40s     Checking `Expect predicate `existsNoRetry == 1` for object "draw.finish" Button`
    t =    12.40s         Checking existence of `"draw.finish" Button`
    t =    13.47s Checking `Expect predicate `exists == 0` for object "land.symbol" Any`
    t =    13.47s     Checking existence of `"land.symbol" Any`
    t =    13.56s Waiting 10.0s for "draw.hline" Button to exist
    t =    14.60s     Checking `Expect predicate `existsNoRetry == 1` for object "draw.hline" Button`
    t =    14.60s         Checking existence of `"draw.hline" Button`
    t =    14.63s Tap "draw.hline" Button[0.50, 0.50]
    t =    14.63s     Wait for com.mdd.kanpan to idle
    t =    14.63s     Find the "draw.hline" Button
    t =    14.66s     Check for interrupting elements affecting "draw.hline" Button
    t =    14.68s     Synthesize event
    t =    14.68s         Find the "draw.hline" Button
    t =    14.70s         Find the "draw.hline" Button
    t =    14.73s         Find the "draw.hline" Button
    t =    15.03s     Wait for com.mdd.kanpan to idle
    t =    15.03s Tap "chart.canvas" Other[0.50, 0.20]
    t =    15.03s     Wait for com.mdd.kanpan to idle
    t =    15.03s     Find the "chart.canvas" Other
    t =    15.07s     Check for interrupting elements affecting "chart.canvas" Other
    t =    15.09s     Synthesize event
    t =    15.09s         Find the "chart.canvas" Other
    t =    15.11s         Find the "chart.canvas" Other
    t =    15.13s         Find the "chart.canvas" Other
    t =    15.44s     Wait for com.mdd.kanpan to idle
    t =    15.44s Waiting 8.0s for "alert.line" Button to exist
    t =    16.49s     Checking `Expect predicate `existsNoRetry == 1` for object "alert.line" Button`
    t =    16.49s         Checking existence of `"alert.line" Button`
    t =    16.53s Tap "alert.line" Button
    t =    16.53s     Wait for com.mdd.kanpan to idle
    t =    16.53s     Find the "alert.line" Button
    t =    16.55s     Check for interrupting elements affecting "alert.line" Button
    t =    16.57s     Synthesize event
    t =    16.86s     Wait for com.mdd.kanpan to idle
    t =    16.86s Waiting 10.0s for Button (First Match) to exist
    t =    17.89s     Checking `Expect predicate `existsNoRetry == 1` for object Button (First Match)`
    t =    17.89s         Checking existence of `Button (First Match)`
    t =    18.01s Added attachment named '系统通知授权'
    t =    18.01s Tap Button (First Match)
    t =    18.01s     Wait for com.apple.springboard to idle
    t =    18.01s     Find the Button (First Match)
    t =    18.03s     Check for interrupting elements affecting "允许" Button
    t =    18.07s     Synthesize event
    t =    18.36s     Wait for com.apple.springboard to idle
    t =    18.60s Checking existence of `"draw.finish" Button`
    t =    18.62s Tap "draw.finish" Button
    t =    18.62s     Wait for com.mdd.kanpan to idle
    t =    18.65s     Find the "draw.finish" Button
    t =    18.67s     Check for interrupting elements affecting "draw.finish" Button
    t =    18.69s     Synthesize event
    t =    18.98s     Wait for com.mdd.kanpan to idle
    t =    18.98s Tap "bottom.settings" Button
    t =    18.98s     Wait for com.mdd.kanpan to idle
    t =    18.98s     Find the "bottom.settings" Button
    t =    19.00s     Check for interrupting elements affecting "bottom.settings" Button
    t =    19.01s     Synthesize event
    t =    19.31s     Wait for com.mdd.kanpan to idle
    t =    19.31s Waiting 10.0s for "settings.alerts" Button to exist
    t =    20.37s     Checking `Expect predicate `existsNoRetry == 1` for object "settings.alerts" Button`
    t =    20.37s         Checking existence of `"settings.alerts" Button`
    t =    20.42s Find the "settings.alerts" Button
    t =    20.45s Tap "settings.alerts" Button
    t =    20.45s     Wait for com.mdd.kanpan to idle
    t =    20.45s     Find the "settings.alerts" Button
    t =    20.47s     Check for interrupting elements affecting "settings.alerts" Button
    t =    20.49s     Synthesize event
    t =    20.78s     Wait for com.mdd.kanpan to idle
    t =    21.23s Waiting 10.0s for "alerts.sound.open" Button to exist
    t =    22.28s     Checking `Expect predicate `existsNoRetry == 1` for object "alerts.sound.open" Button`
    t =    22.28s         Checking existence of `"alerts.sound.open" Button`
    t =    22.35s Tap "alerts.sound.open" Button
    t =    22.35s     Wait for com.mdd.kanpan to idle
    t =    22.35s     Find the "alerts.sound.open" Button
    t =    22.37s     Check for interrupting elements affecting "alerts.sound.open" Button
    t =    22.40s     Synthesize event
    t =    22.69s     Wait for com.mdd.kanpan to idle
    t =    23.01s Waiting 10.0s for "alerts.sound.default" Button to exist
    t =    24.05s     Checking `Expect predicate `existsNoRetry == 1` for object "alerts.sound.default" Button`
    t =    24.05s         Checking existence of `"alerts.sound.default" Button`
    t =    24.11s Tap "alerts.sound.default" Button
    t =    24.11s     Wait for com.mdd.kanpan to idle
    t =    24.11s     Find the "alerts.sound.default" Button
    t =    24.14s     Check for interrupting elements affecting "alerts.sound.default" Button
    t =    24.16s     Synthesize event
    t =    24.45s     Wait for com.mdd.kanpan to idle
    t =    24.46s Find the "alerts.sound.default" Button
    t =    24.55s Added attachment named '通知授权后-默认试听'
    t =    24.55s Tap "alerts.sound.glass" Button
    t =    24.55s     Wait for com.mdd.kanpan to idle
    t =    24.55s     Find the "alerts.sound.glass" Button
    t =    24.58s     Check for interrupting elements affecting "alerts.sound.glass" Button
    t =    24.60s     Synthesize event
    t =    24.89s     Wait for com.mdd.kanpan to idle
    t =    24.97s Added attachment named '推送验收-玻璃'
    t =    24.97s Tear Down
    t =    24.97s     Terminate com.mdd.kanpan:86731
Test Case '-[KanpanUITests.AlertSoundUITests testNotificationPermissionAndDefaultPreview]' passed (26.119 seconds).
Test Case '-[KanpanUITests.AlertSoundUITests testThreeSkins]' started.
    t =     0.00s Start Test at 2026-09-23 21:38:28.082
    t =     0.01s Set Up
    t =     0.01s     Setting device orientation to Portrait
    t =     0.02s         Wait for com.apple.springboard to idle
    t =     0.02s     Open com.mdd.kanpan
    t =     0.02s         Launch com.mdd.kanpan
2026-09-23 21:38:28.105 xcodebuild[84601:9096826] [MT] IDELaunchParametersSnapshot: The operation couldn’t be completed. (DebuggerLLDB.DebuggerVersionStore.StoreError error 0.)
2026-09-23 21:38:28.105 xcodebuild[84601:9096826] [MT] IDELaunchParametersSnapshot: no debugger version
    t =     0.23s             Setting up automation session
    t =     0.88s             Wait for com.mdd.kanpan to idle
    t =     2.22s     Waiting 30.0s for "bottom.settings" Button to exist
    t =     3.27s         Checking `Expect predicate `existsNoRetry == 1` for object "bottom.settings" Button`
    t =     3.27s             Checking existence of `"bottom.settings" Button`
    t =     3.32s     Tap "bottom.settings" Button
    t =     3.32s         Wait for com.mdd.kanpan to idle
    t =     3.32s         Find the "bottom.settings" Button
    t =     3.33s         Check for interrupting elements affecting "bottom.settings" Button
    t =     3.36s         Synthesize event
    t =     3.65s         Wait for com.mdd.kanpan to idle
    t =     3.65s Waiting 10.0s for "display.theme.sage" Button to exist
    t =     4.72s     Checking `Expect predicate `existsNoRetry == 1` for object "display.theme.sage" Button`
    t =     4.72s         Checking existence of `"display.theme.sage" Button`
    t =     4.77s Find the "display.theme.sage" Button
    t =     4.80s Tap "display.theme.sage" Button
    t =     4.80s     Wait for com.mdd.kanpan to idle
    t =     4.80s     Find the "display.theme.sage" Button
    t =     4.82s     Check for interrupting elements affecting "display.theme.sage" Button
    t =     4.84s     Synthesize event
    t =     5.14s     Wait for com.mdd.kanpan to idle
    t =     5.14s Find the "display.theme.sage" Button
    t =     5.17s Waiting 10.0s for "settings.alerts" Button to exist
    t =     6.22s     Checking `Expect predicate `existsNoRetry == 1` for object "settings.alerts" Button`
    t =     6.23s         Checking existence of `"settings.alerts" Button`
    t =     6.27s Find the "settings.alerts" Button
    t =     6.30s Tap "settings.alerts" Button
    t =     6.30s     Wait for com.mdd.kanpan to idle
    t =     6.31s     Find the "settings.alerts" Button
    t =     6.33s     Check for interrupting elements affecting "settings.alerts" Button
    t =     6.34s     Synthesize event
    t =     6.63s     Wait for com.mdd.kanpan to idle
    t =     7.04s Waiting 10.0s for "alerts.sound.open" Button to exist
    t =     8.06s     Checking `Expect predicate `existsNoRetry == 1` for object "alerts.sound.open" Button`
    t =     8.06s         Checking existence of `"alerts.sound.open" Button`
    t =     8.12s Tap "alerts.sound.open" Button
    t =     8.12s     Wait for com.mdd.kanpan to idle
    t =     8.12s     Find the "alerts.sound.open" Button
    t =     8.15s     Check for interrupting elements affecting "alerts.sound.open" Button
    t =     8.17s     Synthesize event
    t =     8.46s     Wait for com.mdd.kanpan to idle
    t =     8.79s Waiting 10.0s for "alerts.sound.default" Button to exist
    t =     9.81s     Checking `Expect predicate `existsNoRetry == 1` for object "alerts.sound.default" Button`
    t =     9.81s         Checking existence of `"alerts.sound.default" Button`
    t =     9.85s Tap "alerts.sound.glass" Button
    t =     9.85s     Wait for com.mdd.kanpan to idle
    t =     9.85s     Find the "alerts.sound.glass" Button
    t =     9.88s     Check for interrupting elements affecting "alerts.sound.glass" Button
    t =     9.90s     Synthesize event
    t =    10.19s     Wait for com.mdd.kanpan to idle
    t =    10.26s Added attachment named '铃声皮肤-sage'
    t =    10.26s Tap "panel.done" Button
    t =    10.26s     Wait for com.mdd.kanpan to idle
    t =    10.27s     Find the "panel.done" Button
    t =    10.29s     Check for interrupting elements affecting "panel.done" Button
    t =    10.31s     Synthesize event
    t =    10.60s     Wait for com.mdd.kanpan to idle
    t =    10.90s Waiting 10.0s for "alerts.sound.open" Button to exist
    t =    11.91s     Checking `Expect predicate `existsNoRetry == 1` for object "alerts.sound.open" Button`
    t =    11.91s         Checking existence of `"alerts.sound.open" Button`
    t =    11.94s Tap "panel.done" Button
    t =    11.94s     Wait for com.mdd.kanpan to idle
    t =    11.94s     Find the "panel.done" Button
    t =    11.97s     Check for interrupting elements affecting "panel.done" Button
    t =    11.99s     Synthesize event
    t =    12.28s     Wait for com.mdd.kanpan to idle
    t =    12.63s Waiting 10.0s for "display.theme.terra" Button to exist
    t =    13.67s     Checking `Expect predicate `existsNoRetry == 1` for object "display.theme.terra" Button`
    t =    13.67s         Checking existence of `"display.theme.terra" Button`
    t =    13.71s Find the "display.theme.terra" Button
    t =    13.74s Tap "display.theme.terra" Button
    t =    13.74s     Wait for com.mdd.kanpan to idle
    t =    13.75s     Find the "display.theme.terra" Button
    t =    13.76s     Check for interrupting elements affecting "display.theme.terra" Button
    t =    13.79s     Synthesize event
    t =    14.08s     Wait for com.mdd.kanpan to idle
    t =    14.09s Find the "display.theme.terra" Button
    t =    14.12s Waiting 10.0s for "settings.alerts" Button to exist
    t =    15.17s     Checking `Expect predicate `existsNoRetry == 1` for object "settings.alerts" Button`
    t =    15.17s         Checking existence of `"settings.alerts" Button`
    t =    15.20s Find the "settings.alerts" Button
    t =    15.23s Tap "settings.alerts" Button
    t =    15.23s     Wait for com.mdd.kanpan to idle
    t =    15.23s     Find the "settings.alerts" Button
    t =    15.25s     Check for interrupting elements affecting "settings.alerts" Button
    t =    15.26s     Synthesize event
    t =    15.55s     Wait for com.mdd.kanpan to idle
    t =    15.91s Waiting 10.0s for "alerts.sound.open" Button to exist
    t =    16.97s     Checking `Expect predicate `existsNoRetry == 1` for object "alerts.sound.open" Button`
    t =    16.97s         Checking existence of `"alerts.sound.open" Button`
    t =    17.02s Tap "alerts.sound.open" Button
    t =    17.02s     Wait for com.mdd.kanpan to idle
    t =    17.02s     Find the "alerts.sound.open" Button
    t =    17.05s     Check for interrupting elements affecting "alerts.sound.open" Button
    t =    17.07s     Synthesize event
    t =    17.36s     Wait for com.mdd.kanpan to idle
    t =    17.67s Waiting 10.0s for "alerts.sound.default" Button to exist
    t =    18.75s     Checking `Expect predicate `existsNoRetry == 1` for object "alerts.sound.default" Button`
    t =    18.75s         Checking existence of `"alerts.sound.default" Button`
    t =    18.80s Tap "alerts.sound.glass" Button
    t =    18.80s     Wait for com.mdd.kanpan to idle
    t =    18.80s     Find the "alerts.sound.glass" Button
    t =    18.83s     Check for interrupting elements affecting "alerts.sound.glass" Button
    t =    18.85s     Synthesize event
    t =    19.14s     Wait for com.mdd.kanpan to idle
    t =    19.23s Added attachment named '铃声皮肤-terra'
    t =    19.23s Tap "panel.done" Button
    t =    19.23s     Wait for com.mdd.kanpan to idle
    t =    19.23s     Find the "panel.done" Button
    t =    19.26s     Check for interrupting elements affecting "panel.done" Button
    t =    19.28s     Synthesize event
    t =    19.57s     Wait for com.mdd.kanpan to idle
    t =    19.86s Waiting 10.0s for "alerts.sound.open" Button to exist
    t =    20.91s     Checking `Expect predicate `existsNoRetry == 1` for object "alerts.sound.open" Button`
    t =    20.91s         Checking existence of `"alerts.sound.open" Button`
    t =    20.94s Tap "panel.done" Button
    t =    20.94s     Wait for com.mdd.kanpan to idle
    t =    20.95s     Find the "panel.done" Button
    t =    20.97s     Check for interrupting elements affecting "panel.done" Button
    t =    21.00s     Synthesize event
    t =    21.29s     Wait for com.mdd.kanpan to idle
    t =    21.63s Waiting 10.0s for "display.theme.classic" Button to exist
    t =    22.65s     Checking `Expect predicate `existsNoRetry == 1` for object "display.theme.classic" Button`
    t =    22.65s         Checking existence of `"display.theme.classic" Button`
    t =    22.70s Find the "display.theme.classic" Button
    t =    22.73s Tap "display.theme.classic" Button
    t =    22.73s     Wait for com.mdd.kanpan to idle
    t =    22.73s     Find the "display.theme.classic" Button
    t =    22.75s     Check for interrupting elements affecting "display.theme.classic" Button
    t =    22.77s     Synthesize event
    t =    23.06s     Wait for com.mdd.kanpan to idle
    t =    23.07s Find the "display.theme.classic" Button
    t =    23.11s Waiting 10.0s for "settings.alerts" Button to exist
    t =    24.15s     Checking `Expect predicate `existsNoRetry == 1` for object "settings.alerts" Button`
    t =    24.15s         Checking existence of `"settings.alerts" Button`
    t =    24.20s Find the "settings.alerts" Button
    t =    24.23s Tap "settings.alerts" Button
    t =    24.23s     Wait for com.mdd.kanpan to idle
    t =    24.23s     Find the "settings.alerts" Button
    t =    24.25s     Check for interrupting elements affecting "settings.alerts" Button
    t =    24.27s     Synthesize event
    t =    24.56s     Wait for com.mdd.kanpan to idle
    t =    24.89s Waiting 10.0s for "alerts.sound.open" Button to exist
    t =    25.93s     Checking `Expect predicate `existsNoRetry == 1` for object "alerts.sound.open" Button`
    t =    25.93s         Checking existence of `"alerts.sound.open" Button`
    t =    25.99s Tap "alerts.sound.open" Button
    t =    25.99s     Wait for com.mdd.kanpan to idle
    t =    25.99s     Find the "alerts.sound.open" Button
    t =    26.02s     Check for interrupting elements affecting "alerts.sound.open" Button
    t =    26.04s     Synthesize event
    t =    26.33s     Wait for com.mdd.kanpan to idle
    t =    26.65s Waiting 10.0s for "alerts.sound.default" Button to exist
    t =    27.70s     Checking `Expect predicate `existsNoRetry == 1` for object "alerts.sound.default" Button`
    t =    27.70s         Checking existence of `"alerts.sound.default" Button`
    t =    27.76s Tap "alerts.sound.glass" Button
    t =    27.76s     Wait for com.mdd.kanpan to idle
    t =    27.76s     Find the "alerts.sound.glass" Button
    t =    27.78s     Check for interrupting elements affecting "alerts.sound.glass" Button
    t =    27.81s     Synthesize event
    t =    28.10s     Wait for com.mdd.kanpan to idle
    t =    28.17s Added attachment named '铃声皮肤-classic'
    t =    28.17s Tap "panel.done" Button
    t =    28.17s     Wait for com.mdd.kanpan to idle
    t =    28.18s     Find the "panel.done" Button
    t =    28.20s     Check for interrupting elements affecting "panel.done" Button
    t =    28.23s     Synthesize event
    t =    28.51s     Wait for com.mdd.kanpan to idle
    t =    28.82s Waiting 10.0s for "alerts.sound.open" Button to exist
    t =    29.87s     Checking `Expect predicate `existsNoRetry == 1` for object "alerts.sound.open" Button`
    t =    29.87s         Checking existence of `"alerts.sound.open" Button`
    t =    29.91s Tap "panel.done" Button
    t =    29.91s     Wait for com.mdd.kanpan to idle
    t =    29.91s     Find the "panel.done" Button
    t =    29.94s     Check for interrupting elements affecting "panel.done" Button
    t =    29.97s     Synthesize event
    t =    30.26s     Wait for com.mdd.kanpan to idle
    t =    30.60s Tear Down
    t =    30.60s     Terminate com.mdd.kanpan:86768
Test Case '-[KanpanUITests.AlertSoundUITests testThreeSkins]' passed (31.721 seconds).
Test Suite 'AlertSoundUITests' passed at 2026-09-23 21:38:59.803.
	 Executed 3 tests, with 0 failures (0 unexpected) in 80.735 (80.738) seconds
Test Suite 'CandleKindLineUITests' started at 2026-09-23 21:38:59.803.
Test Case '-[KanpanUITests.CandleKindLineUITests testSwitchToCloseLineAndBack]' started.
    t =     0.00s Start Test at 2026-09-23 21:38:59.805
    t =     0.02s Set Up
    t =     0.02s     Open com.mdd.kanpan
    t =     0.02s         Launch com.mdd.kanpan
2026-09-23 21:38:59.829 xcodebuild[84601:9096826] [MT] IDELaunchParametersSnapshot: The operation couldn’t be completed. (DebuggerLLDB.DebuggerVersionStore.StoreError error 0.)
2026-09-23 21:38:59.829 xcodebuild[84601:9096826] [MT] IDELaunchParametersSnapshot: no debugger version
    t =     0.23s             Setting up automation session
    t =     0.88s             Wait for com.mdd.kanpan to idle
    t =     2.25s     Waiting 3.0s for "bottom.chart" Button to exist
    t =     3.30s         Checking `Expect predicate `existsNoRetry == 1` for object "bottom.chart" Button`
    t =     3.30s             Checking existence of `"bottom.chart" Button`
    t =     3.34s     Checking existence of `"top.symbol" Any`
    t =     3.35s     Waiting 30.0s for "top.symbol" Any to exist
    t =     4.42s         Checking `Expect predicate `existsNoRetry == 1` for object "top.symbol" Any`
    t =     4.42s             Checking existence of `"top.symbol" Any`
    t =     4.43s     Find the Window (First Match)
    t =     4.44s     Find the "interval.more" Button
    t =     4.46s     Find the "bottom.favorites" Button
    t =     4.48s Checking existence of `"chart.canvas" Other`
    t =     4.49s Find the "chart.canvas" Other
    t =     4.50s Checking existence of `"chart.canvas" Other`
    t =     4.51s Find the "chart.canvas" Other
    t =     4.53s Tap "interval.chart" Button
    t =     4.53s     Wait for com.mdd.kanpan to idle
    t =     4.53s     Find the "interval.chart" Button
    t =     4.55s     Check for interrupting elements affecting "interval.chart" Button
    t =     4.56s     Synthesize event
    t =     4.85s     Wait for com.mdd.kanpan to idle
    t =     5.32s Waiting 8.0s for "chart.candleKind.收盘价" Button to exist
    t =     6.34s     Checking `Expect predicate `existsNoRetry == 1` for object "chart.candleKind.收盘价" Button`
    t =     6.35s         Checking existence of `"chart.candleKind.收盘价" Button`
    t =     6.42s Checking existence of `"chart.candleKind.蜡烛" Button`
    t =     6.46s Checking existence of `"chart.candleKind.平均K线" Button`
    t =     6.50s Tap "chart.candleKind.收盘价" Button
    t =     6.50s     Wait for com.mdd.kanpan to idle
    t =     6.51s     Find the "chart.candleKind.收盘价" Button
    t =     6.54s     Check for interrupting elements affecting "chart.candleKind.收盘价" Button
    t =     6.57s     Synthesize event
    t =     6.58s         Scroll element to visible
    t =     6.59s         Find the "chart.candleKind.收盘价" Button
    t =     6.65s         Computed hit point {-1, -1} after scrolling to visible
    t =     6.65s         Failed: Not hittable: Button, {{338.0, 363.3}, {36.0, 14.3}}, identifier: 'chart.candleKind.收盘价', label: '收盘价'
    t =     7.66s     Retrying `Tap "chart.candleKind.收盘价" Button` (attempt #2)
    t =     7.66s         Wait for com.mdd.kanpan to idle
    t =     7.67s         Find the "chart.candleKind.收盘价" Button
    t =     7.72s         Check for interrupting elements affecting "chart.candleKind.收盘价" Button
    t =     7.75s         Synthesize event
    t =     8.05s         Wait for com.mdd.kanpan to idle
    t =     8.05s Checking existence of `"chart.canvas" Other`
    t =     8.10s Find the "chart.canvas" Other
    t =     8.20s Added attachment named '01-面板里选中收盘价'
    t =     8.20s Tap "panel.done" Button
    t =     8.20s     Wait for com.mdd.kanpan to idle
    t =     8.21s     Find the "panel.done" Button
    t =     8.25s     Check for interrupting elements affecting "panel.done" Button
    t =     8.28s     Synthesize event
    t =     8.57s     Wait for com.mdd.kanpan to idle
    t =     8.93s Checking existence of `"chart.candleKind.收盘价" Button`
    t =     9.03s Added attachment named '02-收盘价折线'
    t =     9.03s Tap "interval.chart" Button
    t =     9.03s     Wait for com.mdd.kanpan to idle
    t =     9.03s     Find the "interval.chart" Button
    t =     9.05s     Check for interrupting elements affecting "interval.chart" Button
    t =     9.07s     Synthesize event
    t =     9.37s     Wait for com.mdd.kanpan to idle
    t =     9.72s Waiting 8.0s for "chart.candleKind.蜡烛" Button to exist
    t =    10.76s     Checking `Expect predicate `existsNoRetry == 1` for object "chart.candleKind.蜡烛" Button`
    t =    10.76s         Checking existence of `"chart.candleKind.蜡烛" Button`
    t =    10.82s Tap "chart.candleKind.蜡烛" Button
    t =    10.82s     Wait for com.mdd.kanpan to idle
    t =    10.82s     Find the "chart.candleKind.蜡烛" Button
    t =    10.87s     Check for interrupting elements affecting "chart.candleKind.蜡烛" Button
    t =    10.90s     Synthesize event
    t =    10.90s         Scroll element to visible
    t =    10.92s         Find the "chart.candleKind.蜡烛" Button
    t =    10.96s         Computed hit point {-1, -1} after scrolling to visible
    t =    10.96s         Failed: Not hittable: Button, {{223.0, 363.3}, {24.0, 14.3}}, identifier: 'chart.candleKind.蜡烛', label: '蜡烛'
    t =    11.97s     Retrying `Tap "chart.candleKind.蜡烛" Button` (attempt #2)
    t =    11.97s         Wait for com.mdd.kanpan to idle
    t =    12.00s         Find the "chart.candleKind.蜡烛" Button
    t =    12.05s         Check for interrupting elements affecting "chart.candleKind.蜡烛" Button
    t =    12.08s         Synthesize event
    t =    12.37s         Wait for com.mdd.kanpan to idle
    t =    12.38s Checking existence of `"chart.canvas" Other`
    t =    12.43s Find the "chart.canvas" Other
    t =    12.47s Tap "panel.done" Button
    t =    12.47s     Wait for com.mdd.kanpan to idle
    t =    12.47s     Find the "panel.done" Button
    t =    12.51s     Check for interrupting elements affecting "panel.done" Button
    t =    12.53s     Synthesize event
    t =    12.82s     Wait for com.mdd.kanpan to idle
    t =    13.17s Checking existence of `"chart.candleKind.蜡烛" Button`
    t =    13.26s Added attachment named '03-切回蜡烛'
    t =    13.26s Tear Down
Test Case '-[KanpanUITests.CandleKindLineUITests testSwitchToCloseLineAndBack]' passed (13.518 seconds).
Test Suite 'CandleKindLineUITests' passed at 2026-09-23 21:39:13.323.
	 Executed 1 test, with 0 failures (0 unexpected) in 13.518 (13.519) seconds
Test Suite 'ChartDoubleTapUITests' started at 2026-09-23 21:39:13.323.
Test Case '-[KanpanUITests.ChartDoubleTapUITests testDoubleTapOnCanvasReturnsToLatestAndAutoFits]' started.
    t =     0.00s Start Test at 2026-09-23 21:39:13.324
    t =     0.02s Set Up
    t =     0.02s     Open com.mdd.kanpan
    t =     0.02s         Launch com.mdd.kanpan
    t =     0.02s             Terminate com.mdd.kanpan:86933
2026-09-23 21:39:14.440 xcodebuild[84601:9096826] [MT] IDELaunchParametersSnapshot: The operation couldn’t be completed. (DebuggerLLDB.DebuggerVersionStore.StoreError error 0.)
2026-09-23 21:39:14.440 xcodebuild[84601:9096826] [MT] IDELaunchParametersSnapshot: no debugger version
    t =     1.33s             Setting up automation session
    t =     2.06s             Wait for com.mdd.kanpan to idle
    t =     3.48s     Waiting 3.0s for "bottom.chart" Button to exist
    t =     4.49s         Checking `Expect predicate `existsNoRetry == 1` for object "bottom.chart" Button`
    t =     4.50s             Checking existence of `"bottom.chart" Button`
    t =     4.55s     Checking existence of `"top.symbol" Any`
    t =     4.56s     Waiting 30.0s for "top.symbol" Any to exist
    t =     5.62s         Checking `Expect predicate `existsNoRetry == 1` for object "top.symbol" Any`
    t =     5.62s             Checking existence of `"top.symbol" Any`
    t =     5.64s     Find the Window (First Match)
    t =     5.65s     Find the "interval.more" Button
    t =     5.67s     Find the "bottom.favorites" Button
    t =     5.69s Checking existence of `"chart.canvas" Other`
    t =     5.70s Find the "chart.canvas" Other
    t =     5.72s Checking existence of `"chart.canvas" Other`
    t =     5.74s Find the "chart.canvas" Other
    t =     5.76s Checking existence of `"chart.canvas" Other`
    t =     5.77s Find the "chart.canvas" Other
    t =     5.78s Press "chart.canvas" Other[0.00, 0.00] -> (375.0, 140.0) for 0.1 seconds, then drag to "chart.canvas" Other[0.00, 0.00] -> (375.0, 140.0) -> (0.0, -85.0) with velocity of 500.00 pixels per second, and then hold for 0.0 seconds 
    t =     5.78s     Wait for com.mdd.kanpan to idle
    t =     5.78s     Find the "chart.canvas" Other
    t =     5.79s     Check for interrupting elements affecting "chart.canvas" Other
    t =     5.81s     Synthesize event
    t =     5.81s         Find the "chart.canvas" Other
    t =     5.82s         Find the "chart.canvas" Other
    t =     5.84s         Find the "chart.canvas" Other
    t =     5.85s         Find the "chart.canvas" Other
    t =     5.87s         Find the "chart.canvas" Other
    t =     6.35s     Wait for com.mdd.kanpan to idle
    t =     6.35s Checking existence of `"chart.canvas" Other`
    t =     6.38s Find the "chart.canvas" Other
    t =     6.40s Checking existence of `"chart.canvas" Other`
    t =     6.41s Find the "chart.canvas" Other
    t =     6.42s Press Window (First Match)[0.00, 0.00] -> (40.0, 472.8) for 0.1 seconds, then drag to Window (First Match)[0.00, 0.00] -> (40.0, 472.8) -> (220.0, 0.0) with velocity of 500.00 pixels per second, and then hold for 0.0 seconds 
    t =     6.42s     Wait for com.mdd.kanpan to idle
    t =     6.42s     Find the Window (First Match)
    t =     6.43s     Check for interrupting elements affecting Window
    t =     6.44s     Synthesize event
    t =     6.44s         Find the Window at {{0.0, 0.0}, {402.0, 874.0}}
    t =     6.45s         Find the Window at {{0.0, 0.0}, {402.0, 874.0}}
    t =     6.45s         Find the Window at {{0.0, 0.0}, {402.0, 874.0}}
    t =     6.46s         Find the Window at {{0.0, 0.0}, {402.0, 874.0}}
    t =     6.47s         Find the Window at {{0.0, 0.0}, {402.0, 874.0}}
    t =     7.20s     Wait for com.mdd.kanpan to idle
    t =     7.20s Checking existence of `"chart.canvas" Other`
    t =     7.21s Find the "chart.canvas" Other
    t =     7.23s Checking existence of `"chart.canvas" Other`
    t =     7.24s Find the "chart.canvas" Other
    t =     7.26s Find the Target Application 'com.mdd.kanpan'
    t =     7.34s Added attachment named '双击前-历史里且Y手动'
    t =     7.35s Double tap "chart.canvas" Other[0.00, 0.00] -> (159.8, 141.7)
    t =     7.35s     Wait for com.mdd.kanpan to idle
    t =     7.35s     Find the "chart.canvas" Other
    t =     7.36s     Check for interrupting elements affecting "chart.canvas" Other
    t =     7.39s     Synthesize event
    t =     7.39s         Find the "chart.canvas" Other
    t =     7.41s         Find the "chart.canvas" Other
    t =     7.42s         Find the "chart.canvas" Other
    t =     7.77s     Wait for com.mdd.kanpan to idle
    t =     7.79s Checking existence of `"chart.canvas" Other`
    t =     7.81s Find the "chart.canvas" Other
    t =     7.83s Find the Target Application 'com.mdd.kanpan'
    t =     7.91s Added attachment named '双击后-回到最新且自动贴合'
    t =     7.91s Tap "chart.canvas" Other[0.00, 0.00] -> (159.8, 141.7)
    t =     7.91s     Wait for com.mdd.kanpan to idle
    t =     7.91s     Find the "chart.canvas" Other
    t =     7.93s     Check for interrupting elements affecting "chart.canvas" Other
    t =     7.94s     Synthesize event
    t =     7.94s         Find the "chart.canvas" Other
    t =     7.96s         Find the "chart.canvas" Other
    t =     7.98s         Find the "chart.canvas" Other
    t =     8.28s     Wait for com.mdd.kanpan to idle
    t =     8.28s Checking existence of `"chart.canvas" Other`
    t =     8.30s Find the "chart.canvas" Other
    t =     8.32s Tear Down
Test Case '-[KanpanUITests.ChartDoubleTapUITests testDoubleTapOnCanvasReturnsToLatestAndAutoFits]' passed (8.545 seconds).
Test Suite 'ChartDoubleTapUITests' passed at 2026-09-23 21:39:21.869.
	 Executed 1 test, with 0 failures (0 unexpected) in 8.545 (8.546) seconds
Test Suite 'ChartLayoutPersistenceUITests' started at 2026-09-23 21:39:21.869.
Test Case '-[KanpanUITests.ChartLayoutPersistenceUITests testZoomSurvivesColdStartLandingOnFavoritesWhileSignedIn]' started.
    t =     0.00s Start Test at 2026-09-23 21:39:21.870
    t =     0.03s Set Up
    t =     0.03s Open com.mdd.kanpan
    t =     0.03s     Launch com.mdd.kanpan
    t =     0.03s         Terminate com.mdd.kanpan:86950
2026-09-23 21:39:22.949 xcodebuild[84601:9096826] [MT] IDELaunchParametersSnapshot: The operation couldn’t be completed. (DebuggerLLDB.DebuggerVersionStore.StoreError error 0.)
2026-09-23 21:39:22.949 xcodebuild[84601:9096826] [MT] IDELaunchParametersSnapshot: no debugger version
    t =     1.29s         Setting up automation session
