Command line invocation:
    /Applications/Xcode.app/Contents/Developer/usr/bin/xcodebuild build -workspace Kanpan.xcworkspace -scheme Kanpan -destination "generic/platform=iOS Simulator" -derivedDataPath DerivedData-ringtone -jobs 2

Resolve Package Graph


Resolved source packages:
  KanpanAccount: /Users/mdd/zhk/kanpan-ringtone/KanpanAccount @ local
  KanpanReview: /Users/mdd/zhk/kanpan-ringtone/KanpanReview @ local
  KanpanCore: /Users/mdd/zhk/kanpan-ringtone/KanpanCore @ local
  KanpanNetwork: /Users/mdd/zhk/kanpan-ringtone/KanpanNetwork @ local
  KanpanChart: /Users/mdd/zhk/kanpan-ringtone/KanpanChart @ local
  KanpanData: /Users/mdd/zhk/kanpan-ringtone/KanpanData @ local

Build Preparation
Build task concurrency set to 2 via user default IDEBuildOperationMaxNumberOfConcurrentCompileTasks

ComputePackagePrebuildTargetDependencyGraph

Prepare packages

CreateBuildRequest

SendProjectDescription

CreateBuildOperation

ComputeTargetDependencyGraph
note: Building targets in dependency order
note: Target dependency graph (15 targets)
    Target 'Kanpan' in project 'Kanpan'
        ➜ Explicit dependency on target 'KanpanCore' in project 'KanpanCore'
        ➜ Explicit dependency on target 'KanpanChart' in project 'KanpanChart'
        ➜ Explicit dependency on target 'KanpanData' in project 'KanpanData'
        ➜ Explicit dependency on target 'KanpanReview' in project 'KanpanReview'
        ➜ Explicit dependency on target 'KanpanAccount' in project 'KanpanAccount'
    Target 'KanpanAccount' in project 'KanpanAccount'
        ➜ Explicit dependency on target 'KanpanAccount' in project 'KanpanAccount'
    Target 'KanpanAccount' in project 'KanpanAccount' (no dependencies)
    Target 'KanpanReview' in project 'KanpanReview'
        ➜ Explicit dependency on target 'ReviewDomain' in project 'KanpanReview'
        ➜ Explicit dependency on target 'ReviewData' in project 'KanpanReview'
        ➜ Explicit dependency on target 'ReviewUI' in project 'KanpanReview'
        ➜ Explicit dependency on target 'KanpanCore' in project 'KanpanCore'
    Target 'ReviewUI' in project 'KanpanReview'
        ➜ Explicit dependency on target 'ReviewDomain' in project 'KanpanReview'
        ➜ Explicit dependency on target 'ReviewData' in project 'KanpanReview'
        ➜ Explicit dependency on target 'KanpanCore' in project 'KanpanCore'
    Target 'ReviewData' in project 'KanpanReview'
        ➜ Explicit dependency on target 'ReviewDomain' in project 'KanpanReview'
    Target 'ReviewDomain' in project 'KanpanReview' (no dependencies)
    Target 'KanpanData' in project 'KanpanData'
        ➜ Explicit dependency on target 'KanpanData' in project 'KanpanData'
        ➜ Explicit dependency on target 'KanpanCore' in project 'KanpanCore'
        ➜ Explicit dependency on target 'KanpanNetwork' in project 'KanpanNetwork'
    Target 'KanpanData' in project 'KanpanData'
        ➜ Explicit dependency on target 'KanpanCore' in project 'KanpanCore'
        ➜ Explicit dependency on target 'KanpanNetwork' in project 'KanpanNetwork'
    Target 'KanpanNetwork' in project 'KanpanNetwork'
        ➜ Explicit dependency on target 'KanpanNetwork' in project 'KanpanNetwork'
        ➜ Explicit dependency on target 'KanpanCore' in project 'KanpanCore'
    Target 'KanpanNetwork' in project 'KanpanNetwork'
        ➜ Explicit dependency on target 'KanpanCore' in project 'KanpanCore'
    Target 'KanpanChart' in project 'KanpanChart'
        ➜ Explicit dependency on target 'KanpanChart' in project 'KanpanChart'
        ➜ Explicit dependency on target 'KanpanCore' in project 'KanpanCore'
    Target 'KanpanChart' in project 'KanpanChart'
        ➜ Explicit dependency on target 'KanpanCore' in project 'KanpanCore'
    Target 'KanpanCore' in project 'KanpanCore'
        ➜ Explicit dependency on target 'KanpanCore' in project 'KanpanCore'
    Target 'KanpanCore' in project 'KanpanCore' (no dependencies)

GatherProvisioningInputs

CreateBuildDescription

ExecuteExternalTool /Applications/Xcode.app/Contents/Developer/Toolchains/XcodeDefault.xctoolchain/usr/bin/swiftc --version

ExecuteExternalTool /Applications/Xcode.app/Contents/Developer/Toolchains/XcodeDefault.xctoolchain/usr/bin/clang -v -E -dM -isysroot /Applications/Xcode.app/Contents/Developer/Platforms/iPhoneSimulator.platform/Developer/SDKs/iPhoneSimulator26.5.sdk -x c -c /dev/null

ExecuteExternalTool /Applications/Xcode.app/Contents/Developer/usr/bin/actool --print-asset-tag-combinations --output-format xml1 /Users/mdd/zhk/kanpan-ringtone/Kanpan/Kanpan/Assets.xcassets

ExecuteExternalTool /Applications/Xcode.app/Contents/Developer/Toolchains/XcodeDefault.xctoolchain/usr/bin/ld -version_details

ExecuteExternalTool /Applications/Xcode.app/Contents/Developer/usr/bin/actool --version --output-format xml1

Build description signature: 3604f3b433bd7b9e44b17134f18cead4
Build description path: /Users/mdd/zhk/kanpan-ringtone/DerivedData-ringtone/Build/Intermediates.noindex/XCBuildData/3604f3b433bd7b9e44b17134f18cead4.xcbuilddata
CreateBuildDirectory /Users/mdd/zhk/kanpan-ringtone/DerivedData-ringtone/Build/Products
    cd /Users/mdd/zhk/kanpan-ringtone
    builtin-create-build-directory /Users/mdd/zhk/kanpan-ringtone/DerivedData-ringtone/Build/Products

ClangStatCache /Applications/Xcode.app/Contents/Developer/Toolchains/XcodeDefault.xctoolchain/usr/bin/clang-stat-cache /Applications/Xcode.app/Contents/Developer/Platforms/iPhoneSimulator.platform/Developer/SDKs/iPhoneSimulator26.5.sdk /Users/mdd/zhk/kanpan-ringtone/DerivedData-ringtone/SDKStatCaches.noindex/iphonesimulator26.5-23F81a-6cfe768891a92b912361537c460fe42b.sdkstatcache
    cd /Users/mdd/zhk/kanpan-ringtone
    /Applications/Xcode.app/Contents/Developer/Toolchains/XcodeDefault.xctoolchain/usr/bin/clang-stat-cache /Applications/Xcode.app/Contents/Developer/Platforms/iPhoneSimulator.platform/Developer/SDKs/iPhoneSimulator26.5.sdk -o /Users/mdd/zhk/kanpan-ringtone/DerivedData-ringtone/SDKStatCaches.noindex/iphonesimulator26.5-23F81a-6cfe768891a92b912361537c460fe42b.sdkstatcache

CreateBuildDirectory /Users/mdd/zhk/kanpan-ringtone/DerivedData-ringtone/Build/Products/Debug-iphonesimulator
    cd /Users/mdd/zhk/kanpan-ringtone
    builtin-create-build-directory /Users/mdd/zhk/kanpan-ringtone/DerivedData-ringtone/Build/Products/Debug-iphonesimulator

CreateBuildDirectory /Users/mdd/zhk/kanpan-ringtone/DerivedData-ringtone/Build/Intermediates.noindex
    cd /Users/mdd/zhk/kanpan-ringtone
    builtin-create-build-directory /Users/mdd/zhk/kanpan-ringtone/DerivedData-ringtone/Build/Intermediates.noindex

CreateBuildDirectory /Users/mdd/zhk/kanpan-ringtone/DerivedData-ringtone/Build/Products/Debug-iphonesimulator/PackageFrameworks
    cd /Users/mdd/zhk/kanpan-ringtone
    builtin-create-build-directory /Users/mdd/zhk/kanpan-ringtone/DerivedData-ringtone/Build/Products/Debug-iphonesimulator/PackageFrameworks

WriteAuxiliaryFile /Users/mdd/zhk/kanpan-ringtone/DerivedData-ringtone/Build/Intermediates.noindex/Kanpan.build/Debug-iphonesimulator/Kanpan-88f8e4f6458ff7f878983357411ed85c-VFS-iphonesimulator/all-product-headers.yaml
    cd /Users/mdd/zhk/kanpan-ringtone
    write-file /Users/mdd/zhk/kanpan-ringtone/DerivedData-ringtone/Build/Intermediates.noindex/Kanpan.build/Debug-iphonesimulator/Kanpan-88f8e4f6458ff7f878983357411ed85c-VFS-iphonesimulator/all-product-headers.yaml

CreateBuildDirectory /Users/mdd/zhk/kanpan-ringtone/DerivedData-ringtone/Build/Intermediates.noindex/SwiftExplicitPrecompiledModules
    cd /Users/mdd/zhk/kanpan-ringtone
    builtin-create-build-directory /Users/mdd/zhk/kanpan-ringtone/DerivedData-ringtone/Build/Intermediates.noindex/SwiftExplicitPrecompiledModules

CreateBuildDirectory /Users/mdd/zhk/kanpan-ringtone/DerivedData-ringtone/Build/Intermediates.noindex/ExplicitPrecompiledModules
    cd /Users/mdd/zhk/kanpan-ringtone
    builtin-create-build-directory /Users/mdd/zhk/kanpan-ringtone/DerivedData-ringtone/Build/Intermediates.noindex/ExplicitPrecompiledModules

CreateBuildDirectory /Users/mdd/zhk/kanpan-ringtone/DerivedData-ringtone/Build/Intermediates.noindex/EagerLinkingTBDs/Debug-iphonesimulator
    cd /Users/mdd/zhk/kanpan-ringtone
    builtin-create-build-directory /Users/mdd/zhk/kanpan-ringtone/DerivedData-ringtone/Build/Intermediates.noindex/EagerLinkingTBDs/Debug-iphonesimulator

WriteAuxiliaryFile /Users/mdd/zhk/kanpan-ringtone/DerivedData-ringtone/Build/Intermediates.noindex/KanpanReview.build/Debug-iphonesimulator/ReviewUI.build/ReviewUI.modulemap (in target 'ReviewUI' from project 'KanpanReview')
    cd /Users/mdd/zhk/kanpan-ringtone/KanpanReview
    write-file /Users/mdd/zhk/kanpan-ringtone/DerivedData-ringtone/Build/Intermediates.noindex/KanpanReview.build/Debug-iphonesimulator/ReviewUI.build/ReviewUI.modulemap

WriteAuxiliaryFile /Users/mdd/zhk/kanpan-ringtone/DerivedData-ringtone/Build/Intermediates.noindex/KanpanReview.build/Debug-iphonesimulator/ReviewUI.build/ReviewUI.DependencyStaticMetadataFileList (in target 'ReviewUI' from project 'KanpanReview')
    cd /Users/mdd/zhk/kanpan-ringtone/KanpanReview
    write-file /Users/mdd/zhk/kanpan-ringtone/DerivedData-ringtone/Build/Intermediates.noindex/KanpanReview.build/Debug-iphonesimulator/ReviewUI.build/ReviewUI.DependencyStaticMetadataFileList

WriteAuxiliaryFile /Users/mdd/zhk/kanpan-ringtone/DerivedData-ringtone/Build/Intermediates.noindex/KanpanReview.build/Debug-iphonesimulator/ReviewUI.build/ReviewUI.DependencyMetadataFileList (in target 'ReviewUI' from project 'KanpanReview')
    cd /Users/mdd/zhk/kanpan-ringtone/KanpanReview
    write-file /Users/mdd/zhk/kanpan-ringtone/DerivedData-ringtone/Build/Intermediates.noindex/KanpanReview.build/Debug-iphonesimulator/ReviewUI.build/ReviewUI.DependencyMetadataFileList

WriteAuxiliaryFile /Users/mdd/zhk/kanpan-ringtone/DerivedData-ringtone/Build/Intermediates.noindex/KanpanReview.build/Debug-iphonesimulator/ReviewUI.build/Objects-normal/x86_64/ReviewUI_const_extract_protocols.json (in target 'ReviewUI' from project 'KanpanReview')
    cd /Users/mdd/zhk/kanpan-ringtone/KanpanReview
    write-file /Users/mdd/zhk/kanpan-ringtone/DerivedData-ringtone/Build/Intermediates.noindex/KanpanReview.build/Debug-iphonesimulator/ReviewUI.build/Objects-normal/x86_64/ReviewUI_const_extract_protocols.json

WriteAuxiliaryFile /Users/mdd/zhk/kanpan-ringtone/DerivedData-ringtone/Build/Intermediates.noindex/KanpanReview.build/Debug-iphonesimulator/ReviewUI.build/Objects-normal/x86_64/ReviewUI.SwiftFileList (in target 'ReviewUI' from project 'KanpanReview')
    cd /Users/mdd/zhk/kanpan-ringtone/KanpanReview
    write-file /Users/mdd/zhk/kanpan-ringtone/DerivedData-ringtone/Build/Intermediates.noindex/KanpanReview.build/Debug-iphonesimulator/ReviewUI.build/Objects-normal/x86_64/ReviewUI.SwiftFileList

WriteAuxiliaryFile /Users/mdd/zhk/kanpan-ringtone/DerivedData-ringtone/Build/Intermediates.noindex/KanpanReview.build/Debug-iphonesimulator/ReviewUI.build/Objects-normal/x86_64/ReviewUI.SwiftConstValuesFileList (in target 'ReviewUI' from project 'KanpanReview')
    cd /Users/mdd/zhk/kanpan-ringtone/KanpanReview
    write-file /Users/mdd/zhk/kanpan-ringtone/DerivedData-ringtone/Build/Intermediates.noindex/KanpanReview.build/Debug-iphonesimulator/ReviewUI.build/Objects-normal/x86_64/ReviewUI.SwiftConstValuesFileList

WriteAuxiliaryFile /Users/mdd/zhk/kanpan-ringtone/DerivedData-ringtone/Build/Intermediates.noindex/KanpanReview.build/Debug-iphonesimulator/ReviewUI.build/Objects-normal/x86_64/ReviewUI.LinkFileList (in target 'ReviewUI' from project 'KanpanReview')
    cd /Users/mdd/zhk/kanpan-ringtone/KanpanReview
    write-file /Users/mdd/zhk/kanpan-ringtone/DerivedData-ringtone/Build/Intermediates.noindex/KanpanReview.build/Debug-iphonesimulator/ReviewUI.build/Objects-normal/x86_64/ReviewUI.LinkFileList

WriteAuxiliaryFile /Users/mdd/zhk/kanpan-ringtone/DerivedData-ringtone/Build/Intermediates.noindex/KanpanReview.build/Debug-iphonesimulator/ReviewUI.build/Objects-normal/x86_64/ReviewUI-OutputFileMap.json (in target 'ReviewUI' from project 'KanpanReview')
    cd /Users/mdd/zhk/kanpan-ringtone/KanpanReview
    write-file /Users/mdd/zhk/kanpan-ringtone/DerivedData-ringtone/Build/Intermediates.noindex/KanpanReview.build/Debug-iphonesimulator/ReviewUI.build/Objects-normal/x86_64/ReviewUI-OutputFileMap.json

WriteAuxiliaryFile /Users/mdd/zhk/kanpan-ringtone/DerivedData-ringtone/Build/Intermediates.noindex/KanpanReview.build/Debug-iphonesimulator/ReviewUI.build/Objects-normal/arm64/ReviewUI_const_extract_protocols.json (in target 'ReviewUI' from project 'KanpanReview')
    cd /Users/mdd/zhk/kanpan-ringtone/KanpanReview
    write-file /Users/mdd/zhk/kanpan-ringtone/DerivedData-ringtone/Build/Intermediates.noindex/KanpanReview.build/Debug-iphonesimulator/ReviewUI.build/Objects-normal/arm64/ReviewUI_const_extract_protocols.json

WriteAuxiliaryFile /Users/mdd/zhk/kanpan-ringtone/DerivedData-ringtone/Build/Intermediates.noindex/KanpanReview.build/Debug-iphonesimulator/ReviewUI.build/Objects-normal/arm64/ReviewUI.SwiftFileList (in target 'ReviewUI' from project 'KanpanReview')
    cd /Users/mdd/zhk/kanpan-ringtone/KanpanReview
    write-file /Users/mdd/zhk/kanpan-ringtone/DerivedData-ringtone/Build/Intermediates.noindex/KanpanReview.build/Debug-iphonesimulator/ReviewUI.build/Objects-normal/arm64/ReviewUI.SwiftFileList

WriteAuxiliaryFile /Users/mdd/zhk/kanpan-ringtone/DerivedData-ringtone/Build/Intermediates.noindex/KanpanReview.build/Debug-iphonesimulator/ReviewUI.build/Objects-normal/arm64/ReviewUI.SwiftConstValuesFileList (in target 'ReviewUI' from project 'KanpanReview')
    cd /Users/mdd/zhk/kanpan-ringtone/KanpanReview
    write-file /Users/mdd/zhk/kanpan-ringtone/DerivedData-ringtone/Build/Intermediates.noindex/KanpanReview.build/Debug-iphonesimulator/ReviewUI.build/Objects-normal/arm64/ReviewUI.SwiftConstValuesFileList

WriteAuxiliaryFile /Users/mdd/zhk/kanpan-ringtone/DerivedData-ringtone/Build/Intermediates.noindex/KanpanReview.build/Debug-iphonesimulator/ReviewUI.build/Objects-normal/arm64/ReviewUI.LinkFileList (in target 'ReviewUI' from project 'KanpanReview')
    cd /Users/mdd/zhk/kanpan-ringtone/KanpanReview
    write-file /Users/mdd/zhk/kanpan-ringtone/DerivedData-ringtone/Build/Intermediates.noindex/KanpanReview.build/Debug-iphonesimulator/ReviewUI.build/Objects-normal/arm64/ReviewUI.LinkFileList

WriteAuxiliaryFile /Users/mdd/zhk/kanpan-ringtone/DerivedData-ringtone/Build/Intermediates.noindex/KanpanReview.build/Debug-iphonesimulator/ReviewUI.build/Objects-normal/arm64/ReviewUI-OutputFileMap.json (in target 'ReviewUI' from project 'KanpanReview')
    cd /Users/mdd/zhk/kanpan-ringtone/KanpanReview
    write-file /Users/mdd/zhk/kanpan-ringtone/DerivedData-ringtone/Build/Intermediates.noindex/KanpanReview.build/Debug-iphonesimulator/ReviewUI.build/Objects-normal/arm64/ReviewUI-OutputFileMap.json

Copy /Users/mdd/zhk/kanpan-ringtone/DerivedData-ringtone/Build/Intermediates.noindex/GeneratedModuleMaps-iphonesimulator/ReviewUI.modulemap /Users/mdd/zhk/kanpan-ringtone/DerivedData-ringtone/Build/Intermediates.noindex/KanpanReview.build/Debug-iphonesimulator/ReviewUI.build/ReviewUI.modulemap (in target 'ReviewUI' from project 'KanpanReview')
    cd /Users/mdd/zhk/kanpan-ringtone/KanpanReview
    builtin-copy -exclude .DS_Store -exclude CVS -exclude .svn -exclude .git -exclude .hg -resolve-src-symlinks /Users/mdd/zhk/kanpan-ringtone/DerivedData-ringtone/Build/Intermediates.noindex/KanpanReview.build/Debug-iphonesimulator/ReviewUI.build/ReviewUI.modulemap /Users/mdd/zhk/kanpan-ringtone/DerivedData-ringtone/Build/Intermediates.noindex/GeneratedModuleMaps-iphonesimulator

WriteAuxiliaryFile /Users/mdd/zhk/kanpan-ringtone/DerivedData-ringtone/Build/Intermediates.noindex/KanpanReview.build/Debug-iphonesimulator/ReviewDomain.build/ReviewDomain.modulemap (in target 'ReviewDomain' from project 'KanpanReview')
    cd /Users/mdd/zhk/kanpan-ringtone/KanpanReview
    write-file /Users/mdd/zhk/kanpan-ringtone/DerivedData-ringtone/Build/Intermediates.noindex/KanpanReview.build/Debug-iphonesimulator/ReviewDomain.build/ReviewDomain.modulemap

WriteAuxiliaryFile /Users/mdd/zhk/kanpan-ringtone/DerivedData-ringtone/Build/Intermediates.noindex/KanpanReview.build/Debug-iphonesimulator/ReviewDomain.build/ReviewDomain.DependencyStaticMetadataFileList (in target 'ReviewDomain' from project 'KanpanReview')
    cd /Users/mdd/zhk/kanpan-ringtone/KanpanReview
    write-file /Users/mdd/zhk/kanpan-ringtone/DerivedData-ringtone/Build/Intermediates.noindex/KanpanReview.build/Debug-iphonesimulator/ReviewDomain.build/ReviewDomain.DependencyStaticMetadataFileList

WriteAuxiliaryFile /Users/mdd/zhk/kanpan-ringtone/DerivedData-ringtone/Build/Intermediates.noindex/KanpanReview.build/Debug-iphonesimulator/ReviewDomain.build/ReviewDomain.DependencyMetadataFileList (in target 'ReviewDomain' from project 'KanpanReview')
    cd /Users/mdd/zhk/kanpan-ringtone/KanpanReview
    write-file /Users/mdd/zhk/kanpan-ringtone/DerivedData-ringtone/Build/Intermediates.noindex/KanpanReview.build/Debug-iphonesimulator/ReviewDomain.build/ReviewDomain.DependencyMetadataFileList

WriteAuxiliaryFile /Users/mdd/zhk/kanpan-ringtone/DerivedData-ringtone/Build/Intermediates.noindex/KanpanReview.build/Debug-iphonesimulator/ReviewDomain.build/Objects-normal/x86_64/ReviewDomain_const_extract_protocols.json (in target 'ReviewDomain' from project 'KanpanReview')
    cd /Users/mdd/zhk/kanpan-ringtone/KanpanReview
    write-file /Users/mdd/zhk/kanpan-ringtone/DerivedData-ringtone/Build/Intermediates.noindex/KanpanReview.build/Debug-iphonesimulator/ReviewDomain.build/Objects-normal/x86_64/ReviewDomain_const_extract_protocols.json

WriteAuxiliaryFile /Users/mdd/zhk/kanpan-ringtone/DerivedData-ringtone/Build/Intermediates.noindex/KanpanReview.build/Debug-iphonesimulator/ReviewDomain.build/Objects-normal/x86_64/ReviewDomain.SwiftFileList (in target 'ReviewDomain' from project 'KanpanReview')
    cd /Users/mdd/zhk/kanpan-ringtone/KanpanReview
    write-file /Users/mdd/zhk/kanpan-ringtone/DerivedData-ringtone/Build/Intermediates.noindex/KanpanReview.build/Debug-iphonesimulator/ReviewDomain.build/Objects-normal/x86_64/ReviewDomain.SwiftFileList

WriteAuxiliaryFile /Users/mdd/zhk/kanpan-ringtone/DerivedData-ringtone/Build/Intermediates.noindex/KanpanReview.build/Debug-iphonesimulator/ReviewDomain.build/Objects-normal/x86_64/ReviewDomain.SwiftConstValuesFileList (in target 'ReviewDomain' from project 'KanpanReview')
    cd /Users/mdd/zhk/kanpan-ringtone/KanpanReview
    write-file /Users/mdd/zhk/kanpan-ringtone/DerivedData-ringtone/Build/Intermediates.noindex/KanpanReview.build/Debug-iphonesimulator/ReviewDomain.build/Objects-normal/x86_64/ReviewDomain.SwiftConstValuesFileList

WriteAuxiliaryFile /Users/mdd/zhk/kanpan-ringtone/DerivedData-ringtone/Build/Intermediates.noindex/KanpanReview.build/Debug-iphonesimulator/ReviewDomain.build/Objects-normal/x86_64/ReviewDomain.LinkFileList (in target 'ReviewDomain' from project 'KanpanReview')
    cd /Users/mdd/zhk/kanpan-ringtone/KanpanReview
    write-file /Users/mdd/zhk/kanpan-ringtone/DerivedData-ringtone/Build/Intermediates.noindex/KanpanReview.build/Debug-iphonesimulator/ReviewDomain.build/Objects-normal/x86_64/ReviewDomain.LinkFileList

WriteAuxiliaryFile /Users/mdd/zhk/kanpan-ringtone/DerivedData-ringtone/Build/Intermediates.noindex/KanpanReview.build/Debug-iphonesimulator/ReviewDomain.build/Objects-normal/x86_64/ReviewDomain-OutputFileMap.json (in target 'ReviewDomain' from project 'KanpanReview')
    cd /Users/mdd/zhk/kanpan-ringtone/KanpanReview
    write-file /Users/mdd/zhk/kanpan-ringtone/DerivedData-ringtone/Build/Intermediates.noindex/KanpanReview.build/Debug-iphonesimulator/ReviewDomain.build/Objects-normal/x86_64/ReviewDomain-OutputFileMap.json

WriteAuxiliaryFile /Users/mdd/zhk/kanpan-ringtone/DerivedData-ringtone/Build/Intermediates.noindex/KanpanReview.build/Debug-iphonesimulator/ReviewDomain.build/Objects-normal/arm64/ReviewDomain_const_extract_protocols.json (in target 'ReviewDomain' from project 'KanpanReview')
    cd /Users/mdd/zhk/kanpan-ringtone/KanpanReview
    write-file /Users/mdd/zhk/kanpan-ringtone/DerivedData-ringtone/Build/Intermediates.noindex/KanpanReview.build/Debug-iphonesimulator/ReviewDomain.build/Objects-normal/arm64/ReviewDomain_const_extract_protocols.json

WriteAuxiliaryFile /Users/mdd/zhk/kanpan-ringtone/DerivedData-ringtone/Build/Intermediates.noindex/KanpanReview.build/Debug-iphonesimulator/ReviewDomain.build/Objects-normal/arm64/ReviewDomain.SwiftFileList (in target 'ReviewDomain' from project 'KanpanReview')
    cd /Users/mdd/zhk/kanpan-ringtone/KanpanReview
    write-file /Users/mdd/zhk/kanpan-ringtone/DerivedData-ringtone/Build/Intermediates.noindex/KanpanReview.build/Debug-iphonesimulator/ReviewDomain.build/Objects-normal/arm64/ReviewDomain.SwiftFileList

WriteAuxiliaryFile /Users/mdd/zhk/kanpan-ringtone/DerivedData-ringtone/Build/Intermediates.noindex/KanpanReview.build/Debug-iphonesimulator/ReviewDomain.build/Objects-normal/arm64/ReviewDomain.SwiftConstValuesFileList (in target 'ReviewDomain' from project 'KanpanReview')
    cd /Users/mdd/zhk/kanpan-ringtone/KanpanReview
    write-file /Users/mdd/zhk/kanpan-ringtone/DerivedData-ringtone/Build/Intermediates.noindex/KanpanReview.build/Debug-iphonesimulator/ReviewDomain.build/Objects-normal/arm64/ReviewDomain.SwiftConstValuesFileList

WriteAuxiliaryFile /Users/mdd/zhk/kanpan-ringtone/DerivedData-ringtone/Build/Intermediates.noindex/KanpanReview.build/Debug-iphonesimulator/ReviewDomain.build/Objects-normal/arm64/ReviewDomain.LinkFileList (in target 'ReviewDomain' from project 'KanpanReview')
    cd /Users/mdd/zhk/kanpan-ringtone/KanpanReview
    write-file /Users/mdd/zhk/kanpan-ringtone/DerivedData-ringtone/Build/Intermediates.noindex/KanpanReview.build/Debug-iphonesimulator/ReviewDomain.build/Objects-normal/arm64/ReviewDomain.LinkFileList

WriteAuxiliaryFile /Users/mdd/zhk/kanpan-ringtone/DerivedData-ringtone/Build/Intermediates.noindex/KanpanReview.build/Debug-iphonesimulator/ReviewDomain.build/Objects-normal/arm64/ReviewDomain-OutputFileMap.json (in target 'ReviewDomain' from project 'KanpanReview')
    cd /Users/mdd/zhk/kanpan-ringtone/KanpanReview
    write-file /Users/mdd/zhk/kanpan-ringtone/DerivedData-ringtone/Build/Intermediates.noindex/KanpanReview.build/Debug-iphonesimulator/ReviewDomain.build/Objects-normal/arm64/ReviewDomain-OutputFileMap.json

Copy /Users/mdd/zhk/kanpan-ringtone/DerivedData-ringtone/Build/Intermediates.noindex/GeneratedModuleMaps-iphonesimulator/ReviewDomain.modulemap /Users/mdd/zhk/kanpan-ringtone/DerivedData-ringtone/Build/Intermediates.noindex/KanpanReview.build/Debug-iphonesimulator/ReviewDomain.build/ReviewDomain.modulemap (in target 'ReviewDomain' from project 'KanpanReview')
    cd /Users/mdd/zhk/kanpan-ringtone/KanpanReview
    builtin-copy -exclude .DS_Store -exclude CVS -exclude .svn -exclude .git -exclude .hg -resolve-src-symlinks /Users/mdd/zhk/kanpan-ringtone/DerivedData-ringtone/Build/Intermediates.noindex/KanpanReview.build/Debug-iphonesimulator/ReviewDomain.build/ReviewDomain.modulemap /Users/mdd/zhk/kanpan-ringtone/DerivedData-ringtone/Build/Intermediates.noindex/GeneratedModuleMaps-iphonesimulator

WriteAuxiliaryFile /Users/mdd/zhk/kanpan-ringtone/DerivedData-ringtone/Build/Intermediates.noindex/KanpanReview.build/Debug-iphonesimulator/ReviewData.build/ReviewData.modulemap (in target 'ReviewData' from project 'KanpanReview')
    cd /Users/mdd/zhk/kanpan-ringtone/KanpanReview
    write-file /Users/mdd/zhk/kanpan-ringtone/DerivedData-ringtone/Build/Intermediates.noindex/KanpanReview.build/Debug-iphonesimulator/ReviewData.build/ReviewData.modulemap

WriteAuxiliaryFile /Users/mdd/zhk/kanpan-ringtone/DerivedData-ringtone/Build/Intermediates.noindex/KanpanReview.build/Debug-iphonesimulator/ReviewData.build/ReviewData.DependencyStaticMetadataFileList (in target 'ReviewData' from project 'KanpanReview')
    cd /Users/mdd/zhk/kanpan-ringtone/KanpanReview
    write-file /Users/mdd/zhk/kanpan-ringtone/DerivedData-ringtone/Build/Intermediates.noindex/KanpanReview.build/Debug-iphonesimulator/ReviewData.build/ReviewData.DependencyStaticMetadataFileList

WriteAuxiliaryFile /Users/mdd/zhk/kanpan-ringtone/DerivedData-ringtone/Build/Intermediates.noindex/KanpanReview.build/Debug-iphonesimulator/ReviewData.build/ReviewData.DependencyMetadataFileList (in target 'ReviewData' from project 'KanpanReview')
    cd /Users/mdd/zhk/kanpan-ringtone/KanpanReview
    write-file /Users/mdd/zhk/kanpan-ringtone/DerivedData-ringtone/Build/Intermediates.noindex/KanpanReview.build/Debug-iphonesimulator/ReviewData.build/ReviewData.DependencyMetadataFileList

WriteAuxiliaryFile /Users/mdd/zhk/kanpan-ringtone/DerivedData-ringtone/Build/Intermediates.noindex/KanpanReview.build/Debug-iphonesimulator/ReviewData.build/Objects-normal/x86_64/ReviewData_const_extract_protocols.json (in target 'ReviewData' from project 'KanpanReview')
    cd /Users/mdd/zhk/kanpan-ringtone/KanpanReview
    write-file /Users/mdd/zhk/kanpan-ringtone/DerivedData-ringtone/Build/Intermediates.noindex/KanpanReview.build/Debug-iphonesimulator/ReviewData.build/Objects-normal/x86_64/ReviewData_const_extract_protocols.json

WriteAuxiliaryFile /Users/mdd/zhk/kanpan-ringtone/DerivedData-ringtone/Build/Intermediates.noindex/KanpanReview.build/Debug-iphonesimulator/ReviewData.build/Objects-normal/x86_64/ReviewData.SwiftFileList (in target 'ReviewData' from project 'KanpanReview')
    cd /Users/mdd/zhk/kanpan-ringtone/KanpanReview
    write-file /Users/mdd/zhk/kanpan-ringtone/DerivedData-ringtone/Build/Intermediates.noindex/KanpanReview.build/Debug-iphonesimulator/ReviewData.build/Objects-normal/x86_64/ReviewData.SwiftFileList

WriteAuxiliaryFile /Users/mdd/zhk/kanpan-ringtone/DerivedData-ringtone/Build/Intermediates.noindex/KanpanReview.build/Debug-iphonesimulator/ReviewData.build/Objects-normal/x86_64/ReviewData.SwiftConstValuesFileList (in target 'ReviewData' from project 'KanpanReview')
    cd /Users/mdd/zhk/kanpan-ringtone/KanpanReview
    write-file /Users/mdd/zhk/kanpan-ringtone/DerivedData-ringtone/Build/Intermediates.noindex/KanpanReview.build/Debug-iphonesimulator/ReviewData.build/Objects-normal/x86_64/ReviewData.SwiftConstValuesFileList

WriteAuxiliaryFile /Users/mdd/zhk/kanpan-ringtone/DerivedData-ringtone/Build/Intermediates.noindex/KanpanReview.build/Debug-iphonesimulator/ReviewData.build/Objects-normal/x86_64/ReviewData.LinkFileList (in target 'ReviewData' from project 'KanpanReview')
    cd /Users/mdd/zhk/kanpan-ringtone/KanpanReview
    write-file /Users/mdd/zhk/kanpan-ringtone/DerivedData-ringtone/Build/Intermediates.noindex/KanpanReview.build/Debug-iphonesimulator/ReviewData.build/Objects-normal/x86_64/ReviewData.LinkFileList

WriteAuxiliaryFile /Users/mdd/zhk/kanpan-ringtone/DerivedData-ringtone/Build/Intermediates.noindex/KanpanReview.build/Debug-iphonesimulator/ReviewData.build/Objects-normal/x86_64/ReviewData-OutputFileMap.json (in target 'ReviewData' from project 'KanpanReview')
    cd /Users/mdd/zhk/kanpan-ringtone/KanpanReview
    write-file /Users/mdd/zhk/kanpan-ringtone/DerivedData-ringtone/Build/Intermediates.noindex/KanpanReview.build/Debug-iphonesimulator/ReviewData.build/Objects-normal/x86_64/ReviewData-OutputFileMap.json

WriteAuxiliaryFile /Users/mdd/zhk/kanpan-ringtone/DerivedData-ringtone/Build/Intermediates.noindex/KanpanReview.build/Debug-iphonesimulator/ReviewData.build/Objects-normal/arm64/ReviewData_const_extract_protocols.json (in target 'ReviewData' from project 'KanpanReview')
    cd /Users/mdd/zhk/kanpan-ringtone/KanpanReview
    write-file /Users/mdd/zhk/kanpan-ringtone/DerivedData-ringtone/Build/Intermediates.noindex/KanpanReview.build/Debug-iphonesimulator/ReviewData.build/Objects-normal/arm64/ReviewData_const_extract_protocols.json

WriteAuxiliaryFile /Users/mdd/zhk/kanpan-ringtone/DerivedData-ringtone/Build/Intermediates.noindex/KanpanReview.build/Debug-iphonesimulator/ReviewData.build/Objects-normal/arm64/ReviewData.SwiftFileList (in target 'ReviewData' from project 'KanpanReview')
    cd /Users/mdd/zhk/kanpan-ringtone/KanpanReview
    write-file /Users/mdd/zhk/kanpan-ringtone/DerivedData-ringtone/Build/Intermediates.noindex/KanpanReview.build/Debug-iphonesimulator/ReviewData.build/Objects-normal/arm64/ReviewData.SwiftFileList

WriteAuxiliaryFile /Users/mdd/zhk/kanpan-ringtone/DerivedData-ringtone/Build/Intermediates.noindex/KanpanReview.build/Debug-iphonesimulator/ReviewData.build/Objects-normal/arm64/ReviewData.SwiftConstValuesFileList (in target 'ReviewData' from project 'KanpanReview')
    cd /Users/mdd/zhk/kanpan-ringtone/KanpanReview
    write-file /Users/mdd/zhk/kanpan-ringtone/DerivedData-ringtone/Build/Intermediates.noindex/KanpanReview.build/Debug-iphonesimulator/ReviewData.build/Objects-normal/arm64/ReviewData.SwiftConstValuesFileList

WriteAuxiliaryFile /Users/mdd/zhk/kanpan-ringtone/DerivedData-ringtone/Build/Intermediates.noindex/KanpanReview.build/Debug-iphonesimulator/ReviewData.build/Objects-normal/arm64/ReviewData.LinkFileList (in target 'ReviewData' from project 'KanpanReview')
    cd /Users/mdd/zhk/kanpan-ringtone/KanpanReview
    write-file /Users/mdd/zhk/kanpan-ringtone/DerivedData-ringtone/Build/Intermediates.noindex/KanpanReview.build/Debug-iphonesimulator/ReviewData.build/Objects-normal/arm64/ReviewData.LinkFileList

WriteAuxiliaryFile /Users/mdd/zhk/kanpan-ringtone/DerivedData-ringtone/Build/Intermediates.noindex/KanpanReview.build/Debug-iphonesimulator/ReviewData.build/Objects-normal/arm64/ReviewData-OutputFileMap.json (in target 'ReviewData' from project 'KanpanReview')
    cd /Users/mdd/zhk/kanpan-ringtone/KanpanReview
    write-file /Users/mdd/zhk/kanpan-ringtone/DerivedData-ringtone/Build/Intermediates.noindex/KanpanReview.build/Debug-iphonesimulator/ReviewData.build/Objects-normal/arm64/ReviewData-OutputFileMap.json

Copy /Users/mdd/zhk/kanpan-ringtone/DerivedData-ringtone/Build/Intermediates.noindex/GeneratedModuleMaps-iphonesimulator/ReviewData.modulemap /Users/mdd/zhk/kanpan-ringtone/DerivedData-ringtone/Build/Intermediates.noindex/KanpanReview.build/Debug-iphonesimulator/ReviewData.build/ReviewData.modulemap (in target 'ReviewData' from project 'KanpanReview')
    cd /Users/mdd/zhk/kanpan-ringtone/KanpanReview
    builtin-copy -exclude .DS_Store -exclude CVS -exclude .svn -exclude .git -exclude .hg -resolve-src-symlinks /Users/mdd/zhk/kanpan-ringtone/DerivedData-ringtone/Build/Intermediates.noindex/KanpanReview.build/Debug-iphonesimulator/ReviewData.build/ReviewData.modulemap /Users/mdd/zhk/kanpan-ringtone/DerivedData-ringtone/Build/Intermediates.noindex/GeneratedModuleMaps-iphonesimulator

WriteAuxiliaryFile /Users/mdd/zhk/kanpan-ringtone/DerivedData-ringtone/Build/Intermediates.noindex/KanpanNetwork.build/Debug-iphonesimulator/KanpanNetwork.build/Objects-normal/x86_64/KanpanNetwork_const_extract_protocols.json (in target 'KanpanNetwork' from project 'KanpanNetwork')
    cd /Users/mdd/zhk/kanpan-ringtone/KanpanNetwork
    write-file /Users/mdd/zhk/kanpan-ringtone/DerivedData-ringtone/Build/Intermediates.noindex/KanpanNetwork.build/Debug-iphonesimulator/KanpanNetwork.build/Objects-normal/x86_64/KanpanNetwork_const_extract_protocols.json

WriteAuxiliaryFile /Users/mdd/zhk/kanpan-ringtone/DerivedData-ringtone/Build/Intermediates.noindex/KanpanNetwork.build/Debug-iphonesimulator/KanpanNetwork.build/Objects-normal/x86_64/KanpanNetwork.SwiftFileList (in target 'KanpanNetwork' from project 'KanpanNetwork')
    cd /Users/mdd/zhk/kanpan-ringtone/KanpanNetwork
    write-file /Users/mdd/zhk/kanpan-ringtone/DerivedData-ringtone/Build/Intermediates.noindex/KanpanNetwork.build/Debug-iphonesimulator/KanpanNetwork.build/Objects-normal/x86_64/KanpanNetwork.SwiftFileList

WriteAuxiliaryFile /Users/mdd/zhk/kanpan-ringtone/DerivedData-ringtone/Build/Intermediates.noindex/KanpanNetwork.build/Debug-iphonesimulator/KanpanNetwork.build/Objects-normal/x86_64/KanpanNetwork.SwiftConstValuesFileList (in target 'KanpanNetwork' from project 'KanpanNetwork')
    cd /Users/mdd/zhk/kanpan-ringtone/KanpanNetwork
    write-file /Users/mdd/zhk/kanpan-ringtone/DerivedData-ringtone/Build/Intermediates.noindex/KanpanNetwork.build/Debug-iphonesimulator/KanpanNetwork.build/Objects-normal/x86_64/KanpanNetwork.SwiftConstValuesFileList

WriteAuxiliaryFile /Users/mdd/zhk/kanpan-ringtone/DerivedData-ringtone/Build/Intermediates.noindex/KanpanNetwork.build/Debug-iphonesimulator/KanpanNetwork.build/Objects-normal/x86_64/KanpanNetwork.LinkFileList (in target 'KanpanNetwork' from project 'KanpanNetwork')
    cd /Users/mdd/zhk/kanpan-ringtone/KanpanNetwork
    write-file /Users/mdd/zhk/kanpan-ringtone/DerivedData-ringtone/Build/Intermediates.noindex/KanpanNetwork.build/Debug-iphonesimulator/KanpanNetwork.build/Objects-normal/x86_64/KanpanNetwork.LinkFileList

WriteAuxiliaryFile /Users/mdd/zhk/kanpan-ringtone/DerivedData-ringtone/Build/Intermediates.noindex/KanpanNetwork.build/Debug-iphonesimulator/KanpanNetwork.build/Objects-normal/x86_64/KanpanNetwork-OutputFileMap.json (in target 'KanpanNetwork' from project 'KanpanNetwork')
    cd /Users/mdd/zhk/kanpan-ringtone/KanpanNetwork
    write-file /Users/mdd/zhk/kanpan-ringtone/DerivedData-ringtone/Build/Intermediates.noindex/KanpanNetwork.build/Debug-iphonesimulator/KanpanNetwork.build/Objects-normal/x86_64/KanpanNetwork-OutputFileMap.json

WriteAuxiliaryFile /Users/mdd/zhk/kanpan-ringtone/DerivedData-ringtone/Build/Intermediates.noindex/KanpanNetwork.build/Debug-iphonesimulator/KanpanNetwork.build/Objects-normal/arm64/KanpanNetwork_const_extract_protocols.json (in target 'KanpanNetwork' from project 'KanpanNetwork')
    cd /Users/mdd/zhk/kanpan-ringtone/KanpanNetwork
    write-file /Users/mdd/zhk/kanpan-ringtone/DerivedData-ringtone/Build/Intermediates.noindex/KanpanNetwork.build/Debug-iphonesimulator/KanpanNetwork.build/Objects-normal/arm64/KanpanNetwork_const_extract_protocols.json

WriteAuxiliaryFile /Users/mdd/zhk/kanpan-ringtone/DerivedData-ringtone/Build/Intermediates.noindex/KanpanNetwork.build/Debug-iphonesimulator/KanpanNetwork.build/Objects-normal/arm64/KanpanNetwork.SwiftFileList (in target 'KanpanNetwork' from project 'KanpanNetwork')
    cd /Users/mdd/zhk/kanpan-ringtone/KanpanNetwork
    write-file /Users/mdd/zhk/kanpan-ringtone/DerivedData-ringtone/Build/Intermediates.noindex/KanpanNetwork.build/Debug-iphonesimulator/KanpanNetwork.build/Objects-normal/arm64/KanpanNetwork.SwiftFileList

WriteAuxiliaryFile /Users/mdd/zhk/kanpan-ringtone/DerivedData-ringtone/Build/Intermediates.noindex/KanpanNetwork.build/Debug-iphonesimulator/KanpanNetwork.build/Objects-normal/arm64/KanpanNetwork.SwiftConstValuesFileList (in target 'KanpanNetwork' from project 'KanpanNetwork')
    cd /Users/mdd/zhk/kanpan-ringtone/KanpanNetwork
    write-file /Users/mdd/zhk/kanpan-ringtone/DerivedData-ringtone/Build/Intermediates.noindex/KanpanNetwork.build/Debug-iphonesimulator/KanpanNetwork.build/Objects-normal/arm64/KanpanNetwork.SwiftConstValuesFileList

WriteAuxiliaryFile /Users/mdd/zhk/kanpan-ringtone/DerivedData-ringtone/Build/Intermediates.noindex/KanpanNetwork.build/Debug-iphonesimulator/KanpanNetwork.build/Objects-normal/arm64/KanpanNetwork.LinkFileList (in target 'KanpanNetwork' from project 'KanpanNetwork')
    cd /Users/mdd/zhk/kanpan-ringtone/KanpanNetwork
    write-file /Users/mdd/zhk/kanpan-ringtone/DerivedData-ringtone/Build/Intermediates.noindex/KanpanNetwork.build/Debug-iphonesimulator/KanpanNetwork.build/Objects-normal/arm64/KanpanNetwork.LinkFileList

WriteAuxiliaryFile /Users/mdd/zhk/kanpan-ringtone/DerivedData-ringtone/Build/Intermediates.noindex/KanpanNetwork.build/Debug-iphonesimulator/KanpanNetwork.build/Objects-normal/arm64/KanpanNetwork-OutputFileMap.json (in target 'KanpanNetwork' from project 'KanpanNetwork')
    cd /Users/mdd/zhk/kanpan-ringtone/KanpanNetwork
    write-file /Users/mdd/zhk/kanpan-ringtone/DerivedData-ringtone/Build/Intermediates.noindex/KanpanNetwork.build/Debug-iphonesimulator/KanpanNetwork.build/Objects-normal/arm64/KanpanNetwork-OutputFileMap.json

WriteAuxiliaryFile /Users/mdd/zhk/kanpan-ringtone/DerivedData-ringtone/Build/Intermediates.noindex/KanpanNetwork.build/Debug-iphonesimulator/KanpanNetwork.build/KanpanNetwork.modulemap (in target 'KanpanNetwork' from project 'KanpanNetwork')
    cd /Users/mdd/zhk/kanpan-ringtone/KanpanNetwork
    write-file /Users/mdd/zhk/kanpan-ringtone/DerivedData-ringtone/Build/Intermediates.noindex/KanpanNetwork.build/Debug-iphonesimulator/KanpanNetwork.build/KanpanNetwork.modulemap

WriteAuxiliaryFile /Users/mdd/zhk/kanpan-ringtone/DerivedData-ringtone/Build/Intermediates.noindex/KanpanNetwork.build/Debug-iphonesimulator/KanpanNetwork.build/KanpanNetwork.DependencyStaticMetadataFileList (in target 'KanpanNetwork' from project 'KanpanNetwork')
    cd /Users/mdd/zhk/kanpan-ringtone/KanpanNetwork
    write-file /Users/mdd/zhk/kanpan-ringtone/DerivedData-ringtone/Build/Intermediates.noindex/KanpanNetwork.build/Debug-iphonesimulator/KanpanNetwork.build/KanpanNetwork.DependencyStaticMetadataFileList

WriteAuxiliaryFile /Users/mdd/zhk/kanpan-ringtone/DerivedData-ringtone/Build/Intermediates.noindex/KanpanNetwork.build/Debug-iphonesimulator/KanpanNetwork.build/KanpanNetwork.DependencyMetadataFileList (in target 'KanpanNetwork' from project 'KanpanNetwork')
    cd /Users/mdd/zhk/kanpan-ringtone/KanpanNetwork
    write-file /Users/mdd/zhk/kanpan-ringtone/DerivedData-ringtone/Build/Intermediates.noindex/KanpanNetwork.build/Debug-iphonesimulator/KanpanNetwork.build/KanpanNetwork.DependencyMetadataFileList

Copy /Users/mdd/zhk/kanpan-ringtone/DerivedData-ringtone/Build/Intermediates.noindex/GeneratedModuleMaps-iphonesimulator/KanpanNetwork.modulemap /Users/mdd/zhk/kanpan-ringtone/DerivedData-ringtone/Build/Intermediates.noindex/KanpanNetwork.build/Debug-iphonesimulator/KanpanNetwork.build/KanpanNetwork.modulemap (in target 'KanpanNetwork' from project 'KanpanNetwork')
    cd /Users/mdd/zhk/kanpan-ringtone/KanpanNetwork
    builtin-copy -exclude .DS_Store -exclude CVS -exclude .svn -exclude .git -exclude .hg -resolve-src-symlinks /Users/mdd/zhk/kanpan-ringtone/DerivedData-ringtone/Build/Intermediates.noindex/KanpanNetwork.build/Debug-iphonesimulator/KanpanNetwork.build/KanpanNetwork.modulemap /Users/mdd/zhk/kanpan-ringtone/DerivedData-ringtone/Build/Intermediates.noindex/GeneratedModuleMaps-iphonesimulator

WriteAuxiliaryFile /Users/mdd/zhk/kanpan-ringtone/DerivedData-ringtone/Build/Intermediates.noindex/KanpanData.build/Debug-iphonesimulator/KanpanData.build/Objects-normal/x86_64/KanpanData_const_extract_protocols.json (in target 'KanpanData' from project 'KanpanData')
    cd /Users/mdd/zhk/kanpan-ringtone/KanpanData
    write-file /Users/mdd/zhk/kanpan-ringtone/DerivedData-ringtone/Build/Intermediates.noindex/KanpanData.build/Debug-iphonesimulator/KanpanData.build/Objects-normal/x86_64/KanpanData_const_extract_protocols.json

WriteAuxiliaryFile /Users/mdd/zhk/kanpan-ringtone/DerivedData-ringtone/Build/Intermediates.noindex/KanpanData.build/Debug-iphonesimulator/KanpanData.build/Objects-normal/x86_64/KanpanData.SwiftFileList (in target 'KanpanData' from project 'KanpanData')
    cd /Users/mdd/zhk/kanpan-ringtone/KanpanData
    write-file /Users/mdd/zhk/kanpan-ringtone/DerivedData-ringtone/Build/Intermediates.noindex/KanpanData.build/Debug-iphonesimulator/KanpanData.build/Objects-normal/x86_64/KanpanData.SwiftFileList

WriteAuxiliaryFile /Users/mdd/zhk/kanpan-ringtone/DerivedData-ringtone/Build/Intermediates.noindex/KanpanData.build/Debug-iphonesimulator/KanpanData.build/Objects-normal/x86_64/KanpanData.SwiftConstValuesFileList (in target 'KanpanData' from project 'KanpanData')
    cd /Users/mdd/zhk/kanpan-ringtone/KanpanData
    write-file /Users/mdd/zhk/kanpan-ringtone/DerivedData-ringtone/Build/Intermediates.noindex/KanpanData.build/Debug-iphonesimulator/KanpanData.build/Objects-normal/x86_64/KanpanData.SwiftConstValuesFileList

WriteAuxiliaryFile /Users/mdd/zhk/kanpan-ringtone/DerivedData-ringtone/Build/Intermediates.noindex/KanpanData.build/Debug-iphonesimulator/KanpanData.build/Objects-normal/x86_64/KanpanData.LinkFileList (in target 'KanpanData' from project 'KanpanData')
    cd /Users/mdd/zhk/kanpan-ringtone/KanpanData
    write-file /Users/mdd/zhk/kanpan-ringtone/DerivedData-ringtone/Build/Intermediates.noindex/KanpanData.build/Debug-iphonesimulator/KanpanData.build/Objects-normal/x86_64/KanpanData.LinkFileList

WriteAuxiliaryFile /Users/mdd/zhk/kanpan-ringtone/DerivedData-ringtone/Build/Intermediates.noindex/KanpanData.build/Debug-iphonesimulator/KanpanData.build/Objects-normal/x86_64/KanpanData-OutputFileMap.json (in target 'KanpanData' from project 'KanpanData')
    cd /Users/mdd/zhk/kanpan-ringtone/KanpanData
    write-file /Users/mdd/zhk/kanpan-ringtone/DerivedData-ringtone/Build/Intermediates.noindex/KanpanData.build/Debug-iphonesimulator/KanpanData.build/Objects-normal/x86_64/KanpanData-OutputFileMap.json

WriteAuxiliaryFile /Users/mdd/zhk/kanpan-ringtone/DerivedData-ringtone/Build/Intermediates.noindex/KanpanData.build/Debug-iphonesimulator/KanpanData.build/Objects-normal/arm64/KanpanData_const_extract_protocols.json (in target 'KanpanData' from project 'KanpanData')
    cd /Users/mdd/zhk/kanpan-ringtone/KanpanData
    write-file /Users/mdd/zhk/kanpan-ringtone/DerivedData-ringtone/Build/Intermediates.noindex/KanpanData.build/Debug-iphonesimulator/KanpanData.build/Objects-normal/arm64/KanpanData_const_extract_protocols.json

WriteAuxiliaryFile /Users/mdd/zhk/kanpan-ringtone/DerivedData-ringtone/Build/Intermediates.noindex/KanpanData.build/Debug-iphonesimulator/KanpanData.build/Objects-normal/arm64/KanpanData.SwiftFileList (in target 'KanpanData' from project 'KanpanData')
    cd /Users/mdd/zhk/kanpan-ringtone/KanpanData
    write-file /Users/mdd/zhk/kanpan-ringtone/DerivedData-ringtone/Build/Intermediates.noindex/KanpanData.build/Debug-iphonesimulator/KanpanData.build/Objects-normal/arm64/KanpanData.SwiftFileList

WriteAuxiliaryFile /Users/mdd/zhk/kanpan-ringtone/DerivedData-ringtone/Build/Intermediates.noindex/KanpanData.build/Debug-iphonesimulator/KanpanData.build/Objects-normal/arm64/KanpanData.SwiftConstValuesFileList (in target 'KanpanData' from project 'KanpanData')
    cd /Users/mdd/zhk/kanpan-ringtone/KanpanData
    write-file /Users/mdd/zhk/kanpan-ringtone/DerivedData-ringtone/Build/Intermediates.noindex/KanpanData.build/Debug-iphonesimulator/KanpanData.build/Objects-normal/arm64/KanpanData.SwiftConstValuesFileList

WriteAuxiliaryFile /Users/mdd/zhk/kanpan-ringtone/DerivedData-ringtone/Build/Intermediates.noindex/KanpanData.build/Debug-iphonesimulator/KanpanData.build/Objects-normal/arm64/KanpanData.LinkFileList (in target 'KanpanData' from project 'KanpanData')
    cd /Users/mdd/zhk/kanpan-ringtone/KanpanData
    write-file /Users/mdd/zhk/kanpan-ringtone/DerivedData-ringtone/Build/Intermediates.noindex/KanpanData.build/Debug-iphonesimulator/KanpanData.build/Objects-normal/arm64/KanpanData.LinkFileList

WriteAuxiliaryFile /Users/mdd/zhk/kanpan-ringtone/DerivedData-ringtone/Build/Intermediates.noindex/KanpanData.build/Debug-iphonesimulator/KanpanData.build/Objects-normal/arm64/KanpanData-OutputFileMap.json (in target 'KanpanData' from project 'KanpanData')
    cd /Users/mdd/zhk/kanpan-ringtone/KanpanData
    write-file /Users/mdd/zhk/kanpan-ringtone/DerivedData-ringtone/Build/Intermediates.noindex/KanpanData.build/Debug-iphonesimulator/KanpanData.build/Objects-normal/arm64/KanpanData-OutputFileMap.json

WriteAuxiliaryFile /Users/mdd/zhk/kanpan-ringtone/DerivedData-ringtone/Build/Intermediates.noindex/KanpanData.build/Debug-iphonesimulator/KanpanData.build/KanpanData.modulemap (in target 'KanpanData' from project 'KanpanData')
    cd /Users/mdd/zhk/kanpan-ringtone/KanpanData
    write-file /Users/mdd/zhk/kanpan-ringtone/DerivedData-ringtone/Build/Intermediates.noindex/KanpanData.build/Debug-iphonesimulator/KanpanData.build/KanpanData.modulemap

WriteAuxiliaryFile /Users/mdd/zhk/kanpan-ringtone/DerivedData-ringtone/Build/Intermediates.noindex/KanpanData.build/Debug-iphonesimulator/KanpanData.build/KanpanData.DependencyStaticMetadataFileList (in target 'KanpanData' from project 'KanpanData')
    cd /Users/mdd/zhk/kanpan-ringtone/KanpanData
    write-file /Users/mdd/zhk/kanpan-ringtone/DerivedData-ringtone/Build/Intermediates.noindex/KanpanData.build/Debug-iphonesimulator/KanpanData.build/KanpanData.DependencyStaticMetadataFileList

WriteAuxiliaryFile /Users/mdd/zhk/kanpan-ringtone/DerivedData-ringtone/Build/Intermediates.noindex/KanpanData.build/Debug-iphonesimulator/KanpanData.build/KanpanData.DependencyMetadataFileList (in target 'KanpanData' from project 'KanpanData')
    cd /Users/mdd/zhk/kanpan-ringtone/KanpanData
    write-file /Users/mdd/zhk/kanpan-ringtone/DerivedData-ringtone/Build/Intermediates.noindex/KanpanData.build/Debug-iphonesimulator/KanpanData.build/KanpanData.DependencyMetadataFileList

Copy /Users/mdd/zhk/kanpan-ringtone/DerivedData-ringtone/Build/Intermediates.noindex/GeneratedModuleMaps-iphonesimulator/KanpanData.modulemap /Users/mdd/zhk/kanpan-ringtone/DerivedData-ringtone/Build/Intermediates.noindex/KanpanData.build/Debug-iphonesimulator/KanpanData.build/KanpanData.modulemap (in target 'KanpanData' from project 'KanpanData')
    cd /Users/mdd/zhk/kanpan-ringtone/KanpanData
    builtin-copy -exclude .DS_Store -exclude CVS -exclude .svn -exclude .git -exclude .hg -resolve-src-symlinks /Users/mdd/zhk/kanpan-ringtone/DerivedData-ringtone/Build/Intermediates.noindex/KanpanData.build/Debug-iphonesimulator/KanpanData.build/KanpanData.modulemap /Users/mdd/zhk/kanpan-ringtone/DerivedData-ringtone/Build/Intermediates.noindex/GeneratedModuleMaps-iphonesimulator

WriteAuxiliaryFile /Users/mdd/zhk/kanpan-ringtone/DerivedData-ringtone/Build/Intermediates.noindex/KanpanCore.build/Debug-iphonesimulator/KanpanCore.build/Objects-normal/x86_64/KanpanCore_const_extract_protocols.json (in target 'KanpanCore' from project 'KanpanCore')
    cd /Users/mdd/zhk/kanpan-ringtone/KanpanCore
    write-file /Users/mdd/zhk/kanpan-ringtone/DerivedData-ringtone/Build/Intermediates.noindex/KanpanCore.build/Debug-iphonesimulator/KanpanCore.build/Objects-normal/x86_64/KanpanCore_const_extract_protocols.json

WriteAuxiliaryFile /Users/mdd/zhk/kanpan-ringtone/DerivedData-ringtone/Build/Intermediates.noindex/KanpanCore.build/Debug-iphonesimulator/KanpanCore.build/Objects-normal/x86_64/KanpanCore.SwiftFileList (in target 'KanpanCore' from project 'KanpanCore')
    cd /Users/mdd/zhk/kanpan-ringtone/KanpanCore
    write-file /Users/mdd/zhk/kanpan-ringtone/DerivedData-ringtone/Build/Intermediates.noindex/KanpanCore.build/Debug-iphonesimulator/KanpanCore.build/Objects-normal/x86_64/KanpanCore.SwiftFileList

WriteAuxiliaryFile /Users/mdd/zhk/kanpan-ringtone/DerivedData-ringtone/Build/Intermediates.noindex/KanpanCore.build/Debug-iphonesimulator/KanpanCore.build/Objects-normal/x86_64/KanpanCore.SwiftConstValuesFileList (in target 'KanpanCore' from project 'KanpanCore')
    cd /Users/mdd/zhk/kanpan-ringtone/KanpanCore
    write-file /Users/mdd/zhk/kanpan-ringtone/DerivedData-ringtone/Build/Intermediates.noindex/KanpanCore.build/Debug-iphonesimulator/KanpanCore.build/Objects-normal/x86_64/KanpanCore.SwiftConstValuesFileList

WriteAuxiliaryFile /Users/mdd/zhk/kanpan-ringtone/DerivedData-ringtone/Build/Intermediates.noindex/KanpanCore.build/Debug-iphonesimulator/KanpanCore.build/Objects-normal/x86_64/KanpanCore.LinkFileList (in target 'KanpanCore' from project 'KanpanCore')
    cd /Users/mdd/zhk/kanpan-ringtone/KanpanCore
    write-file /Users/mdd/zhk/kanpan-ringtone/DerivedData-ringtone/Build/Intermediates.noindex/KanpanCore.build/Debug-iphonesimulator/KanpanCore.build/Objects-normal/x86_64/KanpanCore.LinkFileList

WriteAuxiliaryFile /Users/mdd/zhk/kanpan-ringtone/DerivedData-ringtone/Build/Intermediates.noindex/KanpanCore.build/Debug-iphonesimulator/KanpanCore.build/Objects-normal/x86_64/KanpanCore-OutputFileMap.json (in target 'KanpanCore' from project 'KanpanCore')
    cd /Users/mdd/zhk/kanpan-ringtone/KanpanCore
    write-file /Users/mdd/zhk/kanpan-ringtone/DerivedData-ringtone/Build/Intermediates.noindex/KanpanCore.build/Debug-iphonesimulator/KanpanCore.build/Objects-normal/x86_64/KanpanCore-OutputFileMap.json

WriteAuxiliaryFile /Users/mdd/zhk/kanpan-ringtone/DerivedData-ringtone/Build/Intermediates.noindex/KanpanCore.build/Debug-iphonesimulator/KanpanCore.build/Objects-normal/arm64/KanpanCore_const_extract_protocols.json (in target 'KanpanCore' from project 'KanpanCore')
    cd /Users/mdd/zhk/kanpan-ringtone/KanpanCore
    write-file /Users/mdd/zhk/kanpan-ringtone/DerivedData-ringtone/Build/Intermediates.noindex/KanpanCore.build/Debug-iphonesimulator/KanpanCore.build/Objects-normal/arm64/KanpanCore_const_extract_protocols.json

WriteAuxiliaryFile /Users/mdd/zhk/kanpan-ringtone/DerivedData-ringtone/Build/Intermediates.noindex/KanpanCore.build/Debug-iphonesimulator/KanpanCore.build/Objects-normal/arm64/KanpanCore.SwiftFileList (in target 'KanpanCore' from project 'KanpanCore')
    cd /Users/mdd/zhk/kanpan-ringtone/KanpanCore
    write-file /Users/mdd/zhk/kanpan-ringtone/DerivedData-ringtone/Build/Intermediates.noindex/KanpanCore.build/Debug-iphonesimulator/KanpanCore.build/Objects-normal/arm64/KanpanCore.SwiftFileList

WriteAuxiliaryFile /Users/mdd/zhk/kanpan-ringtone/DerivedData-ringtone/Build/Intermediates.noindex/KanpanCore.build/Debug-iphonesimulator/KanpanCore.build/Objects-normal/arm64/KanpanCore.SwiftConstValuesFileList (in target 'KanpanCore' from project 'KanpanCore')
    cd /Users/mdd/zhk/kanpan-ringtone/KanpanCore
    write-file /Users/mdd/zhk/kanpan-ringtone/DerivedData-ringtone/Build/Intermediates.noindex/KanpanCore.build/Debug-iphonesimulator/KanpanCore.build/Objects-normal/arm64/KanpanCore.SwiftConstValuesFileList

WriteAuxiliaryFile /Users/mdd/zhk/kanpan-ringtone/DerivedData-ringtone/Build/Intermediates.noindex/KanpanCore.build/Debug-iphonesimulator/KanpanCore.build/Objects-normal/arm64/KanpanCore.LinkFileList (in target 'KanpanCore' from project 'KanpanCore')
    cd /Users/mdd/zhk/kanpan-ringtone/KanpanCore
    write-file /Users/mdd/zhk/kanpan-ringtone/DerivedData-ringtone/Build/Intermediates.noindex/KanpanCore.build/Debug-iphonesimulator/KanpanCore.build/Objects-normal/arm64/KanpanCore.LinkFileList

WriteAuxiliaryFile /Users/mdd/zhk/kanpan-ringtone/DerivedData-ringtone/Build/Intermediates.noindex/KanpanCore.build/Debug-iphonesimulator/KanpanCore.build/Objects-normal/arm64/KanpanCore-OutputFileMap.json (in target 'KanpanCore' from project 'KanpanCore')
    cd /Users/mdd/zhk/kanpan-ringtone/KanpanCore
    write-file /Users/mdd/zhk/kanpan-ringtone/DerivedData-ringtone/Build/Intermediates.noindex/KanpanCore.build/Debug-iphonesimulator/KanpanCore.build/Objects-normal/arm64/KanpanCore-OutputFileMap.json

WriteAuxiliaryFile /Users/mdd/zhk/kanpan-ringtone/DerivedData-ringtone/Build/Intermediates.noindex/KanpanCore.build/Debug-iphonesimulator/KanpanCore.build/KanpanCore.modulemap (in target 'KanpanCore' from project 'KanpanCore')
    cd /Users/mdd/zhk/kanpan-ringtone/KanpanCore
    write-file /Users/mdd/zhk/kanpan-ringtone/DerivedData-ringtone/Build/Intermediates.noindex/KanpanCore.build/Debug-iphonesimulator/KanpanCore.build/KanpanCore.modulemap

WriteAuxiliaryFile /Users/mdd/zhk/kanpan-ringtone/DerivedData-ringtone/Build/Intermediates.noindex/KanpanCore.build/Debug-iphonesimulator/KanpanCore.build/KanpanCore.DependencyStaticMetadataFileList (in target 'KanpanCore' from project 'KanpanCore')
    cd /Users/mdd/zhk/kanpan-ringtone/KanpanCore
    write-file /Users/mdd/zhk/kanpan-ringtone/DerivedData-ringtone/Build/Intermediates.noindex/KanpanCore.build/Debug-iphonesimulator/KanpanCore.build/KanpanCore.DependencyStaticMetadataFileList

WriteAuxiliaryFile /Users/mdd/zhk/kanpan-ringtone/DerivedData-ringtone/Build/Intermediates.noindex/KanpanCore.build/Debug-iphonesimulator/KanpanCore.build/KanpanCore.DependencyMetadataFileList (in target 'KanpanCore' from project 'KanpanCore')
    cd /Users/mdd/zhk/kanpan-ringtone/KanpanCore
    write-file /Users/mdd/zhk/kanpan-ringtone/DerivedData-ringtone/Build/Intermediates.noindex/KanpanCore.build/Debug-iphonesimulator/KanpanCore.build/KanpanCore.DependencyMetadataFileList

Copy /Users/mdd/zhk/kanpan-ringtone/DerivedData-ringtone/Build/Intermediates.noindex/GeneratedModuleMaps-iphonesimulator/KanpanCore.modulemap /Users/mdd/zhk/kanpan-ringtone/DerivedData-ringtone/Build/Intermediates.noindex/KanpanCore.build/Debug-iphonesimulator/KanpanCore.build/KanpanCore.modulemap (in target 'KanpanCore' from project 'KanpanCore')
    cd /Users/mdd/zhk/kanpan-ringtone/KanpanCore
    builtin-copy -exclude .DS_Store -exclude CVS -exclude .svn -exclude .git -exclude .hg -resolve-src-symlinks /Users/mdd/zhk/kanpan-ringtone/DerivedData-ringtone/Build/Intermediates.noindex/KanpanCore.build/Debug-iphonesimulator/KanpanCore.build/KanpanCore.modulemap /Users/mdd/zhk/kanpan-ringtone/DerivedData-ringtone/Build/Intermediates.noindex/GeneratedModuleMaps-iphonesimulator

WriteAuxiliaryFile /Users/mdd/zhk/kanpan-ringtone/DerivedData-ringtone/Build/Intermediates.noindex/KanpanChart.build/Debug-iphonesimulator/KanpanChart.build/Objects-normal/x86_64/KanpanChart.SwiftFileList (in target 'KanpanChart' from project 'KanpanChart')
    cd /Users/mdd/zhk/kanpan-ringtone/KanpanChart
    write-file /Users/mdd/zhk/kanpan-ringtone/DerivedData-ringtone/Build/Intermediates.noindex/KanpanChart.build/Debug-iphonesimulator/KanpanChart.build/Objects-normal/x86_64/KanpanChart.SwiftFileList

WriteAuxiliaryFile /Users/mdd/zhk/kanpan-ringtone/DerivedData-ringtone/Build/Intermediates.noindex/KanpanChart.build/Debug-iphonesimulator/KanpanChart.build/Objects-normal/x86_64/KanpanChart_const_extract_protocols.json (in target 'KanpanChart' from project 'KanpanChart')
    cd /Users/mdd/zhk/kanpan-ringtone/KanpanChart
    write-file /Users/mdd/zhk/kanpan-ringtone/DerivedData-ringtone/Build/Intermediates.noindex/KanpanChart.build/Debug-iphonesimulator/KanpanChart.build/Objects-normal/x86_64/KanpanChart_const_extract_protocols.json

WriteAuxiliaryFile /Users/mdd/zhk/kanpan-ringtone/DerivedData-ringtone/Build/Intermediates.noindex/KanpanChart.build/Debug-iphonesimulator/KanpanChart.build/Objects-normal/x86_64/KanpanChart.SwiftConstValuesFileList (in target 'KanpanChart' from project 'KanpanChart')
    cd /Users/mdd/zhk/kanpan-ringtone/KanpanChart
    write-file /Users/mdd/zhk/kanpan-ringtone/DerivedData-ringtone/Build/Intermediates.noindex/KanpanChart.build/Debug-iphonesimulator/KanpanChart.build/Objects-normal/x86_64/KanpanChart.SwiftConstValuesFileList

WriteAuxiliaryFile /Users/mdd/zhk/kanpan-ringtone/DerivedData-ringtone/Build/Intermediates.noindex/KanpanChart.build/Debug-iphonesimulator/KanpanChart.build/Objects-normal/x86_64/KanpanChart.LinkFileList (in target 'KanpanChart' from project 'KanpanChart')
    cd /Users/mdd/zhk/kanpan-ringtone/KanpanChart
    write-file /Users/mdd/zhk/kanpan-ringtone/DerivedData-ringtone/Build/Intermediates.noindex/KanpanChart.build/Debug-iphonesimulator/KanpanChart.build/Objects-normal/x86_64/KanpanChart.LinkFileList

WriteAuxiliaryFile /Users/mdd/zhk/kanpan-ringtone/DerivedData-ringtone/Build/Intermediates.noindex/KanpanChart.build/Debug-iphonesimulator/KanpanChart.build/Objects-normal/x86_64/KanpanChart-OutputFileMap.json (in target 'KanpanChart' from project 'KanpanChart')
    cd /Users/mdd/zhk/kanpan-ringtone/KanpanChart
    write-file /Users/mdd/zhk/kanpan-ringtone/DerivedData-ringtone/Build/Intermediates.noindex/KanpanChart.build/Debug-iphonesimulator/KanpanChart.build/Objects-normal/x86_64/KanpanChart-OutputFileMap.json

WriteAuxiliaryFile /Users/mdd/zhk/kanpan-ringtone/DerivedData-ringtone/Build/Intermediates.noindex/KanpanChart.build/Debug-iphonesimulator/KanpanChart.build/Objects-normal/arm64/KanpanChart_const_extract_protocols.json (in target 'KanpanChart' from project 'KanpanChart')
    cd /Users/mdd/zhk/kanpan-ringtone/KanpanChart
    write-file /Users/mdd/zhk/kanpan-ringtone/DerivedData-ringtone/Build/Intermediates.noindex/KanpanChart.build/Debug-iphonesimulator/KanpanChart.build/Objects-normal/arm64/KanpanChart_const_extract_protocols.json

WriteAuxiliaryFile /Users/mdd/zhk/kanpan-ringtone/DerivedData-ringtone/Build/Intermediates.noindex/KanpanChart.build/Debug-iphonesimulator/KanpanChart.build/Objects-normal/arm64/KanpanChart.SwiftFileList (in target 'KanpanChart' from project 'KanpanChart')
    cd /Users/mdd/zhk/kanpan-ringtone/KanpanChart
    write-file /Users/mdd/zhk/kanpan-ringtone/DerivedData-ringtone/Build/Intermediates.noindex/KanpanChart.build/Debug-iphonesimulator/KanpanChart.build/Objects-normal/arm64/KanpanChart.SwiftFileList

WriteAuxiliaryFile /Users/mdd/zhk/kanpan-ringtone/DerivedData-ringtone/Build/Intermediates.noindex/KanpanChart.build/Debug-iphonesimulator/KanpanChart.build/Objects-normal/arm64/KanpanChart.SwiftConstValuesFileList (in target 'KanpanChart' from project 'KanpanChart')
    cd /Users/mdd/zhk/kanpan-ringtone/KanpanChart
    write-file /Users/mdd/zhk/kanpan-ringtone/DerivedData-ringtone/Build/Intermediates.noindex/KanpanChart.build/Debug-iphonesimulator/KanpanChart.build/Objects-normal/arm64/KanpanChart.SwiftConstValuesFileList

WriteAuxiliaryFile /Users/mdd/zhk/kanpan-ringtone/DerivedData-ringtone/Build/Intermediates.noindex/KanpanChart.build/Debug-iphonesimulator/KanpanChart.build/Objects-normal/arm64/KanpanChart.LinkFileList (in target 'KanpanChart' from project 'KanpanChart')
    cd /Users/mdd/zhk/kanpan-ringtone/KanpanChart
    write-file /Users/mdd/zhk/kanpan-ringtone/DerivedData-ringtone/Build/Intermediates.noindex/KanpanChart.build/Debug-iphonesimulator/KanpanChart.build/Objects-normal/arm64/KanpanChart.LinkFileList

WriteAuxiliaryFile /Users/mdd/zhk/kanpan-ringtone/DerivedData-ringtone/Build/Intermediates.noindex/KanpanChart.build/Debug-iphonesimulator/KanpanChart.build/Objects-normal/arm64/KanpanChart-OutputFileMap.json (in target 'KanpanChart' from project 'KanpanChart')
    cd /Users/mdd/zhk/kanpan-ringtone/KanpanChart
    write-file /Users/mdd/zhk/kanpan-ringtone/DerivedData-ringtone/Build/Intermediates.noindex/KanpanChart.build/Debug-iphonesimulator/KanpanChart.build/Objects-normal/arm64/KanpanChart-OutputFileMap.json

WriteAuxiliaryFile /Users/mdd/zhk/kanpan-ringtone/DerivedData-ringtone/Build/Intermediates.noindex/KanpanChart.build/Debug-iphonesimulator/KanpanChart.build/KanpanChart.modulemap (in target 'KanpanChart' from project 'KanpanChart')
    cd /Users/mdd/zhk/kanpan-ringtone/KanpanChart
    write-file /Users/mdd/zhk/kanpan-ringtone/DerivedData-ringtone/Build/Intermediates.noindex/KanpanChart.build/Debug-iphonesimulator/KanpanChart.build/KanpanChart.modulemap

WriteAuxiliaryFile /Users/mdd/zhk/kanpan-ringtone/DerivedData-ringtone/Build/Intermediates.noindex/KanpanChart.build/Debug-iphonesimulator/KanpanChart.build/KanpanChart.DependencyStaticMetadataFileList (in target 'KanpanChart' from project 'KanpanChart')
    cd /Users/mdd/zhk/kanpan-ringtone/KanpanChart
    write-file /Users/mdd/zhk/kanpan-ringtone/DerivedData-ringtone/Build/Intermediates.noindex/KanpanChart.build/Debug-iphonesimulator/KanpanChart.build/KanpanChart.DependencyStaticMetadataFileList

WriteAuxiliaryFile /Users/mdd/zhk/kanpan-ringtone/DerivedData-ringtone/Build/Intermediates.noindex/KanpanChart.build/Debug-iphonesimulator/KanpanChart.build/KanpanChart.DependencyMetadataFileList (in target 'KanpanChart' from project 'KanpanChart')
    cd /Users/mdd/zhk/kanpan-ringtone/KanpanChart
    write-file /Users/mdd/zhk/kanpan-ringtone/DerivedData-ringtone/Build/Intermediates.noindex/KanpanChart.build/Debug-iphonesimulator/KanpanChart.build/KanpanChart.DependencyMetadataFileList

Copy /Users/mdd/zhk/kanpan-ringtone/DerivedData-ringtone/Build/Intermediates.noindex/GeneratedModuleMaps-iphonesimulator/KanpanChart.modulemap /Users/mdd/zhk/kanpan-ringtone/DerivedData-ringtone/Build/Intermediates.noindex/KanpanChart.build/Debug-iphonesimulator/KanpanChart.build/KanpanChart.modulemap (in target 'KanpanChart' from project 'KanpanChart')
    cd /Users/mdd/zhk/kanpan-ringtone/KanpanChart
    builtin-copy -exclude .DS_Store -exclude CVS -exclude .svn -exclude .git -exclude .hg -resolve-src-symlinks /Users/mdd/zhk/kanpan-ringtone/DerivedData-ringtone/Build/Intermediates.noindex/KanpanChart.build/Debug-iphonesimulator/KanpanChart.build/KanpanChart.modulemap /Users/mdd/zhk/kanpan-ringtone/DerivedData-ringtone/Build/Intermediates.noindex/GeneratedModuleMaps-iphonesimulator

WriteAuxiliaryFile /Users/mdd/zhk/kanpan-ringtone/DerivedData-ringtone/Build/Intermediates.noindex/KanpanAccount.build/Debug-iphonesimulator/KanpanAccount.build/Objects-normal/x86_64/KanpanAccount_const_extract_protocols.json (in target 'KanpanAccount' from project 'KanpanAccount')
    cd /Users/mdd/zhk/kanpan-ringtone/KanpanAccount
    write-file /Users/mdd/zhk/kanpan-ringtone/DerivedData-ringtone/Build/Intermediates.noindex/KanpanAccount.build/Debug-iphonesimulator/KanpanAccount.build/Objects-normal/x86_64/KanpanAccount_const_extract_protocols.json

WriteAuxiliaryFile /Users/mdd/zhk/kanpan-ringtone/DerivedData-ringtone/Build/Intermediates.noindex/KanpanAccount.build/Debug-iphonesimulator/KanpanAccount.build/Objects-normal/x86_64/KanpanAccount.SwiftFileList (in target 'KanpanAccount' from project 'KanpanAccount')
    cd /Users/mdd/zhk/kanpan-ringtone/KanpanAccount
    write-file /Users/mdd/zhk/kanpan-ringtone/DerivedData-ringtone/Build/Intermediates.noindex/KanpanAccount.build/Debug-iphonesimulator/KanpanAccount.build/Objects-normal/x86_64/KanpanAccount.SwiftFileList

WriteAuxiliaryFile /Users/mdd/zhk/kanpan-ringtone/DerivedData-ringtone/Build/Intermediates.noindex/KanpanAccount.build/Debug-iphonesimulator/KanpanAccount.build/Objects-normal/x86_64/KanpanAccount.SwiftConstValuesFileList (in target 'KanpanAccount' from project 'KanpanAccount')
    cd /Users/mdd/zhk/kanpan-ringtone/KanpanAccount
    write-file /Users/mdd/zhk/kanpan-ringtone/DerivedData-ringtone/Build/Intermediates.noindex/KanpanAccount.build/Debug-iphonesimulator/KanpanAccount.build/Objects-normal/x86_64/KanpanAccount.SwiftConstValuesFileList

WriteAuxiliaryFile /Users/mdd/zhk/kanpan-ringtone/DerivedData-ringtone/Build/Intermediates.noindex/KanpanAccount.build/Debug-iphonesimulator/KanpanAccount.build/Objects-normal/x86_64/KanpanAccount.LinkFileList (in target 'KanpanAccount' from project 'KanpanAccount')
    cd /Users/mdd/zhk/kanpan-ringtone/KanpanAccount
    write-file /Users/mdd/zhk/kanpan-ringtone/DerivedData-ringtone/Build/Intermediates.noindex/KanpanAccount.build/Debug-iphonesimulator/KanpanAccount.build/Objects-normal/x86_64/KanpanAccount.LinkFileList

WriteAuxiliaryFile /Users/mdd/zhk/kanpan-ringtone/DerivedData-ringtone/Build/Intermediates.noindex/KanpanAccount.build/Debug-iphonesimulator/KanpanAccount.build/Objects-normal/x86_64/KanpanAccount-OutputFileMap.json (in target 'KanpanAccount' from project 'KanpanAccount')
    cd /Users/mdd/zhk/kanpan-ringtone/KanpanAccount
    write-file /Users/mdd/zhk/kanpan-ringtone/DerivedData-ringtone/Build/Intermediates.noindex/KanpanAccount.build/Debug-iphonesimulator/KanpanAccount.build/Objects-normal/x86_64/KanpanAccount-OutputFileMap.json

WriteAuxiliaryFile /Users/mdd/zhk/kanpan-ringtone/DerivedData-ringtone/Build/Intermediates.noindex/KanpanAccount.build/Debug-iphonesimulator/KanpanAccount.build/Objects-normal/arm64/KanpanAccount_const_extract_protocols.json (in target 'KanpanAccount' from project 'KanpanAccount')
    cd /Users/mdd/zhk/kanpan-ringtone/KanpanAccount
    write-file /Users/mdd/zhk/kanpan-ringtone/DerivedData-ringtone/Build/Intermediates.noindex/KanpanAccount.build/Debug-iphonesimulator/KanpanAccount.build/Objects-normal/arm64/KanpanAccount_const_extract_protocols.json

WriteAuxiliaryFile /Users/mdd/zhk/kanpan-ringtone/DerivedData-ringtone/Build/Intermediates.noindex/KanpanAccount.build/Debug-iphonesimulator/KanpanAccount.build/Objects-normal/arm64/KanpanAccount.SwiftFileList (in target 'KanpanAccount' from project 'KanpanAccount')
    cd /Users/mdd/zhk/kanpan-ringtone/KanpanAccount
    write-file /Users/mdd/zhk/kanpan-ringtone/DerivedData-ringtone/Build/Intermediates.noindex/KanpanAccount.build/Debug-iphonesimulator/KanpanAccount.build/Objects-normal/arm64/KanpanAccount.SwiftFileList

WriteAuxiliaryFile /Users/mdd/zhk/kanpan-ringtone/DerivedData-ringtone/Build/Intermediates.noindex/KanpanAccount.build/Debug-iphonesimulator/KanpanAccount.build/Objects-normal/arm64/KanpanAccount.SwiftConstValuesFileList (in target 'KanpanAccount' from project 'KanpanAccount')
    cd /Users/mdd/zhk/kanpan-ringtone/KanpanAccount
    write-file /Users/mdd/zhk/kanpan-ringtone/DerivedData-ringtone/Build/Intermediates.noindex/KanpanAccount.build/Debug-iphonesimulator/KanpanAccount.build/Objects-normal/arm64/KanpanAccount.SwiftConstValuesFileList

WriteAuxiliaryFile /Users/mdd/zhk/kanpan-ringtone/DerivedData-ringtone/Build/Intermediates.noindex/KanpanAccount.build/Debug-iphonesimulator/KanpanAccount.build/Objects-normal/arm64/KanpanAccount.LinkFileList (in target 'KanpanAccount' from project 'KanpanAccount')
    cd /Users/mdd/zhk/kanpan-ringtone/KanpanAccount
    write-file /Users/mdd/zhk/kanpan-ringtone/DerivedData-ringtone/Build/Intermediates.noindex/KanpanAccount.build/Debug-iphonesimulator/KanpanAccount.build/Objects-normal/arm64/KanpanAccount.LinkFileList

WriteAuxiliaryFile /Users/mdd/zhk/kanpan-ringtone/DerivedData-ringtone/Build/Intermediates.noindex/KanpanAccount.build/Debug-iphonesimulator/KanpanAccount.build/Objects-normal/arm64/KanpanAccount-OutputFileMap.json (in target 'KanpanAccount' from project 'KanpanAccount')
    cd /Users/mdd/zhk/kanpan-ringtone/KanpanAccount
    write-file /Users/mdd/zhk/kanpan-ringtone/DerivedData-ringtone/Build/Intermediates.noindex/KanpanAccount.build/Debug-iphonesimulator/KanpanAccount.build/Objects-normal/arm64/KanpanAccount-OutputFileMap.json

WriteAuxiliaryFile /Users/mdd/zhk/kanpan-ringtone/DerivedData-ringtone/Build/Intermediates.noindex/KanpanAccount.build/Debug-iphonesimulator/KanpanAccount.build/KanpanAccount.modulemap (in target 'KanpanAccount' from project 'KanpanAccount')
    cd /Users/mdd/zhk/kanpan-ringtone/KanpanAccount
    write-file /Users/mdd/zhk/kanpan-ringtone/DerivedData-ringtone/Build/Intermediates.noindex/KanpanAccount.build/Debug-iphonesimulator/KanpanAccount.build/KanpanAccount.modulemap

WriteAuxiliaryFile /Users/mdd/zhk/kanpan-ringtone/DerivedData-ringtone/Build/Intermediates.noindex/KanpanAccount.build/Debug-iphonesimulator/KanpanAccount.build/KanpanAccount.DependencyStaticMetadataFileList (in target 'KanpanAccount' from project 'KanpanAccount')
    cd /Users/mdd/zhk/kanpan-ringtone/KanpanAccount
    write-file /Users/mdd/zhk/kanpan-ringtone/DerivedData-ringtone/Build/Intermediates.noindex/KanpanAccount.build/Debug-iphonesimulator/KanpanAccount.build/KanpanAccount.DependencyStaticMetadataFileList

WriteAuxiliaryFile /Users/mdd/zhk/kanpan-ringtone/DerivedData-ringtone/Build/Intermediates.noindex/KanpanAccount.build/Debug-iphonesimulator/KanpanAccount.build/KanpanAccount.DependencyMetadataFileList (in target 'KanpanAccount' from project 'KanpanAccount')
    cd /Users/mdd/zhk/kanpan-ringtone/KanpanAccount
    write-file /Users/mdd/zhk/kanpan-ringtone/DerivedData-ringtone/Build/Intermediates.noindex/KanpanAccount.build/Debug-iphonesimulator/KanpanAccount.build/KanpanAccount.DependencyMetadataFileList

WriteAuxiliaryFile /Users/mdd/zhk/kanpan-ringtone/DerivedData-ringtone/Build/Intermediates.noindex/Kanpan.build/Debug-iphonesimulator/Kanpan.build/Objects-normal/x86_64/Kanpan_const_extract_protocols.json (in target 'Kanpan' from project 'Kanpan')
    cd /Users/mdd/zhk/kanpan-ringtone/Kanpan
    write-file /Users/mdd/zhk/kanpan-ringtone/DerivedData-ringtone/Build/Intermediates.noindex/Kanpan.build/Debug-iphonesimulator/Kanpan.build/Objects-normal/x86_64/Kanpan_const_extract_protocols.json

WriteAuxiliaryFile /Users/mdd/zhk/kanpan-ringtone/DerivedData-ringtone/Build/Intermediates.noindex/Kanpan.build/Debug-iphonesimulator/Kanpan.build/Objects-normal/x86_64/Kanpan.SwiftFileList (in target 'Kanpan' from project 'Kanpan')
    cd /Users/mdd/zhk/kanpan-ringtone/Kanpan
    write-file /Users/mdd/zhk/kanpan-ringtone/DerivedData-ringtone/Build/Intermediates.noindex/Kanpan.build/Debug-iphonesimulator/Kanpan.build/Objects-normal/x86_64/Kanpan.SwiftFileList

WriteAuxiliaryFile /Users/mdd/zhk/kanpan-ringtone/DerivedData-ringtone/Build/Intermediates.noindex/Kanpan.build/Debug-iphonesimulator/Kanpan.build/Objects-normal/x86_64/Kanpan.SwiftConstValuesFileList (in target 'Kanpan' from project 'Kanpan')
    cd /Users/mdd/zhk/kanpan-ringtone/Kanpan
    write-file /Users/mdd/zhk/kanpan-ringtone/DerivedData-ringtone/Build/Intermediates.noindex/Kanpan.build/Debug-iphonesimulator/Kanpan.build/Objects-normal/x86_64/Kanpan.SwiftConstValuesFileList

Copy /Users/mdd/zhk/kanpan-ringtone/DerivedData-ringtone/Build/Intermediates.noindex/GeneratedModuleMaps-iphonesimulator/KanpanAccount.modulemap /Users/mdd/zhk/kanpan-ringtone/DerivedData-ringtone/Build/Intermediates.noindex/KanpanAccount.build/Debug-iphonesimulator/KanpanAccount.build/KanpanAccount.modulemap (in target 'KanpanAccount' from project 'KanpanAccount')
    cd /Users/mdd/zhk/kanpan-ringtone/KanpanAccount
    builtin-copy -exclude .DS_Store -exclude CVS -exclude .svn -exclude .git -exclude .hg -resolve-src-symlinks /Users/mdd/zhk/kanpan-ringtone/DerivedData-ringtone/Build/Intermediates.noindex/KanpanAccount.build/Debug-iphonesimulator/KanpanAccount.build/KanpanAccount.modulemap /Users/mdd/zhk/kanpan-ringtone/DerivedData-ringtone/Build/Intermediates.noindex/GeneratedModuleMaps-iphonesimulator

WriteAuxiliaryFile /Users/mdd/zhk/kanpan-ringtone/DerivedData-ringtone/Build/Intermediates.noindex/Kanpan.build/Debug-iphonesimulator/Kanpan.build/Objects-normal/x86_64/Kanpan.LinkFileList (in target 'Kanpan' from project 'Kanpan')
    cd /Users/mdd/zhk/kanpan-ringtone/Kanpan
    write-file /Users/mdd/zhk/kanpan-ringtone/DerivedData-ringtone/Build/Intermediates.noindex/Kanpan.build/Debug-iphonesimulator/Kanpan.build/Objects-normal/x86_64/Kanpan.LinkFileList

WriteAuxiliaryFile /Users/mdd/zhk/kanpan-ringtone/DerivedData-ringtone/Build/Intermediates.noindex/Kanpan.build/Debug-iphonesimulator/Kanpan.build/Objects-normal/x86_64/Kanpan-OutputFileMap.json (in target 'Kanpan' from project 'Kanpan')
    cd /Users/mdd/zhk/kanpan-ringtone/Kanpan
    write-file /Users/mdd/zhk/kanpan-ringtone/DerivedData-ringtone/Build/Intermediates.noindex/Kanpan.build/Debug-iphonesimulator/Kanpan.build/Objects-normal/x86_64/Kanpan-OutputFileMap.json

WriteAuxiliaryFile /Users/mdd/zhk/kanpan-ringtone/DerivedData-ringtone/Build/Intermediates.noindex/Kanpan.build/Debug-iphonesimulator/Kanpan.build/Objects-normal/arm64/Kanpan_const_extract_protocols.json (in target 'Kanpan' from project 'Kanpan')
    cd /Users/mdd/zhk/kanpan-ringtone/Kanpan
    write-file /Users/mdd/zhk/kanpan-ringtone/DerivedData-ringtone/Build/Intermediates.noindex/Kanpan.build/Debug-iphonesimulator/Kanpan.build/Objects-normal/arm64/Kanpan_const_extract_protocols.json

WriteAuxiliaryFile /Users/mdd/zhk/kanpan-ringtone/DerivedData-ringtone/Build/Intermediates.noindex/Kanpan.build/Debug-iphonesimulator/Kanpan.build/Objects-normal/arm64/Kanpan.SwiftFileList (in target 'Kanpan' from project 'Kanpan')
    cd /Users/mdd/zhk/kanpan-ringtone/Kanpan
    write-file /Users/mdd/zhk/kanpan-ringtone/DerivedData-ringtone/Build/Intermediates.noindex/Kanpan.build/Debug-iphonesimulator/Kanpan.build/Objects-normal/arm64/Kanpan.SwiftFileList

WriteAuxiliaryFile /Users/mdd/zhk/kanpan-ringtone/DerivedData-ringtone/Build/Intermediates.noindex/Kanpan.build/Debug-iphonesimulator/Kanpan.build/Objects-normal/arm64/Kanpan.SwiftConstValuesFileList (in target 'Kanpan' from project 'Kanpan')
    cd /Users/mdd/zhk/kanpan-ringtone/Kanpan
    write-file /Users/mdd/zhk/kanpan-ringtone/DerivedData-ringtone/Build/Intermediates.noindex/Kanpan.build/Debug-iphonesimulator/Kanpan.build/Objects-normal/arm64/Kanpan.SwiftConstValuesFileList

WriteAuxiliaryFile /Users/mdd/zhk/kanpan-ringtone/DerivedData-ringtone/Build/Intermediates.noindex/Kanpan.build/Debug-iphonesimulator/Kanpan.build/Objects-normal/arm64/Kanpan.LinkFileList (in target 'Kanpan' from project 'Kanpan')
    cd /Users/mdd/zhk/kanpan-ringtone/Kanpan
    write-file /Users/mdd/zhk/kanpan-ringtone/DerivedData-ringtone/Build/Intermediates.noindex/Kanpan.build/Debug-iphonesimulator/Kanpan.build/Objects-normal/arm64/Kanpan.LinkFileList

WriteAuxiliaryFile /Users/mdd/zhk/kanpan-ringtone/DerivedData-ringtone/Build/Intermediates.noindex/Kanpan.build/Debug-iphonesimulator/Kanpan.build/Objects-normal/arm64/Kanpan-OutputFileMap.json (in target 'Kanpan' from project 'Kanpan')
    cd /Users/mdd/zhk/kanpan-ringtone/Kanpan
    write-file /Users/mdd/zhk/kanpan-ringtone/DerivedData-ringtone/Build/Intermediates.noindex/Kanpan.build/Debug-iphonesimulator/Kanpan.build/Objects-normal/arm64/Kanpan-OutputFileMap.json

WriteAuxiliaryFile /Users/mdd/zhk/kanpan-ringtone/DerivedData-ringtone/Build/Intermediates.noindex/Kanpan.build/Debug-iphonesimulator/Kanpan.build/Kanpan.hmap (in target 'Kanpan' from project 'Kanpan')
    cd /Users/mdd/zhk/kanpan-ringtone/Kanpan
    write-file /Users/mdd/zhk/kanpan-ringtone/DerivedData-ringtone/Build/Intermediates.noindex/Kanpan.build/Debug-iphonesimulator/Kanpan.build/Kanpan.hmap

WriteAuxiliaryFile /Users/mdd/zhk/kanpan-ringtone/DerivedData-ringtone/Build/Intermediates.noindex/Kanpan.build/Debug-iphonesimulator/Kanpan.build/Kanpan.DependencyStaticMetadataFileList (in target 'Kanpan' from project 'Kanpan')
    cd /Users/mdd/zhk/kanpan-ringtone/Kanpan
    write-file /Users/mdd/zhk/kanpan-ringtone/DerivedData-ringtone/Build/Intermediates.noindex/Kanpan.build/Debug-iphonesimulator/Kanpan.build/Kanpan.DependencyStaticMetadataFileList

WriteAuxiliaryFile /Users/mdd/zhk/kanpan-ringtone/DerivedData-ringtone/Build/Intermediates.noindex/Kanpan.build/Debug-iphonesimulator/Kanpan.build/Kanpan.DependencyMetadataFileList (in target 'Kanpan' from project 'Kanpan')
    cd /Users/mdd/zhk/kanpan-ringtone/Kanpan
    write-file /Users/mdd/zhk/kanpan-ringtone/DerivedData-ringtone/Build/Intermediates.noindex/Kanpan.build/Debug-iphonesimulator/Kanpan.build/Kanpan.DependencyMetadataFileList

WriteAuxiliaryFile /Users/mdd/zhk/kanpan-ringtone/DerivedData-ringtone/Build/Intermediates.noindex/Kanpan.build/Debug-iphonesimulator/Kanpan.build/Kanpan-project-headers.hmap (in target 'Kanpan' from project 'Kanpan')
    cd /Users/mdd/zhk/kanpan-ringtone/Kanpan
    write-file /Users/mdd/zhk/kanpan-ringtone/DerivedData-ringtone/Build/Intermediates.noindex/Kanpan.build/Debug-iphonesimulator/Kanpan.build/Kanpan-project-headers.hmap

WriteAuxiliaryFile /Users/mdd/zhk/kanpan-ringtone/DerivedData-ringtone/Build/Intermediates.noindex/Kanpan.build/Debug-iphonesimulator/Kanpan.build/Kanpan-own-target-headers.hmap (in target 'Kanpan' from project 'Kanpan')
    cd /Users/mdd/zhk/kanpan-ringtone/Kanpan
    write-file /Users/mdd/zhk/kanpan-ringtone/DerivedData-ringtone/Build/Intermediates.noindex/Kanpan.build/Debug-iphonesimulator/Kanpan.build/Kanpan-own-target-headers.hmap

WriteAuxiliaryFile /Users/mdd/zhk/kanpan-ringtone/DerivedData-ringtone/Build/Intermediates.noindex/Kanpan.build/Debug-iphonesimulator/Kanpan.build/Kanpan-generated-files.hmap (in target 'Kanpan' from project 'Kanpan')
    cd /Users/mdd/zhk/kanpan-ringtone/Kanpan
    write-file /Users/mdd/zhk/kanpan-ringtone/DerivedData-ringtone/Build/Intermediates.noindex/Kanpan.build/Debug-iphonesimulator/Kanpan.build/Kanpan-generated-files.hmap

WriteAuxiliaryFile /Users/mdd/zhk/kanpan-ringtone/DerivedData-ringtone/Build/Intermediates.noindex/Kanpan.build/Debug-iphonesimulator/Kanpan.build/Kanpan-all-target-headers.hmap (in target 'Kanpan' from project 'Kanpan')
    cd /Users/mdd/zhk/kanpan-ringtone/Kanpan
    write-file /Users/mdd/zhk/kanpan-ringtone/DerivedData-ringtone/Build/Intermediates.noindex/Kanpan.build/Debug-iphonesimulator/Kanpan.build/Kanpan-all-target-headers.hmap

WriteAuxiliaryFile /Users/mdd/zhk/kanpan-ringtone/DerivedData-ringtone/Build/Intermediates.noindex/Kanpan.build/Debug-iphonesimulator/Kanpan.build/Kanpan-all-non-framework-target-headers.hmap (in target 'Kanpan' from project 'Kanpan')
    cd /Users/mdd/zhk/kanpan-ringtone/Kanpan
    write-file /Users/mdd/zhk/kanpan-ringtone/DerivedData-ringtone/Build/Intermediates.noindex/Kanpan.build/Debug-iphonesimulator/Kanpan.build/Kanpan-all-non-framework-target-headers.hmap

WriteAuxiliaryFile /Users/mdd/zhk/kanpan-ringtone/DerivedData-ringtone/Build/Intermediates.noindex/Kanpan.build/Debug-iphonesimulator/Kanpan.build/Kanpan-DebugDylibPath-normal-x86_64.txt (in target 'Kanpan' from project 'Kanpan')
    cd /Users/mdd/zhk/kanpan-ringtone/Kanpan
    write-file /Users/mdd/zhk/kanpan-ringtone/DerivedData-ringtone/Build/Intermediates.noindex/Kanpan.build/Debug-iphonesimulator/Kanpan.build/Kanpan-DebugDylibPath-normal-x86_64.txt

WriteAuxiliaryFile /Users/mdd/zhk/kanpan-ringtone/DerivedData-ringtone/Build/Intermediates.noindex/Kanpan.build/Debug-iphonesimulator/Kanpan.build/Kanpan-DebugDylibPath-normal-arm64.txt (in target 'Kanpan' from project 'Kanpan')
    cd /Users/mdd/zhk/kanpan-ringtone/Kanpan
    write-file /Users/mdd/zhk/kanpan-ringtone/DerivedData-ringtone/Build/Intermediates.noindex/Kanpan.build/Debug-iphonesimulator/Kanpan.build/Kanpan-DebugDylibPath-normal-arm64.txt

WriteAuxiliaryFile /Users/mdd/zhk/kanpan-ringtone/DerivedData-ringtone/Build/Intermediates.noindex/Kanpan.build/Debug-iphonesimulator/Kanpan.build/Kanpan-DebugDylibInstallName-normal-x86_64.txt (in target 'Kanpan' from project 'Kanpan')
    cd /Users/mdd/zhk/kanpan-ringtone/Kanpan
    write-file /Users/mdd/zhk/kanpan-ringtone/DerivedData-ringtone/Build/Intermediates.noindex/Kanpan.build/Debug-iphonesimulator/Kanpan.build/Kanpan-DebugDylibInstallName-normal-x86_64.txt

WriteAuxiliaryFile /Users/mdd/zhk/kanpan-ringtone/DerivedData-ringtone/Build/Intermediates.noindex/Kanpan.build/Debug-iphonesimulator/Kanpan.build/Kanpan-DebugDylibInstallName-normal-arm64.txt (in target 'Kanpan' from project 'Kanpan')
    cd /Users/mdd/zhk/kanpan-ringtone/Kanpan
    write-file /Users/mdd/zhk/kanpan-ringtone/DerivedData-ringtone/Build/Intermediates.noindex/Kanpan.build/Debug-iphonesimulator/Kanpan.build/Kanpan-DebugDylibInstallName-normal-arm64.txt

WriteAuxiliaryFile /Users/mdd/zhk/kanpan-ringtone/DerivedData-ringtone/Build/Intermediates.noindex/Kanpan.build/Debug-iphonesimulator/Kanpan.build/DerivedSources/Entitlements-Simulated.plist (in target 'Kanpan' from project 'Kanpan')
    cd /Users/mdd/zhk/kanpan-ringtone/Kanpan
    write-file /Users/mdd/zhk/kanpan-ringtone/DerivedData-ringtone/Build/Intermediates.noindex/Kanpan.build/Debug-iphonesimulator/Kanpan.build/DerivedSources/Entitlements-Simulated.plist

MkDir /Users/mdd/zhk/kanpan-ringtone/DerivedData-ringtone/Build/Products/Debug-iphonesimulator/Kanpan.app (in target 'Kanpan' from project 'Kanpan')
    cd /Users/mdd/zhk/kanpan-ringtone/Kanpan
    /bin/mkdir -p /Users/mdd/zhk/kanpan-ringtone/DerivedData-ringtone/Build/Products/Debug-iphonesimulator/Kanpan.app

SwiftDriver ReviewDomain normal x86_64 com.apple.xcode.tools.swift.compiler (in target 'ReviewDomain' from project 'KanpanReview')
    cd /Users/mdd/zhk/kanpan-ringtone
    builtin-SwiftDriver -- /Applications/Xcode.app/Contents/Developer/Toolchains/XcodeDefault.xctoolchain/usr/bin/swiftc -module-name ReviewDomain -Onone @/Users/mdd/zhk/kanpan-ringtone/DerivedData-ringtone/Build/Intermediates.noindex/KanpanReview.build/Debug-iphonesimulator/ReviewDomain.build/Objects-normal/x86_64/ReviewDomain.SwiftFileList -DSWIFT_PACKAGE -DDEBUG -DSWIFT_MODULE_RESOURCE_BUNDLE_UNAVAILABLE -DXcode -plugin-path /Applications/Xcode.app/Contents/Developer/Toolchains/XcodeDefault.xctoolchain/usr/lib/swift/host/plugins/testing -enable-experimental-feature DebugDescriptionMacro -sdk /Applications/Xcode.app/Contents/Developer/Platforms/iPhoneSimulator.platform/Developer/SDKs/iPhoneSimulator26.5.sdk -target x86_64-apple-ios26.0-simulator -g -module-cache-path /Users/mdd/zhk/kanpan-ringtone/DerivedData-ringtone/ModuleCache.noindex -Xfrontend -serialize-debugging-options -enable-testing -suppress-warnings -index-store-path /Users/mdd/zhk/kanpan-ringtone/DerivedData-ringtone/Index.noindex/DataStore -Xcc -D_LIBCPP_HARDENING_MODE\=_LIBCPP_HARDENING_MODE_DEBUG -swift-version 6 -I /Users/mdd/zhk/kanpan-ringtone/DerivedData-ringtone/Build/Products/Debug-iphonesimulator -Isystem /Applications/Xcode.app/Contents/Developer/Platforms/iPhoneSimulator.platform/Developer/usr/lib -F /Users/mdd/zhk/kanpan-ringtone/DerivedData-ringtone/Build/Products/Debug-iphonesimulator -F /Applications/Xcode.app/Contents/Developer/Platforms/iPhoneSimulator.platform/Developer/Library/Frameworks -F /Applications/Xcode.app/Contents/Developer/Platforms/iPhoneSimulator.platform/Developer/SDKs/iPhoneSimulator26.5.sdk/Developer/Library/Frameworks -c -j10 -enable-batch-mode -incremental -Xcc -ivfsstatcache -Xcc /Users/mdd/zhk/kanpan-ringtone/DerivedData-ringtone/SDKStatCaches.noindex/iphonesimulator26.5-23F81a-6cfe768891a92b912361537c460fe42b.sdkstatcache -output-file-map /Users/mdd/zhk/kanpan-ringtone/DerivedData-ringtone/Build/Intermediates.noindex/KanpanReview.build/Debug-iphonesimulator/ReviewDomain.build/Objects-normal/x86_64/ReviewDomain-OutputFileMap.json -use-frontend-parseable-output -save-temps -no-color-diagnostics -explicit-module-build -module-cache-path /Users/mdd/zhk/kanpan-ringtone/DerivedData-ringtone/Build/Intermediates.noindex/SwiftExplicitPrecompiledModules -clang-scanner-module-cache-path /Users/mdd/zhk/kanpan-ringtone/DerivedData-ringtone/ModuleCache.noindex -sdk-module-cache-path /Users/mdd/zhk/kanpan-ringtone/DerivedData-ringtone/ModuleCache.noindex -serialize-diagnostics -emit-dependencies -emit-module -emit-module-path /Users/mdd/zhk/kanpan-ringtone/DerivedData-ringtone/Build/Intermediates.noindex/KanpanReview.build/Debug-iphonesimulator/ReviewDomain.build/Objects-normal/x86_64/ReviewDomain.swiftmodule -validate-clang-modules-once -clang-build-session-file /Users/mdd/zhk/kanpan-ringtone/DerivedData-ringtone/ModuleCache.noindex/Session.modulevalidation -package-name kanpanreview -Xcc -I/Users/mdd/zhk/kanpan-ringtone/DerivedData-ringtone/Build/Intermediates.noindex/KanpanReview.build/Debug-iphonesimulator/ReviewDomain.build/swift-overrides.hmap -emit-const-values -Xfrontend -const-gather-protocols-file -Xfrontend /Users/mdd/zhk/kanpan-ringtone/DerivedData-ringtone/Build/Intermediates.noindex/KanpanReview.build/Debug-iphonesimulator/ReviewDomain.build/Objects-normal/x86_64/ReviewDomain_const_extract_protocols.json -Xcc -I/Users/mdd/zhk/kanpan-ringtone/DerivedData-ringtone/Build/Products/Debug-iphonesimulator/include -Xcc -I/Users/mdd/zhk/kanpan-ringtone/DerivedData-ringtone/Build/Intermediates.noindex/KanpanReview.build/Debug-iphonesimulator/ReviewDomain.build/DerivedSources-normal/x86_64 -Xcc -I/Users/mdd/zhk/kanpan-ringtone/DerivedData-ringtone/Build/Intermediates.noindex/KanpanReview.build/Debug-iphonesimulator/ReviewDomain.build/DerivedSources/x86_64 -Xcc -I/Users/mdd/zhk/kanpan-ringtone/DerivedData-ringtone/Build/Intermediates.noindex/KanpanReview.build/Debug-iphonesimulator/ReviewDomain.build/DerivedSources -Xcc -DSWIFT_PACKAGE -Xcc -DDEBUG\=1 -emit-objc-header -emit-objc-header-path /Users/mdd/zhk/kanpan-ringtone/DerivedData-ringtone/Build/Intermediates.noindex/KanpanReview.build/Debug-iphonesimulator/ReviewDomain.build/Objects-normal/x86_64/ReviewDomain-Swift.h -working-directory /Users/mdd/zhk/kanpan-ringtone -experimental-emit-module-separately -disable-cmo

SwiftDriver ReviewDomain normal arm64 com.apple.xcode.tools.swift.compiler (in target 'ReviewDomain' from project 'KanpanReview')
    cd /Users/mdd/zhk/kanpan-ringtone
    builtin-SwiftDriver -- /Applications/Xcode.app/Contents/Developer/Toolchains/XcodeDefault.xctoolchain/usr/bin/swiftc -module-name ReviewDomain -Onone @/Users/mdd/zhk/kanpan-ringtone/DerivedData-ringtone/Build/Intermediates.noindex/KanpanReview.build/Debug-iphonesimulator/ReviewDomain.build/Objects-normal/arm64/ReviewDomain.SwiftFileList -DSWIFT_PACKAGE -DDEBUG -DSWIFT_MODULE_RESOURCE_BUNDLE_UNAVAILABLE -DXcode -plugin-path /Applications/Xcode.app/Contents/Developer/Toolchains/XcodeDefault.xctoolchain/usr/lib/swift/host/plugins/testing -enable-experimental-feature DebugDescriptionMacro -sdk /Applications/Xcode.app/Contents/Developer/Platforms/iPhoneSimulator.platform/Developer/SDKs/iPhoneSimulator26.5.sdk -target arm64-apple-ios26.0-simulator -g -module-cache-path /Users/mdd/zhk/kanpan-ringtone/DerivedData-ringtone/ModuleCache.noindex -Xfrontend -serialize-debugging-options -enable-testing -suppress-warnings -index-store-path /Users/mdd/zhk/kanpan-ringtone/DerivedData-ringtone/Index.noindex/DataStore -Xcc -D_LIBCPP_HARDENING_MODE\=_LIBCPP_HARDENING_MODE_DEBUG -swift-version 6 -I /Users/mdd/zhk/kanpan-ringtone/DerivedData-ringtone/Build/Products/Debug-iphonesimulator -Isystem /Applications/Xcode.app/Contents/Developer/Platforms/iPhoneSimulator.platform/Developer/usr/lib -F /Users/mdd/zhk/kanpan-ringtone/DerivedData-ringtone/Build/Products/Debug-iphonesimulator -F /Applications/Xcode.app/Contents/Developer/Platforms/iPhoneSimulator.platform/Developer/Library/Frameworks -F /Applications/Xcode.app/Contents/Developer/Platforms/iPhoneSimulator.platform/Developer/SDKs/iPhoneSimulator26.5.sdk/Developer/Library/Frameworks -c -j10 -enable-batch-mode -incremental -Xcc -ivfsstatcache -Xcc /Users/mdd/zhk/kanpan-ringtone/DerivedData-ringtone/SDKStatCaches.noindex/iphonesimulator26.5-23F81a-6cfe768891a92b912361537c460fe42b.sdkstatcache -output-file-map /Users/mdd/zhk/kanpan-ringtone/DerivedData-ringtone/Build/Intermediates.noindex/KanpanReview.build/Debug-iphonesimulator/ReviewDomain.build/Objects-normal/arm64/ReviewDomain-OutputFileMap.json -use-frontend-parseable-output -save-temps -no-color-diagnostics -explicit-module-build -module-cache-path /Users/mdd/zhk/kanpan-ringtone/DerivedData-ringtone/Build/Intermediates.noindex/SwiftExplicitPrecompiledModules -clang-scanner-module-cache-path /Users/mdd/zhk/kanpan-ringtone/DerivedData-ringtone/ModuleCache.noindex -sdk-module-cache-path /Users/mdd/zhk/kanpan-ringtone/DerivedData-ringtone/ModuleCache.noindex -serialize-diagnostics -emit-dependencies -emit-module -emit-module-path /Users/mdd/zhk/kanpan-ringtone/DerivedData-ringtone/Build/Intermediates.noindex/KanpanReview.build/Debug-iphonesimulator/ReviewDomain.build/Objects-normal/arm64/ReviewDomain.swiftmodule -validate-clang-modules-once -clang-build-session-file /Users/mdd/zhk/kanpan-ringtone/DerivedData-ringtone/ModuleCache.noindex/Session.modulevalidation -package-name kanpanreview -Xcc -I/Users/mdd/zhk/kanpan-ringtone/DerivedData-ringtone/Build/Intermediates.noindex/KanpanReview.build/Debug-iphonesimulator/ReviewDomain.build/swift-overrides.hmap -emit-const-values -Xfrontend -const-gather-protocols-file -Xfrontend /Users/mdd/zhk/kanpan-ringtone/DerivedData-ringtone/Build/Intermediates.noindex/KanpanReview.build/Debug-iphonesimulator/ReviewDomain.build/Objects-normal/arm64/ReviewDomain_const_extract_protocols.json -Xcc -I/Users/mdd/zhk/kanpan-ringtone/DerivedData-ringtone/Build/Products/Debug-iphonesimulator/include -Xcc -I/Users/mdd/zhk/kanpan-ringtone/DerivedData-ringtone/Build/Intermediates.noindex/KanpanReview.build/Debug-iphonesimulator/ReviewDomain.build/DerivedSources-normal/arm64 -Xcc -I/Users/mdd/zhk/kanpan-ringtone/DerivedData-ringtone/Build/Intermediates.noindex/KanpanReview.build/Debug-iphonesimulator/ReviewDomain.build/DerivedSources/arm64 -Xcc -I/Users/mdd/zhk/kanpan-ringtone/DerivedData-ringtone/Build/Intermediates.noindex/KanpanReview.build/Debug-iphonesimulator/ReviewDomain.build/DerivedSources -Xcc -DSWIFT_PACKAGE -Xcc -DDEBUG\=1 -emit-objc-header -emit-objc-header-path /Users/mdd/zhk/kanpan-ringtone/DerivedData-ringtone/Build/Intermediates.noindex/KanpanReview.build/Debug-iphonesimulator/ReviewDomain.build/Objects-normal/arm64/ReviewDomain-Swift.h -working-directory /Users/mdd/zhk/kanpan-ringtone -experimental-emit-module-separately -disable-cmo

SwiftDriver\ Compilation\ Requirements ReviewDomain normal arm64 com.apple.xcode.tools.swift.compiler (in target 'ReviewDomain' from project 'KanpanReview')
    cd /Users/mdd/zhk/kanpan-ringtone
    builtin-Swift-Compilation-Requirements -- /Applications/Xcode.app/Contents/Developer/Toolchains/XcodeDefault.xctoolchain/usr/bin/swiftc -module-name ReviewDomain -Onone @/Users/mdd/zhk/kanpan-ringtone/DerivedData-ringtone/Build/Intermediates.noindex/KanpanReview.build/Debug-iphonesimulator/ReviewDomain.build/Objects-normal/arm64/ReviewDomain.SwiftFileList -DSWIFT_PACKAGE -DDEBUG -DSWIFT_MODULE_RESOURCE_BUNDLE_UNAVAILABLE -DXcode -plugin-path /Applications/Xcode.app/Contents/Developer/Toolchains/XcodeDefault.xctoolchain/usr/lib/swift/host/plugins/testing -enable-experimental-feature DebugDescriptionMacro -sdk /Applications/Xcode.app/Contents/Developer/Platforms/iPhoneSimulator.platform/Developer/SDKs/iPhoneSimulator26.5.sdk -target arm64-apple-ios26.0-simulator -g -module-cache-path /Users/mdd/zhk/kanpan-ringtone/DerivedData-ringtone/ModuleCache.noindex -Xfrontend -serialize-debugging-options -enable-testing -suppress-warnings -index-store-path /Users/mdd/zhk/kanpan-ringtone/DerivedData-ringtone/Index.noindex/DataStore -Xcc -D_LIBCPP_HARDENING_MODE\=_LIBCPP_HARDENING_MODE_DEBUG -swift-version 6 -I /Users/mdd/zhk/kanpan-ringtone/DerivedData-ringtone/Build/Products/Debug-iphonesimulator -Isystem /Applications/Xcode.app/Contents/Developer/Platforms/iPhoneSimulator.platform/Developer/usr/lib -F /Users/mdd/zhk/kanpan-ringtone/DerivedData-ringtone/Build/Products/Debug-iphonesimulator -F /Applications/Xcode.app/Contents/Developer/Platforms/iPhoneSimulator.platform/Developer/Library/Frameworks -F /Applications/Xcode.app/Contents/Developer/Platforms/iPhoneSimulator.platform/Developer/SDKs/iPhoneSimulator26.5.sdk/Developer/Library/Frameworks -c -j10 -enable-batch-mode -incremental -Xcc -ivfsstatcache -Xcc /Users/mdd/zhk/kanpan-ringtone/DerivedData-ringtone/SDKStatCaches.noindex/iphonesimulator26.5-23F81a-6cfe768891a92b912361537c460fe42b.sdkstatcache -output-file-map /Users/mdd/zhk/kanpan-ringtone/DerivedData-ringtone/Build/Intermediates.noindex/KanpanReview.build/Debug-iphonesimulator/ReviewDomain.build/Objects-normal/arm64/ReviewDomain-OutputFileMap.json -use-frontend-parseable-output -save-temps -no-color-diagnostics -explicit-module-build -module-cache-path /Users/mdd/zhk/kanpan-ringtone/DerivedData-ringtone/Build/Intermediates.noindex/SwiftExplicitPrecompiledModules -clang-scanner-module-cache-path /Users/mdd/zhk/kanpan-ringtone/DerivedData-ringtone/ModuleCache.noindex -sdk-module-cache-path /Users/mdd/zhk/kanpan-ringtone/DerivedData-ringtone/ModuleCache.noindex -serialize-diagnostics -emit-dependencies -emit-module -emit-module-path /Users/mdd/zhk/kanpan-ringtone/DerivedData-ringtone/Build/Intermediates.noindex/KanpanReview.build/Debug-iphonesimulator/ReviewDomain.build/Objects-normal/arm64/ReviewDomain.swiftmodule -validate-clang-modules-once -clang-build-session-file /Users/mdd/zhk/kanpan-ringtone/DerivedData-ringtone/ModuleCache.noindex/Session.modulevalidation -package-name kanpanreview -Xcc -I/Users/mdd/zhk/kanpan-ringtone/DerivedData-ringtone/Build/Intermediates.noindex/KanpanReview.build/Debug-iphonesimulator/ReviewDomain.build/swift-overrides.hmap -emit-const-values -Xfrontend -const-gather-protocols-file -Xfrontend /Users/mdd/zhk/kanpan-ringtone/DerivedData-ringtone/Build/Intermediates.noindex/KanpanReview.build/Debug-iphonesimulator/ReviewDomain.build/Objects-normal/arm64/ReviewDomain_const_extract_protocols.json -Xcc -I/Users/mdd/zhk/kanpan-ringtone/DerivedData-ringtone/Build/Products/Debug-iphonesimulator/include -Xcc -I/Users/mdd/zhk/kanpan-ringtone/DerivedData-ringtone/Build/Intermediates.noindex/KanpanReview.build/Debug-iphonesimulator/ReviewDomain.build/DerivedSources-normal/arm64 -Xcc -I/Users/mdd/zhk/kanpan-ringtone/DerivedData-ringtone/Build/Intermediates.noindex/KanpanReview.build/Debug-iphonesimulator/ReviewDomain.build/DerivedSources/arm64 -Xcc -I/Users/mdd/zhk/kanpan-ringtone/DerivedData-ringtone/Build/Intermediates.noindex/KanpanReview.build/Debug-iphonesimulator/ReviewDomain.build/DerivedSources -Xcc -DSWIFT_PACKAGE -Xcc -DDEBUG\=1 -emit-objc-header -emit-objc-header-path /Users/mdd/zhk/kanpan-ringtone/DerivedData-ringtone/Build/Intermediates.noindex/KanpanReview.build/Debug-iphonesimulator/ReviewDomain.build/Objects-normal/arm64/ReviewDomain-Swift.h -working-directory /Users/mdd/zhk/kanpan-ringtone -experimental-emit-module-separately -disable-cmo

SwiftDriver\ Compilation\ Requirements ReviewDomain normal x86_64 com.apple.xcode.tools.swift.compiler (in target 'ReviewDomain' from project 'KanpanReview')
    cd /Users/mdd/zhk/kanpan-ringtone
    builtin-Swift-Compilation-Requirements -- /Applications/Xcode.app/Contents/Developer/Toolchains/XcodeDefault.xctoolchain/usr/bin/swiftc -module-name ReviewDomain -Onone @/Users/mdd/zhk/kanpan-ringtone/DerivedData-ringtone/Build/Intermediates.noindex/KanpanReview.build/Debug-iphonesimulator/ReviewDomain.build/Objects-normal/x86_64/ReviewDomain.SwiftFileList -DSWIFT_PACKAGE -DDEBUG -DSWIFT_MODULE_RESOURCE_BUNDLE_UNAVAILABLE -DXcode -plugin-path /Applications/Xcode.app/Contents/Developer/Toolchains/XcodeDefault.xctoolchain/usr/lib/swift/host/plugins/testing -enable-experimental-feature DebugDescriptionMacro -sdk /Applications/Xcode.app/Contents/Developer/Platforms/iPhoneSimulator.platform/Developer/SDKs/iPhoneSimulator26.5.sdk -target x86_64-apple-ios26.0-simulator -g -module-cache-path /Users/mdd/zhk/kanpan-ringtone/DerivedData-ringtone/ModuleCache.noindex -Xfrontend -serialize-debugging-options -enable-testing -suppress-warnings -index-store-path /Users/mdd/zhk/kanpan-ringtone/DerivedData-ringtone/Index.noindex/DataStore -Xcc -D_LIBCPP_HARDENING_MODE\=_LIBCPP_HARDENING_MODE_DEBUG -swift-version 6 -I /Users/mdd/zhk/kanpan-ringtone/DerivedData-ringtone/Build/Products/Debug-iphonesimulator -Isystem /Applications/Xcode.app/Contents/Developer/Platforms/iPhoneSimulator.platform/Developer/usr/lib -F /Users/mdd/zhk/kanpan-ringtone/DerivedData-ringtone/Build/Products/Debug-iphonesimulator -F /Applications/Xcode.app/Contents/Developer/Platforms/iPhoneSimulator.platform/Developer/Library/Frameworks -F /Applications/Xcode.app/Contents/Developer/Platforms/iPhoneSimulator.platform/Developer/SDKs/iPhoneSimulator26.5.sdk/Developer/Library/Frameworks -c -j10 -enable-batch-mode -incremental -Xcc -ivfsstatcache -Xcc /Users/mdd/zhk/kanpan-ringtone/DerivedData-ringtone/SDKStatCaches.noindex/iphonesimulator26.5-23F81a-6cfe768891a92b912361537c460fe42b.sdkstatcache -output-file-map /Users/mdd/zhk/kanpan-ringtone/DerivedData-ringtone/Build/Intermediates.noindex/KanpanReview.build/Debug-iphonesimulator/ReviewDomain.build/Objects-normal/x86_64/ReviewDomain-OutputFileMap.json -use-frontend-parseable-output -save-temps -no-color-diagnostics -explicit-module-build -module-cache-path /Users/mdd/zhk/kanpan-ringtone/DerivedData-ringtone/Build/Intermediates.noindex/SwiftExplicitPrecompiledModules -clang-scanner-module-cache-path /Users/mdd/zhk/kanpan-ringtone/DerivedData-ringtone/ModuleCache.noindex -sdk-module-cache-path /Users/mdd/zhk/kanpan-ringtone/DerivedData-ringtone/ModuleCache.noindex -serialize-diagnostics -emit-dependencies -emit-module -emit-module-path /Users/mdd/zhk/kanpan-ringtone/DerivedData-ringtone/Build/Intermediates.noindex/KanpanReview.build/Debug-iphonesimulator/ReviewDomain.build/Objects-normal/x86_64/ReviewDomain.swiftmodule -validate-clang-modules-once -clang-build-session-file /Users/mdd/zhk/kanpan-ringtone/DerivedData-ringtone/ModuleCache.noindex/Session.modulevalidation -package-name kanpanreview -Xcc -I/Users/mdd/zhk/kanpan-ringtone/DerivedData-ringtone/Build/Intermediates.noindex/KanpanReview.build/Debug-iphonesimulator/ReviewDomain.build/swift-overrides.hmap -emit-const-values -Xfrontend -const-gather-protocols-file -Xfrontend /Users/mdd/zhk/kanpan-ringtone/DerivedData-ringtone/Build/Intermediates.noindex/KanpanReview.build/Debug-iphonesimulator/ReviewDomain.build/Objects-normal/x86_64/ReviewDomain_const_extract_protocols.json -Xcc -I/Users/mdd/zhk/kanpan-ringtone/DerivedData-ringtone/Build/Products/Debug-iphonesimulator/include -Xcc -I/Users/mdd/zhk/kanpan-ringtone/DerivedData-ringtone/Build/Intermediates.noindex/KanpanReview.build/Debug-iphonesimulator/ReviewDomain.build/DerivedSources-normal/x86_64 -Xcc -I/Users/mdd/zhk/kanpan-ringtone/DerivedData-ringtone/Build/Intermediates.noindex/KanpanReview.build/Debug-iphonesimulator/ReviewDomain.build/DerivedSources/x86_64 -Xcc -I/Users/mdd/zhk/kanpan-ringtone/DerivedData-ringtone/Build/Intermediates.noindex/KanpanReview.build/Debug-iphonesimulator/ReviewDomain.build/DerivedSources -Xcc -DSWIFT_PACKAGE -Xcc -DDEBUG\=1 -emit-objc-header -emit-objc-header-path /Users/mdd/zhk/kanpan-ringtone/DerivedData-ringtone/Build/Intermediates.noindex/KanpanReview.build/Debug-iphonesimulator/ReviewDomain.build/Objects-normal/x86_64/ReviewDomain-Swift.h -working-directory /Users/mdd/zhk/kanpan-ringtone -experimental-emit-module-separately -disable-cmo

SwiftDriver\ Compilation ReviewDomain normal x86_64 com.apple.xcode.tools.swift.compiler (in target 'ReviewDomain' from project 'KanpanReview')
    cd /Users/mdd/zhk/kanpan-ringtone
    builtin-Swift-Compilation -- /Applications/Xcode.app/Contents/Developer/Toolchains/XcodeDefault.xctoolchain/usr/bin/swiftc -module-name ReviewDomain -Onone @/Users/mdd/zhk/kanpan-ringtone/DerivedData-ringtone/Build/Intermediates.noindex/KanpanReview.build/Debug-iphonesimulator/ReviewDomain.build/Objects-normal/x86_64/ReviewDomain.SwiftFileList -DSWIFT_PACKAGE -DDEBUG -DSWIFT_MODULE_RESOURCE_BUNDLE_UNAVAILABLE -DXcode -plugin-path /Applications/Xcode.app/Contents/Developer/Toolchains/XcodeDefault.xctoolchain/usr/lib/swift/host/plugins/testing -enable-experimental-feature DebugDescriptionMacro -sdk /Applications/Xcode.app/Contents/Developer/Platforms/iPhoneSimulator.platform/Developer/SDKs/iPhoneSimulator26.5.sdk -target x86_64-apple-ios26.0-simulator -g -module-cache-path /Users/mdd/zhk/kanpan-ringtone/DerivedData-ringtone/ModuleCache.noindex -Xfrontend -serialize-debugging-options -enable-testing -suppress-warnings -index-store-path /Users/mdd/zhk/kanpan-ringtone/DerivedData-ringtone/Index.noindex/DataStore -Xcc -D_LIBCPP_HARDENING_MODE\=_LIBCPP_HARDENING_MODE_DEBUG -swift-version 6 -I /Users/mdd/zhk/kanpan-ringtone/DerivedData-ringtone/Build/Products/Debug-iphonesimulator -Isystem /Applications/Xcode.app/Contents/Developer/Platforms/iPhoneSimulator.platform/Developer/usr/lib -F /Users/mdd/zhk/kanpan-ringtone/DerivedData-ringtone/Build/Products/Debug-iphonesimulator -F /Applications/Xcode.app/Contents/Developer/Platforms/iPhoneSimulator.platform/Developer/Library/Frameworks -F /Applications/Xcode.app/Contents/Developer/Platforms/iPhoneSimulator.platform/Developer/SDKs/iPhoneSimulator26.5.sdk/Developer/Library/Frameworks -c -j10 -enable-batch-mode -incremental -Xcc -ivfsstatcache -Xcc /Users/mdd/zhk/kanpan-ringtone/DerivedData-ringtone/SDKStatCaches.noindex/iphonesimulator26.5-23F81a-6cfe768891a92b912361537c460fe42b.sdkstatcache -output-file-map /Users/mdd/zhk/kanpan-ringtone/DerivedData-ringtone/Build/Intermediates.noindex/KanpanReview.build/Debug-iphonesimulator/ReviewDomain.build/Objects-normal/x86_64/ReviewDomain-OutputFileMap.json -use-frontend-parseable-output -save-temps -no-color-diagnostics -explicit-module-build -module-cache-path /Users/mdd/zhk/kanpan-ringtone/DerivedData-ringtone/Build/Intermediates.noindex/SwiftExplicitPrecompiledModules -clang-scanner-module-cache-path /Users/mdd/zhk/kanpan-ringtone/DerivedData-ringtone/ModuleCache.noindex -sdk-module-cache-path /Users/mdd/zhk/kanpan-ringtone/DerivedData-ringtone/ModuleCache.noindex -serialize-diagnostics -emit-dependencies -emit-module -emit-module-path /Users/mdd/zhk/kanpan-ringtone/DerivedData-ringtone/Build/Intermediates.noindex/KanpanReview.build/Debug-iphonesimulator/ReviewDomain.build/Objects-normal/x86_64/ReviewDomain.swiftmodule -validate-clang-modules-once -clang-build-session-file /Users/mdd/zhk/kanpan-ringtone/DerivedData-ringtone/ModuleCache.noindex/Session.modulevalidation -package-name kanpanreview -Xcc -I/Users/mdd/zhk/kanpan-ringtone/DerivedData-ringtone/Build/Intermediates.noindex/KanpanReview.build/Debug-iphonesimulator/ReviewDomain.build/swift-overrides.hmap -emit-const-values -Xfrontend -const-gather-protocols-file -Xfrontend /Users/mdd/zhk/kanpan-ringtone/DerivedData-ringtone/Build/Intermediates.noindex/KanpanReview.build/Debug-iphonesimulator/ReviewDomain.build/Objects-normal/x86_64/ReviewDomain_const_extract_protocols.json -Xcc -I/Users/mdd/zhk/kanpan-ringtone/DerivedData-ringtone/Build/Products/Debug-iphonesimulator/include -Xcc -I/Users/mdd/zhk/kanpan-ringtone/DerivedData-ringtone/Build/Intermediates.noindex/KanpanReview.build/Debug-iphonesimulator/ReviewDomain.build/DerivedSources-normal/x86_64 -Xcc -I/Users/mdd/zhk/kanpan-ringtone/DerivedData-ringtone/Build/Intermediates.noindex/KanpanReview.build/Debug-iphonesimulator/ReviewDomain.build/DerivedSources/x86_64 -Xcc -I/Users/mdd/zhk/kanpan-ringtone/DerivedData-ringtone/Build/Intermediates.noindex/KanpanReview.build/Debug-iphonesimulator/ReviewDomain.build/DerivedSources -Xcc -DSWIFT_PACKAGE -Xcc -DDEBUG\=1 -emit-objc-header -emit-objc-header-path /Users/mdd/zhk/kanpan-ringtone/DerivedData-ringtone/Build/Intermediates.noindex/KanpanReview.build/Debug-iphonesimulator/ReviewDomain.build/Objects-normal/x86_64/ReviewDomain-Swift.h -working-directory /Users/mdd/zhk/kanpan-ringtone -experimental-emit-module-separately -disable-cmo

SwiftDriver\ Compilation ReviewDomain normal arm64 com.apple.xcode.tools.swift.compiler (in target 'ReviewDomain' from project 'KanpanReview')
    cd /Users/mdd/zhk/kanpan-ringtone
    builtin-Swift-Compilation -- /Applications/Xcode.app/Contents/Developer/Toolchains/XcodeDefault.xctoolchain/usr/bin/swiftc -module-name ReviewDomain -Onone @/Users/mdd/zhk/kanpan-ringtone/DerivedData-ringtone/Build/Intermediates.noindex/KanpanReview.build/Debug-iphonesimulator/ReviewDomain.build/Objects-normal/arm64/ReviewDomain.SwiftFileList -DSWIFT_PACKAGE -DDEBUG -DSWIFT_MODULE_RESOURCE_BUNDLE_UNAVAILABLE -DXcode -plugin-path /Applications/Xcode.app/Contents/Developer/Toolchains/XcodeDefault.xctoolchain/usr/lib/swift/host/plugins/testing -enable-experimental-feature DebugDescriptionMacro -sdk /Applications/Xcode.app/Contents/Developer/Platforms/iPhoneSimulator.platform/Developer/SDKs/iPhoneSimulator26.5.sdk -target arm64-apple-ios26.0-simulator -g -module-cache-path /Users/mdd/zhk/kanpan-ringtone/DerivedData-ringtone/ModuleCache.noindex -Xfrontend -serialize-debugging-options -enable-testing -suppress-warnings -index-store-path /Users/mdd/zhk/kanpan-ringtone/DerivedData-ringtone/Index.noindex/DataStore -Xcc -D_LIBCPP_HARDENING_MODE\=_LIBCPP_HARDENING_MODE_DEBUG -swift-version 6 -I /Users/mdd/zhk/kanpan-ringtone/DerivedData-ringtone/Build/Products/Debug-iphonesimulator -Isystem /Applications/Xcode.app/Contents/Developer/Platforms/iPhoneSimulator.platform/Developer/usr/lib -F /Users/mdd/zhk/kanpan-ringtone/DerivedData-ringtone/Build/Products/Debug-iphonesimulator -F /Applications/Xcode.app/Contents/Developer/Platforms/iPhoneSimulator.platform/Developer/Library/Frameworks -F /Applications/Xcode.app/Contents/Developer/Platforms/iPhoneSimulator.platform/Developer/SDKs/iPhoneSimulator26.5.sdk/Developer/Library/Frameworks -c -j10 -enable-batch-mode -incremental -Xcc -ivfsstatcache -Xcc /Users/mdd/zhk/kanpan-ringtone/DerivedData-ringtone/SDKStatCaches.noindex/iphonesimulator26.5-23F81a-6cfe768891a92b912361537c460fe42b.sdkstatcache -output-file-map /Users/mdd/zhk/kanpan-ringtone/DerivedData-ringtone/Build/Intermediates.noindex/KanpanReview.build/Debug-iphonesimulator/ReviewDomain.build/Objects-normal/arm64/ReviewDomain-OutputFileMap.json -use-frontend-parseable-output -save-temps -no-color-diagnostics -explicit-module-build -module-cache-path /Users/mdd/zhk/kanpan-ringtone/DerivedData-ringtone/Build/Intermediates.noindex/SwiftExplicitPrecompiledModules -clang-scanner-module-cache-path /Users/mdd/zhk/kanpan-ringtone/DerivedData-ringtone/ModuleCache.noindex -sdk-module-cache-path /Users/mdd/zhk/kanpan-ringtone/DerivedData-ringtone/ModuleCache.noindex -serialize-diagnostics -emit-dependencies -emit-module -emit-module-path /Users/mdd/zhk/kanpan-ringtone/DerivedData-ringtone/Build/Intermediates.noindex/KanpanReview.build/Debug-iphonesimulator/ReviewDomain.build/Objects-normal/arm64/ReviewDomain.swiftmodule -validate-clang-modules-once -clang-build-session-file /Users/mdd/zhk/kanpan-ringtone/DerivedData-ringtone/ModuleCache.noindex/Session.modulevalidation -package-name kanpanreview -Xcc -I/Users/mdd/zhk/kanpan-ringtone/DerivedData-ringtone/Build/Intermediates.noindex/KanpanReview.build/Debug-iphonesimulator/ReviewDomain.build/swift-overrides.hmap -emit-const-values -Xfrontend -const-gather-protocols-file -Xfrontend /Users/mdd/zhk/kanpan-ringtone/DerivedData-ringtone/Build/Intermediates.noindex/KanpanReview.build/Debug-iphonesimulator/ReviewDomain.build/Objects-normal/arm64/ReviewDomain_const_extract_protocols.json -Xcc -I/Users/mdd/zhk/kanpan-ringtone/DerivedData-ringtone/Build/Products/Debug-iphonesimulator/include -Xcc -I/Users/mdd/zhk/kanpan-ringtone/DerivedData-ringtone/Build/Intermediates.noindex/KanpanReview.build/Debug-iphonesimulator/ReviewDomain.build/DerivedSources-normal/arm64 -Xcc -I/Users/mdd/zhk/kanpan-ringtone/DerivedData-ringtone/Build/Intermediates.noindex/KanpanReview.build/Debug-iphonesimulator/ReviewDomain.build/DerivedSources/arm64 -Xcc -I/Users/mdd/zhk/kanpan-ringtone/DerivedData-ringtone/Build/Intermediates.noindex/KanpanReview.build/Debug-iphonesimulator/ReviewDomain.build/DerivedSources -Xcc -DSWIFT_PACKAGE -Xcc -DDEBUG\=1 -emit-objc-header -emit-objc-header-path /Users/mdd/zhk/kanpan-ringtone/DerivedData-ringtone/Build/Intermediates.noindex/KanpanReview.build/Debug-iphonesimulator/ReviewDomain.build/Objects-normal/arm64/ReviewDomain-Swift.h -working-directory /Users/mdd/zhk/kanpan-ringtone -experimental-emit-module-separately -disable-cmo

SwiftMergeGeneratedHeaders /Users/mdd/zhk/kanpan-ringtone/DerivedData-ringtone/Build/Intermediates.noindex/GeneratedModuleMaps-iphonesimulator/ReviewDomain-Swift.h /Users/mdd/zhk/kanpan-ringtone/DerivedData-ringtone/Build/Intermediates.noindex/KanpanReview.build/Debug-iphonesimulator/ReviewDomain.build/Objects-normal/arm64/ReviewDomain-Swift.h /Users/mdd/zhk/kanpan-ringtone/DerivedData-ringtone/Build/Intermediates.noindex/KanpanReview.build/Debug-iphonesimulator/ReviewDomain.build/Objects-normal/x86_64/ReviewDomain-Swift.h (in target 'ReviewDomain' from project 'KanpanReview')
    cd /Users/mdd/zhk/kanpan-ringtone/KanpanReview
    builtin-swiftHeaderTool -arch arm64 /Users/mdd/zhk/kanpan-ringtone/DerivedData-ringtone/Build/Intermediates.noindex/KanpanReview.build/Debug-iphonesimulator/ReviewDomain.build/Objects-normal/arm64/ReviewDomain-Swift.h -arch x86_64 /Users/mdd/zhk/kanpan-ringtone/DerivedData-ringtone/Build/Intermediates.noindex/KanpanReview.build/Debug-iphonesimulator/ReviewDomain.build/Objects-normal/x86_64/ReviewDomain-Swift.h -o /Users/mdd/zhk/kanpan-ringtone/DerivedData-ringtone/Build/Intermediates.noindex/GeneratedModuleMaps-iphonesimulator/ReviewDomain-Swift.h

Copy /Users/mdd/zhk/kanpan-ringtone/DerivedData-ringtone/Build/Products/Debug-iphonesimulator/ReviewDomain.swiftmodule/x86_64-apple-ios-simulator.swiftmodule /Users/mdd/zhk/kanpan-ringtone/DerivedData-ringtone/Build/Intermediates.noindex/KanpanReview.build/Debug-iphonesimulator/ReviewDomain.build/Objects-normal/x86_64/ReviewDomain.swiftmodule (in target 'ReviewDomain' from project 'KanpanReview')
    cd /Users/mdd/zhk/kanpan-ringtone/KanpanReview
    builtin-copy -exclude .DS_Store -exclude CVS -exclude .svn -exclude .git -exclude .hg -resolve-src-symlinks -rename /Users/mdd/zhk/kanpan-ringtone/DerivedData-ringtone/Build/Intermediates.noindex/KanpanReview.build/Debug-iphonesimulator/ReviewDomain.build/Objects-normal/x86_64/ReviewDomain.swiftmodule /Users/mdd/zhk/kanpan-ringtone/DerivedData-ringtone/Build/Products/Debug-iphonesimulator/ReviewDomain.swiftmodule/x86_64-apple-ios-simulator.swiftmodule

Copy /Users/mdd/zhk/kanpan-ringtone/DerivedData-ringtone/Build/Products/Debug-iphonesimulator/ReviewDomain.swiftmodule/x86_64-apple-ios-simulator.swiftdoc /Users/mdd/zhk/kanpan-ringtone/DerivedData-ringtone/Build/Intermediates.noindex/KanpanReview.build/Debug-iphonesimulator/ReviewDomain.build/Objects-normal/x86_64/ReviewDomain.swiftdoc (in target 'ReviewDomain' from project 'KanpanReview')
    cd /Users/mdd/zhk/kanpan-ringtone/KanpanReview
    builtin-copy -exclude .DS_Store -exclude CVS -exclude .svn -exclude .git -exclude .hg -resolve-src-symlinks -rename /Users/mdd/zhk/kanpan-ringtone/DerivedData-ringtone/Build/Intermediates.noindex/KanpanReview.build/Debug-iphonesimulator/ReviewDomain.build/Objects-normal/x86_64/ReviewDomain.swiftdoc /Users/mdd/zhk/kanpan-ringtone/DerivedData-ringtone/Build/Products/Debug-iphonesimulator/ReviewDomain.swiftmodule/x86_64-apple-ios-simulator.swiftdoc

Copy /Users/mdd/zhk/kanpan-ringtone/DerivedData-ringtone/Build/Products/Debug-iphonesimulator/ReviewDomain.swiftmodule/x86_64-apple-ios-simulator.abi.json /Users/mdd/zhk/kanpan-ringtone/DerivedData-ringtone/Build/Intermediates.noindex/KanpanReview.build/Debug-iphonesimulator/ReviewDomain.build/Objects-normal/x86_64/ReviewDomain.abi.json (in target 'ReviewDomain' from project 'KanpanReview')
    cd /Users/mdd/zhk/kanpan-ringtone/KanpanReview
    builtin-copy -exclude .DS_Store -exclude CVS -exclude .svn -exclude .git -exclude .hg -resolve-src-symlinks -rename /Users/mdd/zhk/kanpan-ringtone/DerivedData-ringtone/Build/Intermediates.noindex/KanpanReview.build/Debug-iphonesimulator/ReviewDomain.build/Objects-normal/x86_64/ReviewDomain.abi.json /Users/mdd/zhk/kanpan-ringtone/DerivedData-ringtone/Build/Products/Debug-iphonesimulator/ReviewDomain.swiftmodule/x86_64-apple-ios-simulator.abi.json

Copy /Users/mdd/zhk/kanpan-ringtone/DerivedData-ringtone/Build/Products/Debug-iphonesimulator/ReviewDomain.swiftmodule/arm64-apple-ios-simulator.swiftmodule /Users/mdd/zhk/kanpan-ringtone/DerivedData-ringtone/Build/Intermediates.noindex/KanpanReview.build/Debug-iphonesimulator/ReviewDomain.build/Objects-normal/arm64/ReviewDomain.swiftmodule (in target 'ReviewDomain' from project 'KanpanReview')
    cd /Users/mdd/zhk/kanpan-ringtone/KanpanReview
    builtin-copy -exclude .DS_Store -exclude CVS -exclude .svn -exclude .git -exclude .hg -resolve-src-symlinks -rename /Users/mdd/zhk/kanpan-ringtone/DerivedData-ringtone/Build/Intermediates.noindex/KanpanReview.build/Debug-iphonesimulator/ReviewDomain.build/Objects-normal/arm64/ReviewDomain.swiftmodule /Users/mdd/zhk/kanpan-ringtone/DerivedData-ringtone/Build/Products/Debug-iphonesimulator/ReviewDomain.swiftmodule/arm64-apple-ios-simulator.swiftmodule

Copy /Users/mdd/zhk/kanpan-ringtone/DerivedData-ringtone/Build/Products/Debug-iphonesimulator/ReviewDomain.swiftmodule/arm64-apple-ios-simulator.swiftdoc /Users/mdd/zhk/kanpan-ringtone/DerivedData-ringtone/Build/Intermediates.noindex/KanpanReview.build/Debug-iphonesimulator/ReviewDomain.build/Objects-normal/arm64/ReviewDomain.swiftdoc (in target 'ReviewDomain' from project 'KanpanReview')
    cd /Users/mdd/zhk/kanpan-ringtone/KanpanReview
    builtin-copy -exclude .DS_Store -exclude CVS -exclude .svn -exclude .git -exclude .hg -resolve-src-symlinks -rename /Users/mdd/zhk/kanpan-ringtone/DerivedData-ringtone/Build/Intermediates.noindex/KanpanReview.build/Debug-iphonesimulator/ReviewDomain.build/Objects-normal/arm64/ReviewDomain.swiftdoc /Users/mdd/zhk/kanpan-ringtone/DerivedData-ringtone/Build/Products/Debug-iphonesimulator/ReviewDomain.swiftmodule/arm64-apple-ios-simulator.swiftdoc

Copy /Users/mdd/zhk/kanpan-ringtone/DerivedData-ringtone/Build/Products/Debug-iphonesimulator/ReviewDomain.swiftmodule/arm64-apple-ios-simulator.abi.json /Users/mdd/zhk/kanpan-ringtone/DerivedData-ringtone/Build/Intermediates.noindex/KanpanReview.build/Debug-iphonesimulator/ReviewDomain.build/Objects-normal/arm64/ReviewDomain.abi.json (in target 'ReviewDomain' from project 'KanpanReview')
    cd /Users/mdd/zhk/kanpan-ringtone/KanpanReview
    builtin-copy -exclude .DS_Store -exclude CVS -exclude .svn -exclude .git -exclude .hg -resolve-src-symlinks -rename /Users/mdd/zhk/kanpan-ringtone/DerivedData-ringtone/Build/Intermediates.noindex/KanpanReview.build/Debug-iphonesimulator/ReviewDomain.build/Objects-normal/arm64/ReviewDomain.abi.json /Users/mdd/zhk/kanpan-ringtone/DerivedData-ringtone/Build/Products/Debug-iphonesimulator/ReviewDomain.swiftmodule/arm64-apple-ios-simulator.abi.json

Copy /Users/mdd/zhk/kanpan-ringtone/DerivedData-ringtone/Build/Products/Debug-iphonesimulator/ReviewDomain.swiftmodule/Project/x86_64-apple-ios-simulator.swiftsourceinfo /Users/mdd/zhk/kanpan-ringtone/DerivedData-ringtone/Build/Intermediates.noindex/KanpanReview.build/Debug-iphonesimulator/ReviewDomain.build/Objects-normal/x86_64/ReviewDomain.swiftsourceinfo (in target 'ReviewDomain' from project 'KanpanReview')
    cd /Users/mdd/zhk/kanpan-ringtone/KanpanReview
    builtin-copy -exclude .DS_Store -exclude CVS -exclude .svn -exclude .git -exclude .hg -resolve-src-symlinks -rename /Users/mdd/zhk/kanpan-ringtone/DerivedData-ringtone/Build/Intermediates.noindex/KanpanReview.build/Debug-iphonesimulator/ReviewDomain.build/Objects-normal/x86_64/ReviewDomain.swiftsourceinfo /Users/mdd/zhk/kanpan-ringtone/DerivedData-ringtone/Build/Products/Debug-iphonesimulator/ReviewDomain.swiftmodule/Project/x86_64-apple-ios-simulator.swiftsourceinfo

Copy /Users/mdd/zhk/kanpan-ringtone/DerivedData-ringtone/Build/Products/Debug-iphonesimulator/ReviewDomain.swiftmodule/Project/arm64-apple-ios-simulator.swiftsourceinfo /Users/mdd/zhk/kanpan-ringtone/DerivedData-ringtone/Build/Intermediates.noindex/KanpanReview.build/Debug-iphonesimulator/ReviewDomain.build/Objects-normal/arm64/ReviewDomain.swiftsourceinfo (in target 'ReviewDomain' from project 'KanpanReview')
    cd /Users/mdd/zhk/kanpan-ringtone/KanpanReview
    builtin-copy -exclude .DS_Store -exclude CVS -exclude .svn -exclude .git -exclude .hg -resolve-src-symlinks -rename /Users/mdd/zhk/kanpan-ringtone/DerivedData-ringtone/Build/Intermediates.noindex/KanpanReview.build/Debug-iphonesimulator/ReviewDomain.build/Objects-normal/arm64/ReviewDomain.swiftsourceinfo /Users/mdd/zhk/kanpan-ringtone/DerivedData-ringtone/Build/Products/Debug-iphonesimulator/ReviewDomain.swiftmodule/Project/arm64-apple-ios-simulator.swiftsourceinfo

Ld /Users/mdd/zhk/kanpan-ringtone/DerivedData-ringtone/Build/Intermediates.noindex/KanpanReview.build/Debug-iphonesimulator/ReviewDomain.build/Objects-normal/x86_64/Binary/ReviewDomain.o normal x86_64 (in target 'ReviewDomain' from project 'KanpanReview')
    cd /Users/mdd/zhk/kanpan-ringtone/KanpanReview
    /Applications/Xcode.app/Contents/Developer/Toolchains/XcodeDefault.xctoolchain/usr/bin/clang -Xlinker -reproducible -target x86_64-apple-ios26.0-simulator -r -isysroot /Applications/Xcode.app/Contents/Developer/Platforms/iPhoneSimulator.platform/Developer/SDKs/iPhoneSimulator26.5.sdk -O0 -w -F/Users/mdd/zhk/kanpan-ringtone/DerivedData-ringtone/Build/Intermediates.noindex/EagerLinkingTBDs/Debug-iphonesimulator -F/Users/mdd/zhk/kanpan-ringtone/DerivedData-ringtone/Build/Products/Debug-iphonesimulator -iframework /Applications/Xcode.app/Contents/Developer/Platforms/iPhoneSimulator.platform/Developer/Library/Frameworks -iframework /Applications/Xcode.app/Contents/Developer/Platforms/iPhoneSimulator.platform/Developer/SDKs/iPhoneSimulator26.5.sdk/Developer/Library/Frameworks -filelist /Users/mdd/zhk/kanpan-ringtone/DerivedData-ringtone/Build/Intermediates.noindex/KanpanReview.build/Debug-iphonesimulator/ReviewDomain.build/Objects-normal/x86_64/ReviewDomain.LinkFileList -nostdlib -Xlinker -object_path_lto -Xlinker /Users/mdd/zhk/kanpan-ringtone/DerivedData-ringtone/Build/Intermediates.noindex/KanpanReview.build/Debug-iphonesimulator/ReviewDomain.build/Objects-normal/x86_64/ReviewDomain_lto.o -Xlinker -no_deduplicate -Xlinker -objc_abi_version -Xlinker 2 -Xlinker -dependency_info -Xlinker /Users/mdd/zhk/kanpan-ringtone/DerivedData-ringtone/Build/Intermediates.noindex/KanpanReview.build/Debug-iphonesimulator/ReviewDomain.build/Objects-normal/x86_64/ReviewDomain_dependency_info.dat -fobjc-link-runtime -L/Applications/Xcode.app/Contents/Developer/Toolchains/XcodeDefault.xctoolchain/usr/lib/swift/iphonesimulator -L/usr/lib/swift -Xlinker -add_ast_path -Xlinker /Users/mdd/zhk/kanpan-ringtone/DerivedData-ringtone/Build/Intermediates.noindex/KanpanReview.build/Debug-iphonesimulator/ReviewDomain.build/Objects-normal/x86_64/ReviewDomain.swiftmodule @/Users/mdd/zhk/kanpan-ringtone/DerivedData-ringtone/Build/Intermediates.noindex/KanpanReview.build/Debug-iphonesimulator/ReviewDomain.build/Objects-normal/x86_64/ReviewDomain-linker-args.resp -o /Users/mdd/zhk/kanpan-ringtone/DerivedData-ringtone/Build/Intermediates.noindex/KanpanReview.build/Debug-iphonesimulator/ReviewDomain.build/Objects-normal/x86_64/Binary/ReviewDomain.o

Ld /Users/mdd/zhk/kanpan-ringtone/DerivedData-ringtone/Build/Intermediates.noindex/KanpanReview.build/Debug-iphonesimulator/ReviewDomain.build/Objects-normal/arm64/Binary/ReviewDomain.o normal arm64 (in target 'ReviewDomain' from project 'KanpanReview')
    cd /Users/mdd/zhk/kanpan-ringtone/KanpanReview
    /Applications/Xcode.app/Contents/Developer/Toolchains/XcodeDefault.xctoolchain/usr/bin/clang -Xlinker -reproducible -target arm64-apple-ios26.0-simulator -r -isysroot /Applications/Xcode.app/Contents/Developer/Platforms/iPhoneSimulator.platform/Developer/SDKs/iPhoneSimulator26.5.sdk -O0 -w -F/Users/mdd/zhk/kanpan-ringtone/DerivedData-ringtone/Build/Intermediates.noindex/EagerLinkingTBDs/Debug-iphonesimulator -F/Users/mdd/zhk/kanpan-ringtone/DerivedData-ringtone/Build/Products/Debug-iphonesimulator -iframework /Applications/Xcode.app/Contents/Developer/Platforms/iPhoneSimulator.platform/Developer/Library/Frameworks -iframework /Applications/Xcode.app/Contents/Developer/Platforms/iPhoneSimulator.platform/Developer/SDKs/iPhoneSimulator26.5.sdk/Developer/Library/Frameworks -filelist /Users/mdd/zhk/kanpan-ringtone/DerivedData-ringtone/Build/Intermediates.noindex/KanpanReview.build/Debug-iphonesimulator/ReviewDomain.build/Objects-normal/arm64/ReviewDomain.LinkFileList -nostdlib -Xlinker -object_path_lto -Xlinker /Users/mdd/zhk/kanpan-ringtone/DerivedData-ringtone/Build/Intermediates.noindex/KanpanReview.build/Debug-iphonesimulator/ReviewDomain.build/Objects-normal/arm64/ReviewDomain_lto.o -Xlinker -no_deduplicate -Xlinker -objc_abi_version -Xlinker 2 -Xlinker -dependency_info -Xlinker /Users/mdd/zhk/kanpan-ringtone/DerivedData-ringtone/Build/Intermediates.noindex/KanpanReview.build/Debug-iphonesimulator/ReviewDomain.build/Objects-normal/arm64/ReviewDomain_dependency_info.dat -fobjc-link-runtime -L/Applications/Xcode.app/Contents/Developer/Toolchains/XcodeDefault.xctoolchain/usr/lib/swift/iphonesimulator -L/usr/lib/swift -Xlinker -add_ast_path -Xlinker /Users/mdd/zhk/kanpan-ringtone/DerivedData-ringtone/Build/Intermediates.noindex/KanpanReview.build/Debug-iphonesimulator/ReviewDomain.build/Objects-normal/arm64/ReviewDomain.swiftmodule @/Users/mdd/zhk/kanpan-ringtone/DerivedData-ringtone/Build/Intermediates.noindex/KanpanReview.build/Debug-iphonesimulator/ReviewDomain.build/Objects-normal/arm64/ReviewDomain-linker-args.resp -o /Users/mdd/zhk/kanpan-ringtone/DerivedData-ringtone/Build/Intermediates.noindex/KanpanReview.build/Debug-iphonesimulator/ReviewDomain.build/Objects-normal/arm64/Binary/ReviewDomain.o

CreateUniversalBinary /Users/mdd/zhk/kanpan-ringtone/DerivedData-ringtone/Build/Products/Debug-iphonesimulator/ReviewDomain.o normal arm64\ x86_64 (in target 'ReviewDomain' from project 'KanpanReview')
    cd /Users/mdd/zhk/kanpan-ringtone/KanpanReview
    /Applications/Xcode.app/Contents/Developer/Toolchains/XcodeDefault.xctoolchain/usr/bin/lipo -create /Users/mdd/zhk/kanpan-ringtone/DerivedData-ringtone/Build/Intermediates.noindex/KanpanReview.build/Debug-iphonesimulator/ReviewDomain.build/Objects-normal/arm64/Binary/ReviewDomain.o /Users/mdd/zhk/kanpan-ringtone/DerivedData-ringtone/Build/Intermediates.noindex/KanpanReview.build/Debug-iphonesimulator/ReviewDomain.build/Objects-normal/x86_64/Binary/ReviewDomain.o -output /Users/mdd/zhk/kanpan-ringtone/DerivedData-ringtone/Build/Products/Debug-iphonesimulator/ReviewDomain.o

SwiftDriver KanpanCore normal x86_64 com.apple.xcode.tools.swift.compiler (in target 'KanpanCore' from project 'KanpanCore')
    cd /Users/mdd/zhk/kanpan-ringtone
    builtin-SwiftDriver -- /Applications/Xcode.app/Contents/Developer/Toolchains/XcodeDefault.xctoolchain/usr/bin/swiftc -module-name KanpanCore -Onone @/Users/mdd/zhk/kanpan-ringtone/DerivedData-ringtone/Build/Intermediates.noindex/KanpanCore.build/Debug-iphonesimulator/KanpanCore.build/Objects-normal/x86_64/KanpanCore.SwiftFileList -DSWIFT_PACKAGE -DDEBUG -DSWIFT_MODULE_RESOURCE_BUNDLE_UNAVAILABLE -DXcode -plugin-path /Applications/Xcode.app/Contents/Developer/Toolchains/XcodeDefault.xctoolchain/usr/lib/swift/host/plugins/testing -enable-experimental-feature DebugDescriptionMacro -sdk /Applications/Xcode.app/Contents/Developer/Platforms/iPhoneSimulator.platform/Developer/SDKs/iPhoneSimulator26.5.sdk -target x86_64-apple-ios26.0-simulator -g -module-cache-path /Users/mdd/zhk/kanpan-ringtone/DerivedData-ringtone/ModuleCache.noindex -Xfrontend -serialize-debugging-options -enable-testing -suppress-warnings -index-store-path /Users/mdd/zhk/kanpan-ringtone/DerivedData-ringtone/Index.noindex/DataStore -Xcc -D_LIBCPP_HARDENING_MODE\=_LIBCPP_HARDENING_MODE_DEBUG -swift-version 6 -I /Users/mdd/zhk/kanpan-ringtone/DerivedData-ringtone/Build/Products/Debug-iphonesimulator -Isystem /Applications/Xcode.app/Contents/Developer/Platforms/iPhoneSimulator.platform/Developer/usr/lib -F /Users/mdd/zhk/kanpan-ringtone/DerivedData-ringtone/Build/Products/Debug-iphonesimulator -F /Applications/Xcode.app/Contents/Developer/Platforms/iPhoneSimulator.platform/Developer/Library/Frameworks -F /Applications/Xcode.app/Contents/Developer/Platforms/iPhoneSimulator.platform/Developer/SDKs/iPhoneSimulator26.5.sdk/Developer/Library/Frameworks -c -j10 -enable-batch-mode -incremental -Xcc -ivfsstatcache -Xcc /Users/mdd/zhk/kanpan-ringtone/DerivedData-ringtone/SDKStatCaches.noindex/iphonesimulator26.5-23F81a-6cfe768891a92b912361537c460fe42b.sdkstatcache -output-file-map /Users/mdd/zhk/kanpan-ringtone/DerivedData-ringtone/Build/Intermediates.noindex/KanpanCore.build/Debug-iphonesimulator/KanpanCore.build/Objects-normal/x86_64/KanpanCore-OutputFileMap.json -use-frontend-parseable-output -save-temps -no-color-diagnostics -explicit-module-build -module-cache-path /Users/mdd/zhk/kanpan-ringtone/DerivedData-ringtone/Build/Intermediates.noindex/SwiftExplicitPrecompiledModules -clang-scanner-module-cache-path /Users/mdd/zhk/kanpan-ringtone/DerivedData-ringtone/ModuleCache.noindex -sdk-module-cache-path /Users/mdd/zhk/kanpan-ringtone/DerivedData-ringtone/ModuleCache.noindex -serialize-diagnostics -emit-dependencies -emit-module -emit-module-path /Users/mdd/zhk/kanpan-ringtone/DerivedData-ringtone/Build/Intermediates.noindex/KanpanCore.build/Debug-iphonesimulator/KanpanCore.build/Objects-normal/x86_64/KanpanCore.swiftmodule -validate-clang-modules-once -clang-build-session-file /Users/mdd/zhk/kanpan-ringtone/DerivedData-ringtone/ModuleCache.noindex/Session.modulevalidation -package-name kanpancore -Xcc -I/Users/mdd/zhk/kanpan-ringtone/DerivedData-ringtone/Build/Intermediates.noindex/KanpanCore.build/Debug-iphonesimulator/KanpanCore.build/swift-overrides.hmap -emit-const-values -Xfrontend -const-gather-protocols-file -Xfrontend /Users/mdd/zhk/kanpan-ringtone/DerivedData-ringtone/Build/Intermediates.noindex/KanpanCore.build/Debug-iphonesimulator/KanpanCore.build/Objects-normal/x86_64/KanpanCore_const_extract_protocols.json -Xcc -I/Users/mdd/zhk/kanpan-ringtone/DerivedData-ringtone/Build/Products/Debug-iphonesimulator/include -Xcc -I/Users/mdd/zhk/kanpan-ringtone/DerivedData-ringtone/Build/Intermediates.noindex/KanpanCore.build/Debug-iphonesimulator/KanpanCore.build/DerivedSources-normal/x86_64 -Xcc -I/Users/mdd/zhk/kanpan-ringtone/DerivedData-ringtone/Build/Intermediates.noindex/KanpanCore.build/Debug-iphonesimulator/KanpanCore.build/DerivedSources/x86_64 -Xcc -I/Users/mdd/zhk/kanpan-ringtone/DerivedData-ringtone/Build/Intermediates.noindex/KanpanCore.build/Debug-iphonesimulator/KanpanCore.build/DerivedSources -Xcc -DSWIFT_PACKAGE -Xcc -DDEBUG\=1 -emit-objc-header -emit-objc-header-path /Users/mdd/zhk/kanpan-ringtone/DerivedData-ringtone/Build/Intermediates.noindex/KanpanCore.build/Debug-iphonesimulator/KanpanCore.build/Objects-normal/x86_64/KanpanCore-Swift.h -working-directory /Users/mdd/zhk/kanpan-ringtone -experimental-emit-module-separately -disable-cmo

SwiftDriver KanpanCore normal arm64 com.apple.xcode.tools.swift.compiler (in target 'KanpanCore' from project 'KanpanCore')
    cd /Users/mdd/zhk/kanpan-ringtone
    builtin-SwiftDriver -- /Applications/Xcode.app/Contents/Developer/Toolchains/XcodeDefault.xctoolchain/usr/bin/swiftc -module-name KanpanCore -Onone @/Users/mdd/zhk/kanpan-ringtone/DerivedData-ringtone/Build/Intermediates.noindex/KanpanCore.build/Debug-iphonesimulator/KanpanCore.build/Objects-normal/arm64/KanpanCore.SwiftFileList -DSWIFT_PACKAGE -DDEBUG -DSWIFT_MODULE_RESOURCE_BUNDLE_UNAVAILABLE -DXcode -plugin-path /Applications/Xcode.app/Contents/Developer/Toolchains/XcodeDefault.xctoolchain/usr/lib/swift/host/plugins/testing -enable-experimental-feature DebugDescriptionMacro -sdk /Applications/Xcode.app/Contents/Developer/Platforms/iPhoneSimulator.platform/Developer/SDKs/iPhoneSimulator26.5.sdk -target arm64-apple-ios26.0-simulator -g -module-cache-path /Users/mdd/zhk/kanpan-ringtone/DerivedData-ringtone/ModuleCache.noindex -Xfrontend -serialize-debugging-options -enable-testing -suppress-warnings -index-store-path /Users/mdd/zhk/kanpan-ringtone/DerivedData-ringtone/Index.noindex/DataStore -Xcc -D_LIBCPP_HARDENING_MODE\=_LIBCPP_HARDENING_MODE_DEBUG -swift-version 6 -I /Users/mdd/zhk/kanpan-ringtone/DerivedData-ringtone/Build/Products/Debug-iphonesimulator -Isystem /Applications/Xcode.app/Contents/Developer/Platforms/iPhoneSimulator.platform/Developer/usr/lib -F /Users/mdd/zhk/kanpan-ringtone/DerivedData-ringtone/Build/Products/Debug-iphonesimulator -F /Applications/Xcode.app/Contents/Developer/Platforms/iPhoneSimulator.platform/Developer/Library/Frameworks -F /Applications/Xcode.app/Contents/Developer/Platforms/iPhoneSimulator.platform/Developer/SDKs/iPhoneSimulator26.5.sdk/Developer/Library/Frameworks -c -j10 -enable-batch-mode -incremental -Xcc -ivfsstatcache -Xcc /Users/mdd/zhk/kanpan-ringtone/DerivedData-ringtone/SDKStatCaches.noindex/iphonesimulator26.5-23F81a-6cfe768891a92b912361537c460fe42b.sdkstatcache -output-file-map /Users/mdd/zhk/kanpan-ringtone/DerivedData-ringtone/Build/Intermediates.noindex/KanpanCore.build/Debug-iphonesimulator/KanpanCore.build/Objects-normal/arm64/KanpanCore-OutputFileMap.json -use-frontend-parseable-output -save-temps -no-color-diagnostics -explicit-module-build -module-cache-path /Users/mdd/zhk/kanpan-ringtone/DerivedData-ringtone/Build/Intermediates.noindex/SwiftExplicitPrecompiledModules -clang-scanner-module-cache-path /Users/mdd/zhk/kanpan-ringtone/DerivedData-ringtone/ModuleCache.noindex -sdk-module-cache-path /Users/mdd/zhk/kanpan-ringtone/DerivedData-ringtone/ModuleCache.noindex -serialize-diagnostics -emit-dependencies -emit-module -emit-module-path /Users/mdd/zhk/kanpan-ringtone/DerivedData-ringtone/Build/Intermediates.noindex/KanpanCore.build/Debug-iphonesimulator/KanpanCore.build/Objects-normal/arm64/KanpanCore.swiftmodule -validate-clang-modules-once -clang-build-session-file /Users/mdd/zhk/kanpan-ringtone/DerivedData-ringtone/ModuleCache.noindex/Session.modulevalidation -package-name kanpancore -Xcc -I/Users/mdd/zhk/kanpan-ringtone/DerivedData-ringtone/Build/Intermediates.noindex/KanpanCore.build/Debug-iphonesimulator/KanpanCore.build/swift-overrides.hmap -emit-const-values -Xfrontend -const-gather-protocols-file -Xfrontend /Users/mdd/zhk/kanpan-ringtone/DerivedData-ringtone/Build/Intermediates.noindex/KanpanCore.build/Debug-iphonesimulator/KanpanCore.build/Objects-normal/arm64/KanpanCore_const_extract_protocols.json -Xcc -I/Users/mdd/zhk/kanpan-ringtone/DerivedData-ringtone/Build/Products/Debug-iphonesimulator/include -Xcc -I/Users/mdd/zhk/kanpan-ringtone/DerivedData-ringtone/Build/Intermediates.noindex/KanpanCore.build/Debug-iphonesimulator/KanpanCore.build/DerivedSources-normal/arm64 -Xcc -I/Users/mdd/zhk/kanpan-ringtone/DerivedData-ringtone/Build/Intermediates.noindex/KanpanCore.build/Debug-iphonesimulator/KanpanCore.build/DerivedSources/arm64 -Xcc -I/Users/mdd/zhk/kanpan-ringtone/DerivedData-ringtone/Build/Intermediates.noindex/KanpanCore.build/Debug-iphonesimulator/KanpanCore.build/DerivedSources -Xcc -DSWIFT_PACKAGE -Xcc -DDEBUG\=1 -emit-objc-header -emit-objc-header-path /Users/mdd/zhk/kanpan-ringtone/DerivedData-ringtone/Build/Intermediates.noindex/KanpanCore.build/Debug-iphonesimulator/KanpanCore.build/Objects-normal/arm64/KanpanCore-Swift.h -working-directory /Users/mdd/zhk/kanpan-ringtone -experimental-emit-module-separately -disable-cmo

SwiftDriver\ Compilation\ Requirements KanpanCore normal x86_64 com.apple.xcode.tools.swift.compiler (in target 'KanpanCore' from project 'KanpanCore')
    cd /Users/mdd/zhk/kanpan-ringtone
    builtin-Swift-Compilation-Requirements -- /Applications/Xcode.app/Contents/Developer/Toolchains/XcodeDefault.xctoolchain/usr/bin/swiftc -module-name KanpanCore -Onone @/Users/mdd/zhk/kanpan-ringtone/DerivedData-ringtone/Build/Intermediates.noindex/KanpanCore.build/Debug-iphonesimulator/KanpanCore.build/Objects-normal/x86_64/KanpanCore.SwiftFileList -DSWIFT_PACKAGE -DDEBUG -DSWIFT_MODULE_RESOURCE_BUNDLE_UNAVAILABLE -DXcode -plugin-path /Applications/Xcode.app/Contents/Developer/Toolchains/XcodeDefault.xctoolchain/usr/lib/swift/host/plugins/testing -enable-experimental-feature DebugDescriptionMacro -sdk /Applications/Xcode.app/Contents/Developer/Platforms/iPhoneSimulator.platform/Developer/SDKs/iPhoneSimulator26.5.sdk -target x86_64-apple-ios26.0-simulator -g -module-cache-path /Users/mdd/zhk/kanpan-ringtone/DerivedData-ringtone/ModuleCache.noindex -Xfrontend -serialize-debugging-options -enable-testing -suppress-warnings -index-store-path /Users/mdd/zhk/kanpan-ringtone/DerivedData-ringtone/Index.noindex/DataStore -Xcc -D_LIBCPP_HARDENING_MODE\=_LIBCPP_HARDENING_MODE_DEBUG -swift-version 6 -I /Users/mdd/zhk/kanpan-ringtone/DerivedData-ringtone/Build/Products/Debug-iphonesimulator -Isystem /Applications/Xcode.app/Contents/Developer/Platforms/iPhoneSimulator.platform/Developer/usr/lib -F /Users/mdd/zhk/kanpan-ringtone/DerivedData-ringtone/Build/Products/Debug-iphonesimulator -F /Applications/Xcode.app/Contents/Developer/Platforms/iPhoneSimulator.platform/Developer/Library/Frameworks -F /Applications/Xcode.app/Contents/Developer/Platforms/iPhoneSimulator.platform/Developer/SDKs/iPhoneSimulator26.5.sdk/Developer/Library/Frameworks -c -j10 -enable-batch-mode -incremental -Xcc -ivfsstatcache -Xcc /Users/mdd/zhk/kanpan-ringtone/DerivedData-ringtone/SDKStatCaches.noindex/iphonesimulator26.5-23F81a-6cfe768891a92b912361537c460fe42b.sdkstatcache -output-file-map /Users/mdd/zhk/kanpan-ringtone/DerivedData-ringtone/Build/Intermediates.noindex/KanpanCore.build/Debug-iphonesimulator/KanpanCore.build/Objects-normal/x86_64/KanpanCore-OutputFileMap.json -use-frontend-parseable-output -save-temps -no-color-diagnostics -explicit-module-build -module-cache-path /Users/mdd/zhk/kanpan-ringtone/DerivedData-ringtone/Build/Intermediates.noindex/SwiftExplicitPrecompiledModules -clang-scanner-module-cache-path /Users/mdd/zhk/kanpan-ringtone/DerivedData-ringtone/ModuleCache.noindex -sdk-module-cache-path /Users/mdd/zhk/kanpan-ringtone/DerivedData-ringtone/ModuleCache.noindex -serialize-diagnostics -emit-dependencies -emit-module -emit-module-path /Users/mdd/zhk/kanpan-ringtone/DerivedData-ringtone/Build/Intermediates.noindex/KanpanCore.build/Debug-iphonesimulator/KanpanCore.build/Objects-normal/x86_64/KanpanCore.swiftmodule -validate-clang-modules-once -clang-build-session-file /Users/mdd/zhk/kanpan-ringtone/DerivedData-ringtone/ModuleCache.noindex/Session.modulevalidation -package-name kanpancore -Xcc -I/Users/mdd/zhk/kanpan-ringtone/DerivedData-ringtone/Build/Intermediates.noindex/KanpanCore.build/Debug-iphonesimulator/KanpanCore.build/swift-overrides.hmap -emit-const-values -Xfrontend -const-gather-protocols-file -Xfrontend /Users/mdd/zhk/kanpan-ringtone/DerivedData-ringtone/Build/Intermediates.noindex/KanpanCore.build/Debug-iphonesimulator/KanpanCore.build/Objects-normal/x86_64/KanpanCore_const_extract_protocols.json -Xcc -I/Users/mdd/zhk/kanpan-ringtone/DerivedData-ringtone/Build/Products/Debug-iphonesimulator/include -Xcc -I/Users/mdd/zhk/kanpan-ringtone/DerivedData-ringtone/Build/Intermediates.noindex/KanpanCore.build/Debug-iphonesimulator/KanpanCore.build/DerivedSources-normal/x86_64 -Xcc -I/Users/mdd/zhk/kanpan-ringtone/DerivedData-ringtone/Build/Intermediates.noindex/KanpanCore.build/Debug-iphonesimulator/KanpanCore.build/DerivedSources/x86_64 -Xcc -I/Users/mdd/zhk/kanpan-ringtone/DerivedData-ringtone/Build/Intermediates.noindex/KanpanCore.build/Debug-iphonesimulator/KanpanCore.build/DerivedSources -Xcc -DSWIFT_PACKAGE -Xcc -DDEBUG\=1 -emit-objc-header -emit-objc-header-path /Users/mdd/zhk/kanpan-ringtone/DerivedData-ringtone/Build/Intermediates.noindex/KanpanCore.build/Debug-iphonesimulator/KanpanCore.build/Objects-normal/x86_64/KanpanCore-Swift.h -working-directory /Users/mdd/zhk/kanpan-ringtone -experimental-emit-module-separately -disable-cmo

SwiftDriver\ Compilation KanpanCore normal x86_64 com.apple.xcode.tools.swift.compiler (in target 'KanpanCore' from project 'KanpanCore')
    cd /Users/mdd/zhk/kanpan-ringtone
    builtin-Swift-Compilation -- /Applications/Xcode.app/Contents/Developer/Toolchains/XcodeDefault.xctoolchain/usr/bin/swiftc -module-name KanpanCore -Onone @/Users/mdd/zhk/kanpan-ringtone/DerivedData-ringtone/Build/Intermediates.noindex/KanpanCore.build/Debug-iphonesimulator/KanpanCore.build/Objects-normal/x86_64/KanpanCore.SwiftFileList -DSWIFT_PACKAGE -DDEBUG -DSWIFT_MODULE_RESOURCE_BUNDLE_UNAVAILABLE -DXcode -plugin-path /Applications/Xcode.app/Contents/Developer/Toolchains/XcodeDefault.xctoolchain/usr/lib/swift/host/plugins/testing -enable-experimental-feature DebugDescriptionMacro -sdk /Applications/Xcode.app/Contents/Developer/Platforms/iPhoneSimulator.platform/Developer/SDKs/iPhoneSimulator26.5.sdk -target x86_64-apple-ios26.0-simulator -g -module-cache-path /Users/mdd/zhk/kanpan-ringtone/DerivedData-ringtone/ModuleCache.noindex -Xfrontend -serialize-debugging-options -enable-testing -suppress-warnings -index-store-path /Users/mdd/zhk/kanpan-ringtone/DerivedData-ringtone/Index.noindex/DataStore -Xcc -D_LIBCPP_HARDENING_MODE\=_LIBCPP_HARDENING_MODE_DEBUG -swift-version 6 -I /Users/mdd/zhk/kanpan-ringtone/DerivedData-ringtone/Build/Products/Debug-iphonesimulator -Isystem /Applications/Xcode.app/Contents/Developer/Platforms/iPhoneSimulator.platform/Developer/usr/lib -F /Users/mdd/zhk/kanpan-ringtone/DerivedData-ringtone/Build/Products/Debug-iphonesimulator -F /Applications/Xcode.app/Contents/Developer/Platforms/iPhoneSimulator.platform/Developer/Library/Frameworks -F /Applications/Xcode.app/Contents/Developer/Platforms/iPhoneSimulator.platform/Developer/SDKs/iPhoneSimulator26.5.sdk/Developer/Library/Frameworks -c -j10 -enable-batch-mode -incremental -Xcc -ivfsstatcache -Xcc /Users/mdd/zhk/kanpan-ringtone/DerivedData-ringtone/SDKStatCaches.noindex/iphonesimulator26.5-23F81a-6cfe768891a92b912361537c460fe42b.sdkstatcache -output-file-map /Users/mdd/zhk/kanpan-ringtone/DerivedData-ringtone/Build/Intermediates.noindex/KanpanCore.build/Debug-iphonesimulator/KanpanCore.build/Objects-normal/x86_64/KanpanCore-OutputFileMap.json -use-frontend-parseable-output -save-temps -no-color-diagnostics -explicit-module-build -module-cache-path /Users/mdd/zhk/kanpan-ringtone/DerivedData-ringtone/Build/Intermediates.noindex/SwiftExplicitPrecompiledModules -clang-scanner-module-cache-path /Users/mdd/zhk/kanpan-ringtone/DerivedData-ringtone/ModuleCache.noindex -sdk-module-cache-path /Users/mdd/zhk/kanpan-ringtone/DerivedData-ringtone/ModuleCache.noindex -serialize-diagnostics -emit-dependencies -emit-module -emit-module-path /Users/mdd/zhk/kanpan-ringtone/DerivedData-ringtone/Build/Intermediates.noindex/KanpanCore.build/Debug-iphonesimulator/KanpanCore.build/Objects-normal/x86_64/KanpanCore.swiftmodule -validate-clang-modules-once -clang-build-session-file /Users/mdd/zhk/kanpan-ringtone/DerivedData-ringtone/ModuleCache.noindex/Session.modulevalidation -package-name kanpancore -Xcc -I/Users/mdd/zhk/kanpan-ringtone/DerivedData-ringtone/Build/Intermediates.noindex/KanpanCore.build/Debug-iphonesimulator/KanpanCore.build/swift-overrides.hmap -emit-const-values -Xfrontend -const-gather-protocols-file -Xfrontend /Users/mdd/zhk/kanpan-ringtone/DerivedData-ringtone/Build/Intermediates.noindex/KanpanCore.build/Debug-iphonesimulator/KanpanCore.build/Objects-normal/x86_64/KanpanCore_const_extract_protocols.json -Xcc -I/Users/mdd/zhk/kanpan-ringtone/DerivedData-ringtone/Build/Products/Debug-iphonesimulator/include -Xcc -I/Users/mdd/zhk/kanpan-ringtone/DerivedData-ringtone/Build/Intermediates.noindex/KanpanCore.build/Debug-iphonesimulator/KanpanCore.build/DerivedSources-normal/x86_64 -Xcc -I/Users/mdd/zhk/kanpan-ringtone/DerivedData-ringtone/Build/Intermediates.noindex/KanpanCore.build/Debug-iphonesimulator/KanpanCore.build/DerivedSources/x86_64 -Xcc -I/Users/mdd/zhk/kanpan-ringtone/DerivedData-ringtone/Build/Intermediates.noindex/KanpanCore.build/Debug-iphonesimulator/KanpanCore.build/DerivedSources -Xcc -DSWIFT_PACKAGE -Xcc -DDEBUG\=1 -emit-objc-header -emit-objc-header-path /Users/mdd/zhk/kanpan-ringtone/DerivedData-ringtone/Build/Intermediates.noindex/KanpanCore.build/Debug-iphonesimulator/KanpanCore.build/Objects-normal/x86_64/KanpanCore-Swift.h -working-directory /Users/mdd/zhk/kanpan-ringtone -experimental-emit-module-separately -disable-cmo

Copy /Users/mdd/zhk/kanpan-ringtone/DerivedData-ringtone/Build/Products/Debug-iphonesimulator/KanpanCore.swiftmodule/x86_64-apple-ios-simulator.swiftmodule /Users/mdd/zhk/kanpan-ringtone/DerivedData-ringtone/Build/Intermediates.noindex/KanpanCore.build/Debug-iphonesimulator/KanpanCore.build/Objects-normal/x86_64/KanpanCore.swiftmodule (in target 'KanpanCore' from project 'KanpanCore')
    cd /Users/mdd/zhk/kanpan-ringtone/KanpanCore
    builtin-copy -exclude .DS_Store -exclude CVS -exclude .svn -exclude .git -exclude .hg -resolve-src-symlinks -rename /Users/mdd/zhk/kanpan-ringtone/DerivedData-ringtone/Build/Intermediates.noindex/KanpanCore.build/Debug-iphonesimulator/KanpanCore.build/Objects-normal/x86_64/KanpanCore.swiftmodule /Users/mdd/zhk/kanpan-ringtone/DerivedData-ringtone/Build/Products/Debug-iphonesimulator/KanpanCore.swiftmodule/x86_64-apple-ios-simulator.swiftmodule

SwiftDriver\ Compilation\ Requirements KanpanCore normal arm64 com.apple.xcode.tools.swift.compiler (in target 'KanpanCore' from project 'KanpanCore')
    cd /Users/mdd/zhk/kanpan-ringtone
    builtin-Swift-Compilation-Requirements -- /Applications/Xcode.app/Contents/Developer/Toolchains/XcodeDefault.xctoolchain/usr/bin/swiftc -module-name KanpanCore -Onone @/Users/mdd/zhk/kanpan-ringtone/DerivedData-ringtone/Build/Intermediates.noindex/KanpanCore.build/Debug-iphonesimulator/KanpanCore.build/Objects-normal/arm64/KanpanCore.SwiftFileList -DSWIFT_PACKAGE -DDEBUG -DSWIFT_MODULE_RESOURCE_BUNDLE_UNAVAILABLE -DXcode -plugin-path /Applications/Xcode.app/Contents/Developer/Toolchains/XcodeDefault.xctoolchain/usr/lib/swift/host/plugins/testing -enable-experimental-feature DebugDescriptionMacro -sdk /Applications/Xcode.app/Contents/Developer/Platforms/iPhoneSimulator.platform/Developer/SDKs/iPhoneSimulator26.5.sdk -target arm64-apple-ios26.0-simulator -g -module-cache-path /Users/mdd/zhk/kanpan-ringtone/DerivedData-ringtone/ModuleCache.noindex -Xfrontend -serialize-debugging-options -enable-testing -suppress-warnings -index-store-path /Users/mdd/zhk/kanpan-ringtone/DerivedData-ringtone/Index.noindex/DataStore -Xcc -D_LIBCPP_HARDENING_MODE\=_LIBCPP_HARDENING_MODE_DEBUG -swift-version 6 -I /Users/mdd/zhk/kanpan-ringtone/DerivedData-ringtone/Build/Products/Debug-iphonesimulator -Isystem /Applications/Xcode.app/Contents/Developer/Platforms/iPhoneSimulator.platform/Developer/usr/lib -F /Users/mdd/zhk/kanpan-ringtone/DerivedData-ringtone/Build/Products/Debug-iphonesimulator -F /Applications/Xcode.app/Contents/Developer/Platforms/iPhoneSimulator.platform/Developer/Library/Frameworks -F /Applications/Xcode.app/Contents/Developer/Platforms/iPhoneSimulator.platform/Developer/SDKs/iPhoneSimulator26.5.sdk/Developer/Library/Frameworks -c -j10 -enable-batch-mode -incremental -Xcc -ivfsstatcache -Xcc /Users/mdd/zhk/kanpan-ringtone/DerivedData-ringtone/SDKStatCaches.noindex/iphonesimulator26.5-23F81a-6cfe768891a92b912361537c460fe42b.sdkstatcache -output-file-map /Users/mdd/zhk/kanpan-ringtone/DerivedData-ringtone/Build/Intermediates.noindex/KanpanCore.build/Debug-iphonesimulator/KanpanCore.build/Objects-normal/arm64/KanpanCore-OutputFileMap.json -use-frontend-parseable-output -save-temps -no-color-diagnostics -explicit-module-build -module-cache-path /Users/mdd/zhk/kanpan-ringtone/DerivedData-ringtone/Build/Intermediates.noindex/SwiftExplicitPrecompiledModules -clang-scanner-module-cache-path /Users/mdd/zhk/kanpan-ringtone/DerivedData-ringtone/ModuleCache.noindex -sdk-module-cache-path /Users/mdd/zhk/kanpan-ringtone/DerivedData-ringtone/ModuleCache.noindex -serialize-diagnostics -emit-dependencies -emit-module -emit-module-path /Users/mdd/zhk/kanpan-ringtone/DerivedData-ringtone/Build/Intermediates.noindex/KanpanCore.build/Debug-iphonesimulator/KanpanCore.build/Objects-normal/arm64/KanpanCore.swiftmodule -validate-clang-modules-once -clang-build-session-file /Users/mdd/zhk/kanpan-ringtone/DerivedData-ringtone/ModuleCache.noindex/Session.modulevalidation -package-name kanpancore -Xcc -I/Users/mdd/zhk/kanpan-ringtone/DerivedData-ringtone/Build/Intermediates.noindex/KanpanCore.build/Debug-iphonesimulator/KanpanCore.build/swift-overrides.hmap -emit-const-values -Xfrontend -const-gather-protocols-file -Xfrontend /Users/mdd/zhk/kanpan-ringtone/DerivedData-ringtone/Build/Intermediates.noindex/KanpanCore.build/Debug-iphonesimulator/KanpanCore.build/Objects-normal/arm64/KanpanCore_const_extract_protocols.json -Xcc -I/Users/mdd/zhk/kanpan-ringtone/DerivedData-ringtone/Build/Products/Debug-iphonesimulator/include -Xcc -I/Users/mdd/zhk/kanpan-ringtone/DerivedData-ringtone/Build/Intermediates.noindex/KanpanCore.build/Debug-iphonesimulator/KanpanCore.build/DerivedSources-normal/arm64 -Xcc -I/Users/mdd/zhk/kanpan-ringtone/DerivedData-ringtone/Build/Intermediates.noindex/KanpanCore.build/Debug-iphonesimulator/KanpanCore.build/DerivedSources/arm64 -Xcc -I/Users/mdd/zhk/kanpan-ringtone/DerivedData-ringtone/Build/Intermediates.noindex/KanpanCore.build/Debug-iphonesimulator/KanpanCore.build/DerivedSources -Xcc -DSWIFT_PACKAGE -Xcc -DDEBUG\=1 -emit-objc-header -emit-objc-header-path /Users/mdd/zhk/kanpan-ringtone/DerivedData-ringtone/Build/Intermediates.noindex/KanpanCore.build/Debug-iphonesimulator/KanpanCore.build/Objects-normal/arm64/KanpanCore-Swift.h -working-directory /Users/mdd/zhk/kanpan-ringtone -experimental-emit-module-separately -disable-cmo

Copy /Users/mdd/zhk/kanpan-ringtone/DerivedData-ringtone/Build/Products/Debug-iphonesimulator/KanpanCore.swiftmodule/x86_64-apple-ios-simulator.swiftdoc /Users/mdd/zhk/kanpan-ringtone/DerivedData-ringtone/Build/Intermediates.noindex/KanpanCore.build/Debug-iphonesimulator/KanpanCore.build/Objects-normal/x86_64/KanpanCore.swiftdoc (in target 'KanpanCore' from project 'KanpanCore')
    cd /Users/mdd/zhk/kanpan-ringtone/KanpanCore
    builtin-copy -exclude .DS_Store -exclude CVS -exclude .svn -exclude .git -exclude .hg -resolve-src-symlinks -rename /Users/mdd/zhk/kanpan-ringtone/DerivedData-ringtone/Build/Intermediates.noindex/KanpanCore.build/Debug-iphonesimulator/KanpanCore.build/Objects-normal/x86_64/KanpanCore.swiftdoc /Users/mdd/zhk/kanpan-ringtone/DerivedData-ringtone/Build/Products/Debug-iphonesimulator/KanpanCore.swiftmodule/x86_64-apple-ios-simulator.swiftdoc

SwiftMergeGeneratedHeaders /Users/mdd/zhk/kanpan-ringtone/DerivedData-ringtone/Build/Intermediates.noindex/GeneratedModuleMaps-iphonesimulator/KanpanCore-Swift.h /Users/mdd/zhk/kanpan-ringtone/DerivedData-ringtone/Build/Intermediates.noindex/KanpanCore.build/Debug-iphonesimulator/KanpanCore.build/Objects-normal/arm64/KanpanCore-Swift.h /Users/mdd/zhk/kanpan-ringtone/DerivedData-ringtone/Build/Intermediates.noindex/KanpanCore.build/Debug-iphonesimulator/KanpanCore.build/Objects-normal/x86_64/KanpanCore-Swift.h (in target 'KanpanCore' from project 'KanpanCore')
    cd /Users/mdd/zhk/kanpan-ringtone/KanpanCore
    builtin-swiftHeaderTool -arch arm64 /Users/mdd/zhk/kanpan-ringtone/DerivedData-ringtone/Build/Intermediates.noindex/KanpanCore.build/Debug-iphonesimulator/KanpanCore.build/Objects-normal/arm64/KanpanCore-Swift.h -arch x86_64 /Users/mdd/zhk/kanpan-ringtone/DerivedData-ringtone/Build/Intermediates.noindex/KanpanCore.build/Debug-iphonesimulator/KanpanCore.build/Objects-normal/x86_64/KanpanCore-Swift.h -o /Users/mdd/zhk/kanpan-ringtone/DerivedData-ringtone/Build/Intermediates.noindex/GeneratedModuleMaps-iphonesimulator/KanpanCore-Swift.h

Copy /Users/mdd/zhk/kanpan-ringtone/DerivedData-ringtone/Build/Products/Debug-iphonesimulator/KanpanCore.swiftmodule/x86_64-apple-ios-simulator.abi.json /Users/mdd/zhk/kanpan-ringtone/DerivedData-ringtone/Build/Intermediates.noindex/KanpanCore.build/Debug-iphonesimulator/KanpanCore.build/Objects-normal/x86_64/KanpanCore.abi.json (in target 'KanpanCore' from project 'KanpanCore')
    cd /Users/mdd/zhk/kanpan-ringtone/KanpanCore
    builtin-copy -exclude .DS_Store -exclude CVS -exclude .svn -exclude .git -exclude .hg -resolve-src-symlinks -rename /Users/mdd/zhk/kanpan-ringtone/DerivedData-ringtone/Build/Intermediates.noindex/KanpanCore.build/Debug-iphonesimulator/KanpanCore.build/Objects-normal/x86_64/KanpanCore.abi.json /Users/mdd/zhk/kanpan-ringtone/DerivedData-ringtone/Build/Products/Debug-iphonesimulator/KanpanCore.swiftmodule/x86_64-apple-ios-simulator.abi.json

Copy /Users/mdd/zhk/kanpan-ringtone/DerivedData-ringtone/Build/Products/Debug-iphonesimulator/KanpanCore.swiftmodule/arm64-apple-ios-simulator.swiftmodule /Users/mdd/zhk/kanpan-ringtone/DerivedData-ringtone/Build/Intermediates.noindex/KanpanCore.build/Debug-iphonesimulator/KanpanCore.build/Objects-normal/arm64/KanpanCore.swiftmodule (in target 'KanpanCore' from project 'KanpanCore')
    cd /Users/mdd/zhk/kanpan-ringtone/KanpanCore
    builtin-copy -exclude .DS_Store -exclude CVS -exclude .svn -exclude .git -exclude .hg -resolve-src-symlinks -rename /Users/mdd/zhk/kanpan-ringtone/DerivedData-ringtone/Build/Intermediates.noindex/KanpanCore.build/Debug-iphonesimulator/KanpanCore.build/Objects-normal/arm64/KanpanCore.swiftmodule /Users/mdd/zhk/kanpan-ringtone/DerivedData-ringtone/Build/Products/Debug-iphonesimulator/KanpanCore.swiftmodule/arm64-apple-ios-simulator.swiftmodule

Copy /Users/mdd/zhk/kanpan-ringtone/DerivedData-ringtone/Build/Products/Debug-iphonesimulator/KanpanCore.swiftmodule/arm64-apple-ios-simulator.swiftdoc /Users/mdd/zhk/kanpan-ringtone/DerivedData-ringtone/Build/Intermediates.noindex/KanpanCore.build/Debug-iphonesimulator/KanpanCore.build/Objects-normal/arm64/KanpanCore.swiftdoc (in target 'KanpanCore' from project 'KanpanCore')
    cd /Users/mdd/zhk/kanpan-ringtone/KanpanCore
    builtin-copy -exclude .DS_Store -exclude CVS -exclude .svn -exclude .git -exclude .hg -resolve-src-symlinks -rename /Users/mdd/zhk/kanpan-ringtone/DerivedData-ringtone/Build/Intermediates.noindex/KanpanCore.build/Debug-iphonesimulator/KanpanCore.build/Objects-normal/arm64/KanpanCore.swiftdoc /Users/mdd/zhk/kanpan-ringtone/DerivedData-ringtone/Build/Products/Debug-iphonesimulator/KanpanCore.swiftmodule/arm64-apple-ios-simulator.swiftdoc

Copy /Users/mdd/zhk/kanpan-ringtone/DerivedData-ringtone/Build/Products/Debug-iphonesimulator/KanpanCore.swiftmodule/arm64-apple-ios-simulator.abi.json /Users/mdd/zhk/kanpan-ringtone/DerivedData-ringtone/Build/Intermediates.noindex/KanpanCore.build/Debug-iphonesimulator/KanpanCore.build/Objects-normal/arm64/KanpanCore.abi.json (in target 'KanpanCore' from project 'KanpanCore')
    cd /Users/mdd/zhk/kanpan-ringtone/KanpanCore
    builtin-copy -exclude .DS_Store -exclude CVS -exclude .svn -exclude .git -exclude .hg -resolve-src-symlinks -rename /Users/mdd/zhk/kanpan-ringtone/DerivedData-ringtone/Build/Intermediates.noindex/KanpanCore.build/Debug-iphonesimulator/KanpanCore.build/Objects-normal/arm64/KanpanCore.abi.json /Users/mdd/zhk/kanpan-ringtone/DerivedData-ringtone/Build/Products/Debug-iphonesimulator/KanpanCore.swiftmodule/arm64-apple-ios-simulator.abi.json

Copy /Users/mdd/zhk/kanpan-ringtone/DerivedData-ringtone/Build/Products/Debug-iphonesimulator/KanpanCore.swiftmodule/Project/x86_64-apple-ios-simulator.swiftsourceinfo /Users/mdd/zhk/kanpan-ringtone/DerivedData-ringtone/Build/Intermediates.noindex/KanpanCore.build/Debug-iphonesimulator/KanpanCore.build/Objects-normal/x86_64/KanpanCore.swiftsourceinfo (in target 'KanpanCore' from project 'KanpanCore')
    cd /Users/mdd/zhk/kanpan-ringtone/KanpanCore
    builtin-copy -exclude .DS_Store -exclude CVS -exclude .svn -exclude .git -exclude .hg -resolve-src-symlinks -rename /Users/mdd/zhk/kanpan-ringtone/DerivedData-ringtone/Build/Intermediates.noindex/KanpanCore.build/Debug-iphonesimulator/KanpanCore.build/Objects-normal/x86_64/KanpanCore.swiftsourceinfo /Users/mdd/zhk/kanpan-ringtone/DerivedData-ringtone/Build/Products/Debug-iphonesimulator/KanpanCore.swiftmodule/Project/x86_64-apple-ios-simulator.swiftsourceinfo

Copy /Users/mdd/zhk/kanpan-ringtone/DerivedData-ringtone/Build/Products/Debug-iphonesimulator/KanpanCore.swiftmodule/Project/arm64-apple-ios-simulator.swiftsourceinfo /Users/mdd/zhk/kanpan-ringtone/DerivedData-ringtone/Build/Intermediates.noindex/KanpanCore.build/Debug-iphonesimulator/KanpanCore.build/Objects-normal/arm64/KanpanCore.swiftsourceinfo (in target 'KanpanCore' from project 'KanpanCore')
    cd /Users/mdd/zhk/kanpan-ringtone/KanpanCore
    builtin-copy -exclude .DS_Store -exclude CVS -exclude .svn -exclude .git -exclude .hg -resolve-src-symlinks -rename /Users/mdd/zhk/kanpan-ringtone/DerivedData-ringtone/Build/Intermediates.noindex/KanpanCore.build/Debug-iphonesimulator/KanpanCore.build/Objects-normal/arm64/KanpanCore.swiftsourceinfo /Users/mdd/zhk/kanpan-ringtone/DerivedData-ringtone/Build/Products/Debug-iphonesimulator/KanpanCore.swiftmodule/Project/arm64-apple-ios-simulator.swiftsourceinfo

SwiftDriver\ Compilation KanpanCore normal arm64 com.apple.xcode.tools.swift.compiler (in target 'KanpanCore' from project 'KanpanCore')
    cd /Users/mdd/zhk/kanpan-ringtone
    builtin-Swift-Compilation -- /Applications/Xcode.app/Contents/Developer/Toolchains/XcodeDefault.xctoolchain/usr/bin/swiftc -module-name KanpanCore -Onone @/Users/mdd/zhk/kanpan-ringtone/DerivedData-ringtone/Build/Intermediates.noindex/KanpanCore.build/Debug-iphonesimulator/KanpanCore.build/Objects-normal/arm64/KanpanCore.SwiftFileList -DSWIFT_PACKAGE -DDEBUG -DSWIFT_MODULE_RESOURCE_BUNDLE_UNAVAILABLE -DXcode -plugin-path /Applications/Xcode.app/Contents/Developer/Toolchains/XcodeDefault.xctoolchain/usr/lib/swift/host/plugins/testing -enable-experimental-feature DebugDescriptionMacro -sdk /Applications/Xcode.app/Contents/Developer/Platforms/iPhoneSimulator.platform/Developer/SDKs/iPhoneSimulator26.5.sdk -target arm64-apple-ios26.0-simulator -g -module-cache-path /Users/mdd/zhk/kanpan-ringtone/DerivedData-ringtone/ModuleCache.noindex -Xfrontend -serialize-debugging-options -enable-testing -suppress-warnings -index-store-path /Users/mdd/zhk/kanpan-ringtone/DerivedData-ringtone/Index.noindex/DataStore -Xcc -D_LIBCPP_HARDENING_MODE\=_LIBCPP_HARDENING_MODE_DEBUG -swift-version 6 -I /Users/mdd/zhk/kanpan-ringtone/DerivedData-ringtone/Build/Products/Debug-iphonesimulator -Isystem /Applications/Xcode.app/Contents/Developer/Platforms/iPhoneSimulator.platform/Developer/usr/lib -F /Users/mdd/zhk/kanpan-ringtone/DerivedData-ringtone/Build/Products/Debug-iphonesimulator -F /Applications/Xcode.app/Contents/Developer/Platforms/iPhoneSimulator.platform/Developer/Library/Frameworks -F /Applications/Xcode.app/Contents/Developer/Platforms/iPhoneSimulator.platform/Developer/SDKs/iPhoneSimulator26.5.sdk/Developer/Library/Frameworks -c -j10 -enable-batch-mode -incremental -Xcc -ivfsstatcache -Xcc /Users/mdd/zhk/kanpan-ringtone/DerivedData-ringtone/SDKStatCaches.noindex/iphonesimulator26.5-23F81a-6cfe768891a92b912361537c460fe42b.sdkstatcache -output-file-map /Users/mdd/zhk/kanpan-ringtone/DerivedData-ringtone/Build/Intermediates.noindex/KanpanCore.build/Debug-iphonesimulator/KanpanCore.build/Objects-normal/arm64/KanpanCore-OutputFileMap.json -use-frontend-parseable-output -save-temps -no-color-diagnostics -explicit-module-build -module-cache-path /Users/mdd/zhk/kanpan-ringtone/DerivedData-ringtone/Build/Intermediates.noindex/SwiftExplicitPrecompiledModules -clang-scanner-module-cache-path /Users/mdd/zhk/kanpan-ringtone/DerivedData-ringtone/ModuleCache.noindex -sdk-module-cache-path /Users/mdd/zhk/kanpan-ringtone/DerivedData-ringtone/ModuleCache.noindex -serialize-diagnostics -emit-dependencies -emit-module -emit-module-path /Users/mdd/zhk/kanpan-ringtone/DerivedData-ringtone/Build/Intermediates.noindex/KanpanCore.build/Debug-iphonesimulator/KanpanCore.build/Objects-normal/arm64/KanpanCore.swiftmodule -validate-clang-modules-once -clang-build-session-file /Users/mdd/zhk/kanpan-ringtone/DerivedData-ringtone/ModuleCache.noindex/Session.modulevalidation -package-name kanpancore -Xcc -I/Users/mdd/zhk/kanpan-ringtone/DerivedData-ringtone/Build/Intermediates.noindex/KanpanCore.build/Debug-iphonesimulator/KanpanCore.build/swift-overrides.hmap -emit-const-values -Xfrontend -const-gather-protocols-file -Xfrontend /Users/mdd/zhk/kanpan-ringtone/DerivedData-ringtone/Build/Intermediates.noindex/KanpanCore.build/Debug-iphonesimulator/KanpanCore.build/Objects-normal/arm64/KanpanCore_const_extract_protocols.json -Xcc -I/Users/mdd/zhk/kanpan-ringtone/DerivedData-ringtone/Build/Products/Debug-iphonesimulator/include -Xcc -I/Users/mdd/zhk/kanpan-ringtone/DerivedData-ringtone/Build/Intermediates.noindex/KanpanCore.build/Debug-iphonesimulator/KanpanCore.build/DerivedSources-normal/arm64 -Xcc -I/Users/mdd/zhk/kanpan-ringtone/DerivedData-ringtone/Build/Intermediates.noindex/KanpanCore.build/Debug-iphonesimulator/KanpanCore.build/DerivedSources/arm64 -Xcc -I/Users/mdd/zhk/kanpan-ringtone/DerivedData-ringtone/Build/Intermediates.noindex/KanpanCore.build/Debug-iphonesimulator/KanpanCore.build/DerivedSources -Xcc -DSWIFT_PACKAGE -Xcc -DDEBUG\=1 -emit-objc-header -emit-objc-header-path /Users/mdd/zhk/kanpan-ringtone/DerivedData-ringtone/Build/Intermediates.noindex/KanpanCore.build/Debug-iphonesimulator/KanpanCore.build/Objects-normal/arm64/KanpanCore-Swift.h -working-directory /Users/mdd/zhk/kanpan-ringtone -experimental-emit-module-separately -disable-cmo

ExtractAppIntentsMetadata (in target 'ReviewDomain' from project 'KanpanReview')
    cd /Users/mdd/zhk/kanpan-ringtone/KanpanReview
    /Applications/Xcode.app/Contents/Developer/Toolchains/XcodeDefault.xctoolchain/usr/bin/appintentsmetadataprocessor --toolchain-dir /Applications/Xcode.app/Contents/Developer/Toolchains/XcodeDefault.xctoolchain --module-name ReviewDomain --sdk-root /Applications/Xcode.app/Contents/Developer/Platforms/iPhoneSimulator.platform/Developer/SDKs/iPhoneSimulator26.5.sdk --xcode-version 17F113 --platform-family iOS --deployment-target 26.0 --bundle-identifier kanpanreview.ReviewDomain --output /Users/mdd/zhk/kanpan-ringtone/DerivedData-ringtone/Build/Products/Debug-iphonesimulator/ReviewDomain.appintents --target-triple arm64-apple-ios26.0-simulator --target-triple x86_64-apple-ios26.0-simulator --binary-file /Users/mdd/zhk/kanpan-ringtone/DerivedData-ringtone/Build/Products/Debug-iphonesimulator/ReviewDomain.o --dependency-file /Users/mdd/zhk/kanpan-ringtone/DerivedData-ringtone/Build/Intermediates.noindex/KanpanReview.build/Debug-iphonesimulator/ReviewDomain.build/Objects-normal/arm64/ReviewDomain_dependency_info.dat --dependency-file /Users/mdd/zhk/kanpan-ringtone/DerivedData-ringtone/Build/Intermediates.noindex/KanpanReview.build/Debug-iphonesimulator/ReviewDomain.build/Objects-normal/x86_64/ReviewDomain_dependency_info.dat --stringsdata-file /Users/mdd/zhk/kanpan-ringtone/DerivedData-ringtone/Build/Intermediates.noindex/KanpanReview.build/Debug-iphonesimulator/ReviewDomain.build/Objects-normal/arm64/ExtractedAppShortcutsMetadata.stringsdata --stringsdata-file /Users/mdd/zhk/kanpan-ringtone/DerivedData-ringtone/Build/Intermediates.noindex/KanpanReview.build/Debug-iphonesimulator/ReviewDomain.build/Objects-normal/x86_64/ExtractedAppShortcutsMetadata.stringsdata --source-file-list /Users/mdd/zhk/kanpan-ringtone/DerivedData-ringtone/Build/Intermediates.noindex/KanpanReview.build/Debug-iphonesimulator/ReviewDomain.build/Objects-normal/arm64/ReviewDomain.SwiftFileList --source-file-list /Users/mdd/zhk/kanpan-ringtone/DerivedData-ringtone/Build/Intermediates.noindex/KanpanReview.build/Debug-iphonesimulator/ReviewDomain.build/Objects-normal/x86_64/ReviewDomain.SwiftFileList --metadata-file-list /Users/mdd/zhk/kanpan-ringtone/DerivedData-ringtone/Build/Intermediates.noindex/KanpanReview.build/Debug-iphonesimulator/ReviewDomain.build/ReviewDomain.DependencyMetadataFileList --static-metadata-file-list /Users/mdd/zhk/kanpan-ringtone/DerivedData-ringtone/Build/Intermediates.noindex/KanpanReview.build/Debug-iphonesimulator/ReviewDomain.build/ReviewDomain.DependencyStaticMetadataFileList --swift-const-vals-list /Users/mdd/zhk/kanpan-ringtone/DerivedData-ringtone/Build/Intermediates.noindex/KanpanReview.build/Debug-iphonesimulator/ReviewDomain.build/Objects-normal/arm64/ReviewDomain.SwiftConstValuesFileList --swift-const-vals-list /Users/mdd/zhk/kanpan-ringtone/DerivedData-ringtone/Build/Intermediates.noindex/KanpanReview.build/Debug-iphonesimulator/ReviewDomain.build/Objects-normal/x86_64/ReviewDomain.SwiftConstValuesFileList --force --compile-time-extraction --deployment-aware-processing --validate-assistant-intents --no-app-shortcuts-localization
2026-09-22 14:33:03.724 appintentsmetadataprocessor[64054:3914022] Starting appintentsmetadataprocessor export
2026-09-22 14:33:03.848 appintentsmetadataprocessor[64054:3914022] Extracted no relevant App Intents symbols, skipping writing output

Ld /Users/mdd/zhk/kanpan-ringtone/DerivedData-ringtone/Build/Intermediates.noindex/KanpanCore.build/Debug-iphonesimulator/KanpanCore.build/Objects-normal/x86_64/Binary/KanpanCore.o normal x86_64 (in target 'KanpanCore' from project 'KanpanCore')
    cd /Users/mdd/zhk/kanpan-ringtone/KanpanCore
    /Applications/Xcode.app/Contents/Developer/Toolchains/XcodeDefault.xctoolchain/usr/bin/clang -Xlinker -reproducible -target x86_64-apple-ios26.0-simulator -r -isysroot /Applications/Xcode.app/Contents/Developer/Platforms/iPhoneSimulator.platform/Developer/SDKs/iPhoneSimulator26.5.sdk -O0 -w -F/Users/mdd/zhk/kanpan-ringtone/DerivedData-ringtone/Build/Intermediates.noindex/EagerLinkingTBDs/Debug-iphonesimulator -F/Users/mdd/zhk/kanpan-ringtone/DerivedData-ringtone/Build/Products/Debug-iphonesimulator -iframework /Applications/Xcode.app/Contents/Developer/Platforms/iPhoneSimulator.platform/Developer/Library/Frameworks -iframework /Applications/Xcode.app/Contents/Developer/Platforms/iPhoneSimulator.platform/Developer/SDKs/iPhoneSimulator26.5.sdk/Developer/Library/Frameworks -filelist /Users/mdd/zhk/kanpan-ringtone/DerivedData-ringtone/Build/Intermediates.noindex/KanpanCore.build/Debug-iphonesimulator/KanpanCore.build/Objects-normal/x86_64/KanpanCore.LinkFileList -nostdlib -Xlinker -object_path_lto -Xlinker /Users/mdd/zhk/kanpan-ringtone/DerivedData-ringtone/Build/Intermediates.noindex/KanpanCore.build/Debug-iphonesimulator/KanpanCore.build/Objects-normal/x86_64/KanpanCore_lto.o -Xlinker -no_deduplicate -Xlinker -objc_abi_version -Xlinker 2 -Xlinker -dependency_info -Xlinker /Users/mdd/zhk/kanpan-ringtone/DerivedData-ringtone/Build/Intermediates.noindex/KanpanCore.build/Debug-iphonesimulator/KanpanCore.build/Objects-normal/x86_64/KanpanCore_dependency_info.dat -fobjc-link-runtime -L/Applications/Xcode.app/Contents/Developer/Toolchains/XcodeDefault.xctoolchain/usr/lib/swift/iphonesimulator -L/usr/lib/swift -Xlinker -add_ast_path -Xlinker /Users/mdd/zhk/kanpan-ringtone/DerivedData-ringtone/Build/Intermediates.noindex/KanpanCore.build/Debug-iphonesimulator/KanpanCore.build/Objects-normal/x86_64/KanpanCore.swiftmodule @/Users/mdd/zhk/kanpan-ringtone/DerivedData-ringtone/Build/Intermediates.noindex/KanpanCore.build/Debug-iphonesimulator/KanpanCore.build/Objects-normal/x86_64/KanpanCore-linker-args.resp -o /Users/mdd/zhk/kanpan-ringtone/DerivedData-ringtone/Build/Intermediates.noindex/KanpanCore.build/Debug-iphonesimulator/KanpanCore.build/Objects-normal/x86_64/Binary/KanpanCore.o

Ld /Users/mdd/zhk/kanpan-ringtone/DerivedData-ringtone/Build/Intermediates.noindex/KanpanCore.build/Debug-iphonesimulator/KanpanCore.build/Objects-normal/arm64/Binary/KanpanCore.o normal arm64 (in target 'KanpanCore' from project 'KanpanCore')
    cd /Users/mdd/zhk/kanpan-ringtone/KanpanCore
    /Applications/Xcode.app/Contents/Developer/Toolchains/XcodeDefault.xctoolchain/usr/bin/clang -Xlinker -reproducible -target arm64-apple-ios26.0-simulator -r -isysroot /Applications/Xcode.app/Contents/Developer/Platforms/iPhoneSimulator.platform/Developer/SDKs/iPhoneSimulator26.5.sdk -O0 -w -F/Users/mdd/zhk/kanpan-ringtone/DerivedData-ringtone/Build/Intermediates.noindex/EagerLinkingTBDs/Debug-iphonesimulator -F/Users/mdd/zhk/kanpan-ringtone/DerivedData-ringtone/Build/Products/Debug-iphonesimulator -iframework /Applications/Xcode.app/Contents/Developer/Platforms/iPhoneSimulator.platform/Developer/Library/Frameworks -iframework /Applications/Xcode.app/Contents/Developer/Platforms/iPhoneSimulator.platform/Developer/SDKs/iPhoneSimulator26.5.sdk/Developer/Library/Frameworks -filelist /Users/mdd/zhk/kanpan-ringtone/DerivedData-ringtone/Build/Intermediates.noindex/KanpanCore.build/Debug-iphonesimulator/KanpanCore.build/Objects-normal/arm64/KanpanCore.LinkFileList -nostdlib -Xlinker -object_path_lto -Xlinker /Users/mdd/zhk/kanpan-ringtone/DerivedData-ringtone/Build/Intermediates.noindex/KanpanCore.build/Debug-iphonesimulator/KanpanCore.build/Objects-normal/arm64/KanpanCore_lto.o -Xlinker -no_deduplicate -Xlinker -objc_abi_version -Xlinker 2 -Xlinker -dependency_info -Xlinker /Users/mdd/zhk/kanpan-ringtone/DerivedData-ringtone/Build/Intermediates.noindex/KanpanCore.build/Debug-iphonesimulator/KanpanCore.build/Objects-normal/arm64/KanpanCore_dependency_info.dat -fobjc-link-runtime -L/Applications/Xcode.app/Contents/Developer/Toolchains/XcodeDefault.xctoolchain/usr/lib/swift/iphonesimulator -L/usr/lib/swift -Xlinker -add_ast_path -Xlinker /Users/mdd/zhk/kanpan-ringtone/DerivedData-ringtone/Build/Intermediates.noindex/KanpanCore.build/Debug-iphonesimulator/KanpanCore.build/Objects-normal/arm64/KanpanCore.swiftmodule @/Users/mdd/zhk/kanpan-ringtone/DerivedData-ringtone/Build/Intermediates.noindex/KanpanCore.build/Debug-iphonesimulator/KanpanCore.build/Objects-normal/arm64/KanpanCore-linker-args.resp -o /Users/mdd/zhk/kanpan-ringtone/DerivedData-ringtone/Build/Intermediates.noindex/KanpanCore.build/Debug-iphonesimulator/KanpanCore.build/Objects-normal/arm64/Binary/KanpanCore.o

SwiftDriver KanpanAccount normal arm64 com.apple.xcode.tools.swift.compiler (in target 'KanpanAccount' from project 'KanpanAccount')
    cd /Users/mdd/zhk/kanpan-ringtone
    builtin-SwiftDriver -- /Applications/Xcode.app/Contents/Developer/Toolchains/XcodeDefault.xctoolchain/usr/bin/swiftc -module-name KanpanAccount -Onone @/Users/mdd/zhk/kanpan-ringtone/DerivedData-ringtone/Build/Intermediates.noindex/KanpanAccount.build/Debug-iphonesimulator/KanpanAccount.build/Objects-normal/arm64/KanpanAccount.SwiftFileList -DSWIFT_PACKAGE -DDEBUG -DSWIFT_MODULE_RESOURCE_BUNDLE_UNAVAILABLE -DXcode -plugin-path /Applications/Xcode.app/Contents/Developer/Toolchains/XcodeDefault.xctoolchain/usr/lib/swift/host/plugins/testing -enable-experimental-feature DebugDescriptionMacro -sdk /Applications/Xcode.app/Contents/Developer/Platforms/iPhoneSimulator.platform/Developer/SDKs/iPhoneSimulator26.5.sdk -target arm64-apple-ios26.0-simulator -g -module-cache-path /Users/mdd/zhk/kanpan-ringtone/DerivedData-ringtone/ModuleCache.noindex -Xfrontend -serialize-debugging-options -enable-testing -suppress-warnings -index-store-path /Users/mdd/zhk/kanpan-ringtone/DerivedData-ringtone/Index.noindex/DataStore -Xcc -D_LIBCPP_HARDENING_MODE\=_LIBCPP_HARDENING_MODE_DEBUG -swift-version 6 -I /Users/mdd/zhk/kanpan-ringtone/DerivedData-ringtone/Build/Products/Debug-iphonesimulator -Isystem /Applications/Xcode.app/Contents/Developer/Platforms/iPhoneSimulator.platform/Developer/usr/lib -F /Users/mdd/zhk/kanpan-ringtone/DerivedData-ringtone/Build/Products/Debug-iphonesimulator -F /Applications/Xcode.app/Contents/Developer/Platforms/iPhoneSimulator.platform/Developer/Library/Frameworks -F /Applications/Xcode.app/Contents/Developer/Platforms/iPhoneSimulator.platform/Developer/SDKs/iPhoneSimulator26.5.sdk/Developer/Library/Frameworks -c -j10 -enable-batch-mode -incremental -Xcc -ivfsstatcache -Xcc /Users/mdd/zhk/kanpan-ringtone/DerivedData-ringtone/SDKStatCaches.noindex/iphonesimulator26.5-23F81a-6cfe768891a92b912361537c460fe42b.sdkstatcache -output-file-map /Users/mdd/zhk/kanpan-ringtone/DerivedData-ringtone/Build/Intermediates.noindex/KanpanAccount.build/Debug-iphonesimulator/KanpanAccount.build/Objects-normal/arm64/KanpanAccount-OutputFileMap.json -use-frontend-parseable-output -save-temps -no-color-diagnostics -explicit-module-build -module-cache-path /Users/mdd/zhk/kanpan-ringtone/DerivedData-ringtone/Build/Intermediates.noindex/SwiftExplicitPrecompiledModules -clang-scanner-module-cache-path /Users/mdd/zhk/kanpan-ringtone/DerivedData-ringtone/ModuleCache.noindex -sdk-module-cache-path /Users/mdd/zhk/kanpan-ringtone/DerivedData-ringtone/ModuleCache.noindex -serialize-diagnostics -emit-dependencies -emit-module -emit-module-path /Users/mdd/zhk/kanpan-ringtone/DerivedData-ringtone/Build/Intermediates.noindex/KanpanAccount.build/Debug-iphonesimulator/KanpanAccount.build/Objects-normal/arm64/KanpanAccount.swiftmodule -validate-clang-modules-once -clang-build-session-file /Users/mdd/zhk/kanpan-ringtone/DerivedData-ringtone/ModuleCache.noindex/Session.modulevalidation -package-name kanpanaccount -Xcc -I/Users/mdd/zhk/kanpan-ringtone/DerivedData-ringtone/Build/Intermediates.noindex/KanpanAccount.build/Debug-iphonesimulator/KanpanAccount.build/swift-overrides.hmap -emit-const-values -Xfrontend -const-gather-protocols-file -Xfrontend /Users/mdd/zhk/kanpan-ringtone/DerivedData-ringtone/Build/Intermediates.noindex/KanpanAccount.build/Debug-iphonesimulator/KanpanAccount.build/Objects-normal/arm64/KanpanAccount_const_extract_protocols.json -Xcc -I/Users/mdd/zhk/kanpan-ringtone/DerivedData-ringtone/Build/Products/Debug-iphonesimulator/include -Xcc -I/Users/mdd/zhk/kanpan-ringtone/DerivedData-ringtone/Build/Intermediates.noindex/KanpanAccount.build/Debug-iphonesimulator/KanpanAccount.build/DerivedSources-normal/arm64 -Xcc -I/Users/mdd/zhk/kanpan-ringtone/DerivedData-ringtone/Build/Intermediates.noindex/KanpanAccount.build/Debug-iphonesimulator/KanpanAccount.build/DerivedSources/arm64 -Xcc -I/Users/mdd/zhk/kanpan-ringtone/DerivedData-ringtone/Build/Intermediates.noindex/KanpanAccount.build/Debug-iphonesimulator/KanpanAccount.build/DerivedSources -Xcc -DSWIFT_PACKAGE -Xcc -DDEBUG\=1 -emit-objc-header -emit-objc-header-path /Users/mdd/zhk/kanpan-ringtone/DerivedData-ringtone/Build/Intermediates.noindex/KanpanAccount.build/Debug-iphonesimulator/KanpanAccount.build/Objects-normal/arm64/KanpanAccount-Swift.h -working-directory /Users/mdd/zhk/kanpan-ringtone -experimental-emit-module-separately -disable-cmo

SwiftDriver KanpanAccount normal x86_64 com.apple.xcode.tools.swift.compiler (in target 'KanpanAccount' from project 'KanpanAccount')
    cd /Users/mdd/zhk/kanpan-ringtone
    builtin-SwiftDriver -- /Applications/Xcode.app/Contents/Developer/Toolchains/XcodeDefault.xctoolchain/usr/bin/swiftc -module-name KanpanAccount -Onone @/Users/mdd/zhk/kanpan-ringtone/DerivedData-ringtone/Build/Intermediates.noindex/KanpanAccount.build/Debug-iphonesimulator/KanpanAccount.build/Objects-normal/x86_64/KanpanAccount.SwiftFileList -DSWIFT_PACKAGE -DDEBUG -DSWIFT_MODULE_RESOURCE_BUNDLE_UNAVAILABLE -DXcode -plugin-path /Applications/Xcode.app/Contents/Developer/Toolchains/XcodeDefault.xctoolchain/usr/lib/swift/host/plugins/testing -enable-experimental-feature DebugDescriptionMacro -sdk /Applications/Xcode.app/Contents/Developer/Platforms/iPhoneSimulator.platform/Developer/SDKs/iPhoneSimulator26.5.sdk -target x86_64-apple-ios26.0-simulator -g -module-cache-path /Users/mdd/zhk/kanpan-ringtone/DerivedData-ringtone/ModuleCache.noindex -Xfrontend -serialize-debugging-options -enable-testing -suppress-warnings -index-store-path /Users/mdd/zhk/kanpan-ringtone/DerivedData-ringtone/Index.noindex/DataStore -Xcc -D_LIBCPP_HARDENING_MODE\=_LIBCPP_HARDENING_MODE_DEBUG -swift-version 6 -I /Users/mdd/zhk/kanpan-ringtone/DerivedData-ringtone/Build/Products/Debug-iphonesimulator -Isystem /Applications/Xcode.app/Contents/Developer/Platforms/iPhoneSimulator.platform/Developer/usr/lib -F /Users/mdd/zhk/kanpan-ringtone/DerivedData-ringtone/Build/Products/Debug-iphonesimulator -F /Applications/Xcode.app/Contents/Developer/Platforms/iPhoneSimulator.platform/Developer/Library/Frameworks -F /Applications/Xcode.app/Contents/Developer/Platforms/iPhoneSimulator.platform/Developer/SDKs/iPhoneSimulator26.5.sdk/Developer/Library/Frameworks -c -j10 -enable-batch-mode -incremental -Xcc -ivfsstatcache -Xcc /Users/mdd/zhk/kanpan-ringtone/DerivedData-ringtone/SDKStatCaches.noindex/iphonesimulator26.5-23F81a-6cfe768891a92b912361537c460fe42b.sdkstatcache -output-file-map /Users/mdd/zhk/kanpan-ringtone/DerivedData-ringtone/Build/Intermediates.noindex/KanpanAccount.build/Debug-iphonesimulator/KanpanAccount.build/Objects-normal/x86_64/KanpanAccount-OutputFileMap.json -use-frontend-parseable-output -save-temps -no-color-diagnostics -explicit-module-build -module-cache-path /Users/mdd/zhk/kanpan-ringtone/DerivedData-ringtone/Build/Intermediates.noindex/SwiftExplicitPrecompiledModules -clang-scanner-module-cache-path /Users/mdd/zhk/kanpan-ringtone/DerivedData-ringtone/ModuleCache.noindex -sdk-module-cache-path /Users/mdd/zhk/kanpan-ringtone/DerivedData-ringtone/ModuleCache.noindex -serialize-diagnostics -emit-dependencies -emit-module -emit-module-path /Users/mdd/zhk/kanpan-ringtone/DerivedData-ringtone/Build/Intermediates.noindex/KanpanAccount.build/Debug-iphonesimulator/KanpanAccount.build/Objects-normal/x86_64/KanpanAccount.swiftmodule -validate-clang-modules-once -clang-build-session-file /Users/mdd/zhk/kanpan-ringtone/DerivedData-ringtone/ModuleCache.noindex/Session.modulevalidation -package-name kanpanaccount -Xcc -I/Users/mdd/zhk/kanpan-ringtone/DerivedData-ringtone/Build/Intermediates.noindex/KanpanAccount.build/Debug-iphonesimulator/KanpanAccount.build/swift-overrides.hmap -emit-const-values -Xfrontend -const-gather-protocols-file -Xfrontend /Users/mdd/zhk/kanpan-ringtone/DerivedData-ringtone/Build/Intermediates.noindex/KanpanAccount.build/Debug-iphonesimulator/KanpanAccount.build/Objects-normal/x86_64/KanpanAccount_const_extract_protocols.json -Xcc -I/Users/mdd/zhk/kanpan-ringtone/DerivedData-ringtone/Build/Products/Debug-iphonesimulator/include -Xcc -I/Users/mdd/zhk/kanpan-ringtone/DerivedData-ringtone/Build/Intermediates.noindex/KanpanAccount.build/Debug-iphonesimulator/KanpanAccount.build/DerivedSources-normal/x86_64 -Xcc -I/Users/mdd/zhk/kanpan-ringtone/DerivedData-ringtone/Build/Intermediates.noindex/KanpanAccount.build/Debug-iphonesimulator/KanpanAccount.build/DerivedSources/x86_64 -Xcc -I/Users/mdd/zhk/kanpan-ringtone/DerivedData-ringtone/Build/Intermediates.noindex/KanpanAccount.build/Debug-iphonesimulator/KanpanAccount.build/DerivedSources -Xcc -DSWIFT_PACKAGE -Xcc -DDEBUG\=1 -emit-objc-header -emit-objc-header-path /Users/mdd/zhk/kanpan-ringtone/DerivedData-ringtone/Build/Intermediates.noindex/KanpanAccount.build/Debug-iphonesimulator/KanpanAccount.build/Objects-normal/x86_64/KanpanAccount-Swift.h -working-directory /Users/mdd/zhk/kanpan-ringtone -experimental-emit-module-separately -disable-cmo

CreateUniversalBinary /Users/mdd/zhk/kanpan-ringtone/DerivedData-ringtone/Build/Products/Debug-iphonesimulator/KanpanCore.o normal arm64\ x86_64 (in target 'KanpanCore' from project 'KanpanCore')
    cd /Users/mdd/zhk/kanpan-ringtone/KanpanCore
    /Applications/Xcode.app/Contents/Developer/Toolchains/XcodeDefault.xctoolchain/usr/bin/lipo -create /Users/mdd/zhk/kanpan-ringtone/DerivedData-ringtone/Build/Intermediates.noindex/KanpanCore.build/Debug-iphonesimulator/KanpanCore.build/Objects-normal/arm64/Binary/KanpanCore.o /Users/mdd/zhk/kanpan-ringtone/DerivedData-ringtone/Build/Intermediates.noindex/KanpanCore.build/Debug-iphonesimulator/KanpanCore.build/Objects-normal/x86_64/Binary/KanpanCore.o -output /Users/mdd/zhk/kanpan-ringtone/DerivedData-ringtone/Build/Products/Debug-iphonesimulator/KanpanCore.o

SwiftDriver\ Compilation\ Requirements KanpanAccount normal x86_64 com.apple.xcode.tools.swift.compiler (in target 'KanpanAccount' from project 'KanpanAccount')
    cd /Users/mdd/zhk/kanpan-ringtone
    builtin-Swift-Compilation-Requirements -- /Applications/Xcode.app/Contents/Developer/Toolchains/XcodeDefault.xctoolchain/usr/bin/swiftc -module-name KanpanAccount -Onone @/Users/mdd/zhk/kanpan-ringtone/DerivedData-ringtone/Build/Intermediates.noindex/KanpanAccount.build/Debug-iphonesimulator/KanpanAccount.build/Objects-normal/x86_64/KanpanAccount.SwiftFileList -DSWIFT_PACKAGE -DDEBUG -DSWIFT_MODULE_RESOURCE_BUNDLE_UNAVAILABLE -DXcode -plugin-path /Applications/Xcode.app/Contents/Developer/Toolchains/XcodeDefault.xctoolchain/usr/lib/swift/host/plugins/testing -enable-experimental-feature DebugDescriptionMacro -sdk /Applications/Xcode.app/Contents/Developer/Platforms/iPhoneSimulator.platform/Developer/SDKs/iPhoneSimulator26.5.sdk -target x86_64-apple-ios26.0-simulator -g -module-cache-path /Users/mdd/zhk/kanpan-ringtone/DerivedData-ringtone/ModuleCache.noindex -Xfrontend -serialize-debugging-options -enable-testing -suppress-warnings -index-store-path /Users/mdd/zhk/kanpan-ringtone/DerivedData-ringtone/Index.noindex/DataStore -Xcc -D_LIBCPP_HARDENING_MODE\=_LIBCPP_HARDENING_MODE_DEBUG -swift-version 6 -I /Users/mdd/zhk/kanpan-ringtone/DerivedData-ringtone/Build/Products/Debug-iphonesimulator -Isystem /Applications/Xcode.app/Contents/Developer/Platforms/iPhoneSimulator.platform/Developer/usr/lib -F /Users/mdd/zhk/kanpan-ringtone/DerivedData-ringtone/Build/Products/Debug-iphonesimulator -F /Applications/Xcode.app/Contents/Developer/Platforms/iPhoneSimulator.platform/Developer/Library/Frameworks -F /Applications/Xcode.app/Contents/Developer/Platforms/iPhoneSimulator.platform/Developer/SDKs/iPhoneSimulator26.5.sdk/Developer/Library/Frameworks -c -j10 -enable-batch-mode -incremental -Xcc -ivfsstatcache -Xcc /Users/mdd/zhk/kanpan-ringtone/DerivedData-ringtone/SDKStatCaches.noindex/iphonesimulator26.5-23F81a-6cfe768891a92b912361537c460fe42b.sdkstatcache -output-file-map /Users/mdd/zhk/kanpan-ringtone/DerivedData-ringtone/Build/Intermediates.noindex/KanpanAccount.build/Debug-iphonesimulator/KanpanAccount.build/Objects-normal/x86_64/KanpanAccount-OutputFileMap.json -use-frontend-parseable-output -save-temps -no-color-diagnostics -explicit-module-build -module-cache-path /Users/mdd/zhk/kanpan-ringtone/DerivedData-ringtone/Build/Intermediates.noindex/SwiftExplicitPrecompiledModules -clang-scanner-module-cache-path /Users/mdd/zhk/kanpan-ringtone/DerivedData-ringtone/ModuleCache.noindex -sdk-module-cache-path /Users/mdd/zhk/kanpan-ringtone/DerivedData-ringtone/ModuleCache.noindex -serialize-diagnostics -emit-dependencies -emit-module -emit-module-path /Users/mdd/zhk/kanpan-ringtone/DerivedData-ringtone/Build/Intermediates.noindex/KanpanAccount.build/Debug-iphonesimulator/KanpanAccount.build/Objects-normal/x86_64/KanpanAccount.swiftmodule -validate-clang-modules-once -clang-build-session-file /Users/mdd/zhk/kanpan-ringtone/DerivedData-ringtone/ModuleCache.noindex/Session.modulevalidation -package-name kanpanaccount -Xcc -I/Users/mdd/zhk/kanpan-ringtone/DerivedData-ringtone/Build/Intermediates.noindex/KanpanAccount.build/Debug-iphonesimulator/KanpanAccount.build/swift-overrides.hmap -emit-const-values -Xfrontend -const-gather-protocols-file -Xfrontend /Users/mdd/zhk/kanpan-ringtone/DerivedData-ringtone/Build/Intermediates.noindex/KanpanAccount.build/Debug-iphonesimulator/KanpanAccount.build/Objects-normal/x86_64/KanpanAccount_const_extract_protocols.json -Xcc -I/Users/mdd/zhk/kanpan-ringtone/DerivedData-ringtone/Build/Products/Debug-iphonesimulator/include -Xcc -I/Users/mdd/zhk/kanpan-ringtone/DerivedData-ringtone/Build/Intermediates.noindex/KanpanAccount.build/Debug-iphonesimulator/KanpanAccount.build/DerivedSources-normal/x86_64 -Xcc -I/Users/mdd/zhk/kanpan-ringtone/DerivedData-ringtone/Build/Intermediates.noindex/KanpanAccount.build/Debug-iphonesimulator/KanpanAccount.build/DerivedSources/x86_64 -Xcc -I/Users/mdd/zhk/kanpan-ringtone/DerivedData-ringtone/Build/Intermediates.noindex/KanpanAccount.build/Debug-iphonesimulator/KanpanAccount.build/DerivedSources -Xcc -DSWIFT_PACKAGE -Xcc -DDEBUG\=1 -emit-objc-header -emit-objc-header-path /Users/mdd/zhk/kanpan-ringtone/DerivedData-ringtone/Build/Intermediates.noindex/KanpanAccount.build/Debug-iphonesimulator/KanpanAccount.build/Objects-normal/x86_64/KanpanAccount-Swift.h -working-directory /Users/mdd/zhk/kanpan-ringtone -experimental-emit-module-separately -disable-cmo

SwiftDriver\ Compilation\ Requirements KanpanAccount normal arm64 com.apple.xcode.tools.swift.compiler (in target 'KanpanAccount' from project 'KanpanAccount')
    cd /Users/mdd/zhk/kanpan-ringtone
    builtin-Swift-Compilation-Requirements -- /Applications/Xcode.app/Contents/Developer/Toolchains/XcodeDefault.xctoolchain/usr/bin/swiftc -module-name KanpanAccount -Onone @/Users/mdd/zhk/kanpan-ringtone/DerivedData-ringtone/Build/Intermediates.noindex/KanpanAccount.build/Debug-iphonesimulator/KanpanAccount.build/Objects-normal/arm64/KanpanAccount.SwiftFileList -DSWIFT_PACKAGE -DDEBUG -DSWIFT_MODULE_RESOURCE_BUNDLE_UNAVAILABLE -DXcode -plugin-path /Applications/Xcode.app/Contents/Developer/Toolchains/XcodeDefault.xctoolchain/usr/lib/swift/host/plugins/testing -enable-experimental-feature DebugDescriptionMacro -sdk /Applications/Xcode.app/Contents/Developer/Platforms/iPhoneSimulator.platform/Developer/SDKs/iPhoneSimulator26.5.sdk -target arm64-apple-ios26.0-simulator -g -module-cache-path /Users/mdd/zhk/kanpan-ringtone/DerivedData-ringtone/ModuleCache.noindex -Xfrontend -serialize-debugging-options -enable-testing -suppress-warnings -index-store-path /Users/mdd/zhk/kanpan-ringtone/DerivedData-ringtone/Index.noindex/DataStore -Xcc -D_LIBCPP_HARDENING_MODE\=_LIBCPP_HARDENING_MODE_DEBUG -swift-version 6 -I /Users/mdd/zhk/kanpan-ringtone/DerivedData-ringtone/Build/Products/Debug-iphonesimulator -Isystem /Applications/Xcode.app/Contents/Developer/Platforms/iPhoneSimulator.platform/Developer/usr/lib -F /Users/mdd/zhk/kanpan-ringtone/DerivedData-ringtone/Build/Products/Debug-iphonesimulator -F /Applications/Xcode.app/Contents/Developer/Platforms/iPhoneSimulator.platform/Developer/Library/Frameworks -F /Applications/Xcode.app/Contents/Developer/Platforms/iPhoneSimulator.platform/Developer/SDKs/iPhoneSimulator26.5.sdk/Developer/Library/Frameworks -c -j10 -enable-batch-mode -incremental -Xcc -ivfsstatcache -Xcc /Users/mdd/zhk/kanpan-ringtone/DerivedData-ringtone/SDKStatCaches.noindex/iphonesimulator26.5-23F81a-6cfe768891a92b912361537c460fe42b.sdkstatcache -output-file-map /Users/mdd/zhk/kanpan-ringtone/DerivedData-ringtone/Build/Intermediates.noindex/KanpanAccount.build/Debug-iphonesimulator/KanpanAccount.build/Objects-normal/arm64/KanpanAccount-OutputFileMap.json -use-frontend-parseable-output -save-temps -no-color-diagnostics -explicit-module-build -module-cache-path /Users/mdd/zhk/kanpan-ringtone/DerivedData-ringtone/Build/Intermediates.noindex/SwiftExplicitPrecompiledModules -clang-scanner-module-cache-path /Users/mdd/zhk/kanpan-ringtone/DerivedData-ringtone/ModuleCache.noindex -sdk-module-cache-path /Users/mdd/zhk/kanpan-ringtone/DerivedData-ringtone/ModuleCache.noindex -serialize-diagnostics -emit-dependencies -emit-module -emit-module-path /Users/mdd/zhk/kanpan-ringtone/DerivedData-ringtone/Build/Intermediates.noindex/KanpanAccount.build/Debug-iphonesimulator/KanpanAccount.build/Objects-normal/arm64/KanpanAccount.swiftmodule -validate-clang-modules-once -clang-build-session-file /Users/mdd/zhk/kanpan-ringtone/DerivedData-ringtone/ModuleCache.noindex/Session.modulevalidation -package-name kanpanaccount -Xcc -I/Users/mdd/zhk/kanpan-ringtone/DerivedData-ringtone/Build/Intermediates.noindex/KanpanAccount.build/Debug-iphonesimulator/KanpanAccount.build/swift-overrides.hmap -emit-const-values -Xfrontend -const-gather-protocols-file -Xfrontend /Users/mdd/zhk/kanpan-ringtone/DerivedData-ringtone/Build/Intermediates.noindex/KanpanAccount.build/Debug-iphonesimulator/KanpanAccount.build/Objects-normal/arm64/KanpanAccount_const_extract_protocols.json -Xcc -I/Users/mdd/zhk/kanpan-ringtone/DerivedData-ringtone/Build/Products/Debug-iphonesimulator/include -Xcc -I/Users/mdd/zhk/kanpan-ringtone/DerivedData-ringtone/Build/Intermediates.noindex/KanpanAccount.build/Debug-iphonesimulator/KanpanAccount.build/DerivedSources-normal/arm64 -Xcc -I/Users/mdd/zhk/kanpan-ringtone/DerivedData-ringtone/Build/Intermediates.noindex/KanpanAccount.build/Debug-iphonesimulator/KanpanAccount.build/DerivedSources/arm64 -Xcc -I/Users/mdd/zhk/kanpan-ringtone/DerivedData-ringtone/Build/Intermediates.noindex/KanpanAccount.build/Debug-iphonesimulator/KanpanAccount.build/DerivedSources -Xcc -DSWIFT_PACKAGE -Xcc -DDEBUG\=1 -emit-objc-header -emit-objc-header-path /Users/mdd/zhk/kanpan-ringtone/DerivedData-ringtone/Build/Intermediates.noindex/KanpanAccount.build/Debug-iphonesimulator/KanpanAccount.build/Objects-normal/arm64/KanpanAccount-Swift.h -working-directory /Users/mdd/zhk/kanpan-ringtone -experimental-emit-module-separately -disable-cmo

SwiftDriver\ Compilation KanpanAccount normal x86_64 com.apple.xcode.tools.swift.compiler (in target 'KanpanAccount' from project 'KanpanAccount')
    cd /Users/mdd/zhk/kanpan-ringtone
    builtin-Swift-Compilation -- /Applications/Xcode.app/Contents/Developer/Toolchains/XcodeDefault.xctoolchain/usr/bin/swiftc -module-name KanpanAccount -Onone @/Users/mdd/zhk/kanpan-ringtone/DerivedData-ringtone/Build/Intermediates.noindex/KanpanAccount.build/Debug-iphonesimulator/KanpanAccount.build/Objects-normal/x86_64/KanpanAccount.SwiftFileList -DSWIFT_PACKAGE -DDEBUG -DSWIFT_MODULE_RESOURCE_BUNDLE_UNAVAILABLE -DXcode -plugin-path /Applications/Xcode.app/Contents/Developer/Toolchains/XcodeDefault.xctoolchain/usr/lib/swift/host/plugins/testing -enable-experimental-feature DebugDescriptionMacro -sdk /Applications/Xcode.app/Contents/Developer/Platforms/iPhoneSimulator.platform/Developer/SDKs/iPhoneSimulator26.5.sdk -target x86_64-apple-ios26.0-simulator -g -module-cache-path /Users/mdd/zhk/kanpan-ringtone/DerivedData-ringtone/ModuleCache.noindex -Xfrontend -serialize-debugging-options -enable-testing -suppress-warnings -index-store-path /Users/mdd/zhk/kanpan-ringtone/DerivedData-ringtone/Index.noindex/DataStore -Xcc -D_LIBCPP_HARDENING_MODE\=_LIBCPP_HARDENING_MODE_DEBUG -swift-version 6 -I /Users/mdd/zhk/kanpan-ringtone/DerivedData-ringtone/Build/Products/Debug-iphonesimulator -Isystem /Applications/Xcode.app/Contents/Developer/Platforms/iPhoneSimulator.platform/Developer/usr/lib -F /Users/mdd/zhk/kanpan-ringtone/DerivedData-ringtone/Build/Products/Debug-iphonesimulator -F /Applications/Xcode.app/Contents/Developer/Platforms/iPhoneSimulator.platform/Developer/Library/Frameworks -F /Applications/Xcode.app/Contents/Developer/Platforms/iPhoneSimulator.platform/Developer/SDKs/iPhoneSimulator26.5.sdk/Developer/Library/Frameworks -c -j10 -enable-batch-mode -incremental -Xcc -ivfsstatcache -Xcc /Users/mdd/zhk/kanpan-ringtone/DerivedData-ringtone/SDKStatCaches.noindex/iphonesimulator26.5-23F81a-6cfe768891a92b912361537c460fe42b.sdkstatcache -output-file-map /Users/mdd/zhk/kanpan-ringtone/DerivedData-ringtone/Build/Intermediates.noindex/KanpanAccount.build/Debug-iphonesimulator/KanpanAccount.build/Objects-normal/x86_64/KanpanAccount-OutputFileMap.json -use-frontend-parseable-output -save-temps -no-color-diagnostics -explicit-module-build -module-cache-path /Users/mdd/zhk/kanpan-ringtone/DerivedData-ringtone/Build/Intermediates.noindex/SwiftExplicitPrecompiledModules -clang-scanner-module-cache-path /Users/mdd/zhk/kanpan-ringtone/DerivedData-ringtone/ModuleCache.noindex -sdk-module-cache-path /Users/mdd/zhk/kanpan-ringtone/DerivedData-ringtone/ModuleCache.noindex -serialize-diagnostics -emit-dependencies -emit-module -emit-module-path /Users/mdd/zhk/kanpan-ringtone/DerivedData-ringtone/Build/Intermediates.noindex/KanpanAccount.build/Debug-iphonesimulator/KanpanAccount.build/Objects-normal/x86_64/KanpanAccount.swiftmodule -validate-clang-modules-once -clang-build-session-file /Users/mdd/zhk/kanpan-ringtone/DerivedData-ringtone/ModuleCache.noindex/Session.modulevalidation -package-name kanpanaccount -Xcc -I/Users/mdd/zhk/kanpan-ringtone/DerivedData-ringtone/Build/Intermediates.noindex/KanpanAccount.build/Debug-iphonesimulator/KanpanAccount.build/swift-overrides.hmap -emit-const-values -Xfrontend -const-gather-protocols-file -Xfrontend /Users/mdd/zhk/kanpan-ringtone/DerivedData-ringtone/Build/Intermediates.noindex/KanpanAccount.build/Debug-iphonesimulator/KanpanAccount.build/Objects-normal/x86_64/KanpanAccount_const_extract_protocols.json -Xcc -I/Users/mdd/zhk/kanpan-ringtone/DerivedData-ringtone/Build/Products/Debug-iphonesimulator/include -Xcc -I/Users/mdd/zhk/kanpan-ringtone/DerivedData-ringtone/Build/Intermediates.noindex/KanpanAccount.build/Debug-iphonesimulator/KanpanAccount.build/DerivedSources-normal/x86_64 -Xcc -I/Users/mdd/zhk/kanpan-ringtone/DerivedData-ringtone/Build/Intermediates.noindex/KanpanAccount.build/Debug-iphonesimulator/KanpanAccount.build/DerivedSources/x86_64 -Xcc -I/Users/mdd/zhk/kanpan-ringtone/DerivedData-ringtone/Build/Intermediates.noindex/KanpanAccount.build/Debug-iphonesimulator/KanpanAccount.build/DerivedSources -Xcc -DSWIFT_PACKAGE -Xcc -DDEBUG\=1 -emit-objc-header -emit-objc-header-path /Users/mdd/zhk/kanpan-ringtone/DerivedData-ringtone/Build/Intermediates.noindex/KanpanAccount.build/Debug-iphonesimulator/KanpanAccount.build/Objects-normal/x86_64/KanpanAccount-Swift.h -working-directory /Users/mdd/zhk/kanpan-ringtone -experimental-emit-module-separately -disable-cmo

Copy /Users/mdd/zhk/kanpan-ringtone/DerivedData-ringtone/Build/Products/Debug-iphonesimulator/KanpanAccount.swiftmodule/x86_64-apple-ios-simulator.swiftmodule /Users/mdd/zhk/kanpan-ringtone/DerivedData-ringtone/Build/Intermediates.noindex/KanpanAccount.build/Debug-iphonesimulator/KanpanAccount.build/Objects-normal/x86_64/KanpanAccount.swiftmodule (in target 'KanpanAccount' from project 'KanpanAccount')
    cd /Users/mdd/zhk/kanpan-ringtone/KanpanAccount
    builtin-copy -exclude .DS_Store -exclude CVS -exclude .svn -exclude .git -exclude .hg -resolve-src-symlinks -rename /Users/mdd/zhk/kanpan-ringtone/DerivedData-ringtone/Build/Intermediates.noindex/KanpanAccount.build/Debug-iphonesimulator/KanpanAccount.build/Objects-normal/x86_64/KanpanAccount.swiftmodule /Users/mdd/zhk/kanpan-ringtone/DerivedData-ringtone/Build/Products/Debug-iphonesimulator/KanpanAccount.swiftmodule/x86_64-apple-ios-simulator.swiftmodule

SwiftMergeGeneratedHeaders /Users/mdd/zhk/kanpan-ringtone/DerivedData-ringtone/Build/Intermediates.noindex/GeneratedModuleMaps-iphonesimulator/KanpanAccount-Swift.h /Users/mdd/zhk/kanpan-ringtone/DerivedData-ringtone/Build/Intermediates.noindex/KanpanAccount.build/Debug-iphonesimulator/KanpanAccount.build/Objects-normal/arm64/KanpanAccount-Swift.h /Users/mdd/zhk/kanpan-ringtone/DerivedData-ringtone/Build/Intermediates.noindex/KanpanAccount.build/Debug-iphonesimulator/KanpanAccount.build/Objects-normal/x86_64/KanpanAccount-Swift.h (in target 'KanpanAccount' from project 'KanpanAccount')
    cd /Users/mdd/zhk/kanpan-ringtone/KanpanAccount
    builtin-swiftHeaderTool -arch arm64 /Users/mdd/zhk/kanpan-ringtone/DerivedData-ringtone/Build/Intermediates.noindex/KanpanAccount.build/Debug-iphonesimulator/KanpanAccount.build/Objects-normal/arm64/KanpanAccount-Swift.h -arch x86_64 /Users/mdd/zhk/kanpan-ringtone/DerivedData-ringtone/Build/Intermediates.noindex/KanpanAccount.build/Debug-iphonesimulator/KanpanAccount.build/Objects-normal/x86_64/KanpanAccount-Swift.h -o /Users/mdd/zhk/kanpan-ringtone/DerivedData-ringtone/Build/Intermediates.noindex/GeneratedModuleMaps-iphonesimulator/KanpanAccount-Swift.h

Copy /Users/mdd/zhk/kanpan-ringtone/DerivedData-ringtone/Build/Products/Debug-iphonesimulator/KanpanAccount.swiftmodule/x86_64-apple-ios-simulator.swiftdoc /Users/mdd/zhk/kanpan-ringtone/DerivedData-ringtone/Build/Intermediates.noindex/KanpanAccount.build/Debug-iphonesimulator/KanpanAccount.build/Objects-normal/x86_64/KanpanAccount.swiftdoc (in target 'KanpanAccount' from project 'KanpanAccount')
    cd /Users/mdd/zhk/kanpan-ringtone/KanpanAccount
    builtin-copy -exclude .DS_Store -exclude CVS -exclude .svn -exclude .git -exclude .hg -resolve-src-symlinks -rename /Users/mdd/zhk/kanpan-ringtone/DerivedData-ringtone/Build/Intermediates.noindex/KanpanAccount.build/Debug-iphonesimulator/KanpanAccount.build/Objects-normal/x86_64/KanpanAccount.swiftdoc /Users/mdd/zhk/kanpan-ringtone/DerivedData-ringtone/Build/Products/Debug-iphonesimulator/KanpanAccount.swiftmodule/x86_64-apple-ios-simulator.swiftdoc

Copy /Users/mdd/zhk/kanpan-ringtone/DerivedData-ringtone/Build/Products/Debug-iphonesimulator/KanpanAccount.swiftmodule/x86_64-apple-ios-simulator.abi.json /Users/mdd/zhk/kanpan-ringtone/DerivedData-ringtone/Build/Intermediates.noindex/KanpanAccount.build/Debug-iphonesimulator/KanpanAccount.build/Objects-normal/x86_64/KanpanAccount.abi.json (in target 'KanpanAccount' from project 'KanpanAccount')
    cd /Users/mdd/zhk/kanpan-ringtone/KanpanAccount
    builtin-copy -exclude .DS_Store -exclude CVS -exclude .svn -exclude .git -exclude .hg -resolve-src-symlinks -rename /Users/mdd/zhk/kanpan-ringtone/DerivedData-ringtone/Build/Intermediates.noindex/KanpanAccount.build/Debug-iphonesimulator/KanpanAccount.build/Objects-normal/x86_64/KanpanAccount.abi.json /Users/mdd/zhk/kanpan-ringtone/DerivedData-ringtone/Build/Products/Debug-iphonesimulator/KanpanAccount.swiftmodule/x86_64-apple-ios-simulator.abi.json

Copy /Users/mdd/zhk/kanpan-ringtone/DerivedData-ringtone/Build/Products/Debug-iphonesimulator/KanpanAccount.swiftmodule/arm64-apple-ios-simulator.swiftmodule /Users/mdd/zhk/kanpan-ringtone/DerivedData-ringtone/Build/Intermediates.noindex/KanpanAccount.build/Debug-iphonesimulator/KanpanAccount.build/Objects-normal/arm64/KanpanAccount.swiftmodule (in target 'KanpanAccount' from project 'KanpanAccount')
    cd /Users/mdd/zhk/kanpan-ringtone/KanpanAccount
    builtin-copy -exclude .DS_Store -exclude CVS -exclude .svn -exclude .git -exclude .hg -resolve-src-symlinks -rename /Users/mdd/zhk/kanpan-ringtone/DerivedData-ringtone/Build/Intermediates.noindex/KanpanAccount.build/Debug-iphonesimulator/KanpanAccount.build/Objects-normal/arm64/KanpanAccount.swiftmodule /Users/mdd/zhk/kanpan-ringtone/DerivedData-ringtone/Build/Products/Debug-iphonesimulator/KanpanAccount.swiftmodule/arm64-apple-ios-simulator.swiftmodule

Copy /Users/mdd/zhk/kanpan-ringtone/DerivedData-ringtone/Build/Products/Debug-iphonesimulator/KanpanAccount.swiftmodule/arm64-apple-ios-simulator.swiftdoc /Users/mdd/zhk/kanpan-ringtone/DerivedData-ringtone/Build/Intermediates.noindex/KanpanAccount.build/Debug-iphonesimulator/KanpanAccount.build/Objects-normal/arm64/KanpanAccount.swiftdoc (in target 'KanpanAccount' from project 'KanpanAccount')
    cd /Users/mdd/zhk/kanpan-ringtone/KanpanAccount
    builtin-copy -exclude .DS_Store -exclude CVS -exclude .svn -exclude .git -exclude .hg -resolve-src-symlinks -rename /Users/mdd/zhk/kanpan-ringtone/DerivedData-ringtone/Build/Intermediates.noindex/KanpanAccount.build/Debug-iphonesimulator/KanpanAccount.build/Objects-normal/arm64/KanpanAccount.swiftdoc /Users/mdd/zhk/kanpan-ringtone/DerivedData-ringtone/Build/Products/Debug-iphonesimulator/KanpanAccount.swiftmodule/arm64-apple-ios-simulator.swiftdoc

Copy /Users/mdd/zhk/kanpan-ringtone/DerivedData-ringtone/Build/Products/Debug-iphonesimulator/KanpanAccount.swiftmodule/arm64-apple-ios-simulator.abi.json /Users/mdd/zhk/kanpan-ringtone/DerivedData-ringtone/Build/Intermediates.noindex/KanpanAccount.build/Debug-iphonesimulator/KanpanAccount.build/Objects-normal/arm64/KanpanAccount.abi.json (in target 'KanpanAccount' from project 'KanpanAccount')
    cd /Users/mdd/zhk/kanpan-ringtone/KanpanAccount
    builtin-copy -exclude .DS_Store -exclude CVS -exclude .svn -exclude .git -exclude .hg -resolve-src-symlinks -rename /Users/mdd/zhk/kanpan-ringtone/DerivedData-ringtone/Build/Intermediates.noindex/KanpanAccount.build/Debug-iphonesimulator/KanpanAccount.build/Objects-normal/arm64/KanpanAccount.abi.json /Users/mdd/zhk/kanpan-ringtone/DerivedData-ringtone/Build/Products/Debug-iphonesimulator/KanpanAccount.swiftmodule/arm64-apple-ios-simulator.abi.json

Copy /Users/mdd/zhk/kanpan-ringtone/DerivedData-ringtone/Build/Products/Debug-iphonesimulator/KanpanAccount.swiftmodule/Project/x86_64-apple-ios-simulator.swiftsourceinfo /Users/mdd/zhk/kanpan-ringtone/DerivedData-ringtone/Build/Intermediates.noindex/KanpanAccount.build/Debug-iphonesimulator/KanpanAccount.build/Objects-normal/x86_64/KanpanAccount.swiftsourceinfo (in target 'KanpanAccount' from project 'KanpanAccount')
    cd /Users/mdd/zhk/kanpan-ringtone/KanpanAccount
    builtin-copy -exclude .DS_Store -exclude CVS -exclude .svn -exclude .git -exclude .hg -resolve-src-symlinks -rename /Users/mdd/zhk/kanpan-ringtone/DerivedData-ringtone/Build/Intermediates.noindex/KanpanAccount.build/Debug-iphonesimulator/KanpanAccount.build/Objects-normal/x86_64/KanpanAccount.swiftsourceinfo /Users/mdd/zhk/kanpan-ringtone/DerivedData-ringtone/Build/Products/Debug-iphonesimulator/KanpanAccount.swiftmodule/Project/x86_64-apple-ios-simulator.swiftsourceinfo

Copy /Users/mdd/zhk/kanpan-ringtone/DerivedData-ringtone/Build/Products/Debug-iphonesimulator/KanpanAccount.swiftmodule/Project/arm64-apple-ios-simulator.swiftsourceinfo /Users/mdd/zhk/kanpan-ringtone/DerivedData-ringtone/Build/Intermediates.noindex/KanpanAccount.build/Debug-iphonesimulator/KanpanAccount.build/Objects-normal/arm64/KanpanAccount.swiftsourceinfo (in target 'KanpanAccount' from project 'KanpanAccount')
    cd /Users/mdd/zhk/kanpan-ringtone/KanpanAccount
    builtin-copy -exclude .DS_Store -exclude CVS -exclude .svn -exclude .git -exclude .hg -resolve-src-symlinks -rename /Users/mdd/zhk/kanpan-ringtone/DerivedData-ringtone/Build/Intermediates.noindex/KanpanAccount.build/Debug-iphonesimulator/KanpanAccount.build/Objects-normal/arm64/KanpanAccount.swiftsourceinfo /Users/mdd/zhk/kanpan-ringtone/DerivedData-ringtone/Build/Products/Debug-iphonesimulator/KanpanAccount.swiftmodule/Project/arm64-apple-ios-simulator.swiftsourceinfo

SwiftDriver\ Compilation KanpanAccount normal arm64 com.apple.xcode.tools.swift.compiler (in target 'KanpanAccount' from project 'KanpanAccount')
    cd /Users/mdd/zhk/kanpan-ringtone
    builtin-Swift-Compilation -- /Applications/Xcode.app/Contents/Developer/Toolchains/XcodeDefault.xctoolchain/usr/bin/swiftc -module-name KanpanAccount -Onone @/Users/mdd/zhk/kanpan-ringtone/DerivedData-ringtone/Build/Intermediates.noindex/KanpanAccount.build/Debug-iphonesimulator/KanpanAccount.build/Objects-normal/arm64/KanpanAccount.SwiftFileList -DSWIFT_PACKAGE -DDEBUG -DSWIFT_MODULE_RESOURCE_BUNDLE_UNAVAILABLE -DXcode -plugin-path /Applications/Xcode.app/Contents/Developer/Toolchains/XcodeDefault.xctoolchain/usr/lib/swift/host/plugins/testing -enable-experimental-feature DebugDescriptionMacro -sdk /Applications/Xcode.app/Contents/Developer/Platforms/iPhoneSimulator.platform/Developer/SDKs/iPhoneSimulator26.5.sdk -target arm64-apple-ios26.0-simulator -g -module-cache-path /Users/mdd/zhk/kanpan-ringtone/DerivedData-ringtone/ModuleCache.noindex -Xfrontend -serialize-debugging-options -enable-testing -suppress-warnings -index-store-path /Users/mdd/zhk/kanpan-ringtone/DerivedData-ringtone/Index.noindex/DataStore -Xcc -D_LIBCPP_HARDENING_MODE\=_LIBCPP_HARDENING_MODE_DEBUG -swift-version 6 -I /Users/mdd/zhk/kanpan-ringtone/DerivedData-ringtone/Build/Products/Debug-iphonesimulator -Isystem /Applications/Xcode.app/Contents/Developer/Platforms/iPhoneSimulator.platform/Developer/usr/lib -F /Users/mdd/zhk/kanpan-ringtone/DerivedData-ringtone/Build/Products/Debug-iphonesimulator -F /Applications/Xcode.app/Contents/Developer/Platforms/iPhoneSimulator.platform/Developer/Library/Frameworks -F /Applications/Xcode.app/Contents/Developer/Platforms/iPhoneSimulator.platform/Developer/SDKs/iPhoneSimulator26.5.sdk/Developer/Library/Frameworks -c -j10 -enable-batch-mode -incremental -Xcc -ivfsstatcache -Xcc /Users/mdd/zhk/kanpan-ringtone/DerivedData-ringtone/SDKStatCaches.noindex/iphonesimulator26.5-23F81a-6cfe768891a92b912361537c460fe42b.sdkstatcache -output-file-map /Users/mdd/zhk/kanpan-ringtone/DerivedData-ringtone/Build/Intermediates.noindex/KanpanAccount.build/Debug-iphonesimulator/KanpanAccount.build/Objects-normal/arm64/KanpanAccount-OutputFileMap.json -use-frontend-parseable-output -save-temps -no-color-diagnostics -explicit-module-build -module-cache-path /Users/mdd/zhk/kanpan-ringtone/DerivedData-ringtone/Build/Intermediates.noindex/SwiftExplicitPrecompiledModules -clang-scanner-module-cache-path /Users/mdd/zhk/kanpan-ringtone/DerivedData-ringtone/ModuleCache.noindex -sdk-module-cache-path /Users/mdd/zhk/kanpan-ringtone/DerivedData-ringtone/ModuleCache.noindex -serialize-diagnostics -emit-dependencies -emit-module -emit-module-path /Users/mdd/zhk/kanpan-ringtone/DerivedData-ringtone/Build/Intermediates.noindex/KanpanAccount.build/Debug-iphonesimulator/KanpanAccount.build/Objects-normal/arm64/KanpanAccount.swiftmodule -validate-clang-modules-once -clang-build-session-file /Users/mdd/zhk/kanpan-ringtone/DerivedData-ringtone/ModuleCache.noindex/Session.modulevalidation -package-name kanpanaccount -Xcc -I/Users/mdd/zhk/kanpan-ringtone/DerivedData-ringtone/Build/Intermediates.noindex/KanpanAccount.build/Debug-iphonesimulator/KanpanAccount.build/swift-overrides.hmap -emit-const-values -Xfrontend -const-gather-protocols-file -Xfrontend /Users/mdd/zhk/kanpan-ringtone/DerivedData-ringtone/Build/Intermediates.noindex/KanpanAccount.build/Debug-iphonesimulator/KanpanAccount.build/Objects-normal/arm64/KanpanAccount_const_extract_protocols.json -Xcc -I/Users/mdd/zhk/kanpan-ringtone/DerivedData-ringtone/Build/Products/Debug-iphonesimulator/include -Xcc -I/Users/mdd/zhk/kanpan-ringtone/DerivedData-ringtone/Build/Intermediates.noindex/KanpanAccount.build/Debug-iphonesimulator/KanpanAccount.build/DerivedSources-normal/arm64 -Xcc -I/Users/mdd/zhk/kanpan-ringtone/DerivedData-ringtone/Build/Intermediates.noindex/KanpanAccount.build/Debug-iphonesimulator/KanpanAccount.build/DerivedSources/arm64 -Xcc -I/Users/mdd/zhk/kanpan-ringtone/DerivedData-ringtone/Build/Intermediates.noindex/KanpanAccount.build/Debug-iphonesimulator/KanpanAccount.build/DerivedSources -Xcc -DSWIFT_PACKAGE -Xcc -DDEBUG\=1 -emit-objc-header -emit-objc-header-path /Users/mdd/zhk/kanpan-ringtone/DerivedData-ringtone/Build/Intermediates.noindex/KanpanAccount.build/Debug-iphonesimulator/KanpanAccount.build/Objects-normal/arm64/KanpanAccount-Swift.h -working-directory /Users/mdd/zhk/kanpan-ringtone -experimental-emit-module-separately -disable-cmo

SwiftDriver ReviewData normal arm64 com.apple.xcode.tools.swift.compiler (in target 'ReviewData' from project 'KanpanReview')
    cd /Users/mdd/zhk/kanpan-ringtone
    builtin-SwiftDriver -- /Applications/Xcode.app/Contents/Developer/Toolchains/XcodeDefault.xctoolchain/usr/bin/swiftc -module-name ReviewData -Onone @/Users/mdd/zhk/kanpan-ringtone/DerivedData-ringtone/Build/Intermediates.noindex/KanpanReview.build/Debug-iphonesimulator/ReviewData.build/Objects-normal/arm64/ReviewData.SwiftFileList -DSWIFT_PACKAGE -DDEBUG -DSWIFT_MODULE_RESOURCE_BUNDLE_UNAVAILABLE -DXcode -plugin-path /Applications/Xcode.app/Contents/Developer/Toolchains/XcodeDefault.xctoolchain/usr/lib/swift/host/plugins/testing -enable-experimental-feature DebugDescriptionMacro -sdk /Applications/Xcode.app/Contents/Developer/Platforms/iPhoneSimulator.platform/Developer/SDKs/iPhoneSimulator26.5.sdk -target arm64-apple-ios26.0-simulator -g -module-cache-path /Users/mdd/zhk/kanpan-ringtone/DerivedData-ringtone/ModuleCache.noindex -Xfrontend -serialize-debugging-options -enable-testing -suppress-warnings -index-store-path /Users/mdd/zhk/kanpan-ringtone/DerivedData-ringtone/Index.noindex/DataStore -Xcc -D_LIBCPP_HARDENING_MODE\=_LIBCPP_HARDENING_MODE_DEBUG -swift-version 6 -I /Users/mdd/zhk/kanpan-ringtone/DerivedData-ringtone/Build/Products/Debug-iphonesimulator -Isystem /Applications/Xcode.app/Contents/Developer/Platforms/iPhoneSimulator.platform/Developer/usr/lib -F /Users/mdd/zhk/kanpan-ringtone/DerivedData-ringtone/Build/Products/Debug-iphonesimulator/PackageFrameworks -F /Users/mdd/zhk/kanpan-ringtone/DerivedData-ringtone/Build/Products/Debug-iphonesimulator -F /Applications/Xcode.app/Contents/Developer/Platforms/iPhoneSimulator.platform/Developer/Library/Frameworks -F /Applications/Xcode.app/Contents/Developer/Platforms/iPhoneSimulator.platform/Developer/SDKs/iPhoneSimulator26.5.sdk/Developer/Library/Frameworks -c -j10 -enable-batch-mode -incremental -Xcc -ivfsstatcache -Xcc /Users/mdd/zhk/kanpan-ringtone/DerivedData-ringtone/SDKStatCaches.noindex/iphonesimulator26.5-23F81a-6cfe768891a92b912361537c460fe42b.sdkstatcache -output-file-map /Users/mdd/zhk/kanpan-ringtone/DerivedData-ringtone/Build/Intermediates.noindex/KanpanReview.build/Debug-iphonesimulator/ReviewData.build/Objects-normal/arm64/ReviewData-OutputFileMap.json -use-frontend-parseable-output -save-temps -no-color-diagnostics -explicit-module-build -module-cache-path /Users/mdd/zhk/kanpan-ringtone/DerivedData-ringtone/Build/Intermediates.noindex/SwiftExplicitPrecompiledModules -clang-scanner-module-cache-path /Users/mdd/zhk/kanpan-ringtone/DerivedData-ringtone/ModuleCache.noindex -sdk-module-cache-path /Users/mdd/zhk/kanpan-ringtone/DerivedData-ringtone/ModuleCache.noindex -serialize-diagnostics -emit-dependencies -emit-module -emit-module-path /Users/mdd/zhk/kanpan-ringtone/DerivedData-ringtone/Build/Intermediates.noindex/KanpanReview.build/Debug-iphonesimulator/ReviewData.build/Objects-normal/arm64/ReviewData.swiftmodule -validate-clang-modules-once -clang-build-session-file /Users/mdd/zhk/kanpan-ringtone/DerivedData-ringtone/ModuleCache.noindex/Session.modulevalidation -package-name kanpanreview -Xcc -I/Users/mdd/zhk/kanpan-ringtone/DerivedData-ringtone/Build/Intermediates.noindex/KanpanReview.build/Debug-iphonesimulator/ReviewData.build/swift-overrides.hmap -emit-const-values -Xfrontend -const-gather-protocols-file -Xfrontend /Users/mdd/zhk/kanpan-ringtone/DerivedData-ringtone/Build/Intermediates.noindex/KanpanReview.build/Debug-iphonesimulator/ReviewData.build/Objects-normal/arm64/ReviewData_const_extract_protocols.json -Xcc -I/Users/mdd/zhk/kanpan-ringtone/DerivedData-ringtone/Build/Products/Debug-iphonesimulator/include -Xcc -I/Users/mdd/zhk/kanpan-ringtone/DerivedData-ringtone/Build/Intermediates.noindex/KanpanReview.build/Debug-iphonesimulator/ReviewData.build/DerivedSources-normal/arm64 -Xcc -I/Users/mdd/zhk/kanpan-ringtone/DerivedData-ringtone/Build/Intermediates.noindex/KanpanReview.build/Debug-iphonesimulator/ReviewData.build/DerivedSources/arm64 -Xcc -I/Users/mdd/zhk/kanpan-ringtone/DerivedData-ringtone/Build/Intermediates.noindex/KanpanReview.build/Debug-iphonesimulator/ReviewData.build/DerivedSources -Xcc -DSWIFT_PACKAGE -Xcc -DDEBUG\=1 -emit-objc-header -emit-objc-header-path /Users/mdd/zhk/kanpan-ringtone/DerivedData-ringtone/Build/Intermediates.noindex/KanpanReview.build/Debug-iphonesimulator/ReviewData.build/Objects-normal/arm64/ReviewData-Swift.h -working-directory /Users/mdd/zhk/kanpan-ringtone -experimental-emit-module-separately -disable-cmo

SwiftDriver ReviewData normal x86_64 com.apple.xcode.tools.swift.compiler (in target 'ReviewData' from project 'KanpanReview')
    cd /Users/mdd/zhk/kanpan-ringtone
    builtin-SwiftDriver -- /Applications/Xcode.app/Contents/Developer/Toolchains/XcodeDefault.xctoolchain/usr/bin/swiftc -module-name ReviewData -Onone @/Users/mdd/zhk/kanpan-ringtone/DerivedData-ringtone/Build/Intermediates.noindex/KanpanReview.build/Debug-iphonesimulator/ReviewData.build/Objects-normal/x86_64/ReviewData.SwiftFileList -DSWIFT_PACKAGE -DDEBUG -DSWIFT_MODULE_RESOURCE_BUNDLE_UNAVAILABLE -DXcode -plugin-path /Applications/Xcode.app/Contents/Developer/Toolchains/XcodeDefault.xctoolchain/usr/lib/swift/host/plugins/testing -enable-experimental-feature DebugDescriptionMacro -sdk /Applications/Xcode.app/Contents/Developer/Platforms/iPhoneSimulator.platform/Developer/SDKs/iPhoneSimulator26.5.sdk -target x86_64-apple-ios26.0-simulator -g -module-cache-path /Users/mdd/zhk/kanpan-ringtone/DerivedData-ringtone/ModuleCache.noindex -Xfrontend -serialize-debugging-options -enable-testing -suppress-warnings -index-store-path /Users/mdd/zhk/kanpan-ringtone/DerivedData-ringtone/Index.noindex/DataStore -Xcc -D_LIBCPP_HARDENING_MODE\=_LIBCPP_HARDENING_MODE_DEBUG -swift-version 6 -I /Users/mdd/zhk/kanpan-ringtone/DerivedData-ringtone/Build/Products/Debug-iphonesimulator -Isystem /Applications/Xcode.app/Contents/Developer/Platforms/iPhoneSimulator.platform/Developer/usr/lib -F /Users/mdd/zhk/kanpan-ringtone/DerivedData-ringtone/Build/Products/Debug-iphonesimulator/PackageFrameworks -F /Users/mdd/zhk/kanpan-ringtone/DerivedData-ringtone/Build/Products/Debug-iphonesimulator -F /Applications/Xcode.app/Contents/Developer/Platforms/iPhoneSimulator.platform/Developer/Library/Frameworks -F /Applications/Xcode.app/Contents/Developer/Platforms/iPhoneSimulator.platform/Developer/SDKs/iPhoneSimulator26.5.sdk/Developer/Library/Frameworks -c -j10 -enable-batch-mode -incremental -Xcc -ivfsstatcache -Xcc /Users/mdd/zhk/kanpan-ringtone/DerivedData-ringtone/SDKStatCaches.noindex/iphonesimulator26.5-23F81a-6cfe768891a92b912361537c460fe42b.sdkstatcache -output-file-map /Users/mdd/zhk/kanpan-ringtone/DerivedData-ringtone/Build/Intermediates.noindex/KanpanReview.build/Debug-iphonesimulator/ReviewData.build/Objects-normal/x86_64/ReviewData-OutputFileMap.json -use-frontend-parseable-output -save-temps -no-color-diagnostics -explicit-module-build -module-cache-path /Users/mdd/zhk/kanpan-ringtone/DerivedData-ringtone/Build/Intermediates.noindex/SwiftExplicitPrecompiledModules -clang-scanner-module-cache-path /Users/mdd/zhk/kanpan-ringtone/DerivedData-ringtone/ModuleCache.noindex -sdk-module-cache-path /Users/mdd/zhk/kanpan-ringtone/DerivedData-ringtone/ModuleCache.noindex -serialize-diagnostics -emit-dependencies -emit-module -emit-module-path /Users/mdd/zhk/kanpan-ringtone/DerivedData-ringtone/Build/Intermediates.noindex/KanpanReview.build/Debug-iphonesimulator/ReviewData.build/Objects-normal/x86_64/ReviewData.swiftmodule -validate-clang-modules-once -clang-build-session-file /Users/mdd/zhk/kanpan-ringtone/DerivedData-ringtone/ModuleCache.noindex/Session.modulevalidation -package-name kanpanreview -Xcc -I/Users/mdd/zhk/kanpan-ringtone/DerivedData-ringtone/Build/Intermediates.noindex/KanpanReview.build/Debug-iphonesimulator/ReviewData.build/swift-overrides.hmap -emit-const-values -Xfrontend -const-gather-protocols-file -Xfrontend /Users/mdd/zhk/kanpan-ringtone/DerivedData-ringtone/Build/Intermediates.noindex/KanpanReview.build/Debug-iphonesimulator/ReviewData.build/Objects-normal/x86_64/ReviewData_const_extract_protocols.json -Xcc -I/Users/mdd/zhk/kanpan-ringtone/DerivedData-ringtone/Build/Products/Debug-iphonesimulator/include -Xcc -I/Users/mdd/zhk/kanpan-ringtone/DerivedData-ringtone/Build/Intermediates.noindex/KanpanReview.build/Debug-iphonesimulator/ReviewData.build/DerivedSources-normal/x86_64 -Xcc -I/Users/mdd/zhk/kanpan-ringtone/DerivedData-ringtone/Build/Intermediates.noindex/KanpanReview.build/Debug-iphonesimulator/ReviewData.build/DerivedSources/x86_64 -Xcc -I/Users/mdd/zhk/kanpan-ringtone/DerivedData-ringtone/Build/Intermediates.noindex/KanpanReview.build/Debug-iphonesimulator/ReviewData.build/DerivedSources -Xcc -DSWIFT_PACKAGE -Xcc -DDEBUG\=1 -emit-objc-header -emit-objc-header-path /Users/mdd/zhk/kanpan-ringtone/DerivedData-ringtone/Build/Intermediates.noindex/KanpanReview.build/Debug-iphonesimulator/ReviewData.build/Objects-normal/x86_64/ReviewData-Swift.h -working-directory /Users/mdd/zhk/kanpan-ringtone -experimental-emit-module-separately -disable-cmo

Ld /Users/mdd/zhk/kanpan-ringtone/DerivedData-ringtone/Build/Intermediates.noindex/KanpanAccount.build/Debug-iphonesimulator/KanpanAccount.build/Objects-normal/x86_64/Binary/KanpanAccount.o normal x86_64 (in target 'KanpanAccount' from project 'KanpanAccount')
    cd /Users/mdd/zhk/kanpan-ringtone/KanpanAccount
    /Applications/Xcode.app/Contents/Developer/Toolchains/XcodeDefault.xctoolchain/usr/bin/clang -Xlinker -reproducible -target x86_64-apple-ios26.0-simulator -r -isysroot /Applications/Xcode.app/Contents/Developer/Platforms/iPhoneSimulator.platform/Developer/SDKs/iPhoneSimulator26.5.sdk -O0 -w -F/Users/mdd/zhk/kanpan-ringtone/DerivedData-ringtone/Build/Intermediates.noindex/EagerLinkingTBDs/Debug-iphonesimulator -F/Users/mdd/zhk/kanpan-ringtone/DerivedData-ringtone/Build/Products/Debug-iphonesimulator -iframework /Applications/Xcode.app/Contents/Developer/Platforms/iPhoneSimulator.platform/Developer/Library/Frameworks -iframework /Applications/Xcode.app/Contents/Developer/Platforms/iPhoneSimulator.platform/Developer/SDKs/iPhoneSimulator26.5.sdk/Developer/Library/Frameworks -filelist /Users/mdd/zhk/kanpan-ringtone/DerivedData-ringtone/Build/Intermediates.noindex/KanpanAccount.build/Debug-iphonesimulator/KanpanAccount.build/Objects-normal/x86_64/KanpanAccount.LinkFileList -nostdlib -Xlinker -object_path_lto -Xlinker /Users/mdd/zhk/kanpan-ringtone/DerivedData-ringtone/Build/Intermediates.noindex/KanpanAccount.build/Debug-iphonesimulator/KanpanAccount.build/Objects-normal/x86_64/KanpanAccount_lto.o -Xlinker -no_deduplicate -Xlinker -objc_abi_version -Xlinker 2 -Xlinker -dependency_info -Xlinker /Users/mdd/zhk/kanpan-ringtone/DerivedData-ringtone/Build/Intermediates.noindex/KanpanAccount.build/Debug-iphonesimulator/KanpanAccount.build/Objects-normal/x86_64/KanpanAccount_dependency_info.dat -fobjc-link-runtime -L/Applications/Xcode.app/Contents/Developer/Toolchains/XcodeDefault.xctoolchain/usr/lib/swift/iphonesimulator -L/usr/lib/swift -Xlinker -add_ast_path -Xlinker /Users/mdd/zhk/kanpan-ringtone/DerivedData-ringtone/Build/Intermediates.noindex/KanpanAccount.build/Debug-iphonesimulator/KanpanAccount.build/Objects-normal/x86_64/KanpanAccount.swiftmodule @/Users/mdd/zhk/kanpan-ringtone/DerivedData-ringtone/Build/Intermediates.noindex/KanpanAccount.build/Debug-iphonesimulator/KanpanAccount.build/Objects-normal/x86_64/KanpanAccount-linker-args.resp -o /Users/mdd/zhk/kanpan-ringtone/DerivedData-ringtone/Build/Intermediates.noindex/KanpanAccount.build/Debug-iphonesimulator/KanpanAccount.build/Objects-normal/x86_64/Binary/KanpanAccount.o

SwiftDriver\ Compilation\ Requirements ReviewData normal arm64 com.apple.xcode.tools.swift.compiler (in target 'ReviewData' from project 'KanpanReview')
    cd /Users/mdd/zhk/kanpan-ringtone
    builtin-Swift-Compilation-Requirements -- /Applications/Xcode.app/Contents/Developer/Toolchains/XcodeDefault.xctoolchain/usr/bin/swiftc -module-name ReviewData -Onone @/Users/mdd/zhk/kanpan-ringtone/DerivedData-ringtone/Build/Intermediates.noindex/KanpanReview.build/Debug-iphonesimulator/ReviewData.build/Objects-normal/arm64/ReviewData.SwiftFileList -DSWIFT_PACKAGE -DDEBUG -DSWIFT_MODULE_RESOURCE_BUNDLE_UNAVAILABLE -DXcode -plugin-path /Applications/Xcode.app/Contents/Developer/Toolchains/XcodeDefault.xctoolchain/usr/lib/swift/host/plugins/testing -enable-experimental-feature DebugDescriptionMacro -sdk /Applications/Xcode.app/Contents/Developer/Platforms/iPhoneSimulator.platform/Developer/SDKs/iPhoneSimulator26.5.sdk -target arm64-apple-ios26.0-simulator -g -module-cache-path /Users/mdd/zhk/kanpan-ringtone/DerivedData-ringtone/ModuleCache.noindex -Xfrontend -serialize-debugging-options -enable-testing -suppress-warnings -index-store-path /Users/mdd/zhk/kanpan-ringtone/DerivedData-ringtone/Index.noindex/DataStore -Xcc -D_LIBCPP_HARDENING_MODE\=_LIBCPP_HARDENING_MODE_DEBUG -swift-version 6 -I /Users/mdd/zhk/kanpan-ringtone/DerivedData-ringtone/Build/Products/Debug-iphonesimulator -Isystem /Applications/Xcode.app/Contents/Developer/Platforms/iPhoneSimulator.platform/Developer/usr/lib -F /Users/mdd/zhk/kanpan-ringtone/DerivedData-ringtone/Build/Products/Debug-iphonesimulator/PackageFrameworks -F /Users/mdd/zhk/kanpan-ringtone/DerivedData-ringtone/Build/Products/Debug-iphonesimulator -F /Applications/Xcode.app/Contents/Developer/Platforms/iPhoneSimulator.platform/Developer/Library/Frameworks -F /Applications/Xcode.app/Contents/Developer/Platforms/iPhoneSimulator.platform/Developer/SDKs/iPhoneSimulator26.5.sdk/Developer/Library/Frameworks -c -j10 -enable-batch-mode -incremental -Xcc -ivfsstatcache -Xcc /Users/mdd/zhk/kanpan-ringtone/DerivedData-ringtone/SDKStatCaches.noindex/iphonesimulator26.5-23F81a-6cfe768891a92b912361537c460fe42b.sdkstatcache -output-file-map /Users/mdd/zhk/kanpan-ringtone/DerivedData-ringtone/Build/Intermediates.noindex/KanpanReview.build/Debug-iphonesimulator/ReviewData.build/Objects-normal/arm64/ReviewData-OutputFileMap.json -use-frontend-parseable-output -save-temps -no-color-diagnostics -explicit-module-build -module-cache-path /Users/mdd/zhk/kanpan-ringtone/DerivedData-ringtone/Build/Intermediates.noindex/SwiftExplicitPrecompiledModules -clang-scanner-module-cache-path /Users/mdd/zhk/kanpan-ringtone/DerivedData-ringtone/ModuleCache.noindex -sdk-module-cache-path /Users/mdd/zhk/kanpan-ringtone/DerivedData-ringtone/ModuleCache.noindex -serialize-diagnostics -emit-dependencies -emit-module -emit-module-path /Users/mdd/zhk/kanpan-ringtone/DerivedData-ringtone/Build/Intermediates.noindex/KanpanReview.build/Debug-iphonesimulator/ReviewData.build/Objects-normal/arm64/ReviewData.swiftmodule -validate-clang-modules-once -clang-build-session-file /Users/mdd/zhk/kanpan-ringtone/DerivedData-ringtone/ModuleCache.noindex/Session.modulevalidation -package-name kanpanreview -Xcc -I/Users/mdd/zhk/kanpan-ringtone/DerivedData-ringtone/Build/Intermediates.noindex/KanpanReview.build/Debug-iphonesimulator/ReviewData.build/swift-overrides.hmap -emit-const-values -Xfrontend -const-gather-protocols-file -Xfrontend /Users/mdd/zhk/kanpan-ringtone/DerivedData-ringtone/Build/Intermediates.noindex/KanpanReview.build/Debug-iphonesimulator/ReviewData.build/Objects-normal/arm64/ReviewData_const_extract_protocols.json -Xcc -I/Users/mdd/zhk/kanpan-ringtone/DerivedData-ringtone/Build/Products/Debug-iphonesimulator/include -Xcc -I/Users/mdd/zhk/kanpan-ringtone/DerivedData-ringtone/Build/Intermediates.noindex/KanpanReview.build/Debug-iphonesimulator/ReviewData.build/DerivedSources-normal/arm64 -Xcc -I/Users/mdd/zhk/kanpan-ringtone/DerivedData-ringtone/Build/Intermediates.noindex/KanpanReview.build/Debug-iphonesimulator/ReviewData.build/DerivedSources/arm64 -Xcc -I/Users/mdd/zhk/kanpan-ringtone/DerivedData-ringtone/Build/Intermediates.noindex/KanpanReview.build/Debug-iphonesimulator/ReviewData.build/DerivedSources -Xcc -DSWIFT_PACKAGE -Xcc -DDEBUG\=1 -emit-objc-header -emit-objc-header-path /Users/mdd/zhk/kanpan-ringtone/DerivedData-ringtone/Build/Intermediates.noindex/KanpanReview.build/Debug-iphonesimulator/ReviewData.build/Objects-normal/arm64/ReviewData-Swift.h -working-directory /Users/mdd/zhk/kanpan-ringtone -experimental-emit-module-separately -disable-cmo

SwiftDriver\ Compilation\ Requirements ReviewData normal x86_64 com.apple.xcode.tools.swift.compiler (in target 'ReviewData' from project 'KanpanReview')
    cd /Users/mdd/zhk/kanpan-ringtone
    builtin-Swift-Compilation-Requirements -- /Applications/Xcode.app/Contents/Developer/Toolchains/XcodeDefault.xctoolchain/usr/bin/swiftc -module-name ReviewData -Onone @/Users/mdd/zhk/kanpan-ringtone/DerivedData-ringtone/Build/Intermediates.noindex/KanpanReview.build/Debug-iphonesimulator/ReviewData.build/Objects-normal/x86_64/ReviewData.SwiftFileList -DSWIFT_PACKAGE -DDEBUG -DSWIFT_MODULE_RESOURCE_BUNDLE_UNAVAILABLE -DXcode -plugin-path /Applications/Xcode.app/Contents/Developer/Toolchains/XcodeDefault.xctoolchain/usr/lib/swift/host/plugins/testing -enable-experimental-feature DebugDescriptionMacro -sdk /Applications/Xcode.app/Contents/Developer/Platforms/iPhoneSimulator.platform/Developer/SDKs/iPhoneSimulator26.5.sdk -target x86_64-apple-ios26.0-simulator -g -module-cache-path /Users/mdd/zhk/kanpan-ringtone/DerivedData-ringtone/ModuleCache.noindex -Xfrontend -serialize-debugging-options -enable-testing -suppress-warnings -index-store-path /Users/mdd/zhk/kanpan-ringtone/DerivedData-ringtone/Index.noindex/DataStore -Xcc -D_LIBCPP_HARDENING_MODE\=_LIBCPP_HARDENING_MODE_DEBUG -swift-version 6 -I /Users/mdd/zhk/kanpan-ringtone/DerivedData-ringtone/Build/Products/Debug-iphonesimulator -Isystem /Applications/Xcode.app/Contents/Developer/Platforms/iPhoneSimulator.platform/Developer/usr/lib -F /Users/mdd/zhk/kanpan-ringtone/DerivedData-ringtone/Build/Products/Debug-iphonesimulator/PackageFrameworks -F /Users/mdd/zhk/kanpan-ringtone/DerivedData-ringtone/Build/Products/Debug-iphonesimulator -F /Applications/Xcode.app/Contents/Developer/Platforms/iPhoneSimulator.platform/Developer/Library/Frameworks -F /Applications/Xcode.app/Contents/Developer/Platforms/iPhoneSimulator.platform/Developer/SDKs/iPhoneSimulator26.5.sdk/Developer/Library/Frameworks -c -j10 -enable-batch-mode -incremental -Xcc -ivfsstatcache -Xcc /Users/mdd/zhk/kanpan-ringtone/DerivedData-ringtone/SDKStatCaches.noindex/iphonesimulator26.5-23F81a-6cfe768891a92b912361537c460fe42b.sdkstatcache -output-file-map /Users/mdd/zhk/kanpan-ringtone/DerivedData-ringtone/Build/Intermediates.noindex/KanpanReview.build/Debug-iphonesimulator/ReviewData.build/Objects-normal/x86_64/ReviewData-OutputFileMap.json -use-frontend-parseable-output -save-temps -no-color-diagnostics -explicit-module-build -module-cache-path /Users/mdd/zhk/kanpan-ringtone/DerivedData-ringtone/Build/Intermediates.noindex/SwiftExplicitPrecompiledModules -clang-scanner-module-cache-path /Users/mdd/zhk/kanpan-ringtone/DerivedData-ringtone/ModuleCache.noindex -sdk-module-cache-path /Users/mdd/zhk/kanpan-ringtone/DerivedData-ringtone/ModuleCache.noindex -serialize-diagnostics -emit-dependencies -emit-module -emit-module-path /Users/mdd/zhk/kanpan-ringtone/DerivedData-ringtone/Build/Intermediates.noindex/KanpanReview.build/Debug-iphonesimulator/ReviewData.build/Objects-normal/x86_64/ReviewData.swiftmodule -validate-clang-modules-once -clang-build-session-file /Users/mdd/zhk/kanpan-ringtone/DerivedData-ringtone/ModuleCache.noindex/Session.modulevalidation -package-name kanpanreview -Xcc -I/Users/mdd/zhk/kanpan-ringtone/DerivedData-ringtone/Build/Intermediates.noindex/KanpanReview.build/Debug-iphonesimulator/ReviewData.build/swift-overrides.hmap -emit-const-values -Xfrontend -const-gather-protocols-file -Xfrontend /Users/mdd/zhk/kanpan-ringtone/DerivedData-ringtone/Build/Intermediates.noindex/KanpanReview.build/Debug-iphonesimulator/ReviewData.build/Objects-normal/x86_64/ReviewData_const_extract_protocols.json -Xcc -I/Users/mdd/zhk/kanpan-ringtone/DerivedData-ringtone/Build/Products/Debug-iphonesimulator/include -Xcc -I/Users/mdd/zhk/kanpan-ringtone/DerivedData-ringtone/Build/Intermediates.noindex/KanpanReview.build/Debug-iphonesimulator/ReviewData.build/DerivedSources-normal/x86_64 -Xcc -I/Users/mdd/zhk/kanpan-ringtone/DerivedData-ringtone/Build/Intermediates.noindex/KanpanReview.build/Debug-iphonesimulator/ReviewData.build/DerivedSources/x86_64 -Xcc -I/Users/mdd/zhk/kanpan-ringtone/DerivedData-ringtone/Build/Intermediates.noindex/KanpanReview.build/Debug-iphonesimulator/ReviewData.build/DerivedSources -Xcc -DSWIFT_PACKAGE -Xcc -DDEBUG\=1 -emit-objc-header -emit-objc-header-path /Users/mdd/zhk/kanpan-ringtone/DerivedData-ringtone/Build/Intermediates.noindex/KanpanReview.build/Debug-iphonesimulator/ReviewData.build/Objects-normal/x86_64/ReviewData-Swift.h -working-directory /Users/mdd/zhk/kanpan-ringtone -experimental-emit-module-separately -disable-cmo

Copy /Users/mdd/zhk/kanpan-ringtone/DerivedData-ringtone/Build/Products/Debug-iphonesimulator/ReviewData.swiftmodule/arm64-apple-ios-simulator.swiftmodule /Users/mdd/zhk/kanpan-ringtone/DerivedData-ringtone/Build/Intermediates.noindex/KanpanReview.build/Debug-iphonesimulator/ReviewData.build/Objects-normal/arm64/ReviewData.swiftmodule (in target 'ReviewData' from project 'KanpanReview')
    cd /Users/mdd/zhk/kanpan-ringtone/KanpanReview
    builtin-copy -exclude .DS_Store -exclude CVS -exclude .svn -exclude .git -exclude .hg -resolve-src-symlinks -rename /Users/mdd/zhk/kanpan-ringtone/DerivedData-ringtone/Build/Intermediates.noindex/KanpanReview.build/Debug-iphonesimulator/ReviewData.build/Objects-normal/arm64/ReviewData.swiftmodule /Users/mdd/zhk/kanpan-ringtone/DerivedData-ringtone/Build/Products/Debug-iphonesimulator/ReviewData.swiftmodule/arm64-apple-ios-simulator.swiftmodule

SwiftMergeGeneratedHeaders /Users/mdd/zhk/kanpan-ringtone/DerivedData-ringtone/Build/Intermediates.noindex/GeneratedModuleMaps-iphonesimulator/ReviewData-Swift.h /Users/mdd/zhk/kanpan-ringtone/DerivedData-ringtone/Build/Intermediates.noindex/KanpanReview.build/Debug-iphonesimulator/ReviewData.build/Objects-normal/arm64/ReviewData-Swift.h /Users/mdd/zhk/kanpan-ringtone/DerivedData-ringtone/Build/Intermediates.noindex/KanpanReview.build/Debug-iphonesimulator/ReviewData.build/Objects-normal/x86_64/ReviewData-Swift.h (in target 'ReviewData' from project 'KanpanReview')
    cd /Users/mdd/zhk/kanpan-ringtone/KanpanReview
    builtin-swiftHeaderTool -arch arm64 /Users/mdd/zhk/kanpan-ringtone/DerivedData-ringtone/Build/Intermediates.noindex/KanpanReview.build/Debug-iphonesimulator/ReviewData.build/Objects-normal/arm64/ReviewData-Swift.h -arch x86_64 /Users/mdd/zhk/kanpan-ringtone/DerivedData-ringtone/Build/Intermediates.noindex/KanpanReview.build/Debug-iphonesimulator/ReviewData.build/Objects-normal/x86_64/ReviewData-Swift.h -o /Users/mdd/zhk/kanpan-ringtone/DerivedData-ringtone/Build/Intermediates.noindex/GeneratedModuleMaps-iphonesimulator/ReviewData-Swift.h

Copy /Users/mdd/zhk/kanpan-ringtone/DerivedData-ringtone/Build/Products/Debug-iphonesimulator/ReviewData.swiftmodule/x86_64-apple-ios-simulator.swiftmodule /Users/mdd/zhk/kanpan-ringtone/DerivedData-ringtone/Build/Intermediates.noindex/KanpanReview.build/Debug-iphonesimulator/ReviewData.build/Objects-normal/x86_64/ReviewData.swiftmodule (in target 'ReviewData' from project 'KanpanReview')
    cd /Users/mdd/zhk/kanpan-ringtone/KanpanReview
    builtin-copy -exclude .DS_Store -exclude CVS -exclude .svn -exclude .git -exclude .hg -resolve-src-symlinks -rename /Users/mdd/zhk/kanpan-ringtone/DerivedData-ringtone/Build/Intermediates.noindex/KanpanReview.build/Debug-iphonesimulator/ReviewData.build/Objects-normal/x86_64/ReviewData.swiftmodule /Users/mdd/zhk/kanpan-ringtone/DerivedData-ringtone/Build/Products/Debug-iphonesimulator/ReviewData.swiftmodule/x86_64-apple-ios-simulator.swiftmodule

Copy /Users/mdd/zhk/kanpan-ringtone/DerivedData-ringtone/Build/Products/Debug-iphonesimulator/ReviewData.swiftmodule/x86_64-apple-ios-simulator.swiftdoc /Users/mdd/zhk/kanpan-ringtone/DerivedData-ringtone/Build/Intermediates.noindex/KanpanReview.build/Debug-iphonesimulator/ReviewData.build/Objects-normal/x86_64/ReviewData.swiftdoc (in target 'ReviewData' from project 'KanpanReview')
    cd /Users/mdd/zhk/kanpan-ringtone/KanpanReview
    builtin-copy -exclude .DS_Store -exclude CVS -exclude .svn -exclude .git -exclude .hg -resolve-src-symlinks -rename /Users/mdd/zhk/kanpan-ringtone/DerivedData-ringtone/Build/Intermediates.noindex/KanpanReview.build/Debug-iphonesimulator/ReviewData.build/Objects-normal/x86_64/ReviewData.swiftdoc /Users/mdd/zhk/kanpan-ringtone/DerivedData-ringtone/Build/Products/Debug-iphonesimulator/ReviewData.swiftmodule/x86_64-apple-ios-simulator.swiftdoc

Copy /Users/mdd/zhk/kanpan-ringtone/DerivedData-ringtone/Build/Products/Debug-iphonesimulator/ReviewData.swiftmodule/x86_64-apple-ios-simulator.abi.json /Users/mdd/zhk/kanpan-ringtone/DerivedData-ringtone/Build/Intermediates.noindex/KanpanReview.build/Debug-iphonesimulator/ReviewData.build/Objects-normal/x86_64/ReviewData.abi.json (in target 'ReviewData' from project 'KanpanReview')
    cd /Users/mdd/zhk/kanpan-ringtone/KanpanReview
    builtin-copy -exclude .DS_Store -exclude CVS -exclude .svn -exclude .git -exclude .hg -resolve-src-symlinks -rename /Users/mdd/zhk/kanpan-ringtone/DerivedData-ringtone/Build/Intermediates.noindex/KanpanReview.build/Debug-iphonesimulator/ReviewData.build/Objects-normal/x86_64/ReviewData.abi.json /Users/mdd/zhk/kanpan-ringtone/DerivedData-ringtone/Build/Products/Debug-iphonesimulator/ReviewData.swiftmodule/x86_64-apple-ios-simulator.abi.json

Copy /Users/mdd/zhk/kanpan-ringtone/DerivedData-ringtone/Build/Products/Debug-iphonesimulator/ReviewData.swiftmodule/arm64-apple-ios-simulator.swiftdoc /Users/mdd/zhk/kanpan-ringtone/DerivedData-ringtone/Build/Intermediates.noindex/KanpanReview.build/Debug-iphonesimulator/ReviewData.build/Objects-normal/arm64/ReviewData.swiftdoc (in target 'ReviewData' from project 'KanpanReview')
    cd /Users/mdd/zhk/kanpan-ringtone/KanpanReview
    builtin-copy -exclude .DS_Store -exclude CVS -exclude .svn -exclude .git -exclude .hg -resolve-src-symlinks -rename /Users/mdd/zhk/kanpan-ringtone/DerivedData-ringtone/Build/Intermediates.noindex/KanpanReview.build/Debug-iphonesimulator/ReviewData.build/Objects-normal/arm64/ReviewData.swiftdoc /Users/mdd/zhk/kanpan-ringtone/DerivedData-ringtone/Build/Products/Debug-iphonesimulator/ReviewData.swiftmodule/arm64-apple-ios-simulator.swiftdoc

Copy /Users/mdd/zhk/kanpan-ringtone/DerivedData-ringtone/Build/Products/Debug-iphonesimulator/ReviewData.swiftmodule/arm64-apple-ios-simulator.abi.json /Users/mdd/zhk/kanpan-ringtone/DerivedData-ringtone/Build/Intermediates.noindex/KanpanReview.build/Debug-iphonesimulator/ReviewData.build/Objects-normal/arm64/ReviewData.abi.json (in target 'ReviewData' from project 'KanpanReview')
    cd /Users/mdd/zhk/kanpan-ringtone/KanpanReview
    builtin-copy -exclude .DS_Store -exclude CVS -exclude .svn -exclude .git -exclude .hg -resolve-src-symlinks -rename /Users/mdd/zhk/kanpan-ringtone/DerivedData-ringtone/Build/Intermediates.noindex/KanpanReview.build/Debug-iphonesimulator/ReviewData.build/Objects-normal/arm64/ReviewData.abi.json /Users/mdd/zhk/kanpan-ringtone/DerivedData-ringtone/Build/Products/Debug-iphonesimulator/ReviewData.swiftmodule/arm64-apple-ios-simulator.abi.json

Copy /Users/mdd/zhk/kanpan-ringtone/DerivedData-ringtone/Build/Products/Debug-iphonesimulator/ReviewData.swiftmodule/Project/x86_64-apple-ios-simulator.swiftsourceinfo /Users/mdd/zhk/kanpan-ringtone/DerivedData-ringtone/Build/Intermediates.noindex/KanpanReview.build/Debug-iphonesimulator/ReviewData.build/Objects-normal/x86_64/ReviewData.swiftsourceinfo (in target 'ReviewData' from project 'KanpanReview')
    cd /Users/mdd/zhk/kanpan-ringtone/KanpanReview
    builtin-copy -exclude .DS_Store -exclude CVS -exclude .svn -exclude .git -exclude .hg -resolve-src-symlinks -rename /Users/mdd/zhk/kanpan-ringtone/DerivedData-ringtone/Build/Intermediates.noindex/KanpanReview.build/Debug-iphonesimulator/ReviewData.build/Objects-normal/x86_64/ReviewData.swiftsourceinfo /Users/mdd/zhk/kanpan-ringtone/DerivedData-ringtone/Build/Products/Debug-iphonesimulator/ReviewData.swiftmodule/Project/x86_64-apple-ios-simulator.swiftsourceinfo

Copy /Users/mdd/zhk/kanpan-ringtone/DerivedData-ringtone/Build/Products/Debug-iphonesimulator/ReviewData.swiftmodule/Project/arm64-apple-ios-simulator.swiftsourceinfo /Users/mdd/zhk/kanpan-ringtone/DerivedData-ringtone/Build/Intermediates.noindex/KanpanReview.build/Debug-iphonesimulator/ReviewData.build/Objects-normal/arm64/ReviewData.swiftsourceinfo (in target 'ReviewData' from project 'KanpanReview')
    cd /Users/mdd/zhk/kanpan-ringtone/KanpanReview
    builtin-copy -exclude .DS_Store -exclude CVS -exclude .svn -exclude .git -exclude .hg -resolve-src-symlinks -rename /Users/mdd/zhk/kanpan-ringtone/DerivedData-ringtone/Build/Intermediates.noindex/KanpanReview.build/Debug-iphonesimulator/ReviewData.build/Objects-normal/arm64/ReviewData.swiftsourceinfo /Users/mdd/zhk/kanpan-ringtone/DerivedData-ringtone/Build/Products/Debug-iphonesimulator/ReviewData.swiftmodule/Project/arm64-apple-ios-simulator.swiftsourceinfo

Ld /Users/mdd/zhk/kanpan-ringtone/DerivedData-ringtone/Build/Intermediates.noindex/KanpanAccount.build/Debug-iphonesimulator/KanpanAccount.build/Objects-normal/arm64/Binary/KanpanAccount.o normal arm64 (in target 'KanpanAccount' from project 'KanpanAccount')
    cd /Users/mdd/zhk/kanpan-ringtone/KanpanAccount
    /Applications/Xcode.app/Contents/Developer/Toolchains/XcodeDefault.xctoolchain/usr/bin/clang -Xlinker -reproducible -target arm64-apple-ios26.0-simulator -r -isysroot /Applications/Xcode.app/Contents/Developer/Platforms/iPhoneSimulator.platform/Developer/SDKs/iPhoneSimulator26.5.sdk -O0 -w -F/Users/mdd/zhk/kanpan-ringtone/DerivedData-ringtone/Build/Intermediates.noindex/EagerLinkingTBDs/Debug-iphonesimulator -F/Users/mdd/zhk/kanpan-ringtone/DerivedData-ringtone/Build/Products/Debug-iphonesimulator -iframework /Applications/Xcode.app/Contents/Developer/Platforms/iPhoneSimulator.platform/Developer/Library/Frameworks -iframework /Applications/Xcode.app/Contents/Developer/Platforms/iPhoneSimulator.platform/Developer/SDKs/iPhoneSimulator26.5.sdk/Developer/Library/Frameworks -filelist /Users/mdd/zhk/kanpan-ringtone/DerivedData-ringtone/Build/Intermediates.noindex/KanpanAccount.build/Debug-iphonesimulator/KanpanAccount.build/Objects-normal/arm64/KanpanAccount.LinkFileList -nostdlib -Xlinker -object_path_lto -Xlinker /Users/mdd/zhk/kanpan-ringtone/DerivedData-ringtone/Build/Intermediates.noindex/KanpanAccount.build/Debug-iphonesimulator/KanpanAccount.build/Objects-normal/arm64/KanpanAccount_lto.o -Xlinker -no_deduplicate -Xlinker -objc_abi_version -Xlinker 2 -Xlinker -dependency_info -Xlinker /Users/mdd/zhk/kanpan-ringtone/DerivedData-ringtone/Build/Intermediates.noindex/KanpanAccount.build/Debug-iphonesimulator/KanpanAccount.build/Objects-normal/arm64/KanpanAccount_dependency_info.dat -fobjc-link-runtime -L/Applications/Xcode.app/Contents/Developer/Toolchains/XcodeDefault.xctoolchain/usr/lib/swift/iphonesimulator -L/usr/lib/swift -Xlinker -add_ast_path -Xlinker /Users/mdd/zhk/kanpan-ringtone/DerivedData-ringtone/Build/Intermediates.noindex/KanpanAccount.build/Debug-iphonesimulator/KanpanAccount.build/Objects-normal/arm64/KanpanAccount.swiftmodule @/Users/mdd/zhk/kanpan-ringtone/DerivedData-ringtone/Build/Intermediates.noindex/KanpanAccount.build/Debug-iphonesimulator/KanpanAccount.build/Objects-normal/arm64/KanpanAccount-linker-args.resp -o /Users/mdd/zhk/kanpan-ringtone/DerivedData-ringtone/Build/Intermediates.noindex/KanpanAccount.build/Debug-iphonesimulator/KanpanAccount.build/Objects-normal/arm64/Binary/KanpanAccount.o

SwiftDriver\ Compilation ReviewData normal x86_64 com.apple.xcode.tools.swift.compiler (in target 'ReviewData' from project 'KanpanReview')
    cd /Users/mdd/zhk/kanpan-ringtone
    builtin-Swift-Compilation -- /Applications/Xcode.app/Contents/Developer/Toolchains/XcodeDefault.xctoolchain/usr/bin/swiftc -module-name ReviewData -Onone @/Users/mdd/zhk/kanpan-ringtone/DerivedData-ringtone/Build/Intermediates.noindex/KanpanReview.build/Debug-iphonesimulator/ReviewData.build/Objects-normal/x86_64/ReviewData.SwiftFileList -DSWIFT_PACKAGE -DDEBUG -DSWIFT_MODULE_RESOURCE_BUNDLE_UNAVAILABLE -DXcode -plugin-path /Applications/Xcode.app/Contents/Developer/Toolchains/XcodeDefault.xctoolchain/usr/lib/swift/host/plugins/testing -enable-experimental-feature DebugDescriptionMacro -sdk /Applications/Xcode.app/Contents/Developer/Platforms/iPhoneSimulator.platform/Developer/SDKs/iPhoneSimulator26.5.sdk -target x86_64-apple-ios26.0-simulator -g -module-cache-path /Users/mdd/zhk/kanpan-ringtone/DerivedData-ringtone/ModuleCache.noindex -Xfrontend -serialize-debugging-options -enable-testing -suppress-warnings -index-store-path /Users/mdd/zhk/kanpan-ringtone/DerivedData-ringtone/Index.noindex/DataStore -Xcc -D_LIBCPP_HARDENING_MODE\=_LIBCPP_HARDENING_MODE_DEBUG -swift-version 6 -I /Users/mdd/zhk/kanpan-ringtone/DerivedData-ringtone/Build/Products/Debug-iphonesimulator -Isystem /Applications/Xcode.app/Contents/Developer/Platforms/iPhoneSimulator.platform/Developer/usr/lib -F /Users/mdd/zhk/kanpan-ringtone/DerivedData-ringtone/Build/Products/Debug-iphonesimulator/PackageFrameworks -F /Users/mdd/zhk/kanpan-ringtone/DerivedData-ringtone/Build/Products/Debug-iphonesimulator -F /Applications/Xcode.app/Contents/Developer/Platforms/iPhoneSimulator.platform/Developer/Library/Frameworks -F /Applications/Xcode.app/Contents/Developer/Platforms/iPhoneSimulator.platform/Developer/SDKs/iPhoneSimulator26.5.sdk/Developer/Library/Frameworks -c -j10 -enable-batch-mode -incremental -Xcc -ivfsstatcache -Xcc /Users/mdd/zhk/kanpan-ringtone/DerivedData-ringtone/SDKStatCaches.noindex/iphonesimulator26.5-23F81a-6cfe768891a92b912361537c460fe42b.sdkstatcache -output-file-map /Users/mdd/zhk/kanpan-ringtone/DerivedData-ringtone/Build/Intermediates.noindex/KanpanReview.build/Debug-iphonesimulator/ReviewData.build/Objects-normal/x86_64/ReviewData-OutputFileMap.json -use-frontend-parseable-output -save-temps -no-color-diagnostics -explicit-module-build -module-cache-path /Users/mdd/zhk/kanpan-ringtone/DerivedData-ringtone/Build/Intermediates.noindex/SwiftExplicitPrecompiledModules -clang-scanner-module-cache-path /Users/mdd/zhk/kanpan-ringtone/DerivedData-ringtone/ModuleCache.noindex -sdk-module-cache-path /Users/mdd/zhk/kanpan-ringtone/DerivedData-ringtone/ModuleCache.noindex -serialize-diagnostics -emit-dependencies -emit-module -emit-module-path /Users/mdd/zhk/kanpan-ringtone/DerivedData-ringtone/Build/Intermediates.noindex/KanpanReview.build/Debug-iphonesimulator/ReviewData.build/Objects-normal/x86_64/ReviewData.swiftmodule -validate-clang-modules-once -clang-build-session-file /Users/mdd/zhk/kanpan-ringtone/DerivedData-ringtone/ModuleCache.noindex/Session.modulevalidation -package-name kanpanreview -Xcc -I/Users/mdd/zhk/kanpan-ringtone/DerivedData-ringtone/Build/Intermediates.noindex/KanpanReview.build/Debug-iphonesimulator/ReviewData.build/swift-overrides.hmap -emit-const-values -Xfrontend -const-gather-protocols-file -Xfrontend /Users/mdd/zhk/kanpan-ringtone/DerivedData-ringtone/Build/Intermediates.noindex/KanpanReview.build/Debug-iphonesimulator/ReviewData.build/Objects-normal/x86_64/ReviewData_const_extract_protocols.json -Xcc -I/Users/mdd/zhk/kanpan-ringtone/DerivedData-ringtone/Build/Products/Debug-iphonesimulator/include -Xcc -I/Users/mdd/zhk/kanpan-ringtone/DerivedData-ringtone/Build/Intermediates.noindex/KanpanReview.build/Debug-iphonesimulator/ReviewData.build/DerivedSources-normal/x86_64 -Xcc -I/Users/mdd/zhk/kanpan-ringtone/DerivedData-ringtone/Build/Intermediates.noindex/KanpanReview.build/Debug-iphonesimulator/ReviewData.build/DerivedSources/x86_64 -Xcc -I/Users/mdd/zhk/kanpan-ringtone/DerivedData-ringtone/Build/Intermediates.noindex/KanpanReview.build/Debug-iphonesimulator/ReviewData.build/DerivedSources -Xcc -DSWIFT_PACKAGE -Xcc -DDEBUG\=1 -emit-objc-header -emit-objc-header-path /Users/mdd/zhk/kanpan-ringtone/DerivedData-ringtone/Build/Intermediates.noindex/KanpanReview.build/Debug-iphonesimulator/ReviewData.build/Objects-normal/x86_64/ReviewData-Swift.h -working-directory /Users/mdd/zhk/kanpan-ringtone -experimental-emit-module-separately -disable-cmo

CreateUniversalBinary /Users/mdd/zhk/kanpan-ringtone/DerivedData-ringtone/Build/Products/Debug-iphonesimulator/KanpanAccount.o normal arm64\ x86_64 (in target 'KanpanAccount' from project 'KanpanAccount')
    cd /Users/mdd/zhk/kanpan-ringtone/KanpanAccount
    /Applications/Xcode.app/Contents/Developer/Toolchains/XcodeDefault.xctoolchain/usr/bin/lipo -create /Users/mdd/zhk/kanpan-ringtone/DerivedData-ringtone/Build/Intermediates.noindex/KanpanAccount.build/Debug-iphonesimulator/KanpanAccount.build/Objects-normal/arm64/Binary/KanpanAccount.o /Users/mdd/zhk/kanpan-ringtone/DerivedData-ringtone/Build/Intermediates.noindex/KanpanAccount.build/Debug-iphonesimulator/KanpanAccount.build/Objects-normal/x86_64/Binary/KanpanAccount.o -output /Users/mdd/zhk/kanpan-ringtone/DerivedData-ringtone/Build/Products/Debug-iphonesimulator/KanpanAccount.o

SwiftDriver\ Compilation ReviewData normal arm64 com.apple.xcode.tools.swift.compiler (in target 'ReviewData' from project 'KanpanReview')
    cd /Users/mdd/zhk/kanpan-ringtone
    builtin-Swift-Compilation -- /Applications/Xcode.app/Contents/Developer/Toolchains/XcodeDefault.xctoolchain/usr/bin/swiftc -module-name ReviewData -Onone @/Users/mdd/zhk/kanpan-ringtone/DerivedData-ringtone/Build/Intermediates.noindex/KanpanReview.build/Debug-iphonesimulator/ReviewData.build/Objects-normal/arm64/ReviewData.SwiftFileList -DSWIFT_PACKAGE -DDEBUG -DSWIFT_MODULE_RESOURCE_BUNDLE_UNAVAILABLE -DXcode -plugin-path /Applications/Xcode.app/Contents/Developer/Toolchains/XcodeDefault.xctoolchain/usr/lib/swift/host/plugins/testing -enable-experimental-feature DebugDescriptionMacro -sdk /Applications/Xcode.app/Contents/Developer/Platforms/iPhoneSimulator.platform/Developer/SDKs/iPhoneSimulator26.5.sdk -target arm64-apple-ios26.0-simulator -g -module-cache-path /Users/mdd/zhk/kanpan-ringtone/DerivedData-ringtone/ModuleCache.noindex -Xfrontend -serialize-debugging-options -enable-testing -suppress-warnings -index-store-path /Users/mdd/zhk/kanpan-ringtone/DerivedData-ringtone/Index.noindex/DataStore -Xcc -D_LIBCPP_HARDENING_MODE\=_LIBCPP_HARDENING_MODE_DEBUG -swift-version 6 -I /Users/mdd/zhk/kanpan-ringtone/DerivedData-ringtone/Build/Products/Debug-iphonesimulator -Isystem /Applications/Xcode.app/Contents/Developer/Platforms/iPhoneSimulator.platform/Developer/usr/lib -F /Users/mdd/zhk/kanpan-ringtone/DerivedData-ringtone/Build/Products/Debug-iphonesimulator/PackageFrameworks -F /Users/mdd/zhk/kanpan-ringtone/DerivedData-ringtone/Build/Products/Debug-iphonesimulator -F /Applications/Xcode.app/Contents/Developer/Platforms/iPhoneSimulator.platform/Developer/Library/Frameworks -F /Applications/Xcode.app/Contents/Developer/Platforms/iPhoneSimulator.platform/Developer/SDKs/iPhoneSimulator26.5.sdk/Developer/Library/Frameworks -c -j10 -enable-batch-mode -incremental -Xcc -ivfsstatcache -Xcc /Users/mdd/zhk/kanpan-ringtone/DerivedData-ringtone/SDKStatCaches.noindex/iphonesimulator26.5-23F81a-6cfe768891a92b912361537c460fe42b.sdkstatcache -output-file-map /Users/mdd/zhk/kanpan-ringtone/DerivedData-ringtone/Build/Intermediates.noindex/KanpanReview.build/Debug-iphonesimulator/ReviewData.build/Objects-normal/arm64/ReviewData-OutputFileMap.json -use-frontend-parseable-output -save-temps -no-color-diagnostics -explicit-module-build -module-cache-path /Users/mdd/zhk/kanpan-ringtone/DerivedData-ringtone/Build/Intermediates.noindex/SwiftExplicitPrecompiledModules -clang-scanner-module-cache-path /Users/mdd/zhk/kanpan-ringtone/DerivedData-ringtone/ModuleCache.noindex -sdk-module-cache-path /Users/mdd/zhk/kanpan-ringtone/DerivedData-ringtone/ModuleCache.noindex -serialize-diagnostics -emit-dependencies -emit-module -emit-module-path /Users/mdd/zhk/kanpan-ringtone/DerivedData-ringtone/Build/Intermediates.noindex/KanpanReview.build/Debug-iphonesimulator/ReviewData.build/Objects-normal/arm64/ReviewData.swiftmodule -validate-clang-modules-once -clang-build-session-file /Users/mdd/zhk/kanpan-ringtone/DerivedData-ringtone/ModuleCache.noindex/Session.modulevalidation -package-name kanpanreview -Xcc -I/Users/mdd/zhk/kanpan-ringtone/DerivedData-ringtone/Build/Intermediates.noindex/KanpanReview.build/Debug-iphonesimulator/ReviewData.build/swift-overrides.hmap -emit-const-values -Xfrontend -const-gather-protocols-file -Xfrontend /Users/mdd/zhk/kanpan-ringtone/DerivedData-ringtone/Build/Intermediates.noindex/KanpanReview.build/Debug-iphonesimulator/ReviewData.build/Objects-normal/arm64/ReviewData_const_extract_protocols.json -Xcc -I/Users/mdd/zhk/kanpan-ringtone/DerivedData-ringtone/Build/Products/Debug-iphonesimulator/include -Xcc -I/Users/mdd/zhk/kanpan-ringtone/DerivedData-ringtone/Build/Intermediates.noindex/KanpanReview.build/Debug-iphonesimulator/ReviewData.build/DerivedSources-normal/arm64 -Xcc -I/Users/mdd/zhk/kanpan-ringtone/DerivedData-ringtone/Build/Intermediates.noindex/KanpanReview.build/Debug-iphonesimulator/ReviewData.build/DerivedSources/arm64 -Xcc -I/Users/mdd/zhk/kanpan-ringtone/DerivedData-ringtone/Build/Intermediates.noindex/KanpanReview.build/Debug-iphonesimulator/ReviewData.build/DerivedSources -Xcc -DSWIFT_PACKAGE -Xcc -DDEBUG\=1 -emit-objc-header -emit-objc-header-path /Users/mdd/zhk/kanpan-ringtone/DerivedData-ringtone/Build/Intermediates.noindex/KanpanReview.build/Debug-iphonesimulator/ReviewData.build/Objects-normal/arm64/ReviewData-Swift.h -working-directory /Users/mdd/zhk/kanpan-ringtone -experimental-emit-module-separately -disable-cmo

ExtractAppIntentsMetadata (in target 'KanpanCore' from project 'KanpanCore')
    cd /Users/mdd/zhk/kanpan-ringtone/KanpanCore
    /Applications/Xcode.app/Contents/Developer/Toolchains/XcodeDefault.xctoolchain/usr/bin/appintentsmetadataprocessor --toolchain-dir /Applications/Xcode.app/Contents/Developer/Toolchains/XcodeDefault.xctoolchain --module-name KanpanCore --sdk-root /Applications/Xcode.app/Contents/Developer/Platforms/iPhoneSimulator.platform/Developer/SDKs/iPhoneSimulator26.5.sdk --xcode-version 17F113 --platform-family iOS --deployment-target 26.0 --bundle-identifier kanpancore.KanpanCore --output /Users/mdd/zhk/kanpan-ringtone/DerivedData-ringtone/Build/Products/Debug-iphonesimulator/KanpanCore.appintents --target-triple arm64-apple-ios26.0-simulator --target-triple x86_64-apple-ios26.0-simulator --binary-file /Users/mdd/zhk/kanpan-ringtone/DerivedData-ringtone/Build/Products/Debug-iphonesimulator/KanpanCore.o --dependency-file /Users/mdd/zhk/kanpan-ringtone/DerivedData-ringtone/Build/Intermediates.noindex/KanpanCore.build/Debug-iphonesimulator/KanpanCore.build/Objects-normal/arm64/KanpanCore_dependency_info.dat --dependency-file /Users/mdd/zhk/kanpan-ringtone/DerivedData-ringtone/Build/Intermediates.noindex/KanpanCore.build/Debug-iphonesimulator/KanpanCore.build/Objects-normal/x86_64/KanpanCore_dependency_info.dat --stringsdata-file /Users/mdd/zhk/kanpan-ringtone/DerivedData-ringtone/Build/Intermediates.noindex/KanpanCore.build/Debug-iphonesimulator/KanpanCore.build/Objects-normal/arm64/ExtractedAppShortcutsMetadata.stringsdata --stringsdata-file /Users/mdd/zhk/kanpan-ringtone/DerivedData-ringtone/Build/Intermediates.noindex/KanpanCore.build/Debug-iphonesimulator/KanpanCore.build/Objects-normal/x86_64/ExtractedAppShortcutsMetadata.stringsdata --source-file-list /Users/mdd/zhk/kanpan-ringtone/DerivedData-ringtone/Build/Intermediates.noindex/KanpanCore.build/Debug-iphonesimulator/KanpanCore.build/Objects-normal/arm64/KanpanCore.SwiftFileList --source-file-list /Users/mdd/zhk/kanpan-ringtone/DerivedData-ringtone/Build/Intermediates.noindex/KanpanCore.build/Debug-iphonesimulator/KanpanCore.build/Objects-normal/x86_64/KanpanCore.SwiftFileList --metadata-file-list /Users/mdd/zhk/kanpan-ringtone/DerivedData-ringtone/Build/Intermediates.noindex/KanpanCore.build/Debug-iphonesimulator/KanpanCore.build/KanpanCore.DependencyMetadataFileList --static-metadata-file-list /Users/mdd/zhk/kanpan-ringtone/DerivedData-ringtone/Build/Intermediates.noindex/KanpanCore.build/Debug-iphonesimulator/KanpanCore.build/KanpanCore.DependencyStaticMetadataFileList --swift-const-vals-list /Users/mdd/zhk/kanpan-ringtone/DerivedData-ringtone/Build/Intermediates.noindex/KanpanCore.build/Debug-iphonesimulator/KanpanCore.build/Objects-normal/arm64/KanpanCore.SwiftConstValuesFileList --swift-const-vals-list /Users/mdd/zhk/kanpan-ringtone/DerivedData-ringtone/Build/Intermediates.noindex/KanpanCore.build/Debug-iphonesimulator/KanpanCore.build/Objects-normal/x86_64/KanpanCore.SwiftConstValuesFileList --force --compile-time-extraction --deployment-aware-processing --validate-assistant-intents --no-app-shortcuts-localization
2026-09-22 14:33:08.254 appintentsmetadataprocessor[64075:3914184] Starting appintentsmetadataprocessor export
2026-09-22 14:33:08.520 appintentsmetadataprocessor[64075:3914184] Extracted no relevant App Intents symbols, skipping writing output

RegisterExecutionPolicyException /Users/mdd/zhk/kanpan-ringtone/DerivedData-ringtone/Build/Products/Debug-iphonesimulator/ReviewDomain.o (in target 'ReviewDomain' from project 'KanpanReview')
    cd /Users/mdd/zhk/kanpan-ringtone/KanpanReview
    builtin-RegisterExecutionPolicyException /Users/mdd/zhk/kanpan-ringtone/DerivedData-ringtone/Build/Products/Debug-iphonesimulator/ReviewDomain.o

SwiftDriver ReviewUI normal arm64 com.apple.xcode.tools.swift.compiler (in target 'ReviewUI' from project 'KanpanReview')
    cd /Users/mdd/zhk/kanpan-ringtone
    builtin-SwiftDriver -- /Applications/Xcode.app/Contents/Developer/Toolchains/XcodeDefault.xctoolchain/usr/bin/swiftc -module-name ReviewUI -Onone @/Users/mdd/zhk/kanpan-ringtone/DerivedData-ringtone/Build/Intermediates.noindex/KanpanReview.build/Debug-iphonesimulator/ReviewUI.build/Objects-normal/arm64/ReviewUI.SwiftFileList -DSWIFT_PACKAGE -DDEBUG -DSWIFT_MODULE_RESOURCE_BUNDLE_UNAVAILABLE -DXcode -plugin-path /Applications/Xcode.app/Contents/Developer/Toolchains/XcodeDefault.xctoolchain/usr/lib/swift/host/plugins/testing -enable-experimental-feature DebugDescriptionMacro -sdk /Applications/Xcode.app/Contents/Developer/Platforms/iPhoneSimulator.platform/Developer/SDKs/iPhoneSimulator26.5.sdk -target arm64-apple-ios26.0-simulator -g -module-cache-path /Users/mdd/zhk/kanpan-ringtone/DerivedData-ringtone/ModuleCache.noindex -Xfrontend -serialize-debugging-options -enable-testing -suppress-warnings -index-store-path /Users/mdd/zhk/kanpan-ringtone/DerivedData-ringtone/Index.noindex/DataStore -Xcc -D_LIBCPP_HARDENING_MODE\=_LIBCPP_HARDENING_MODE_DEBUG -swift-version 6 -I /Users/mdd/zhk/kanpan-ringtone/DerivedData-ringtone/Build/Products/Debug-iphonesimulator -Isystem /Applications/Xcode.app/Contents/Developer/Platforms/iPhoneSimulator.platform/Developer/usr/lib -F /Users/mdd/zhk/kanpan-ringtone/DerivedData-ringtone/Build/Products/Debug-iphonesimulator/PackageFrameworks -F /Users/mdd/zhk/kanpan-ringtone/DerivedData-ringtone/Build/Products/Debug-iphonesimulator/PackageFrameworks -F /Users/mdd/zhk/kanpan-ringtone/DerivedData-ringtone/Build/Products/Debug-iphonesimulator/PackageFrameworks -F /Users/mdd/zhk/kanpan-ringtone/DerivedData-ringtone/Build/Products/Debug-iphonesimulator -F /Applications/Xcode.app/Contents/Developer/Platforms/iPhoneSimulator.platform/Developer/Library/Frameworks -F /Applications/Xcode.app/Contents/Developer/Platforms/iPhoneSimulator.platform/Developer/SDKs/iPhoneSimulator26.5.sdk/Developer/Library/Frameworks -c -j10 -enable-batch-mode -incremental -Xcc -ivfsstatcache -Xcc /Users/mdd/zhk/kanpan-ringtone/DerivedData-ringtone/SDKStatCaches.noindex/iphonesimulator26.5-23F81a-6cfe768891a92b912361537c460fe42b.sdkstatcache -output-file-map /Users/mdd/zhk/kanpan-ringtone/DerivedData-ringtone/Build/Intermediates.noindex/KanpanReview.build/Debug-iphonesimulator/ReviewUI.build/Objects-normal/arm64/ReviewUI-OutputFileMap.json -use-frontend-parseable-output -save-temps -no-color-diagnostics -explicit-module-build -module-cache-path /Users/mdd/zhk/kanpan-ringtone/DerivedData-ringtone/Build/Intermediates.noindex/SwiftExplicitPrecompiledModules -clang-scanner-module-cache-path /Users/mdd/zhk/kanpan-ringtone/DerivedData-ringtone/ModuleCache.noindex -sdk-module-cache-path /Users/mdd/zhk/kanpan-ringtone/DerivedData-ringtone/ModuleCache.noindex -serialize-diagnostics -emit-dependencies -emit-module -emit-module-path /Users/mdd/zhk/kanpan-ringtone/DerivedData-ringtone/Build/Intermediates.noindex/KanpanReview.build/Debug-iphonesimulator/ReviewUI.build/Objects-normal/arm64/ReviewUI.swiftmodule -validate-clang-modules-once -clang-build-session-file /Users/mdd/zhk/kanpan-ringtone/DerivedData-ringtone/ModuleCache.noindex/Session.modulevalidation -package-name kanpanreview -Xcc -I/Users/mdd/zhk/kanpan-ringtone/DerivedData-ringtone/Build/Intermediates.noindex/KanpanReview.build/Debug-iphonesimulator/ReviewUI.build/swift-overrides.hmap -emit-const-values -Xfrontend -const-gather-protocols-file -Xfrontend /Users/mdd/zhk/kanpan-ringtone/DerivedData-ringtone/Build/Intermediates.noindex/KanpanReview.build/Debug-iphonesimulator/ReviewUI.build/Objects-normal/arm64/ReviewUI_const_extract_protocols.json -Xcc -I/Users/mdd/zhk/kanpan-ringtone/DerivedData-ringtone/Build/Products/Debug-iphonesimulator/include -Xcc -I/Users/mdd/zhk/kanpan-ringtone/DerivedData-ringtone/Build/Intermediates.noindex/KanpanReview.build/Debug-iphonesimulator/ReviewUI.build/DerivedSources-normal/arm64 -Xcc -I/Users/mdd/zhk/kanpan-ringtone/DerivedData-ringtone/Build/Intermediates.noindex/KanpanReview.build/Debug-iphonesimulator/ReviewUI.build/DerivedSources/arm64 -Xcc -I/Users/mdd/zhk/kanpan-ringtone/DerivedData-ringtone/Build/Intermediates.noindex/KanpanReview.build/Debug-iphonesimulator/ReviewUI.build/DerivedSources -Xcc -DSWIFT_PACKAGE -Xcc -DDEBUG\=1 -emit-objc-header -emit-objc-header-path /Users/mdd/zhk/kanpan-ringtone/DerivedData-ringtone/Build/Intermediates.noindex/KanpanReview.build/Debug-iphonesimulator/ReviewUI.build/Objects-normal/arm64/ReviewUI-Swift.h -working-directory /Users/mdd/zhk/kanpan-ringtone -experimental-emit-module-separately -disable-cmo

SwiftDriver ReviewUI normal x86_64 com.apple.xcode.tools.swift.compiler (in target 'ReviewUI' from project 'KanpanReview')
    cd /Users/mdd/zhk/kanpan-ringtone
    builtin-SwiftDriver -- /Applications/Xcode.app/Contents/Developer/Toolchains/XcodeDefault.xctoolchain/usr/bin/swiftc -module-name ReviewUI -Onone @/Users/mdd/zhk/kanpan-ringtone/DerivedData-ringtone/Build/Intermediates.noindex/KanpanReview.build/Debug-iphonesimulator/ReviewUI.build/Objects-normal/x86_64/ReviewUI.SwiftFileList -DSWIFT_PACKAGE -DDEBUG -DSWIFT_MODULE_RESOURCE_BUNDLE_UNAVAILABLE -DXcode -plugin-path /Applications/Xcode.app/Contents/Developer/Toolchains/XcodeDefault.xctoolchain/usr/lib/swift/host/plugins/testing -enable-experimental-feature DebugDescriptionMacro -sdk /Applications/Xcode.app/Contents/Developer/Platforms/iPhoneSimulator.platform/Developer/SDKs/iPhoneSimulator26.5.sdk -target x86_64-apple-ios26.0-simulator -g -module-cache-path /Users/mdd/zhk/kanpan-ringtone/DerivedData-ringtone/ModuleCache.noindex -Xfrontend -serialize-debugging-options -enable-testing -suppress-warnings -index-store-path /Users/mdd/zhk/kanpan-ringtone/DerivedData-ringtone/Index.noindex/DataStore -Xcc -D_LIBCPP_HARDENING_MODE\=_LIBCPP_HARDENING_MODE_DEBUG -swift-version 6 -I /Users/mdd/zhk/kanpan-ringtone/DerivedData-ringtone/Build/Products/Debug-iphonesimulator -Isystem /Applications/Xcode.app/Contents/Developer/Platforms/iPhoneSimulator.platform/Developer/usr/lib -F /Users/mdd/zhk/kanpan-ringtone/DerivedData-ringtone/Build/Products/Debug-iphonesimulator/PackageFrameworks -F /Users/mdd/zhk/kanpan-ringtone/DerivedData-ringtone/Build/Products/Debug-iphonesimulator/PackageFrameworks -F /Users/mdd/zhk/kanpan-ringtone/DerivedData-ringtone/Build/Products/Debug-iphonesimulator/PackageFrameworks -F /Users/mdd/zhk/kanpan-ringtone/DerivedData-ringtone/Build/Products/Debug-iphonesimulator -F /Applications/Xcode.app/Contents/Developer/Platforms/iPhoneSimulator.platform/Developer/Library/Frameworks -F /Applications/Xcode.app/Contents/Developer/Platforms/iPhoneSimulator.platform/Developer/SDKs/iPhoneSimulator26.5.sdk/Developer/Library/Frameworks -c -j10 -enable-batch-mode -incremental -Xcc -ivfsstatcache -Xcc /Users/mdd/zhk/kanpan-ringtone/DerivedData-ringtone/SDKStatCaches.noindex/iphonesimulator26.5-23F81a-6cfe768891a92b912361537c460fe42b.sdkstatcache -output-file-map /Users/mdd/zhk/kanpan-ringtone/DerivedData-ringtone/Build/Intermediates.noindex/KanpanReview.build/Debug-iphonesimulator/ReviewUI.build/Objects-normal/x86_64/ReviewUI-OutputFileMap.json -use-frontend-parseable-output -save-temps -no-color-diagnostics -explicit-module-build -module-cache-path /Users/mdd/zhk/kanpan-ringtone/DerivedData-ringtone/Build/Intermediates.noindex/SwiftExplicitPrecompiledModules -clang-scanner-module-cache-path /Users/mdd/zhk/kanpan-ringtone/DerivedData-ringtone/ModuleCache.noindex -sdk-module-cache-path /Users/mdd/zhk/kanpan-ringtone/DerivedData-ringtone/ModuleCache.noindex -serialize-diagnostics -emit-dependencies -emit-module -emit-module-path /Users/mdd/zhk/kanpan-ringtone/DerivedData-ringtone/Build/Intermediates.noindex/KanpanReview.build/Debug-iphonesimulator/ReviewUI.build/Objects-normal/x86_64/ReviewUI.swiftmodule -validate-clang-modules-once -clang-build-session-file /Users/mdd/zhk/kanpan-ringtone/DerivedData-ringtone/ModuleCache.noindex/Session.modulevalidation -package-name kanpanreview -Xcc -I/Users/mdd/zhk/kanpan-ringtone/DerivedData-ringtone/Build/Intermediates.noindex/KanpanReview.build/Debug-iphonesimulator/ReviewUI.build/swift-overrides.hmap -emit-const-values -Xfrontend -const-gather-protocols-file -Xfrontend /Users/mdd/zhk/kanpan-ringtone/DerivedData-ringtone/Build/Intermediates.noindex/KanpanReview.build/Debug-iphonesimulator/ReviewUI.build/Objects-normal/x86_64/ReviewUI_const_extract_protocols.json -Xcc -I/Users/mdd/zhk/kanpan-ringtone/DerivedData-ringtone/Build/Products/Debug-iphonesimulator/include -Xcc -I/Users/mdd/zhk/kanpan-ringtone/DerivedData-ringtone/Build/Intermediates.noindex/KanpanReview.build/Debug-iphonesimulator/ReviewUI.build/DerivedSources-normal/x86_64 -Xcc -I/Users/mdd/zhk/kanpan-ringtone/DerivedData-ringtone/Build/Intermediates.noindex/KanpanReview.build/Debug-iphonesimulator/ReviewUI.build/DerivedSources/x86_64 -Xcc -I/Users/mdd/zhk/kanpan-ringtone/DerivedData-ringtone/Build/Intermediates.noindex/KanpanReview.build/Debug-iphonesimulator/ReviewUI.build/DerivedSources -Xcc -DSWIFT_PACKAGE -Xcc -DDEBUG\=1 -emit-objc-header -emit-objc-header-path /Users/mdd/zhk/kanpan-ringtone/DerivedData-ringtone/Build/Intermediates.noindex/KanpanReview.build/Debug-iphonesimulator/ReviewUI.build/Objects-normal/x86_64/ReviewUI-Swift.h -working-directory /Users/mdd/zhk/kanpan-ringtone -experimental-emit-module-separately -disable-cmo

SwiftDriver\ Compilation\ Requirements ReviewUI normal x86_64 com.apple.xcode.tools.swift.compiler (in target 'ReviewUI' from project 'KanpanReview')
    cd /Users/mdd/zhk/kanpan-ringtone
    builtin-Swift-Compilation-Requirements -- /Applications/Xcode.app/Contents/Developer/Toolchains/XcodeDefault.xctoolchain/usr/bin/swiftc -module-name ReviewUI -Onone @/Users/mdd/zhk/kanpan-ringtone/DerivedData-ringtone/Build/Intermediates.noindex/KanpanReview.build/Debug-iphonesimulator/ReviewUI.build/Objects-normal/x86_64/ReviewUI.SwiftFileList -DSWIFT_PACKAGE -DDEBUG -DSWIFT_MODULE_RESOURCE_BUNDLE_UNAVAILABLE -DXcode -plugin-path /Applications/Xcode.app/Contents/Developer/Toolchains/XcodeDefault.xctoolchain/usr/lib/swift/host/plugins/testing -enable-experimental-feature DebugDescriptionMacro -sdk /Applications/Xcode.app/Contents/Developer/Platforms/iPhoneSimulator.platform/Developer/SDKs/iPhoneSimulator26.5.sdk -target x86_64-apple-ios26.0-simulator -g -module-cache-path /Users/mdd/zhk/kanpan-ringtone/DerivedData-ringtone/ModuleCache.noindex -Xfrontend -serialize-debugging-options -enable-testing -suppress-warnings -index-store-path /Users/mdd/zhk/kanpan-ringtone/DerivedData-ringtone/Index.noindex/DataStore -Xcc -D_LIBCPP_HARDENING_MODE\=_LIBCPP_HARDENING_MODE_DEBUG -swift-version 6 -I /Users/mdd/zhk/kanpan-ringtone/DerivedData-ringtone/Build/Products/Debug-iphonesimulator -Isystem /Applications/Xcode.app/Contents/Developer/Platforms/iPhoneSimulator.platform/Developer/usr/lib -F /Users/mdd/zhk/kanpan-ringtone/DerivedData-ringtone/Build/Products/Debug-iphonesimulator/PackageFrameworks -F /Users/mdd/zhk/kanpan-ringtone/DerivedData-ringtone/Build/Products/Debug-iphonesimulator/PackageFrameworks -F /Users/mdd/zhk/kanpan-ringtone/DerivedData-ringtone/Build/Products/Debug-iphonesimulator/PackageFrameworks -F /Users/mdd/zhk/kanpan-ringtone/DerivedData-ringtone/Build/Products/Debug-iphonesimulator -F /Applications/Xcode.app/Contents/Developer/Platforms/iPhoneSimulator.platform/Developer/Library/Frameworks -F /Applications/Xcode.app/Contents/Developer/Platforms/iPhoneSimulator.platform/Developer/SDKs/iPhoneSimulator26.5.sdk/Developer/Library/Frameworks -c -j10 -enable-batch-mode -incremental -Xcc -ivfsstatcache -Xcc /Users/mdd/zhk/kanpan-ringtone/DerivedData-ringtone/SDKStatCaches.noindex/iphonesimulator26.5-23F81a-6cfe768891a92b912361537c460fe42b.sdkstatcache -output-file-map /Users/mdd/zhk/kanpan-ringtone/DerivedData-ringtone/Build/Intermediates.noindex/KanpanReview.build/Debug-iphonesimulator/ReviewUI.build/Objects-normal/x86_64/ReviewUI-OutputFileMap.json -use-frontend-parseable-output -save-temps -no-color-diagnostics -explicit-module-build -module-cache-path /Users/mdd/zhk/kanpan-ringtone/DerivedData-ringtone/Build/Intermediates.noindex/SwiftExplicitPrecompiledModules -clang-scanner-module-cache-path /Users/mdd/zhk/kanpan-ringtone/DerivedData-ringtone/ModuleCache.noindex -sdk-module-cache-path /Users/mdd/zhk/kanpan-ringtone/DerivedData-ringtone/ModuleCache.noindex -serialize-diagnostics -emit-dependencies -emit-module -emit-module-path /Users/mdd/zhk/kanpan-ringtone/DerivedData-ringtone/Build/Intermediates.noindex/KanpanReview.build/Debug-iphonesimulator/ReviewUI.build/Objects-normal/x86_64/ReviewUI.swiftmodule -validate-clang-modules-once -clang-build-session-file /Users/mdd/zhk/kanpan-ringtone/DerivedData-ringtone/ModuleCache.noindex/Session.modulevalidation -package-name kanpanreview -Xcc -I/Users/mdd/zhk/kanpan-ringtone/DerivedData-ringtone/Build/Intermediates.noindex/KanpanReview.build/Debug-iphonesimulator/ReviewUI.build/swift-overrides.hmap -emit-const-values -Xfrontend -const-gather-protocols-file -Xfrontend /Users/mdd/zhk/kanpan-ringtone/DerivedData-ringtone/Build/Intermediates.noindex/KanpanReview.build/Debug-iphonesimulator/ReviewUI.build/Objects-normal/x86_64/ReviewUI_const_extract_protocols.json -Xcc -I/Users/mdd/zhk/kanpan-ringtone/DerivedData-ringtone/Build/Products/Debug-iphonesimulator/include -Xcc -I/Users/mdd/zhk/kanpan-ringtone/DerivedData-ringtone/Build/Intermediates.noindex/KanpanReview.build/Debug-iphonesimulator/ReviewUI.build/DerivedSources-normal/x86_64 -Xcc -I/Users/mdd/zhk/kanpan-ringtone/DerivedData-ringtone/Build/Intermediates.noindex/KanpanReview.build/Debug-iphonesimulator/ReviewUI.build/DerivedSources/x86_64 -Xcc -I/Users/mdd/zhk/kanpan-ringtone/DerivedData-ringtone/Build/Intermediates.noindex/KanpanReview.build/Debug-iphonesimulator/ReviewUI.build/DerivedSources -Xcc -DSWIFT_PACKAGE -Xcc -DDEBUG\=1 -emit-objc-header -emit-objc-header-path /Users/mdd/zhk/kanpan-ringtone/DerivedData-ringtone/Build/Intermediates.noindex/KanpanReview.build/Debug-iphonesimulator/ReviewUI.build/Objects-normal/x86_64/ReviewUI-Swift.h -working-directory /Users/mdd/zhk/kanpan-ringtone -experimental-emit-module-separately -disable-cmo

SwiftDriver\ Compilation ReviewUI normal x86_64 com.apple.xcode.tools.swift.compiler (in target 'ReviewUI' from project 'KanpanReview')
    cd /Users/mdd/zhk/kanpan-ringtone
    builtin-Swift-Compilation -- /Applications/Xcode.app/Contents/Developer/Toolchains/XcodeDefault.xctoolchain/usr/bin/swiftc -module-name ReviewUI -Onone @/Users/mdd/zhk/kanpan-ringtone/DerivedData-ringtone/Build/Intermediates.noindex/KanpanReview.build/Debug-iphonesimulator/ReviewUI.build/Objects-normal/x86_64/ReviewUI.SwiftFileList -DSWIFT_PACKAGE -DDEBUG -DSWIFT_MODULE_RESOURCE_BUNDLE_UNAVAILABLE -DXcode -plugin-path /Applications/Xcode.app/Contents/Developer/Toolchains/XcodeDefault.xctoolchain/usr/lib/swift/host/plugins/testing -enable-experimental-feature DebugDescriptionMacro -sdk /Applications/Xcode.app/Contents/Developer/Platforms/iPhoneSimulator.platform/Developer/SDKs/iPhoneSimulator26.5.sdk -target x86_64-apple-ios26.0-simulator -g -module-cache-path /Users/mdd/zhk/kanpan-ringtone/DerivedData-ringtone/ModuleCache.noindex -Xfrontend -serialize-debugging-options -enable-testing -suppress-warnings -index-store-path /Users/mdd/zhk/kanpan-ringtone/DerivedData-ringtone/Index.noindex/DataStore -Xcc -D_LIBCPP_HARDENING_MODE\=_LIBCPP_HARDENING_MODE_DEBUG -swift-version 6 -I /Users/mdd/zhk/kanpan-ringtone/DerivedData-ringtone/Build/Products/Debug-iphonesimulator -Isystem /Applications/Xcode.app/Contents/Developer/Platforms/iPhoneSimulator.platform/Developer/usr/lib -F /Users/mdd/zhk/kanpan-ringtone/DerivedData-ringtone/Build/Products/Debug-iphonesimulator/PackageFrameworks -F /Users/mdd/zhk/kanpan-ringtone/DerivedData-ringtone/Build/Products/Debug-iphonesimulator/PackageFrameworks -F /Users/mdd/zhk/kanpan-ringtone/DerivedData-ringtone/Build/Products/Debug-iphonesimulator/PackageFrameworks -F /Users/mdd/zhk/kanpan-ringtone/DerivedData-ringtone/Build/Products/Debug-iphonesimulator -F /Applications/Xcode.app/Contents/Developer/Platforms/iPhoneSimulator.platform/Developer/Library/Frameworks -F /Applications/Xcode.app/Contents/Developer/Platforms/iPhoneSimulator.platform/Developer/SDKs/iPhoneSimulator26.5.sdk/Developer/Library/Frameworks -c -j10 -enable-batch-mode -incremental -Xcc -ivfsstatcache -Xcc /Users/mdd/zhk/kanpan-ringtone/DerivedData-ringtone/SDKStatCaches.noindex/iphonesimulator26.5-23F81a-6cfe768891a92b912361537c460fe42b.sdkstatcache -output-file-map /Users/mdd/zhk/kanpan-ringtone/DerivedData-ringtone/Build/Intermediates.noindex/KanpanReview.build/Debug-iphonesimulator/ReviewUI.build/Objects-normal/x86_64/ReviewUI-OutputFileMap.json -use-frontend-parseable-output -save-temps -no-color-diagnostics -explicit-module-build -module-cache-path /Users/mdd/zhk/kanpan-ringtone/DerivedData-ringtone/Build/Intermediates.noindex/SwiftExplicitPrecompiledModules -clang-scanner-module-cache-path /Users/mdd/zhk/kanpan-ringtone/DerivedData-ringtone/ModuleCache.noindex -sdk-module-cache-path /Users/mdd/zhk/kanpan-ringtone/DerivedData-ringtone/ModuleCache.noindex -serialize-diagnostics -emit-dependencies -emit-module -emit-module-path /Users/mdd/zhk/kanpan-ringtone/DerivedData-ringtone/Build/Intermediates.noindex/KanpanReview.build/Debug-iphonesimulator/ReviewUI.build/Objects-normal/x86_64/ReviewUI.swiftmodule -validate-clang-modules-once -clang-build-session-file /Users/mdd/zhk/kanpan-ringtone/DerivedData-ringtone/ModuleCache.noindex/Session.modulevalidation -package-name kanpanreview -Xcc -I/Users/mdd/zhk/kanpan-ringtone/DerivedData-ringtone/Build/Intermediates.noindex/KanpanReview.build/Debug-iphonesimulator/ReviewUI.build/swift-overrides.hmap -emit-const-values -Xfrontend -const-gather-protocols-file -Xfrontend /Users/mdd/zhk/kanpan-ringtone/DerivedData-ringtone/Build/Intermediates.noindex/KanpanReview.build/Debug-iphonesimulator/ReviewUI.build/Objects-normal/x86_64/ReviewUI_const_extract_protocols.json -Xcc -I/Users/mdd/zhk/kanpan-ringtone/DerivedData-ringtone/Build/Products/Debug-iphonesimulator/include -Xcc -I/Users/mdd/zhk/kanpan-ringtone/DerivedData-ringtone/Build/Intermediates.noindex/KanpanReview.build/Debug-iphonesimulator/ReviewUI.build/DerivedSources-normal/x86_64 -Xcc -I/Users/mdd/zhk/kanpan-ringtone/DerivedData-ringtone/Build/Intermediates.noindex/KanpanReview.build/Debug-iphonesimulator/ReviewUI.build/DerivedSources/x86_64 -Xcc -I/Users/mdd/zhk/kanpan-ringtone/DerivedData-ringtone/Build/Intermediates.noindex/KanpanReview.build/Debug-iphonesimulator/ReviewUI.build/DerivedSources -Xcc -DSWIFT_PACKAGE -Xcc -DDEBUG\=1 -emit-objc-header -emit-objc-header-path /Users/mdd/zhk/kanpan-ringtone/DerivedData-ringtone/Build/Intermediates.noindex/KanpanReview.build/Debug-iphonesimulator/ReviewUI.build/Objects-normal/x86_64/ReviewUI-Swift.h -working-directory /Users/mdd/zhk/kanpan-ringtone -experimental-emit-module-separately -disable-cmo

SwiftDriver\ Compilation\ Requirements ReviewUI normal arm64 com.apple.xcode.tools.swift.compiler (in target 'ReviewUI' from project 'KanpanReview')
    cd /Users/mdd/zhk/kanpan-ringtone
    builtin-Swift-Compilation-Requirements -- /Applications/Xcode.app/Contents/Developer/Toolchains/XcodeDefault.xctoolchain/usr/bin/swiftc -module-name ReviewUI -Onone @/Users/mdd/zhk/kanpan-ringtone/DerivedData-ringtone/Build/Intermediates.noindex/KanpanReview.build/Debug-iphonesimulator/ReviewUI.build/Objects-normal/arm64/ReviewUI.SwiftFileList -DSWIFT_PACKAGE -DDEBUG -DSWIFT_MODULE_RESOURCE_BUNDLE_UNAVAILABLE -DXcode -plugin-path /Applications/Xcode.app/Contents/Developer/Toolchains/XcodeDefault.xctoolchain/usr/lib/swift/host/plugins/testing -enable-experimental-feature DebugDescriptionMacro -sdk /Applications/Xcode.app/Contents/Developer/Platforms/iPhoneSimulator.platform/Developer/SDKs/iPhoneSimulator26.5.sdk -target arm64-apple-ios26.0-simulator -g -module-cache-path /Users/mdd/zhk/kanpan-ringtone/DerivedData-ringtone/ModuleCache.noindex -Xfrontend -serialize-debugging-options -enable-testing -suppress-warnings -index-store-path /Users/mdd/zhk/kanpan-ringtone/DerivedData-ringtone/Index.noindex/DataStore -Xcc -D_LIBCPP_HARDENING_MODE\=_LIBCPP_HARDENING_MODE_DEBUG -swift-version 6 -I /Users/mdd/zhk/kanpan-ringtone/DerivedData-ringtone/Build/Products/Debug-iphonesimulator -Isystem /Applications/Xcode.app/Contents/Developer/Platforms/iPhoneSimulator.platform/Developer/usr/lib -F /Users/mdd/zhk/kanpan-ringtone/DerivedData-ringtone/Build/Products/Debug-iphonesimulator/PackageFrameworks -F /Users/mdd/zhk/kanpan-ringtone/DerivedData-ringtone/Build/Products/Debug-iphonesimulator/PackageFrameworks -F /Users/mdd/zhk/kanpan-ringtone/DerivedData-ringtone/Build/Products/Debug-iphonesimulator/PackageFrameworks -F /Users/mdd/zhk/kanpan-ringtone/DerivedData-ringtone/Build/Products/Debug-iphonesimulator -F /Applications/Xcode.app/Contents/Developer/Platforms/iPhoneSimulator.platform/Developer/Library/Frameworks -F /Applications/Xcode.app/Contents/Developer/Platforms/iPhoneSimulator.platform/Developer/SDKs/iPhoneSimulator26.5.sdk/Developer/Library/Frameworks -c -j10 -enable-batch-mode -incremental -Xcc -ivfsstatcache -Xcc /Users/mdd/zhk/kanpan-ringtone/DerivedData-ringtone/SDKStatCaches.noindex/iphonesimulator26.5-23F81a-6cfe768891a92b912361537c460fe42b.sdkstatcache -output-file-map /Users/mdd/zhk/kanpan-ringtone/DerivedData-ringtone/Build/Intermediates.noindex/KanpanReview.build/Debug-iphonesimulator/ReviewUI.build/Objects-normal/arm64/ReviewUI-OutputFileMap.json -use-frontend-parseable-output -save-temps -no-color-diagnostics -explicit-module-build -module-cache-path /Users/mdd/zhk/kanpan-ringtone/DerivedData-ringtone/Build/Intermediates.noindex/SwiftExplicitPrecompiledModules -clang-scanner-module-cache-path /Users/mdd/zhk/kanpan-ringtone/DerivedData-ringtone/ModuleCache.noindex -sdk-module-cache-path /Users/mdd/zhk/kanpan-ringtone/DerivedData-ringtone/ModuleCache.noindex -serialize-diagnostics -emit-dependencies -emit-module -emit-module-path /Users/mdd/zhk/kanpan-ringtone/DerivedData-ringtone/Build/Intermediates.noindex/KanpanReview.build/Debug-iphonesimulator/ReviewUI.build/Objects-normal/arm64/ReviewUI.swiftmodule -validate-clang-modules-once -clang-build-session-file /Users/mdd/zhk/kanpan-ringtone/DerivedData-ringtone/ModuleCache.noindex/Session.modulevalidation -package-name kanpanreview -Xcc -I/Users/mdd/zhk/kanpan-ringtone/DerivedData-ringtone/Build/Intermediates.noindex/KanpanReview.build/Debug-iphonesimulator/ReviewUI.build/swift-overrides.hmap -emit-const-values -Xfrontend -const-gather-protocols-file -Xfrontend /Users/mdd/zhk/kanpan-ringtone/DerivedData-ringtone/Build/Intermediates.noindex/KanpanReview.build/Debug-iphonesimulator/ReviewUI.build/Objects-normal/arm64/ReviewUI_const_extract_protocols.json -Xcc -I/Users/mdd/zhk/kanpan-ringtone/DerivedData-ringtone/Build/Products/Debug-iphonesimulator/include -Xcc -I/Users/mdd/zhk/kanpan-ringtone/DerivedData-ringtone/Build/Intermediates.noindex/KanpanReview.build/Debug-iphonesimulator/ReviewUI.build/DerivedSources-normal/arm64 -Xcc -I/Users/mdd/zhk/kanpan-ringtone/DerivedData-ringtone/Build/Intermediates.noindex/KanpanReview.build/Debug-iphonesimulator/ReviewUI.build/DerivedSources/arm64 -Xcc -I/Users/mdd/zhk/kanpan-ringtone/DerivedData-ringtone/Build/Intermediates.noindex/KanpanReview.build/Debug-iphonesimulator/ReviewUI.build/DerivedSources -Xcc -DSWIFT_PACKAGE -Xcc -DDEBUG\=1 -emit-objc-header -emit-objc-header-path /Users/mdd/zhk/kanpan-ringtone/DerivedData-ringtone/Build/Intermediates.noindex/KanpanReview.build/Debug-iphonesimulator/ReviewUI.build/Objects-normal/arm64/ReviewUI-Swift.h -working-directory /Users/mdd/zhk/kanpan-ringtone -experimental-emit-module-separately -disable-cmo

SwiftDriver\ Compilation ReviewUI normal arm64 com.apple.xcode.tools.swift.compiler (in target 'ReviewUI' from project 'KanpanReview')
    cd /Users/mdd/zhk/kanpan-ringtone
    builtin-Swift-Compilation -- /Applications/Xcode.app/Contents/Developer/Toolchains/XcodeDefault.xctoolchain/usr/bin/swiftc -module-name ReviewUI -Onone @/Users/mdd/zhk/kanpan-ringtone/DerivedData-ringtone/Build/Intermediates.noindex/KanpanReview.build/Debug-iphonesimulator/ReviewUI.build/Objects-normal/arm64/ReviewUI.SwiftFileList -DSWIFT_PACKAGE -DDEBUG -DSWIFT_MODULE_RESOURCE_BUNDLE_UNAVAILABLE -DXcode -plugin-path /Applications/Xcode.app/Contents/Developer/Toolchains/XcodeDefault.xctoolchain/usr/lib/swift/host/plugins/testing -enable-experimental-feature DebugDescriptionMacro -sdk /Applications/Xcode.app/Contents/Developer/Platforms/iPhoneSimulator.platform/Developer/SDKs/iPhoneSimulator26.5.sdk -target arm64-apple-ios26.0-simulator -g -module-cache-path /Users/mdd/zhk/kanpan-ringtone/DerivedData-ringtone/ModuleCache.noindex -Xfrontend -serialize-debugging-options -enable-testing -suppress-warnings -index-store-path /Users/mdd/zhk/kanpan-ringtone/DerivedData-ringtone/Index.noindex/DataStore -Xcc -D_LIBCPP_HARDENING_MODE\=_LIBCPP_HARDENING_MODE_DEBUG -swift-version 6 -I /Users/mdd/zhk/kanpan-ringtone/DerivedData-ringtone/Build/Products/Debug-iphonesimulator -Isystem /Applications/Xcode.app/Contents/Developer/Platforms/iPhoneSimulator.platform/Developer/usr/lib -F /Users/mdd/zhk/kanpan-ringtone/DerivedData-ringtone/Build/Products/Debug-iphonesimulator/PackageFrameworks -F /Users/mdd/zhk/kanpan-ringtone/DerivedData-ringtone/Build/Products/Debug-iphonesimulator/PackageFrameworks -F /Users/mdd/zhk/kanpan-ringtone/DerivedData-ringtone/Build/Products/Debug-iphonesimulator/PackageFrameworks -F /Users/mdd/zhk/kanpan-ringtone/DerivedData-ringtone/Build/Products/Debug-iphonesimulator -F /Applications/Xcode.app/Contents/Developer/Platforms/iPhoneSimulator.platform/Developer/Library/Frameworks -F /Applications/Xcode.app/Contents/Developer/Platforms/iPhoneSimulator.platform/Developer/SDKs/iPhoneSimulator26.5.sdk/Developer/Library/Frameworks -c -j10 -enable-batch-mode -incremental -Xcc -ivfsstatcache -Xcc /Users/mdd/zhk/kanpan-ringtone/DerivedData-ringtone/SDKStatCaches.noindex/iphonesimulator26.5-23F81a-6cfe768891a92b912361537c460fe42b.sdkstatcache -output-file-map /Users/mdd/zhk/kanpan-ringtone/DerivedData-ringtone/Build/Intermediates.noindex/KanpanReview.build/Debug-iphonesimulator/ReviewUI.build/Objects-normal/arm64/ReviewUI-OutputFileMap.json -use-frontend-parseable-output -save-temps -no-color-diagnostics -explicit-module-build -module-cache-path /Users/mdd/zhk/kanpan-ringtone/DerivedData-ringtone/Build/Intermediates.noindex/SwiftExplicitPrecompiledModules -clang-scanner-module-cache-path /Users/mdd/zhk/kanpan-ringtone/DerivedData-ringtone/ModuleCache.noindex -sdk-module-cache-path /Users/mdd/zhk/kanpan-ringtone/DerivedData-ringtone/ModuleCache.noindex -serialize-diagnostics -emit-dependencies -emit-module -emit-module-path /Users/mdd/zhk/kanpan-ringtone/DerivedData-ringtone/Build/Intermediates.noindex/KanpanReview.build/Debug-iphonesimulator/ReviewUI.build/Objects-normal/arm64/ReviewUI.swiftmodule -validate-clang-modules-once -clang-build-session-file /Users/mdd/zhk/kanpan-ringtone/DerivedData-ringtone/ModuleCache.noindex/Session.modulevalidation -package-name kanpanreview -Xcc -I/Users/mdd/zhk/kanpan-ringtone/DerivedData-ringtone/Build/Intermediates.noindex/KanpanReview.build/Debug-iphonesimulator/ReviewUI.build/swift-overrides.hmap -emit-const-values -Xfrontend -const-gather-protocols-file -Xfrontend /Users/mdd/zhk/kanpan-ringtone/DerivedData-ringtone/Build/Intermediates.noindex/KanpanReview.build/Debug-iphonesimulator/ReviewUI.build/Objects-normal/arm64/ReviewUI_const_extract_protocols.json -Xcc -I/Users/mdd/zhk/kanpan-ringtone/DerivedData-ringtone/Build/Products/Debug-iphonesimulator/include -Xcc -I/Users/mdd/zhk/kanpan-ringtone/DerivedData-ringtone/Build/Intermediates.noindex/KanpanReview.build/Debug-iphonesimulator/ReviewUI.build/DerivedSources-normal/arm64 -Xcc -I/Users/mdd/zhk/kanpan-ringtone/DerivedData-ringtone/Build/Intermediates.noindex/KanpanReview.build/Debug-iphonesimulator/ReviewUI.build/DerivedSources/arm64 -Xcc -I/Users/mdd/zhk/kanpan-ringtone/DerivedData-ringtone/Build/Intermediates.noindex/KanpanReview.build/Debug-iphonesimulator/ReviewUI.build/DerivedSources -Xcc -DSWIFT_PACKAGE -Xcc -DDEBUG\=1 -emit-objc-header -emit-objc-header-path /Users/mdd/zhk/kanpan-ringtone/DerivedData-ringtone/Build/Intermediates.noindex/KanpanReview.build/Debug-iphonesimulator/ReviewUI.build/Objects-normal/arm64/ReviewUI-Swift.h -working-directory /Users/mdd/zhk/kanpan-ringtone -experimental-emit-module-separately -disable-cmo

SwiftMergeGeneratedHeaders /Users/mdd/zhk/kanpan-ringtone/DerivedData-ringtone/Build/Intermediates.noindex/GeneratedModuleMaps-iphonesimulator/ReviewUI-Swift.h /Users/mdd/zhk/kanpan-ringtone/DerivedData-ringtone/Build/Intermediates.noindex/KanpanReview.build/Debug-iphonesimulator/ReviewUI.build/Objects-normal/arm64/ReviewUI-Swift.h /Users/mdd/zhk/kanpan-ringtone/DerivedData-ringtone/Build/Intermediates.noindex/KanpanReview.build/Debug-iphonesimulator/ReviewUI.build/Objects-normal/x86_64/ReviewUI-Swift.h (in target 'ReviewUI' from project 'KanpanReview')
    cd /Users/mdd/zhk/kanpan-ringtone/KanpanReview
    builtin-swiftHeaderTool -arch arm64 /Users/mdd/zhk/kanpan-ringtone/DerivedData-ringtone/Build/Intermediates.noindex/KanpanReview.build/Debug-iphonesimulator/ReviewUI.build/Objects-normal/arm64/ReviewUI-Swift.h -arch x86_64 /Users/mdd/zhk/kanpan-ringtone/DerivedData-ringtone/Build/Intermediates.noindex/KanpanReview.build/Debug-iphonesimulator/ReviewUI.build/Objects-normal/x86_64/ReviewUI-Swift.h -o /Users/mdd/zhk/kanpan-ringtone/DerivedData-ringtone/Build/Intermediates.noindex/GeneratedModuleMaps-iphonesimulator/ReviewUI-Swift.h

Copy /Users/mdd/zhk/kanpan-ringtone/DerivedData-ringtone/Build/Products/Debug-iphonesimulator/ReviewUI.swiftmodule/x86_64-apple-ios-simulator.swiftmodule /Users/mdd/zhk/kanpan-ringtone/DerivedData-ringtone/Build/Intermediates.noindex/KanpanReview.build/Debug-iphonesimulator/ReviewUI.build/Objects-normal/x86_64/ReviewUI.swiftmodule (in target 'ReviewUI' from project 'KanpanReview')
    cd /Users/mdd/zhk/kanpan-ringtone/KanpanReview
    builtin-copy -exclude .DS_Store -exclude CVS -exclude .svn -exclude .git -exclude .hg -resolve-src-symlinks -rename /Users/mdd/zhk/kanpan-ringtone/DerivedData-ringtone/Build/Intermediates.noindex/KanpanReview.build/Debug-iphonesimulator/ReviewUI.build/Objects-normal/x86_64/ReviewUI.swiftmodule /Users/mdd/zhk/kanpan-ringtone/DerivedData-ringtone/Build/Products/Debug-iphonesimulator/ReviewUI.swiftmodule/x86_64-apple-ios-simulator.swiftmodule

Copy /Users/mdd/zhk/kanpan-ringtone/DerivedData-ringtone/Build/Products/Debug-iphonesimulator/ReviewUI.swiftmodule/x86_64-apple-ios-simulator.swiftdoc /Users/mdd/zhk/kanpan-ringtone/DerivedData-ringtone/Build/Intermediates.noindex/KanpanReview.build/Debug-iphonesimulator/ReviewUI.build/Objects-normal/x86_64/ReviewUI.swiftdoc (in target 'ReviewUI' from project 'KanpanReview')
    cd /Users/mdd/zhk/kanpan-ringtone/KanpanReview
    builtin-copy -exclude .DS_Store -exclude CVS -exclude .svn -exclude .git -exclude .hg -resolve-src-symlinks -rename /Users/mdd/zhk/kanpan-ringtone/DerivedData-ringtone/Build/Intermediates.noindex/KanpanReview.build/Debug-iphonesimulator/ReviewUI.build/Objects-normal/x86_64/ReviewUI.swiftdoc /Users/mdd/zhk/kanpan-ringtone/DerivedData-ringtone/Build/Products/Debug-iphonesimulator/ReviewUI.swiftmodule/x86_64-apple-ios-simulator.swiftdoc

Copy /Users/mdd/zhk/kanpan-ringtone/DerivedData-ringtone/Build/Products/Debug-iphonesimulator/ReviewUI.swiftmodule/x86_64-apple-ios-simulator.abi.json /Users/mdd/zhk/kanpan-ringtone/DerivedData-ringtone/Build/Intermediates.noindex/KanpanReview.build/Debug-iphonesimulator/ReviewUI.build/Objects-normal/x86_64/ReviewUI.abi.json (in target 'ReviewUI' from project 'KanpanReview')
    cd /Users/mdd/zhk/kanpan-ringtone/KanpanReview
    builtin-copy -exclude .DS_Store -exclude CVS -exclude .svn -exclude .git -exclude .hg -resolve-src-symlinks -rename /Users/mdd/zhk/kanpan-ringtone/DerivedData-ringtone/Build/Intermediates.noindex/KanpanReview.build/Debug-iphonesimulator/ReviewUI.build/Objects-normal/x86_64/ReviewUI.abi.json /Users/mdd/zhk/kanpan-ringtone/DerivedData-ringtone/Build/Products/Debug-iphonesimulator/ReviewUI.swiftmodule/x86_64-apple-ios-simulator.abi.json

Copy /Users/mdd/zhk/kanpan-ringtone/DerivedData-ringtone/Build/Products/Debug-iphonesimulator/ReviewUI.swiftmodule/arm64-apple-ios-simulator.swiftmodule /Users/mdd/zhk/kanpan-ringtone/DerivedData-ringtone/Build/Intermediates.noindex/KanpanReview.build/Debug-iphonesimulator/ReviewUI.build/Objects-normal/arm64/ReviewUI.swiftmodule (in target 'ReviewUI' from project 'KanpanReview')
    cd /Users/mdd/zhk/kanpan-ringtone/KanpanReview
    builtin-copy -exclude .DS_Store -exclude CVS -exclude .svn -exclude .git -exclude .hg -resolve-src-symlinks -rename /Users/mdd/zhk/kanpan-ringtone/DerivedData-ringtone/Build/Intermediates.noindex/KanpanReview.build/Debug-iphonesimulator/ReviewUI.build/Objects-normal/arm64/ReviewUI.swiftmodule /Users/mdd/zhk/kanpan-ringtone/DerivedData-ringtone/Build/Products/Debug-iphonesimulator/ReviewUI.swiftmodule/arm64-apple-ios-simulator.swiftmodule

Copy /Users/mdd/zhk/kanpan-ringtone/DerivedData-ringtone/Build/Products/Debug-iphonesimulator/ReviewUI.swiftmodule/arm64-apple-ios-simulator.swiftdoc /Users/mdd/zhk/kanpan-ringtone/DerivedData-ringtone/Build/Intermediates.noindex/KanpanReview.build/Debug-iphonesimulator/ReviewUI.build/Objects-normal/arm64/ReviewUI.swiftdoc (in target 'ReviewUI' from project 'KanpanReview')
    cd /Users/mdd/zhk/kanpan-ringtone/KanpanReview
    builtin-copy -exclude .DS_Store -exclude CVS -exclude .svn -exclude .git -exclude .hg -resolve-src-symlinks -rename /Users/mdd/zhk/kanpan-ringtone/DerivedData-ringtone/Build/Intermediates.noindex/KanpanReview.build/Debug-iphonesimulator/ReviewUI.build/Objects-normal/arm64/ReviewUI.swiftdoc /Users/mdd/zhk/kanpan-ringtone/DerivedData-ringtone/Build/Products/Debug-iphonesimulator/ReviewUI.swiftmodule/arm64-apple-ios-simulator.swiftdoc

Copy /Users/mdd/zhk/kanpan-ringtone/DerivedData-ringtone/Build/Products/Debug-iphonesimulator/ReviewUI.swiftmodule/arm64-apple-ios-simulator.abi.json /Users/mdd/zhk/kanpan-ringtone/DerivedData-ringtone/Build/Intermediates.noindex/KanpanReview.build/Debug-iphonesimulator/ReviewUI.build/Objects-normal/arm64/ReviewUI.abi.json (in target 'ReviewUI' from project 'KanpanReview')
    cd /Users/mdd/zhk/kanpan-ringtone/KanpanReview
    builtin-copy -exclude .DS_Store -exclude CVS -exclude .svn -exclude .git -exclude .hg -resolve-src-symlinks -rename /Users/mdd/zhk/kanpan-ringtone/DerivedData-ringtone/Build/Intermediates.noindex/KanpanReview.build/Debug-iphonesimulator/ReviewUI.build/Objects-normal/arm64/ReviewUI.abi.json /Users/mdd/zhk/kanpan-ringtone/DerivedData-ringtone/Build/Products/Debug-iphonesimulator/ReviewUI.swiftmodule/arm64-apple-ios-simulator.abi.json

Copy /Users/mdd/zhk/kanpan-ringtone/DerivedData-ringtone/Build/Products/Debug-iphonesimulator/ReviewUI.swiftmodule/Project/x86_64-apple-ios-simulator.swiftsourceinfo /Users/mdd/zhk/kanpan-ringtone/DerivedData-ringtone/Build/Intermediates.noindex/KanpanReview.build/Debug-iphonesimulator/ReviewUI.build/Objects-normal/x86_64/ReviewUI.swiftsourceinfo (in target 'ReviewUI' from project 'KanpanReview')
    cd /Users/mdd/zhk/kanpan-ringtone/KanpanReview
    builtin-copy -exclude .DS_Store -exclude CVS -exclude .svn -exclude .git -exclude .hg -resolve-src-symlinks -rename /Users/mdd/zhk/kanpan-ringtone/DerivedData-ringtone/Build/Intermediates.noindex/KanpanReview.build/Debug-iphonesimulator/ReviewUI.build/Objects-normal/x86_64/ReviewUI.swiftsourceinfo /Users/mdd/zhk/kanpan-ringtone/DerivedData-ringtone/Build/Products/Debug-iphonesimulator/ReviewUI.swiftmodule/Project/x86_64-apple-ios-simulator.swiftsourceinfo

Copy /Users/mdd/zhk/kanpan-ringtone/DerivedData-ringtone/Build/Products/Debug-iphonesimulator/ReviewUI.swiftmodule/Project/arm64-apple-ios-simulator.swiftsourceinfo /Users/mdd/zhk/kanpan-ringtone/DerivedData-ringtone/Build/Intermediates.noindex/KanpanReview.build/Debug-iphonesimulator/ReviewUI.build/Objects-normal/arm64/ReviewUI.swiftsourceinfo (in target 'ReviewUI' from project 'KanpanReview')
    cd /Users/mdd/zhk/kanpan-ringtone/KanpanReview
    builtin-copy -exclude .DS_Store -exclude CVS -exclude .svn -exclude .git -exclude .hg -resolve-src-symlinks -rename /Users/mdd/zhk/kanpan-ringtone/DerivedData-ringtone/Build/Intermediates.noindex/KanpanReview.build/Debug-iphonesimulator/ReviewUI.build/Objects-normal/arm64/ReviewUI.swiftsourceinfo /Users/mdd/zhk/kanpan-ringtone/DerivedData-ringtone/Build/Products/Debug-iphonesimulator/ReviewUI.swiftmodule/Project/arm64-apple-ios-simulator.swiftsourceinfo

Ld /Users/mdd/zhk/kanpan-ringtone/DerivedData-ringtone/Build/Intermediates.noindex/KanpanReview.build/Debug-iphonesimulator/ReviewData.build/Objects-normal/x86_64/Binary/ReviewData.o normal x86_64 (in target 'ReviewData' from project 'KanpanReview')
    cd /Users/mdd/zhk/kanpan-ringtone/KanpanReview
    /Applications/Xcode.app/Contents/Developer/Toolchains/XcodeDefault.xctoolchain/usr/bin/clang -Xlinker -reproducible -target x86_64-apple-ios26.0-simulator -r -isysroot /Applications/Xcode.app/Contents/Developer/Platforms/iPhoneSimulator.platform/Developer/SDKs/iPhoneSimulator26.5.sdk -O0 -w -F/Users/mdd/zhk/kanpan-ringtone/DerivedData-ringtone/Build/Intermediates.noindex/EagerLinkingTBDs/Debug-iphonesimulator -F/Users/mdd/zhk/kanpan-ringtone/DerivedData-ringtone/Build/Products/Debug-iphonesimulator/PackageFrameworks -F/Users/mdd/zhk/kanpan-ringtone/DerivedData-ringtone/Build/Products/Debug-iphonesimulator -iframework /Applications/Xcode.app/Contents/Developer/Platforms/iPhoneSimulator.platform/Developer/Library/Frameworks -iframework /Applications/Xcode.app/Contents/Developer/Platforms/iPhoneSimulator.platform/Developer/SDKs/iPhoneSimulator26.5.sdk/Developer/Library/Frameworks -filelist /Users/mdd/zhk/kanpan-ringtone/DerivedData-ringtone/Build/Intermediates.noindex/KanpanReview.build/Debug-iphonesimulator/ReviewData.build/Objects-normal/x86_64/ReviewData.LinkFileList -nostdlib -Xlinker -object_path_lto -Xlinker /Users/mdd/zhk/kanpan-ringtone/DerivedData-ringtone/Build/Intermediates.noindex/KanpanReview.build/Debug-iphonesimulator/ReviewData.build/Objects-normal/x86_64/ReviewData_lto.o -Xlinker -no_deduplicate -Xlinker -objc_abi_version -Xlinker 2 -Xlinker -dependency_info -Xlinker /Users/mdd/zhk/kanpan-ringtone/DerivedData-ringtone/Build/Intermediates.noindex/KanpanReview.build/Debug-iphonesimulator/ReviewData.build/Objects-normal/x86_64/ReviewData_dependency_info.dat -fobjc-link-runtime -L/Applications/Xcode.app/Contents/Developer/Toolchains/XcodeDefault.xctoolchain/usr/lib/swift/iphonesimulator -L/usr/lib/swift -Xlinker -add_ast_path -Xlinker /Users/mdd/zhk/kanpan-ringtone/DerivedData-ringtone/Build/Intermediates.noindex/KanpanReview.build/Debug-iphonesimulator/ReviewData.build/Objects-normal/x86_64/ReviewData.swiftmodule @/Users/mdd/zhk/kanpan-ringtone/DerivedData-ringtone/Build/Intermediates.noindex/KanpanReview.build/Debug-iphonesimulator/ReviewData.build/Objects-normal/x86_64/ReviewData-linker-args.resp -o /Users/mdd/zhk/kanpan-ringtone/DerivedData-ringtone/Build/Intermediates.noindex/KanpanReview.build/Debug-iphonesimulator/ReviewData.build/Objects-normal/x86_64/Binary/ReviewData.o

Ld /Users/mdd/zhk/kanpan-ringtone/DerivedData-ringtone/Build/Intermediates.noindex/KanpanReview.build/Debug-iphonesimulator/ReviewData.build/Objects-normal/arm64/Binary/ReviewData.o normal arm64 (in target 'ReviewData' from project 'KanpanReview')
    cd /Users/mdd/zhk/kanpan-ringtone/KanpanReview
    /Applications/Xcode.app/Contents/Developer/Toolchains/XcodeDefault.xctoolchain/usr/bin/clang -Xlinker -reproducible -target arm64-apple-ios26.0-simulator -r -isysroot /Applications/Xcode.app/Contents/Developer/Platforms/iPhoneSimulator.platform/Developer/SDKs/iPhoneSimulator26.5.sdk -O0 -w -F/Users/mdd/zhk/kanpan-ringtone/DerivedData-ringtone/Build/Intermediates.noindex/EagerLinkingTBDs/Debug-iphonesimulator -F/Users/mdd/zhk/kanpan-ringtone/DerivedData-ringtone/Build/Products/Debug-iphonesimulator/PackageFrameworks -F/Users/mdd/zhk/kanpan-ringtone/DerivedData-ringtone/Build/Products/Debug-iphonesimulator -iframework /Applications/Xcode.app/Contents/Developer/Platforms/iPhoneSimulator.platform/Developer/Library/Frameworks -iframework /Applications/Xcode.app/Contents/Developer/Platforms/iPhoneSimulator.platform/Developer/SDKs/iPhoneSimulator26.5.sdk/Developer/Library/Frameworks -filelist /Users/mdd/zhk/kanpan-ringtone/DerivedData-ringtone/Build/Intermediates.noindex/KanpanReview.build/Debug-iphonesimulator/ReviewData.build/Objects-normal/arm64/ReviewData.LinkFileList -nostdlib -Xlinker -object_path_lto -Xlinker /Users/mdd/zhk/kanpan-ringtone/DerivedData-ringtone/Build/Intermediates.noindex/KanpanReview.build/Debug-iphonesimulator/ReviewData.build/Objects-normal/arm64/ReviewData_lto.o -Xlinker -no_deduplicate -Xlinker -objc_abi_version -Xlinker 2 -Xlinker -dependency_info -Xlinker /Users/mdd/zhk/kanpan-ringtone/DerivedData-ringtone/Build/Intermediates.noindex/KanpanReview.build/Debug-iphonesimulator/ReviewData.build/Objects-normal/arm64/ReviewData_dependency_info.dat -fobjc-link-runtime -L/Applications/Xcode.app/Contents/Developer/Toolchains/XcodeDefault.xctoolchain/usr/lib/swift/iphonesimulator -L/usr/lib/swift -Xlinker -add_ast_path -Xlinker /Users/mdd/zhk/kanpan-ringtone/DerivedData-ringtone/Build/Intermediates.noindex/KanpanReview.build/Debug-iphonesimulator/ReviewData.build/Objects-normal/arm64/ReviewData.swiftmodule @/Users/mdd/zhk/kanpan-ringtone/DerivedData-ringtone/Build/Intermediates.noindex/KanpanReview.build/Debug-iphonesimulator/ReviewData.build/Objects-normal/arm64/ReviewData-linker-args.resp -o /Users/mdd/zhk/kanpan-ringtone/DerivedData-ringtone/Build/Intermediates.noindex/KanpanReview.build/Debug-iphonesimulator/ReviewData.build/Objects-normal/arm64/Binary/ReviewData.o

ExtractAppIntentsMetadata (in target 'KanpanAccount' from project 'KanpanAccount')
    cd /Users/mdd/zhk/kanpan-ringtone/KanpanAccount
    /Applications/Xcode.app/Contents/Developer/Toolchains/XcodeDefault.xctoolchain/usr/bin/appintentsmetadataprocessor --toolchain-dir /Applications/Xcode.app/Contents/Developer/Toolchains/XcodeDefault.xctoolchain --module-name KanpanAccount --sdk-root /Applications/Xcode.app/Contents/Developer/Platforms/iPhoneSimulator.platform/Developer/SDKs/iPhoneSimulator26.5.sdk --xcode-version 17F113 --platform-family iOS --deployment-target 26.0 --bundle-identifier kanpanaccount.KanpanAccount --output /Users/mdd/zhk/kanpan-ringtone/DerivedData-ringtone/Build/Products/Debug-iphonesimulator/KanpanAccount.appintents --target-triple arm64-apple-ios26.0-simulator --target-triple x86_64-apple-ios26.0-simulator --binary-file /Users/mdd/zhk/kanpan-ringtone/DerivedData-ringtone/Build/Products/Debug-iphonesimulator/KanpanAccount.o --dependency-file /Users/mdd/zhk/kanpan-ringtone/DerivedData-ringtone/Build/Intermediates.noindex/KanpanAccount.build/Debug-iphonesimulator/KanpanAccount.build/Objects-normal/arm64/KanpanAccount_dependency_info.dat --dependency-file /Users/mdd/zhk/kanpan-ringtone/DerivedData-ringtone/Build/Intermediates.noindex/KanpanAccount.build/Debug-iphonesimulator/KanpanAccount.build/Objects-normal/x86_64/KanpanAccount_dependency_info.dat --stringsdata-file /Users/mdd/zhk/kanpan-ringtone/DerivedData-ringtone/Build/Intermediates.noindex/KanpanAccount.build/Debug-iphonesimulator/KanpanAccount.build/Objects-normal/arm64/ExtractedAppShortcutsMetadata.stringsdata --stringsdata-file /Users/mdd/zhk/kanpan-ringtone/DerivedData-ringtone/Build/Intermediates.noindex/KanpanAccount.build/Debug-iphonesimulator/KanpanAccount.build/Objects-normal/x86_64/ExtractedAppShortcutsMetadata.stringsdata --source-file-list /Users/mdd/zhk/kanpan-ringtone/DerivedData-ringtone/Build/Intermediates.noindex/KanpanAccount.build/Debug-iphonesimulator/KanpanAccount.build/Objects-normal/arm64/KanpanAccount.SwiftFileList --source-file-list /Users/mdd/zhk/kanpan-ringtone/DerivedData-ringtone/Build/Intermediates.noindex/KanpanAccount.build/Debug-iphonesimulator/KanpanAccount.build/Objects-normal/x86_64/KanpanAccount.SwiftFileList --metadata-file-list /Users/mdd/zhk/kanpan-ringtone/DerivedData-ringtone/Build/Intermediates.noindex/KanpanAccount.build/Debug-iphonesimulator/KanpanAccount.build/KanpanAccount.DependencyMetadataFileList --static-metadata-file-list /Users/mdd/zhk/kanpan-ringtone/DerivedData-ringtone/Build/Intermediates.noindex/KanpanAccount.build/Debug-iphonesimulator/KanpanAccount.build/KanpanAccount.DependencyStaticMetadataFileList --swift-const-vals-list /Users/mdd/zhk/kanpan-ringtone/DerivedData-ringtone/Build/Intermediates.noindex/KanpanAccount.build/Debug-iphonesimulator/KanpanAccount.build/Objects-normal/arm64/KanpanAccount.SwiftConstValuesFileList --swift-const-vals-list /Users/mdd/zhk/kanpan-ringtone/DerivedData-ringtone/Build/Intermediates.noindex/KanpanAccount.build/Debug-iphonesimulator/KanpanAccount.build/Objects-normal/x86_64/KanpanAccount.SwiftConstValuesFileList --force --compile-time-extraction --deployment-aware-processing --validate-assistant-intents --no-app-shortcuts-localization
2026-09-22 14:33:12.835 appintentsmetadataprocessor[64097:3914388] Starting appintentsmetadataprocessor export
2026-09-22 14:33:12.948 appintentsmetadataprocessor[64097:3914388] Extracted no relevant App Intents symbols, skipping writing output

CreateUniversalBinary /Users/mdd/zhk/kanpan-ringtone/DerivedData-ringtone/Build/Products/Debug-iphonesimulator/ReviewData.o normal arm64\ x86_64 (in target 'ReviewData' from project 'KanpanReview')
    cd /Users/mdd/zhk/kanpan-ringtone/KanpanReview
    /Applications/Xcode.app/Contents/Developer/Toolchains/XcodeDefault.xctoolchain/usr/bin/lipo -create /Users/mdd/zhk/kanpan-ringtone/DerivedData-ringtone/Build/Intermediates.noindex/KanpanReview.build/Debug-iphonesimulator/ReviewData.build/Objects-normal/arm64/Binary/ReviewData.o /Users/mdd/zhk/kanpan-ringtone/DerivedData-ringtone/Build/Intermediates.noindex/KanpanReview.build/Debug-iphonesimulator/ReviewData.build/Objects-normal/x86_64/Binary/ReviewData.o -output /Users/mdd/zhk/kanpan-ringtone/DerivedData-ringtone/Build/Products/Debug-iphonesimulator/ReviewData.o

ExtractAppIntentsMetadata (in target 'ReviewData' from project 'KanpanReview')
    cd /Users/mdd/zhk/kanpan-ringtone/KanpanReview
    /Applications/Xcode.app/Contents/Developer/Toolchains/XcodeDefault.xctoolchain/usr/bin/appintentsmetadataprocessor --toolchain-dir /Applications/Xcode.app/Contents/Developer/Toolchains/XcodeDefault.xctoolchain --module-name ReviewData --sdk-root /Applications/Xcode.app/Contents/Developer/Platforms/iPhoneSimulator.platform/Developer/SDKs/iPhoneSimulator26.5.sdk --xcode-version 17F113 --platform-family iOS --deployment-target 26.0 --bundle-identifier kanpanreview.ReviewData --output /Users/mdd/zhk/kanpan-ringtone/DerivedData-ringtone/Build/Products/Debug-iphonesimulator/ReviewData.appintents --target-triple arm64-apple-ios26.0-simulator --target-triple x86_64-apple-ios26.0-simulator --binary-file /Users/mdd/zhk/kanpan-ringtone/DerivedData-ringtone/Build/Products/Debug-iphonesimulator/ReviewData.o --dependency-file /Users/mdd/zhk/kanpan-ringtone/DerivedData-ringtone/Build/Intermediates.noindex/KanpanReview.build/Debug-iphonesimulator/ReviewData.build/Objects-normal/arm64/ReviewData_dependency_info.dat --dependency-file /Users/mdd/zhk/kanpan-ringtone/DerivedData-ringtone/Build/Intermediates.noindex/KanpanReview.build/Debug-iphonesimulator/ReviewData.build/Objects-normal/x86_64/ReviewData_dependency_info.dat --stringsdata-file /Users/mdd/zhk/kanpan-ringtone/DerivedData-ringtone/Build/Intermediates.noindex/KanpanReview.build/Debug-iphonesimulator/ReviewData.build/Objects-normal/arm64/ExtractedAppShortcutsMetadata.stringsdata --stringsdata-file /Users/mdd/zhk/kanpan-ringtone/DerivedData-ringtone/Build/Intermediates.noindex/KanpanReview.build/Debug-iphonesimulator/ReviewData.build/Objects-normal/x86_64/ExtractedAppShortcutsMetadata.stringsdata --source-file-list /Users/mdd/zhk/kanpan-ringtone/DerivedData-ringtone/Build/Intermediates.noindex/KanpanReview.build/Debug-iphonesimulator/ReviewData.build/Objects-normal/arm64/ReviewData.SwiftFileList --source-file-list /Users/mdd/zhk/kanpan-ringtone/DerivedData-ringtone/Build/Intermediates.noindex/KanpanReview.build/Debug-iphonesimulator/ReviewData.build/Objects-normal/x86_64/ReviewData.SwiftFileList --metadata-file-list /Users/mdd/zhk/kanpan-ringtone/DerivedData-ringtone/Build/Intermediates.noindex/KanpanReview.build/Debug-iphonesimulator/ReviewData.build/ReviewData.DependencyMetadataFileList --static-metadata-file-list /Users/mdd/zhk/kanpan-ringtone/DerivedData-ringtone/Build/Intermediates.noindex/KanpanReview.build/Debug-iphonesimulator/ReviewData.build/ReviewData.DependencyStaticMetadataFileList --swift-const-vals-list /Users/mdd/zhk/kanpan-ringtone/DerivedData-ringtone/Build/Intermediates.noindex/KanpanReview.build/Debug-iphonesimulator/ReviewData.build/Objects-normal/arm64/ReviewData.SwiftConstValuesFileList --swift-const-vals-list /Users/mdd/zhk/kanpan-ringtone/DerivedData-ringtone/Build/Intermediates.noindex/KanpanReview.build/Debug-iphonesimulator/ReviewData.build/Objects-normal/x86_64/ReviewData.SwiftConstValuesFileList --force --compile-time-extraction --deployment-aware-processing --validate-assistant-intents --no-app-shortcuts-localization
2026-09-22 14:33:12.836 appintentsmetadataprocessor[64100:3914392] Starting appintentsmetadataprocessor export
2026-09-22 14:33:12.948 appintentsmetadataprocessor[64100:3914392] Extracted no relevant App Intents symbols, skipping writing output

SwiftDriver KanpanNetwork normal arm64 com.apple.xcode.tools.swift.compiler (in target 'KanpanNetwork' from project 'KanpanNetwork')
    cd /Users/mdd/zhk/kanpan-ringtone
    builtin-SwiftDriver -- /Applications/Xcode.app/Contents/Developer/Toolchains/XcodeDefault.xctoolchain/usr/bin/swiftc -module-name KanpanNetwork -Onone @/Users/mdd/zhk/kanpan-ringtone/DerivedData-ringtone/Build/Intermediates.noindex/KanpanNetwork.build/Debug-iphonesimulator/KanpanNetwork.build/Objects-normal/arm64/KanpanNetwork.SwiftFileList -DSWIFT_PACKAGE -DDEBUG -DSWIFT_MODULE_RESOURCE_BUNDLE_UNAVAILABLE -DXcode -plugin-path /Applications/Xcode.app/Contents/Developer/Toolchains/XcodeDefault.xctoolchain/usr/lib/swift/host/plugins/testing -enable-experimental-feature DebugDescriptionMacro -sdk /Applications/Xcode.app/Contents/Developer/Platforms/iPhoneSimulator.platform/Developer/SDKs/iPhoneSimulator26.5.sdk -target arm64-apple-ios26.0-simulator -g -module-cache-path /Users/mdd/zhk/kanpan-ringtone/DerivedData-ringtone/ModuleCache.noindex -Xfrontend -serialize-debugging-options -enable-testing -suppress-warnings -index-store-path /Users/mdd/zhk/kanpan-ringtone/DerivedData-ringtone/Index.noindex/DataStore -Xcc -D_LIBCPP_HARDENING_MODE\=_LIBCPP_HARDENING_MODE_DEBUG -swift-version 6 -I /Users/mdd/zhk/kanpan-ringtone/DerivedData-ringtone/Build/Products/Debug-iphonesimulator -Isystem /Applications/Xcode.app/Contents/Developer/Platforms/iPhoneSimulator.platform/Developer/usr/lib -F /Users/mdd/zhk/kanpan-ringtone/DerivedData-ringtone/Build/Products/Debug-iphonesimulator/PackageFrameworks -F /Users/mdd/zhk/kanpan-ringtone/DerivedData-ringtone/Build/Products/Debug-iphonesimulator -F /Applications/Xcode.app/Contents/Developer/Platforms/iPhoneSimulator.platform/Developer/Library/Frameworks -F /Applications/Xcode.app/Contents/Developer/Platforms/iPhoneSimulator.platform/Developer/SDKs/iPhoneSimulator26.5.sdk/Developer/Library/Frameworks -c -j10 -enable-batch-mode -incremental -Xcc -ivfsstatcache -Xcc /Users/mdd/zhk/kanpan-ringtone/DerivedData-ringtone/SDKStatCaches.noindex/iphonesimulator26.5-23F81a-6cfe768891a92b912361537c460fe42b.sdkstatcache -output-file-map /Users/mdd/zhk/kanpan-ringtone/DerivedData-ringtone/Build/Intermediates.noindex/KanpanNetwork.build/Debug-iphonesimulator/KanpanNetwork.build/Objects-normal/arm64/KanpanNetwork-OutputFileMap.json -use-frontend-parseable-output -save-temps -no-color-diagnostics -explicit-module-build -module-cache-path /Users/mdd/zhk/kanpan-ringtone/DerivedData-ringtone/Build/Intermediates.noindex/SwiftExplicitPrecompiledModules -clang-scanner-module-cache-path /Users/mdd/zhk/kanpan-ringtone/DerivedData-ringtone/ModuleCache.noindex -sdk-module-cache-path /Users/mdd/zhk/kanpan-ringtone/DerivedData-ringtone/ModuleCache.noindex -serialize-diagnostics -emit-dependencies -emit-module -emit-module-path /Users/mdd/zhk/kanpan-ringtone/DerivedData-ringtone/Build/Intermediates.noindex/KanpanNetwork.build/Debug-iphonesimulator/KanpanNetwork.build/Objects-normal/arm64/KanpanNetwork.swiftmodule -validate-clang-modules-once -clang-build-session-file /Users/mdd/zhk/kanpan-ringtone/DerivedData-ringtone/ModuleCache.noindex/Session.modulevalidation -package-name kanpannetwork -Xcc -I/Users/mdd/zhk/kanpan-ringtone/DerivedData-ringtone/Build/Intermediates.noindex/KanpanNetwork.build/Debug-iphonesimulator/KanpanNetwork.build/swift-overrides.hmap -emit-const-values -Xfrontend -const-gather-protocols-file -Xfrontend /Users/mdd/zhk/kanpan-ringtone/DerivedData-ringtone/Build/Intermediates.noindex/KanpanNetwork.build/Debug-iphonesimulator/KanpanNetwork.build/Objects-normal/arm64/KanpanNetwork_const_extract_protocols.json -Xcc -I/Users/mdd/zhk/kanpan-ringtone/DerivedData-ringtone/Build/Products/Debug-iphonesimulator/include -Xcc -I/Users/mdd/zhk/kanpan-ringtone/DerivedData-ringtone/Build/Intermediates.noindex/KanpanNetwork.build/Debug-iphonesimulator/KanpanNetwork.build/DerivedSources-normal/arm64 -Xcc -I/Users/mdd/zhk/kanpan-ringtone/DerivedData-ringtone/Build/Intermediates.noindex/KanpanNetwork.build/Debug-iphonesimulator/KanpanNetwork.build/DerivedSources/arm64 -Xcc -I/Users/mdd/zhk/kanpan-ringtone/DerivedData-ringtone/Build/Intermediates.noindex/KanpanNetwork.build/Debug-iphonesimulator/KanpanNetwork.build/DerivedSources -Xcc -DSWIFT_PACKAGE -Xcc -DDEBUG\=1 -emit-objc-header -emit-objc-header-path /Users/mdd/zhk/kanpan-ringtone/DerivedData-ringtone/Build/Intermediates.noindex/KanpanNetwork.build/Debug-iphonesimulator/KanpanNetwork.build/Objects-normal/arm64/KanpanNetwork-Swift.h -working-directory /Users/mdd/zhk/kanpan-ringtone -experimental-emit-module-separately -disable-cmo

SwiftDriver KanpanNetwork normal x86_64 com.apple.xcode.tools.swift.compiler (in target 'KanpanNetwork' from project 'KanpanNetwork')
    cd /Users/mdd/zhk/kanpan-ringtone
    builtin-SwiftDriver -- /Applications/Xcode.app/Contents/Developer/Toolchains/XcodeDefault.xctoolchain/usr/bin/swiftc -module-name KanpanNetwork -Onone @/Users/mdd/zhk/kanpan-ringtone/DerivedData-ringtone/Build/Intermediates.noindex/KanpanNetwork.build/Debug-iphonesimulator/KanpanNetwork.build/Objects-normal/x86_64/KanpanNetwork.SwiftFileList -DSWIFT_PACKAGE -DDEBUG -DSWIFT_MODULE_RESOURCE_BUNDLE_UNAVAILABLE -DXcode -plugin-path /Applications/Xcode.app/Contents/Developer/Toolchains/XcodeDefault.xctoolchain/usr/lib/swift/host/plugins/testing -enable-experimental-feature DebugDescriptionMacro -sdk /Applications/Xcode.app/Contents/Developer/Platforms/iPhoneSimulator.platform/Developer/SDKs/iPhoneSimulator26.5.sdk -target x86_64-apple-ios26.0-simulator -g -module-cache-path /Users/mdd/zhk/kanpan-ringtone/DerivedData-ringtone/ModuleCache.noindex -Xfrontend -serialize-debugging-options -enable-testing -suppress-warnings -index-store-path /Users/mdd/zhk/kanpan-ringtone/DerivedData-ringtone/Index.noindex/DataStore -Xcc -D_LIBCPP_HARDENING_MODE\=_LIBCPP_HARDENING_MODE_DEBUG -swift-version 6 -I /Users/mdd/zhk/kanpan-ringtone/DerivedData-ringtone/Build/Products/Debug-iphonesimulator -Isystem /Applications/Xcode.app/Contents/Developer/Platforms/iPhoneSimulator.platform/Developer/usr/lib -F /Users/mdd/zhk/kanpan-ringtone/DerivedData-ringtone/Build/Products/Debug-iphonesimulator/PackageFrameworks -F /Users/mdd/zhk/kanpan-ringtone/DerivedData-ringtone/Build/Products/Debug-iphonesimulator -F /Applications/Xcode.app/Contents/Developer/Platforms/iPhoneSimulator.platform/Developer/Library/Frameworks -F /Applications/Xcode.app/Contents/Developer/Platforms/iPhoneSimulator.platform/Developer/SDKs/iPhoneSimulator26.5.sdk/Developer/Library/Frameworks -c -j10 -enable-batch-mode -incremental -Xcc -ivfsstatcache -Xcc /Users/mdd/zhk/kanpan-ringtone/DerivedData-ringtone/SDKStatCaches.noindex/iphonesimulator26.5-23F81a-6cfe768891a92b912361537c460fe42b.sdkstatcache -output-file-map /Users/mdd/zhk/kanpan-ringtone/DerivedData-ringtone/Build/Intermediates.noindex/KanpanNetwork.build/Debug-iphonesimulator/KanpanNetwork.build/Objects-normal/x86_64/KanpanNetwork-OutputFileMap.json -use-frontend-parseable-output -save-temps -no-color-diagnostics -explicit-module-build -module-cache-path /Users/mdd/zhk/kanpan-ringtone/DerivedData-ringtone/Build/Intermediates.noindex/SwiftExplicitPrecompiledModules -clang-scanner-module-cache-path /Users/mdd/zhk/kanpan-ringtone/DerivedData-ringtone/ModuleCache.noindex -sdk-module-cache-path /Users/mdd/zhk/kanpan-ringtone/DerivedData-ringtone/ModuleCache.noindex -serialize-diagnostics -emit-dependencies -emit-module -emit-module-path /Users/mdd/zhk/kanpan-ringtone/DerivedData-ringtone/Build/Intermediates.noindex/KanpanNetwork.build/Debug-iphonesimulator/KanpanNetwork.build/Objects-normal/x86_64/KanpanNetwork.swiftmodule -validate-clang-modules-once -clang-build-session-file /Users/mdd/zhk/kanpan-ringtone/DerivedData-ringtone/ModuleCache.noindex/Session.modulevalidation -package-name kanpannetwork -Xcc -I/Users/mdd/zhk/kanpan-ringtone/DerivedData-ringtone/Build/Intermediates.noindex/KanpanNetwork.build/Debug-iphonesimulator/KanpanNetwork.build/swift-overrides.hmap -emit-const-values -Xfrontend -const-gather-protocols-file -Xfrontend /Users/mdd/zhk/kanpan-ringtone/DerivedData-ringtone/Build/Intermediates.noindex/KanpanNetwork.build/Debug-iphonesimulator/KanpanNetwork.build/Objects-normal/x86_64/KanpanNetwork_const_extract_protocols.json -Xcc -I/Users/mdd/zhk/kanpan-ringtone/DerivedData-ringtone/Build/Products/Debug-iphonesimulator/include -Xcc -I/Users/mdd/zhk/kanpan-ringtone/DerivedData-ringtone/Build/Intermediates.noindex/KanpanNetwork.build/Debug-iphonesimulator/KanpanNetwork.build/DerivedSources-normal/x86_64 -Xcc -I/Users/mdd/zhk/kanpan-ringtone/DerivedData-ringtone/Build/Intermediates.noindex/KanpanNetwork.build/Debug-iphonesimulator/KanpanNetwork.build/DerivedSources/x86_64 -Xcc -I/Users/mdd/zhk/kanpan-ringtone/DerivedData-ringtone/Build/Intermediates.noindex/KanpanNetwork.build/Debug-iphonesimulator/KanpanNetwork.build/DerivedSources -Xcc -DSWIFT_PACKAGE -Xcc -DDEBUG\=1 -emit-objc-header -emit-objc-header-path /Users/mdd/zhk/kanpan-ringtone/DerivedData-ringtone/Build/Intermediates.noindex/KanpanNetwork.build/Debug-iphonesimulator/KanpanNetwork.build/Objects-normal/x86_64/KanpanNetwork-Swift.h -working-directory /Users/mdd/zhk/kanpan-ringtone -experimental-emit-module-separately -disable-cmo

SwiftDriver\ Compilation\ Requirements KanpanNetwork normal x86_64 com.apple.xcode.tools.swift.compiler (in target 'KanpanNetwork' from project 'KanpanNetwork')
    cd /Users/mdd/zhk/kanpan-ringtone
    builtin-Swift-Compilation-Requirements -- /Applications/Xcode.app/Contents/Developer/Toolchains/XcodeDefault.xctoolchain/usr/bin/swiftc -module-name KanpanNetwork -Onone @/Users/mdd/zhk/kanpan-ringtone/DerivedData-ringtone/Build/Intermediates.noindex/KanpanNetwork.build/Debug-iphonesimulator/KanpanNetwork.build/Objects-normal/x86_64/KanpanNetwork.SwiftFileList -DSWIFT_PACKAGE -DDEBUG -DSWIFT_MODULE_RESOURCE_BUNDLE_UNAVAILABLE -DXcode -plugin-path /Applications/Xcode.app/Contents/Developer/Toolchains/XcodeDefault.xctoolchain/usr/lib/swift/host/plugins/testing -enable-experimental-feature DebugDescriptionMacro -sdk /Applications/Xcode.app/Contents/Developer/Platforms/iPhoneSimulator.platform/Developer/SDKs/iPhoneSimulator26.5.sdk -target x86_64-apple-ios26.0-simulator -g -module-cache-path /Users/mdd/zhk/kanpan-ringtone/DerivedData-ringtone/ModuleCache.noindex -Xfrontend -serialize-debugging-options -enable-testing -suppress-warnings -index-store-path /Users/mdd/zhk/kanpan-ringtone/DerivedData-ringtone/Index.noindex/DataStore -Xcc -D_LIBCPP_HARDENING_MODE\=_LIBCPP_HARDENING_MODE_DEBUG -swift-version 6 -I /Users/mdd/zhk/kanpan-ringtone/DerivedData-ringtone/Build/Products/Debug-iphonesimulator -Isystem /Applications/Xcode.app/Contents/Developer/Platforms/iPhoneSimulator.platform/Developer/usr/lib -F /Users/mdd/zhk/kanpan-ringtone/DerivedData-ringtone/Build/Products/Debug-iphonesimulator/PackageFrameworks -F /Users/mdd/zhk/kanpan-ringtone/DerivedData-ringtone/Build/Products/Debug-iphonesimulator -F /Applications/Xcode.app/Contents/Developer/Platforms/iPhoneSimulator.platform/Developer/Library/Frameworks -F /Applications/Xcode.app/Contents/Developer/Platforms/iPhoneSimulator.platform/Developer/SDKs/iPhoneSimulator26.5.sdk/Developer/Library/Frameworks -c -j10 -enable-batch-mode -incremental -Xcc -ivfsstatcache -Xcc /Users/mdd/zhk/kanpan-ringtone/DerivedData-ringtone/SDKStatCaches.noindex/iphonesimulator26.5-23F81a-6cfe768891a92b912361537c460fe42b.sdkstatcache -output-file-map /Users/mdd/zhk/kanpan-ringtone/DerivedData-ringtone/Build/Intermediates.noindex/KanpanNetwork.build/Debug-iphonesimulator/KanpanNetwork.build/Objects-normal/x86_64/KanpanNetwork-OutputFileMap.json -use-frontend-parseable-output -save-temps -no-color-diagnostics -explicit-module-build -module-cache-path /Users/mdd/zhk/kanpan-ringtone/DerivedData-ringtone/Build/Intermediates.noindex/SwiftExplicitPrecompiledModules -clang-scanner-module-cache-path /Users/mdd/zhk/kanpan-ringtone/DerivedData-ringtone/ModuleCache.noindex -sdk-module-cache-path /Users/mdd/zhk/kanpan-ringtone/DerivedData-ringtone/ModuleCache.noindex -serialize-diagnostics -emit-dependencies -emit-module -emit-module-path /Users/mdd/zhk/kanpan-ringtone/DerivedData-ringtone/Build/Intermediates.noindex/KanpanNetwork.build/Debug-iphonesimulator/KanpanNetwork.build/Objects-normal/x86_64/KanpanNetwork.swiftmodule -validate-clang-modules-once -clang-build-session-file /Users/mdd/zhk/kanpan-ringtone/DerivedData-ringtone/ModuleCache.noindex/Session.modulevalidation -package-name kanpannetwork -Xcc -I/Users/mdd/zhk/kanpan-ringtone/DerivedData-ringtone/Build/Intermediates.noindex/KanpanNetwork.build/Debug-iphonesimulator/KanpanNetwork.build/swift-overrides.hmap -emit-const-values -Xfrontend -const-gather-protocols-file -Xfrontend /Users/mdd/zhk/kanpan-ringtone/DerivedData-ringtone/Build/Intermediates.noindex/KanpanNetwork.build/Debug-iphonesimulator/KanpanNetwork.build/Objects-normal/x86_64/KanpanNetwork_const_extract_protocols.json -Xcc -I/Users/mdd/zhk/kanpan-ringtone/DerivedData-ringtone/Build/Products/Debug-iphonesimulator/include -Xcc -I/Users/mdd/zhk/kanpan-ringtone/DerivedData-ringtone/Build/Intermediates.noindex/KanpanNetwork.build/Debug-iphonesimulator/KanpanNetwork.build/DerivedSources-normal/x86_64 -Xcc -I/Users/mdd/zhk/kanpan-ringtone/DerivedData-ringtone/Build/Intermediates.noindex/KanpanNetwork.build/Debug-iphonesimulator/KanpanNetwork.build/DerivedSources/x86_64 -Xcc -I/Users/mdd/zhk/kanpan-ringtone/DerivedData-ringtone/Build/Intermediates.noindex/KanpanNetwork.build/Debug-iphonesimulator/KanpanNetwork.build/DerivedSources -Xcc -DSWIFT_PACKAGE -Xcc -DDEBUG\=1 -emit-objc-header -emit-objc-header-path /Users/mdd/zhk/kanpan-ringtone/DerivedData-ringtone/Build/Intermediates.noindex/KanpanNetwork.build/Debug-iphonesimulator/KanpanNetwork.build/Objects-normal/x86_64/KanpanNetwork-Swift.h -working-directory /Users/mdd/zhk/kanpan-ringtone -experimental-emit-module-separately -disable-cmo

SwiftDriver\ Compilation\ Requirements KanpanNetwork normal arm64 com.apple.xcode.tools.swift.compiler (in target 'KanpanNetwork' from project 'KanpanNetwork')
    cd /Users/mdd/zhk/kanpan-ringtone
    builtin-Swift-Compilation-Requirements -- /Applications/Xcode.app/Contents/Developer/Toolchains/XcodeDefault.xctoolchain/usr/bin/swiftc -module-name KanpanNetwork -Onone @/Users/mdd/zhk/kanpan-ringtone/DerivedData-ringtone/Build/Intermediates.noindex/KanpanNetwork.build/Debug-iphonesimulator/KanpanNetwork.build/Objects-normal/arm64/KanpanNetwork.SwiftFileList -DSWIFT_PACKAGE -DDEBUG -DSWIFT_MODULE_RESOURCE_BUNDLE_UNAVAILABLE -DXcode -plugin-path /Applications/Xcode.app/Contents/Developer/Toolchains/XcodeDefault.xctoolchain/usr/lib/swift/host/plugins/testing -enable-experimental-feature DebugDescriptionMacro -sdk /Applications/Xcode.app/Contents/Developer/Platforms/iPhoneSimulator.platform/Developer/SDKs/iPhoneSimulator26.5.sdk -target arm64-apple-ios26.0-simulator -g -module-cache-path /Users/mdd/zhk/kanpan-ringtone/DerivedData-ringtone/ModuleCache.noindex -Xfrontend -serialize-debugging-options -enable-testing -suppress-warnings -index-store-path /Users/mdd/zhk/kanpan-ringtone/DerivedData-ringtone/Index.noindex/DataStore -Xcc -D_LIBCPP_HARDENING_MODE\=_LIBCPP_HARDENING_MODE_DEBUG -swift-version 6 -I /Users/mdd/zhk/kanpan-ringtone/DerivedData-ringtone/Build/Products/Debug-iphonesimulator -Isystem /Applications/Xcode.app/Contents/Developer/Platforms/iPhoneSimulator.platform/Developer/usr/lib -F /Users/mdd/zhk/kanpan-ringtone/DerivedData-ringtone/Build/Products/Debug-iphonesimulator/PackageFrameworks -F /Users/mdd/zhk/kanpan-ringtone/DerivedData-ringtone/Build/Products/Debug-iphonesimulator -F /Applications/Xcode.app/Contents/Developer/Platforms/iPhoneSimulator.platform/Developer/Library/Frameworks -F /Applications/Xcode.app/Contents/Developer/Platforms/iPhoneSimulator.platform/Developer/SDKs/iPhoneSimulator26.5.sdk/Developer/Library/Frameworks -c -j10 -enable-batch-mode -incremental -Xcc -ivfsstatcache -Xcc /Users/mdd/zhk/kanpan-ringtone/DerivedData-ringtone/SDKStatCaches.noindex/iphonesimulator26.5-23F81a-6cfe768891a92b912361537c460fe42b.sdkstatcache -output-file-map /Users/mdd/zhk/kanpan-ringtone/DerivedData-ringtone/Build/Intermediates.noindex/KanpanNetwork.build/Debug-iphonesimulator/KanpanNetwork.build/Objects-normal/arm64/KanpanNetwork-OutputFileMap.json -use-frontend-parseable-output -save-temps -no-color-diagnostics -explicit-module-build -module-cache-path /Users/mdd/zhk/kanpan-ringtone/DerivedData-ringtone/Build/Intermediates.noindex/SwiftExplicitPrecompiledModules -clang-scanner-module-cache-path /Users/mdd/zhk/kanpan-ringtone/DerivedData-ringtone/ModuleCache.noindex -sdk-module-cache-path /Users/mdd/zhk/kanpan-ringtone/DerivedData-ringtone/ModuleCache.noindex -serialize-diagnostics -emit-dependencies -emit-module -emit-module-path /Users/mdd/zhk/kanpan-ringtone/DerivedData-ringtone/Build/Intermediates.noindex/KanpanNetwork.build/Debug-iphonesimulator/KanpanNetwork.build/Objects-normal/arm64/KanpanNetwork.swiftmodule -validate-clang-modules-once -clang-build-session-file /Users/mdd/zhk/kanpan-ringtone/DerivedData-ringtone/ModuleCache.noindex/Session.modulevalidation -package-name kanpannetwork -Xcc -I/Users/mdd/zhk/kanpan-ringtone/DerivedData-ringtone/Build/Intermediates.noindex/KanpanNetwork.build/Debug-iphonesimulator/KanpanNetwork.build/swift-overrides.hmap -emit-const-values -Xfrontend -const-gather-protocols-file -Xfrontend /Users/mdd/zhk/kanpan-ringtone/DerivedData-ringtone/Build/Intermediates.noindex/KanpanNetwork.build/Debug-iphonesimulator/KanpanNetwork.build/Objects-normal/arm64/KanpanNetwork_const_extract_protocols.json -Xcc -I/Users/mdd/zhk/kanpan-ringtone/DerivedData-ringtone/Build/Products/Debug-iphonesimulator/include -Xcc -I/Users/mdd/zhk/kanpan-ringtone/DerivedData-ringtone/Build/Intermediates.noindex/KanpanNetwork.build/Debug-iphonesimulator/KanpanNetwork.build/DerivedSources-normal/arm64 -Xcc -I/Users/mdd/zhk/kanpan-ringtone/DerivedData-ringtone/Build/Intermediates.noindex/KanpanNetwork.build/Debug-iphonesimulator/KanpanNetwork.build/DerivedSources/arm64 -Xcc -I/Users/mdd/zhk/kanpan-ringtone/DerivedData-ringtone/Build/Intermediates.noindex/KanpanNetwork.build/Debug-iphonesimulator/KanpanNetwork.build/DerivedSources -Xcc -DSWIFT_PACKAGE -Xcc -DDEBUG\=1 -emit-objc-header -emit-objc-header-path /Users/mdd/zhk/kanpan-ringtone/DerivedData-ringtone/Build/Intermediates.noindex/KanpanNetwork.build/Debug-iphonesimulator/KanpanNetwork.build/Objects-normal/arm64/KanpanNetwork-Swift.h -working-directory /Users/mdd/zhk/kanpan-ringtone -experimental-emit-module-separately -disable-cmo

SwiftDriver\ Compilation KanpanNetwork normal x86_64 com.apple.xcode.tools.swift.compiler (in target 'KanpanNetwork' from project 'KanpanNetwork')
    cd /Users/mdd/zhk/kanpan-ringtone
    builtin-Swift-Compilation -- /Applications/Xcode.app/Contents/Developer/Toolchains/XcodeDefault.xctoolchain/usr/bin/swiftc -module-name KanpanNetwork -Onone @/Users/mdd/zhk/kanpan-ringtone/DerivedData-ringtone/Build/Intermediates.noindex/KanpanNetwork.build/Debug-iphonesimulator/KanpanNetwork.build/Objects-normal/x86_64/KanpanNetwork.SwiftFileList -DSWIFT_PACKAGE -DDEBUG -DSWIFT_MODULE_RESOURCE_BUNDLE_UNAVAILABLE -DXcode -plugin-path /Applications/Xcode.app/Contents/Developer/Toolchains/XcodeDefault.xctoolchain/usr/lib/swift/host/plugins/testing -enable-experimental-feature DebugDescriptionMacro -sdk /Applications/Xcode.app/Contents/Developer/Platforms/iPhoneSimulator.platform/Developer/SDKs/iPhoneSimulator26.5.sdk -target x86_64-apple-ios26.0-simulator -g -module-cache-path /Users/mdd/zhk/kanpan-ringtone/DerivedData-ringtone/ModuleCache.noindex -Xfrontend -serialize-debugging-options -enable-testing -suppress-warnings -index-store-path /Users/mdd/zhk/kanpan-ringtone/DerivedData-ringtone/Index.noindex/DataStore -Xcc -D_LIBCPP_HARDENING_MODE\=_LIBCPP_HARDENING_MODE_DEBUG -swift-version 6 -I /Users/mdd/zhk/kanpan-ringtone/DerivedData-ringtone/Build/Products/Debug-iphonesimulator -Isystem /Applications/Xcode.app/Contents/Developer/Platforms/iPhoneSimulator.platform/Developer/usr/lib -F /Users/mdd/zhk/kanpan-ringtone/DerivedData-ringtone/Build/Products/Debug-iphonesimulator/PackageFrameworks -F /Users/mdd/zhk/kanpan-ringtone/DerivedData-ringtone/Build/Products/Debug-iphonesimulator -F /Applications/Xcode.app/Contents/Developer/Platforms/iPhoneSimulator.platform/Developer/Library/Frameworks -F /Applications/Xcode.app/Contents/Developer/Platforms/iPhoneSimulator.platform/Developer/SDKs/iPhoneSimulator26.5.sdk/Developer/Library/Frameworks -c -j10 -enable-batch-mode -incremental -Xcc -ivfsstatcache -Xcc /Users/mdd/zhk/kanpan-ringtone/DerivedData-ringtone/SDKStatCaches.noindex/iphonesimulator26.5-23F81a-6cfe768891a92b912361537c460fe42b.sdkstatcache -output-file-map /Users/mdd/zhk/kanpan-ringtone/DerivedData-ringtone/Build/Intermediates.noindex/KanpanNetwork.build/Debug-iphonesimulator/KanpanNetwork.build/Objects-normal/x86_64/KanpanNetwork-OutputFileMap.json -use-frontend-parseable-output -save-temps -no-color-diagnostics -explicit-module-build -module-cache-path /Users/mdd/zhk/kanpan-ringtone/DerivedData-ringtone/Build/Intermediates.noindex/SwiftExplicitPrecompiledModules -clang-scanner-module-cache-path /Users/mdd/zhk/kanpan-ringtone/DerivedData-ringtone/ModuleCache.noindex -sdk-module-cache-path /Users/mdd/zhk/kanpan-ringtone/DerivedData-ringtone/ModuleCache.noindex -serialize-diagnostics -emit-dependencies -emit-module -emit-module-path /Users/mdd/zhk/kanpan-ringtone/DerivedData-ringtone/Build/Intermediates.noindex/KanpanNetwork.build/Debug-iphonesimulator/KanpanNetwork.build/Objects-normal/x86_64/KanpanNetwork.swiftmodule -validate-clang-modules-once -clang-build-session-file /Users/mdd/zhk/kanpan-ringtone/DerivedData-ringtone/ModuleCache.noindex/Session.modulevalidation -package-name kanpannetwork -Xcc -I/Users/mdd/zhk/kanpan-ringtone/DerivedData-ringtone/Build/Intermediates.noindex/KanpanNetwork.build/Debug-iphonesimulator/KanpanNetwork.build/swift-overrides.hmap -emit-const-values -Xfrontend -const-gather-protocols-file -Xfrontend /Users/mdd/zhk/kanpan-ringtone/DerivedData-ringtone/Build/Intermediates.noindex/KanpanNetwork.build/Debug-iphonesimulator/KanpanNetwork.build/Objects-normal/x86_64/KanpanNetwork_const_extract_protocols.json -Xcc -I/Users/mdd/zhk/kanpan-ringtone/DerivedData-ringtone/Build/Products/Debug-iphonesimulator/include -Xcc -I/Users/mdd/zhk/kanpan-ringtone/DerivedData-ringtone/Build/Intermediates.noindex/KanpanNetwork.build/Debug-iphonesimulator/KanpanNetwork.build/DerivedSources-normal/x86_64 -Xcc -I/Users/mdd/zhk/kanpan-ringtone/DerivedData-ringtone/Build/Intermediates.noindex/KanpanNetwork.build/Debug-iphonesimulator/KanpanNetwork.build/DerivedSources/x86_64 -Xcc -I/Users/mdd/zhk/kanpan-ringtone/DerivedData-ringtone/Build/Intermediates.noindex/KanpanNetwork.build/Debug-iphonesimulator/KanpanNetwork.build/DerivedSources -Xcc -DSWIFT_PACKAGE -Xcc -DDEBUG\=1 -emit-objc-header -emit-objc-header-path /Users/mdd/zhk/kanpan-ringtone/DerivedData-ringtone/Build/Intermediates.noindex/KanpanNetwork.build/Debug-iphonesimulator/KanpanNetwork.build/Objects-normal/x86_64/KanpanNetwork-Swift.h -working-directory /Users/mdd/zhk/kanpan-ringtone -experimental-emit-module-separately -disable-cmo

SwiftMergeGeneratedHeaders /Users/mdd/zhk/kanpan-ringtone/DerivedData-ringtone/Build/Intermediates.noindex/GeneratedModuleMaps-iphonesimulator/KanpanNetwork-Swift.h /Users/mdd/zhk/kanpan-ringtone/DerivedData-ringtone/Build/Intermediates.noindex/KanpanNetwork.build/Debug-iphonesimulator/KanpanNetwork.build/Objects-normal/arm64/KanpanNetwork-Swift.h /Users/mdd/zhk/kanpan-ringtone/DerivedData-ringtone/Build/Intermediates.noindex/KanpanNetwork.build/Debug-iphonesimulator/KanpanNetwork.build/Objects-normal/x86_64/KanpanNetwork-Swift.h (in target 'KanpanNetwork' from project 'KanpanNetwork')
    cd /Users/mdd/zhk/kanpan-ringtone/KanpanNetwork
    builtin-swiftHeaderTool -arch arm64 /Users/mdd/zhk/kanpan-ringtone/DerivedData-ringtone/Build/Intermediates.noindex/KanpanNetwork.build/Debug-iphonesimulator/KanpanNetwork.build/Objects-normal/arm64/KanpanNetwork-Swift.h -arch x86_64 /Users/mdd/zhk/kanpan-ringtone/DerivedData-ringtone/Build/Intermediates.noindex/KanpanNetwork.build/Debug-iphonesimulator/KanpanNetwork.build/Objects-normal/x86_64/KanpanNetwork-Swift.h -o /Users/mdd/zhk/kanpan-ringtone/DerivedData-ringtone/Build/Intermediates.noindex/GeneratedModuleMaps-iphonesimulator/KanpanNetwork-Swift.h

Copy /Users/mdd/zhk/kanpan-ringtone/DerivedData-ringtone/Build/Products/Debug-iphonesimulator/KanpanNetwork.swiftmodule/x86_64-apple-ios-simulator.swiftmodule /Users/mdd/zhk/kanpan-ringtone/DerivedData-ringtone/Build/Intermediates.noindex/KanpanNetwork.build/Debug-iphonesimulator/KanpanNetwork.build/Objects-normal/x86_64/KanpanNetwork.swiftmodule (in target 'KanpanNetwork' from project 'KanpanNetwork')
    cd /Users/mdd/zhk/kanpan-ringtone/KanpanNetwork
    builtin-copy -exclude .DS_Store -exclude CVS -exclude .svn -exclude .git -exclude .hg -resolve-src-symlinks -rename /Users/mdd/zhk/kanpan-ringtone/DerivedData-ringtone/Build/Intermediates.noindex/KanpanNetwork.build/Debug-iphonesimulator/KanpanNetwork.build/Objects-normal/x86_64/KanpanNetwork.swiftmodule /Users/mdd/zhk/kanpan-ringtone/DerivedData-ringtone/Build/Products/Debug-iphonesimulator/KanpanNetwork.swiftmodule/x86_64-apple-ios-simulator.swiftmodule

Copy /Users/mdd/zhk/kanpan-ringtone/DerivedData-ringtone/Build/Products/Debug-iphonesimulator/KanpanNetwork.swiftmodule/x86_64-apple-ios-simulator.swiftdoc /Users/mdd/zhk/kanpan-ringtone/DerivedData-ringtone/Build/Intermediates.noindex/KanpanNetwork.build/Debug-iphonesimulator/KanpanNetwork.build/Objects-normal/x86_64/KanpanNetwork.swiftdoc (in target 'KanpanNetwork' from project 'KanpanNetwork')
    cd /Users/mdd/zhk/kanpan-ringtone/KanpanNetwork
    builtin-copy -exclude .DS_Store -exclude CVS -exclude .svn -exclude .git -exclude .hg -resolve-src-symlinks -rename /Users/mdd/zhk/kanpan-ringtone/DerivedData-ringtone/Build/Intermediates.noindex/KanpanNetwork.build/Debug-iphonesimulator/KanpanNetwork.build/Objects-normal/x86_64/KanpanNetwork.swiftdoc /Users/mdd/zhk/kanpan-ringtone/DerivedData-ringtone/Build/Products/Debug-iphonesimulator/KanpanNetwork.swiftmodule/x86_64-apple-ios-simulator.swiftdoc

Copy /Users/mdd/zhk/kanpan-ringtone/DerivedData-ringtone/Build/Products/Debug-iphonesimulator/KanpanNetwork.swiftmodule/x86_64-apple-ios-simulator.abi.json /Users/mdd/zhk/kanpan-ringtone/DerivedData-ringtone/Build/Intermediates.noindex/KanpanNetwork.build/Debug-iphonesimulator/KanpanNetwork.build/Objects-normal/x86_64/KanpanNetwork.abi.json (in target 'KanpanNetwork' from project 'KanpanNetwork')
    cd /Users/mdd/zhk/kanpan-ringtone/KanpanNetwork
    builtin-copy -exclude .DS_Store -exclude CVS -exclude .svn -exclude .git -exclude .hg -resolve-src-symlinks -rename /Users/mdd/zhk/kanpan-ringtone/DerivedData-ringtone/Build/Intermediates.noindex/KanpanNetwork.build/Debug-iphonesimulator/KanpanNetwork.build/Objects-normal/x86_64/KanpanNetwork.abi.json /Users/mdd/zhk/kanpan-ringtone/DerivedData-ringtone/Build/Products/Debug-iphonesimulator/KanpanNetwork.swiftmodule/x86_64-apple-ios-simulator.abi.json

Copy /Users/mdd/zhk/kanpan-ringtone/DerivedData-ringtone/Build/Products/Debug-iphonesimulator/KanpanNetwork.swiftmodule/arm64-apple-ios-simulator.swiftmodule /Users/mdd/zhk/kanpan-ringtone/DerivedData-ringtone/Build/Intermediates.noindex/KanpanNetwork.build/Debug-iphonesimulator/KanpanNetwork.build/Objects-normal/arm64/KanpanNetwork.swiftmodule (in target 'KanpanNetwork' from project 'KanpanNetwork')
    cd /Users/mdd/zhk/kanpan-ringtone/KanpanNetwork
    builtin-copy -exclude .DS_Store -exclude CVS -exclude .svn -exclude .git -exclude .hg -resolve-src-symlinks -rename /Users/mdd/zhk/kanpan-ringtone/DerivedData-ringtone/Build/Intermediates.noindex/KanpanNetwork.build/Debug-iphonesimulator/KanpanNetwork.build/Objects-normal/arm64/KanpanNetwork.swiftmodule /Users/mdd/zhk/kanpan-ringtone/DerivedData-ringtone/Build/Products/Debug-iphonesimulator/KanpanNetwork.swiftmodule/arm64-apple-ios-simulator.swiftmodule

Copy /Users/mdd/zhk/kanpan-ringtone/DerivedData-ringtone/Build/Products/Debug-iphonesimulator/KanpanNetwork.swiftmodule/arm64-apple-ios-simulator.swiftdoc /Users/mdd/zhk/kanpan-ringtone/DerivedData-ringtone/Build/Intermediates.noindex/KanpanNetwork.build/Debug-iphonesimulator/KanpanNetwork.build/Objects-normal/arm64/KanpanNetwork.swiftdoc (in target 'KanpanNetwork' from project 'KanpanNetwork')
    cd /Users/mdd/zhk/kanpan-ringtone/KanpanNetwork
    builtin-copy -exclude .DS_Store -exclude CVS -exclude .svn -exclude .git -exclude .hg -resolve-src-symlinks -rename /Users/mdd/zhk/kanpan-ringtone/DerivedData-ringtone/Build/Intermediates.noindex/KanpanNetwork.build/Debug-iphonesimulator/KanpanNetwork.build/Objects-normal/arm64/KanpanNetwork.swiftdoc /Users/mdd/zhk/kanpan-ringtone/DerivedData-ringtone/Build/Products/Debug-iphonesimulator/KanpanNetwork.swiftmodule/arm64-apple-ios-simulator.swiftdoc

Copy /Users/mdd/zhk/kanpan-ringtone/DerivedData-ringtone/Build/Products/Debug-iphonesimulator/KanpanNetwork.swiftmodule/arm64-apple-ios-simulator.abi.json /Users/mdd/zhk/kanpan-ringtone/DerivedData-ringtone/Build/Intermediates.noindex/KanpanNetwork.build/Debug-iphonesimulator/KanpanNetwork.build/Objects-normal/arm64/KanpanNetwork.abi.json (in target 'KanpanNetwork' from project 'KanpanNetwork')
    cd /Users/mdd/zhk/kanpan-ringtone/KanpanNetwork
    builtin-copy -exclude .DS_Store -exclude CVS -exclude .svn -exclude .git -exclude .hg -resolve-src-symlinks -rename /Users/mdd/zhk/kanpan-ringtone/DerivedData-ringtone/Build/Intermediates.noindex/KanpanNetwork.build/Debug-iphonesimulator/KanpanNetwork.build/Objects-normal/arm64/KanpanNetwork.abi.json /Users/mdd/zhk/kanpan-ringtone/DerivedData-ringtone/Build/Products/Debug-iphonesimulator/KanpanNetwork.swiftmodule/arm64-apple-ios-simulator.abi.json

Copy /Users/mdd/zhk/kanpan-ringtone/DerivedData-ringtone/Build/Products/Debug-iphonesimulator/KanpanNetwork.swiftmodule/Project/x86_64-apple-ios-simulator.swiftsourceinfo /Users/mdd/zhk/kanpan-ringtone/DerivedData-ringtone/Build/Intermediates.noindex/KanpanNetwork.build/Debug-iphonesimulator/KanpanNetwork.build/Objects-normal/x86_64/KanpanNetwork.swiftsourceinfo (in target 'KanpanNetwork' from project 'KanpanNetwork')
    cd /Users/mdd/zhk/kanpan-ringtone/KanpanNetwork
    builtin-copy -exclude .DS_Store -exclude CVS -exclude .svn -exclude .git -exclude .hg -resolve-src-symlinks -rename /Users/mdd/zhk/kanpan-ringtone/DerivedData-ringtone/Build/Intermediates.noindex/KanpanNetwork.build/Debug-iphonesimulator/KanpanNetwork.build/Objects-normal/x86_64/KanpanNetwork.swiftsourceinfo /Users/mdd/zhk/kanpan-ringtone/DerivedData-ringtone/Build/Products/Debug-iphonesimulator/KanpanNetwork.swiftmodule/Project/x86_64-apple-ios-simulator.swiftsourceinfo

Copy /Users/mdd/zhk/kanpan-ringtone/DerivedData-ringtone/Build/Products/Debug-iphonesimulator/KanpanNetwork.swiftmodule/Project/arm64-apple-ios-simulator.swiftsourceinfo /Users/mdd/zhk/kanpan-ringtone/DerivedData-ringtone/Build/Intermediates.noindex/KanpanNetwork.build/Debug-iphonesimulator/KanpanNetwork.build/Objects-normal/arm64/KanpanNetwork.swiftsourceinfo (in target 'KanpanNetwork' from project 'KanpanNetwork')
    cd /Users/mdd/zhk/kanpan-ringtone/KanpanNetwork
    builtin-copy -exclude .DS_Store -exclude CVS -exclude .svn -exclude .git -exclude .hg -resolve-src-symlinks -rename /Users/mdd/zhk/kanpan-ringtone/DerivedData-ringtone/Build/Intermediates.noindex/KanpanNetwork.build/Debug-iphonesimulator/KanpanNetwork.build/Objects-normal/arm64/KanpanNetwork.swiftsourceinfo /Users/mdd/zhk/kanpan-ringtone/DerivedData-ringtone/Build/Products/Debug-iphonesimulator/KanpanNetwork.swiftmodule/Project/arm64-apple-ios-simulator.swiftsourceinfo

SwiftDriver\ Compilation KanpanNetwork normal arm64 com.apple.xcode.tools.swift.compiler (in target 'KanpanNetwork' from project 'KanpanNetwork')
    cd /Users/mdd/zhk/kanpan-ringtone
    builtin-Swift-Compilation -- /Applications/Xcode.app/Contents/Developer/Toolchains/XcodeDefault.xctoolchain/usr/bin/swiftc -module-name KanpanNetwork -Onone @/Users/mdd/zhk/kanpan-ringtone/DerivedData-ringtone/Build/Intermediates.noindex/KanpanNetwork.build/Debug-iphonesimulator/KanpanNetwork.build/Objects-normal/arm64/KanpanNetwork.SwiftFileList -DSWIFT_PACKAGE -DDEBUG -DSWIFT_MODULE_RESOURCE_BUNDLE_UNAVAILABLE -DXcode -plugin-path /Applications/Xcode.app/Contents/Developer/Toolchains/XcodeDefault.xctoolchain/usr/lib/swift/host/plugins/testing -enable-experimental-feature DebugDescriptionMacro -sdk /Applications/Xcode.app/Contents/Developer/Platforms/iPhoneSimulator.platform/Developer/SDKs/iPhoneSimulator26.5.sdk -target arm64-apple-ios26.0-simulator -g -module-cache-path /Users/mdd/zhk/kanpan-ringtone/DerivedData-ringtone/ModuleCache.noindex -Xfrontend -serialize-debugging-options -enable-testing -suppress-warnings -index-store-path /Users/mdd/zhk/kanpan-ringtone/DerivedData-ringtone/Index.noindex/DataStore -Xcc -D_LIBCPP_HARDENING_MODE\=_LIBCPP_HARDENING_MODE_DEBUG -swift-version 6 -I /Users/mdd/zhk/kanpan-ringtone/DerivedData-ringtone/Build/Products/Debug-iphonesimulator -Isystem /Applications/Xcode.app/Contents/Developer/Platforms/iPhoneSimulator.platform/Developer/usr/lib -F /Users/mdd/zhk/kanpan-ringtone/DerivedData-ringtone/Build/Products/Debug-iphonesimulator/PackageFrameworks -F /Users/mdd/zhk/kanpan-ringtone/DerivedData-ringtone/Build/Products/Debug-iphonesimulator -F /Applications/Xcode.app/Contents/Developer/Platforms/iPhoneSimulator.platform/Developer/Library/Frameworks -F /Applications/Xcode.app/Contents/Developer/Platforms/iPhoneSimulator.platform/Developer/SDKs/iPhoneSimulator26.5.sdk/Developer/Library/Frameworks -c -j10 -enable-batch-mode -incremental -Xcc -ivfsstatcache -Xcc /Users/mdd/zhk/kanpan-ringtone/DerivedData-ringtone/SDKStatCaches.noindex/iphonesimulator26.5-23F81a-6cfe768891a92b912361537c460fe42b.sdkstatcache -output-file-map /Users/mdd/zhk/kanpan-ringtone/DerivedData-ringtone/Build/Intermediates.noindex/KanpanNetwork.build/Debug-iphonesimulator/KanpanNetwork.build/Objects-normal/arm64/KanpanNetwork-OutputFileMap.json -use-frontend-parseable-output -save-temps -no-color-diagnostics -explicit-module-build -module-cache-path /Users/mdd/zhk/kanpan-ringtone/DerivedData-ringtone/Build/Intermediates.noindex/SwiftExplicitPrecompiledModules -clang-scanner-module-cache-path /Users/mdd/zhk/kanpan-ringtone/DerivedData-ringtone/ModuleCache.noindex -sdk-module-cache-path /Users/mdd/zhk/kanpan-ringtone/DerivedData-ringtone/ModuleCache.noindex -serialize-diagnostics -emit-dependencies -emit-module -emit-module-path /Users/mdd/zhk/kanpan-ringtone/DerivedData-ringtone/Build/Intermediates.noindex/KanpanNetwork.build/Debug-iphonesimulator/KanpanNetwork.build/Objects-normal/arm64/KanpanNetwork.swiftmodule -validate-clang-modules-once -clang-build-session-file /Users/mdd/zhk/kanpan-ringtone/DerivedData-ringtone/ModuleCache.noindex/Session.modulevalidation -package-name kanpannetwork -Xcc -I/Users/mdd/zhk/kanpan-ringtone/DerivedData-ringtone/Build/Intermediates.noindex/KanpanNetwork.build/Debug-iphonesimulator/KanpanNetwork.build/swift-overrides.hmap -emit-const-values -Xfrontend -const-gather-protocols-file -Xfrontend /Users/mdd/zhk/kanpan-ringtone/DerivedData-ringtone/Build/Intermediates.noindex/KanpanNetwork.build/Debug-iphonesimulator/KanpanNetwork.build/Objects-normal/arm64/KanpanNetwork_const_extract_protocols.json -Xcc -I/Users/mdd/zhk/kanpan-ringtone/DerivedData-ringtone/Build/Products/Debug-iphonesimulator/include -Xcc -I/Users/mdd/zhk/kanpan-ringtone/DerivedData-ringtone/Build/Intermediates.noindex/KanpanNetwork.build/Debug-iphonesimulator/KanpanNetwork.build/DerivedSources-normal/arm64 -Xcc -I/Users/mdd/zhk/kanpan-ringtone/DerivedData-ringtone/Build/Intermediates.noindex/KanpanNetwork.build/Debug-iphonesimulator/KanpanNetwork.build/DerivedSources/arm64 -Xcc -I/Users/mdd/zhk/kanpan-ringtone/DerivedData-ringtone/Build/Intermediates.noindex/KanpanNetwork.build/Debug-iphonesimulator/KanpanNetwork.build/DerivedSources -Xcc -DSWIFT_PACKAGE -Xcc -DDEBUG\=1 -emit-objc-header -emit-objc-header-path /Users/mdd/zhk/kanpan-ringtone/DerivedData-ringtone/Build/Intermediates.noindex/KanpanNetwork.build/Debug-iphonesimulator/KanpanNetwork.build/Objects-normal/arm64/KanpanNetwork-Swift.h -working-directory /Users/mdd/zhk/kanpan-ringtone -experimental-emit-module-separately -disable-cmo

RegisterExecutionPolicyException /Users/mdd/zhk/kanpan-ringtone/DerivedData-ringtone/Build/Products/Debug-iphonesimulator/ReviewData.o (in target 'ReviewData' from project 'KanpanReview')
    cd /Users/mdd/zhk/kanpan-ringtone/KanpanReview
    builtin-RegisterExecutionPolicyException /Users/mdd/zhk/kanpan-ringtone/DerivedData-ringtone/Build/Products/Debug-iphonesimulator/ReviewData.o

RegisterExecutionPolicyException /Users/mdd/zhk/kanpan-ringtone/DerivedData-ringtone/Build/Products/Debug-iphonesimulator/KanpanCore.o (in target 'KanpanCore' from project 'KanpanCore')
    cd /Users/mdd/zhk/kanpan-ringtone/KanpanCore
    builtin-RegisterExecutionPolicyException /Users/mdd/zhk/kanpan-ringtone/DerivedData-ringtone/Build/Products/Debug-iphonesimulator/KanpanCore.o

SwiftDriver KanpanData normal x86_64 com.apple.xcode.tools.swift.compiler (in target 'KanpanData' from project 'KanpanData')
    cd /Users/mdd/zhk/kanpan-ringtone
    builtin-SwiftDriver -- /Applications/Xcode.app/Contents/Developer/Toolchains/XcodeDefault.xctoolchain/usr/bin/swiftc -module-name KanpanData -Onone @/Users/mdd/zhk/kanpan-ringtone/DerivedData-ringtone/Build/Intermediates.noindex/KanpanData.build/Debug-iphonesimulator/KanpanData.build/Objects-normal/x86_64/KanpanData.SwiftFileList -DSWIFT_PACKAGE -DDEBUG -DSWIFT_MODULE_RESOURCE_BUNDLE_UNAVAILABLE -DXcode -plugin-path /Applications/Xcode.app/Contents/Developer/Toolchains/XcodeDefault.xctoolchain/usr/lib/swift/host/plugins/testing -enable-experimental-feature DebugDescriptionMacro -sdk /Applications/Xcode.app/Contents/Developer/Platforms/iPhoneSimulator.platform/Developer/SDKs/iPhoneSimulator26.5.sdk -target x86_64-apple-ios26.0-simulator -g -module-cache-path /Users/mdd/zhk/kanpan-ringtone/DerivedData-ringtone/ModuleCache.noindex -Xfrontend -serialize-debugging-options -enable-testing -suppress-warnings -index-store-path /Users/mdd/zhk/kanpan-ringtone/DerivedData-ringtone/Index.noindex/DataStore -Xcc -D_LIBCPP_HARDENING_MODE\=_LIBCPP_HARDENING_MODE_DEBUG -swift-version 6 -I /Users/mdd/zhk/kanpan-ringtone/DerivedData-ringtone/Build/Products/Debug-iphonesimulator -Isystem /Applications/Xcode.app/Contents/Developer/Platforms/iPhoneSimulator.platform/Developer/usr/lib -F /Users/mdd/zhk/kanpan-ringtone/DerivedData-ringtone/Build/Products/Debug-iphonesimulator/PackageFrameworks -F /Users/mdd/zhk/kanpan-ringtone/DerivedData-ringtone/Build/Products/Debug-iphonesimulator/PackageFrameworks -F /Users/mdd/zhk/kanpan-ringtone/DerivedData-ringtone/Build/Products/Debug-iphonesimulator -F /Applications/Xcode.app/Contents/Developer/Platforms/iPhoneSimulator.platform/Developer/Library/Frameworks -F /Applications/Xcode.app/Contents/Developer/Platforms/iPhoneSimulator.platform/Developer/SDKs/iPhoneSimulator26.5.sdk/Developer/Library/Frameworks -c -j10 -enable-batch-mode -incremental -Xcc -ivfsstatcache -Xcc /Users/mdd/zhk/kanpan-ringtone/DerivedData-ringtone/SDKStatCaches.noindex/iphonesimulator26.5-23F81a-6cfe768891a92b912361537c460fe42b.sdkstatcache -output-file-map /Users/mdd/zhk/kanpan-ringtone/DerivedData-ringtone/Build/Intermediates.noindex/KanpanData.build/Debug-iphonesimulator/KanpanData.build/Objects-normal/x86_64/KanpanData-OutputFileMap.json -use-frontend-parseable-output -save-temps -no-color-diagnostics -explicit-module-build -module-cache-path /Users/mdd/zhk/kanpan-ringtone/DerivedData-ringtone/Build/Intermediates.noindex/SwiftExplicitPrecompiledModules -clang-scanner-module-cache-path /Users/mdd/zhk/kanpan-ringtone/DerivedData-ringtone/ModuleCache.noindex -sdk-module-cache-path /Users/mdd/zhk/kanpan-ringtone/DerivedData-ringtone/ModuleCache.noindex -serialize-diagnostics -emit-dependencies -emit-module -emit-module-path /Users/mdd/zhk/kanpan-ringtone/DerivedData-ringtone/Build/Intermediates.noindex/KanpanData.build/Debug-iphonesimulator/KanpanData.build/Objects-normal/x86_64/KanpanData.swiftmodule -validate-clang-modules-once -clang-build-session-file /Users/mdd/zhk/kanpan-ringtone/DerivedData-ringtone/ModuleCache.noindex/Session.modulevalidation -package-name kanpandata -Xcc -I/Users/mdd/zhk/kanpan-ringtone/DerivedData-ringtone/Build/Intermediates.noindex/KanpanData.build/Debug-iphonesimulator/KanpanData.build/swift-overrides.hmap -emit-const-values -Xfrontend -const-gather-protocols-file -Xfrontend /Users/mdd/zhk/kanpan-ringtone/DerivedData-ringtone/Build/Intermediates.noindex/KanpanData.build/Debug-iphonesimulator/KanpanData.build/Objects-normal/x86_64/KanpanData_const_extract_protocols.json -Xcc -I/Users/mdd/zhk/kanpan-ringtone/DerivedData-ringtone/Build/Products/Debug-iphonesimulator/include -Xcc -I/Users/mdd/zhk/kanpan-ringtone/DerivedData-ringtone/Build/Intermediates.noindex/KanpanData.build/Debug-iphonesimulator/KanpanData.build/DerivedSources-normal/x86_64 -Xcc -I/Users/mdd/zhk/kanpan-ringtone/DerivedData-ringtone/Build/Intermediates.noindex/KanpanData.build/Debug-iphonesimulator/KanpanData.build/DerivedSources/x86_64 -Xcc -I/Users/mdd/zhk/kanpan-ringtone/DerivedData-ringtone/Build/Intermediates.noindex/KanpanData.build/Debug-iphonesimulator/KanpanData.build/DerivedSources -Xcc -DSWIFT_PACKAGE -Xcc -DDEBUG\=1 -emit-objc-header -emit-objc-header-path /Users/mdd/zhk/kanpan-ringtone/DerivedData-ringtone/Build/Intermediates.noindex/KanpanData.build/Debug-iphonesimulator/KanpanData.build/Objects-normal/x86_64/KanpanData-Swift.h -working-directory /Users/mdd/zhk/kanpan-ringtone -experimental-emit-module-separately -disable-cmo

SwiftDriver KanpanData normal arm64 com.apple.xcode.tools.swift.compiler (in target 'KanpanData' from project 'KanpanData')
    cd /Users/mdd/zhk/kanpan-ringtone
    builtin-SwiftDriver -- /Applications/Xcode.app/Contents/Developer/Toolchains/XcodeDefault.xctoolchain/usr/bin/swiftc -module-name KanpanData -Onone @/Users/mdd/zhk/kanpan-ringtone/DerivedData-ringtone/Build/Intermediates.noindex/KanpanData.build/Debug-iphonesimulator/KanpanData.build/Objects-normal/arm64/KanpanData.SwiftFileList -DSWIFT_PACKAGE -DDEBUG -DSWIFT_MODULE_RESOURCE_BUNDLE_UNAVAILABLE -DXcode -plugin-path /Applications/Xcode.app/Contents/Developer/Toolchains/XcodeDefault.xctoolchain/usr/lib/swift/host/plugins/testing -enable-experimental-feature DebugDescriptionMacro -sdk /Applications/Xcode.app/Contents/Developer/Platforms/iPhoneSimulator.platform/Developer/SDKs/iPhoneSimulator26.5.sdk -target arm64-apple-ios26.0-simulator -g -module-cache-path /Users/mdd/zhk/kanpan-ringtone/DerivedData-ringtone/ModuleCache.noindex -Xfrontend -serialize-debugging-options -enable-testing -suppress-warnings -index-store-path /Users/mdd/zhk/kanpan-ringtone/DerivedData-ringtone/Index.noindex/DataStore -Xcc -D_LIBCPP_HARDENING_MODE\=_LIBCPP_HARDENING_MODE_DEBUG -swift-version 6 -I /Users/mdd/zhk/kanpan-ringtone/DerivedData-ringtone/Build/Products/Debug-iphonesimulator -Isystem /Applications/Xcode.app/Contents/Developer/Platforms/iPhoneSimulator.platform/Developer/usr/lib -F /Users/mdd/zhk/kanpan-ringtone/DerivedData-ringtone/Build/Products/Debug-iphonesimulator/PackageFrameworks -F /Users/mdd/zhk/kanpan-ringtone/DerivedData-ringtone/Build/Products/Debug-iphonesimulator/PackageFrameworks -F /Users/mdd/zhk/kanpan-ringtone/DerivedData-ringtone/Build/Products/Debug-iphonesimulator -F /Applications/Xcode.app/Contents/Developer/Platforms/iPhoneSimulator.platform/Developer/Library/Frameworks -F /Applications/Xcode.app/Contents/Developer/Platforms/iPhoneSimulator.platform/Developer/SDKs/iPhoneSimulator26.5.sdk/Developer/Library/Frameworks -c -j10 -enable-batch-mode -incremental -Xcc -ivfsstatcache -Xcc /Users/mdd/zhk/kanpan-ringtone/DerivedData-ringtone/SDKStatCaches.noindex/iphonesimulator26.5-23F81a-6cfe768891a92b912361537c460fe42b.sdkstatcache -output-file-map /Users/mdd/zhk/kanpan-ringtone/DerivedData-ringtone/Build/Intermediates.noindex/KanpanData.build/Debug-iphonesimulator/KanpanData.build/Objects-normal/arm64/KanpanData-OutputFileMap.json -use-frontend-parseable-output -save-temps -no-color-diagnostics -explicit-module-build -module-cache-path /Users/mdd/zhk/kanpan-ringtone/DerivedData-ringtone/Build/Intermediates.noindex/SwiftExplicitPrecompiledModules -clang-scanner-module-cache-path /Users/mdd/zhk/kanpan-ringtone/DerivedData-ringtone/ModuleCache.noindex -sdk-module-cache-path /Users/mdd/zhk/kanpan-ringtone/DerivedData-ringtone/ModuleCache.noindex -serialize-diagnostics -emit-dependencies -emit-module -emit-module-path /Users/mdd/zhk/kanpan-ringtone/DerivedData-ringtone/Build/Intermediates.noindex/KanpanData.build/Debug-iphonesimulator/KanpanData.build/Objects-normal/arm64/KanpanData.swiftmodule -validate-clang-modules-once -clang-build-session-file /Users/mdd/zhk/kanpan-ringtone/DerivedData-ringtone/ModuleCache.noindex/Session.modulevalidation -package-name kanpandata -Xcc -I/Users/mdd/zhk/kanpan-ringtone/DerivedData-ringtone/Build/Intermediates.noindex/KanpanData.build/Debug-iphonesimulator/KanpanData.build/swift-overrides.hmap -emit-const-values -Xfrontend -const-gather-protocols-file -Xfrontend /Users/mdd/zhk/kanpan-ringtone/DerivedData-ringtone/Build/Intermediates.noindex/KanpanData.build/Debug-iphonesimulator/KanpanData.build/Objects-normal/arm64/KanpanData_const_extract_protocols.json -Xcc -I/Users/mdd/zhk/kanpan-ringtone/DerivedData-ringtone/Build/Products/Debug-iphonesimulator/include -Xcc -I/Users/mdd/zhk/kanpan-ringtone/DerivedData-ringtone/Build/Intermediates.noindex/KanpanData.build/Debug-iphonesimulator/KanpanData.build/DerivedSources-normal/arm64 -Xcc -I/Users/mdd/zhk/kanpan-ringtone/DerivedData-ringtone/Build/Intermediates.noindex/KanpanData.build/Debug-iphonesimulator/KanpanData.build/DerivedSources/arm64 -Xcc -I/Users/mdd/zhk/kanpan-ringtone/DerivedData-ringtone/Build/Intermediates.noindex/KanpanData.build/Debug-iphonesimulator/KanpanData.build/DerivedSources -Xcc -DSWIFT_PACKAGE -Xcc -DDEBUG\=1 -emit-objc-header -emit-objc-header-path /Users/mdd/zhk/kanpan-ringtone/DerivedData-ringtone/Build/Intermediates.noindex/KanpanData.build/Debug-iphonesimulator/KanpanData.build/Objects-normal/arm64/KanpanData-Swift.h -working-directory /Users/mdd/zhk/kanpan-ringtone -experimental-emit-module-separately -disable-cmo

SwiftDriver KanpanChart normal x86_64 com.apple.xcode.tools.swift.compiler (in target 'KanpanChart' from project 'KanpanChart')
    cd /Users/mdd/zhk/kanpan-ringtone
    builtin-SwiftDriver -- /Applications/Xcode.app/Contents/Developer/Toolchains/XcodeDefault.xctoolchain/usr/bin/swiftc -module-name KanpanChart -Onone @/Users/mdd/zhk/kanpan-ringtone/DerivedData-ringtone/Build/Intermediates.noindex/KanpanChart.build/Debug-iphonesimulator/KanpanChart.build/Objects-normal/x86_64/KanpanChart.SwiftFileList -DSWIFT_PACKAGE -DDEBUG -DSWIFT_MODULE_RESOURCE_BUNDLE_UNAVAILABLE -DXcode -plugin-path /Applications/Xcode.app/Contents/Developer/Toolchains/XcodeDefault.xctoolchain/usr/lib/swift/host/plugins/testing -enable-experimental-feature DebugDescriptionMacro -sdk /Applications/Xcode.app/Contents/Developer/Platforms/iPhoneSimulator.platform/Developer/SDKs/iPhoneSimulator26.5.sdk -target x86_64-apple-ios26.0-simulator -g -module-cache-path /Users/mdd/zhk/kanpan-ringtone/DerivedData-ringtone/ModuleCache.noindex -Xfrontend -serialize-debugging-options -enable-testing -suppress-warnings -index-store-path /Users/mdd/zhk/kanpan-ringtone/DerivedData-ringtone/Index.noindex/DataStore -Xcc -D_LIBCPP_HARDENING_MODE\=_LIBCPP_HARDENING_MODE_DEBUG -swift-version 6 -I /Users/mdd/zhk/kanpan-ringtone/DerivedData-ringtone/Build/Products/Debug-iphonesimulator -Isystem /Applications/Xcode.app/Contents/Developer/Platforms/iPhoneSimulator.platform/Developer/usr/lib -F /Users/mdd/zhk/kanpan-ringtone/DerivedData-ringtone/Build/Products/Debug-iphonesimulator/PackageFrameworks -F /Users/mdd/zhk/kanpan-ringtone/DerivedData-ringtone/Build/Products/Debug-iphonesimulator -F /Applications/Xcode.app/Contents/Developer/Platforms/iPhoneSimulator.platform/Developer/Library/Frameworks -F /Applications/Xcode.app/Contents/Developer/Platforms/iPhoneSimulator.platform/Developer/SDKs/iPhoneSimulator26.5.sdk/Developer/Library/Frameworks -c -j10 -enable-batch-mode -incremental -Xcc -ivfsstatcache -Xcc /Users/mdd/zhk/kanpan-ringtone/DerivedData-ringtone/SDKStatCaches.noindex/iphonesimulator26.5-23F81a-6cfe768891a92b912361537c460fe42b.sdkstatcache -output-file-map /Users/mdd/zhk/kanpan-ringtone/DerivedData-ringtone/Build/Intermediates.noindex/KanpanChart.build/Debug-iphonesimulator/KanpanChart.build/Objects-normal/x86_64/KanpanChart-OutputFileMap.json -use-frontend-parseable-output -save-temps -no-color-diagnostics -explicit-module-build -module-cache-path /Users/mdd/zhk/kanpan-ringtone/DerivedData-ringtone/Build/Intermediates.noindex/SwiftExplicitPrecompiledModules -clang-scanner-module-cache-path /Users/mdd/zhk/kanpan-ringtone/DerivedData-ringtone/ModuleCache.noindex -sdk-module-cache-path /Users/mdd/zhk/kanpan-ringtone/DerivedData-ringtone/ModuleCache.noindex -serialize-diagnostics -emit-dependencies -emit-module -emit-module-path /Users/mdd/zhk/kanpan-ringtone/DerivedData-ringtone/Build/Intermediates.noindex/KanpanChart.build/Debug-iphonesimulator/KanpanChart.build/Objects-normal/x86_64/KanpanChart.swiftmodule -validate-clang-modules-once -clang-build-session-file /Users/mdd/zhk/kanpan-ringtone/DerivedData-ringtone/ModuleCache.noindex/Session.modulevalidation -package-name kanpanchart -Xcc -I/Users/mdd/zhk/kanpan-ringtone/DerivedData-ringtone/Build/Intermediates.noindex/KanpanChart.build/Debug-iphonesimulator/KanpanChart.build/swift-overrides.hmap -emit-const-values -Xfrontend -const-gather-protocols-file -Xfrontend /Users/mdd/zhk/kanpan-ringtone/DerivedData-ringtone/Build/Intermediates.noindex/KanpanChart.build/Debug-iphonesimulator/KanpanChart.build/Objects-normal/x86_64/KanpanChart_const_extract_protocols.json -Xcc -I/Users/mdd/zhk/kanpan-ringtone/DerivedData-ringtone/Build/Products/Debug-iphonesimulator/include -Xcc -I/Users/mdd/zhk/kanpan-ringtone/DerivedData-ringtone/Build/Intermediates.noindex/KanpanChart.build/Debug-iphonesimulator/KanpanChart.build/DerivedSources-normal/x86_64 -Xcc -I/Users/mdd/zhk/kanpan-ringtone/DerivedData-ringtone/Build/Intermediates.noindex/KanpanChart.build/Debug-iphonesimulator/KanpanChart.build/DerivedSources/x86_64 -Xcc -I/Users/mdd/zhk/kanpan-ringtone/DerivedData-ringtone/Build/Intermediates.noindex/KanpanChart.build/Debug-iphonesimulator/KanpanChart.build/DerivedSources -Xcc -DSWIFT_PACKAGE -Xcc -DDEBUG\=1 -emit-objc-header -emit-objc-header-path /Users/mdd/zhk/kanpan-ringtone/DerivedData-ringtone/Build/Intermediates.noindex/KanpanChart.build/Debug-iphonesimulator/KanpanChart.build/Objects-normal/x86_64/KanpanChart-Swift.h -working-directory /Users/mdd/zhk/kanpan-ringtone -experimental-emit-module-separately -disable-cmo

SwiftDriver\ Compilation\ Requirements KanpanData normal x86_64 com.apple.xcode.tools.swift.compiler (in target 'KanpanData' from project 'KanpanData')
    cd /Users/mdd/zhk/kanpan-ringtone
    builtin-Swift-Compilation-Requirements -- /Applications/Xcode.app/Contents/Developer/Toolchains/XcodeDefault.xctoolchain/usr/bin/swiftc -module-name KanpanData -Onone @/Users/mdd/zhk/kanpan-ringtone/DerivedData-ringtone/Build/Intermediates.noindex/KanpanData.build/Debug-iphonesimulator/KanpanData.build/Objects-normal/x86_64/KanpanData.SwiftFileList -DSWIFT_PACKAGE -DDEBUG -DSWIFT_MODULE_RESOURCE_BUNDLE_UNAVAILABLE -DXcode -plugin-path /Applications/Xcode.app/Contents/Developer/Toolchains/XcodeDefault.xctoolchain/usr/lib/swift/host/plugins/testing -enable-experimental-feature DebugDescriptionMacro -sdk /Applications/Xcode.app/Contents/Developer/Platforms/iPhoneSimulator.platform/Developer/SDKs/iPhoneSimulator26.5.sdk -target x86_64-apple-ios26.0-simulator -g -module-cache-path /Users/mdd/zhk/kanpan-ringtone/DerivedData-ringtone/ModuleCache.noindex -Xfrontend -serialize-debugging-options -enable-testing -suppress-warnings -index-store-path /Users/mdd/zhk/kanpan-ringtone/DerivedData-ringtone/Index.noindex/DataStore -Xcc -D_LIBCPP_HARDENING_MODE\=_LIBCPP_HARDENING_MODE_DEBUG -swift-version 6 -I /Users/mdd/zhk/kanpan-ringtone/DerivedData-ringtone/Build/Products/Debug-iphonesimulator -Isystem /Applications/Xcode.app/Contents/Developer/Platforms/iPhoneSimulator.platform/Developer/usr/lib -F /Users/mdd/zhk/kanpan-ringtone/DerivedData-ringtone/Build/Products/Debug-iphonesimulator/PackageFrameworks -F /Users/mdd/zhk/kanpan-ringtone/DerivedData-ringtone/Build/Products/Debug-iphonesimulator/PackageFrameworks -F /Users/mdd/zhk/kanpan-ringtone/DerivedData-ringtone/Build/Products/Debug-iphonesimulator -F /Applications/Xcode.app/Contents/Developer/Platforms/iPhoneSimulator.platform/Developer/Library/Frameworks -F /Applications/Xcode.app/Contents/Developer/Platforms/iPhoneSimulator.platform/Developer/SDKs/iPhoneSimulator26.5.sdk/Developer/Library/Frameworks -c -j10 -enable-batch-mode -incremental -Xcc -ivfsstatcache -Xcc /Users/mdd/zhk/kanpan-ringtone/DerivedData-ringtone/SDKStatCaches.noindex/iphonesimulator26.5-23F81a-6cfe768891a92b912361537c460fe42b.sdkstatcache -output-file-map /Users/mdd/zhk/kanpan-ringtone/DerivedData-ringtone/Build/Intermediates.noindex/KanpanData.build/Debug-iphonesimulator/KanpanData.build/Objects-normal/x86_64/KanpanData-OutputFileMap.json -use-frontend-parseable-output -save-temps -no-color-diagnostics -explicit-module-build -module-cache-path /Users/mdd/zhk/kanpan-ringtone/DerivedData-ringtone/Build/Intermediates.noindex/SwiftExplicitPrecompiledModules -clang-scanner-module-cache-path /Users/mdd/zhk/kanpan-ringtone/DerivedData-ringtone/ModuleCache.noindex -sdk-module-cache-path /Users/mdd/zhk/kanpan-ringtone/DerivedData-ringtone/ModuleCache.noindex -serialize-diagnostics -emit-dependencies -emit-module -emit-module-path /Users/mdd/zhk/kanpan-ringtone/DerivedData-ringtone/Build/Intermediates.noindex/KanpanData.build/Debug-iphonesimulator/KanpanData.build/Objects-normal/x86_64/KanpanData.swiftmodule -validate-clang-modules-once -clang-build-session-file /Users/mdd/zhk/kanpan-ringtone/DerivedData-ringtone/ModuleCache.noindex/Session.modulevalidation -package-name kanpandata -Xcc -I/Users/mdd/zhk/kanpan-ringtone/DerivedData-ringtone/Build/Intermediates.noindex/KanpanData.build/Debug-iphonesimulator/KanpanData.build/swift-overrides.hmap -emit-const-values -Xfrontend -const-gather-protocols-file -Xfrontend /Users/mdd/zhk/kanpan-ringtone/DerivedData-ringtone/Build/Intermediates.noindex/KanpanData.build/Debug-iphonesimulator/KanpanData.build/Objects-normal/x86_64/KanpanData_const_extract_protocols.json -Xcc -I/Users/mdd/zhk/kanpan-ringtone/DerivedData-ringtone/Build/Products/Debug-iphonesimulator/include -Xcc -I/Users/mdd/zhk/kanpan-ringtone/DerivedData-ringtone/Build/Intermediates.noindex/KanpanData.build/Debug-iphonesimulator/KanpanData.build/DerivedSources-normal/x86_64 -Xcc -I/Users/mdd/zhk/kanpan-ringtone/DerivedData-ringtone/Build/Intermediates.noindex/KanpanData.build/Debug-iphonesimulator/KanpanData.build/DerivedSources/x86_64 -Xcc -I/Users/mdd/zhk/kanpan-ringtone/DerivedData-ringtone/Build/Intermediates.noindex/KanpanData.build/Debug-iphonesimulator/KanpanData.build/DerivedSources -Xcc -DSWIFT_PACKAGE -Xcc -DDEBUG\=1 -emit-objc-header -emit-objc-header-path /Users/mdd/zhk/kanpan-ringtone/DerivedData-ringtone/Build/Intermediates.noindex/KanpanData.build/Debug-iphonesimulator/KanpanData.build/Objects-normal/x86_64/KanpanData-Swift.h -working-directory /Users/mdd/zhk/kanpan-ringtone -experimental-emit-module-separately -disable-cmo

SwiftDriver\ Compilation\ Requirements KanpanData normal arm64 com.apple.xcode.tools.swift.compiler (in target 'KanpanData' from project 'KanpanData')
    cd /Users/mdd/zhk/kanpan-ringtone
    builtin-Swift-Compilation-Requirements -- /Applications/Xcode.app/Contents/Developer/Toolchains/XcodeDefault.xctoolchain/usr/bin/swiftc -module-name KanpanData -Onone @/Users/mdd/zhk/kanpan-ringtone/DerivedData-ringtone/Build/Intermediates.noindex/KanpanData.build/Debug-iphonesimulator/KanpanData.build/Objects-normal/arm64/KanpanData.SwiftFileList -DSWIFT_PACKAGE -DDEBUG -DSWIFT_MODULE_RESOURCE_BUNDLE_UNAVAILABLE -DXcode -plugin-path /Applications/Xcode.app/Contents/Developer/Toolchains/XcodeDefault.xctoolchain/usr/lib/swift/host/plugins/testing -enable-experimental-feature DebugDescriptionMacro -sdk /Applications/Xcode.app/Contents/Developer/Platforms/iPhoneSimulator.platform/Developer/SDKs/iPhoneSimulator26.5.sdk -target arm64-apple-ios26.0-simulator -g -module-cache-path /Users/mdd/zhk/kanpan-ringtone/DerivedData-ringtone/ModuleCache.noindex -Xfrontend -serialize-debugging-options -enable-testing -suppress-warnings -index-store-path /Users/mdd/zhk/kanpan-ringtone/DerivedData-ringtone/Index.noindex/DataStore -Xcc -D_LIBCPP_HARDENING_MODE\=_LIBCPP_HARDENING_MODE_DEBUG -swift-version 6 -I /Users/mdd/zhk/kanpan-ringtone/DerivedData-ringtone/Build/Products/Debug-iphonesimulator -Isystem /Applications/Xcode.app/Contents/Developer/Platforms/iPhoneSimulator.platform/Developer/usr/lib -F /Users/mdd/zhk/kanpan-ringtone/DerivedData-ringtone/Build/Products/Debug-iphonesimulator/PackageFrameworks -F /Users/mdd/zhk/kanpan-ringtone/DerivedData-ringtone/Build/Products/Debug-iphonesimulator/PackageFrameworks -F /Users/mdd/zhk/kanpan-ringtone/DerivedData-ringtone/Build/Products/Debug-iphonesimulator -F /Applications/Xcode.app/Contents/Developer/Platforms/iPhoneSimulator.platform/Developer/Library/Frameworks -F /Applications/Xcode.app/Contents/Developer/Platforms/iPhoneSimulator.platform/Developer/SDKs/iPhoneSimulator26.5.sdk/Developer/Library/Frameworks -c -j10 -enable-batch-mode -incremental -Xcc -ivfsstatcache -Xcc /Users/mdd/zhk/kanpan-ringtone/DerivedData-ringtone/SDKStatCaches.noindex/iphonesimulator26.5-23F81a-6cfe768891a92b912361537c460fe42b.sdkstatcache -output-file-map /Users/mdd/zhk/kanpan-ringtone/DerivedData-ringtone/Build/Intermediates.noindex/KanpanData.build/Debug-iphonesimulator/KanpanData.build/Objects-normal/arm64/KanpanData-OutputFileMap.json -use-frontend-parseable-output -save-temps -no-color-diagnostics -explicit-module-build -module-cache-path /Users/mdd/zhk/kanpan-ringtone/DerivedData-ringtone/Build/Intermediates.noindex/SwiftExplicitPrecompiledModules -clang-scanner-module-cache-path /Users/mdd/zhk/kanpan-ringtone/DerivedData-ringtone/ModuleCache.noindex -sdk-module-cache-path /Users/mdd/zhk/kanpan-ringtone/DerivedData-ringtone/ModuleCache.noindex -serialize-diagnostics -emit-dependencies -emit-module -emit-module-path /Users/mdd/zhk/kanpan-ringtone/DerivedData-ringtone/Build/Intermediates.noindex/KanpanData.build/Debug-iphonesimulator/KanpanData.build/Objects-normal/arm64/KanpanData.swiftmodule -validate-clang-modules-once -clang-build-session-file /Users/mdd/zhk/kanpan-ringtone/DerivedData-ringtone/ModuleCache.noindex/Session.modulevalidation -package-name kanpandata -Xcc -I/Users/mdd/zhk/kanpan-ringtone/DerivedData-ringtone/Build/Intermediates.noindex/KanpanData.build/Debug-iphonesimulator/KanpanData.build/swift-overrides.hmap -emit-const-values -Xfrontend -const-gather-protocols-file -Xfrontend /Users/mdd/zhk/kanpan-ringtone/DerivedData-ringtone/Build/Intermediates.noindex/KanpanData.build/Debug-iphonesimulator/KanpanData.build/Objects-normal/arm64/KanpanData_const_extract_protocols.json -Xcc -I/Users/mdd/zhk/kanpan-ringtone/DerivedData-ringtone/Build/Products/Debug-iphonesimulator/include -Xcc -I/Users/mdd/zhk/kanpan-ringtone/DerivedData-ringtone/Build/Intermediates.noindex/KanpanData.build/Debug-iphonesimulator/KanpanData.build/DerivedSources-normal/arm64 -Xcc -I/Users/mdd/zhk/kanpan-ringtone/DerivedData-ringtone/Build/Intermediates.noindex/KanpanData.build/Debug-iphonesimulator/KanpanData.build/DerivedSources/arm64 -Xcc -I/Users/mdd/zhk/kanpan-ringtone/DerivedData-ringtone/Build/Intermediates.noindex/KanpanData.build/Debug-iphonesimulator/KanpanData.build/DerivedSources -Xcc -DSWIFT_PACKAGE -Xcc -DDEBUG\=1 -emit-objc-header -emit-objc-header-path /Users/mdd/zhk/kanpan-ringtone/DerivedData-ringtone/Build/Intermediates.noindex/KanpanData.build/Debug-iphonesimulator/KanpanData.build/Objects-normal/arm64/KanpanData-Swift.h -working-directory /Users/mdd/zhk/kanpan-ringtone -experimental-emit-module-separately -disable-cmo

Copy /Users/mdd/zhk/kanpan-ringtone/DerivedData-ringtone/Build/Products/Debug-iphonesimulator/KanpanData.swiftmodule/x86_64-apple-ios-simulator.swiftmodule /Users/mdd/zhk/kanpan-ringtone/DerivedData-ringtone/Build/Intermediates.noindex/KanpanData.build/Debug-iphonesimulator/KanpanData.build/Objects-normal/x86_64/KanpanData.swiftmodule (in target 'KanpanData' from project 'KanpanData')
    cd /Users/mdd/zhk/kanpan-ringtone/KanpanData
    builtin-copy -exclude .DS_Store -exclude CVS -exclude .svn -exclude .git -exclude .hg -resolve-src-symlinks -rename /Users/mdd/zhk/kanpan-ringtone/DerivedData-ringtone/Build/Intermediates.noindex/KanpanData.build/Debug-iphonesimulator/KanpanData.build/Objects-normal/x86_64/KanpanData.swiftmodule /Users/mdd/zhk/kanpan-ringtone/DerivedData-ringtone/Build/Products/Debug-iphonesimulator/KanpanData.swiftmodule/x86_64-apple-ios-simulator.swiftmodule

SwiftMergeGeneratedHeaders /Users/mdd/zhk/kanpan-ringtone/DerivedData-ringtone/Build/Intermediates.noindex/GeneratedModuleMaps-iphonesimulator/KanpanData-Swift.h /Users/mdd/zhk/kanpan-ringtone/DerivedData-ringtone/Build/Intermediates.noindex/KanpanData.build/Debug-iphonesimulator/KanpanData.build/Objects-normal/arm64/KanpanData-Swift.h /Users/mdd/zhk/kanpan-ringtone/DerivedData-ringtone/Build/Intermediates.noindex/KanpanData.build/Debug-iphonesimulator/KanpanData.build/Objects-normal/x86_64/KanpanData-Swift.h (in target 'KanpanData' from project 'KanpanData')
    cd /Users/mdd/zhk/kanpan-ringtone/KanpanData
    builtin-swiftHeaderTool -arch arm64 /Users/mdd/zhk/kanpan-ringtone/DerivedData-ringtone/Build/Intermediates.noindex/KanpanData.build/Debug-iphonesimulator/KanpanData.build/Objects-normal/arm64/KanpanData-Swift.h -arch x86_64 /Users/mdd/zhk/kanpan-ringtone/DerivedData-ringtone/Build/Intermediates.noindex/KanpanData.build/Debug-iphonesimulator/KanpanData.build/Objects-normal/x86_64/KanpanData-Swift.h -o /Users/mdd/zhk/kanpan-ringtone/DerivedData-ringtone/Build/Intermediates.noindex/GeneratedModuleMaps-iphonesimulator/KanpanData-Swift.h

Copy /Users/mdd/zhk/kanpan-ringtone/DerivedData-ringtone/Build/Products/Debug-iphonesimulator/KanpanData.swiftmodule/x86_64-apple-ios-simulator.swiftdoc /Users/mdd/zhk/kanpan-ringtone/DerivedData-ringtone/Build/Intermediates.noindex/KanpanData.build/Debug-iphonesimulator/KanpanData.build/Objects-normal/x86_64/KanpanData.swiftdoc (in target 'KanpanData' from project 'KanpanData')
    cd /Users/mdd/zhk/kanpan-ringtone/KanpanData
    builtin-copy -exclude .DS_Store -exclude CVS -exclude .svn -exclude .git -exclude .hg -resolve-src-symlinks -rename /Users/mdd/zhk/kanpan-ringtone/DerivedData-ringtone/Build/Intermediates.noindex/KanpanData.build/Debug-iphonesimulator/KanpanData.build/Objects-normal/x86_64/KanpanData.swiftdoc /Users/mdd/zhk/kanpan-ringtone/DerivedData-ringtone/Build/Products/Debug-iphonesimulator/KanpanData.swiftmodule/x86_64-apple-ios-simulator.swiftdoc

Copy /Users/mdd/zhk/kanpan-ringtone/DerivedData-ringtone/Build/Products/Debug-iphonesimulator/KanpanData.swiftmodule/x86_64-apple-ios-simulator.abi.json /Users/mdd/zhk/kanpan-ringtone/DerivedData-ringtone/Build/Intermediates.noindex/KanpanData.build/Debug-iphonesimulator/KanpanData.build/Objects-normal/x86_64/KanpanData.abi.json (in target 'KanpanData' from project 'KanpanData')
    cd /Users/mdd/zhk/kanpan-ringtone/KanpanData
    builtin-copy -exclude .DS_Store -exclude CVS -exclude .svn -exclude .git -exclude .hg -resolve-src-symlinks -rename /Users/mdd/zhk/kanpan-ringtone/DerivedData-ringtone/Build/Intermediates.noindex/KanpanData.build/Debug-iphonesimulator/KanpanData.build/Objects-normal/x86_64/KanpanData.abi.json /Users/mdd/zhk/kanpan-ringtone/DerivedData-ringtone/Build/Products/Debug-iphonesimulator/KanpanData.swiftmodule/x86_64-apple-ios-simulator.abi.json

Copy /Users/mdd/zhk/kanpan-ringtone/DerivedData-ringtone/Build/Products/Debug-iphonesimulator/KanpanData.swiftmodule/arm64-apple-ios-simulator.swiftmodule /Users/mdd/zhk/kanpan-ringtone/DerivedData-ringtone/Build/Intermediates.noindex/KanpanData.build/Debug-iphonesimulator/KanpanData.build/Objects-normal/arm64/KanpanData.swiftmodule (in target 'KanpanData' from project 'KanpanData')
    cd /Users/mdd/zhk/kanpan-ringtone/KanpanData
    builtin-copy -exclude .DS_Store -exclude CVS -exclude .svn -exclude .git -exclude .hg -resolve-src-symlinks -rename /Users/mdd/zhk/kanpan-ringtone/DerivedData-ringtone/Build/Intermediates.noindex/KanpanData.build/Debug-iphonesimulator/KanpanData.build/Objects-normal/arm64/KanpanData.swiftmodule /Users/mdd/zhk/kanpan-ringtone/DerivedData-ringtone/Build/Products/Debug-iphonesimulator/KanpanData.swiftmodule/arm64-apple-ios-simulator.swiftmodule

Copy /Users/mdd/zhk/kanpan-ringtone/DerivedData-ringtone/Build/Products/Debug-iphonesimulator/KanpanData.swiftmodule/arm64-apple-ios-simulator.swiftdoc /Users/mdd/zhk/kanpan-ringtone/DerivedData-ringtone/Build/Intermediates.noindex/KanpanData.build/Debug-iphonesimulator/KanpanData.build/Objects-normal/arm64/KanpanData.swiftdoc (in target 'KanpanData' from project 'KanpanData')
    cd /Users/mdd/zhk/kanpan-ringtone/KanpanData
    builtin-copy -exclude .DS_Store -exclude CVS -exclude .svn -exclude .git -exclude .hg -resolve-src-symlinks -rename /Users/mdd/zhk/kanpan-ringtone/DerivedData-ringtone/Build/Intermediates.noindex/KanpanData.build/Debug-iphonesimulator/KanpanData.build/Objects-normal/arm64/KanpanData.swiftdoc /Users/mdd/zhk/kanpan-ringtone/DerivedData-ringtone/Build/Products/Debug-iphonesimulator/KanpanData.swiftmodule/arm64-apple-ios-simulator.swiftdoc

Copy /Users/mdd/zhk/kanpan-ringtone/DerivedData-ringtone/Build/Products/Debug-iphonesimulator/KanpanData.swiftmodule/arm64-apple-ios-simulator.abi.json /Users/mdd/zhk/kanpan-ringtone/DerivedData-ringtone/Build/Intermediates.noindex/KanpanData.build/Debug-iphonesimulator/KanpanData.build/Objects-normal/arm64/KanpanData.abi.json (in target 'KanpanData' from project 'KanpanData')
    cd /Users/mdd/zhk/kanpan-ringtone/KanpanData
    builtin-copy -exclude .DS_Store -exclude CVS -exclude .svn -exclude .git -exclude .hg -resolve-src-symlinks -rename /Users/mdd/zhk/kanpan-ringtone/DerivedData-ringtone/Build/Intermediates.noindex/KanpanData.build/Debug-iphonesimulator/KanpanData.build/Objects-normal/arm64/KanpanData.abi.json /Users/mdd/zhk/kanpan-ringtone/DerivedData-ringtone/Build/Products/Debug-iphonesimulator/KanpanData.swiftmodule/arm64-apple-ios-simulator.abi.json

Copy /Users/mdd/zhk/kanpan-ringtone/DerivedData-ringtone/Build/Products/Debug-iphonesimulator/KanpanData.swiftmodule/Project/x86_64-apple-ios-simulator.swiftsourceinfo /Users/mdd/zhk/kanpan-ringtone/DerivedData-ringtone/Build/Intermediates.noindex/KanpanData.build/Debug-iphonesimulator/KanpanData.build/Objects-normal/x86_64/KanpanData.swiftsourceinfo (in target 'KanpanData' from project 'KanpanData')
    cd /Users/mdd/zhk/kanpan-ringtone/KanpanData
    builtin-copy -exclude .DS_Store -exclude CVS -exclude .svn -exclude .git -exclude .hg -resolve-src-symlinks -rename /Users/mdd/zhk/kanpan-ringtone/DerivedData-ringtone/Build/Intermediates.noindex/KanpanData.build/Debug-iphonesimulator/KanpanData.build/Objects-normal/x86_64/KanpanData.swiftsourceinfo /Users/mdd/zhk/kanpan-ringtone/DerivedData-ringtone/Build/Products/Debug-iphonesimulator/KanpanData.swiftmodule/Project/x86_64-apple-ios-simulator.swiftsourceinfo

Copy /Users/mdd/zhk/kanpan-ringtone/DerivedData-ringtone/Build/Products/Debug-iphonesimulator/KanpanData.swiftmodule/Project/arm64-apple-ios-simulator.swiftsourceinfo /Users/mdd/zhk/kanpan-ringtone/DerivedData-ringtone/Build/Intermediates.noindex/KanpanData.build/Debug-iphonesimulator/KanpanData.build/Objects-normal/arm64/KanpanData.swiftsourceinfo (in target 'KanpanData' from project 'KanpanData')
    cd /Users/mdd/zhk/kanpan-ringtone/KanpanData
    builtin-copy -exclude .DS_Store -exclude CVS -exclude .svn -exclude .git -exclude .hg -resolve-src-symlinks -rename /Users/mdd/zhk/kanpan-ringtone/DerivedData-ringtone/Build/Intermediates.noindex/KanpanData.build/Debug-iphonesimulator/KanpanData.build/Objects-normal/arm64/KanpanData.swiftsourceinfo /Users/mdd/zhk/kanpan-ringtone/DerivedData-ringtone/Build/Products/Debug-iphonesimulator/KanpanData.swiftmodule/Project/arm64-apple-ios-simulator.swiftsourceinfo

SwiftDriver KanpanChart normal arm64 com.apple.xcode.tools.swift.compiler (in target 'KanpanChart' from project 'KanpanChart')
    cd /Users/mdd/zhk/kanpan-ringtone
    builtin-SwiftDriver -- /Applications/Xcode.app/Contents/Developer/Toolchains/XcodeDefault.xctoolchain/usr/bin/swiftc -module-name KanpanChart -Onone @/Users/mdd/zhk/kanpan-ringtone/DerivedData-ringtone/Build/Intermediates.noindex/KanpanChart.build/Debug-iphonesimulator/KanpanChart.build/Objects-normal/arm64/KanpanChart.SwiftFileList -DSWIFT_PACKAGE -DDEBUG -DSWIFT_MODULE_RESOURCE_BUNDLE_UNAVAILABLE -DXcode -plugin-path /Applications/Xcode.app/Contents/Developer/Toolchains/XcodeDefault.xctoolchain/usr/lib/swift/host/plugins/testing -enable-experimental-feature DebugDescriptionMacro -sdk /Applications/Xcode.app/Contents/Developer/Platforms/iPhoneSimulator.platform/Developer/SDKs/iPhoneSimulator26.5.sdk -target arm64-apple-ios26.0-simulator -g -module-cache-path /Users/mdd/zhk/kanpan-ringtone/DerivedData-ringtone/ModuleCache.noindex -Xfrontend -serialize-debugging-options -enable-testing -suppress-warnings -index-store-path /Users/mdd/zhk/kanpan-ringtone/DerivedData-ringtone/Index.noindex/DataStore -Xcc -D_LIBCPP_HARDENING_MODE\=_LIBCPP_HARDENING_MODE_DEBUG -swift-version 6 -I /Users/mdd/zhk/kanpan-ringtone/DerivedData-ringtone/Build/Products/Debug-iphonesimulator -Isystem /Applications/Xcode.app/Contents/Developer/Platforms/iPhoneSimulator.platform/Developer/usr/lib -F /Users/mdd/zhk/kanpan-ringtone/DerivedData-ringtone/Build/Products/Debug-iphonesimulator/PackageFrameworks -F /Users/mdd/zhk/kanpan-ringtone/DerivedData-ringtone/Build/Products/Debug-iphonesimulator -F /Applications/Xcode.app/Contents/Developer/Platforms/iPhoneSimulator.platform/Developer/Library/Frameworks -F /Applications/Xcode.app/Contents/Developer/Platforms/iPhoneSimulator.platform/Developer/SDKs/iPhoneSimulator26.5.sdk/Developer/Library/Frameworks -c -j10 -enable-batch-mode -incremental -Xcc -ivfsstatcache -Xcc /Users/mdd/zhk/kanpan-ringtone/DerivedData-ringtone/SDKStatCaches.noindex/iphonesimulator26.5-23F81a-6cfe768891a92b912361537c460fe42b.sdkstatcache -output-file-map /Users/mdd/zhk/kanpan-ringtone/DerivedData-ringtone/Build/Intermediates.noindex/KanpanChart.build/Debug-iphonesimulator/KanpanChart.build/Objects-normal/arm64/KanpanChart-OutputFileMap.json -use-frontend-parseable-output -save-temps -no-color-diagnostics -explicit-module-build -module-cache-path /Users/mdd/zhk/kanpan-ringtone/DerivedData-ringtone/Build/Intermediates.noindex/SwiftExplicitPrecompiledModules -clang-scanner-module-cache-path /Users/mdd/zhk/kanpan-ringtone/DerivedData-ringtone/ModuleCache.noindex -sdk-module-cache-path /Users/mdd/zhk/kanpan-ringtone/DerivedData-ringtone/ModuleCache.noindex -serialize-diagnostics -emit-dependencies -emit-module -emit-module-path /Users/mdd/zhk/kanpan-ringtone/DerivedData-ringtone/Build/Intermediates.noindex/KanpanChart.build/Debug-iphonesimulator/KanpanChart.build/Objects-normal/arm64/KanpanChart.swiftmodule -validate-clang-modules-once -clang-build-session-file /Users/mdd/zhk/kanpan-ringtone/DerivedData-ringtone/ModuleCache.noindex/Session.modulevalidation -package-name kanpanchart -Xcc -I/Users/mdd/zhk/kanpan-ringtone/DerivedData-ringtone/Build/Intermediates.noindex/KanpanChart.build/Debug-iphonesimulator/KanpanChart.build/swift-overrides.hmap -emit-const-values -Xfrontend -const-gather-protocols-file -Xfrontend /Users/mdd/zhk/kanpan-ringtone/DerivedData-ringtone/Build/Intermediates.noindex/KanpanChart.build/Debug-iphonesimulator/KanpanChart.build/Objects-normal/arm64/KanpanChart_const_extract_protocols.json -Xcc -I/Users/mdd/zhk/kanpan-ringtone/DerivedData-ringtone/Build/Products/Debug-iphonesimulator/include -Xcc -I/Users/mdd/zhk/kanpan-ringtone/DerivedData-ringtone/Build/Intermediates.noindex/KanpanChart.build/Debug-iphonesimulator/KanpanChart.build/DerivedSources-normal/arm64 -Xcc -I/Users/mdd/zhk/kanpan-ringtone/DerivedData-ringtone/Build/Intermediates.noindex/KanpanChart.build/Debug-iphonesimulator/KanpanChart.build/DerivedSources/arm64 -Xcc -I/Users/mdd/zhk/kanpan-ringtone/DerivedData-ringtone/Build/Intermediates.noindex/KanpanChart.build/Debug-iphonesimulator/KanpanChart.build/DerivedSources -Xcc -DSWIFT_PACKAGE -Xcc -DDEBUG\=1 -emit-objc-header -emit-objc-header-path /Users/mdd/zhk/kanpan-ringtone/DerivedData-ringtone/Build/Intermediates.noindex/KanpanChart.build/Debug-iphonesimulator/KanpanChart.build/Objects-normal/arm64/KanpanChart-Swift.h -working-directory /Users/mdd/zhk/kanpan-ringtone -experimental-emit-module-separately -disable-cmo

SwiftDriver\ Compilation KanpanData normal x86_64 com.apple.xcode.tools.swift.compiler (in target 'KanpanData' from project 'KanpanData')
    cd /Users/mdd/zhk/kanpan-ringtone
    builtin-Swift-Compilation -- /Applications/Xcode.app/Contents/Developer/Toolchains/XcodeDefault.xctoolchain/usr/bin/swiftc -module-name KanpanData -Onone @/Users/mdd/zhk/kanpan-ringtone/DerivedData-ringtone/Build/Intermediates.noindex/KanpanData.build/Debug-iphonesimulator/KanpanData.build/Objects-normal/x86_64/KanpanData.SwiftFileList -DSWIFT_PACKAGE -DDEBUG -DSWIFT_MODULE_RESOURCE_BUNDLE_UNAVAILABLE -DXcode -plugin-path /Applications/Xcode.app/Contents/Developer/Toolchains/XcodeDefault.xctoolchain/usr/lib/swift/host/plugins/testing -enable-experimental-feature DebugDescriptionMacro -sdk /Applications/Xcode.app/Contents/Developer/Platforms/iPhoneSimulator.platform/Developer/SDKs/iPhoneSimulator26.5.sdk -target x86_64-apple-ios26.0-simulator -g -module-cache-path /Users/mdd/zhk/kanpan-ringtone/DerivedData-ringtone/ModuleCache.noindex -Xfrontend -serialize-debugging-options -enable-testing -suppress-warnings -index-store-path /Users/mdd/zhk/kanpan-ringtone/DerivedData-ringtone/Index.noindex/DataStore -Xcc -D_LIBCPP_HARDENING_MODE\=_LIBCPP_HARDENING_MODE_DEBUG -swift-version 6 -I /Users/mdd/zhk/kanpan-ringtone/DerivedData-ringtone/Build/Products/Debug-iphonesimulator -Isystem /Applications/Xcode.app/Contents/Developer/Platforms/iPhoneSimulator.platform/Developer/usr/lib -F /Users/mdd/zhk/kanpan-ringtone/DerivedData-ringtone/Build/Products/Debug-iphonesimulator/PackageFrameworks -F /Users/mdd/zhk/kanpan-ringtone/DerivedData-ringtone/Build/Products/Debug-iphonesimulator/PackageFrameworks -F /Users/mdd/zhk/kanpan-ringtone/DerivedData-ringtone/Build/Products/Debug-iphonesimulator -F /Applications/Xcode.app/Contents/Developer/Platforms/iPhoneSimulator.platform/Developer/Library/Frameworks -F /Applications/Xcode.app/Contents/Developer/Platforms/iPhoneSimulator.platform/Developer/SDKs/iPhoneSimulator26.5.sdk/Developer/Library/Frameworks -c -j10 -enable-batch-mode -incremental -Xcc -ivfsstatcache -Xcc /Users/mdd/zhk/kanpan-ringtone/DerivedData-ringtone/SDKStatCaches.noindex/iphonesimulator26.5-23F81a-6cfe768891a92b912361537c460fe42b.sdkstatcache -output-file-map /Users/mdd/zhk/kanpan-ringtone/DerivedData-ringtone/Build/Intermediates.noindex/KanpanData.build/Debug-iphonesimulator/KanpanData.build/Objects-normal/x86_64/KanpanData-OutputFileMap.json -use-frontend-parseable-output -save-temps -no-color-diagnostics -explicit-module-build -module-cache-path /Users/mdd/zhk/kanpan-ringtone/DerivedData-ringtone/Build/Intermediates.noindex/SwiftExplicitPrecompiledModules -clang-scanner-module-cache-path /Users/mdd/zhk/kanpan-ringtone/DerivedData-ringtone/ModuleCache.noindex -sdk-module-cache-path /Users/mdd/zhk/kanpan-ringtone/DerivedData-ringtone/ModuleCache.noindex -serialize-diagnostics -emit-dependencies -emit-module -emit-module-path /Users/mdd/zhk/kanpan-ringtone/DerivedData-ringtone/Build/Intermediates.noindex/KanpanData.build/Debug-iphonesimulator/KanpanData.build/Objects-normal/x86_64/KanpanData.swiftmodule -validate-clang-modules-once -clang-build-session-file /Users/mdd/zhk/kanpan-ringtone/DerivedData-ringtone/ModuleCache.noindex/Session.modulevalidation -package-name kanpandata -Xcc -I/Users/mdd/zhk/kanpan-ringtone/DerivedData-ringtone/Build/Intermediates.noindex/KanpanData.build/Debug-iphonesimulator/KanpanData.build/swift-overrides.hmap -emit-const-values -Xfrontend -const-gather-protocols-file -Xfrontend /Users/mdd/zhk/kanpan-ringtone/DerivedData-ringtone/Build/Intermediates.noindex/KanpanData.build/Debug-iphonesimulator/KanpanData.build/Objects-normal/x86_64/KanpanData_const_extract_protocols.json -Xcc -I/Users/mdd/zhk/kanpan-ringtone/DerivedData-ringtone/Build/Products/Debug-iphonesimulator/include -Xcc -I/Users/mdd/zhk/kanpan-ringtone/DerivedData-ringtone/Build/Intermediates.noindex/KanpanData.build/Debug-iphonesimulator/KanpanData.build/DerivedSources-normal/x86_64 -Xcc -I/Users/mdd/zhk/kanpan-ringtone/DerivedData-ringtone/Build/Intermediates.noindex/KanpanData.build/Debug-iphonesimulator/KanpanData.build/DerivedSources/x86_64 -Xcc -I/Users/mdd/zhk/kanpan-ringtone/DerivedData-ringtone/Build/Intermediates.noindex/KanpanData.build/Debug-iphonesimulator/KanpanData.build/DerivedSources -Xcc -DSWIFT_PACKAGE -Xcc -DDEBUG\=1 -emit-objc-header -emit-objc-header-path /Users/mdd/zhk/kanpan-ringtone/DerivedData-ringtone/Build/Intermediates.noindex/KanpanData.build/Debug-iphonesimulator/KanpanData.build/Objects-normal/x86_64/KanpanData-Swift.h -working-directory /Users/mdd/zhk/kanpan-ringtone -experimental-emit-module-separately -disable-cmo

SwiftDriver\ Compilation\ Requirements KanpanChart normal arm64 com.apple.xcode.tools.swift.compiler (in target 'KanpanChart' from project 'KanpanChart')
    cd /Users/mdd/zhk/kanpan-ringtone
    builtin-Swift-Compilation-Requirements -- /Applications/Xcode.app/Contents/Developer/Toolchains/XcodeDefault.xctoolchain/usr/bin/swiftc -module-name KanpanChart -Onone @/Users/mdd/zhk/kanpan-ringtone/DerivedData-ringtone/Build/Intermediates.noindex/KanpanChart.build/Debug-iphonesimulator/KanpanChart.build/Objects-normal/arm64/KanpanChart.SwiftFileList -DSWIFT_PACKAGE -DDEBUG -DSWIFT_MODULE_RESOURCE_BUNDLE_UNAVAILABLE -DXcode -plugin-path /Applications/Xcode.app/Contents/Developer/Toolchains/XcodeDefault.xctoolchain/usr/lib/swift/host/plugins/testing -enable-experimental-feature DebugDescriptionMacro -sdk /Applications/Xcode.app/Contents/Developer/Platforms/iPhoneSimulator.platform/Developer/SDKs/iPhoneSimulator26.5.sdk -target arm64-apple-ios26.0-simulator -g -module-cache-path /Users/mdd/zhk/kanpan-ringtone/DerivedData-ringtone/ModuleCache.noindex -Xfrontend -serialize-debugging-options -enable-testing -suppress-warnings -index-store-path /Users/mdd/zhk/kanpan-ringtone/DerivedData-ringtone/Index.noindex/DataStore -Xcc -D_LIBCPP_HARDENING_MODE\=_LIBCPP_HARDENING_MODE_DEBUG -swift-version 6 -I /Users/mdd/zhk/kanpan-ringtone/DerivedData-ringtone/Build/Products/Debug-iphonesimulator -Isystem /Applications/Xcode.app/Contents/Developer/Platforms/iPhoneSimulator.platform/Developer/usr/lib -F /Users/mdd/zhk/kanpan-ringtone/DerivedData-ringtone/Build/Products/Debug-iphonesimulator/PackageFrameworks -F /Users/mdd/zhk/kanpan-ringtone/DerivedData-ringtone/Build/Products/Debug-iphonesimulator -F /Applications/Xcode.app/Contents/Developer/Platforms/iPhoneSimulator.platform/Developer/Library/Frameworks -F /Applications/Xcode.app/Contents/Developer/Platforms/iPhoneSimulator.platform/Developer/SDKs/iPhoneSimulator26.5.sdk/Developer/Library/Frameworks -c -j10 -enable-batch-mode -incremental -Xcc -ivfsstatcache -Xcc /Users/mdd/zhk/kanpan-ringtone/DerivedData-ringtone/SDKStatCaches.noindex/iphonesimulator26.5-23F81a-6cfe768891a92b912361537c460fe42b.sdkstatcache -output-file-map /Users/mdd/zhk/kanpan-ringtone/DerivedData-ringtone/Build/Intermediates.noindex/KanpanChart.build/Debug-iphonesimulator/KanpanChart.build/Objects-normal/arm64/KanpanChart-OutputFileMap.json -use-frontend-parseable-output -save-temps -no-color-diagnostics -explicit-module-build -module-cache-path /Users/mdd/zhk/kanpan-ringtone/DerivedData-ringtone/Build/Intermediates.noindex/SwiftExplicitPrecompiledModules -clang-scanner-module-cache-path /Users/mdd/zhk/kanpan-ringtone/DerivedData-ringtone/ModuleCache.noindex -sdk-module-cache-path /Users/mdd/zhk/kanpan-ringtone/DerivedData-ringtone/ModuleCache.noindex -serialize-diagnostics -emit-dependencies -emit-module -emit-module-path /Users/mdd/zhk/kanpan-ringtone/DerivedData-ringtone/Build/Intermediates.noindex/KanpanChart.build/Debug-iphonesimulator/KanpanChart.build/Objects-normal/arm64/KanpanChart.swiftmodule -validate-clang-modules-once -clang-build-session-file /Users/mdd/zhk/kanpan-ringtone/DerivedData-ringtone/ModuleCache.noindex/Session.modulevalidation -package-name kanpanchart -Xcc -I/Users/mdd/zhk/kanpan-ringtone/DerivedData-ringtone/Build/Intermediates.noindex/KanpanChart.build/Debug-iphonesimulator/KanpanChart.build/swift-overrides.hmap -emit-const-values -Xfrontend -const-gather-protocols-file -Xfrontend /Users/mdd/zhk/kanpan-ringtone/DerivedData-ringtone/Build/Intermediates.noindex/KanpanChart.build/Debug-iphonesimulator/KanpanChart.build/Objects-normal/arm64/KanpanChart_const_extract_protocols.json -Xcc -I/Users/mdd/zhk/kanpan-ringtone/DerivedData-ringtone/Build/Products/Debug-iphonesimulator/include -Xcc -I/Users/mdd/zhk/kanpan-ringtone/DerivedData-ringtone/Build/Intermediates.noindex/KanpanChart.build/Debug-iphonesimulator/KanpanChart.build/DerivedSources-normal/arm64 -Xcc -I/Users/mdd/zhk/kanpan-ringtone/DerivedData-ringtone/Build/Intermediates.noindex/KanpanChart.build/Debug-iphonesimulator/KanpanChart.build/DerivedSources/arm64 -Xcc -I/Users/mdd/zhk/kanpan-ringtone/DerivedData-ringtone/Build/Intermediates.noindex/KanpanChart.build/Debug-iphonesimulator/KanpanChart.build/DerivedSources -Xcc -DSWIFT_PACKAGE -Xcc -DDEBUG\=1 -emit-objc-header -emit-objc-header-path /Users/mdd/zhk/kanpan-ringtone/DerivedData-ringtone/Build/Intermediates.noindex/KanpanChart.build/Debug-iphonesimulator/KanpanChart.build/Objects-normal/arm64/KanpanChart-Swift.h -working-directory /Users/mdd/zhk/kanpan-ringtone -experimental-emit-module-separately -disable-cmo

SwiftDriver\ Compilation KanpanData normal arm64 com.apple.xcode.tools.swift.compiler (in target 'KanpanData' from project 'KanpanData')
    cd /Users/mdd/zhk/kanpan-ringtone
    builtin-Swift-Compilation -- /Applications/Xcode.app/Contents/Developer/Toolchains/XcodeDefault.xctoolchain/usr/bin/swiftc -module-name KanpanData -Onone @/Users/mdd/zhk/kanpan-ringtone/DerivedData-ringtone/Build/Intermediates.noindex/KanpanData.build/Debug-iphonesimulator/KanpanData.build/Objects-normal/arm64/KanpanData.SwiftFileList -DSWIFT_PACKAGE -DDEBUG -DSWIFT_MODULE_RESOURCE_BUNDLE_UNAVAILABLE -DXcode -plugin-path /Applications/Xcode.app/Contents/Developer/Toolchains/XcodeDefault.xctoolchain/usr/lib/swift/host/plugins/testing -enable-experimental-feature DebugDescriptionMacro -sdk /Applications/Xcode.app/Contents/Developer/Platforms/iPhoneSimulator.platform/Developer/SDKs/iPhoneSimulator26.5.sdk -target arm64-apple-ios26.0-simulator -g -module-cache-path /Users/mdd/zhk/kanpan-ringtone/DerivedData-ringtone/ModuleCache.noindex -Xfrontend -serialize-debugging-options -enable-testing -suppress-warnings -index-store-path /Users/mdd/zhk/kanpan-ringtone/DerivedData-ringtone/Index.noindex/DataStore -Xcc -D_LIBCPP_HARDENING_MODE\=_LIBCPP_HARDENING_MODE_DEBUG -swift-version 6 -I /Users/mdd/zhk/kanpan-ringtone/DerivedData-ringtone/Build/Products/Debug-iphonesimulator -Isystem /Applications/Xcode.app/Contents/Developer/Platforms/iPhoneSimulator.platform/Developer/usr/lib -F /Users/mdd/zhk/kanpan-ringtone/DerivedData-ringtone/Build/Products/Debug-iphonesimulator/PackageFrameworks -F /Users/mdd/zhk/kanpan-ringtone/DerivedData-ringtone/Build/Products/Debug-iphonesimulator/PackageFrameworks -F /Users/mdd/zhk/kanpan-ringtone/DerivedData-ringtone/Build/Products/Debug-iphonesimulator -F /Applications/Xcode.app/Contents/Developer/Platforms/iPhoneSimulator.platform/Developer/Library/Frameworks -F /Applications/Xcode.app/Contents/Developer/Platforms/iPhoneSimulator.platform/Developer/SDKs/iPhoneSimulator26.5.sdk/Developer/Library/Frameworks -c -j10 -enable-batch-mode -incremental -Xcc -ivfsstatcache -Xcc /Users/mdd/zhk/kanpan-ringtone/DerivedData-ringtone/SDKStatCaches.noindex/iphonesimulator26.5-23F81a-6cfe768891a92b912361537c460fe42b.sdkstatcache -output-file-map /Users/mdd/zhk/kanpan-ringtone/DerivedData-ringtone/Build/Intermediates.noindex/KanpanData.build/Debug-iphonesimulator/KanpanData.build/Objects-normal/arm64/KanpanData-OutputFileMap.json -use-frontend-parseable-output -save-temps -no-color-diagnostics -explicit-module-build -module-cache-path /Users/mdd/zhk/kanpan-ringtone/DerivedData-ringtone/Build/Intermediates.noindex/SwiftExplicitPrecompiledModules -clang-scanner-module-cache-path /Users/mdd/zhk/kanpan-ringtone/DerivedData-ringtone/ModuleCache.noindex -sdk-module-cache-path /Users/mdd/zhk/kanpan-ringtone/DerivedData-ringtone/ModuleCache.noindex -serialize-diagnostics -emit-dependencies -emit-module -emit-module-path /Users/mdd/zhk/kanpan-ringtone/DerivedData-ringtone/Build/Intermediates.noindex/KanpanData.build/Debug-iphonesimulator/KanpanData.build/Objects-normal/arm64/KanpanData.swiftmodule -validate-clang-modules-once -clang-build-session-file /Users/mdd/zhk/kanpan-ringtone/DerivedData-ringtone/ModuleCache.noindex/Session.modulevalidation -package-name kanpandata -Xcc -I/Users/mdd/zhk/kanpan-ringtone/DerivedData-ringtone/Build/Intermediates.noindex/KanpanData.build/Debug-iphonesimulator/KanpanData.build/swift-overrides.hmap -emit-const-values -Xfrontend -const-gather-protocols-file -Xfrontend /Users/mdd/zhk/kanpan-ringtone/DerivedData-ringtone/Build/Intermediates.noindex/KanpanData.build/Debug-iphonesimulator/KanpanData.build/Objects-normal/arm64/KanpanData_const_extract_protocols.json -Xcc -I/Users/mdd/zhk/kanpan-ringtone/DerivedData-ringtone/Build/Products/Debug-iphonesimulator/include -Xcc -I/Users/mdd/zhk/kanpan-ringtone/DerivedData-ringtone/Build/Intermediates.noindex/KanpanData.build/Debug-iphonesimulator/KanpanData.build/DerivedSources-normal/arm64 -Xcc -I/Users/mdd/zhk/kanpan-ringtone/DerivedData-ringtone/Build/Intermediates.noindex/KanpanData.build/Debug-iphonesimulator/KanpanData.build/DerivedSources/arm64 -Xcc -I/Users/mdd/zhk/kanpan-ringtone/DerivedData-ringtone/Build/Intermediates.noindex/KanpanData.build/Debug-iphonesimulator/KanpanData.build/DerivedSources -Xcc -DSWIFT_PACKAGE -Xcc -DDEBUG\=1 -emit-objc-header -emit-objc-header-path /Users/mdd/zhk/kanpan-ringtone/DerivedData-ringtone/Build/Intermediates.noindex/KanpanData.build/Debug-iphonesimulator/KanpanData.build/Objects-normal/arm64/KanpanData-Swift.h -working-directory /Users/mdd/zhk/kanpan-ringtone -experimental-emit-module-separately -disable-cmo

Copy /Users/mdd/zhk/kanpan-ringtone/DerivedData-ringtone/Build/Products/Debug-iphonesimulator/KanpanChart.swiftmodule/arm64-apple-ios-simulator.swiftmodule /Users/mdd/zhk/kanpan-ringtone/DerivedData-ringtone/Build/Intermediates.noindex/KanpanChart.build/Debug-iphonesimulator/KanpanChart.build/Objects-normal/arm64/KanpanChart.swiftmodule (in target 'KanpanChart' from project 'KanpanChart')
    cd /Users/mdd/zhk/kanpan-ringtone/KanpanChart
    builtin-copy -exclude .DS_Store -exclude CVS -exclude .svn -exclude .git -exclude .hg -resolve-src-symlinks -rename /Users/mdd/zhk/kanpan-ringtone/DerivedData-ringtone/Build/Intermediates.noindex/KanpanChart.build/Debug-iphonesimulator/KanpanChart.build/Objects-normal/arm64/KanpanChart.swiftmodule /Users/mdd/zhk/kanpan-ringtone/DerivedData-ringtone/Build/Products/Debug-iphonesimulator/KanpanChart.swiftmodule/arm64-apple-ios-simulator.swiftmodule

SwiftDriver\ Compilation\ Requirements KanpanChart normal x86_64 com.apple.xcode.tools.swift.compiler (in target 'KanpanChart' from project 'KanpanChart')
    cd /Users/mdd/zhk/kanpan-ringtone
    builtin-Swift-Compilation-Requirements -- /Applications/Xcode.app/Contents/Developer/Toolchains/XcodeDefault.xctoolchain/usr/bin/swiftc -module-name KanpanChart -Onone @/Users/mdd/zhk/kanpan-ringtone/DerivedData-ringtone/Build/Intermediates.noindex/KanpanChart.build/Debug-iphonesimulator/KanpanChart.build/Objects-normal/x86_64/KanpanChart.SwiftFileList -DSWIFT_PACKAGE -DDEBUG -DSWIFT_MODULE_RESOURCE_BUNDLE_UNAVAILABLE -DXcode -plugin-path /Applications/Xcode.app/Contents/Developer/Toolchains/XcodeDefault.xctoolchain/usr/lib/swift/host/plugins/testing -enable-experimental-feature DebugDescriptionMacro -sdk /Applications/Xcode.app/Contents/Developer/Platforms/iPhoneSimulator.platform/Developer/SDKs/iPhoneSimulator26.5.sdk -target x86_64-apple-ios26.0-simulator -g -module-cache-path /Users/mdd/zhk/kanpan-ringtone/DerivedData-ringtone/ModuleCache.noindex -Xfrontend -serialize-debugging-options -enable-testing -suppress-warnings -index-store-path /Users/mdd/zhk/kanpan-ringtone/DerivedData-ringtone/Index.noindex/DataStore -Xcc -D_LIBCPP_HARDENING_MODE\=_LIBCPP_HARDENING_MODE_DEBUG -swift-version 6 -I /Users/mdd/zhk/kanpan-ringtone/DerivedData-ringtone/Build/Products/Debug-iphonesimulator -Isystem /Applications/Xcode.app/Contents/Developer/Platforms/iPhoneSimulator.platform/Developer/usr/lib -F /Users/mdd/zhk/kanpan-ringtone/DerivedData-ringtone/Build/Products/Debug-iphonesimulator/PackageFrameworks -F /Users/mdd/zhk/kanpan-ringtone/DerivedData-ringtone/Build/Products/Debug-iphonesimulator -F /Applications/Xcode.app/Contents/Developer/Platforms/iPhoneSimulator.platform/Developer/Library/Frameworks -F /Applications/Xcode.app/Contents/Developer/Platforms/iPhoneSimulator.platform/Developer/SDKs/iPhoneSimulator26.5.sdk/Developer/Library/Frameworks -c -j10 -enable-batch-mode -incremental -Xcc -ivfsstatcache -Xcc /Users/mdd/zhk/kanpan-ringtone/DerivedData-ringtone/SDKStatCaches.noindex/iphonesimulator26.5-23F81a-6cfe768891a92b912361537c460fe42b.sdkstatcache -output-file-map /Users/mdd/zhk/kanpan-ringtone/DerivedData-ringtone/Build/Intermediates.noindex/KanpanChart.build/Debug-iphonesimulator/KanpanChart.build/Objects-normal/x86_64/KanpanChart-OutputFileMap.json -use-frontend-parseable-output -save-temps -no-color-diagnostics -explicit-module-build -module-cache-path /Users/mdd/zhk/kanpan-ringtone/DerivedData-ringtone/Build/Intermediates.noindex/SwiftExplicitPrecompiledModules -clang-scanner-module-cache-path /Users/mdd/zhk/kanpan-ringtone/DerivedData-ringtone/ModuleCache.noindex -sdk-module-cache-path /Users/mdd/zhk/kanpan-ringtone/DerivedData-ringtone/ModuleCache.noindex -serialize-diagnostics -emit-dependencies -emit-module -emit-module-path /Users/mdd/zhk/kanpan-ringtone/DerivedData-ringtone/Build/Intermediates.noindex/KanpanChart.build/Debug-iphonesimulator/KanpanChart.build/Objects-normal/x86_64/KanpanChart.swiftmodule -validate-clang-modules-once -clang-build-session-file /Users/mdd/zhk/kanpan-ringtone/DerivedData-ringtone/ModuleCache.noindex/Session.modulevalidation -package-name kanpanchart -Xcc -I/Users/mdd/zhk/kanpan-ringtone/DerivedData-ringtone/Build/Intermediates.noindex/KanpanChart.build/Debug-iphonesimulator/KanpanChart.build/swift-overrides.hmap -emit-const-values -Xfrontend -const-gather-protocols-file -Xfrontend /Users/mdd/zhk/kanpan-ringtone/DerivedData-ringtone/Build/Intermediates.noindex/KanpanChart.build/Debug-iphonesimulator/KanpanChart.build/Objects-normal/x86_64/KanpanChart_const_extract_protocols.json -Xcc -I/Users/mdd/zhk/kanpan-ringtone/DerivedData-ringtone/Build/Products/Debug-iphonesimulator/include -Xcc -I/Users/mdd/zhk/kanpan-ringtone/DerivedData-ringtone/Build/Intermediates.noindex/KanpanChart.build/Debug-iphonesimulator/KanpanChart.build/DerivedSources-normal/x86_64 -Xcc -I/Users/mdd/zhk/kanpan-ringtone/DerivedData-ringtone/Build/Intermediates.noindex/KanpanChart.build/Debug-iphonesimulator/KanpanChart.build/DerivedSources/x86_64 -Xcc -I/Users/mdd/zhk/kanpan-ringtone/DerivedData-ringtone/Build/Intermediates.noindex/KanpanChart.build/Debug-iphonesimulator/KanpanChart.build/DerivedSources -Xcc -DSWIFT_PACKAGE -Xcc -DDEBUG\=1 -emit-objc-header -emit-objc-header-path /Users/mdd/zhk/kanpan-ringtone/DerivedData-ringtone/Build/Intermediates.noindex/KanpanChart.build/Debug-iphonesimulator/KanpanChart.build/Objects-normal/x86_64/KanpanChart-Swift.h -working-directory /Users/mdd/zhk/kanpan-ringtone -experimental-emit-module-separately -disable-cmo

Copy /Users/mdd/zhk/kanpan-ringtone/DerivedData-ringtone/Build/Products/Debug-iphonesimulator/KanpanChart.swiftmodule/arm64-apple-ios-simulator.swiftdoc /Users/mdd/zhk/kanpan-ringtone/DerivedData-ringtone/Build/Intermediates.noindex/KanpanChart.build/Debug-iphonesimulator/KanpanChart.build/Objects-normal/arm64/KanpanChart.swiftdoc (in target 'KanpanChart' from project 'KanpanChart')
    cd /Users/mdd/zhk/kanpan-ringtone/KanpanChart
    builtin-copy -exclude .DS_Store -exclude CVS -exclude .svn -exclude .git -exclude .hg -resolve-src-symlinks -rename /Users/mdd/zhk/kanpan-ringtone/DerivedData-ringtone/Build/Intermediates.noindex/KanpanChart.build/Debug-iphonesimulator/KanpanChart.build/Objects-normal/arm64/KanpanChart.swiftdoc /Users/mdd/zhk/kanpan-ringtone/DerivedData-ringtone/Build/Products/Debug-iphonesimulator/KanpanChart.swiftmodule/arm64-apple-ios-simulator.swiftdoc

SwiftMergeGeneratedHeaders /Users/mdd/zhk/kanpan-ringtone/DerivedData-ringtone/Build/Intermediates.noindex/GeneratedModuleMaps-iphonesimulator/KanpanChart-Swift.h /Users/mdd/zhk/kanpan-ringtone/DerivedData-ringtone/Build/Intermediates.noindex/KanpanChart.build/Debug-iphonesimulator/KanpanChart.build/Objects-normal/arm64/KanpanChart-Swift.h /Users/mdd/zhk/kanpan-ringtone/DerivedData-ringtone/Build/Intermediates.noindex/KanpanChart.build/Debug-iphonesimulator/KanpanChart.build/Objects-normal/x86_64/KanpanChart-Swift.h (in target 'KanpanChart' from project 'KanpanChart')
    cd /Users/mdd/zhk/kanpan-ringtone/KanpanChart
    builtin-swiftHeaderTool -arch arm64 /Users/mdd/zhk/kanpan-ringtone/DerivedData-ringtone/Build/Intermediates.noindex/KanpanChart.build/Debug-iphonesimulator/KanpanChart.build/Objects-normal/arm64/KanpanChart-Swift.h -arch x86_64 /Users/mdd/zhk/kanpan-ringtone/DerivedData-ringtone/Build/Intermediates.noindex/KanpanChart.build/Debug-iphonesimulator/KanpanChart.build/Objects-normal/x86_64/KanpanChart-Swift.h -o /Users/mdd/zhk/kanpan-ringtone/DerivedData-ringtone/Build/Intermediates.noindex/GeneratedModuleMaps-iphonesimulator/KanpanChart-Swift.h

Copy /Users/mdd/zhk/kanpan-ringtone/DerivedData-ringtone/Build/Products/Debug-iphonesimulator/KanpanChart.swiftmodule/x86_64-apple-ios-simulator.swiftmodule /Users/mdd/zhk/kanpan-ringtone/DerivedData-ringtone/Build/Intermediates.noindex/KanpanChart.build/Debug-iphonesimulator/KanpanChart.build/Objects-normal/x86_64/KanpanChart.swiftmodule (in target 'KanpanChart' from project 'KanpanChart')
    cd /Users/mdd/zhk/kanpan-ringtone/KanpanChart
    builtin-copy -exclude .DS_Store -exclude CVS -exclude .svn -exclude .git -exclude .hg -resolve-src-symlinks -rename /Users/mdd/zhk/kanpan-ringtone/DerivedData-ringtone/Build/Intermediates.noindex/KanpanChart.build/Debug-iphonesimulator/KanpanChart.build/Objects-normal/x86_64/KanpanChart.swiftmodule /Users/mdd/zhk/kanpan-ringtone/DerivedData-ringtone/Build/Products/Debug-iphonesimulator/KanpanChart.swiftmodule/x86_64-apple-ios-simulator.swiftmodule

Copy /Users/mdd/zhk/kanpan-ringtone/DerivedData-ringtone/Build/Products/Debug-iphonesimulator/KanpanChart.swiftmodule/x86_64-apple-ios-simulator.swiftdoc /Users/mdd/zhk/kanpan-ringtone/DerivedData-ringtone/Build/Intermediates.noindex/KanpanChart.build/Debug-iphonesimulator/KanpanChart.build/Objects-normal/x86_64/KanpanChart.swiftdoc (in target 'KanpanChart' from project 'KanpanChart')
    cd /Users/mdd/zhk/kanpan-ringtone/KanpanChart
    builtin-copy -exclude .DS_Store -exclude CVS -exclude .svn -exclude .git -exclude .hg -resolve-src-symlinks -rename /Users/mdd/zhk/kanpan-ringtone/DerivedData-ringtone/Build/Intermediates.noindex/KanpanChart.build/Debug-iphonesimulator/KanpanChart.build/Objects-normal/x86_64/KanpanChart.swiftdoc /Users/mdd/zhk/kanpan-ringtone/DerivedData-ringtone/Build/Products/Debug-iphonesimulator/KanpanChart.swiftmodule/x86_64-apple-ios-simulator.swiftdoc

Copy /Users/mdd/zhk/kanpan-ringtone/DerivedData-ringtone/Build/Products/Debug-iphonesimulator/KanpanChart.swiftmodule/x86_64-apple-ios-simulator.abi.json /Users/mdd/zhk/kanpan-ringtone/DerivedData-ringtone/Build/Intermediates.noindex/KanpanChart.build/Debug-iphonesimulator/KanpanChart.build/Objects-normal/x86_64/KanpanChart.abi.json (in target 'KanpanChart' from project 'KanpanChart')
    cd /Users/mdd/zhk/kanpan-ringtone/KanpanChart
    builtin-copy -exclude .DS_Store -exclude CVS -exclude .svn -exclude .git -exclude .hg -resolve-src-symlinks -rename /Users/mdd/zhk/kanpan-ringtone/DerivedData-ringtone/Build/Intermediates.noindex/KanpanChart.build/Debug-iphonesimulator/KanpanChart.build/Objects-normal/x86_64/KanpanChart.abi.json /Users/mdd/zhk/kanpan-ringtone/DerivedData-ringtone/Build/Products/Debug-iphonesimulator/KanpanChart.swiftmodule/x86_64-apple-ios-simulator.abi.json

Copy /Users/mdd/zhk/kanpan-ringtone/DerivedData-ringtone/Build/Products/Debug-iphonesimulator/KanpanChart.swiftmodule/arm64-apple-ios-simulator.abi.json /Users/mdd/zhk/kanpan-ringtone/DerivedData-ringtone/Build/Intermediates.noindex/KanpanChart.build/Debug-iphonesimulator/KanpanChart.build/Objects-normal/arm64/KanpanChart.abi.json (in target 'KanpanChart' from project 'KanpanChart')
    cd /Users/mdd/zhk/kanpan-ringtone/KanpanChart
    builtin-copy -exclude .DS_Store -exclude CVS -exclude .svn -exclude .git -exclude .hg -resolve-src-symlinks -rename /Users/mdd/zhk/kanpan-ringtone/DerivedData-ringtone/Build/Intermediates.noindex/KanpanChart.build/Debug-iphonesimulator/KanpanChart.build/Objects-normal/arm64/KanpanChart.abi.json /Users/mdd/zhk/kanpan-ringtone/DerivedData-ringtone/Build/Products/Debug-iphonesimulator/KanpanChart.swiftmodule/arm64-apple-ios-simulator.abi.json

Copy /Users/mdd/zhk/kanpan-ringtone/DerivedData-ringtone/Build/Products/Debug-iphonesimulator/KanpanChart.swiftmodule/Project/x86_64-apple-ios-simulator.swiftsourceinfo /Users/mdd/zhk/kanpan-ringtone/DerivedData-ringtone/Build/Intermediates.noindex/KanpanChart.build/Debug-iphonesimulator/KanpanChart.build/Objects-normal/x86_64/KanpanChart.swiftsourceinfo (in target 'KanpanChart' from project 'KanpanChart')
    cd /Users/mdd/zhk/kanpan-ringtone/KanpanChart
    builtin-copy -exclude .DS_Store -exclude CVS -exclude .svn -exclude .git -exclude .hg -resolve-src-symlinks -rename /Users/mdd/zhk/kanpan-ringtone/DerivedData-ringtone/Build/Intermediates.noindex/KanpanChart.build/Debug-iphonesimulator/KanpanChart.build/Objects-normal/x86_64/KanpanChart.swiftsourceinfo /Users/mdd/zhk/kanpan-ringtone/DerivedData-ringtone/Build/Products/Debug-iphonesimulator/KanpanChart.swiftmodule/Project/x86_64-apple-ios-simulator.swiftsourceinfo

Copy /Users/mdd/zhk/kanpan-ringtone/DerivedData-ringtone/Build/Products/Debug-iphonesimulator/KanpanChart.swiftmodule/Project/arm64-apple-ios-simulator.swiftsourceinfo /Users/mdd/zhk/kanpan-ringtone/DerivedData-ringtone/Build/Intermediates.noindex/KanpanChart.build/Debug-iphonesimulator/KanpanChart.build/Objects-normal/arm64/KanpanChart.swiftsourceinfo (in target 'KanpanChart' from project 'KanpanChart')
    cd /Users/mdd/zhk/kanpan-ringtone/KanpanChart
    builtin-copy -exclude .DS_Store -exclude CVS -exclude .svn -exclude .git -exclude .hg -resolve-src-symlinks -rename /Users/mdd/zhk/kanpan-ringtone/DerivedData-ringtone/Build/Intermediates.noindex/KanpanChart.build/Debug-iphonesimulator/KanpanChart.build/Objects-normal/arm64/KanpanChart.swiftsourceinfo /Users/mdd/zhk/kanpan-ringtone/DerivedData-ringtone/Build/Products/Debug-iphonesimulator/KanpanChart.swiftmodule/Project/arm64-apple-ios-simulator.swiftsourceinfo

SwiftDriver\ Compilation KanpanChart normal x86_64 com.apple.xcode.tools.swift.compiler (in target 'KanpanChart' from project 'KanpanChart')
    cd /Users/mdd/zhk/kanpan-ringtone
    builtin-Swift-Compilation -- /Applications/Xcode.app/Contents/Developer/Toolchains/XcodeDefault.xctoolchain/usr/bin/swiftc -module-name KanpanChart -Onone @/Users/mdd/zhk/kanpan-ringtone/DerivedData-ringtone/Build/Intermediates.noindex/KanpanChart.build/Debug-iphonesimulator/KanpanChart.build/Objects-normal/x86_64/KanpanChart.SwiftFileList -DSWIFT_PACKAGE -DDEBUG -DSWIFT_MODULE_RESOURCE_BUNDLE_UNAVAILABLE -DXcode -plugin-path /Applications/Xcode.app/Contents/Developer/Toolchains/XcodeDefault.xctoolchain/usr/lib/swift/host/plugins/testing -enable-experimental-feature DebugDescriptionMacro -sdk /Applications/Xcode.app/Contents/Developer/Platforms/iPhoneSimulator.platform/Developer/SDKs/iPhoneSimulator26.5.sdk -target x86_64-apple-ios26.0-simulator -g -module-cache-path /Users/mdd/zhk/kanpan-ringtone/DerivedData-ringtone/ModuleCache.noindex -Xfrontend -serialize-debugging-options -enable-testing -suppress-warnings -index-store-path /Users/mdd/zhk/kanpan-ringtone/DerivedData-ringtone/Index.noindex/DataStore -Xcc -D_LIBCPP_HARDENING_MODE\=_LIBCPP_HARDENING_MODE_DEBUG -swift-version 6 -I /Users/mdd/zhk/kanpan-ringtone/DerivedData-ringtone/Build/Products/Debug-iphonesimulator -Isystem /Applications/Xcode.app/Contents/Developer/Platforms/iPhoneSimulator.platform/Developer/usr/lib -F /Users/mdd/zhk/kanpan-ringtone/DerivedData-ringtone/Build/Products/Debug-iphonesimulator/PackageFrameworks -F /Users/mdd/zhk/kanpan-ringtone/DerivedData-ringtone/Build/Products/Debug-iphonesimulator -F /Applications/Xcode.app/Contents/Developer/Platforms/iPhoneSimulator.platform/Developer/Library/Frameworks -F /Applications/Xcode.app/Contents/Developer/Platforms/iPhoneSimulator.platform/Developer/SDKs/iPhoneSimulator26.5.sdk/Developer/Library/Frameworks -c -j10 -enable-batch-mode -incremental -Xcc -ivfsstatcache -Xcc /Users/mdd/zhk/kanpan-ringtone/DerivedData-ringtone/SDKStatCaches.noindex/iphonesimulator26.5-23F81a-6cfe768891a92b912361537c460fe42b.sdkstatcache -output-file-map /Users/mdd/zhk/kanpan-ringtone/DerivedData-ringtone/Build/Intermediates.noindex/KanpanChart.build/Debug-iphonesimulator/KanpanChart.build/Objects-normal/x86_64/KanpanChart-OutputFileMap.json -use-frontend-parseable-output -save-temps -no-color-diagnostics -explicit-module-build -module-cache-path /Users/mdd/zhk/kanpan-ringtone/DerivedData-ringtone/Build/Intermediates.noindex/SwiftExplicitPrecompiledModules -clang-scanner-module-cache-path /Users/mdd/zhk/kanpan-ringtone/DerivedData-ringtone/ModuleCache.noindex -sdk-module-cache-path /Users/mdd/zhk/kanpan-ringtone/DerivedData-ringtone/ModuleCache.noindex -serialize-diagnostics -emit-dependencies -emit-module -emit-module-path /Users/mdd/zhk/kanpan-ringtone/DerivedData-ringtone/Build/Intermediates.noindex/KanpanChart.build/Debug-iphonesimulator/KanpanChart.build/Objects-normal/x86_64/KanpanChart.swiftmodule -validate-clang-modules-once -clang-build-session-file /Users/mdd/zhk/kanpan-ringtone/DerivedData-ringtone/ModuleCache.noindex/Session.modulevalidation -package-name kanpanchart -Xcc -I/Users/mdd/zhk/kanpan-ringtone/DerivedData-ringtone/Build/Intermediates.noindex/KanpanChart.build/Debug-iphonesimulator/KanpanChart.build/swift-overrides.hmap -emit-const-values -Xfrontend -const-gather-protocols-file -Xfrontend /Users/mdd/zhk/kanpan-ringtone/DerivedData-ringtone/Build/Intermediates.noindex/KanpanChart.build/Debug-iphonesimulator/KanpanChart.build/Objects-normal/x86_64/KanpanChart_const_extract_protocols.json -Xcc -I/Users/mdd/zhk/kanpan-ringtone/DerivedData-ringtone/Build/Products/Debug-iphonesimulator/include -Xcc -I/Users/mdd/zhk/kanpan-ringtone/DerivedData-ringtone/Build/Intermediates.noindex/KanpanChart.build/Debug-iphonesimulator/KanpanChart.build/DerivedSources-normal/x86_64 -Xcc -I/Users/mdd/zhk/kanpan-ringtone/DerivedData-ringtone/Build/Intermediates.noindex/KanpanChart.build/Debug-iphonesimulator/KanpanChart.build/DerivedSources/x86_64 -Xcc -I/Users/mdd/zhk/kanpan-ringtone/DerivedData-ringtone/Build/Intermediates.noindex/KanpanChart.build/Debug-iphonesimulator/KanpanChart.build/DerivedSources -Xcc -DSWIFT_PACKAGE -Xcc -DDEBUG\=1 -emit-objc-header -emit-objc-header-path /Users/mdd/zhk/kanpan-ringtone/DerivedData-ringtone/Build/Intermediates.noindex/KanpanChart.build/Debug-iphonesimulator/KanpanChart.build/Objects-normal/x86_64/KanpanChart-Swift.h -working-directory /Users/mdd/zhk/kanpan-ringtone -experimental-emit-module-separately -disable-cmo

SwiftDriver\ Compilation KanpanChart normal arm64 com.apple.xcode.tools.swift.compiler (in target 'KanpanChart' from project 'KanpanChart')
    cd /Users/mdd/zhk/kanpan-ringtone
    builtin-Swift-Compilation -- /Applications/Xcode.app/Contents/Developer/Toolchains/XcodeDefault.xctoolchain/usr/bin/swiftc -module-name KanpanChart -Onone @/Users/mdd/zhk/kanpan-ringtone/DerivedData-ringtone/Build/Intermediates.noindex/KanpanChart.build/Debug-iphonesimulator/KanpanChart.build/Objects-normal/arm64/KanpanChart.SwiftFileList -DSWIFT_PACKAGE -DDEBUG -DSWIFT_MODULE_RESOURCE_BUNDLE_UNAVAILABLE -DXcode -plugin-path /Applications/Xcode.app/Contents/Developer/Toolchains/XcodeDefault.xctoolchain/usr/lib/swift/host/plugins/testing -enable-experimental-feature DebugDescriptionMacro -sdk /Applications/Xcode.app/Contents/Developer/Platforms/iPhoneSimulator.platform/Developer/SDKs/iPhoneSimulator26.5.sdk -target arm64-apple-ios26.0-simulator -g -module-cache-path /Users/mdd/zhk/kanpan-ringtone/DerivedData-ringtone/ModuleCache.noindex -Xfrontend -serialize-debugging-options -enable-testing -suppress-warnings -index-store-path /Users/mdd/zhk/kanpan-ringtone/DerivedData-ringtone/Index.noindex/DataStore -Xcc -D_LIBCPP_HARDENING_MODE\=_LIBCPP_HARDENING_MODE_DEBUG -swift-version 6 -I /Users/mdd/zhk/kanpan-ringtone/DerivedData-ringtone/Build/Products/Debug-iphonesimulator -Isystem /Applications/Xcode.app/Contents/Developer/Platforms/iPhoneSimulator.platform/Developer/usr/lib -F /Users/mdd/zhk/kanpan-ringtone/DerivedData-ringtone/Build/Products/Debug-iphonesimulator/PackageFrameworks -F /Users/mdd/zhk/kanpan-ringtone/DerivedData-ringtone/Build/Products/Debug-iphonesimulator -F /Applications/Xcode.app/Contents/Developer/Platforms/iPhoneSimulator.platform/Developer/Library/Frameworks -F /Applications/Xcode.app/Contents/Developer/Platforms/iPhoneSimulator.platform/Developer/SDKs/iPhoneSimulator26.5.sdk/Developer/Library/Frameworks -c -j10 -enable-batch-mode -incremental -Xcc -ivfsstatcache -Xcc /Users/mdd/zhk/kanpan-ringtone/DerivedData-ringtone/SDKStatCaches.noindex/iphonesimulator26.5-23F81a-6cfe768891a92b912361537c460fe42b.sdkstatcache -output-file-map /Users/mdd/zhk/kanpan-ringtone/DerivedData-ringtone/Build/Intermediates.noindex/KanpanChart.build/Debug-iphonesimulator/KanpanChart.build/Objects-normal/arm64/KanpanChart-OutputFileMap.json -use-frontend-parseable-output -save-temps -no-color-diagnostics -explicit-module-build -module-cache-path /Users/mdd/zhk/kanpan-ringtone/DerivedData-ringtone/Build/Intermediates.noindex/SwiftExplicitPrecompiledModules -clang-scanner-module-cache-path /Users/mdd/zhk/kanpan-ringtone/DerivedData-ringtone/ModuleCache.noindex -sdk-module-cache-path /Users/mdd/zhk/kanpan-ringtone/DerivedData-ringtone/ModuleCache.noindex -serialize-diagnostics -emit-dependencies -emit-module -emit-module-path /Users/mdd/zhk/kanpan-ringtone/DerivedData-ringtone/Build/Intermediates.noindex/KanpanChart.build/Debug-iphonesimulator/KanpanChart.build/Objects-normal/arm64/KanpanChart.swiftmodule -validate-clang-modules-once -clang-build-session-file /Users/mdd/zhk/kanpan-ringtone/DerivedData-ringtone/ModuleCache.noindex/Session.modulevalidation -package-name kanpanchart -Xcc -I/Users/mdd/zhk/kanpan-ringtone/DerivedData-ringtone/Build/Intermediates.noindex/KanpanChart.build/Debug-iphonesimulator/KanpanChart.build/swift-overrides.hmap -emit-const-values -Xfrontend -const-gather-protocols-file -Xfrontend /Users/mdd/zhk/kanpan-ringtone/DerivedData-ringtone/Build/Intermediates.noindex/KanpanChart.build/Debug-iphonesimulator/KanpanChart.build/Objects-normal/arm64/KanpanChart_const_extract_protocols.json -Xcc -I/Users/mdd/zhk/kanpan-ringtone/DerivedData-ringtone/Build/Products/Debug-iphonesimulator/include -Xcc -I/Users/mdd/zhk/kanpan-ringtone/DerivedData-ringtone/Build/Intermediates.noindex/KanpanChart.build/Debug-iphonesimulator/KanpanChart.build/DerivedSources-normal/arm64 -Xcc -I/Users/mdd/zhk/kanpan-ringtone/DerivedData-ringtone/Build/Intermediates.noindex/KanpanChart.build/Debug-iphonesimulator/KanpanChart.build/DerivedSources/arm64 -Xcc -I/Users/mdd/zhk/kanpan-ringtone/DerivedData-ringtone/Build/Intermediates.noindex/KanpanChart.build/Debug-iphonesimulator/KanpanChart.build/DerivedSources -Xcc -DSWIFT_PACKAGE -Xcc -DDEBUG\=1 -emit-objc-header -emit-objc-header-path /Users/mdd/zhk/kanpan-ringtone/DerivedData-ringtone/Build/Intermediates.noindex/KanpanChart.build/Debug-iphonesimulator/KanpanChart.build/Objects-normal/arm64/KanpanChart-Swift.h -working-directory /Users/mdd/zhk/kanpan-ringtone -experimental-emit-module-separately -disable-cmo

Ld /Users/mdd/zhk/kanpan-ringtone/DerivedData-ringtone/Build/Intermediates.noindex/KanpanReview.build/Debug-iphonesimulator/ReviewUI.build/Objects-normal/x86_64/Binary/ReviewUI.o normal x86_64 (in target 'ReviewUI' from project 'KanpanReview')
    cd /Users/mdd/zhk/kanpan-ringtone/KanpanReview
    /Applications/Xcode.app/Contents/Developer/Toolchains/XcodeDefault.xctoolchain/usr/bin/clang -Xlinker -reproducible -target x86_64-apple-ios26.0-simulator -r -isysroot /Applications/Xcode.app/Contents/Developer/Platforms/iPhoneSimulator.platform/Developer/SDKs/iPhoneSimulator26.5.sdk -O0 -w -F/Users/mdd/zhk/kanpan-ringtone/DerivedData-ringtone/Build/Intermediates.noindex/EagerLinkingTBDs/Debug-iphonesimulator -F/Users/mdd/zhk/kanpan-ringtone/DerivedData-ringtone/Build/Products/Debug-iphonesimulator/PackageFrameworks -F/Users/mdd/zhk/kanpan-ringtone/DerivedData-ringtone/Build/Products/Debug-iphonesimulator/PackageFrameworks -F/Users/mdd/zhk/kanpan-ringtone/DerivedData-ringtone/Build/Products/Debug-iphonesimulator/PackageFrameworks -F/Users/mdd/zhk/kanpan-ringtone/DerivedData-ringtone/Build/Products/Debug-iphonesimulator -iframework /Applications/Xcode.app/Contents/Developer/Platforms/iPhoneSimulator.platform/Developer/Library/Frameworks -iframework /Applications/Xcode.app/Contents/Developer/Platforms/iPhoneSimulator.platform/Developer/SDKs/iPhoneSimulator26.5.sdk/Developer/Library/Frameworks -filelist /Users/mdd/zhk/kanpan-ringtone/DerivedData-ringtone/Build/Intermediates.noindex/KanpanReview.build/Debug-iphonesimulator/ReviewUI.build/Objects-normal/x86_64/ReviewUI.LinkFileList -nostdlib -Xlinker -object_path_lto -Xlinker /Users/mdd/zhk/kanpan-ringtone/DerivedData-ringtone/Build/Intermediates.noindex/KanpanReview.build/Debug-iphonesimulator/ReviewUI.build/Objects-normal/x86_64/ReviewUI_lto.o -Xlinker -no_deduplicate -Xlinker -objc_abi_version -Xlinker 2 -Xlinker -dependency_info -Xlinker /Users/mdd/zhk/kanpan-ringtone/DerivedData-ringtone/Build/Intermediates.noindex/KanpanReview.build/Debug-iphonesimulator/ReviewUI.build/Objects-normal/x86_64/ReviewUI_dependency_info.dat -fobjc-link-runtime -L/Applications/Xcode.app/Contents/Developer/Toolchains/XcodeDefault.xctoolchain/usr/lib/swift/iphonesimulator -L/usr/lib/swift -Xlinker -add_ast_path -Xlinker /Users/mdd/zhk/kanpan-ringtone/DerivedData-ringtone/Build/Intermediates.noindex/KanpanReview.build/Debug-iphonesimulator/ReviewUI.build/Objects-normal/x86_64/ReviewUI.swiftmodule @/Users/mdd/zhk/kanpan-ringtone/DerivedData-ringtone/Build/Intermediates.noindex/KanpanReview.build/Debug-iphonesimulator/ReviewUI.build/Objects-normal/x86_64/ReviewUI-linker-args.resp -o /Users/mdd/zhk/kanpan-ringtone/DerivedData-ringtone/Build/Intermediates.noindex/KanpanReview.build/Debug-iphonesimulator/ReviewUI.build/Objects-normal/x86_64/Binary/ReviewUI.o

Ld /Users/mdd/zhk/kanpan-ringtone/DerivedData-ringtone/Build/Intermediates.noindex/KanpanReview.build/Debug-iphonesimulator/ReviewUI.build/Objects-normal/arm64/Binary/ReviewUI.o normal arm64 (in target 'ReviewUI' from project 'KanpanReview')
    cd /Users/mdd/zhk/kanpan-ringtone/KanpanReview
    /Applications/Xcode.app/Contents/Developer/Toolchains/XcodeDefault.xctoolchain/usr/bin/clang -Xlinker -reproducible -target arm64-apple-ios26.0-simulator -r -isysroot /Applications/Xcode.app/Contents/Developer/Platforms/iPhoneSimulator.platform/Developer/SDKs/iPhoneSimulator26.5.sdk -O0 -w -F/Users/mdd/zhk/kanpan-ringtone/DerivedData-ringtone/Build/Intermediates.noindex/EagerLinkingTBDs/Debug-iphonesimulator -F/Users/mdd/zhk/kanpan-ringtone/DerivedData-ringtone/Build/Products/Debug-iphonesimulator/PackageFrameworks -F/Users/mdd/zhk/kanpan-ringtone/DerivedData-ringtone/Build/Products/Debug-iphonesimulator/PackageFrameworks -F/Users/mdd/zhk/kanpan-ringtone/DerivedData-ringtone/Build/Products/Debug-iphonesimulator/PackageFrameworks -F/Users/mdd/zhk/kanpan-ringtone/DerivedData-ringtone/Build/Products/Debug-iphonesimulator -iframework /Applications/Xcode.app/Contents/Developer/Platforms/iPhoneSimulator.platform/Developer/Library/Frameworks -iframework /Applications/Xcode.app/Contents/Developer/Platforms/iPhoneSimulator.platform/Developer/SDKs/iPhoneSimulator26.5.sdk/Developer/Library/Frameworks -filelist /Users/mdd/zhk/kanpan-ringtone/DerivedData-ringtone/Build/Intermediates.noindex/KanpanReview.build/Debug-iphonesimulator/ReviewUI.build/Objects-normal/arm64/ReviewUI.LinkFileList -nostdlib -Xlinker -object_path_lto -Xlinker /Users/mdd/zhk/kanpan-ringtone/DerivedData-ringtone/Build/Intermediates.noindex/KanpanReview.build/Debug-iphonesimulator/ReviewUI.build/Objects-normal/arm64/ReviewUI_lto.o -Xlinker -no_deduplicate -Xlinker -objc_abi_version -Xlinker 2 -Xlinker -dependency_info -Xlinker /Users/mdd/zhk/kanpan-ringtone/DerivedData-ringtone/Build/Intermediates.noindex/KanpanReview.build/Debug-iphonesimulator/ReviewUI.build/Objects-normal/arm64/ReviewUI_dependency_info.dat -fobjc-link-runtime -L/Applications/Xcode.app/Contents/Developer/Toolchains/XcodeDefault.xctoolchain/usr/lib/swift/iphonesimulator -L/usr/lib/swift -Xlinker -add_ast_path -Xlinker /Users/mdd/zhk/kanpan-ringtone/DerivedData-ringtone/Build/Intermediates.noindex/KanpanReview.build/Debug-iphonesimulator/ReviewUI.build/Objects-normal/arm64/ReviewUI.swiftmodule @/Users/mdd/zhk/kanpan-ringtone/DerivedData-ringtone/Build/Intermediates.noindex/KanpanReview.build/Debug-iphonesimulator/ReviewUI.build/Objects-normal/arm64/ReviewUI-linker-args.resp -o /Users/mdd/zhk/kanpan-ringtone/DerivedData-ringtone/Build/Intermediates.noindex/KanpanReview.build/Debug-iphonesimulator/ReviewUI.build/Objects-normal/arm64/Binary/ReviewUI.o

Ld /Users/mdd/zhk/kanpan-ringtone/DerivedData-ringtone/Build/Intermediates.noindex/KanpanNetwork.build/Debug-iphonesimulator/KanpanNetwork.build/Objects-normal/x86_64/Binary/KanpanNetwork.o normal x86_64 (in target 'KanpanNetwork' from project 'KanpanNetwork')
    cd /Users/mdd/zhk/kanpan-ringtone/KanpanNetwork
    /Applications/Xcode.app/Contents/Developer/Toolchains/XcodeDefault.xctoolchain/usr/bin/clang -Xlinker -reproducible -target x86_64-apple-ios26.0-simulator -r -isysroot /Applications/Xcode.app/Contents/Developer/Platforms/iPhoneSimulator.platform/Developer/SDKs/iPhoneSimulator26.5.sdk -O0 -w -F/Users/mdd/zhk/kanpan-ringtone/DerivedData-ringtone/Build/Intermediates.noindex/EagerLinkingTBDs/Debug-iphonesimulator -F/Users/mdd/zhk/kanpan-ringtone/DerivedData-ringtone/Build/Products/Debug-iphonesimulator/PackageFrameworks -F/Users/mdd/zhk/kanpan-ringtone/DerivedData-ringtone/Build/Products/Debug-iphonesimulator -iframework /Applications/Xcode.app/Contents/Developer/Platforms/iPhoneSimulator.platform/Developer/Library/Frameworks -iframework /Applications/Xcode.app/Contents/Developer/Platforms/iPhoneSimulator.platform/Developer/SDKs/iPhoneSimulator26.5.sdk/Developer/Library/Frameworks -filelist /Users/mdd/zhk/kanpan-ringtone/DerivedData-ringtone/Build/Intermediates.noindex/KanpanNetwork.build/Debug-iphonesimulator/KanpanNetwork.build/Objects-normal/x86_64/KanpanNetwork.LinkFileList -nostdlib -Xlinker -object_path_lto -Xlinker /Users/mdd/zhk/kanpan-ringtone/DerivedData-ringtone/Build/Intermediates.noindex/KanpanNetwork.build/Debug-iphonesimulator/KanpanNetwork.build/Objects-normal/x86_64/KanpanNetwork_lto.o -Xlinker -no_deduplicate -Xlinker -objc_abi_version -Xlinker 2 -Xlinker -dependency_info -Xlinker /Users/mdd/zhk/kanpan-ringtone/DerivedData-ringtone/Build/Intermediates.noindex/KanpanNetwork.build/Debug-iphonesimulator/KanpanNetwork.build/Objects-normal/x86_64/KanpanNetwork_dependency_info.dat -fobjc-link-runtime -L/Applications/Xcode.app/Contents/Developer/Toolchains/XcodeDefault.xctoolchain/usr/lib/swift/iphonesimulator -L/usr/lib/swift -Xlinker -add_ast_path -Xlinker /Users/mdd/zhk/kanpan-ringtone/DerivedData-ringtone/Build/Intermediates.noindex/KanpanNetwork.build/Debug-iphonesimulator/KanpanNetwork.build/Objects-normal/x86_64/KanpanNetwork.swiftmodule @/Users/mdd/zhk/kanpan-ringtone/DerivedData-ringtone/Build/Intermediates.noindex/KanpanNetwork.build/Debug-iphonesimulator/KanpanNetwork.build/Objects-normal/x86_64/KanpanNetwork-linker-args.resp -o /Users/mdd/zhk/kanpan-ringtone/DerivedData-ringtone/Build/Intermediates.noindex/KanpanNetwork.build/Debug-iphonesimulator/KanpanNetwork.build/Objects-normal/x86_64/Binary/KanpanNetwork.o

Ld /Users/mdd/zhk/kanpan-ringtone/DerivedData-ringtone/Build/Intermediates.noindex/KanpanNetwork.build/Debug-iphonesimulator/KanpanNetwork.build/Objects-normal/arm64/Binary/KanpanNetwork.o normal arm64 (in target 'KanpanNetwork' from project 'KanpanNetwork')
    cd /Users/mdd/zhk/kanpan-ringtone/KanpanNetwork
    /Applications/Xcode.app/Contents/Developer/Toolchains/XcodeDefault.xctoolchain/usr/bin/clang -Xlinker -reproducible -target arm64-apple-ios26.0-simulator -r -isysroot /Applications/Xcode.app/Contents/Developer/Platforms/iPhoneSimulator.platform/Developer/SDKs/iPhoneSimulator26.5.sdk -O0 -w -F/Users/mdd/zhk/kanpan-ringtone/DerivedData-ringtone/Build/Intermediates.noindex/EagerLinkingTBDs/Debug-iphonesimulator -F/Users/mdd/zhk/kanpan-ringtone/DerivedData-ringtone/Build/Products/Debug-iphonesimulator/PackageFrameworks -F/Users/mdd/zhk/kanpan-ringtone/DerivedData-ringtone/Build/Products/Debug-iphonesimulator -iframework /Applications/Xcode.app/Contents/Developer/Platforms/iPhoneSimulator.platform/Developer/Library/Frameworks -iframework /Applications/Xcode.app/Contents/Developer/Platforms/iPhoneSimulator.platform/Developer/SDKs/iPhoneSimulator26.5.sdk/Developer/Library/Frameworks -filelist /Users/mdd/zhk/kanpan-ringtone/DerivedData-ringtone/Build/Intermediates.noindex/KanpanNetwork.build/Debug-iphonesimulator/KanpanNetwork.build/Objects-normal/arm64/KanpanNetwork.LinkFileList -nostdlib -Xlinker -object_path_lto -Xlinker /Users/mdd/zhk/kanpan-ringtone/DerivedData-ringtone/Build/Intermediates.noindex/KanpanNetwork.build/Debug-iphonesimulator/KanpanNetwork.build/Objects-normal/arm64/KanpanNetwork_lto.o -Xlinker -no_deduplicate -Xlinker -objc_abi_version -Xlinker 2 -Xlinker -dependency_info -Xlinker /Users/mdd/zhk/kanpan-ringtone/DerivedData-ringtone/Build/Intermediates.noindex/KanpanNetwork.build/Debug-iphonesimulator/KanpanNetwork.build/Objects-normal/arm64/KanpanNetwork_dependency_info.dat -fobjc-link-runtime -L/Applications/Xcode.app/Contents/Developer/Toolchains/XcodeDefault.xctoolchain/usr/lib/swift/iphonesimulator -L/usr/lib/swift -Xlinker -add_ast_path -Xlinker /Users/mdd/zhk/kanpan-ringtone/DerivedData-ringtone/Build/Intermediates.noindex/KanpanNetwork.build/Debug-iphonesimulator/KanpanNetwork.build/Objects-normal/arm64/KanpanNetwork.swiftmodule @/Users/mdd/zhk/kanpan-ringtone/DerivedData-ringtone/Build/Intermediates.noindex/KanpanNetwork.build/Debug-iphonesimulator/KanpanNetwork.build/Objects-normal/arm64/KanpanNetwork-linker-args.resp -o /Users/mdd/zhk/kanpan-ringtone/DerivedData-ringtone/Build/Intermediates.noindex/KanpanNetwork.build/Debug-iphonesimulator/KanpanNetwork.build/Objects-normal/arm64/Binary/KanpanNetwork.o

CreateUniversalBinary /Users/mdd/zhk/kanpan-ringtone/DerivedData-ringtone/Build/Products/Debug-iphonesimulator/ReviewUI.o normal arm64\ x86_64 (in target 'ReviewUI' from project 'KanpanReview')
    cd /Users/mdd/zhk/kanpan-ringtone/KanpanReview
    /Applications/Xcode.app/Contents/Developer/Toolchains/XcodeDefault.xctoolchain/usr/bin/lipo -create /Users/mdd/zhk/kanpan-ringtone/DerivedData-ringtone/Build/Intermediates.noindex/KanpanReview.build/Debug-iphonesimulator/ReviewUI.build/Objects-normal/arm64/Binary/ReviewUI.o /Users/mdd/zhk/kanpan-ringtone/DerivedData-ringtone/Build/Intermediates.noindex/KanpanReview.build/Debug-iphonesimulator/ReviewUI.build/Objects-normal/x86_64/Binary/ReviewUI.o -output /Users/mdd/zhk/kanpan-ringtone/DerivedData-ringtone/Build/Products/Debug-iphonesimulator/ReviewUI.o

Ld /Users/mdd/zhk/kanpan-ringtone/DerivedData-ringtone/Build/Intermediates.noindex/KanpanChart.build/Debug-iphonesimulator/KanpanChart.build/Objects-normal/x86_64/Binary/KanpanChart.o normal x86_64 (in target 'KanpanChart' from project 'KanpanChart')
    cd /Users/mdd/zhk/kanpan-ringtone/KanpanChart
    /Applications/Xcode.app/Contents/Developer/Toolchains/XcodeDefault.xctoolchain/usr/bin/clang -Xlinker -reproducible -target x86_64-apple-ios26.0-simulator -r -isysroot /Applications/Xcode.app/Contents/Developer/Platforms/iPhoneSimulator.platform/Developer/SDKs/iPhoneSimulator26.5.sdk -O0 -w -F/Users/mdd/zhk/kanpan-ringtone/DerivedData-ringtone/Build/Intermediates.noindex/EagerLinkingTBDs/Debug-iphonesimulator -F/Users/mdd/zhk/kanpan-ringtone/DerivedData-ringtone/Build/Products/Debug-iphonesimulator/PackageFrameworks -F/Users/mdd/zhk/kanpan-ringtone/DerivedData-ringtone/Build/Products/Debug-iphonesimulator -iframework /Applications/Xcode.app/Contents/Developer/Platforms/iPhoneSimulator.platform/Developer/Library/Frameworks -iframework /Applications/Xcode.app/Contents/Developer/Platforms/iPhoneSimulator.platform/Developer/SDKs/iPhoneSimulator26.5.sdk/Developer/Library/Frameworks -filelist /Users/mdd/zhk/kanpan-ringtone/DerivedData-ringtone/Build/Intermediates.noindex/KanpanChart.build/Debug-iphonesimulator/KanpanChart.build/Objects-normal/x86_64/KanpanChart.LinkFileList -nostdlib -Xlinker -object_path_lto -Xlinker /Users/mdd/zhk/kanpan-ringtone/DerivedData-ringtone/Build/Intermediates.noindex/KanpanChart.build/Debug-iphonesimulator/KanpanChart.build/Objects-normal/x86_64/KanpanChart_lto.o -Xlinker -no_deduplicate -Xlinker -objc_abi_version -Xlinker 2 -Xlinker -dependency_info -Xlinker /Users/mdd/zhk/kanpan-ringtone/DerivedData-ringtone/Build/Intermediates.noindex/KanpanChart.build/Debug-iphonesimulator/KanpanChart.build/Objects-normal/x86_64/KanpanChart_dependency_info.dat -fobjc-link-runtime -L/Applications/Xcode.app/Contents/Developer/Toolchains/XcodeDefault.xctoolchain/usr/lib/swift/iphonesimulator -L/usr/lib/swift -Xlinker -add_ast_path -Xlinker /Users/mdd/zhk/kanpan-ringtone/DerivedData-ringtone/Build/Intermediates.noindex/KanpanChart.build/Debug-iphonesimulator/KanpanChart.build/Objects-normal/x86_64/KanpanChart.swiftmodule @/Users/mdd/zhk/kanpan-ringtone/DerivedData-ringtone/Build/Intermediates.noindex/KanpanChart.build/Debug-iphonesimulator/KanpanChart.build/Objects-normal/x86_64/KanpanChart-linker-args.resp -o /Users/mdd/zhk/kanpan-ringtone/DerivedData-ringtone/Build/Intermediates.noindex/KanpanChart.build/Debug-iphonesimulator/KanpanChart.build/Objects-normal/x86_64/Binary/KanpanChart.o

Ld /Users/mdd/zhk/kanpan-ringtone/DerivedData-ringtone/Build/Intermediates.noindex/KanpanChart.build/Debug-iphonesimulator/KanpanChart.build/Objects-normal/arm64/Binary/KanpanChart.o normal arm64 (in target 'KanpanChart' from project 'KanpanChart')
    cd /Users/mdd/zhk/kanpan-ringtone/KanpanChart
    /Applications/Xcode.app/Contents/Developer/Toolchains/XcodeDefault.xctoolchain/usr/bin/clang -Xlinker -reproducible -target arm64-apple-ios26.0-simulator -r -isysroot /Applications/Xcode.app/Contents/Developer/Platforms/iPhoneSimulator.platform/Developer/SDKs/iPhoneSimulator26.5.sdk -O0 -w -F/Users/mdd/zhk/kanpan-ringtone/DerivedData-ringtone/Build/Intermediates.noindex/EagerLinkingTBDs/Debug-iphonesimulator -F/Users/mdd/zhk/kanpan-ringtone/DerivedData-ringtone/Build/Products/Debug-iphonesimulator/PackageFrameworks -F/Users/mdd/zhk/kanpan-ringtone/DerivedData-ringtone/Build/Products/Debug-iphonesimulator -iframework /Applications/Xcode.app/Contents/Developer/Platforms/iPhoneSimulator.platform/Developer/Library/Frameworks -iframework /Applications/Xcode.app/Contents/Developer/Platforms/iPhoneSimulator.platform/Developer/SDKs/iPhoneSimulator26.5.sdk/Developer/Library/Frameworks -filelist /Users/mdd/zhk/kanpan-ringtone/DerivedData-ringtone/Build/Intermediates.noindex/KanpanChart.build/Debug-iphonesimulator/KanpanChart.build/Objects-normal/arm64/KanpanChart.LinkFileList -nostdlib -Xlinker -object_path_lto -Xlinker /Users/mdd/zhk/kanpan-ringtone/DerivedData-ringtone/Build/Intermediates.noindex/KanpanChart.build/Debug-iphonesimulator/KanpanChart.build/Objects-normal/arm64/KanpanChart_lto.o -Xlinker -no_deduplicate -Xlinker -objc_abi_version -Xlinker 2 -Xlinker -dependency_info -Xlinker /Users/mdd/zhk/kanpan-ringtone/DerivedData-ringtone/Build/Intermediates.noindex/KanpanChart.build/Debug-iphonesimulator/KanpanChart.build/Objects-normal/arm64/KanpanChart_dependency_info.dat -fobjc-link-runtime -L/Applications/Xcode.app/Contents/Developer/Toolchains/XcodeDefault.xctoolchain/usr/lib/swift/iphonesimulator -L/usr/lib/swift -Xlinker -add_ast_path -Xlinker /Users/mdd/zhk/kanpan-ringtone/DerivedData-ringtone/Build/Intermediates.noindex/KanpanChart.build/Debug-iphonesimulator/KanpanChart.build/Objects-normal/arm64/KanpanChart.swiftmodule @/Users/mdd/zhk/kanpan-ringtone/DerivedData-ringtone/Build/Intermediates.noindex/KanpanChart.build/Debug-iphonesimulator/KanpanChart.build/Objects-normal/arm64/KanpanChart-linker-args.resp -o /Users/mdd/zhk/kanpan-ringtone/DerivedData-ringtone/Build/Intermediates.noindex/KanpanChart.build/Debug-iphonesimulator/KanpanChart.build/Objects-normal/arm64/Binary/KanpanChart.o

CreateUniversalBinary /Users/mdd/zhk/kanpan-ringtone/DerivedData-ringtone/Build/Products/Debug-iphonesimulator/KanpanNetwork.o normal arm64\ x86_64 (in target 'KanpanNetwork' from project 'KanpanNetwork')
    cd /Users/mdd/zhk/kanpan-ringtone/KanpanNetwork
    /Applications/Xcode.app/Contents/Developer/Toolchains/XcodeDefault.xctoolchain/usr/bin/lipo -create /Users/mdd/zhk/kanpan-ringtone/DerivedData-ringtone/Build/Intermediates.noindex/KanpanNetwork.build/Debug-iphonesimulator/KanpanNetwork.build/Objects-normal/arm64/Binary/KanpanNetwork.o /Users/mdd/zhk/kanpan-ringtone/DerivedData-ringtone/Build/Intermediates.noindex/KanpanNetwork.build/Debug-iphonesimulator/KanpanNetwork.build/Objects-normal/x86_64/Binary/KanpanNetwork.o -output /Users/mdd/zhk/kanpan-ringtone/DerivedData-ringtone/Build/Products/Debug-iphonesimulator/KanpanNetwork.o

ProcessProductPackaging "" /Users/mdd/zhk/kanpan-ringtone/DerivedData-ringtone/Build/Intermediates.noindex/Kanpan.build/Debug-iphonesimulator/Kanpan.build/Kanpan.app-Simulated.xcent (in target 'Kanpan' from project 'Kanpan')
    cd /Users/mdd/zhk/kanpan-ringtone/Kanpan
    
    Entitlements:
    
    {
    "application-identifier" = "27Y32PT2HZ.com.mdd.kanpan";
}
    
    builtin-productPackagingUtility -entitlements -format xml -o /Users/mdd/zhk/kanpan-ringtone/DerivedData-ringtone/Build/Intermediates.noindex/Kanpan.build/Debug-iphonesimulator/Kanpan.build/Kanpan.app-Simulated.xcent

CreateUniversalBinary /Users/mdd/zhk/kanpan-ringtone/DerivedData-ringtone/Build/Products/Debug-iphonesimulator/KanpanChart.o normal arm64\ x86_64 (in target 'KanpanChart' from project 'KanpanChart')
    cd /Users/mdd/zhk/kanpan-ringtone/KanpanChart
    /Applications/Xcode.app/Contents/Developer/Toolchains/XcodeDefault.xctoolchain/usr/bin/lipo -create /Users/mdd/zhk/kanpan-ringtone/DerivedData-ringtone/Build/Intermediates.noindex/KanpanChart.build/Debug-iphonesimulator/KanpanChart.build/Objects-normal/arm64/Binary/KanpanChart.o /Users/mdd/zhk/kanpan-ringtone/DerivedData-ringtone/Build/Intermediates.noindex/KanpanChart.build/Debug-iphonesimulator/KanpanChart.build/Objects-normal/x86_64/Binary/KanpanChart.o -output /Users/mdd/zhk/kanpan-ringtone/DerivedData-ringtone/Build/Products/Debug-iphonesimulator/KanpanChart.o

ExtractAppIntentsMetadata (in target 'ReviewUI' from project 'KanpanReview')
    cd /Users/mdd/zhk/kanpan-ringtone/KanpanReview
    /Applications/Xcode.app/Contents/Developer/Toolchains/XcodeDefault.xctoolchain/usr/bin/appintentsmetadataprocessor --toolchain-dir /Applications/Xcode.app/Contents/Developer/Toolchains/XcodeDefault.xctoolchain --module-name ReviewUI --sdk-root /Applications/Xcode.app/Contents/Developer/Platforms/iPhoneSimulator.platform/Developer/SDKs/iPhoneSimulator26.5.sdk --xcode-version 17F113 --platform-family iOS --deployment-target 26.0 --bundle-identifier kanpanreview.ReviewUI --output /Users/mdd/zhk/kanpan-ringtone/DerivedData-ringtone/Build/Products/Debug-iphonesimulator/ReviewUI.appintents --target-triple arm64-apple-ios26.0-simulator --target-triple x86_64-apple-ios26.0-simulator --binary-file /Users/mdd/zhk/kanpan-ringtone/DerivedData-ringtone/Build/Products/Debug-iphonesimulator/ReviewUI.o --dependency-file /Users/mdd/zhk/kanpan-ringtone/DerivedData-ringtone/Build/Intermediates.noindex/KanpanReview.build/Debug-iphonesimulator/ReviewUI.build/Objects-normal/arm64/ReviewUI_dependency_info.dat --dependency-file /Users/mdd/zhk/kanpan-ringtone/DerivedData-ringtone/Build/Intermediates.noindex/KanpanReview.build/Debug-iphonesimulator/ReviewUI.build/Objects-normal/x86_64/ReviewUI_dependency_info.dat --stringsdata-file /Users/mdd/zhk/kanpan-ringtone/DerivedData-ringtone/Build/Intermediates.noindex/KanpanReview.build/Debug-iphonesimulator/ReviewUI.build/Objects-normal/arm64/ExtractedAppShortcutsMetadata.stringsdata --stringsdata-file /Users/mdd/zhk/kanpan-ringtone/DerivedData-ringtone/Build/Intermediates.noindex/KanpanReview.build/Debug-iphonesimulator/ReviewUI.build/Objects-normal/x86_64/ExtractedAppShortcutsMetadata.stringsdata --source-file-list /Users/mdd/zhk/kanpan-ringtone/DerivedData-ringtone/Build/Intermediates.noindex/KanpanReview.build/Debug-iphonesimulator/ReviewUI.build/Objects-normal/arm64/ReviewUI.SwiftFileList --source-file-list /Users/mdd/zhk/kanpan-ringtone/DerivedData-ringtone/Build/Intermediates.noindex/KanpanReview.build/Debug-iphonesimulator/ReviewUI.build/Objects-normal/x86_64/ReviewUI.SwiftFileList --metadata-file-list /Users/mdd/zhk/kanpan-ringtone/DerivedData-ringtone/Build/Intermediates.noindex/KanpanReview.build/Debug-iphonesimulator/ReviewUI.build/ReviewUI.DependencyMetadataFileList --static-metadata-file-list /Users/mdd/zhk/kanpan-ringtone/DerivedData-ringtone/Build/Intermediates.noindex/KanpanReview.build/Debug-iphonesimulator/ReviewUI.build/ReviewUI.DependencyStaticMetadataFileList --swift-const-vals-list /Users/mdd/zhk/kanpan-ringtone/DerivedData-ringtone/Build/Intermediates.noindex/KanpanReview.build/Debug-iphonesimulator/ReviewUI.build/Objects-normal/arm64/ReviewUI.SwiftConstValuesFileList --swift-const-vals-list /Users/mdd/zhk/kanpan-ringtone/DerivedData-ringtone/Build/Intermediates.noindex/KanpanReview.build/Debug-iphonesimulator/ReviewUI.build/Objects-normal/x86_64/ReviewUI.SwiftConstValuesFileList --force --compile-time-extraction --deployment-aware-processing --validate-assistant-intents --no-app-shortcuts-localization
2026-09-22 14:33:22.205 appintentsmetadataprocessor[64140:3914879] Starting appintentsmetadataprocessor export
2026-09-22 14:33:22.477 appintentsmetadataprocessor[64140:3914879] Extracted no relevant App Intents symbols, skipping writing output

ProcessProductPackagingDER /Users/mdd/zhk/kanpan-ringtone/DerivedData-ringtone/Build/Intermediates.noindex/Kanpan.build/Debug-iphonesimulator/Kanpan.build/Kanpan.app-Simulated.xcent /Users/mdd/zhk/kanpan-ringtone/DerivedData-ringtone/Build/Intermediates.noindex/Kanpan.build/Debug-iphonesimulator/Kanpan.build/Kanpan.app-Simulated.xcent.der (in target 'Kanpan' from project 'Kanpan')
    cd /Users/mdd/zhk/kanpan-ringtone/Kanpan
    /usr/bin/derq query -f xml -i /Users/mdd/zhk/kanpan-ringtone/DerivedData-ringtone/Build/Intermediates.noindex/Kanpan.build/Debug-iphonesimulator/Kanpan.build/Kanpan.app-Simulated.xcent -o /Users/mdd/zhk/kanpan-ringtone/DerivedData-ringtone/Build/Intermediates.noindex/Kanpan.build/Debug-iphonesimulator/Kanpan.build/Kanpan.app-Simulated.xcent.der --raw

ExtractAppIntentsMetadata (in target 'KanpanNetwork' from project 'KanpanNetwork')
    cd /Users/mdd/zhk/kanpan-ringtone/KanpanNetwork
    /Applications/Xcode.app/Contents/Developer/Toolchains/XcodeDefault.xctoolchain/usr/bin/appintentsmetadataprocessor --toolchain-dir /Applications/Xcode.app/Contents/Developer/Toolchains/XcodeDefault.xctoolchain --module-name KanpanNetwork --sdk-root /Applications/Xcode.app/Contents/Developer/Platforms/iPhoneSimulator.platform/Developer/SDKs/iPhoneSimulator26.5.sdk --xcode-version 17F113 --platform-family iOS --deployment-target 26.0 --bundle-identifier kanpannetwork.KanpanNetwork --output /Users/mdd/zhk/kanpan-ringtone/DerivedData-ringtone/Build/Products/Debug-iphonesimulator/KanpanNetwork.appintents --target-triple arm64-apple-ios26.0-simulator --target-triple x86_64-apple-ios26.0-simulator --binary-file /Users/mdd/zhk/kanpan-ringtone/DerivedData-ringtone/Build/Products/Debug-iphonesimulator/KanpanNetwork.o --dependency-file /Users/mdd/zhk/kanpan-ringtone/DerivedData-ringtone/Build/Intermediates.noindex/KanpanNetwork.build/Debug-iphonesimulator/KanpanNetwork.build/Objects-normal/arm64/KanpanNetwork_dependency_info.dat --dependency-file /Users/mdd/zhk/kanpan-ringtone/DerivedData-ringtone/Build/Intermediates.noindex/KanpanNetwork.build/Debug-iphonesimulator/KanpanNetwork.build/Objects-normal/x86_64/KanpanNetwork_dependency_info.dat --stringsdata-file /Users/mdd/zhk/kanpan-ringtone/DerivedData-ringtone/Build/Intermediates.noindex/KanpanNetwork.build/Debug-iphonesimulator/KanpanNetwork.build/Objects-normal/arm64/ExtractedAppShortcutsMetadata.stringsdata --stringsdata-file /Users/mdd/zhk/kanpan-ringtone/DerivedData-ringtone/Build/Intermediates.noindex/KanpanNetwork.build/Debug-iphonesimulator/KanpanNetwork.build/Objects-normal/x86_64/ExtractedAppShortcutsMetadata.stringsdata --source-file-list /Users/mdd/zhk/kanpan-ringtone/DerivedData-ringtone/Build/Intermediates.noindex/KanpanNetwork.build/Debug-iphonesimulator/KanpanNetwork.build/Objects-normal/arm64/KanpanNetwork.SwiftFileList --source-file-list /Users/mdd/zhk/kanpan-ringtone/DerivedData-ringtone/Build/Intermediates.noindex/KanpanNetwork.build/Debug-iphonesimulator/KanpanNetwork.build/Objects-normal/x86_64/KanpanNetwork.SwiftFileList --metadata-file-list /Users/mdd/zhk/kanpan-ringtone/DerivedData-ringtone/Build/Intermediates.noindex/KanpanNetwork.build/Debug-iphonesimulator/KanpanNetwork.build/KanpanNetwork.DependencyMetadataFileList --static-metadata-file-list /Users/mdd/zhk/kanpan-ringtone/DerivedData-ringtone/Build/Intermediates.noindex/KanpanNetwork.build/Debug-iphonesimulator/KanpanNetwork.build/KanpanNetwork.DependencyStaticMetadataFileList --swift-const-vals-list /Users/mdd/zhk/kanpan-ringtone/DerivedData-ringtone/Build/Intermediates.noindex/KanpanNetwork.build/Debug-iphonesimulator/KanpanNetwork.build/Objects-normal/arm64/KanpanNetwork.SwiftConstValuesFileList --swift-const-vals-list /Users/mdd/zhk/kanpan-ringtone/DerivedData-ringtone/Build/Intermediates.noindex/KanpanNetwork.build/Debug-iphonesimulator/KanpanNetwork.build/Objects-normal/x86_64/KanpanNetwork.SwiftConstValuesFileList --force --compile-time-extraction --deployment-aware-processing --validate-assistant-intents --no-app-shortcuts-localization
2026-09-22 14:33:22.205 appintentsmetadataprocessor[64142:3914881] Starting appintentsmetadataprocessor export
2026-09-22 14:33:22.477 appintentsmetadataprocessor[64142:3914881] Extracted no relevant App Intents symbols, skipping writing output

ExtractAppIntentsMetadata (in target 'KanpanChart' from project 'KanpanChart')
    cd /Users/mdd/zhk/kanpan-ringtone/KanpanChart
    /Applications/Xcode.app/Contents/Developer/Toolchains/XcodeDefault.xctoolchain/usr/bin/appintentsmetadataprocessor --toolchain-dir /Applications/Xcode.app/Contents/Developer/Toolchains/XcodeDefault.xctoolchain --module-name KanpanChart --sdk-root /Applications/Xcode.app/Contents/Developer/Platforms/iPhoneSimulator.platform/Developer/SDKs/iPhoneSimulator26.5.sdk --xcode-version 17F113 --platform-family iOS --deployment-target 26.0 --bundle-identifier kanpanchart.KanpanChart --output /Users/mdd/zhk/kanpan-ringtone/DerivedData-ringtone/Build/Products/Debug-iphonesimulator/KanpanChart.appintents --target-triple arm64-apple-ios26.0-simulator --target-triple x86_64-apple-ios26.0-simulator --binary-file /Users/mdd/zhk/kanpan-ringtone/DerivedData-ringtone/Build/Products/Debug-iphonesimulator/KanpanChart.o --dependency-file /Users/mdd/zhk/kanpan-ringtone/DerivedData-ringtone/Build/Intermediates.noindex/KanpanChart.build/Debug-iphonesimulator/KanpanChart.build/Objects-normal/arm64/KanpanChart_dependency_info.dat --dependency-file /Users/mdd/zhk/kanpan-ringtone/DerivedData-ringtone/Build/Intermediates.noindex/KanpanChart.build/Debug-iphonesimulator/KanpanChart.build/Objects-normal/x86_64/KanpanChart_dependency_info.dat --stringsdata-file /Users/mdd/zhk/kanpan-ringtone/DerivedData-ringtone/Build/Intermediates.noindex/KanpanChart.build/Debug-iphonesimulator/KanpanChart.build/Objects-normal/arm64/ExtractedAppShortcutsMetadata.stringsdata --stringsdata-file /Users/mdd/zhk/kanpan-ringtone/DerivedData-ringtone/Build/Intermediates.noindex/KanpanChart.build/Debug-iphonesimulator/KanpanChart.build/Objects-normal/x86_64/ExtractedAppShortcutsMetadata.stringsdata --source-file-list /Users/mdd/zhk/kanpan-ringtone/DerivedData-ringtone/Build/Intermediates.noindex/KanpanChart.build/Debug-iphonesimulator/KanpanChart.build/Objects-normal/arm64/KanpanChart.SwiftFileList --source-file-list /Users/mdd/zhk/kanpan-ringtone/DerivedData-ringtone/Build/Intermediates.noindex/KanpanChart.build/Debug-iphonesimulator/KanpanChart.build/Objects-normal/x86_64/KanpanChart.SwiftFileList --metadata-file-list /Users/mdd/zhk/kanpan-ringtone/DerivedData-ringtone/Build/Intermediates.noindex/KanpanChart.build/Debug-iphonesimulator/KanpanChart.build/KanpanChart.DependencyMetadataFileList --static-metadata-file-list /Users/mdd/zhk/kanpan-ringtone/DerivedData-ringtone/Build/Intermediates.noindex/KanpanChart.build/Debug-iphonesimulator/KanpanChart.build/KanpanChart.DependencyStaticMetadataFileList --swift-const-vals-list /Users/mdd/zhk/kanpan-ringtone/DerivedData-ringtone/Build/Intermediates.noindex/KanpanChart.build/Debug-iphonesimulator/KanpanChart.build/Objects-normal/arm64/KanpanChart.SwiftConstValuesFileList --swift-const-vals-list /Users/mdd/zhk/kanpan-ringtone/DerivedData-ringtone/Build/Intermediates.noindex/KanpanChart.build/Debug-iphonesimulator/KanpanChart.build/Objects-normal/x86_64/KanpanChart.SwiftConstValuesFileList --force --compile-time-extraction --deployment-aware-processing --validate-assistant-intents --no-app-shortcuts-localization
2026-09-22 14:33:22.687 appintentsmetadataprocessor[64145:3914909] Starting appintentsmetadataprocessor export
2026-09-22 14:33:22.755 appintentsmetadataprocessor[64145:3914909] Extracted no relevant App Intents symbols, skipping writing output

RegisterExecutionPolicyException /Users/mdd/zhk/kanpan-ringtone/DerivedData-ringtone/Build/Products/Debug-iphonesimulator/ReviewUI.o (in target 'ReviewUI' from project 'KanpanReview')
    cd /Users/mdd/zhk/kanpan-ringtone/KanpanReview
    builtin-RegisterExecutionPolicyException /Users/mdd/zhk/kanpan-ringtone/DerivedData-ringtone/Build/Products/Debug-iphonesimulator/ReviewUI.o

RegisterExecutionPolicyException /Users/mdd/zhk/kanpan-ringtone/DerivedData-ringtone/Build/Products/Debug-iphonesimulator/KanpanNetwork.o (in target 'KanpanNetwork' from project 'KanpanNetwork')
    cd /Users/mdd/zhk/kanpan-ringtone/KanpanNetwork
    builtin-RegisterExecutionPolicyException /Users/mdd/zhk/kanpan-ringtone/DerivedData-ringtone/Build/Products/Debug-iphonesimulator/KanpanNetwork.o

RegisterExecutionPolicyException /Users/mdd/zhk/kanpan-ringtone/DerivedData-ringtone/Build/Products/Debug-iphonesimulator/KanpanAccount.o (in target 'KanpanAccount' from project 'KanpanAccount')
    cd /Users/mdd/zhk/kanpan-ringtone/KanpanAccount
    builtin-RegisterExecutionPolicyException /Users/mdd/zhk/kanpan-ringtone/DerivedData-ringtone/Build/Products/Debug-iphonesimulator/KanpanAccount.o

Ld /Users/mdd/zhk/kanpan-ringtone/DerivedData-ringtone/Build/Intermediates.noindex/KanpanData.build/Debug-iphonesimulator/KanpanData.build/Objects-normal/x86_64/Binary/KanpanData.o normal x86_64 (in target 'KanpanData' from project 'KanpanData')
    cd /Users/mdd/zhk/kanpan-ringtone/KanpanData
    /Applications/Xcode.app/Contents/Developer/Toolchains/XcodeDefault.xctoolchain/usr/bin/clang -Xlinker -reproducible -target x86_64-apple-ios26.0-simulator -r -isysroot /Applications/Xcode.app/Contents/Developer/Platforms/iPhoneSimulator.platform/Developer/SDKs/iPhoneSimulator26.5.sdk -O0 -w -F/Users/mdd/zhk/kanpan-ringtone/DerivedData-ringtone/Build/Intermediates.noindex/EagerLinkingTBDs/Debug-iphonesimulator -F/Users/mdd/zhk/kanpan-ringtone/DerivedData-ringtone/Build/Products/Debug-iphonesimulator/PackageFrameworks -F/Users/mdd/zhk/kanpan-ringtone/DerivedData-ringtone/Build/Products/Debug-iphonesimulator/PackageFrameworks -F/Users/mdd/zhk/kanpan-ringtone/DerivedData-ringtone/Build/Products/Debug-iphonesimulator -iframework /Applications/Xcode.app/Contents/Developer/Platforms/iPhoneSimulator.platform/Developer/Library/Frameworks -iframework /Applications/Xcode.app/Contents/Developer/Platforms/iPhoneSimulator.platform/Developer/SDKs/iPhoneSimulator26.5.sdk/Developer/Library/Frameworks -filelist /Users/mdd/zhk/kanpan-ringtone/DerivedData-ringtone/Build/Intermediates.noindex/KanpanData.build/Debug-iphonesimulator/KanpanData.build/Objects-normal/x86_64/KanpanData.LinkFileList -nostdlib -Xlinker -object_path_lto -Xlinker /Users/mdd/zhk/kanpan-ringtone/DerivedData-ringtone/Build/Intermediates.noindex/KanpanData.build/Debug-iphonesimulator/KanpanData.build/Objects-normal/x86_64/KanpanData_lto.o -Xlinker -no_deduplicate -Xlinker -objc_abi_version -Xlinker 2 -Xlinker -dependency_info -Xlinker /Users/mdd/zhk/kanpan-ringtone/DerivedData-ringtone/Build/Intermediates.noindex/KanpanData.build/Debug-iphonesimulator/KanpanData.build/Objects-normal/x86_64/KanpanData_dependency_info.dat -fobjc-link-runtime -L/Applications/Xcode.app/Contents/Developer/Toolchains/XcodeDefault.xctoolchain/usr/lib/swift/iphonesimulator -L/usr/lib/swift -Xlinker -add_ast_path -Xlinker /Users/mdd/zhk/kanpan-ringtone/DerivedData-ringtone/Build/Intermediates.noindex/KanpanData.build/Debug-iphonesimulator/KanpanData.build/Objects-normal/x86_64/KanpanData.swiftmodule @/Users/mdd/zhk/kanpan-ringtone/DerivedData-ringtone/Build/Intermediates.noindex/KanpanData.build/Debug-iphonesimulator/KanpanData.build/Objects-normal/x86_64/KanpanData-linker-args.resp -o /Users/mdd/zhk/kanpan-ringtone/DerivedData-ringtone/Build/Intermediates.noindex/KanpanData.build/Debug-iphonesimulator/KanpanData.build/Objects-normal/x86_64/Binary/KanpanData.o

Ld /Users/mdd/zhk/kanpan-ringtone/DerivedData-ringtone/Build/Intermediates.noindex/KanpanData.build/Debug-iphonesimulator/KanpanData.build/Objects-normal/arm64/Binary/KanpanData.o normal arm64 (in target 'KanpanData' from project 'KanpanData')
    cd /Users/mdd/zhk/kanpan-ringtone/KanpanData
    /Applications/Xcode.app/Contents/Developer/Toolchains/XcodeDefault.xctoolchain/usr/bin/clang -Xlinker -reproducible -target arm64-apple-ios26.0-simulator -r -isysroot /Applications/Xcode.app/Contents/Developer/Platforms/iPhoneSimulator.platform/Developer/SDKs/iPhoneSimulator26.5.sdk -O0 -w -F/Users/mdd/zhk/kanpan-ringtone/DerivedData-ringtone/Build/Intermediates.noindex/EagerLinkingTBDs/Debug-iphonesimulator -F/Users/mdd/zhk/kanpan-ringtone/DerivedData-ringtone/Build/Products/Debug-iphonesimulator/PackageFrameworks -F/Users/mdd/zhk/kanpan-ringtone/DerivedData-ringtone/Build/Products/Debug-iphonesimulator/PackageFrameworks -F/Users/mdd/zhk/kanpan-ringtone/DerivedData-ringtone/Build/Products/Debug-iphonesimulator -iframework /Applications/Xcode.app/Contents/Developer/Platforms/iPhoneSimulator.platform/Developer/Library/Frameworks -iframework /Applications/Xcode.app/Contents/Developer/Platforms/iPhoneSimulator.platform/Developer/SDKs/iPhoneSimulator26.5.sdk/Developer/Library/Frameworks -filelist /Users/mdd/zhk/kanpan-ringtone/DerivedData-ringtone/Build/Intermediates.noindex/KanpanData.build/Debug-iphonesimulator/KanpanData.build/Objects-normal/arm64/KanpanData.LinkFileList -nostdlib -Xlinker -object_path_lto -Xlinker /Users/mdd/zhk/kanpan-ringtone/DerivedData-ringtone/Build/Intermediates.noindex/KanpanData.build/Debug-iphonesimulator/KanpanData.build/Objects-normal/arm64/KanpanData_lto.o -Xlinker -no_deduplicate -Xlinker -objc_abi_version -Xlinker 2 -Xlinker -dependency_info -Xlinker /Users/mdd/zhk/kanpan-ringtone/DerivedData-ringtone/Build/Intermediates.noindex/KanpanData.build/Debug-iphonesimulator/KanpanData.build/Objects-normal/arm64/KanpanData_dependency_info.dat -fobjc-link-runtime -L/Applications/Xcode.app/Contents/Developer/Toolchains/XcodeDefault.xctoolchain/usr/lib/swift/iphonesimulator -L/usr/lib/swift -Xlinker -add_ast_path -Xlinker /Users/mdd/zhk/kanpan-ringtone/DerivedData-ringtone/Build/Intermediates.noindex/KanpanData.build/Debug-iphonesimulator/KanpanData.build/Objects-normal/arm64/KanpanData.swiftmodule @/Users/mdd/zhk/kanpan-ringtone/DerivedData-ringtone/Build/Intermediates.noindex/KanpanData.build/Debug-iphonesimulator/KanpanData.build/Objects-normal/arm64/KanpanData-linker-args.resp -o /Users/mdd/zhk/kanpan-ringtone/DerivedData-ringtone/Build/Intermediates.noindex/KanpanData.build/Debug-iphonesimulator/KanpanData.build/Objects-normal/arm64/Binary/KanpanData.o

CreateUniversalBinary /Users/mdd/zhk/kanpan-ringtone/DerivedData-ringtone/Build/Products/Debug-iphonesimulator/KanpanData.o normal arm64\ x86_64 (in target 'KanpanData' from project 'KanpanData')
    cd /Users/mdd/zhk/kanpan-ringtone/KanpanData
    /Applications/Xcode.app/Contents/Developer/Toolchains/XcodeDefault.xctoolchain/usr/bin/lipo -create /Users/mdd/zhk/kanpan-ringtone/DerivedData-ringtone/Build/Intermediates.noindex/KanpanData.build/Debug-iphonesimulator/KanpanData.build/Objects-normal/arm64/Binary/KanpanData.o /Users/mdd/zhk/kanpan-ringtone/DerivedData-ringtone/Build/Intermediates.noindex/KanpanData.build/Debug-iphonesimulator/KanpanData.build/Objects-normal/x86_64/Binary/KanpanData.o -output /Users/mdd/zhk/kanpan-ringtone/DerivedData-ringtone/Build/Products/Debug-iphonesimulator/KanpanData.o

MkDir /Users/mdd/zhk/kanpan-ringtone/DerivedData-ringtone/Build/Intermediates.noindex/Kanpan.build/Debug-iphonesimulator/Kanpan.build/assetcatalog_output/unthinned (in target 'Kanpan' from project 'Kanpan')
    cd /Users/mdd/zhk/kanpan-ringtone/Kanpan
    /bin/mkdir -p /Users/mdd/zhk/kanpan-ringtone/DerivedData-ringtone/Build/Intermediates.noindex/Kanpan.build/Debug-iphonesimulator/Kanpan.build/assetcatalog_output/unthinned

MkDir /Users/mdd/zhk/kanpan-ringtone/DerivedData-ringtone/Build/Intermediates.noindex/Kanpan.build/Debug-iphonesimulator/Kanpan.build/assetcatalog_output/thinned (in target 'Kanpan' from project 'Kanpan')
    cd /Users/mdd/zhk/kanpan-ringtone/Kanpan
    /bin/mkdir -p /Users/mdd/zhk/kanpan-ringtone/DerivedData-ringtone/Build/Intermediates.noindex/Kanpan.build/Debug-iphonesimulator/Kanpan.build/assetcatalog_output/thinned

GenerateAssetSymbols /Users/mdd/zhk/kanpan-ringtone/Kanpan/Kanpan/Assets.xcassets (in target 'Kanpan' from project 'Kanpan')
    cd /Users/mdd/zhk/kanpan-ringtone/Kanpan
    /Applications/Xcode.app/Contents/Developer/usr/bin/actool /Users/mdd/zhk/kanpan-ringtone/Kanpan/Kanpan/Assets.xcassets --compile /Users/mdd/zhk/kanpan-ringtone/DerivedData-ringtone/Build/Products/Debug-iphonesimulator/Kanpan.app --output-format human-readable-text --notices --warnings --export-dependency-info /Users/mdd/zhk/kanpan-ringtone/DerivedData-ringtone/Build/Intermediates.noindex/Kanpan.build/Debug-iphonesimulator/Kanpan.build/assetcatalog_dependencies --output-partial-info-plist /Users/mdd/zhk/kanpan-ringtone/DerivedData-ringtone/Build/Intermediates.noindex/Kanpan.build/Debug-iphonesimulator/Kanpan.build/assetcatalog_generated_info.plist --app-icon AppIcon --accent-color AccentColor --compress-pngs --enable-on-demand-resources YES --development-region zh-Hans --target-device iphone --target-device ipad --minimum-deployment-target 26.0 --platform iphonesimulator --bundle-identifier com.mdd.kanpan --generate-swift-asset-symbol-extensions NO --generate-swift-asset-symbols /Users/mdd/zhk/kanpan-ringtone/DerivedData-ringtone/Build/Intermediates.noindex/Kanpan.build/Debug-iphonesimulator/Kanpan.build/DerivedSources/GeneratedAssetSymbols.swift --generate-objc-asset-symbols /Users/mdd/zhk/kanpan-ringtone/DerivedData-ringtone/Build/Intermediates.noindex/Kanpan.build/Debug-iphonesimulator/Kanpan.build/DerivedSources/GeneratedAssetSymbols.h --generate-asset-symbol-index /Users/mdd/zhk/kanpan-ringtone/DerivedData-ringtone/Build/Intermediates.noindex/Kanpan.build/Debug-iphonesimulator/Kanpan.build/DerivedSources/GeneratedAssetSymbols-Index.plist
/* com.apple.actool.compilation-results */
/Users/mdd/zhk/kanpan-ringtone/DerivedData-ringtone/Build/Intermediates.noindex/Kanpan.build/Debug-iphonesimulator/Kanpan.build/DerivedSources/GeneratedAssetSymbols-Index.plist
/Users/mdd/zhk/kanpan-ringtone/DerivedData-ringtone/Build/Intermediates.noindex/Kanpan.build/Debug-iphonesimulator/Kanpan.build/DerivedSources/GeneratedAssetSymbols.h
/Users/mdd/zhk/kanpan-ringtone/DerivedData-ringtone/Build/Intermediates.noindex/Kanpan.build/Debug-iphonesimulator/Kanpan.build/DerivedSources/GeneratedAssetSymbols.swift


CompileAssetCatalogVariant thinned /Users/mdd/zhk/kanpan-ringtone/DerivedData-ringtone/Build/Products/Debug-iphonesimulator/Kanpan.app /Users/mdd/zhk/kanpan-ringtone/Kanpan/Kanpan/Assets.xcassets (in target 'Kanpan' from project 'Kanpan')
    cd /Users/mdd/zhk/kanpan-ringtone/Kanpan
    /Applications/Xcode.app/Contents/Developer/usr/bin/actool /Users/mdd/zhk/kanpan-ringtone/Kanpan/Kanpan/Assets.xcassets --compile /Users/mdd/zhk/kanpan-ringtone/DerivedData-ringtone/Build/Intermediates.noindex/Kanpan.build/Debug-iphonesimulator/Kanpan.build/assetcatalog_output/thinned --output-format human-readable-text --notices --warnings --export-dependency-info /Users/mdd/zhk/kanpan-ringtone/DerivedData-ringtone/Build/Intermediates.noindex/Kanpan.build/Debug-iphonesimulator/Kanpan.build/assetcatalog_dependencies_thinned --output-partial-info-plist /Users/mdd/zhk/kanpan-ringtone/DerivedData-ringtone/Build/Intermediates.noindex/Kanpan.build/Debug-iphonesimulator/Kanpan.build/assetcatalog_generated_info.plist_thinned --app-icon AppIcon --accent-color AccentColor --compress-pngs --enable-on-demand-resources YES --development-region zh-Hans --target-device iphone --target-device ipad --minimum-deployment-target 26.0 --platform iphonesimulator
/* com.apple.actool.compilation-results */
/Users/mdd/zhk/kanpan-ringtone/DerivedData-ringtone/Build/Intermediates.noindex/Kanpan.build/Debug-iphonesimulator/Kanpan.build/assetcatalog_generated_info.plist_thinned
/Users/mdd/zhk/kanpan-ringtone/DerivedData-ringtone/Build/Intermediates.noindex/Kanpan.build/Debug-iphonesimulator/Kanpan.build/assetcatalog_output/thinned/AppIcon60x60@2x.png
/Users/mdd/zhk/kanpan-ringtone/DerivedData-ringtone/Build/Intermediates.noindex/Kanpan.build/Debug-iphonesimulator/Kanpan.build/assetcatalog_output/thinned/AppIcon76x76@2x~ipad.png
/Users/mdd/zhk/kanpan-ringtone/DerivedData-ringtone/Build/Intermediates.noindex/Kanpan.build/Debug-iphonesimulator/Kanpan.build/assetcatalog_output/thinned/Assets.car


ExtractAppIntentsMetadata (in target 'KanpanData' from project 'KanpanData')
    cd /Users/mdd/zhk/kanpan-ringtone/KanpanData
    /Applications/Xcode.app/Contents/Developer/Toolchains/XcodeDefault.xctoolchain/usr/bin/appintentsmetadataprocessor --toolchain-dir /Applications/Xcode.app/Contents/Developer/Toolchains/XcodeDefault.xctoolchain --module-name KanpanData --sdk-root /Applications/Xcode.app/Contents/Developer/Platforms/iPhoneSimulator.platform/Developer/SDKs/iPhoneSimulator26.5.sdk --xcode-version 17F113 --platform-family iOS --deployment-target 26.0 --bundle-identifier kanpandata.KanpanData --output /Users/mdd/zhk/kanpan-ringtone/DerivedData-ringtone/Build/Products/Debug-iphonesimulator/KanpanData.appintents --target-triple arm64-apple-ios26.0-simulator --target-triple x86_64-apple-ios26.0-simulator --binary-file /Users/mdd/zhk/kanpan-ringtone/DerivedData-ringtone/Build/Products/Debug-iphonesimulator/KanpanData.o --dependency-file /Users/mdd/zhk/kanpan-ringtone/DerivedData-ringtone/Build/Intermediates.noindex/KanpanData.build/Debug-iphonesimulator/KanpanData.build/Objects-normal/arm64/KanpanData_dependency_info.dat --dependency-file /Users/mdd/zhk/kanpan-ringtone/DerivedData-ringtone/Build/Intermediates.noindex/KanpanData.build/Debug-iphonesimulator/KanpanData.build/Objects-normal/x86_64/KanpanData_dependency_info.dat --stringsdata-file /Users/mdd/zhk/kanpan-ringtone/DerivedData-ringtone/Build/Intermediates.noindex/KanpanData.build/Debug-iphonesimulator/KanpanData.build/Objects-normal/arm64/ExtractedAppShortcutsMetadata.stringsdata --stringsdata-file /Users/mdd/zhk/kanpan-ringtone/DerivedData-ringtone/Build/Intermediates.noindex/KanpanData.build/Debug-iphonesimulator/KanpanData.build/Objects-normal/x86_64/ExtractedAppShortcutsMetadata.stringsdata --source-file-list /Users/mdd/zhk/kanpan-ringtone/DerivedData-ringtone/Build/Intermediates.noindex/KanpanData.build/Debug-iphonesimulator/KanpanData.build/Objects-normal/arm64/KanpanData.SwiftFileList --source-file-list /Users/mdd/zhk/kanpan-ringtone/DerivedData-ringtone/Build/Intermediates.noindex/KanpanData.build/Debug-iphonesimulator/KanpanData.build/Objects-normal/x86_64/KanpanData.SwiftFileList --metadata-file-list /Users/mdd/zhk/kanpan-ringtone/DerivedData-ringtone/Build/Intermediates.noindex/KanpanData.build/Debug-iphonesimulator/KanpanData.build/KanpanData.DependencyMetadataFileList --static-metadata-file-list /Users/mdd/zhk/kanpan-ringtone/DerivedData-ringtone/Build/Intermediates.noindex/KanpanData.build/Debug-iphonesimulator/KanpanData.build/KanpanData.DependencyStaticMetadataFileList --swift-const-vals-list /Users/mdd/zhk/kanpan-ringtone/DerivedData-ringtone/Build/Intermediates.noindex/KanpanData.build/Debug-iphonesimulator/KanpanData.build/Objects-normal/arm64/KanpanData.SwiftConstValuesFileList --swift-const-vals-list /Users/mdd/zhk/kanpan-ringtone/DerivedData-ringtone/Build/Intermediates.noindex/KanpanData.build/Debug-iphonesimulator/KanpanData.build/Objects-normal/x86_64/KanpanData.SwiftConstValuesFileList --force --compile-time-extraction --deployment-aware-processing --validate-assistant-intents --no-app-shortcuts-localization
2026-09-22 14:33:24.853 appintentsmetadataprocessor[64156:3915002] Starting appintentsmetadataprocessor export
2026-09-22 14:33:25.257 appintentsmetadataprocessor[64156:3915002] Extracted no relevant App Intents symbols, skipping writing output

RegisterExecutionPolicyException /Users/mdd/zhk/kanpan-ringtone/DerivedData-ringtone/Build/Products/Debug-iphonesimulator/KanpanChart.o (in target 'KanpanChart' from project 'KanpanChart')
    cd /Users/mdd/zhk/kanpan-ringtone/KanpanChart
    builtin-RegisterExecutionPolicyException /Users/mdd/zhk/kanpan-ringtone/DerivedData-ringtone/Build/Products/Debug-iphonesimulator/KanpanChart.o

SwiftDriver Kanpan normal arm64 com.apple.xcode.tools.swift.compiler (in target 'Kanpan' from project 'Kanpan')
    cd /Users/mdd/zhk/kanpan-ringtone/Kanpan
    builtin-SwiftDriver -- /Applications/Xcode.app/Contents/Developer/Toolchains/XcodeDefault.xctoolchain/usr/bin/swiftc -module-name Kanpan -Onone @/Users/mdd/zhk/kanpan-ringtone/DerivedData-ringtone/Build/Intermediates.noindex/Kanpan.build/Debug-iphonesimulator/Kanpan.build/Objects-normal/arm64/Kanpan.SwiftFileList -DDEBUG -enable-experimental-feature DebugDescriptionMacro -sdk /Applications/Xcode.app/Contents/Developer/Platforms/iPhoneSimulator.platform/Developer/SDKs/iPhoneSimulator26.5.sdk -target arm64-apple-ios26.0-simulator -g -module-cache-path /Users/mdd/zhk/kanpan-ringtone/DerivedData-ringtone/ModuleCache.noindex -Xfrontend -serialize-debugging-options -enable-testing -index-store-path /Users/mdd/zhk/kanpan-ringtone/DerivedData-ringtone/Index.noindex/DataStore -Xcc -D_LIBCPP_HARDENING_MODE\=_LIBCPP_HARDENING_MODE_DEBUG -swift-version 6 -I /Users/mdd/zhk/kanpan-ringtone/DerivedData-ringtone/Build/Products/Debug-iphonesimulator -F /Users/mdd/zhk/kanpan-ringtone/DerivedData-ringtone/Build/Products/Debug-iphonesimulator/PackageFrameworks -F /Users/mdd/zhk/kanpan-ringtone/DerivedData-ringtone/Build/Products/Debug-iphonesimulator/PackageFrameworks -F /Users/mdd/zhk/kanpan-ringtone/DerivedData-ringtone/Build/Products/Debug-iphonesimulator/PackageFrameworks -F /Users/mdd/zhk/kanpan-ringtone/DerivedData-ringtone/Build/Products/Debug-iphonesimulator/PackageFrameworks -F /Users/mdd/zhk/kanpan-ringtone/DerivedData-ringtone/Build/Products/Debug-iphonesimulator/PackageFrameworks -F /Users/mdd/zhk/kanpan-ringtone/DerivedData-ringtone/Build/Products/Debug-iphonesimulator/PackageFrameworks -F /Users/mdd/zhk/kanpan-ringtone/DerivedData-ringtone/Build/Products/Debug-iphonesimulator/PackageFrameworks -F /Users/mdd/zhk/kanpan-ringtone/DerivedData-ringtone/Build/Products/Debug-iphonesimulator/PackageFrameworks -F /Users/mdd/zhk/kanpan-ringtone/DerivedData-ringtone/Build/Products/Debug-iphonesimulator -emit-localized-strings -emit-localized-strings-path /Users/mdd/zhk/kanpan-ringtone/DerivedData-ringtone/Build/Intermediates.noindex/Kanpan.build/Debug-iphonesimulator/Kanpan.build/Objects-normal/arm64 -c -j10 -enable-batch-mode -incremental -Xcc -ivfsstatcache -Xcc /Users/mdd/zhk/kanpan-ringtone/DerivedData-ringtone/SDKStatCaches.noindex/iphonesimulator26.5-23F81a-6cfe768891a92b912361537c460fe42b.sdkstatcache -output-file-map /Users/mdd/zhk/kanpan-ringtone/DerivedData-ringtone/Build/Intermediates.noindex/Kanpan.build/Debug-iphonesimulator/Kanpan.build/Objects-normal/arm64/Kanpan-OutputFileMap.json -use-frontend-parseable-output -save-temps -no-color-diagnostics -explicit-module-build -module-cache-path /Users/mdd/zhk/kanpan-ringtone/DerivedData-ringtone/Build/Intermediates.noindex/SwiftExplicitPrecompiledModules -clang-scanner-module-cache-path /Users/mdd/zhk/kanpan-ringtone/DerivedData-ringtone/ModuleCache.noindex -sdk-module-cache-path /Users/mdd/zhk/kanpan-ringtone/DerivedData-ringtone/ModuleCache.noindex -serialize-diagnostics -emit-dependencies -emit-module -emit-module-path /Users/mdd/zhk/kanpan-ringtone/DerivedData-ringtone/Build/Intermediates.noindex/Kanpan.build/Debug-iphonesimulator/Kanpan.build/Objects-normal/arm64/Kanpan.swiftmodule -validate-clang-modules-once -clang-build-session-file /Users/mdd/zhk/kanpan-ringtone/DerivedData-ringtone/ModuleCache.noindex/Session.modulevalidation -Xcc -I/Users/mdd/zhk/kanpan-ringtone/DerivedData-ringtone/Build/Intermediates.noindex/Kanpan.build/Debug-iphonesimulator/Kanpan.build/swift-overrides.hmap -emit-const-values -Xfrontend -const-gather-protocols-file -Xfrontend /Users/mdd/zhk/kanpan-ringtone/DerivedData-ringtone/Build/Intermediates.noindex/Kanpan.build/Debug-iphonesimulator/Kanpan.build/Objects-normal/arm64/Kanpan_const_extract_protocols.json -Xcc -iquote -Xcc /Users/mdd/zhk/kanpan-ringtone/DerivedData-ringtone/Build/Intermediates.noindex/Kanpan.build/Debug-iphonesimulator/Kanpan.build/Kanpan-generated-files.hmap -Xcc -I/Users/mdd/zhk/kanpan-ringtone/DerivedData-ringtone/Build/Intermediates.noindex/Kanpan.build/Debug-iphonesimulator/Kanpan.build/Kanpan-own-target-headers.hmap -Xcc -I/Users/mdd/zhk/kanpan-ringtone/DerivedData-ringtone/Build/Intermediates.noindex/Kanpan.build/Debug-iphonesimulator/Kanpan.build/Kanpan-all-non-framework-target-headers.hmap -Xcc -ivfsoverlay -Xcc /Users/mdd/zhk/kanpan-ringtone/DerivedData-ringtone/Build/Intermediates.noindex/Kanpan.build/Debug-iphonesimulator/Kanpan-88f8e4f6458ff7f878983357411ed85c-VFS-iphonesimulator/all-product-headers.yaml -Xcc -iquote -Xcc /Users/mdd/zhk/kanpan-ringtone/DerivedData-ringtone/Build/Intermediates.noindex/Kanpan.build/Debug-iphonesimulator/Kanpan.build/Kanpan-project-headers.hmap -Xcc -I/Users/mdd/zhk/kanpan-ringtone/DerivedData-ringtone/Build/Products/Debug-iphonesimulator/include -Xcc -I/Users/mdd/zhk/kanpan-ringtone/DerivedData-ringtone/Build/Intermediates.noindex/Kanpan.build/Debug-iphonesimulator/Kanpan.build/DerivedSources-normal/arm64 -Xcc -I/Users/mdd/zhk/kanpan-ringtone/DerivedData-ringtone/Build/Intermediates.noindex/Kanpan.build/Debug-iphonesimulator/Kanpan.build/DerivedSources/arm64 -Xcc -I/Users/mdd/zhk/kanpan-ringtone/DerivedData-ringtone/Build/Intermediates.noindex/Kanpan.build/Debug-iphonesimulator/Kanpan.build/DerivedSources -emit-objc-header -emit-objc-header-path /Users/mdd/zhk/kanpan-ringtone/DerivedData-ringtone/Build/Intermediates.noindex/Kanpan.build/Debug-iphonesimulator/Kanpan.build/Objects-normal/arm64/Kanpan-Swift.h -working-directory /Users/mdd/zhk/kanpan-ringtone/Kanpan -experimental-emit-module-separately -disable-cmo

SwiftDriver Kanpan normal x86_64 com.apple.xcode.tools.swift.compiler (in target 'Kanpan' from project 'Kanpan')
    cd /Users/mdd/zhk/kanpan-ringtone/Kanpan
    builtin-SwiftDriver -- /Applications/Xcode.app/Contents/Developer/Toolchains/XcodeDefault.xctoolchain/usr/bin/swiftc -module-name Kanpan -Onone @/Users/mdd/zhk/kanpan-ringtone/DerivedData-ringtone/Build/Intermediates.noindex/Kanpan.build/Debug-iphonesimulator/Kanpan.build/Objects-normal/x86_64/Kanpan.SwiftFileList -DDEBUG -enable-experimental-feature DebugDescriptionMacro -sdk /Applications/Xcode.app/Contents/Developer/Platforms/iPhoneSimulator.platform/Developer/SDKs/iPhoneSimulator26.5.sdk -target x86_64-apple-ios26.0-simulator -g -module-cache-path /Users/mdd/zhk/kanpan-ringtone/DerivedData-ringtone/ModuleCache.noindex -Xfrontend -serialize-debugging-options -enable-testing -index-store-path /Users/mdd/zhk/kanpan-ringtone/DerivedData-ringtone/Index.noindex/DataStore -Xcc -D_LIBCPP_HARDENING_MODE\=_LIBCPP_HARDENING_MODE_DEBUG -swift-version 6 -I /Users/mdd/zhk/kanpan-ringtone/DerivedData-ringtone/Build/Products/Debug-iphonesimulator -F /Users/mdd/zhk/kanpan-ringtone/DerivedData-ringtone/Build/Products/Debug-iphonesimulator/PackageFrameworks -F /Users/mdd/zhk/kanpan-ringtone/DerivedData-ringtone/Build/Products/Debug-iphonesimulator/PackageFrameworks -F /Users/mdd/zhk/kanpan-ringtone/DerivedData-ringtone/Build/Products/Debug-iphonesimulator/PackageFrameworks -F /Users/mdd/zhk/kanpan-ringtone/DerivedData-ringtone/Build/Products/Debug-iphonesimulator/PackageFrameworks -F /Users/mdd/zhk/kanpan-ringtone/DerivedData-ringtone/Build/Products/Debug-iphonesimulator/PackageFrameworks -F /Users/mdd/zhk/kanpan-ringtone/DerivedData-ringtone/Build/Products/Debug-iphonesimulator/PackageFrameworks -F /Users/mdd/zhk/kanpan-ringtone/DerivedData-ringtone/Build/Products/Debug-iphonesimulator/PackageFrameworks -F /Users/mdd/zhk/kanpan-ringtone/DerivedData-ringtone/Build/Products/Debug-iphonesimulator/PackageFrameworks -F /Users/mdd/zhk/kanpan-ringtone/DerivedData-ringtone/Build/Products/Debug-iphonesimulator -emit-localized-strings -emit-localized-strings-path /Users/mdd/zhk/kanpan-ringtone/DerivedData-ringtone/Build/Intermediates.noindex/Kanpan.build/Debug-iphonesimulator/Kanpan.build/Objects-normal/x86_64 -c -j10 -enable-batch-mode -incremental -Xcc -ivfsstatcache -Xcc /Users/mdd/zhk/kanpan-ringtone/DerivedData-ringtone/SDKStatCaches.noindex/iphonesimulator26.5-23F81a-6cfe768891a92b912361537c460fe42b.sdkstatcache -output-file-map /Users/mdd/zhk/kanpan-ringtone/DerivedData-ringtone/Build/Intermediates.noindex/Kanpan.build/Debug-iphonesimulator/Kanpan.build/Objects-normal/x86_64/Kanpan-OutputFileMap.json -use-frontend-parseable-output -save-temps -no-color-diagnostics -explicit-module-build -module-cache-path /Users/mdd/zhk/kanpan-ringtone/DerivedData-ringtone/Build/Intermediates.noindex/SwiftExplicitPrecompiledModules -clang-scanner-module-cache-path /Users/mdd/zhk/kanpan-ringtone/DerivedData-ringtone/ModuleCache.noindex -sdk-module-cache-path /Users/mdd/zhk/kanpan-ringtone/DerivedData-ringtone/ModuleCache.noindex -serialize-diagnostics -emit-dependencies -emit-module -emit-module-path /Users/mdd/zhk/kanpan-ringtone/DerivedData-ringtone/Build/Intermediates.noindex/Kanpan.build/Debug-iphonesimulator/Kanpan.build/Objects-normal/x86_64/Kanpan.swiftmodule -validate-clang-modules-once -clang-build-session-file /Users/mdd/zhk/kanpan-ringtone/DerivedData-ringtone/ModuleCache.noindex/Session.modulevalidation -Xcc -I/Users/mdd/zhk/kanpan-ringtone/DerivedData-ringtone/Build/Intermediates.noindex/Kanpan.build/Debug-iphonesimulator/Kanpan.build/swift-overrides.hmap -emit-const-values -Xfrontend -const-gather-protocols-file -Xfrontend /Users/mdd/zhk/kanpan-ringtone/DerivedData-ringtone/Build/Intermediates.noindex/Kanpan.build/Debug-iphonesimulator/Kanpan.build/Objects-normal/x86_64/Kanpan_const_extract_protocols.json -Xcc -iquote -Xcc /Users/mdd/zhk/kanpan-ringtone/DerivedData-ringtone/Build/Intermediates.noindex/Kanpan.build/Debug-iphonesimulator/Kanpan.build/Kanpan-generated-files.hmap -Xcc -I/Users/mdd/zhk/kanpan-ringtone/DerivedData-ringtone/Build/Intermediates.noindex/Kanpan.build/Debug-iphonesimulator/Kanpan.build/Kanpan-own-target-headers.hmap -Xcc -I/Users/mdd/zhk/kanpan-ringtone/DerivedData-ringtone/Build/Intermediates.noindex/Kanpan.build/Debug-iphonesimulator/Kanpan.build/Kanpan-all-non-framework-target-headers.hmap -Xcc -ivfsoverlay -Xcc /Users/mdd/zhk/kanpan-ringtone/DerivedData-ringtone/Build/Intermediates.noindex/Kanpan.build/Debug-iphonesimulator/Kanpan-88f8e4f6458ff7f878983357411ed85c-VFS-iphonesimulator/all-product-headers.yaml -Xcc -iquote -Xcc /Users/mdd/zhk/kanpan-ringtone/DerivedData-ringtone/Build/Intermediates.noindex/Kanpan.build/Debug-iphonesimulator/Kanpan.build/Kanpan-project-headers.hmap -Xcc -I/Users/mdd/zhk/kanpan-ringtone/DerivedData-ringtone/Build/Products/Debug-iphonesimulator/include -Xcc -I/Users/mdd/zhk/kanpan-ringtone/DerivedData-ringtone/Build/Intermediates.noindex/Kanpan.build/Debug-iphonesimulator/Kanpan.build/DerivedSources-normal/x86_64 -Xcc -I/Users/mdd/zhk/kanpan-ringtone/DerivedData-ringtone/Build/Intermediates.noindex/Kanpan.build/Debug-iphonesimulator/Kanpan.build/DerivedSources/x86_64 -Xcc -I/Users/mdd/zhk/kanpan-ringtone/DerivedData-ringtone/Build/Intermediates.noindex/Kanpan.build/Debug-iphonesimulator/Kanpan.build/DerivedSources -emit-objc-header -emit-objc-header-path /Users/mdd/zhk/kanpan-ringtone/DerivedData-ringtone/Build/Intermediates.noindex/Kanpan.build/Debug-iphonesimulator/Kanpan.build/Objects-normal/x86_64/Kanpan-Swift.h -working-directory /Users/mdd/zhk/kanpan-ringtone/Kanpan -experimental-emit-module-separately -disable-cmo

SwiftEmitModule normal arm64 Emitting\ module\ for\ Kanpan (in target 'Kanpan' from project 'Kanpan')
EmitSwiftModule normal arm64 (in target 'Kanpan' from project 'Kanpan')
    cd /Users/mdd/zhk/kanpan-ringtone/Kanpan
    

SwiftEmitModule normal x86_64 Emitting\ module\ for\ Kanpan (in target 'Kanpan' from project 'Kanpan')
EmitSwiftModule normal x86_64 (in target 'Kanpan' from project 'Kanpan')
    cd /Users/mdd/zhk/kanpan-ringtone/Kanpan
    

SwiftCompile normal arm64 Compiling\ SettingsPanel.swift,\ SwipeToDelete.swift,\ ReviewChartBridge.swift,\ ReviewRangeOverlay.swift,\ SectorAllSheet.swift,\ SectorBubbleField.swift,\ SectorBubbleRenderer.swift,\ SectorDrillDecision.swift,\ SectorFeed.swift,\ SectorHistoryFeed.swift,\ SectorIcon.swift,\ SectorLayout.swift /Users/mdd/zhk/kanpan-ringtone/Kanpan/Kanpan/Panels/SettingsPanel.swift /Users/mdd/zhk/kanpan-ringtone/Kanpan/Kanpan/Panels/SwipeToDelete.swift /Users/mdd/zhk/kanpan-ringtone/Kanpan/Kanpan/ReviewIntegration/ReviewChartBridge.swift /Users/mdd/zhk/kanpan-ringtone/Kanpan/Kanpan/ReviewIntegration/ReviewRangeOverlay.swift /Users/mdd/zhk/kanpan-ringtone/Kanpan/Kanpan/Sector/SectorAllSheet.swift /Users/mdd/zhk/kanpan-ringtone/Kanpan/Kanpan/Sector/SectorBubbleField.swift /Users/mdd/zhk/kanpan-ringtone/Kanpan/Kanpan/Sector/SectorBubbleRenderer.swift /Users/mdd/zhk/kanpan-ringtone/Kanpan/Kanpan/Sector/SectorDrillDecision.swift /Users/mdd/zhk/kanpan-ringtone/Kanpan/Kanpan/Sector/SectorFeed.swift /Users/mdd/zhk/kanpan-ringtone/Kanpan/Kanpan/Sector/SectorHistoryFeed.swift /Users/mdd/zhk/kanpan-ringtone/Kanpan/Kanpan/Sector/SectorIcon.swift /Users/mdd/zhk/kanpan-ringtone/Kanpan/Kanpan/Sector/SectorLayout.swift (in target 'Kanpan' from project 'Kanpan')
SwiftCompile normal arm64 /Users/mdd/zhk/kanpan-ringtone/Kanpan/Kanpan/Panels/SettingsPanel.swift (in target 'Kanpan' from project 'Kanpan')
    cd /Users/mdd/zhk/kanpan-ringtone/Kanpan
    

SwiftCompile normal arm64 /Users/mdd/zhk/kanpan-ringtone/Kanpan/Kanpan/Panels/SwipeToDelete.swift (in target 'Kanpan' from project 'Kanpan')
    cd /Users/mdd/zhk/kanpan-ringtone/Kanpan
    

SwiftCompile normal arm64 /Users/mdd/zhk/kanpan-ringtone/Kanpan/Kanpan/ReviewIntegration/ReviewChartBridge.swift (in target 'Kanpan' from project 'Kanpan')
    cd /Users/mdd/zhk/kanpan-ringtone/Kanpan
    

SwiftCompile normal arm64 /Users/mdd/zhk/kanpan-ringtone/Kanpan/Kanpan/ReviewIntegration/ReviewRangeOverlay.swift (in target 'Kanpan' from project 'Kanpan')
    cd /Users/mdd/zhk/kanpan-ringtone/Kanpan
    

SwiftCompile normal arm64 /Users/mdd/zhk/kanpan-ringtone/Kanpan/Kanpan/Sector/SectorAllSheet.swift (in target 'Kanpan' from project 'Kanpan')
    cd /Users/mdd/zhk/kanpan-ringtone/Kanpan
    

SwiftCompile normal arm64 /Users/mdd/zhk/kanpan-ringtone/Kanpan/Kanpan/Sector/SectorBubbleField.swift (in target 'Kanpan' from project 'Kanpan')
    cd /Users/mdd/zhk/kanpan-ringtone/Kanpan
    

SwiftCompile normal arm64 /Users/mdd/zhk/kanpan-ringtone/Kanpan/Kanpan/Sector/SectorBubbleRenderer.swift (in target 'Kanpan' from project 'Kanpan')
    cd /Users/mdd/zhk/kanpan-ringtone/Kanpan
    

SwiftCompile normal arm64 /Users/mdd/zhk/kanpan-ringtone/Kanpan/Kanpan/Sector/SectorDrillDecision.swift (in target 'Kanpan' from project 'Kanpan')
    cd /Users/mdd/zhk/kanpan-ringtone/Kanpan
    

SwiftCompile normal arm64 /Users/mdd/zhk/kanpan-ringtone/Kanpan/Kanpan/Sector/SectorFeed.swift (in target 'Kanpan' from project 'Kanpan')
    cd /Users/mdd/zhk/kanpan-ringtone/Kanpan
    

SwiftCompile normal arm64 /Users/mdd/zhk/kanpan-ringtone/Kanpan/Kanpan/Sector/SectorHistoryFeed.swift (in target 'Kanpan' from project 'Kanpan')
    cd /Users/mdd/zhk/kanpan-ringtone/Kanpan
    

SwiftCompile normal arm64 /Users/mdd/zhk/kanpan-ringtone/Kanpan/Kanpan/Sector/SectorIcon.swift (in target 'Kanpan' from project 'Kanpan')
    cd /Users/mdd/zhk/kanpan-ringtone/Kanpan
    

SwiftCompile normal arm64 /Users/mdd/zhk/kanpan-ringtone/Kanpan/Kanpan/Sector/SectorLayout.swift (in target 'Kanpan' from project 'Kanpan')
    cd /Users/mdd/zhk/kanpan-ringtone/Kanpan
    

SwiftDriverJobDiscovery normal arm64 Emitting module for Kanpan (in target 'Kanpan' from project 'Kanpan')

SwiftDriver\ Compilation\ Requirements Kanpan normal arm64 com.apple.xcode.tools.swift.compiler (in target 'Kanpan' from project 'Kanpan')
    cd /Users/mdd/zhk/kanpan-ringtone/Kanpan
    builtin-Swift-Compilation-Requirements -- /Applications/Xcode.app/Contents/Developer/Toolchains/XcodeDefault.xctoolchain/usr/bin/swiftc -module-name Kanpan -Onone @/Users/mdd/zhk/kanpan-ringtone/DerivedData-ringtone/Build/Intermediates.noindex/Kanpan.build/Debug-iphonesimulator/Kanpan.build/Objects-normal/arm64/Kanpan.SwiftFileList -DDEBUG -enable-experimental-feature DebugDescriptionMacro -sdk /Applications/Xcode.app/Contents/Developer/Platforms/iPhoneSimulator.platform/Developer/SDKs/iPhoneSimulator26.5.sdk -target arm64-apple-ios26.0-simulator -g -module-cache-path /Users/mdd/zhk/kanpan-ringtone/DerivedData-ringtone/ModuleCache.noindex -Xfrontend -serialize-debugging-options -enable-testing -index-store-path /Users/mdd/zhk/kanpan-ringtone/DerivedData-ringtone/Index.noindex/DataStore -Xcc -D_LIBCPP_HARDENING_MODE\=_LIBCPP_HARDENING_MODE_DEBUG -swift-version 6 -I /Users/mdd/zhk/kanpan-ringtone/DerivedData-ringtone/Build/Products/Debug-iphonesimulator -F /Users/mdd/zhk/kanpan-ringtone/DerivedData-ringtone/Build/Products/Debug-iphonesimulator/PackageFrameworks -F /Users/mdd/zhk/kanpan-ringtone/DerivedData-ringtone/Build/Products/Debug-iphonesimulator/PackageFrameworks -F /Users/mdd/zhk/kanpan-ringtone/DerivedData-ringtone/Build/Products/Debug-iphonesimulator/PackageFrameworks -F /Users/mdd/zhk/kanpan-ringtone/DerivedData-ringtone/Build/Products/Debug-iphonesimulator/PackageFrameworks -F /Users/mdd/zhk/kanpan-ringtone/DerivedData-ringtone/Build/Products/Debug-iphonesimulator/PackageFrameworks -F /Users/mdd/zhk/kanpan-ringtone/DerivedData-ringtone/Build/Products/Debug-iphonesimulator/PackageFrameworks -F /Users/mdd/zhk/kanpan-ringtone/DerivedData-ringtone/Build/Products/Debug-iphonesimulator/PackageFrameworks -F /Users/mdd/zhk/kanpan-ringtone/DerivedData-ringtone/Build/Products/Debug-iphonesimulator/PackageFrameworks -F /Users/mdd/zhk/kanpan-ringtone/DerivedData-ringtone/Build/Products/Debug-iphonesimulator -emit-localized-strings -emit-localized-strings-path /Users/mdd/zhk/kanpan-ringtone/DerivedData-ringtone/Build/Intermediates.noindex/Kanpan.build/Debug-iphonesimulator/Kanpan.build/Objects-normal/arm64 -c -j10 -enable-batch-mode -incremental -Xcc -ivfsstatcache -Xcc /Users/mdd/zhk/kanpan-ringtone/DerivedData-ringtone/SDKStatCaches.noindex/iphonesimulator26.5-23F81a-6cfe768891a92b912361537c460fe42b.sdkstatcache -output-file-map /Users/mdd/zhk/kanpan-ringtone/DerivedData-ringtone/Build/Intermediates.noindex/Kanpan.build/Debug-iphonesimulator/Kanpan.build/Objects-normal/arm64/Kanpan-OutputFileMap.json -use-frontend-parseable-output -save-temps -no-color-diagnostics -explicit-module-build -module-cache-path /Users/mdd/zhk/kanpan-ringtone/DerivedData-ringtone/Build/Intermediates.noindex/SwiftExplicitPrecompiledModules -clang-scanner-module-cache-path /Users/mdd/zhk/kanpan-ringtone/DerivedData-ringtone/ModuleCache.noindex -sdk-module-cache-path /Users/mdd/zhk/kanpan-ringtone/DerivedData-ringtone/ModuleCache.noindex -serialize-diagnostics -emit-dependencies -emit-module -emit-module-path /Users/mdd/zhk/kanpan-ringtone/DerivedData-ringtone/Build/Intermediates.noindex/Kanpan.build/Debug-iphonesimulator/Kanpan.build/Objects-normal/arm64/Kanpan.swiftmodule -validate-clang-modules-once -clang-build-session-file /Users/mdd/zhk/kanpan-ringtone/DerivedData-ringtone/ModuleCache.noindex/Session.modulevalidation -Xcc -I/Users/mdd/zhk/kanpan-ringtone/DerivedData-ringtone/Build/Intermediates.noindex/Kanpan.build/Debug-iphonesimulator/Kanpan.build/swift-overrides.hmap -emit-const-values -Xfrontend -const-gather-protocols-file -Xfrontend /Users/mdd/zhk/kanpan-ringtone/DerivedData-ringtone/Build/Intermediates.noindex/Kanpan.build/Debug-iphonesimulator/Kanpan.build/Objects-normal/arm64/Kanpan_const_extract_protocols.json -Xcc -iquote -Xcc /Users/mdd/zhk/kanpan-ringtone/DerivedData-ringtone/Build/Intermediates.noindex/Kanpan.build/Debug-iphonesimulator/Kanpan.build/Kanpan-generated-files.hmap -Xcc -I/Users/mdd/zhk/kanpan-ringtone/DerivedData-ringtone/Build/Intermediates.noindex/Kanpan.build/Debug-iphonesimulator/Kanpan.build/Kanpan-own-target-headers.hmap -Xcc -I/Users/mdd/zhk/kanpan-ringtone/DerivedData-ringtone/Build/Intermediates.noindex/Kanpan.build/Debug-iphonesimulator/Kanpan.build/Kanpan-all-non-framework-target-headers.hmap -Xcc -ivfsoverlay -Xcc /Users/mdd/zhk/kanpan-ringtone/DerivedData-ringtone/Build/Intermediates.noindex/Kanpan.build/Debug-iphonesimulator/Kanpan-88f8e4f6458ff7f878983357411ed85c-VFS-iphonesimulator/all-product-headers.yaml -Xcc -iquote -Xcc /Users/mdd/zhk/kanpan-ringtone/DerivedData-ringtone/Build/Intermediates.noindex/Kanpan.build/Debug-iphonesimulator/Kanpan.build/Kanpan-project-headers.hmap -Xcc -I/Users/mdd/zhk/kanpan-ringtone/DerivedData-ringtone/Build/Products/Debug-iphonesimulator/include -Xcc -I/Users/mdd/zhk/kanpan-ringtone/DerivedData-ringtone/Build/Intermediates.noindex/Kanpan.build/Debug-iphonesimulator/Kanpan.build/DerivedSources-normal/arm64 -Xcc -I/Users/mdd/zhk/kanpan-ringtone/DerivedData-ringtone/Build/Intermediates.noindex/Kanpan.build/Debug-iphonesimulator/Kanpan.build/DerivedSources/arm64 -Xcc -I/Users/mdd/zhk/kanpan-ringtone/DerivedData-ringtone/Build/Intermediates.noindex/Kanpan.build/Debug-iphonesimulator/Kanpan.build/DerivedSources -emit-objc-header -emit-objc-header-path /Users/mdd/zhk/kanpan-ringtone/DerivedData-ringtone/Build/Intermediates.noindex/Kanpan.build/Debug-iphonesimulator/Kanpan.build/Objects-normal/arm64/Kanpan-Swift.h -working-directory /Users/mdd/zhk/kanpan-ringtone/Kanpan -experimental-emit-module-separately -disable-cmo

SwiftDriverJobDiscovery normal x86_64 Emitting module for Kanpan (in target 'Kanpan' from project 'Kanpan')

SwiftDriver\ Compilation\ Requirements Kanpan normal x86_64 com.apple.xcode.tools.swift.compiler (in target 'Kanpan' from project 'Kanpan')
    cd /Users/mdd/zhk/kanpan-ringtone/Kanpan
    builtin-Swift-Compilation-Requirements -- /Applications/Xcode.app/Contents/Developer/Toolchains/XcodeDefault.xctoolchain/usr/bin/swiftc -module-name Kanpan -Onone @/Users/mdd/zhk/kanpan-ringtone/DerivedData-ringtone/Build/Intermediates.noindex/Kanpan.build/Debug-iphonesimulator/Kanpan.build/Objects-normal/x86_64/Kanpan.SwiftFileList -DDEBUG -enable-experimental-feature DebugDescriptionMacro -sdk /Applications/Xcode.app/Contents/Developer/Platforms/iPhoneSimulator.platform/Developer/SDKs/iPhoneSimulator26.5.sdk -target x86_64-apple-ios26.0-simulator -g -module-cache-path /Users/mdd/zhk/kanpan-ringtone/DerivedData-ringtone/ModuleCache.noindex -Xfrontend -serialize-debugging-options -enable-testing -index-store-path /Users/mdd/zhk/kanpan-ringtone/DerivedData-ringtone/Index.noindex/DataStore -Xcc -D_LIBCPP_HARDENING_MODE\=_LIBCPP_HARDENING_MODE_DEBUG -swift-version 6 -I /Users/mdd/zhk/kanpan-ringtone/DerivedData-ringtone/Build/Products/Debug-iphonesimulator -F /Users/mdd/zhk/kanpan-ringtone/DerivedData-ringtone/Build/Products/Debug-iphonesimulator/PackageFrameworks -F /Users/mdd/zhk/kanpan-ringtone/DerivedData-ringtone/Build/Products/Debug-iphonesimulator/PackageFrameworks -F /Users/mdd/zhk/kanpan-ringtone/DerivedData-ringtone/Build/Products/Debug-iphonesimulator/PackageFrameworks -F /Users/mdd/zhk/kanpan-ringtone/DerivedData-ringtone/Build/Products/Debug-iphonesimulator/PackageFrameworks -F /Users/mdd/zhk/kanpan-ringtone/DerivedData-ringtone/Build/Products/Debug-iphonesimulator/PackageFrameworks -F /Users/mdd/zhk/kanpan-ringtone/DerivedData-ringtone/Build/Products/Debug-iphonesimulator/PackageFrameworks -F /Users/mdd/zhk/kanpan-ringtone/DerivedData-ringtone/Build/Products/Debug-iphonesimulator/PackageFrameworks -F /Users/mdd/zhk/kanpan-ringtone/DerivedData-ringtone/Build/Products/Debug-iphonesimulator/PackageFrameworks -F /Users/mdd/zhk/kanpan-ringtone/DerivedData-ringtone/Build/Products/Debug-iphonesimulator -emit-localized-strings -emit-localized-strings-path /Users/mdd/zhk/kanpan-ringtone/DerivedData-ringtone/Build/Intermediates.noindex/Kanpan.build/Debug-iphonesimulator/Kanpan.build/Objects-normal/x86_64 -c -j10 -enable-batch-mode -incremental -Xcc -ivfsstatcache -Xcc /Users/mdd/zhk/kanpan-ringtone/DerivedData-ringtone/SDKStatCaches.noindex/iphonesimulator26.5-23F81a-6cfe768891a92b912361537c460fe42b.sdkstatcache -output-file-map /Users/mdd/zhk/kanpan-ringtone/DerivedData-ringtone/Build/Intermediates.noindex/Kanpan.build/Debug-iphonesimulator/Kanpan.build/Objects-normal/x86_64/Kanpan-OutputFileMap.json -use-frontend-parseable-output -save-temps -no-color-diagnostics -explicit-module-build -module-cache-path /Users/mdd/zhk/kanpan-ringtone/DerivedData-ringtone/Build/Intermediates.noindex/SwiftExplicitPrecompiledModules -clang-scanner-module-cache-path /Users/mdd/zhk/kanpan-ringtone/DerivedData-ringtone/ModuleCache.noindex -sdk-module-cache-path /Users/mdd/zhk/kanpan-ringtone/DerivedData-ringtone/ModuleCache.noindex -serialize-diagnostics -emit-dependencies -emit-module -emit-module-path /Users/mdd/zhk/kanpan-ringtone/DerivedData-ringtone/Build/Intermediates.noindex/Kanpan.build/Debug-iphonesimulator/Kanpan.build/Objects-normal/x86_64/Kanpan.swiftmodule -validate-clang-modules-once -clang-build-session-file /Users/mdd/zhk/kanpan-ringtone/DerivedData-ringtone/ModuleCache.noindex/Session.modulevalidation -Xcc -I/Users/mdd/zhk/kanpan-ringtone/DerivedData-ringtone/Build/Intermediates.noindex/Kanpan.build/Debug-iphonesimulator/Kanpan.build/swift-overrides.hmap -emit-const-values -Xfrontend -const-gather-protocols-file -Xfrontend /Users/mdd/zhk/kanpan-ringtone/DerivedData-ringtone/Build/Intermediates.noindex/Kanpan.build/Debug-iphonesimulator/Kanpan.build/Objects-normal/x86_64/Kanpan_const_extract_protocols.json -Xcc -iquote -Xcc /Users/mdd/zhk/kanpan-ringtone/DerivedData-ringtone/Build/Intermediates.noindex/Kanpan.build/Debug-iphonesimulator/Kanpan.build/Kanpan-generated-files.hmap -Xcc -I/Users/mdd/zhk/kanpan-ringtone/DerivedData-ringtone/Build/Intermediates.noindex/Kanpan.build/Debug-iphonesimulator/Kanpan.build/Kanpan-own-target-headers.hmap -Xcc -I/Users/mdd/zhk/kanpan-ringtone/DerivedData-ringtone/Build/Intermediates.noindex/Kanpan.build/Debug-iphonesimulator/Kanpan.build/Kanpan-all-non-framework-target-headers.hmap -Xcc -ivfsoverlay -Xcc /Users/mdd/zhk/kanpan-ringtone/DerivedData-ringtone/Build/Intermediates.noindex/Kanpan.build/Debug-iphonesimulator/Kanpan-88f8e4f6458ff7f878983357411ed85c-VFS-iphonesimulator/all-product-headers.yaml -Xcc -iquote -Xcc /Users/mdd/zhk/kanpan-ringtone/DerivedData-ringtone/Build/Intermediates.noindex/Kanpan.build/Debug-iphonesimulator/Kanpan.build/Kanpan-project-headers.hmap -Xcc -I/Users/mdd/zhk/kanpan-ringtone/DerivedData-ringtone/Build/Products/Debug-iphonesimulator/include -Xcc -I/Users/mdd/zhk/kanpan-ringtone/DerivedData-ringtone/Build/Intermediates.noindex/Kanpan.build/Debug-iphonesimulator/Kanpan.build/DerivedSources-normal/x86_64 -Xcc -I/Users/mdd/zhk/kanpan-ringtone/DerivedData-ringtone/Build/Intermediates.noindex/Kanpan.build/Debug-iphonesimulator/Kanpan.build/DerivedSources/x86_64 -Xcc -I/Users/mdd/zhk/kanpan-ringtone/DerivedData-ringtone/Build/Intermediates.noindex/Kanpan.build/Debug-iphonesimulator/Kanpan.build/DerivedSources -emit-objc-header -emit-objc-header-path /Users/mdd/zhk/kanpan-ringtone/DerivedData-ringtone/Build/Intermediates.noindex/Kanpan.build/Debug-iphonesimulator/Kanpan.build/Objects-normal/x86_64/Kanpan-Swift.h -working-directory /Users/mdd/zhk/kanpan-ringtone/Kanpan -experimental-emit-module-separately -disable-cmo

Copy /Users/mdd/zhk/kanpan-ringtone/DerivedData-ringtone/Build/Products/Debug-iphonesimulator/Kanpan.swiftmodule/arm64-apple-ios-simulator.swiftmodule /Users/mdd/zhk/kanpan-ringtone/DerivedData-ringtone/Build/Intermediates.noindex/Kanpan.build/Debug-iphonesimulator/Kanpan.build/Objects-normal/arm64/Kanpan.swiftmodule (in target 'Kanpan' from project 'Kanpan')
    cd /Users/mdd/zhk/kanpan-ringtone/Kanpan
    builtin-copy -exclude .DS_Store -exclude CVS -exclude .svn -exclude .git -exclude .hg -strip-unsigned-binaries -strip-deterministic -strip-tool /Applications/Xcode.app/Contents/Developer/Toolchains/XcodeDefault.xctoolchain/usr/bin/strip -resolve-src-symlinks -rename /Users/mdd/zhk/kanpan-ringtone/DerivedData-ringtone/Build/Intermediates.noindex/Kanpan.build/Debug-iphonesimulator/Kanpan.build/Objects-normal/arm64/Kanpan.swiftmodule /Users/mdd/zhk/kanpan-ringtone/DerivedData-ringtone/Build/Products/Debug-iphonesimulator/Kanpan.swiftmodule/arm64-apple-ios-simulator.swiftmodule

SwiftMergeGeneratedHeaders /Users/mdd/zhk/kanpan-ringtone/DerivedData-ringtone/Build/Intermediates.noindex/Kanpan.build/Debug-iphonesimulator/Kanpan.build/DerivedSources/Kanpan-Swift.h /Users/mdd/zhk/kanpan-ringtone/DerivedData-ringtone/Build/Intermediates.noindex/Kanpan.build/Debug-iphonesimulator/Kanpan.build/Objects-normal/arm64/Kanpan-Swift.h /Users/mdd/zhk/kanpan-ringtone/DerivedData-ringtone/Build/Intermediates.noindex/Kanpan.build/Debug-iphonesimulator/Kanpan.build/Objects-normal/x86_64/Kanpan-Swift.h (in target 'Kanpan' from project 'Kanpan')
    cd /Users/mdd/zhk/kanpan-ringtone/Kanpan
    builtin-swiftHeaderTool -arch arm64 /Users/mdd/zhk/kanpan-ringtone/DerivedData-ringtone/Build/Intermediates.noindex/Kanpan.build/Debug-iphonesimulator/Kanpan.build/Objects-normal/arm64/Kanpan-Swift.h -arch x86_64 /Users/mdd/zhk/kanpan-ringtone/DerivedData-ringtone/Build/Intermediates.noindex/Kanpan.build/Debug-iphonesimulator/Kanpan.build/Objects-normal/x86_64/Kanpan-Swift.h -o /Users/mdd/zhk/kanpan-ringtone/DerivedData-ringtone/Build/Intermediates.noindex/Kanpan.build/Debug-iphonesimulator/Kanpan.build/DerivedSources/Kanpan-Swift.h

Copy /Users/mdd/zhk/kanpan-ringtone/DerivedData-ringtone/Build/Products/Debug-iphonesimulator/Kanpan.swiftmodule/x86_64-apple-ios-simulator.swiftmodule /Users/mdd/zhk/kanpan-ringtone/DerivedData-ringtone/Build/Intermediates.noindex/Kanpan.build/Debug-iphonesimulator/Kanpan.build/Objects-normal/x86_64/Kanpan.swiftmodule (in target 'Kanpan' from project 'Kanpan')
    cd /Users/mdd/zhk/kanpan-ringtone/Kanpan
    builtin-copy -exclude .DS_Store -exclude CVS -exclude .svn -exclude .git -exclude .hg -strip-unsigned-binaries -strip-deterministic -strip-tool /Applications/Xcode.app/Contents/Developer/Toolchains/XcodeDefault.xctoolchain/usr/bin/strip -resolve-src-symlinks -rename /Users/mdd/zhk/kanpan-ringtone/DerivedData-ringtone/Build/Intermediates.noindex/Kanpan.build/Debug-iphonesimulator/Kanpan.build/Objects-normal/x86_64/Kanpan.swiftmodule /Users/mdd/zhk/kanpan-ringtone/DerivedData-ringtone/Build/Products/Debug-iphonesimulator/Kanpan.swiftmodule/x86_64-apple-ios-simulator.swiftmodule

Copy /Users/mdd/zhk/kanpan-ringtone/DerivedData-ringtone/Build/Products/Debug-iphonesimulator/Kanpan.swiftmodule/x86_64-apple-ios-simulator.swiftdoc /Users/mdd/zhk/kanpan-ringtone/DerivedData-ringtone/Build/Intermediates.noindex/Kanpan.build/Debug-iphonesimulator/Kanpan.build/Objects-normal/x86_64/Kanpan.swiftdoc (in target 'Kanpan' from project 'Kanpan')
    cd /Users/mdd/zhk/kanpan-ringtone/Kanpan
    builtin-copy -exclude .DS_Store -exclude CVS -exclude .svn -exclude .git -exclude .hg -strip-unsigned-binaries -strip-deterministic -strip-tool /Applications/Xcode.app/Contents/Developer/Toolchains/XcodeDefault.xctoolchain/usr/bin/strip -resolve-src-symlinks -rename /Users/mdd/zhk/kanpan-ringtone/DerivedData-ringtone/Build/Intermediates.noindex/Kanpan.build/Debug-iphonesimulator/Kanpan.build/Objects-normal/x86_64/Kanpan.swiftdoc /Users/mdd/zhk/kanpan-ringtone/DerivedData-ringtone/Build/Products/Debug-iphonesimulator/Kanpan.swiftmodule/x86_64-apple-ios-simulator.swiftdoc

Copy /Users/mdd/zhk/kanpan-ringtone/DerivedData-ringtone/Build/Products/Debug-iphonesimulator/Kanpan.swiftmodule/x86_64-apple-ios-simulator.abi.json /Users/mdd/zhk/kanpan-ringtone/DerivedData-ringtone/Build/Intermediates.noindex/Kanpan.build/Debug-iphonesimulator/Kanpan.build/Objects-normal/x86_64/Kanpan.abi.json (in target 'Kanpan' from project 'Kanpan')
    cd /Users/mdd/zhk/kanpan-ringtone/Kanpan
    builtin-copy -exclude .DS_Store -exclude CVS -exclude .svn -exclude .git -exclude .hg -strip-unsigned-binaries -strip-deterministic -strip-tool /Applications/Xcode.app/Contents/Developer/Toolchains/XcodeDefault.xctoolchain/usr/bin/strip -resolve-src-symlinks -rename /Users/mdd/zhk/kanpan-ringtone/DerivedData-ringtone/Build/Intermediates.noindex/Kanpan.build/Debug-iphonesimulator/Kanpan.build/Objects-normal/x86_64/Kanpan.abi.json /Users/mdd/zhk/kanpan-ringtone/DerivedData-ringtone/Build/Products/Debug-iphonesimulator/Kanpan.swiftmodule/x86_64-apple-ios-simulator.abi.json

Copy /Users/mdd/zhk/kanpan-ringtone/DerivedData-ringtone/Build/Products/Debug-iphonesimulator/Kanpan.swiftmodule/arm64-apple-ios-simulator.swiftdoc /Users/mdd/zhk/kanpan-ringtone/DerivedData-ringtone/Build/Intermediates.noindex/Kanpan.build/Debug-iphonesimulator/Kanpan.build/Objects-normal/arm64/Kanpan.swiftdoc (in target 'Kanpan' from project 'Kanpan')
    cd /Users/mdd/zhk/kanpan-ringtone/Kanpan
    builtin-copy -exclude .DS_Store -exclude CVS -exclude .svn -exclude .git -exclude .hg -strip-unsigned-binaries -strip-deterministic -strip-tool /Applications/Xcode.app/Contents/Developer/Toolchains/XcodeDefault.xctoolchain/usr/bin/strip -resolve-src-symlinks -rename /Users/mdd/zhk/kanpan-ringtone/DerivedData-ringtone/Build/Intermediates.noindex/Kanpan.build/Debug-iphonesimulator/Kanpan.build/Objects-normal/arm64/Kanpan.swiftdoc /Users/mdd/zhk/kanpan-ringtone/DerivedData-ringtone/Build/Products/Debug-iphonesimulator/Kanpan.swiftmodule/arm64-apple-ios-simulator.swiftdoc

Copy /Users/mdd/zhk/kanpan-ringtone/DerivedData-ringtone/Build/Products/Debug-iphonesimulator/Kanpan.swiftmodule/arm64-apple-ios-simulator.abi.json /Users/mdd/zhk/kanpan-ringtone/DerivedData-ringtone/Build/Intermediates.noindex/Kanpan.build/Debug-iphonesimulator/Kanpan.build/Objects-normal/arm64/Kanpan.abi.json (in target 'Kanpan' from project 'Kanpan')
    cd /Users/mdd/zhk/kanpan-ringtone/Kanpan
    builtin-copy -exclude .DS_Store -exclude CVS -exclude .svn -exclude .git -exclude .hg -strip-unsigned-binaries -strip-deterministic -strip-tool /Applications/Xcode.app/Contents/Developer/Toolchains/XcodeDefault.xctoolchain/usr/bin/strip -resolve-src-symlinks -rename /Users/mdd/zhk/kanpan-ringtone/DerivedData-ringtone/Build/Intermediates.noindex/Kanpan.build/Debug-iphonesimulator/Kanpan.build/Objects-normal/arm64/Kanpan.abi.json /Users/mdd/zhk/kanpan-ringtone/DerivedData-ringtone/Build/Products/Debug-iphonesimulator/Kanpan.swiftmodule/arm64-apple-ios-simulator.abi.json

Copy /Users/mdd/zhk/kanpan-ringtone/DerivedData-ringtone/Build/Products/Debug-iphonesimulator/Kanpan.swiftmodule/Project/x86_64-apple-ios-simulator.swiftsourceinfo /Users/mdd/zhk/kanpan-ringtone/DerivedData-ringtone/Build/Intermediates.noindex/Kanpan.build/Debug-iphonesimulator/Kanpan.build/Objects-normal/x86_64/Kanpan.swiftsourceinfo (in target 'Kanpan' from project 'Kanpan')
    cd /Users/mdd/zhk/kanpan-ringtone/Kanpan
    builtin-copy -exclude .DS_Store -exclude CVS -exclude .svn -exclude .git -exclude .hg -strip-unsigned-binaries -strip-deterministic -strip-tool /Applications/Xcode.app/Contents/Developer/Toolchains/XcodeDefault.xctoolchain/usr/bin/strip -resolve-src-symlinks -rename /Users/mdd/zhk/kanpan-ringtone/DerivedData-ringtone/Build/Intermediates.noindex/Kanpan.build/Debug-iphonesimulator/Kanpan.build/Objects-normal/x86_64/Kanpan.swiftsourceinfo /Users/mdd/zhk/kanpan-ringtone/DerivedData-ringtone/Build/Products/Debug-iphonesimulator/Kanpan.swiftmodule/Project/x86_64-apple-ios-simulator.swiftsourceinfo

Copy /Users/mdd/zhk/kanpan-ringtone/DerivedData-ringtone/Build/Products/Debug-iphonesimulator/Kanpan.swiftmodule/Project/arm64-apple-ios-simulator.swiftsourceinfo /Users/mdd/zhk/kanpan-ringtone/DerivedData-ringtone/Build/Intermediates.noindex/Kanpan.build/Debug-iphonesimulator/Kanpan.build/Objects-normal/arm64/Kanpan.swiftsourceinfo (in target 'Kanpan' from project 'Kanpan')
    cd /Users/mdd/zhk/kanpan-ringtone/Kanpan
    builtin-copy -exclude .DS_Store -exclude CVS -exclude .svn -exclude .git -exclude .hg -strip-unsigned-binaries -strip-deterministic -strip-tool /Applications/Xcode.app/Contents/Developer/Toolchains/XcodeDefault.xctoolchain/usr/bin/strip -resolve-src-symlinks -rename /Users/mdd/zhk/kanpan-ringtone/DerivedData-ringtone/Build/Intermediates.noindex/Kanpan.build/Debug-iphonesimulator/Kanpan.build/Objects-normal/arm64/Kanpan.swiftsourceinfo /Users/mdd/zhk/kanpan-ringtone/DerivedData-ringtone/Build/Products/Debug-iphonesimulator/Kanpan.swiftmodule/Project/arm64-apple-ios-simulator.swiftsourceinfo

SwiftCompile normal arm64 Compiling\ Prefs.swift,\ PrefsCodec.swift,\ PrefsFieldPlan.swift,\ PrefsStore.swift,\ SettingsStamp.swift,\ ThemeChoice.swift,\ FriendPickerSheet.swift,\ FriendsPage.swift,\ ShareCard.swift,\ ShareClient.swift,\ ShareInbox.swift,\ ShareItem.swift /Users/mdd/zhk/kanpan-ringtone/Kanpan/Kanpan/Settings/Model/Prefs.swift /Users/mdd/zhk/kanpan-ringtone/Kanpan/Kanpan/Settings/Model/PrefsCodec.swift /Users/mdd/zhk/kanpan-ringtone/Kanpan/Kanpan/Settings/Model/PrefsFieldPlan.swift /Users/mdd/zhk/kanpan-ringtone/Kanpan/Kanpan/Settings/Model/PrefsStore.swift /Users/mdd/zhk/kanpan-ringtone/Kanpan/Kanpan/Settings/Model/SettingsStamp.swift /Users/mdd/zhk/kanpan-ringtone/Kanpan/Kanpan/Settings/Model/ThemeChoice.swift /Users/mdd/zhk/kanpan-ringtone/Kanpan/Kanpan/Share/FriendPickerSheet.swift /Users/mdd/zhk/kanpan-ringtone/Kanpan/Kanpan/Share/FriendsPage.swift /Users/mdd/zhk/kanpan-ringtone/Kanpan/Kanpan/Share/ShareCard.swift /Users/mdd/zhk/kanpan-ringtone/Kanpan/Kanpan/Share/ShareClient.swift /Users/mdd/zhk/kanpan-ringtone/Kanpan/Kanpan/Share/ShareInbox.swift /Users/mdd/zhk/kanpan-ringtone/Kanpan/Kanpan/Share/ShareItem.swift (in target 'Kanpan' from project 'Kanpan')

SwiftCompile normal arm64 /Users/mdd/zhk/kanpan-ringtone/Kanpan/Kanpan/Settings/Model/Prefs.swift (in target 'Kanpan' from project 'Kanpan')
    cd /Users/mdd/zhk/kanpan-ringtone/Kanpan
    

SwiftCompile normal arm64 /Users/mdd/zhk/kanpan-ringtone/Kanpan/Kanpan/Settings/Model/PrefsCodec.swift (in target 'Kanpan' from project 'Kanpan')
    cd /Users/mdd/zhk/kanpan-ringtone/Kanpan
    

SwiftCompile normal arm64 /Users/mdd/zhk/kanpan-ringtone/Kanpan/Kanpan/Settings/Model/PrefsFieldPlan.swift (in target 'Kanpan' from project 'Kanpan')
    cd /Users/mdd/zhk/kanpan-ringtone/Kanpan
    

SwiftCompile normal arm64 /Users/mdd/zhk/kanpan-ringtone/Kanpan/Kanpan/Settings/Model/PrefsStore.swift (in target 'Kanpan' from project 'Kanpan')
    cd /Users/mdd/zhk/kanpan-ringtone/Kanpan
    

SwiftCompile normal arm64 /Users/mdd/zhk/kanpan-ringtone/Kanpan/Kanpan/Settings/Model/SettingsStamp.swift (in target 'Kanpan' from project 'Kanpan')
    cd /Users/mdd/zhk/kanpan-ringtone/Kanpan
    

SwiftCompile normal arm64 /Users/mdd/zhk/kanpan-ringtone/Kanpan/Kanpan/Settings/Model/ThemeChoice.swift (in target 'Kanpan' from project 'Kanpan')
    cd /Users/mdd/zhk/kanpan-ringtone/Kanpan
    

SwiftCompile normal arm64 /Users/mdd/zhk/kanpan-ringtone/Kanpan/Kanpan/Share/FriendPickerSheet.swift (in target 'Kanpan' from project 'Kanpan')
    cd /Users/mdd/zhk/kanpan-ringtone/Kanpan
    

SwiftCompile normal arm64 /Users/mdd/zhk/kanpan-ringtone/Kanpan/Kanpan/Share/FriendsPage.swift (in target 'Kanpan' from project 'Kanpan')
    cd /Users/mdd/zhk/kanpan-ringtone/Kanpan
    

SwiftCompile normal arm64 /Users/mdd/zhk/kanpan-ringtone/Kanpan/Kanpan/Share/ShareCard.swift (in target 'Kanpan' from project 'Kanpan')
    cd /Users/mdd/zhk/kanpan-ringtone/Kanpan
    

SwiftCompile normal arm64 /Users/mdd/zhk/kanpan-ringtone/Kanpan/Kanpan/Share/ShareClient.swift (in target 'Kanpan' from project 'Kanpan')
    cd /Users/mdd/zhk/kanpan-ringtone/Kanpan
    

SwiftCompile normal arm64 /Users/mdd/zhk/kanpan-ringtone/Kanpan/Kanpan/Share/ShareInbox.swift (in target 'Kanpan' from project 'Kanpan')
    cd /Users/mdd/zhk/kanpan-ringtone/Kanpan
    

SwiftCompile normal arm64 /Users/mdd/zhk/kanpan-ringtone/Kanpan/Kanpan/Share/ShareItem.swift (in target 'Kanpan' from project 'Kanpan')
    cd /Users/mdd/zhk/kanpan-ringtone/Kanpan
    

SwiftCompile normal x86_64 Compiling\ DrawingToolPicker.swift,\ AppLifecycle.swift,\ BackgroundGrace.swift,\ ChartHost.swift,\ ChartSnapshotRenderer.swift,\ CoinBadge.swift,\ CoinBadgeBrands.swift,\ CrosshairReadout.swift,\ DeepLink.swift,\ DetailZoom.swift,\ DisplayComfort.swift,\ HeaderStats.swift,\ IntervalBar.swift /Users/mdd/zhk/kanpan-ringtone/Kanpan/Kanpan/Drawing/DrawingToolPicker.swift /Users/mdd/zhk/kanpan-ringtone/Kanpan/Kanpan/Main/AppLifecycle.swift /Users/mdd/zhk/kanpan-ringtone/Kanpan/Kanpan/Main/BackgroundGrace.swift /Users/mdd/zhk/kanpan-ringtone/Kanpan/Kanpan/Main/ChartHost.swift /Users/mdd/zhk/kanpan-ringtone/Kanpan/Kanpan/Main/ChartSnapshotRenderer.swift /Users/mdd/zhk/kanpan-ringtone/Kanpan/Kanpan/Main/CoinBadge.swift /Users/mdd/zhk/kanpan-ringtone/Kanpan/Kanpan/Main/CoinBadgeBrands.swift /Users/mdd/zhk/kanpan-ringtone/Kanpan/Kanpan/Main/CrosshairReadout.swift /Users/mdd/zhk/kanpan-ringtone/Kanpan/Kanpan/Main/DeepLink.swift /Users/mdd/zhk/kanpan-ringtone/Kanpan/Kanpan/Main/DetailZoom.swift /Users/mdd/zhk/kanpan-ringtone/Kanpan/Kanpan/Main/DisplayComfort.swift /Users/mdd/zhk/kanpan-ringtone/Kanpan/Kanpan/Main/HeaderStats.swift /Users/mdd/zhk/kanpan-ringtone/Kanpan/Kanpan/Main/IntervalBar.swift (in target 'Kanpan' from project 'Kanpan')
SwiftCompile normal x86_64 /Users/mdd/zhk/kanpan-ringtone/Kanpan/Kanpan/Drawing/DrawingToolPicker.swift (in target 'Kanpan' from project 'Kanpan')
    cd /Users/mdd/zhk/kanpan-ringtone/Kanpan
    

SwiftCompile normal x86_64 /Users/mdd/zhk/kanpan-ringtone/Kanpan/Kanpan/Main/AppLifecycle.swift (in target 'Kanpan' from project 'Kanpan')
    cd /Users/mdd/zhk/kanpan-ringtone/Kanpan
    

SwiftCompile normal x86_64 /Users/mdd/zhk/kanpan-ringtone/Kanpan/Kanpan/Main/BackgroundGrace.swift (in target 'Kanpan' from project 'Kanpan')
    cd /Users/mdd/zhk/kanpan-ringtone/Kanpan
    

SwiftCompile normal x86_64 /Users/mdd/zhk/kanpan-ringtone/Kanpan/Kanpan/Main/ChartHost.swift (in target 'Kanpan' from project 'Kanpan')
    cd /Users/mdd/zhk/kanpan-ringtone/Kanpan
    

SwiftCompile normal x86_64 /Users/mdd/zhk/kanpan-ringtone/Kanpan/Kanpan/Main/ChartSnapshotRenderer.swift (in target 'Kanpan' from project 'Kanpan')
    cd /Users/mdd/zhk/kanpan-ringtone/Kanpan
    

SwiftCompile normal x86_64 /Users/mdd/zhk/kanpan-ringtone/Kanpan/Kanpan/Main/CoinBadge.swift (in target 'Kanpan' from project 'Kanpan')
    cd /Users/mdd/zhk/kanpan-ringtone/Kanpan
    

SwiftCompile normal x86_64 /Users/mdd/zhk/kanpan-ringtone/Kanpan/Kanpan/Main/CoinBadgeBrands.swift (in target 'Kanpan' from project 'Kanpan')
    cd /Users/mdd/zhk/kanpan-ringtone/Kanpan
    

SwiftCompile normal x86_64 /Users/mdd/zhk/kanpan-ringtone/Kanpan/Kanpan/Main/CrosshairReadout.swift (in target 'Kanpan' from project 'Kanpan')
    cd /Users/mdd/zhk/kanpan-ringtone/Kanpan
    

SwiftCompile normal x86_64 /Users/mdd/zhk/kanpan-ringtone/Kanpan/Kanpan/Main/DeepLink.swift (in target 'Kanpan' from project 'Kanpan')
    cd /Users/mdd/zhk/kanpan-ringtone/Kanpan
    

SwiftCompile normal x86_64 /Users/mdd/zhk/kanpan-ringtone/Kanpan/Kanpan/Main/DetailZoom.swift (in target 'Kanpan' from project 'Kanpan')
    cd /Users/mdd/zhk/kanpan-ringtone/Kanpan
    

SwiftCompile normal x86_64 /Users/mdd/zhk/kanpan-ringtone/Kanpan/Kanpan/Main/DisplayComfort.swift (in target 'Kanpan' from project 'Kanpan')
    cd /Users/mdd/zhk/kanpan-ringtone/Kanpan
    

SwiftCompile normal x86_64 /Users/mdd/zhk/kanpan-ringtone/Kanpan/Kanpan/Main/HeaderStats.swift (in target 'Kanpan' from project 'Kanpan')
    cd /Users/mdd/zhk/kanpan-ringtone/Kanpan
    

SwiftCompile normal x86_64 /Users/mdd/zhk/kanpan-ringtone/Kanpan/Kanpan/Main/IntervalBar.swift (in target 'Kanpan' from project 'Kanpan')
    cd /Users/mdd/zhk/kanpan-ringtone/Kanpan
    

SwiftDriverJobDiscovery normal arm64 Compiling Prefs.swift, PrefsCodec.swift, PrefsFieldPlan.swift, PrefsStore.swift, SettingsStamp.swift, ThemeChoice.swift, FriendPickerSheet.swift, FriendsPage.swift, ShareCard.swift, ShareClient.swift, ShareInbox.swift, ShareItem.swift (in target 'Kanpan' from project 'Kanpan')

SwiftCompile normal x86_64 Compiling\ LandscapeChrome.swift,\ LaunchPrewarm.swift,\ MainScreen.swift,\ MainThreadHeartbeat.swift,\ MarketModel.swift,\ MarketNetworkMonitor.swift,\ MarketStats.swift,\ OrientationBridge.swift,\ QuoteBook.swift,\ ReadableColumn.swift,\ RootTeardown.swift,\ ScanList.swift /Users/mdd/zhk/kanpan-ringtone/Kanpan/Kanpan/Main/LandscapeChrome.swift /Users/mdd/zhk/kanpan-ringtone/Kanpan/Kanpan/Main/LaunchPrewarm.swift /Users/mdd/zhk/kanpan-ringtone/Kanpan/Kanpan/Main/MainScreen.swift /Users/mdd/zhk/kanpan-ringtone/Kanpan/Kanpan/Main/MainThreadHeartbeat.swift /Users/mdd/zhk/kanpan-ringtone/Kanpan/Kanpan/Main/MarketModel.swift /Users/mdd/zhk/kanpan-ringtone/Kanpan/Kanpan/Main/MarketNetworkMonitor.swift /Users/mdd/zhk/kanpan-ringtone/Kanpan/Kanpan/Main/MarketStats.swift /Users/mdd/zhk/kanpan-ringtone/Kanpan/Kanpan/Main/OrientationBridge.swift /Users/mdd/zhk/kanpan-ringtone/Kanpan/Kanpan/Main/QuoteBook.swift /Users/mdd/zhk/kanpan-ringtone/Kanpan/Kanpan/Main/ReadableColumn.swift /Users/mdd/zhk/kanpan-ringtone/Kanpan/Kanpan/Main/RootTeardown.swift /Users/mdd/zhk/kanpan-ringtone/Kanpan/Kanpan/Main/ScanList.swift (in target 'Kanpan' from project 'Kanpan')
SwiftCompile normal x86_64 /Users/mdd/zhk/kanpan-ringtone/Kanpan/Kanpan/Main/LandscapeChrome.swift (in target 'Kanpan' from project 'Kanpan')
    cd /Users/mdd/zhk/kanpan-ringtone/Kanpan
    

SwiftCompile normal x86_64 /Users/mdd/zhk/kanpan-ringtone/Kanpan/Kanpan/Main/LaunchPrewarm.swift (in target 'Kanpan' from project 'Kanpan')
    cd /Users/mdd/zhk/kanpan-ringtone/Kanpan
    

SwiftCompile normal x86_64 /Users/mdd/zhk/kanpan-ringtone/Kanpan/Kanpan/Main/MainScreen.swift (in target 'Kanpan' from project 'Kanpan')
    cd /Users/mdd/zhk/kanpan-ringtone/Kanpan
    

SwiftCompile normal x86_64 /Users/mdd/zhk/kanpan-ringtone/Kanpan/Kanpan/Main/MainThreadHeartbeat.swift (in target 'Kanpan' from project 'Kanpan')
    cd /Users/mdd/zhk/kanpan-ringtone/Kanpan
    

SwiftCompile normal x86_64 /Users/mdd/zhk/kanpan-ringtone/Kanpan/Kanpan/Main/MarketModel.swift (in target 'Kanpan' from project 'Kanpan')
    cd /Users/mdd/zhk/kanpan-ringtone/Kanpan
    

SwiftCompile normal x86_64 /Users/mdd/zhk/kanpan-ringtone/Kanpan/Kanpan/Main/MarketNetworkMonitor.swift (in target 'Kanpan' from project 'Kanpan')
    cd /Users/mdd/zhk/kanpan-ringtone/Kanpan
    

SwiftCompile normal x86_64 /Users/mdd/zhk/kanpan-ringtone/Kanpan/Kanpan/Main/MarketStats.swift (in target 'Kanpan' from project 'Kanpan')
    cd /Users/mdd/zhk/kanpan-ringtone/Kanpan
    

SwiftCompile normal x86_64 /Users/mdd/zhk/kanpan-ringtone/Kanpan/Kanpan/Main/OrientationBridge.swift (in target 'Kanpan' from project 'Kanpan')
    cd /Users/mdd/zhk/kanpan-ringtone/Kanpan
    

SwiftCompile normal x86_64 /Users/mdd/zhk/kanpan-ringtone/Kanpan/Kanpan/Main/QuoteBook.swift (in target 'Kanpan' from project 'Kanpan')
    cd /Users/mdd/zhk/kanpan-ringtone/Kanpan
    

SwiftCompile normal x86_64 /Users/mdd/zhk/kanpan-ringtone/Kanpan/Kanpan/Main/ReadableColumn.swift (in target 'Kanpan' from project 'Kanpan')
    cd /Users/mdd/zhk/kanpan-ringtone/Kanpan
    

SwiftCompile normal x86_64 /Users/mdd/zhk/kanpan-ringtone/Kanpan/Kanpan/Main/RootTeardown.swift (in target 'Kanpan' from project 'Kanpan')
    cd /Users/mdd/zhk/kanpan-ringtone/Kanpan
    

SwiftCompile normal x86_64 /Users/mdd/zhk/kanpan-ringtone/Kanpan/Kanpan/Main/ScanList.swift (in target 'Kanpan' from project 'Kanpan')
    cd /Users/mdd/zhk/kanpan-ringtone/Kanpan
    

SwiftDriverJobDiscovery normal arm64 Compiling SettingsPanel.swift, SwipeToDelete.swift, ReviewChartBridge.swift, ReviewRangeOverlay.swift, SectorAllSheet.swift, SectorBubbleField.swift, SectorBubbleRenderer.swift, SectorDrillDecision.swift, SectorFeed.swift, SectorHistoryFeed.swift, SectorIcon.swift, SectorLayout.swift (in target 'Kanpan' from project 'Kanpan')

SwiftCompile normal arm64 Compiling\ ClipboardSymbol.swift,\ DefaultFavorites.swift,\ DefaultFavoritesSeeder.swift,\ FavoriteCategory.swift,\ FavoritesView.swift,\ HomeShortcuts.swift,\ HomeShortcutsBridge.swift,\ QuoteSession.swift,\ QuoteSubscriptionPlan.swift,\ SearchHistory.swift,\ SymbolAliases.swift,\ SymbolFieldPlan.swift /Users/mdd/zhk/kanpan-ringtone/Kanpan/Kanpan/Symbols/ClipboardSymbol.swift /Users/mdd/zhk/kanpan-ringtone/Kanpan/Kanpan/Symbols/DefaultFavorites.swift /Users/mdd/zhk/kanpan-ringtone/Kanpan/Kanpan/Symbols/DefaultFavoritesSeeder.swift /Users/mdd/zhk/kanpan-ringtone/Kanpan/Kanpan/Symbols/FavoriteCategory.swift /Users/mdd/zhk/kanpan-ringtone/Kanpan/Kanpan/Symbols/FavoritesView.swift /Users/mdd/zhk/kanpan-ringtone/Kanpan/Kanpan/Symbols/HomeShortcuts.swift /Users/mdd/zhk/kanpan-ringtone/Kanpan/Kanpan/Symbols/HomeShortcutsBridge.swift /Users/mdd/zhk/kanpan-ringtone/Kanpan/Kanpan/Symbols/QuoteSession.swift /Users/mdd/zhk/kanpan-ringtone/Kanpan/Kanpan/Symbols/QuoteSubscriptionPlan.swift /Users/mdd/zhk/kanpan-ringtone/Kanpan/Kanpan/Symbols/SearchHistory.swift /Users/mdd/zhk/kanpan-ringtone/Kanpan/Kanpan/Symbols/SymbolAliases.swift /Users/mdd/zhk/kanpan-ringtone/Kanpan/Kanpan/Symbols/SymbolFieldPlan.swift (in target 'Kanpan' from project 'Kanpan')

SwiftCompile normal arm64 /Users/mdd/zhk/kanpan-ringtone/Kanpan/Kanpan/Symbols/ClipboardSymbol.swift (in target 'Kanpan' from project 'Kanpan')
    cd /Users/mdd/zhk/kanpan-ringtone/Kanpan
    

SwiftCompile normal arm64 /Users/mdd/zhk/kanpan-ringtone/Kanpan/Kanpan/Symbols/DefaultFavorites.swift (in target 'Kanpan' from project 'Kanpan')
    cd /Users/mdd/zhk/kanpan-ringtone/Kanpan
    

SwiftCompile normal arm64 /Users/mdd/zhk/kanpan-ringtone/Kanpan/Kanpan/Symbols/DefaultFavoritesSeeder.swift (in target 'Kanpan' from project 'Kanpan')
    cd /Users/mdd/zhk/kanpan-ringtone/Kanpan
    

SwiftCompile normal arm64 /Users/mdd/zhk/kanpan-ringtone/Kanpan/Kanpan/Symbols/FavoriteCategory.swift (in target 'Kanpan' from project 'Kanpan')
    cd /Users/mdd/zhk/kanpan-ringtone/Kanpan
    

SwiftCompile normal arm64 /Users/mdd/zhk/kanpan-ringtone/Kanpan/Kanpan/Symbols/FavoritesView.swift (in target 'Kanpan' from project 'Kanpan')
    cd /Users/mdd/zhk/kanpan-ringtone/Kanpan
    

SwiftCompile normal arm64 /Users/mdd/zhk/kanpan-ringtone/Kanpan/Kanpan/Symbols/HomeShortcuts.swift (in target 'Kanpan' from project 'Kanpan')
    cd /Users/mdd/zhk/kanpan-ringtone/Kanpan
    

SwiftCompile normal arm64 /Users/mdd/zhk/kanpan-ringtone/Kanpan/Kanpan/Symbols/HomeShortcutsBridge.swift (in target 'Kanpan' from project 'Kanpan')
    cd /Users/mdd/zhk/kanpan-ringtone/Kanpan
    

SwiftCompile normal arm64 /Users/mdd/zhk/kanpan-ringtone/Kanpan/Kanpan/Symbols/QuoteSession.swift (in target 'Kanpan' from project 'Kanpan')
    cd /Users/mdd/zhk/kanpan-ringtone/Kanpan
    

SwiftCompile normal arm64 /Users/mdd/zhk/kanpan-ringtone/Kanpan/Kanpan/Symbols/QuoteSubscriptionPlan.swift (in target 'Kanpan' from project 'Kanpan')
    cd /Users/mdd/zhk/kanpan-ringtone/Kanpan
    

SwiftCompile normal arm64 /Users/mdd/zhk/kanpan-ringtone/Kanpan/Kanpan/Symbols/SearchHistory.swift (in target 'Kanpan' from project 'Kanpan')
    cd /Users/mdd/zhk/kanpan-ringtone/Kanpan
    

SwiftCompile normal arm64 /Users/mdd/zhk/kanpan-ringtone/Kanpan/Kanpan/Symbols/SymbolAliases.swift (in target 'Kanpan' from project 'Kanpan')
    cd /Users/mdd/zhk/kanpan-ringtone/Kanpan
    

SwiftCompile normal arm64 /Users/mdd/zhk/kanpan-ringtone/Kanpan/Kanpan/Symbols/SymbolFieldPlan.swift (in target 'Kanpan' from project 'Kanpan')
    cd /Users/mdd/zhk/kanpan-ringtone/Kanpan
    

SwiftDriverJobDiscovery normal x86_64 Compiling DrawingToolPicker.swift, AppLifecycle.swift, BackgroundGrace.swift, ChartHost.swift, ChartSnapshotRenderer.swift, CoinBadge.swift, CoinBadgeBrands.swift, CrosshairReadout.swift, DeepLink.swift, DetailZoom.swift, DisplayComfort.swift, HeaderStats.swift, IntervalBar.swift (in target 'Kanpan' from project 'Kanpan')

SwiftCompile normal x86_64 Compiling\ SymbolFixtures.swift,\ SymbolPickerModel.swift,\ SymbolPickerView.swift,\ SymbolPrefs.swift,\ SymbolPreviewCard.swift,\ SymbolQuery.swift,\ SymbolSearchView.swift,\ SymbolSections.swift,\ SymbolTickerFeed.swift,\ KanpanApp.swift,\ MemoryWarningRelay.swift,\ GeneratedAssetSymbols.swift /Users/mdd/zhk/kanpan-ringtone/Kanpan/Kanpan/Symbols/SymbolFixtures.swift /Users/mdd/zhk/kanpan-ringtone/Kanpan/Kanpan/Symbols/SymbolPickerModel.swift /Users/mdd/zhk/kanpan-ringtone/Kanpan/Kanpan/Symbols/SymbolPickerView.swift /Users/mdd/zhk/kanpan-ringtone/Kanpan/Kanpan/Symbols/SymbolPrefs.swift /Users/mdd/zhk/kanpan-ringtone/Kanpan/Kanpan/Symbols/SymbolPreviewCard.swift /Users/mdd/zhk/kanpan-ringtone/Kanpan/Kanpan/Symbols/SymbolQuery.swift /Users/mdd/zhk/kanpan-ringtone/Kanpan/Kanpan/Symbols/SymbolSearchView.swift /Users/mdd/zhk/kanpan-ringtone/Kanpan/Kanpan/Symbols/SymbolSections.swift /Users/mdd/zhk/kanpan-ringtone/Kanpan/Kanpan/Symbols/SymbolTickerFeed.swift /Users/mdd/zhk/kanpan-ringtone/Kanpan/Kanpan/KanpanApp.swift /Users/mdd/zhk/kanpan-ringtone/Kanpan/Kanpan/MemoryWarningRelay.swift /Users/mdd/zhk/kanpan-ringtone/DerivedData-ringtone/Build/Intermediates.noindex/Kanpan.build/Debug-iphonesimulator/Kanpan.build/DerivedSources/GeneratedAssetSymbols.swift (in target 'Kanpan' from project 'Kanpan')

SwiftCompile normal x86_64 /Users/mdd/zhk/kanpan-ringtone/Kanpan/Kanpan/Symbols/SymbolFixtures.swift (in target 'Kanpan' from project 'Kanpan')
    cd /Users/mdd/zhk/kanpan-ringtone/Kanpan
    

SwiftCompile normal x86_64 /Users/mdd/zhk/kanpan-ringtone/Kanpan/Kanpan/Symbols/SymbolPickerModel.swift (in target 'Kanpan' from project 'Kanpan')
    cd /Users/mdd/zhk/kanpan-ringtone/Kanpan
    

SwiftCompile normal x86_64 /Users/mdd/zhk/kanpan-ringtone/Kanpan/Kanpan/Symbols/SymbolPickerView.swift (in target 'Kanpan' from project 'Kanpan')
    cd /Users/mdd/zhk/kanpan-ringtone/Kanpan
    

SwiftCompile normal x86_64 /Users/mdd/zhk/kanpan-ringtone/Kanpan/Kanpan/Symbols/SymbolPrefs.swift (in target 'Kanpan' from project 'Kanpan')
    cd /Users/mdd/zhk/kanpan-ringtone/Kanpan
    

SwiftCompile normal x86_64 /Users/mdd/zhk/kanpan-ringtone/Kanpan/Kanpan/Symbols/SymbolPreviewCard.swift (in target 'Kanpan' from project 'Kanpan')
    cd /Users/mdd/zhk/kanpan-ringtone/Kanpan
    

SwiftCompile normal x86_64 /Users/mdd/zhk/kanpan-ringtone/Kanpan/Kanpan/Symbols/SymbolQuery.swift (in target 'Kanpan' from project 'Kanpan')
    cd /Users/mdd/zhk/kanpan-ringtone/Kanpan
    

SwiftCompile normal x86_64 /Users/mdd/zhk/kanpan-ringtone/Kanpan/Kanpan/Symbols/SymbolSearchView.swift (in target 'Kanpan' from project 'Kanpan')
    cd /Users/mdd/zhk/kanpan-ringtone/Kanpan
    

SwiftCompile normal x86_64 /Users/mdd/zhk/kanpan-ringtone/Kanpan/Kanpan/Symbols/SymbolSections.swift (in target 'Kanpan' from project 'Kanpan')
    cd /Users/mdd/zhk/kanpan-ringtone/Kanpan
    

SwiftCompile normal x86_64 /Users/mdd/zhk/kanpan-ringtone/Kanpan/Kanpan/Symbols/SymbolTickerFeed.swift (in target 'Kanpan' from project 'Kanpan')
    cd /Users/mdd/zhk/kanpan-ringtone/Kanpan
    

SwiftCompile normal x86_64 /Users/mdd/zhk/kanpan-ringtone/Kanpan/Kanpan/KanpanApp.swift (in target 'Kanpan' from project 'Kanpan')
    cd /Users/mdd/zhk/kanpan-ringtone/Kanpan
    

SwiftCompile normal x86_64 /Users/mdd/zhk/kanpan-ringtone/Kanpan/Kanpan/MemoryWarningRelay.swift (in target 'Kanpan' from project 'Kanpan')
    cd /Users/mdd/zhk/kanpan-ringtone/Kanpan
    

SwiftCompile normal x86_64 /Users/mdd/zhk/kanpan-ringtone/DerivedData-ringtone/Build/Intermediates.noindex/Kanpan.build/Debug-iphonesimulator/Kanpan.build/DerivedSources/GeneratedAssetSymbols.swift (in target 'Kanpan' from project 'Kanpan')
    cd /Users/mdd/zhk/kanpan-ringtone/Kanpan
    

SwiftDriverJobDiscovery normal arm64 Compiling ClipboardSymbol.swift, DefaultFavorites.swift, DefaultFavoritesSeeder.swift, FavoriteCategory.swift, FavoritesView.swift, HomeShortcuts.swift, HomeShortcutsBridge.swift, QuoteSession.swift, QuoteSubscriptionPlan.swift, SearchHistory.swift, SymbolAliases.swift, SymbolFieldPlan.swift (in target 'Kanpan' from project 'Kanpan')

SwiftCompile normal x86_64 Compiling\ ClipboardSymbol.swift,\ DefaultFavorites.swift,\ DefaultFavoritesSeeder.swift,\ FavoriteCategory.swift,\ FavoritesView.swift,\ HomeShortcuts.swift,\ HomeShortcutsBridge.swift,\ QuoteSession.swift,\ QuoteSubscriptionPlan.swift,\ SearchHistory.swift,\ SymbolAliases.swift,\ SymbolFieldPlan.swift /Users/mdd/zhk/kanpan-ringtone/Kanpan/Kanpan/Symbols/ClipboardSymbol.swift /Users/mdd/zhk/kanpan-ringtone/Kanpan/Kanpan/Symbols/DefaultFavorites.swift /Users/mdd/zhk/kanpan-ringtone/Kanpan/Kanpan/Symbols/DefaultFavoritesSeeder.swift /Users/mdd/zhk/kanpan-ringtone/Kanpan/Kanpan/Symbols/FavoriteCategory.swift /Users/mdd/zhk/kanpan-ringtone/Kanpan/Kanpan/Symbols/FavoritesView.swift /Users/mdd/zhk/kanpan-ringtone/Kanpan/Kanpan/Symbols/HomeShortcuts.swift /Users/mdd/zhk/kanpan-ringtone/Kanpan/Kanpan/Symbols/HomeShortcutsBridge.swift /Users/mdd/zhk/kanpan-ringtone/Kanpan/Kanpan/Symbols/QuoteSession.swift /Users/mdd/zhk/kanpan-ringtone/Kanpan/Kanpan/Symbols/QuoteSubscriptionPlan.swift /Users/mdd/zhk/kanpan-ringtone/Kanpan/Kanpan/Symbols/SearchHistory.swift /Users/mdd/zhk/kanpan-ringtone/Kanpan/Kanpan/Symbols/SymbolAliases.swift /Users/mdd/zhk/kanpan-ringtone/Kanpan/Kanpan/Symbols/SymbolFieldPlan.swift (in target 'Kanpan' from project 'Kanpan')
SwiftCompile normal x86_64 /Users/mdd/zhk/kanpan-ringtone/Kanpan/Kanpan/Symbols/ClipboardSymbol.swift (in target 'Kanpan' from project 'Kanpan')
    cd /Users/mdd/zhk/kanpan-ringtone/Kanpan
    

SwiftCompile normal x86_64 /Users/mdd/zhk/kanpan-ringtone/Kanpan/Kanpan/Symbols/DefaultFavorites.swift (in target 'Kanpan' from project 'Kanpan')
    cd /Users/mdd/zhk/kanpan-ringtone/Kanpan
    

SwiftCompile normal x86_64 /Users/mdd/zhk/kanpan-ringtone/Kanpan/Kanpan/Symbols/DefaultFavoritesSeeder.swift (in target 'Kanpan' from project 'Kanpan')
    cd /Users/mdd/zhk/kanpan-ringtone/Kanpan
    

SwiftCompile normal x86_64 /Users/mdd/zhk/kanpan-ringtone/Kanpan/Kanpan/Symbols/FavoriteCategory.swift (in target 'Kanpan' from project 'Kanpan')
    cd /Users/mdd/zhk/kanpan-ringtone/Kanpan
    

SwiftCompile normal x86_64 /Users/mdd/zhk/kanpan-ringtone/Kanpan/Kanpan/Symbols/FavoritesView.swift (in target 'Kanpan' from project 'Kanpan')
    cd /Users/mdd/zhk/kanpan-ringtone/Kanpan
    

SwiftCompile normal x86_64 /Users/mdd/zhk/kanpan-ringtone/Kanpan/Kanpan/Symbols/HomeShortcuts.swift (in target 'Kanpan' from project 'Kanpan')
    cd /Users/mdd/zhk/kanpan-ringtone/Kanpan
    

SwiftCompile normal x86_64 /Users/mdd/zhk/kanpan-ringtone/Kanpan/Kanpan/Symbols/HomeShortcutsBridge.swift (in target 'Kanpan' from project 'Kanpan')
    cd /Users/mdd/zhk/kanpan-ringtone/Kanpan
    

SwiftCompile normal x86_64 /Users/mdd/zhk/kanpan-ringtone/Kanpan/Kanpan/Symbols/QuoteSession.swift (in target 'Kanpan' from project 'Kanpan')
    cd /Users/mdd/zhk/kanpan-ringtone/Kanpan
    

SwiftCompile normal x86_64 /Users/mdd/zhk/kanpan-ringtone/Kanpan/Kanpan/Symbols/QuoteSubscriptionPlan.swift (in target 'Kanpan' from project 'Kanpan')
    cd /Users/mdd/zhk/kanpan-ringtone/Kanpan
    

SwiftCompile normal x86_64 /Users/mdd/zhk/kanpan-ringtone/Kanpan/Kanpan/Symbols/SearchHistory.swift (in target 'Kanpan' from project 'Kanpan')
    cd /Users/mdd/zhk/kanpan-ringtone/Kanpan
    

SwiftCompile normal x86_64 /Users/mdd/zhk/kanpan-ringtone/Kanpan/Kanpan/Symbols/SymbolAliases.swift (in target 'Kanpan' from project 'Kanpan')
    cd /Users/mdd/zhk/kanpan-ringtone/Kanpan
    

SwiftCompile normal x86_64 /Users/mdd/zhk/kanpan-ringtone/Kanpan/Kanpan/Symbols/SymbolFieldPlan.swift (in target 'Kanpan' from project 'Kanpan')
    cd /Users/mdd/zhk/kanpan-ringtone/Kanpan
    

SwiftDriverJobDiscovery normal x86_64 Compiling SymbolFixtures.swift, SymbolPickerModel.swift, SymbolPickerView.swift, SymbolPrefs.swift, SymbolPreviewCard.swift, SymbolQuery.swift, SymbolSearchView.swift, SymbolSections.swift, SymbolTickerFeed.swift, KanpanApp.swift, MemoryWarningRelay.swift, GeneratedAssetSymbols.swift (in target 'Kanpan' from project 'Kanpan')

SwiftCompile normal x86_64 Compiling\ AccountFeature.swift,\ AccountView.swift,\ AppAccountBridge.swift,\ PersonalFileStorage.swift,\ PersonalSyncCodec.swift,\ AlertArchive.swift,\ AlertEngine.swift,\ AlertListPage.swift,\ AlertNotifications.swift,\ AlertPermission.swift,\ AlertPrompt.swift,\ AlertStore.swift,\ AlertWatcher.swift /Users/mdd/zhk/kanpan-ringtone/Kanpan/Kanpan/Account/AccountFeature.swift /Users/mdd/zhk/kanpan-ringtone/Kanpan/Kanpan/Account/AccountView.swift /Users/mdd/zhk/kanpan-ringtone/Kanpan/Kanpan/Account/AppAccountBridge.swift /Users/mdd/zhk/kanpan-ringtone/Kanpan/Kanpan/Account/PersonalFileStorage.swift /Users/mdd/zhk/kanpan-ringtone/Kanpan/Kanpan/Account/PersonalSyncCodec.swift /Users/mdd/zhk/kanpan-ringtone/Kanpan/Kanpan/Alerts/AlertArchive.swift /Users/mdd/zhk/kanpan-ringtone/Kanpan/Kanpan/Alerts/AlertEngine.swift /Users/mdd/zhk/kanpan-ringtone/Kanpan/Kanpan/Alerts/AlertListPage.swift /Users/mdd/zhk/kanpan-ringtone/Kanpan/Kanpan/Alerts/AlertNotifications.swift /Users/mdd/zhk/kanpan-ringtone/Kanpan/Kanpan/Alerts/AlertPermission.swift /Users/mdd/zhk/kanpan-ringtone/Kanpan/Kanpan/Alerts/AlertPrompt.swift /Users/mdd/zhk/kanpan-ringtone/Kanpan/Kanpan/Alerts/AlertStore.swift /Users/mdd/zhk/kanpan-ringtone/Kanpan/Kanpan/Alerts/AlertWatcher.swift (in target 'Kanpan' from project 'Kanpan')
SwiftCompile normal x86_64 /Users/mdd/zhk/kanpan-ringtone/Kanpan/Kanpan/Account/AccountFeature.swift (in target 'Kanpan' from project 'Kanpan')
    cd /Users/mdd/zhk/kanpan-ringtone/Kanpan
    

SwiftCompile normal x86_64 /Users/mdd/zhk/kanpan-ringtone/Kanpan/Kanpan/Account/AccountView.swift (in target 'Kanpan' from project 'Kanpan')
    cd /Users/mdd/zhk/kanpan-ringtone/Kanpan
    

SwiftCompile normal x86_64 /Users/mdd/zhk/kanpan-ringtone/Kanpan/Kanpan/Account/AppAccountBridge.swift (in target 'Kanpan' from project 'Kanpan')
    cd /Users/mdd/zhk/kanpan-ringtone/Kanpan
    

SwiftCompile normal x86_64 /Users/mdd/zhk/kanpan-ringtone/Kanpan/Kanpan/Account/PersonalFileStorage.swift (in target 'Kanpan' from project 'Kanpan')
    cd /Users/mdd/zhk/kanpan-ringtone/Kanpan
    

SwiftCompile normal x86_64 /Users/mdd/zhk/kanpan-ringtone/Kanpan/Kanpan/Account/PersonalSyncCodec.swift (in target 'Kanpan' from project 'Kanpan')
    cd /Users/mdd/zhk/kanpan-ringtone/Kanpan
    

SwiftCompile normal x86_64 /Users/mdd/zhk/kanpan-ringtone/Kanpan/Kanpan/Alerts/AlertArchive.swift (in target 'Kanpan' from project 'Kanpan')
    cd /Users/mdd/zhk/kanpan-ringtone/Kanpan
    

SwiftCompile normal x86_64 /Users/mdd/zhk/kanpan-ringtone/Kanpan/Kanpan/Alerts/AlertEngine.swift (in target 'Kanpan' from project 'Kanpan')
    cd /Users/mdd/zhk/kanpan-ringtone/Kanpan
    

SwiftCompile normal x86_64 /Users/mdd/zhk/kanpan-ringtone/Kanpan/Kanpan/Alerts/AlertListPage.swift (in target 'Kanpan' from project 'Kanpan')
    cd /Users/mdd/zhk/kanpan-ringtone/Kanpan
    

SwiftCompile normal x86_64 /Users/mdd/zhk/kanpan-ringtone/Kanpan/Kanpan/Alerts/AlertNotifications.swift (in target 'Kanpan' from project 'Kanpan')
    cd /Users/mdd/zhk/kanpan-ringtone/Kanpan
    

SwiftCompile normal x86_64 /Users/mdd/zhk/kanpan-ringtone/Kanpan/Kanpan/Alerts/AlertPermission.swift (in target 'Kanpan' from project 'Kanpan')
    cd /Users/mdd/zhk/kanpan-ringtone/Kanpan
    

SwiftCompile normal x86_64 /Users/mdd/zhk/kanpan-ringtone/Kanpan/Kanpan/Alerts/AlertPrompt.swift (in target 'Kanpan' from project 'Kanpan')
    cd /Users/mdd/zhk/kanpan-ringtone/Kanpan
    

SwiftCompile normal x86_64 /Users/mdd/zhk/kanpan-ringtone/Kanpan/Kanpan/Alerts/AlertStore.swift (in target 'Kanpan' from project 'Kanpan')
    cd /Users/mdd/zhk/kanpan-ringtone/Kanpan
    

SwiftCompile normal x86_64 /Users/mdd/zhk/kanpan-ringtone/Kanpan/Kanpan/Alerts/AlertWatcher.swift (in target 'Kanpan' from project 'Kanpan')
    cd /Users/mdd/zhk/kanpan-ringtone/Kanpan
    

SwiftDriverJobDiscovery normal x86_64 Compiling LandscapeChrome.swift, LaunchPrewarm.swift, MainScreen.swift, MainThreadHeartbeat.swift, MarketModel.swift, MarketNetworkMonitor.swift, MarketStats.swift, OrientationBridge.swift, QuoteBook.swift, ReadableColumn.swift, RootTeardown.swift, ScanList.swift (in target 'Kanpan' from project 'Kanpan')

SwiftCompile normal arm64 Compiling\ LandscapeChrome.swift,\ LaunchPrewarm.swift,\ MainScreen.swift,\ MainThreadHeartbeat.swift,\ MarketModel.swift,\ MarketNetworkMonitor.swift,\ MarketStats.swift,\ OrientationBridge.swift,\ QuoteBook.swift,\ ReadableColumn.swift,\ RootTeardown.swift,\ ScanList.swift /Users/mdd/zhk/kanpan-ringtone/Kanpan/Kanpan/Main/LandscapeChrome.swift /Users/mdd/zhk/kanpan-ringtone/Kanpan/Kanpan/Main/LaunchPrewarm.swift /Users/mdd/zhk/kanpan-ringtone/Kanpan/Kanpan/Main/MainScreen.swift /Users/mdd/zhk/kanpan-ringtone/Kanpan/Kanpan/Main/MainThreadHeartbeat.swift /Users/mdd/zhk/kanpan-ringtone/Kanpan/Kanpan/Main/MarketModel.swift /Users/mdd/zhk/kanpan-ringtone/Kanpan/Kanpan/Main/MarketNetworkMonitor.swift /Users/mdd/zhk/kanpan-ringtone/Kanpan/Kanpan/Main/MarketStats.swift /Users/mdd/zhk/kanpan-ringtone/Kanpan/Kanpan/Main/OrientationBridge.swift /Users/mdd/zhk/kanpan-ringtone/Kanpan/Kanpan/Main/QuoteBook.swift /Users/mdd/zhk/kanpan-ringtone/Kanpan/Kanpan/Main/ReadableColumn.swift /Users/mdd/zhk/kanpan-ringtone/Kanpan/Kanpan/Main/RootTeardown.swift /Users/mdd/zhk/kanpan-ringtone/Kanpan/Kanpan/Main/ScanList.swift (in target 'Kanpan' from project 'Kanpan')
SwiftCompile normal arm64 /Users/mdd/zhk/kanpan-ringtone/Kanpan/Kanpan/Main/LandscapeChrome.swift (in target 'Kanpan' from project 'Kanpan')
    cd /Users/mdd/zhk/kanpan-ringtone/Kanpan
    

SwiftCompile normal arm64 /Users/mdd/zhk/kanpan-ringtone/Kanpan/Kanpan/Main/LaunchPrewarm.swift (in target 'Kanpan' from project 'Kanpan')
    cd /Users/mdd/zhk/kanpan-ringtone/Kanpan
    

SwiftCompile normal arm64 /Users/mdd/zhk/kanpan-ringtone/Kanpan/Kanpan/Main/MainScreen.swift (in target 'Kanpan' from project 'Kanpan')
    cd /Users/mdd/zhk/kanpan-ringtone/Kanpan
    

SwiftCompile normal arm64 /Users/mdd/zhk/kanpan-ringtone/Kanpan/Kanpan/Main/MainThreadHeartbeat.swift (in target 'Kanpan' from project 'Kanpan')
    cd /Users/mdd/zhk/kanpan-ringtone/Kanpan
    

SwiftCompile normal arm64 /Users/mdd/zhk/kanpan-ringtone/Kanpan/Kanpan/Main/MarketModel.swift (in target 'Kanpan' from project 'Kanpan')
    cd /Users/mdd/zhk/kanpan-ringtone/Kanpan
    

SwiftCompile normal arm64 /Users/mdd/zhk/kanpan-ringtone/Kanpan/Kanpan/Main/MarketNetworkMonitor.swift (in target 'Kanpan' from project 'Kanpan')
    cd /Users/mdd/zhk/kanpan-ringtone/Kanpan
    

SwiftCompile normal arm64 /Users/mdd/zhk/kanpan-ringtone/Kanpan/Kanpan/Main/MarketStats.swift (in target 'Kanpan' from project 'Kanpan')
    cd /Users/mdd/zhk/kanpan-ringtone/Kanpan
    

SwiftCompile normal arm64 /Users/mdd/zhk/kanpan-ringtone/Kanpan/Kanpan/Main/OrientationBridge.swift (in target 'Kanpan' from project 'Kanpan')
    cd /Users/mdd/zhk/kanpan-ringtone/Kanpan
    

SwiftCompile normal arm64 /Users/mdd/zhk/kanpan-ringtone/Kanpan/Kanpan/Main/QuoteBook.swift (in target 'Kanpan' from project 'Kanpan')
    cd /Users/mdd/zhk/kanpan-ringtone/Kanpan
    

SwiftCompile normal arm64 /Users/mdd/zhk/kanpan-ringtone/Kanpan/Kanpan/Main/ReadableColumn.swift (in target 'Kanpan' from project 'Kanpan')
    cd /Users/mdd/zhk/kanpan-ringtone/Kanpan
    

SwiftCompile normal arm64 /Users/mdd/zhk/kanpan-ringtone/Kanpan/Kanpan/Main/RootTeardown.swift (in target 'Kanpan' from project 'Kanpan')
    cd /Users/mdd/zhk/kanpan-ringtone/Kanpan
    

SwiftCompile normal arm64 /Users/mdd/zhk/kanpan-ringtone/Kanpan/Kanpan/Main/ScanList.swift (in target 'Kanpan' from project 'Kanpan')
    cd /Users/mdd/zhk/kanpan-ringtone/Kanpan
    

SwiftDriverJobDiscovery normal x86_64 Compiling ClipboardSymbol.swift, DefaultFavorites.swift, DefaultFavoritesSeeder.swift, FavoriteCategory.swift, FavoritesView.swift, HomeShortcuts.swift, HomeShortcutsBridge.swift, QuoteSession.swift, QuoteSubscriptionPlan.swift, SearchHistory.swift, SymbolAliases.swift, SymbolFieldPlan.swift (in target 'Kanpan' from project 'Kanpan')

SwiftCompile normal x86_64 Compiling\ PushRegistration.swift,\ ReviewDueNotifications.swift,\ DiagnosticsCenter.swift,\ DiagnosticsStore.swift,\ FrameProbe.swift,\ FrameReportStore.swift,\ FrameStats.swift,\ MeasurementText.swift,\ PayloadDigest.swift,\ DrawingBar.swift,\ DrawingController.swift,\ DrawingGlyph.swift,\ DrawingSymbolSwitcher.swift /Users/mdd/zhk/kanpan-ringtone/Kanpan/Kanpan/Alerts/PushRegistration.swift /Users/mdd/zhk/kanpan-ringtone/Kanpan/Kanpan/Alerts/ReviewDueNotifications.swift /Users/mdd/zhk/kanpan-ringtone/Kanpan/Kanpan/Diagnostics/DiagnosticsCenter.swift /Users/mdd/zhk/kanpan-ringtone/Kanpan/Kanpan/Diagnostics/DiagnosticsStore.swift /Users/mdd/zhk/kanpan-ringtone/Kanpan/Kanpan/Diagnostics/FrameProbe.swift /Users/mdd/zhk/kanpan-ringtone/Kanpan/Kanpan/Diagnostics/FrameReportStore.swift /Users/mdd/zhk/kanpan-ringtone/Kanpan/Kanpan/Diagnostics/FrameStats.swift /Users/mdd/zhk/kanpan-ringtone/Kanpan/Kanpan/Diagnostics/MeasurementText.swift /Users/mdd/zhk/kanpan-ringtone/Kanpan/Kanpan/Diagnostics/PayloadDigest.swift /Users/mdd/zhk/kanpan-ringtone/Kanpan/Kanpan/Drawing/DrawingBar.swift /Users/mdd/zhk/kanpan-ringtone/Kanpan/Kanpan/Drawing/DrawingController.swift /Users/mdd/zhk/kanpan-ringtone/Kanpan/Kanpan/Drawing/DrawingGlyph.swift /Users/mdd/zhk/kanpan-ringtone/Kanpan/Kanpan/Drawing/DrawingSymbolSwitcher.swift (in target 'Kanpan' from project 'Kanpan')

SwiftCompile normal x86_64 /Users/mdd/zhk/kanpan-ringtone/Kanpan/Kanpan/Alerts/PushRegistration.swift (in target 'Kanpan' from project 'Kanpan')
    cd /Users/mdd/zhk/kanpan-ringtone/Kanpan
    

SwiftCompile normal x86_64 /Users/mdd/zhk/kanpan-ringtone/Kanpan/Kanpan/Alerts/ReviewDueNotifications.swift (in target 'Kanpan' from project 'Kanpan')
    cd /Users/mdd/zhk/kanpan-ringtone/Kanpan
    

SwiftCompile normal x86_64 /Users/mdd/zhk/kanpan-ringtone/Kanpan/Kanpan/Diagnostics/DiagnosticsCenter.swift (in target 'Kanpan' from project 'Kanpan')
    cd /Users/mdd/zhk/kanpan-ringtone/Kanpan
    

SwiftCompile normal x86_64 /Users/mdd/zhk/kanpan-ringtone/Kanpan/Kanpan/Diagnostics/DiagnosticsStore.swift (in target 'Kanpan' from project 'Kanpan')
    cd /Users/mdd/zhk/kanpan-ringtone/Kanpan
    

SwiftCompile normal x86_64 /Users/mdd/zhk/kanpan-ringtone/Kanpan/Kanpan/Diagnostics/FrameProbe.swift (in target 'Kanpan' from project 'Kanpan')
    cd /Users/mdd/zhk/kanpan-ringtone/Kanpan
    

SwiftCompile normal x86_64 /Users/mdd/zhk/kanpan-ringtone/Kanpan/Kanpan/Diagnostics/FrameReportStore.swift (in target 'Kanpan' from project 'Kanpan')
    cd /Users/mdd/zhk/kanpan-ringtone/Kanpan
    

SwiftCompile normal x86_64 /Users/mdd/zhk/kanpan-ringtone/Kanpan/Kanpan/Diagnostics/FrameStats.swift (in target 'Kanpan' from project 'Kanpan')
    cd /Users/mdd/zhk/kanpan-ringtone/Kanpan
    

SwiftCompile normal x86_64 /Users/mdd/zhk/kanpan-ringtone/Kanpan/Kanpan/Diagnostics/MeasurementText.swift (in target 'Kanpan' from project 'Kanpan')
    cd /Users/mdd/zhk/kanpan-ringtone/Kanpan
    

SwiftCompile normal x86_64 /Users/mdd/zhk/kanpan-ringtone/Kanpan/Kanpan/Diagnostics/PayloadDigest.swift (in target 'Kanpan' from project 'Kanpan')
    cd /Users/mdd/zhk/kanpan-ringtone/Kanpan
    

SwiftCompile normal x86_64 /Users/mdd/zhk/kanpan-ringtone/Kanpan/Kanpan/Drawing/DrawingBar.swift (in target 'Kanpan' from project 'Kanpan')
    cd /Users/mdd/zhk/kanpan-ringtone/Kanpan
    

SwiftCompile normal x86_64 /Users/mdd/zhk/kanpan-ringtone/Kanpan/Kanpan/Drawing/DrawingController.swift (in target 'Kanpan' from project 'Kanpan')
    cd /Users/mdd/zhk/kanpan-ringtone/Kanpan
    

SwiftCompile normal x86_64 /Users/mdd/zhk/kanpan-ringtone/Kanpan/Kanpan/Drawing/DrawingGlyph.swift (in target 'Kanpan' from project 'Kanpan')
    cd /Users/mdd/zhk/kanpan-ringtone/Kanpan
    

SwiftCompile normal x86_64 /Users/mdd/zhk/kanpan-ringtone/Kanpan/Kanpan/Drawing/DrawingSymbolSwitcher.swift (in target 'Kanpan' from project 'Kanpan')
    cd /Users/mdd/zhk/kanpan-ringtone/Kanpan
    

SwiftDriverJobDiscovery normal x86_64 Compiling AccountFeature.swift, AccountView.swift, AppAccountBridge.swift, PersonalFileStorage.swift, PersonalSyncCodec.swift, AlertArchive.swift, AlertEngine.swift, AlertListPage.swift, AlertNotifications.swift, AlertPermission.swift, AlertPrompt.swift, AlertStore.swift, AlertWatcher.swift (in target 'Kanpan' from project 'Kanpan')

SwiftCompile normal arm64 Compiling\ SymbolFixtures.swift,\ SymbolPickerModel.swift,\ SymbolPickerView.swift,\ SymbolPrefs.swift,\ SymbolPreviewCard.swift,\ SymbolQuery.swift,\ SymbolSearchView.swift,\ SymbolSections.swift,\ SymbolTickerFeed.swift,\ KanpanApp.swift,\ MemoryWarningRelay.swift,\ GeneratedAssetSymbols.swift /Users/mdd/zhk/kanpan-ringtone/Kanpan/Kanpan/Symbols/SymbolFixtures.swift /Users/mdd/zhk/kanpan-ringtone/Kanpan/Kanpan/Symbols/SymbolPickerModel.swift /Users/mdd/zhk/kanpan-ringtone/Kanpan/Kanpan/Symbols/SymbolPickerView.swift /Users/mdd/zhk/kanpan-ringtone/Kanpan/Kanpan/Symbols/SymbolPrefs.swift /Users/mdd/zhk/kanpan-ringtone/Kanpan/Kanpan/Symbols/SymbolPreviewCard.swift /Users/mdd/zhk/kanpan-ringtone/Kanpan/Kanpan/Symbols/SymbolQuery.swift /Users/mdd/zhk/kanpan-ringtone/Kanpan/Kanpan/Symbols/SymbolSearchView.swift /Users/mdd/zhk/kanpan-ringtone/Kanpan/Kanpan/Symbols/SymbolSections.swift /Users/mdd/zhk/kanpan-ringtone/Kanpan/Kanpan/Symbols/SymbolTickerFeed.swift /Users/mdd/zhk/kanpan-ringtone/Kanpan/Kanpan/KanpanApp.swift /Users/mdd/zhk/kanpan-ringtone/Kanpan/Kanpan/MemoryWarningRelay.swift /Users/mdd/zhk/kanpan-ringtone/DerivedData-ringtone/Build/Intermediates.noindex/Kanpan.build/Debug-iphonesimulator/Kanpan.build/DerivedSources/GeneratedAssetSymbols.swift (in target 'Kanpan' from project 'Kanpan')

SwiftCompile normal arm64 /Users/mdd/zhk/kanpan-ringtone/Kanpan/Kanpan/Symbols/SymbolFixtures.swift (in target 'Kanpan' from project 'Kanpan')
    cd /Users/mdd/zhk/kanpan-ringtone/Kanpan
    

SwiftCompile normal arm64 /Users/mdd/zhk/kanpan-ringtone/Kanpan/Kanpan/Symbols/SymbolPickerModel.swift (in target 'Kanpan' from project 'Kanpan')
    cd /Users/mdd/zhk/kanpan-ringtone/Kanpan
    

SwiftCompile normal arm64 /Users/mdd/zhk/kanpan-ringtone/Kanpan/Kanpan/Symbols/SymbolPickerView.swift (in target 'Kanpan' from project 'Kanpan')
    cd /Users/mdd/zhk/kanpan-ringtone/Kanpan
    

SwiftCompile normal arm64 /Users/mdd/zhk/kanpan-ringtone/Kanpan/Kanpan/Symbols/SymbolPrefs.swift (in target 'Kanpan' from project 'Kanpan')
    cd /Users/mdd/zhk/kanpan-ringtone/Kanpan
    

SwiftCompile normal arm64 /Users/mdd/zhk/kanpan-ringtone/Kanpan/Kanpan/Symbols/SymbolPreviewCard.swift (in target 'Kanpan' from project 'Kanpan')
    cd /Users/mdd/zhk/kanpan-ringtone/Kanpan
    

SwiftCompile normal arm64 /Users/mdd/zhk/kanpan-ringtone/Kanpan/Kanpan/Symbols/SymbolQuery.swift (in target 'Kanpan' from project 'Kanpan')
    cd /Users/mdd/zhk/kanpan-ringtone/Kanpan
    

SwiftCompile normal arm64 /Users/mdd/zhk/kanpan-ringtone/Kanpan/Kanpan/Symbols/SymbolSearchView.swift (in target 'Kanpan' from project 'Kanpan')
    cd /Users/mdd/zhk/kanpan-ringtone/Kanpan
    

SwiftCompile normal arm64 /Users/mdd/zhk/kanpan-ringtone/Kanpan/Kanpan/Symbols/SymbolSections.swift (in target 'Kanpan' from project 'Kanpan')
    cd /Users/mdd/zhk/kanpan-ringtone/Kanpan
    

SwiftCompile normal arm64 /Users/mdd/zhk/kanpan-ringtone/Kanpan/Kanpan/Symbols/SymbolTickerFeed.swift (in target 'Kanpan' from project 'Kanpan')
    cd /Users/mdd/zhk/kanpan-ringtone/Kanpan
    

SwiftCompile normal arm64 /Users/mdd/zhk/kanpan-ringtone/Kanpan/Kanpan/KanpanApp.swift (in target 'Kanpan' from project 'Kanpan')
    cd /Users/mdd/zhk/kanpan-ringtone/Kanpan
    

SwiftCompile normal arm64 /Users/mdd/zhk/kanpan-ringtone/Kanpan/Kanpan/MemoryWarningRelay.swift (in target 'Kanpan' from project 'Kanpan')
    cd /Users/mdd/zhk/kanpan-ringtone/Kanpan
    

SwiftCompile normal arm64 /Users/mdd/zhk/kanpan-ringtone/DerivedData-ringtone/Build/Intermediates.noindex/Kanpan.build/Debug-iphonesimulator/Kanpan.build/DerivedSources/GeneratedAssetSymbols.swift (in target 'Kanpan' from project 'Kanpan')
    cd /Users/mdd/zhk/kanpan-ringtone/Kanpan
    

SwiftDriverJobDiscovery normal x86_64 Compiling PushRegistration.swift, ReviewDueNotifications.swift, DiagnosticsCenter.swift, DiagnosticsStore.swift, FrameProbe.swift, FrameReportStore.swift, FrameStats.swift, MeasurementText.swift, PayloadDigest.swift, DrawingBar.swift, DrawingController.swift, DrawingGlyph.swift, DrawingSymbolSwitcher.swift (in target 'Kanpan' from project 'Kanpan')

SwiftDriverJobDiscovery normal arm64 Compiling SymbolFixtures.swift, SymbolPickerModel.swift, SymbolPickerView.swift, SymbolPrefs.swift, SymbolPreviewCard.swift, SymbolQuery.swift, SymbolSearchView.swift, SymbolSections.swift, SymbolTickerFeed.swift, KanpanApp.swift, MemoryWarningRelay.swift, GeneratedAssetSymbols.swift (in target 'Kanpan' from project 'Kanpan')

LinkAssetCatalog /Users/mdd/zhk/kanpan-ringtone/Kanpan/Kanpan/Assets.xcassets (in target 'Kanpan' from project 'Kanpan')
    cd /Users/mdd/zhk/kanpan-ringtone/Kanpan
    builtin-linkAssetCatalog --thinned /Users/mdd/zhk/kanpan-ringtone/DerivedData-ringtone/Build/Intermediates.noindex/Kanpan.build/Debug-iphonesimulator/Kanpan.build/assetcatalog_output/thinned --thinned-dependencies /Users/mdd/zhk/kanpan-ringtone/DerivedData-ringtone/Build/Intermediates.noindex/Kanpan.build/Debug-iphonesimulator/Kanpan.build/assetcatalog_dependencies_thinned --thinned-info-plist-content /Users/mdd/zhk/kanpan-ringtone/DerivedData-ringtone/Build/Intermediates.noindex/Kanpan.build/Debug-iphonesimulator/Kanpan.build/assetcatalog_generated_info.plist_thinned --unthinned /Users/mdd/zhk/kanpan-ringtone/DerivedData-ringtone/Build/Intermediates.noindex/Kanpan.build/Debug-iphonesimulator/Kanpan.build/assetcatalog_output/unthinned --unthinned-dependencies /Users/mdd/zhk/kanpan-ringtone/DerivedData-ringtone/Build/Intermediates.noindex/Kanpan.build/Debug-iphonesimulator/Kanpan.build/assetcatalog_dependencies_unthinned --unthinned-info-plist-content /Users/mdd/zhk/kanpan-ringtone/DerivedData-ringtone/Build/Intermediates.noindex/Kanpan.build/Debug-iphonesimulator/Kanpan.build/assetcatalog_generated_info.plist_unthinned --output /Users/mdd/zhk/kanpan-ringtone/DerivedData-ringtone/Build/Products/Debug-iphonesimulator/Kanpan.app --plist-output /Users/mdd/zhk/kanpan-ringtone/DerivedData-ringtone/Build/Intermediates.noindex/Kanpan.build/Debug-iphonesimulator/Kanpan.build/assetcatalog_generated_info.plist
note: Emplaced /Users/mdd/zhk/kanpan-ringtone/DerivedData-ringtone/Build/Products/Debug-iphonesimulator/Kanpan.app/AppIcon76x76@2x~ipad.png (in target 'Kanpan' from project 'Kanpan')
note: Emplaced /Users/mdd/zhk/kanpan-ringtone/DerivedData-ringtone/Build/Products/Debug-iphonesimulator/Kanpan.app/AppIcon60x60@2x.png (in target 'Kanpan' from project 'Kanpan')
note: Emplaced /Users/mdd/zhk/kanpan-ringtone/DerivedData-ringtone/Build/Products/Debug-iphonesimulator/Kanpan.app/Assets.car (in target 'Kanpan' from project 'Kanpan')

SwiftCompile normal arm64 Compiling\ PushRegistration.swift,\ ReviewDueNotifications.swift,\ DiagnosticsCenter.swift,\ DiagnosticsStore.swift,\ FrameProbe.swift,\ FrameReportStore.swift,\ FrameStats.swift,\ MeasurementText.swift,\ PayloadDigest.swift,\ DrawingBar.swift,\ DrawingController.swift,\ DrawingGlyph.swift,\ DrawingSymbolSwitcher.swift /Users/mdd/zhk/kanpan-ringtone/Kanpan/Kanpan/Alerts/PushRegistration.swift /Users/mdd/zhk/kanpan-ringtone/Kanpan/Kanpan/Alerts/ReviewDueNotifications.swift /Users/mdd/zhk/kanpan-ringtone/Kanpan/Kanpan/Diagnostics/DiagnosticsCenter.swift /Users/mdd/zhk/kanpan-ringtone/Kanpan/Kanpan/Diagnostics/DiagnosticsStore.swift /Users/mdd/zhk/kanpan-ringtone/Kanpan/Kanpan/Diagnostics/FrameProbe.swift /Users/mdd/zhk/kanpan-ringtone/Kanpan/Kanpan/Diagnostics/FrameReportStore.swift /Users/mdd/zhk/kanpan-ringtone/Kanpan/Kanpan/Diagnostics/FrameStats.swift /Users/mdd/zhk/kanpan-ringtone/Kanpan/Kanpan/Diagnostics/MeasurementText.swift /Users/mdd/zhk/kanpan-ringtone/Kanpan/Kanpan/Diagnostics/PayloadDigest.swift /Users/mdd/zhk/kanpan-ringtone/Kanpan/Kanpan/Drawing/DrawingBar.swift /Users/mdd/zhk/kanpan-ringtone/Kanpan/Kanpan/Drawing/DrawingController.swift /Users/mdd/zhk/kanpan-ringtone/Kanpan/Kanpan/Drawing/DrawingGlyph.swift /Users/mdd/zhk/kanpan-ringtone/Kanpan/Kanpan/Drawing/DrawingSymbolSwitcher.swift (in target 'Kanpan' from project 'Kanpan')
SwiftCompile normal arm64 /Users/mdd/zhk/kanpan-ringtone/Kanpan/Kanpan/Alerts/PushRegistration.swift (in target 'Kanpan' from project 'Kanpan')
    cd /Users/mdd/zhk/kanpan-ringtone/Kanpan
    

SwiftCompile normal arm64 /Users/mdd/zhk/kanpan-ringtone/Kanpan/Kanpan/Alerts/ReviewDueNotifications.swift (in target 'Kanpan' from project 'Kanpan')
    cd /Users/mdd/zhk/kanpan-ringtone/Kanpan
    

SwiftCompile normal arm64 /Users/mdd/zhk/kanpan-ringtone/Kanpan/Kanpan/Diagnostics/DiagnosticsCenter.swift (in target 'Kanpan' from project 'Kanpan')
    cd /Users/mdd/zhk/kanpan-ringtone/Kanpan
    

SwiftCompile normal arm64 /Users/mdd/zhk/kanpan-ringtone/Kanpan/Kanpan/Diagnostics/DiagnosticsStore.swift (in target 'Kanpan' from project 'Kanpan')
    cd /Users/mdd/zhk/kanpan-ringtone/Kanpan
    

SwiftCompile normal arm64 /Users/mdd/zhk/kanpan-ringtone/Kanpan/Kanpan/Diagnostics/FrameProbe.swift (in target 'Kanpan' from project 'Kanpan')
    cd /Users/mdd/zhk/kanpan-ringtone/Kanpan
    

SwiftCompile normal arm64 /Users/mdd/zhk/kanpan-ringtone/Kanpan/Kanpan/Diagnostics/FrameReportStore.swift (in target 'Kanpan' from project 'Kanpan')
    cd /Users/mdd/zhk/kanpan-ringtone/Kanpan
    

SwiftCompile normal arm64 /Users/mdd/zhk/kanpan-ringtone/Kanpan/Kanpan/Diagnostics/FrameStats.swift (in target 'Kanpan' from project 'Kanpan')
    cd /Users/mdd/zhk/kanpan-ringtone/Kanpan
    

SwiftCompile normal arm64 /Users/mdd/zhk/kanpan-ringtone/Kanpan/Kanpan/Diagnostics/MeasurementText.swift (in target 'Kanpan' from project 'Kanpan')
    cd /Users/mdd/zhk/kanpan-ringtone/Kanpan
    

SwiftCompile normal arm64 /Users/mdd/zhk/kanpan-ringtone/Kanpan/Kanpan/Diagnostics/PayloadDigest.swift (in target 'Kanpan' from project 'Kanpan')
    cd /Users/mdd/zhk/kanpan-ringtone/Kanpan
    

SwiftCompile normal arm64 /Users/mdd/zhk/kanpan-ringtone/Kanpan/Kanpan/Drawing/DrawingBar.swift (in target 'Kanpan' from project 'Kanpan')
    cd /Users/mdd/zhk/kanpan-ringtone/Kanpan
    

SwiftCompile normal arm64 /Users/mdd/zhk/kanpan-ringtone/Kanpan/Kanpan/Drawing/DrawingController.swift (in target 'Kanpan' from project 'Kanpan')
    cd /Users/mdd/zhk/kanpan-ringtone/Kanpan
    

SwiftCompile normal arm64 /Users/mdd/zhk/kanpan-ringtone/Kanpan/Kanpan/Drawing/DrawingGlyph.swift (in target 'Kanpan' from project 'Kanpan')
    cd /Users/mdd/zhk/kanpan-ringtone/Kanpan
    

SwiftCompile normal arm64 /Users/mdd/zhk/kanpan-ringtone/Kanpan/Kanpan/Drawing/DrawingSymbolSwitcher.swift (in target 'Kanpan' from project 'Kanpan')
    cd /Users/mdd/zhk/kanpan-ringtone/Kanpan
    

SwiftCompile normal x86_64 Compiling\ SettingsPanel.swift,\ SwipeToDelete.swift,\ ReviewChartBridge.swift,\ ReviewRangeOverlay.swift,\ SectorAllSheet.swift,\ SectorBubbleField.swift,\ SectorBubbleRenderer.swift,\ SectorDrillDecision.swift,\ SectorFeed.swift,\ SectorHistoryFeed.swift,\ SectorIcon.swift,\ SectorLayout.swift /Users/mdd/zhk/kanpan-ringtone/Kanpan/Kanpan/Panels/SettingsPanel.swift /Users/mdd/zhk/kanpan-ringtone/Kanpan/Kanpan/Panels/SwipeToDelete.swift /Users/mdd/zhk/kanpan-ringtone/Kanpan/Kanpan/ReviewIntegration/ReviewChartBridge.swift /Users/mdd/zhk/kanpan-ringtone/Kanpan/Kanpan/ReviewIntegration/ReviewRangeOverlay.swift /Users/mdd/zhk/kanpan-ringtone/Kanpan/Kanpan/Sector/SectorAllSheet.swift /Users/mdd/zhk/kanpan-ringtone/Kanpan/Kanpan/Sector/SectorBubbleField.swift /Users/mdd/zhk/kanpan-ringtone/Kanpan/Kanpan/Sector/SectorBubbleRenderer.swift /Users/mdd/zhk/kanpan-ringtone/Kanpan/Kanpan/Sector/SectorDrillDecision.swift /Users/mdd/zhk/kanpan-ringtone/Kanpan/Kanpan/Sector/SectorFeed.swift /Users/mdd/zhk/kanpan-ringtone/Kanpan/Kanpan/Sector/SectorHistoryFeed.swift /Users/mdd/zhk/kanpan-ringtone/Kanpan/Kanpan/Sector/SectorIcon.swift /Users/mdd/zhk/kanpan-ringtone/Kanpan/Kanpan/Sector/SectorLayout.swift (in target 'Kanpan' from project 'Kanpan')
SwiftCompile normal x86_64 /Users/mdd/zhk/kanpan-ringtone/Kanpan/Kanpan/Panels/SettingsPanel.swift (in target 'Kanpan' from project 'Kanpan')
    cd /Users/mdd/zhk/kanpan-ringtone/Kanpan
    

SwiftCompile normal x86_64 /Users/mdd/zhk/kanpan-ringtone/Kanpan/Kanpan/Panels/SwipeToDelete.swift (in target 'Kanpan' from project 'Kanpan')
    cd /Users/mdd/zhk/kanpan-ringtone/Kanpan
    

SwiftCompile normal x86_64 /Users/mdd/zhk/kanpan-ringtone/Kanpan/Kanpan/ReviewIntegration/ReviewChartBridge.swift (in target 'Kanpan' from project 'Kanpan')
    cd /Users/mdd/zhk/kanpan-ringtone/Kanpan
    

SwiftCompile normal x86_64 /Users/mdd/zhk/kanpan-ringtone/Kanpan/Kanpan/ReviewIntegration/ReviewRangeOverlay.swift (in target 'Kanpan' from project 'Kanpan')
    cd /Users/mdd/zhk/kanpan-ringtone/Kanpan
    

SwiftCompile normal x86_64 /Users/mdd/zhk/kanpan-ringtone/Kanpan/Kanpan/Sector/SectorAllSheet.swift (in target 'Kanpan' from project 'Kanpan')
    cd /Users/mdd/zhk/kanpan-ringtone/Kanpan
    

SwiftCompile normal x86_64 /Users/mdd/zhk/kanpan-ringtone/Kanpan/Kanpan/Sector/SectorBubbleField.swift (in target 'Kanpan' from project 'Kanpan')
    cd /Users/mdd/zhk/kanpan-ringtone/Kanpan
    

SwiftCompile normal x86_64 /Users/mdd/zhk/kanpan-ringtone/Kanpan/Kanpan/Sector/SectorBubbleRenderer.swift (in target 'Kanpan' from project 'Kanpan')
    cd /Users/mdd/zhk/kanpan-ringtone/Kanpan
    

SwiftCompile normal x86_64 /Users/mdd/zhk/kanpan-ringtone/Kanpan/Kanpan/Sector/SectorDrillDecision.swift (in target 'Kanpan' from project 'Kanpan')
    cd /Users/mdd/zhk/kanpan-ringtone/Kanpan
    

SwiftCompile normal x86_64 /Users/mdd/zhk/kanpan-ringtone/Kanpan/Kanpan/Sector/SectorFeed.swift (in target 'Kanpan' from project 'Kanpan')
    cd /Users/mdd/zhk/kanpan-ringtone/Kanpan
    

SwiftCompile normal x86_64 /Users/mdd/zhk/kanpan-ringtone/Kanpan/Kanpan/Sector/SectorHistoryFeed.swift (in target 'Kanpan' from project 'Kanpan')
    cd /Users/mdd/zhk/kanpan-ringtone/Kanpan
    

SwiftCompile normal x86_64 /Users/mdd/zhk/kanpan-ringtone/Kanpan/Kanpan/Sector/SectorIcon.swift (in target 'Kanpan' from project 'Kanpan')
    cd /Users/mdd/zhk/kanpan-ringtone/Kanpan
    

SwiftCompile normal x86_64 /Users/mdd/zhk/kanpan-ringtone/Kanpan/Kanpan/Sector/SectorLayout.swift (in target 'Kanpan' from project 'Kanpan')
    cd /Users/mdd/zhk/kanpan-ringtone/Kanpan
    

SwiftDriverJobDiscovery normal arm64 Compiling LandscapeChrome.swift, LaunchPrewarm.swift, MainScreen.swift, MainThreadHeartbeat.swift, MarketModel.swift, MarketNetworkMonitor.swift, MarketStats.swift, OrientationBridge.swift, QuoteBook.swift, ReadableColumn.swift, RootTeardown.swift, ScanList.swift (in target 'Kanpan' from project 'Kanpan')

SwiftCompile normal arm64 Compiling\ StreamHostProbe.swift,\ TabBar.swift,\ TopBar.swift,\ VectorIcon.swift,\ ChartPanel.swift,\ DisplaySettingsSection.swift,\ IndicatorPanel.swift,\ PanelChrome.swift,\ PanelDismissShield.swift,\ PanelPresentation.swift,\ PanelTheme.swift,\ ReviewThemeBridge.swift /Users/mdd/zhk/kanpan-ringtone/Kanpan/Kanpan/Main/StreamHostProbe.swift /Users/mdd/zhk/kanpan-ringtone/Kanpan/Kanpan/Main/TabBar.swift /Users/mdd/zhk/kanpan-ringtone/Kanpan/Kanpan/Main/TopBar.swift /Users/mdd/zhk/kanpan-ringtone/Kanpan/Kanpan/Main/VectorIcon.swift /Users/mdd/zhk/kanpan-ringtone/Kanpan/Kanpan/Panels/ChartPanel.swift /Users/mdd/zhk/kanpan-ringtone/Kanpan/Kanpan/Panels/DisplaySettingsSection.swift /Users/mdd/zhk/kanpan-ringtone/Kanpan/Kanpan/Panels/IndicatorPanel.swift /Users/mdd/zhk/kanpan-ringtone/Kanpan/Kanpan/Panels/PanelChrome.swift /Users/mdd/zhk/kanpan-ringtone/Kanpan/Kanpan/Panels/PanelDismissShield.swift /Users/mdd/zhk/kanpan-ringtone/Kanpan/Kanpan/Panels/PanelPresentation.swift /Users/mdd/zhk/kanpan-ringtone/Kanpan/Kanpan/Panels/PanelTheme.swift /Users/mdd/zhk/kanpan-ringtone/Kanpan/Kanpan/Panels/ReviewThemeBridge.swift (in target 'Kanpan' from project 'Kanpan')
SwiftCompile normal arm64 /Users/mdd/zhk/kanpan-ringtone/Kanpan/Kanpan/Main/StreamHostProbe.swift (in target 'Kanpan' from project 'Kanpan')
    cd /Users/mdd/zhk/kanpan-ringtone/Kanpan
    

SwiftCompile normal arm64 /Users/mdd/zhk/kanpan-ringtone/Kanpan/Kanpan/Main/TabBar.swift (in target 'Kanpan' from project 'Kanpan')
    cd /Users/mdd/zhk/kanpan-ringtone/Kanpan
    

SwiftCompile normal arm64 /Users/mdd/zhk/kanpan-ringtone/Kanpan/Kanpan/Main/TopBar.swift (in target 'Kanpan' from project 'Kanpan')
    cd /Users/mdd/zhk/kanpan-ringtone/Kanpan
    

SwiftCompile normal arm64 /Users/mdd/zhk/kanpan-ringtone/Kanpan/Kanpan/Main/VectorIcon.swift (in target 'Kanpan' from project 'Kanpan')
    cd /Users/mdd/zhk/kanpan-ringtone/Kanpan
    

SwiftCompile normal arm64 /Users/mdd/zhk/kanpan-ringtone/Kanpan/Kanpan/Panels/ChartPanel.swift (in target 'Kanpan' from project 'Kanpan')
    cd /Users/mdd/zhk/kanpan-ringtone/Kanpan
    

SwiftCompile normal arm64 /Users/mdd/zhk/kanpan-ringtone/Kanpan/Kanpan/Panels/DisplaySettingsSection.swift (in target 'Kanpan' from project 'Kanpan')
    cd /Users/mdd/zhk/kanpan-ringtone/Kanpan
    

SwiftCompile normal arm64 /Users/mdd/zhk/kanpan-ringtone/Kanpan/Kanpan/Panels/IndicatorPanel.swift (in target 'Kanpan' from project 'Kanpan')
    cd /Users/mdd/zhk/kanpan-ringtone/Kanpan
    

SwiftCompile normal arm64 /Users/mdd/zhk/kanpan-ringtone/Kanpan/Kanpan/Panels/PanelChrome.swift (in target 'Kanpan' from project 'Kanpan')
    cd /Users/mdd/zhk/kanpan-ringtone/Kanpan
    

SwiftCompile normal arm64 /Users/mdd/zhk/kanpan-ringtone/Kanpan/Kanpan/Panels/PanelDismissShield.swift (in target 'Kanpan' from project 'Kanpan')
    cd /Users/mdd/zhk/kanpan-ringtone/Kanpan
    

SwiftCompile normal arm64 /Users/mdd/zhk/kanpan-ringtone/Kanpan/Kanpan/Panels/PanelPresentation.swift (in target 'Kanpan' from project 'Kanpan')
    cd /Users/mdd/zhk/kanpan-ringtone/Kanpan
    

SwiftCompile normal arm64 /Users/mdd/zhk/kanpan-ringtone/Kanpan/Kanpan/Panels/PanelTheme.swift (in target 'Kanpan' from project 'Kanpan')
    cd /Users/mdd/zhk/kanpan-ringtone/Kanpan
    

SwiftCompile normal arm64 /Users/mdd/zhk/kanpan-ringtone/Kanpan/Kanpan/Panels/ReviewThemeBridge.swift (in target 'Kanpan' from project 'Kanpan')
    cd /Users/mdd/zhk/kanpan-ringtone/Kanpan
    

SwiftDriverJobDiscovery normal arm64 Compiling PushRegistration.swift, ReviewDueNotifications.swift, DiagnosticsCenter.swift, DiagnosticsStore.swift, FrameProbe.swift, FrameReportStore.swift, FrameStats.swift, MeasurementText.swift, PayloadDigest.swift, DrawingBar.swift, DrawingController.swift, DrawingGlyph.swift, DrawingSymbolSwitcher.swift (in target 'Kanpan' from project 'Kanpan')

SwiftCompile normal arm64 Compiling\ SectorPage.swift,\ SectorRows.swift,\ SectorSymbolList.swift,\ SectorWindowChoice.swift,\ AlertSound.swift,\ APIHost.swift,\ ChartViewport.swift,\ DisplayComfortPolicy.swift,\ IndicatorDraft.swift,\ IndicatorParamRule.swift,\ LaunchThemeMirror.swift,\ MarketCache.swift /Users/mdd/zhk/kanpan-ringtone/Kanpan/Kanpan/Sector/SectorPage.swift /Users/mdd/zhk/kanpan-ringtone/Kanpan/Kanpan/Sector/SectorRows.swift /Users/mdd/zhk/kanpan-ringtone/Kanpan/Kanpan/Sector/SectorSymbolList.swift /Users/mdd/zhk/kanpan-ringtone/Kanpan/Kanpan/Sector/SectorWindowChoice.swift /Users/mdd/zhk/kanpan-ringtone/Kanpan/Kanpan/Settings/Model/AlertSound.swift /Users/mdd/zhk/kanpan-ringtone/Kanpan/Kanpan/Settings/Model/APIHost.swift /Users/mdd/zhk/kanpan-ringtone/Kanpan/Kanpan/Settings/Model/ChartViewport.swift /Users/mdd/zhk/kanpan-ringtone/Kanpan/Kanpan/Settings/Model/DisplayComfortPolicy.swift /Users/mdd/zhk/kanpan-ringtone/Kanpan/Kanpan/Settings/Model/IndicatorDraft.swift /Users/mdd/zhk/kanpan-ringtone/Kanpan/Kanpan/Settings/Model/IndicatorParamRule.swift /Users/mdd/zhk/kanpan-ringtone/Kanpan/Kanpan/Settings/Model/LaunchThemeMirror.swift /Users/mdd/zhk/kanpan-ringtone/Kanpan/Kanpan/Settings/Model/MarketCache.swift (in target 'Kanpan' from project 'Kanpan')
SwiftCompile normal arm64 /Users/mdd/zhk/kanpan-ringtone/Kanpan/Kanpan/Sector/SectorPage.swift (in target 'Kanpan' from project 'Kanpan')
    cd /Users/mdd/zhk/kanpan-ringtone/Kanpan
    

SwiftCompile normal arm64 /Users/mdd/zhk/kanpan-ringtone/Kanpan/Kanpan/Sector/SectorRows.swift (in target 'Kanpan' from project 'Kanpan')
    cd /Users/mdd/zhk/kanpan-ringtone/Kanpan
    

SwiftCompile normal arm64 /Users/mdd/zhk/kanpan-ringtone/Kanpan/Kanpan/Sector/SectorSymbolList.swift (in target 'Kanpan' from project 'Kanpan')
    cd /Users/mdd/zhk/kanpan-ringtone/Kanpan
    

SwiftCompile normal arm64 /Users/mdd/zhk/kanpan-ringtone/Kanpan/Kanpan/Sector/SectorWindowChoice.swift (in target 'Kanpan' from project 'Kanpan')
    cd /Users/mdd/zhk/kanpan-ringtone/Kanpan
    

SwiftCompile normal arm64 /Users/mdd/zhk/kanpan-ringtone/Kanpan/Kanpan/Settings/Model/AlertSound.swift (in target 'Kanpan' from project 'Kanpan')
    cd /Users/mdd/zhk/kanpan-ringtone/Kanpan
    

SwiftCompile normal arm64 /Users/mdd/zhk/kanpan-ringtone/Kanpan/Kanpan/Settings/Model/APIHost.swift (in target 'Kanpan' from project 'Kanpan')
    cd /Users/mdd/zhk/kanpan-ringtone/Kanpan
    

SwiftCompile normal arm64 /Users/mdd/zhk/kanpan-ringtone/Kanpan/Kanpan/Settings/Model/ChartViewport.swift (in target 'Kanpan' from project 'Kanpan')
    cd /Users/mdd/zhk/kanpan-ringtone/Kanpan
    

SwiftCompile normal arm64 /Users/mdd/zhk/kanpan-ringtone/Kanpan/Kanpan/Settings/Model/DisplayComfortPolicy.swift (in target 'Kanpan' from project 'Kanpan')
    cd /Users/mdd/zhk/kanpan-ringtone/Kanpan
    

SwiftCompile normal arm64 /Users/mdd/zhk/kanpan-ringtone/Kanpan/Kanpan/Settings/Model/IndicatorDraft.swift (in target 'Kanpan' from project 'Kanpan')
    cd /Users/mdd/zhk/kanpan-ringtone/Kanpan
    

SwiftCompile normal arm64 /Users/mdd/zhk/kanpan-ringtone/Kanpan/Kanpan/Settings/Model/IndicatorParamRule.swift (in target 'Kanpan' from project 'Kanpan')
    cd /Users/mdd/zhk/kanpan-ringtone/Kanpan
    

SwiftCompile normal arm64 /Users/mdd/zhk/kanpan-ringtone/Kanpan/Kanpan/Settings/Model/LaunchThemeMirror.swift (in target 'Kanpan' from project 'Kanpan')
    cd /Users/mdd/zhk/kanpan-ringtone/Kanpan
    

SwiftCompile normal arm64 /Users/mdd/zhk/kanpan-ringtone/Kanpan/Kanpan/Settings/Model/MarketCache.swift (in target 'Kanpan' from project 'Kanpan')
    cd /Users/mdd/zhk/kanpan-ringtone/Kanpan
    

SwiftDriverJobDiscovery normal x86_64 Compiling SettingsPanel.swift, SwipeToDelete.swift, ReviewChartBridge.swift, ReviewRangeOverlay.swift, SectorAllSheet.swift, SectorBubbleField.swift, SectorBubbleRenderer.swift, SectorDrillDecision.swift, SectorFeed.swift, SectorHistoryFeed.swift, SectorIcon.swift, SectorLayout.swift (in target 'Kanpan' from project 'Kanpan')

SwiftCompile normal arm64 Compiling\ AccountFeature.swift,\ AccountView.swift,\ AppAccountBridge.swift,\ PersonalFileStorage.swift,\ PersonalSyncCodec.swift,\ AlertArchive.swift,\ AlertEngine.swift,\ AlertListPage.swift,\ AlertNotifications.swift,\ AlertPermission.swift,\ AlertPrompt.swift,\ AlertStore.swift,\ AlertWatcher.swift /Users/mdd/zhk/kanpan-ringtone/Kanpan/Kanpan/Account/AccountFeature.swift /Users/mdd/zhk/kanpan-ringtone/Kanpan/Kanpan/Account/AccountView.swift /Users/mdd/zhk/kanpan-ringtone/Kanpan/Kanpan/Account/AppAccountBridge.swift /Users/mdd/zhk/kanpan-ringtone/Kanpan/Kanpan/Account/PersonalFileStorage.swift /Users/mdd/zhk/kanpan-ringtone/Kanpan/Kanpan/Account/PersonalSyncCodec.swift /Users/mdd/zhk/kanpan-ringtone/Kanpan/Kanpan/Alerts/AlertArchive.swift /Users/mdd/zhk/kanpan-ringtone/Kanpan/Kanpan/Alerts/AlertEngine.swift /Users/mdd/zhk/kanpan-ringtone/Kanpan/Kanpan/Alerts/AlertListPage.swift /Users/mdd/zhk/kanpan-ringtone/Kanpan/Kanpan/Alerts/AlertNotifications.swift /Users/mdd/zhk/kanpan-ringtone/Kanpan/Kanpan/Alerts/AlertPermission.swift /Users/mdd/zhk/kanpan-ringtone/Kanpan/Kanpan/Alerts/AlertPrompt.swift /Users/mdd/zhk/kanpan-ringtone/Kanpan/Kanpan/Alerts/AlertStore.swift /Users/mdd/zhk/kanpan-ringtone/Kanpan/Kanpan/Alerts/AlertWatcher.swift (in target 'Kanpan' from project 'Kanpan')
SwiftCompile normal arm64 /Users/mdd/zhk/kanpan-ringtone/Kanpan/Kanpan/Account/AccountFeature.swift (in target 'Kanpan' from project 'Kanpan')
    cd /Users/mdd/zhk/kanpan-ringtone/Kanpan
    

SwiftCompile normal arm64 /Users/mdd/zhk/kanpan-ringtone/Kanpan/Kanpan/Account/AccountView.swift (in target 'Kanpan' from project 'Kanpan')
    cd /Users/mdd/zhk/kanpan-ringtone/Kanpan
    

SwiftCompile normal arm64 /Users/mdd/zhk/kanpan-ringtone/Kanpan/Kanpan/Account/AppAccountBridge.swift (in target 'Kanpan' from project 'Kanpan')
    cd /Users/mdd/zhk/kanpan-ringtone/Kanpan
    

SwiftCompile normal arm64 /Users/mdd/zhk/kanpan-ringtone/Kanpan/Kanpan/Account/PersonalFileStorage.swift (in target 'Kanpan' from project 'Kanpan')
    cd /Users/mdd/zhk/kanpan-ringtone/Kanpan
    

SwiftCompile normal arm64 /Users/mdd/zhk/kanpan-ringtone/Kanpan/Kanpan/Account/PersonalSyncCodec.swift (in target 'Kanpan' from project 'Kanpan')
    cd /Users/mdd/zhk/kanpan-ringtone/Kanpan
    

SwiftCompile normal arm64 /Users/mdd/zhk/kanpan-ringtone/Kanpan/Kanpan/Alerts/AlertArchive.swift (in target 'Kanpan' from project 'Kanpan')
    cd /Users/mdd/zhk/kanpan-ringtone/Kanpan
    

SwiftCompile normal arm64 /Users/mdd/zhk/kanpan-ringtone/Kanpan/Kanpan/Alerts/AlertEngine.swift (in target 'Kanpan' from project 'Kanpan')
    cd /Users/mdd/zhk/kanpan-ringtone/Kanpan
    

SwiftCompile normal arm64 /Users/mdd/zhk/kanpan-ringtone/Kanpan/Kanpan/Alerts/AlertListPage.swift (in target 'Kanpan' from project 'Kanpan')
    cd /Users/mdd/zhk/kanpan-ringtone/Kanpan
    

SwiftCompile normal arm64 /Users/mdd/zhk/kanpan-ringtone/Kanpan/Kanpan/Alerts/AlertNotifications.swift (in target 'Kanpan' from project 'Kanpan')
    cd /Users/mdd/zhk/kanpan-ringtone/Kanpan
    

SwiftCompile normal arm64 /Users/mdd/zhk/kanpan-ringtone/Kanpan/Kanpan/Alerts/AlertPermission.swift (in target 'Kanpan' from project 'Kanpan')
    cd /Users/mdd/zhk/kanpan-ringtone/Kanpan
    

SwiftCompile normal arm64 /Users/mdd/zhk/kanpan-ringtone/Kanpan/Kanpan/Alerts/AlertPrompt.swift (in target 'Kanpan' from project 'Kanpan')
    cd /Users/mdd/zhk/kanpan-ringtone/Kanpan
    

SwiftCompile normal arm64 /Users/mdd/zhk/kanpan-ringtone/Kanpan/Kanpan/Alerts/AlertStore.swift (in target 'Kanpan' from project 'Kanpan')
    cd /Users/mdd/zhk/kanpan-ringtone/Kanpan
    

SwiftCompile normal arm64 /Users/mdd/zhk/kanpan-ringtone/Kanpan/Kanpan/Alerts/AlertWatcher.swift (in target 'Kanpan' from project 'Kanpan')
    cd /Users/mdd/zhk/kanpan-ringtone/Kanpan
    

SwiftDriverJobDiscovery normal arm64 Compiling StreamHostProbe.swift, TabBar.swift, TopBar.swift, VectorIcon.swift, ChartPanel.swift, DisplaySettingsSection.swift, IndicatorPanel.swift, PanelChrome.swift, PanelDismissShield.swift, PanelPresentation.swift, PanelTheme.swift, ReviewThemeBridge.swift (in target 'Kanpan' from project 'Kanpan')

SwiftCompile normal x86_64 Compiling\ StreamHostProbe.swift,\ TabBar.swift,\ TopBar.swift,\ VectorIcon.swift,\ ChartPanel.swift,\ DisplaySettingsSection.swift,\ IndicatorPanel.swift,\ PanelChrome.swift,\ PanelDismissShield.swift,\ PanelPresentation.swift,\ PanelTheme.swift,\ ReviewThemeBridge.swift /Users/mdd/zhk/kanpan-ringtone/Kanpan/Kanpan/Main/StreamHostProbe.swift /Users/mdd/zhk/kanpan-ringtone/Kanpan/Kanpan/Main/TabBar.swift /Users/mdd/zhk/kanpan-ringtone/Kanpan/Kanpan/Main/TopBar.swift /Users/mdd/zhk/kanpan-ringtone/Kanpan/Kanpan/Main/VectorIcon.swift /Users/mdd/zhk/kanpan-ringtone/Kanpan/Kanpan/Panels/ChartPanel.swift /Users/mdd/zhk/kanpan-ringtone/Kanpan/Kanpan/Panels/DisplaySettingsSection.swift /Users/mdd/zhk/kanpan-ringtone/Kanpan/Kanpan/Panels/IndicatorPanel.swift /Users/mdd/zhk/kanpan-ringtone/Kanpan/Kanpan/Panels/PanelChrome.swift /Users/mdd/zhk/kanpan-ringtone/Kanpan/Kanpan/Panels/PanelDismissShield.swift /Users/mdd/zhk/kanpan-ringtone/Kanpan/Kanpan/Panels/PanelPresentation.swift /Users/mdd/zhk/kanpan-ringtone/Kanpan/Kanpan/Panels/PanelTheme.swift /Users/mdd/zhk/kanpan-ringtone/Kanpan/Kanpan/Panels/ReviewThemeBridge.swift (in target 'Kanpan' from project 'Kanpan')
SwiftCompile normal x86_64 /Users/mdd/zhk/kanpan-ringtone/Kanpan/Kanpan/Main/StreamHostProbe.swift (in target 'Kanpan' from project 'Kanpan')
    cd /Users/mdd/zhk/kanpan-ringtone/Kanpan
    

SwiftCompile normal x86_64 /Users/mdd/zhk/kanpan-ringtone/Kanpan/Kanpan/Main/TabBar.swift (in target 'Kanpan' from project 'Kanpan')
    cd /Users/mdd/zhk/kanpan-ringtone/Kanpan
    

SwiftCompile normal x86_64 /Users/mdd/zhk/kanpan-ringtone/Kanpan/Kanpan/Main/TopBar.swift (in target 'Kanpan' from project 'Kanpan')
    cd /Users/mdd/zhk/kanpan-ringtone/Kanpan
    

SwiftCompile normal x86_64 /Users/mdd/zhk/kanpan-ringtone/Kanpan/Kanpan/Main/VectorIcon.swift (in target 'Kanpan' from project 'Kanpan')
    cd /Users/mdd/zhk/kanpan-ringtone/Kanpan
    

SwiftCompile normal x86_64 /Users/mdd/zhk/kanpan-ringtone/Kanpan/Kanpan/Panels/ChartPanel.swift (in target 'Kanpan' from project 'Kanpan')
    cd /Users/mdd/zhk/kanpan-ringtone/Kanpan
    

SwiftCompile normal x86_64 /Users/mdd/zhk/kanpan-ringtone/Kanpan/Kanpan/Panels/DisplaySettingsSection.swift (in target 'Kanpan' from project 'Kanpan')
    cd /Users/mdd/zhk/kanpan-ringtone/Kanpan
    

SwiftCompile normal x86_64 /Users/mdd/zhk/kanpan-ringtone/Kanpan/Kanpan/Panels/IndicatorPanel.swift (in target 'Kanpan' from project 'Kanpan')
    cd /Users/mdd/zhk/kanpan-ringtone/Kanpan
    

SwiftCompile normal x86_64 /Users/mdd/zhk/kanpan-ringtone/Kanpan/Kanpan/Panels/PanelChrome.swift (in target 'Kanpan' from project 'Kanpan')
    cd /Users/mdd/zhk/kanpan-ringtone/Kanpan
    

SwiftCompile normal x86_64 /Users/mdd/zhk/kanpan-ringtone/Kanpan/Kanpan/Panels/PanelDismissShield.swift (in target 'Kanpan' from project 'Kanpan')
    cd /Users/mdd/zhk/kanpan-ringtone/Kanpan
    

SwiftCompile normal x86_64 /Users/mdd/zhk/kanpan-ringtone/Kanpan/Kanpan/Panels/PanelPresentation.swift (in target 'Kanpan' from project 'Kanpan')
    cd /Users/mdd/zhk/kanpan-ringtone/Kanpan
    

SwiftCompile normal x86_64 /Users/mdd/zhk/kanpan-ringtone/Kanpan/Kanpan/Panels/PanelTheme.swift (in target 'Kanpan' from project 'Kanpan')
    cd /Users/mdd/zhk/kanpan-ringtone/Kanpan
    

SwiftCompile normal x86_64 /Users/mdd/zhk/kanpan-ringtone/Kanpan/Kanpan/Panels/ReviewThemeBridge.swift (in target 'Kanpan' from project 'Kanpan')
    cd /Users/mdd/zhk/kanpan-ringtone/Kanpan
    

SwiftDriverJobDiscovery normal arm64 Compiling SectorPage.swift, SectorRows.swift, SectorSymbolList.swift, SectorWindowChoice.swift, AlertSound.swift, APIHost.swift, ChartViewport.swift, DisplayComfortPolicy.swift, IndicatorDraft.swift, IndicatorParamRule.swift, LaunchThemeMirror.swift, MarketCache.swift (in target 'Kanpan' from project 'Kanpan')

SwiftCompile normal x86_64 Compiling\ SectorPage.swift,\ SectorRows.swift,\ SectorSymbolList.swift,\ SectorWindowChoice.swift,\ AlertSound.swift,\ APIHost.swift,\ ChartViewport.swift,\ DisplayComfortPolicy.swift,\ IndicatorDraft.swift,\ IndicatorParamRule.swift,\ LaunchThemeMirror.swift,\ MarketCache.swift /Users/mdd/zhk/kanpan-ringtone/Kanpan/Kanpan/Sector/SectorPage.swift /Users/mdd/zhk/kanpan-ringtone/Kanpan/Kanpan/Sector/SectorRows.swift /Users/mdd/zhk/kanpan-ringtone/Kanpan/Kanpan/Sector/SectorSymbolList.swift /Users/mdd/zhk/kanpan-ringtone/Kanpan/Kanpan/Sector/SectorWindowChoice.swift /Users/mdd/zhk/kanpan-ringtone/Kanpan/Kanpan/Settings/Model/AlertSound.swift /Users/mdd/zhk/kanpan-ringtone/Kanpan/Kanpan/Settings/Model/APIHost.swift /Users/mdd/zhk/kanpan-ringtone/Kanpan/Kanpan/Settings/Model/ChartViewport.swift /Users/mdd/zhk/kanpan-ringtone/Kanpan/Kanpan/Settings/Model/DisplayComfortPolicy.swift /Users/mdd/zhk/kanpan-ringtone/Kanpan/Kanpan/Settings/Model/IndicatorDraft.swift /Users/mdd/zhk/kanpan-ringtone/Kanpan/Kanpan/Settings/Model/IndicatorParamRule.swift /Users/mdd/zhk/kanpan-ringtone/Kanpan/Kanpan/Settings/Model/LaunchThemeMirror.swift /Users/mdd/zhk/kanpan-ringtone/Kanpan/Kanpan/Settings/Model/MarketCache.swift (in target 'Kanpan' from project 'Kanpan')
SwiftCompile normal x86_64 /Users/mdd/zhk/kanpan-ringtone/Kanpan/Kanpan/Sector/SectorPage.swift (in target 'Kanpan' from project 'Kanpan')
    cd /Users/mdd/zhk/kanpan-ringtone/Kanpan
    

SwiftCompile normal x86_64 /Users/mdd/zhk/kanpan-ringtone/Kanpan/Kanpan/Sector/SectorRows.swift (in target 'Kanpan' from project 'Kanpan')
    cd /Users/mdd/zhk/kanpan-ringtone/Kanpan
    

SwiftCompile normal x86_64 /Users/mdd/zhk/kanpan-ringtone/Kanpan/Kanpan/Sector/SectorSymbolList.swift (in target 'Kanpan' from project 'Kanpan')
    cd /Users/mdd/zhk/kanpan-ringtone/Kanpan
    

SwiftCompile normal x86_64 /Users/mdd/zhk/kanpan-ringtone/Kanpan/Kanpan/Sector/SectorWindowChoice.swift (in target 'Kanpan' from project 'Kanpan')
    cd /Users/mdd/zhk/kanpan-ringtone/Kanpan
    

SwiftCompile normal x86_64 /Users/mdd/zhk/kanpan-ringtone/Kanpan/Kanpan/Settings/Model/AlertSound.swift (in target 'Kanpan' from project 'Kanpan')
    cd /Users/mdd/zhk/kanpan-ringtone/Kanpan
    

SwiftCompile normal x86_64 /Users/mdd/zhk/kanpan-ringtone/Kanpan/Kanpan/Settings/Model/APIHost.swift (in target 'Kanpan' from project 'Kanpan')
    cd /Users/mdd/zhk/kanpan-ringtone/Kanpan
    

SwiftCompile normal x86_64 /Users/mdd/zhk/kanpan-ringtone/Kanpan/Kanpan/Settings/Model/ChartViewport.swift (in target 'Kanpan' from project 'Kanpan')
    cd /Users/mdd/zhk/kanpan-ringtone/Kanpan
    

SwiftCompile normal x86_64 /Users/mdd/zhk/kanpan-ringtone/Kanpan/Kanpan/Settings/Model/DisplayComfortPolicy.swift (in target 'Kanpan' from project 'Kanpan')
    cd /Users/mdd/zhk/kanpan-ringtone/Kanpan
    

SwiftCompile normal x86_64 /Users/mdd/zhk/kanpan-ringtone/Kanpan/Kanpan/Settings/Model/IndicatorDraft.swift (in target 'Kanpan' from project 'Kanpan')
    cd /Users/mdd/zhk/kanpan-ringtone/Kanpan
    

SwiftCompile normal x86_64 /Users/mdd/zhk/kanpan-ringtone/Kanpan/Kanpan/Settings/Model/IndicatorParamRule.swift (in target 'Kanpan' from project 'Kanpan')
    cd /Users/mdd/zhk/kanpan-ringtone/Kanpan
    

SwiftCompile normal x86_64 /Users/mdd/zhk/kanpan-ringtone/Kanpan/Kanpan/Settings/Model/LaunchThemeMirror.swift (in target 'Kanpan' from project 'Kanpan')
    cd /Users/mdd/zhk/kanpan-ringtone/Kanpan
    

SwiftCompile normal x86_64 /Users/mdd/zhk/kanpan-ringtone/Kanpan/Kanpan/Settings/Model/MarketCache.swift (in target 'Kanpan' from project 'Kanpan')
    cd /Users/mdd/zhk/kanpan-ringtone/Kanpan
    

SwiftDriverJobDiscovery normal arm64 Compiling AccountFeature.swift, AccountView.swift, AppAccountBridge.swift, PersonalFileStorage.swift, PersonalSyncCodec.swift, AlertArchive.swift, AlertEngine.swift, AlertListPage.swift, AlertNotifications.swift, AlertPermission.swift, AlertPrompt.swift, AlertStore.swift, AlertWatcher.swift (in target 'Kanpan' from project 'Kanpan')

SwiftCompile normal arm64 Compiling\ DrawingToolPicker.swift,\ AppLifecycle.swift,\ BackgroundGrace.swift,\ ChartHost.swift,\ ChartSnapshotRenderer.swift,\ CoinBadge.swift,\ CoinBadgeBrands.swift,\ CrosshairReadout.swift,\ DeepLink.swift,\ DetailZoom.swift,\ DisplayComfort.swift,\ HeaderStats.swift,\ IntervalBar.swift /Users/mdd/zhk/kanpan-ringtone/Kanpan/Kanpan/Drawing/DrawingToolPicker.swift /Users/mdd/zhk/kanpan-ringtone/Kanpan/Kanpan/Main/AppLifecycle.swift /Users/mdd/zhk/kanpan-ringtone/Kanpan/Kanpan/Main/BackgroundGrace.swift /Users/mdd/zhk/kanpan-ringtone/Kanpan/Kanpan/Main/ChartHost.swift /Users/mdd/zhk/kanpan-ringtone/Kanpan/Kanpan/Main/ChartSnapshotRenderer.swift /Users/mdd/zhk/kanpan-ringtone/Kanpan/Kanpan/Main/CoinBadge.swift /Users/mdd/zhk/kanpan-ringtone/Kanpan/Kanpan/Main/CoinBadgeBrands.swift /Users/mdd/zhk/kanpan-ringtone/Kanpan/Kanpan/Main/CrosshairReadout.swift /Users/mdd/zhk/kanpan-ringtone/Kanpan/Kanpan/Main/DeepLink.swift /Users/mdd/zhk/kanpan-ringtone/Kanpan/Kanpan/Main/DetailZoom.swift /Users/mdd/zhk/kanpan-ringtone/Kanpan/Kanpan/Main/DisplayComfort.swift /Users/mdd/zhk/kanpan-ringtone/Kanpan/Kanpan/Main/HeaderStats.swift /Users/mdd/zhk/kanpan-ringtone/Kanpan/Kanpan/Main/IntervalBar.swift (in target 'Kanpan' from project 'Kanpan')
SwiftCompile normal arm64 /Users/mdd/zhk/kanpan-ringtone/Kanpan/Kanpan/Drawing/DrawingToolPicker.swift (in target 'Kanpan' from project 'Kanpan')
    cd /Users/mdd/zhk/kanpan-ringtone/Kanpan
    

SwiftCompile normal arm64 /Users/mdd/zhk/kanpan-ringtone/Kanpan/Kanpan/Main/AppLifecycle.swift (in target 'Kanpan' from project 'Kanpan')
    cd /Users/mdd/zhk/kanpan-ringtone/Kanpan
    

SwiftCompile normal arm64 /Users/mdd/zhk/kanpan-ringtone/Kanpan/Kanpan/Main/BackgroundGrace.swift (in target 'Kanpan' from project 'Kanpan')
    cd /Users/mdd/zhk/kanpan-ringtone/Kanpan
    

SwiftCompile normal arm64 /Users/mdd/zhk/kanpan-ringtone/Kanpan/Kanpan/Main/ChartHost.swift (in target 'Kanpan' from project 'Kanpan')
    cd /Users/mdd/zhk/kanpan-ringtone/Kanpan
    

SwiftCompile normal arm64 /Users/mdd/zhk/kanpan-ringtone/Kanpan/Kanpan/Main/ChartSnapshotRenderer.swift (in target 'Kanpan' from project 'Kanpan')
    cd /Users/mdd/zhk/kanpan-ringtone/Kanpan
    

SwiftCompile normal arm64 /Users/mdd/zhk/kanpan-ringtone/Kanpan/Kanpan/Main/CoinBadge.swift (in target 'Kanpan' from project 'Kanpan')
    cd /Users/mdd/zhk/kanpan-ringtone/Kanpan
    

SwiftCompile normal arm64 /Users/mdd/zhk/kanpan-ringtone/Kanpan/Kanpan/Main/CoinBadgeBrands.swift (in target 'Kanpan' from project 'Kanpan')
    cd /Users/mdd/zhk/kanpan-ringtone/Kanpan
    

SwiftCompile normal arm64 /Users/mdd/zhk/kanpan-ringtone/Kanpan/Kanpan/Main/CrosshairReadout.swift (in target 'Kanpan' from project 'Kanpan')
    cd /Users/mdd/zhk/kanpan-ringtone/Kanpan
    

SwiftCompile normal arm64 /Users/mdd/zhk/kanpan-ringtone/Kanpan/Kanpan/Main/DeepLink.swift (in target 'Kanpan' from project 'Kanpan')
    cd /Users/mdd/zhk/kanpan-ringtone/Kanpan
    

SwiftCompile normal arm64 /Users/mdd/zhk/kanpan-ringtone/Kanpan/Kanpan/Main/DetailZoom.swift (in target 'Kanpan' from project 'Kanpan')
    cd /Users/mdd/zhk/kanpan-ringtone/Kanpan
    

SwiftCompile normal arm64 /Users/mdd/zhk/kanpan-ringtone/Kanpan/Kanpan/Main/DisplayComfort.swift (in target 'Kanpan' from project 'Kanpan')
    cd /Users/mdd/zhk/kanpan-ringtone/Kanpan
    

SwiftCompile normal arm64 /Users/mdd/zhk/kanpan-ringtone/Kanpan/Kanpan/Main/HeaderStats.swift (in target 'Kanpan' from project 'Kanpan')
    cd /Users/mdd/zhk/kanpan-ringtone/Kanpan
    

SwiftCompile normal arm64 /Users/mdd/zhk/kanpan-ringtone/Kanpan/Kanpan/Main/IntervalBar.swift (in target 'Kanpan' from project 'Kanpan')
    cd /Users/mdd/zhk/kanpan-ringtone/Kanpan
    

SwiftDriverJobDiscovery normal x86_64 Compiling StreamHostProbe.swift, TabBar.swift, TopBar.swift, VectorIcon.swift, ChartPanel.swift, DisplaySettingsSection.swift, IndicatorPanel.swift, PanelChrome.swift, PanelDismissShield.swift, PanelPresentation.swift, PanelTheme.swift, ReviewThemeBridge.swift (in target 'Kanpan' from project 'Kanpan')

SwiftCompile normal x86_64 Compiling\ Prefs.swift,\ PrefsCodec.swift,\ PrefsFieldPlan.swift,\ PrefsStore.swift,\ SettingsStamp.swift,\ ThemeChoice.swift,\ FriendPickerSheet.swift,\ FriendsPage.swift,\ ShareCard.swift,\ ShareClient.swift,\ ShareInbox.swift,\ ShareItem.swift /Users/mdd/zhk/kanpan-ringtone/Kanpan/Kanpan/Settings/Model/Prefs.swift /Users/mdd/zhk/kanpan-ringtone/Kanpan/Kanpan/Settings/Model/PrefsCodec.swift /Users/mdd/zhk/kanpan-ringtone/Kanpan/Kanpan/Settings/Model/PrefsFieldPlan.swift /Users/mdd/zhk/kanpan-ringtone/Kanpan/Kanpan/Settings/Model/PrefsStore.swift /Users/mdd/zhk/kanpan-ringtone/Kanpan/Kanpan/Settings/Model/SettingsStamp.swift /Users/mdd/zhk/kanpan-ringtone/Kanpan/Kanpan/Settings/Model/ThemeChoice.swift /Users/mdd/zhk/kanpan-ringtone/Kanpan/Kanpan/Share/FriendPickerSheet.swift /Users/mdd/zhk/kanpan-ringtone/Kanpan/Kanpan/Share/FriendsPage.swift /Users/mdd/zhk/kanpan-ringtone/Kanpan/Kanpan/Share/ShareCard.swift /Users/mdd/zhk/kanpan-ringtone/Kanpan/Kanpan/Share/ShareClient.swift /Users/mdd/zhk/kanpan-ringtone/Kanpan/Kanpan/Share/ShareInbox.swift /Users/mdd/zhk/kanpan-ringtone/Kanpan/Kanpan/Share/ShareItem.swift (in target 'Kanpan' from project 'Kanpan')

SwiftCompile normal x86_64 /Users/mdd/zhk/kanpan-ringtone/Kanpan/Kanpan/Settings/Model/Prefs.swift (in target 'Kanpan' from project 'Kanpan')
    cd /Users/mdd/zhk/kanpan-ringtone/Kanpan
    

SwiftCompile normal x86_64 /Users/mdd/zhk/kanpan-ringtone/Kanpan/Kanpan/Settings/Model/PrefsCodec.swift (in target 'Kanpan' from project 'Kanpan')
    cd /Users/mdd/zhk/kanpan-ringtone/Kanpan
    

SwiftCompile normal x86_64 /Users/mdd/zhk/kanpan-ringtone/Kanpan/Kanpan/Settings/Model/PrefsFieldPlan.swift (in target 'Kanpan' from project 'Kanpan')
    cd /Users/mdd/zhk/kanpan-ringtone/Kanpan
    

SwiftCompile normal x86_64 /Users/mdd/zhk/kanpan-ringtone/Kanpan/Kanpan/Settings/Model/PrefsStore.swift (in target 'Kanpan' from project 'Kanpan')
    cd /Users/mdd/zhk/kanpan-ringtone/Kanpan
    

SwiftCompile normal x86_64 /Users/mdd/zhk/kanpan-ringtone/Kanpan/Kanpan/Settings/Model/SettingsStamp.swift (in target 'Kanpan' from project 'Kanpan')
    cd /Users/mdd/zhk/kanpan-ringtone/Kanpan
    

SwiftCompile normal x86_64 /Users/mdd/zhk/kanpan-ringtone/Kanpan/Kanpan/Settings/Model/ThemeChoice.swift (in target 'Kanpan' from project 'Kanpan')
    cd /Users/mdd/zhk/kanpan-ringtone/Kanpan
    

SwiftCompile normal x86_64 /Users/mdd/zhk/kanpan-ringtone/Kanpan/Kanpan/Share/FriendPickerSheet.swift (in target 'Kanpan' from project 'Kanpan')
    cd /Users/mdd/zhk/kanpan-ringtone/Kanpan
    

SwiftCompile normal x86_64 /Users/mdd/zhk/kanpan-ringtone/Kanpan/Kanpan/Share/FriendsPage.swift (in target 'Kanpan' from project 'Kanpan')
    cd /Users/mdd/zhk/kanpan-ringtone/Kanpan
    

SwiftCompile normal x86_64 /Users/mdd/zhk/kanpan-ringtone/Kanpan/Kanpan/Share/ShareCard.swift (in target 'Kanpan' from project 'Kanpan')
    cd /Users/mdd/zhk/kanpan-ringtone/Kanpan
    

SwiftCompile normal x86_64 /Users/mdd/zhk/kanpan-ringtone/Kanpan/Kanpan/Share/ShareClient.swift (in target 'Kanpan' from project 'Kanpan')
    cd /Users/mdd/zhk/kanpan-ringtone/Kanpan
    

SwiftCompile normal x86_64 /Users/mdd/zhk/kanpan-ringtone/Kanpan/Kanpan/Share/ShareInbox.swift (in target 'Kanpan' from project 'Kanpan')
    cd /Users/mdd/zhk/kanpan-ringtone/Kanpan
    

SwiftCompile normal x86_64 /Users/mdd/zhk/kanpan-ringtone/Kanpan/Kanpan/Share/ShareItem.swift (in target 'Kanpan' from project 'Kanpan')
    cd /Users/mdd/zhk/kanpan-ringtone/Kanpan
    

SwiftDriverJobDiscovery normal x86_64 Compiling SectorPage.swift, SectorRows.swift, SectorSymbolList.swift, SectorWindowChoice.swift, AlertSound.swift, APIHost.swift, ChartViewport.swift, DisplayComfortPolicy.swift, IndicatorDraft.swift, IndicatorParamRule.swift, LaunchThemeMirror.swift, MarketCache.swift (in target 'Kanpan' from project 'Kanpan')

SwiftDriverJobDiscovery normal x86_64 Compiling Prefs.swift, PrefsCodec.swift, PrefsFieldPlan.swift, PrefsStore.swift, SettingsStamp.swift, ThemeChoice.swift, FriendPickerSheet.swift, FriendsPage.swift, ShareCard.swift, ShareClient.swift, ShareInbox.swift, ShareItem.swift (in target 'Kanpan' from project 'Kanpan')

SwiftDriver\ Compilation Kanpan normal x86_64 com.apple.xcode.tools.swift.compiler (in target 'Kanpan' from project 'Kanpan')
    cd /Users/mdd/zhk/kanpan-ringtone/Kanpan
    builtin-Swift-Compilation -- /Applications/Xcode.app/Contents/Developer/Toolchains/XcodeDefault.xctoolchain/usr/bin/swiftc -module-name Kanpan -Onone @/Users/mdd/zhk/kanpan-ringtone/DerivedData-ringtone/Build/Intermediates.noindex/Kanpan.build/Debug-iphonesimulator/Kanpan.build/Objects-normal/x86_64/Kanpan.SwiftFileList -DDEBUG -enable-experimental-feature DebugDescriptionMacro -sdk /Applications/Xcode.app/Contents/Developer/Platforms/iPhoneSimulator.platform/Developer/SDKs/iPhoneSimulator26.5.sdk -target x86_64-apple-ios26.0-simulator -g -module-cache-path /Users/mdd/zhk/kanpan-ringtone/DerivedData-ringtone/ModuleCache.noindex -Xfrontend -serialize-debugging-options -enable-testing -index-store-path /Users/mdd/zhk/kanpan-ringtone/DerivedData-ringtone/Index.noindex/DataStore -Xcc -D_LIBCPP_HARDENING_MODE\=_LIBCPP_HARDENING_MODE_DEBUG -swift-version 6 -I /Users/mdd/zhk/kanpan-ringtone/DerivedData-ringtone/Build/Products/Debug-iphonesimulator -F /Users/mdd/zhk/kanpan-ringtone/DerivedData-ringtone/Build/Products/Debug-iphonesimulator/PackageFrameworks -F /Users/mdd/zhk/kanpan-ringtone/DerivedData-ringtone/Build/Products/Debug-iphonesimulator/PackageFrameworks -F /Users/mdd/zhk/kanpan-ringtone/DerivedData-ringtone/Build/Products/Debug-iphonesimulator/PackageFrameworks -F /Users/mdd/zhk/kanpan-ringtone/DerivedData-ringtone/Build/Products/Debug-iphonesimulator/PackageFrameworks -F /Users/mdd/zhk/kanpan-ringtone/DerivedData-ringtone/Build/Products/Debug-iphonesimulator/PackageFrameworks -F /Users/mdd/zhk/kanpan-ringtone/DerivedData-ringtone/Build/Products/Debug-iphonesimulator/PackageFrameworks -F /Users/mdd/zhk/kanpan-ringtone/DerivedData-ringtone/Build/Products/Debug-iphonesimulator/PackageFrameworks -F /Users/mdd/zhk/kanpan-ringtone/DerivedData-ringtone/Build/Products/Debug-iphonesimulator/PackageFrameworks -F /Users/mdd/zhk/kanpan-ringtone/DerivedData-ringtone/Build/Products/Debug-iphonesimulator -emit-localized-strings -emit-localized-strings-path /Users/mdd/zhk/kanpan-ringtone/DerivedData-ringtone/Build/Intermediates.noindex/Kanpan.build/Debug-iphonesimulator/Kanpan.build/Objects-normal/x86_64 -c -j10 -enable-batch-mode -incremental -Xcc -ivfsstatcache -Xcc /Users/mdd/zhk/kanpan-ringtone/DerivedData-ringtone/SDKStatCaches.noindex/iphonesimulator26.5-23F81a-6cfe768891a92b912361537c460fe42b.sdkstatcache -output-file-map /Users/mdd/zhk/kanpan-ringtone/DerivedData-ringtone/Build/Intermediates.noindex/Kanpan.build/Debug-iphonesimulator/Kanpan.build/Objects-normal/x86_64/Kanpan-OutputFileMap.json -use-frontend-parseable-output -save-temps -no-color-diagnostics -explicit-module-build -module-cache-path /Users/mdd/zhk/kanpan-ringtone/DerivedData-ringtone/Build/Intermediates.noindex/SwiftExplicitPrecompiledModules -clang-scanner-module-cache-path /Users/mdd/zhk/kanpan-ringtone/DerivedData-ringtone/ModuleCache.noindex -sdk-module-cache-path /Users/mdd/zhk/kanpan-ringtone/DerivedData-ringtone/ModuleCache.noindex -serialize-diagnostics -emit-dependencies -emit-module -emit-module-path /Users/mdd/zhk/kanpan-ringtone/DerivedData-ringtone/Build/Intermediates.noindex/Kanpan.build/Debug-iphonesimulator/Kanpan.build/Objects-normal/x86_64/Kanpan.swiftmodule -validate-clang-modules-once -clang-build-session-file /Users/mdd/zhk/kanpan-ringtone/DerivedData-ringtone/ModuleCache.noindex/Session.modulevalidation -Xcc -I/Users/mdd/zhk/kanpan-ringtone/DerivedData-ringtone/Build/Intermediates.noindex/Kanpan.build/Debug-iphonesimulator/Kanpan.build/swift-overrides.hmap -emit-const-values -Xfrontend -const-gather-protocols-file -Xfrontend /Users/mdd/zhk/kanpan-ringtone/DerivedData-ringtone/Build/Intermediates.noindex/Kanpan.build/Debug-iphonesimulator/Kanpan.build/Objects-normal/x86_64/Kanpan_const_extract_protocols.json -Xcc -iquote -Xcc /Users/mdd/zhk/kanpan-ringtone/DerivedData-ringtone/Build/Intermediates.noindex/Kanpan.build/Debug-iphonesimulator/Kanpan.build/Kanpan-generated-files.hmap -Xcc -I/Users/mdd/zhk/kanpan-ringtone/DerivedData-ringtone/Build/Intermediates.noindex/Kanpan.build/Debug-iphonesimulator/Kanpan.build/Kanpan-own-target-headers.hmap -Xcc -I/Users/mdd/zhk/kanpan-ringtone/DerivedData-ringtone/Build/Intermediates.noindex/Kanpan.build/Debug-iphonesimulator/Kanpan.build/Kanpan-all-non-framework-target-headers.hmap -Xcc -ivfsoverlay -Xcc /Users/mdd/zhk/kanpan-ringtone/DerivedData-ringtone/Build/Intermediates.noindex/Kanpan.build/Debug-iphonesimulator/Kanpan-88f8e4f6458ff7f878983357411ed85c-VFS-iphonesimulator/all-product-headers.yaml -Xcc -iquote -Xcc /Users/mdd/zhk/kanpan-ringtone/DerivedData-ringtone/Build/Intermediates.noindex/Kanpan.build/Debug-iphonesimulator/Kanpan.build/Kanpan-project-headers.hmap -Xcc -I/Users/mdd/zhk/kanpan-ringtone/DerivedData-ringtone/Build/Products/Debug-iphonesimulator/include -Xcc -I/Users/mdd/zhk/kanpan-ringtone/DerivedData-ringtone/Build/Intermediates.noindex/Kanpan.build/Debug-iphonesimulator/Kanpan.build/DerivedSources-normal/x86_64 -Xcc -I/Users/mdd/zhk/kanpan-ringtone/DerivedData-ringtone/Build/Intermediates.noindex/Kanpan.build/Debug-iphonesimulator/Kanpan.build/DerivedSources/x86_64 -Xcc -I/Users/mdd/zhk/kanpan-ringtone/DerivedData-ringtone/Build/Intermediates.noindex/Kanpan.build/Debug-iphonesimulator/Kanpan.build/DerivedSources -emit-objc-header -emit-objc-header-path /Users/mdd/zhk/kanpan-ringtone/DerivedData-ringtone/Build/Intermediates.noindex/Kanpan.build/Debug-iphonesimulator/Kanpan.build/Objects-normal/x86_64/Kanpan-Swift.h -working-directory /Users/mdd/zhk/kanpan-ringtone/Kanpan -experimental-emit-module-separately -disable-cmo

RegisterExecutionPolicyException /Users/mdd/zhk/kanpan-ringtone/DerivedData-ringtone/Build/Products/Debug-iphonesimulator/KanpanData.o (in target 'KanpanData' from project 'KanpanData')
    cd /Users/mdd/zhk/kanpan-ringtone/KanpanData
    builtin-RegisterExecutionPolicyException /Users/mdd/zhk/kanpan-ringtone/DerivedData-ringtone/Build/Products/Debug-iphonesimulator/KanpanData.o

Ld /Users/mdd/zhk/kanpan-ringtone/DerivedData-ringtone/Build/Intermediates.noindex/Kanpan.build/Debug-iphonesimulator/Kanpan.build/Objects-normal/x86_64/Binary/__preview.dylib normal x86_64 (in target 'Kanpan' from project 'Kanpan')
    cd /Users/mdd/zhk/kanpan-ringtone/Kanpan
    /Applications/Xcode.app/Contents/Developer/Toolchains/XcodeDefault.xctoolchain/usr/bin/clang -Xlinker -reproducible -target x86_64-apple-ios26.0-simulator -dynamiclib -isysroot /Applications/Xcode.app/Contents/Developer/Platforms/iPhoneSimulator.platform/Developer/SDKs/iPhoneSimulator26.5.sdk -O0 -L/Users/mdd/zhk/kanpan-ringtone/DerivedData-ringtone/Build/Products/Debug-iphonesimulator -F/Users/mdd/zhk/kanpan-ringtone/DerivedData-ringtone/Build/Products/Debug-iphonesimulator/PackageFrameworks -F/Users/mdd/zhk/kanpan-ringtone/DerivedData-ringtone/Build/Products/Debug-iphonesimulator/PackageFrameworks -F/Users/mdd/zhk/kanpan-ringtone/DerivedData-ringtone/Build/Products/Debug-iphonesimulator/PackageFrameworks -F/Users/mdd/zhk/kanpan-ringtone/DerivedData-ringtone/Build/Products/Debug-iphonesimulator/PackageFrameworks -F/Users/mdd/zhk/kanpan-ringtone/DerivedData-ringtone/Build/Products/Debug-iphonesimulator/PackageFrameworks -F/Users/mdd/zhk/kanpan-ringtone/DerivedData-ringtone/Build/Products/Debug-iphonesimulator/PackageFrameworks -F/Users/mdd/zhk/kanpan-ringtone/DerivedData-ringtone/Build/Products/Debug-iphonesimulator/PackageFrameworks -F/Users/mdd/zhk/kanpan-ringtone/DerivedData-ringtone/Build/Products/Debug-iphonesimulator/PackageFrameworks -F/Users/mdd/zhk/kanpan-ringtone/DerivedData-ringtone/Build/Products/Debug-iphonesimulator -install_name @rpath/Kanpan.debug.dylib -Xlinker -dead_strip -rdynamic -Xlinker -no_deduplicate -Xlinker -objc_abi_version -Xlinker 2 -Xlinker -dependency_info -Xlinker /Users/mdd/zhk/kanpan-ringtone/DerivedData-ringtone/Build/Intermediates.noindex/Kanpan.build/Debug-iphonesimulator/Kanpan.build/Objects-normal/x86_64/Kanpan_dependency_info.dat -Xlinker -sectcreate -Xlinker __TEXT -Xlinker __entitlements -Xlinker /Users/mdd/zhk/kanpan-ringtone/DerivedData-ringtone/Build/Intermediates.noindex/Kanpan.build/Debug-iphonesimulator/Kanpan.build/Kanpan.app-Simulated.xcent -Xlinker -sectcreate -Xlinker __TEXT -Xlinker __ents_der -Xlinker /Users/mdd/zhk/kanpan-ringtone/DerivedData-ringtone/Build/Intermediates.noindex/Kanpan.build/Debug-iphonesimulator/Kanpan.build/Kanpan.app-Simulated.xcent.der -Xlinker -no_adhoc_codesign -o /Users/mdd/zhk/kanpan-ringtone/DerivedData-ringtone/Build/Intermediates.noindex/Kanpan.build/Debug-iphonesimulator/Kanpan.build/Objects-normal/x86_64/Binary/__preview.dylib

Ld /Users/mdd/zhk/kanpan-ringtone/DerivedData-ringtone/Build/Intermediates.noindex/Kanpan.build/Debug-iphonesimulator/Kanpan.build/Objects-normal/x86_64/Binary/Kanpan.debug.dylib normal x86_64 (in target 'Kanpan' from project 'Kanpan')
    cd /Users/mdd/zhk/kanpan-ringtone/Kanpan
    /Applications/Xcode.app/Contents/Developer/Toolchains/XcodeDefault.xctoolchain/usr/bin/clang -Xlinker -reproducible -target x86_64-apple-ios26.0-simulator -dynamiclib -isysroot /Applications/Xcode.app/Contents/Developer/Platforms/iPhoneSimulator.platform/Developer/SDKs/iPhoneSimulator26.5.sdk -O0 -L/Users/mdd/zhk/kanpan-ringtone/DerivedData-ringtone/Build/Intermediates.noindex/EagerLinkingTBDs/Debug-iphonesimulator -L/Users/mdd/zhk/kanpan-ringtone/DerivedData-ringtone/Build/Products/Debug-iphonesimulator -F/Users/mdd/zhk/kanpan-ringtone/DerivedData-ringtone/Build/Intermediates.noindex/EagerLinkingTBDs/Debug-iphonesimulator -F/Users/mdd/zhk/kanpan-ringtone/DerivedData-ringtone/Build/Products/Debug-iphonesimulator/PackageFrameworks -F/Users/mdd/zhk/kanpan-ringtone/DerivedData-ringtone/Build/Products/Debug-iphonesimulator/PackageFrameworks -F/Users/mdd/zhk/kanpan-ringtone/DerivedData-ringtone/Build/Products/Debug-iphonesimulator/PackageFrameworks -F/Users/mdd/zhk/kanpan-ringtone/DerivedData-ringtone/Build/Products/Debug-iphonesimulator/PackageFrameworks -F/Users/mdd/zhk/kanpan-ringtone/DerivedData-ringtone/Build/Products/Debug-iphonesimulator/PackageFrameworks -F/Users/mdd/zhk/kanpan-ringtone/DerivedData-ringtone/Build/Products/Debug-iphonesimulator/PackageFrameworks -F/Users/mdd/zhk/kanpan-ringtone/DerivedData-ringtone/Build/Products/Debug-iphonesimulator/PackageFrameworks -F/Users/mdd/zhk/kanpan-ringtone/DerivedData-ringtone/Build/Products/Debug-iphonesimulator/PackageFrameworks -F/Users/mdd/zhk/kanpan-ringtone/DerivedData-ringtone/Build/Products/Debug-iphonesimulator -filelist /Users/mdd/zhk/kanpan-ringtone/DerivedData-ringtone/Build/Intermediates.noindex/Kanpan.build/Debug-iphonesimulator/Kanpan.build/Objects-normal/x86_64/Kanpan.LinkFileList -install_name @rpath/Kanpan.debug.dylib -Xlinker -rpath -Xlinker /Users/mdd/zhk/kanpan-ringtone/DerivedData-ringtone/Build/Products/Debug-iphonesimulator/PackageFrameworks -Xlinker -rpath -Xlinker @executable_path/Frameworks -Xlinker -dead_strip -Xlinker -object_path_lto -Xlinker /Users/mdd/zhk/kanpan-ringtone/DerivedData-ringtone/Build/Intermediates.noindex/Kanpan.build/Debug-iphonesimulator/Kanpan.build/Objects-normal/x86_64/Kanpan_lto.o -rdynamic -Xlinker -no_deduplicate -Xlinker -objc_abi_version -Xlinker 2 -Xlinker -dependency_info -Xlinker /Users/mdd/zhk/kanpan-ringtone/DerivedData-ringtone/Build/Intermediates.noindex/Kanpan.build/Debug-iphonesimulator/Kanpan.build/Objects-normal/x86_64/Kanpan_dependency_info.dat -fobjc-link-runtime -L/Applications/Xcode.app/Contents/Developer/Toolchains/XcodeDefault.xctoolchain/usr/lib/swift/iphonesimulator -L/usr/lib/swift -Xlinker -add_ast_path -Xlinker /Users/mdd/zhk/kanpan-ringtone/DerivedData-ringtone/Build/Intermediates.noindex/Kanpan.build/Debug-iphonesimulator/Kanpan.build/Objects-normal/x86_64/Kanpan.swiftmodule @/Users/mdd/zhk/kanpan-ringtone/DerivedData-ringtone/Build/Intermediates.noindex/Kanpan.build/Debug-iphonesimulator/Kanpan.build/Objects-normal/x86_64/Kanpan-linker-args.resp -Wl,-no_warn_duplicate_libraries -Wl,-no_warn_duplicate_libraries -Wl,-no_warn_duplicate_libraries -Wl,-no_warn_duplicate_libraries -Wl,-no_warn_duplicate_libraries -Wl,-no_warn_duplicate_libraries -Wl,-no_warn_duplicate_libraries -Wl,-no_warn_duplicate_libraries -Xlinker -alias -Xlinker _main -Xlinker ___debug_main_executable_dylib_entry_point -Xlinker -no_adhoc_codesign -o /Users/mdd/zhk/kanpan-ringtone/DerivedData-ringtone/Build/Intermediates.noindex/Kanpan.build/Debug-iphonesimulator/Kanpan.build/Objects-normal/x86_64/Binary/Kanpan.debug.dylib -Xlinker -add_ast_path -Xlinker /Users/mdd/zhk/kanpan-ringtone/DerivedData-ringtone/Build/Intermediates.noindex/KanpanCore.build/Debug-iphonesimulator/KanpanCore.build/Objects-normal/x86_64/KanpanCore.swiftmodule @/Users/mdd/zhk/kanpan-ringtone/DerivedData-ringtone/Build/Intermediates.noindex/KanpanCore.build/Debug-iphonesimulator/KanpanCore.build/Objects-normal/x86_64/KanpanCore-linker-args.resp -Xlinker -add_ast_path -Xlinker /Users/mdd/zhk/kanpan-ringtone/DerivedData-ringtone/Build/Intermediates.noindex/KanpanChart.build/Debug-iphonesimulator/KanpanChart.build/Objects-normal/x86_64/KanpanChart.swiftmodule @/Users/mdd/zhk/kanpan-ringtone/DerivedData-ringtone/Build/Intermediates.noindex/KanpanChart.build/Debug-iphonesimulator/KanpanChart.build/Objects-normal/x86_64/KanpanChart-linker-args.resp -Xlinker -add_ast_path -Xlinker /Users/mdd/zhk/kanpan-ringtone/DerivedData-ringtone/Build/Intermediates.noindex/KanpanData.build/Debug-iphonesimulator/KanpanData.build/Objects-normal/x86_64/KanpanData.swiftmodule @/Users/mdd/zhk/kanpan-ringtone/DerivedData-ringtone/Build/Intermediates.noindex/KanpanData.build/Debug-iphonesimulator/KanpanData.build/Objects-normal/x86_64/KanpanData-linker-args.resp -Xlinker -add_ast_path -Xlinker /Users/mdd/zhk/kanpan-ringtone/DerivedData-ringtone/Build/Intermediates.noindex/KanpanNetwork.build/Debug-iphonesimulator/KanpanNetwork.build/Objects-normal/x86_64/KanpanNetwork.swiftmodule @/Users/mdd/zhk/kanpan-ringtone/DerivedData-ringtone/Build/Intermediates.noindex/KanpanNetwork.build/Debug-iphonesimulator/KanpanNetwork.build/Objects-normal/x86_64/KanpanNetwork-linker-args.resp -Xlinker -add_ast_path -Xlinker /Users/mdd/zhk/kanpan-ringtone/DerivedData-ringtone/Build/Intermediates.noindex/KanpanReview.build/Debug-iphonesimulator/ReviewDomain.build/Objects-normal/x86_64/ReviewDomain.swiftmodule @/Users/mdd/zhk/kanpan-ringtone/DerivedData-ringtone/Build/Intermediates.noindex/KanpanReview.build/Debug-iphonesimulator/ReviewDomain.build/Objects-normal/x86_64/ReviewDomain-linker-args.resp -Xlinker -add_ast_path -Xlinker /Users/mdd/zhk/kanpan-ringtone/DerivedData-ringtone/Build/Intermediates.noindex/KanpanReview.build/Debug-iphonesimulator/ReviewData.build/Objects-normal/x86_64/ReviewData.swiftmodule @/Users/mdd/zhk/kanpan-ringtone/DerivedData-ringtone/Build/Intermediates.noindex/KanpanReview.build/Debug-iphonesimulator/ReviewData.build/Objects-normal/x86_64/ReviewData-linker-args.resp -Xlinker -add_ast_path -Xlinker /Users/mdd/zhk/kanpan-ringtone/DerivedData-ringtone/Build/Intermediates.noindex/KanpanReview.build/Debug-iphonesimulator/ReviewUI.build/Objects-normal/x86_64/ReviewUI.swiftmodule @/Users/mdd/zhk/kanpan-ringtone/DerivedData-ringtone/Build/Intermediates.noindex/KanpanReview.build/Debug-iphonesimulator/ReviewUI.build/Objects-normal/x86_64/ReviewUI-linker-args.resp -Xlinker -add_ast_path -Xlinker /Users/mdd/zhk/kanpan-ringtone/DerivedData-ringtone/Build/Intermediates.noindex/KanpanAccount.build/Debug-iphonesimulator/KanpanAccount.build/Objects-normal/x86_64/KanpanAccount.swiftmodule @/Users/mdd/zhk/kanpan-ringtone/DerivedData-ringtone/Build/Intermediates.noindex/KanpanAccount.build/Debug-iphonesimulator/KanpanAccount.build/Objects-normal/x86_64/KanpanAccount-linker-args.resp

Ld /Users/mdd/zhk/kanpan-ringtone/DerivedData-ringtone/Build/Intermediates.noindex/Kanpan.build/Debug-iphonesimulator/Kanpan.build/Objects-normal/arm64/Binary/__preview.dylib normal arm64 (in target 'Kanpan' from project 'Kanpan')
    cd /Users/mdd/zhk/kanpan-ringtone/Kanpan
    /Applications/Xcode.app/Contents/Developer/Toolchains/XcodeDefault.xctoolchain/usr/bin/clang -Xlinker -reproducible -target arm64-apple-ios26.0-simulator -dynamiclib -isysroot /Applications/Xcode.app/Contents/Developer/Platforms/iPhoneSimulator.platform/Developer/SDKs/iPhoneSimulator26.5.sdk -O0 -L/Users/mdd/zhk/kanpan-ringtone/DerivedData-ringtone/Build/Products/Debug-iphonesimulator -F/Users/mdd/zhk/kanpan-ringtone/DerivedData-ringtone/Build/Products/Debug-iphonesimulator/PackageFrameworks -F/Users/mdd/zhk/kanpan-ringtone/DerivedData-ringtone/Build/Products/Debug-iphonesimulator/PackageFrameworks -F/Users/mdd/zhk/kanpan-ringtone/DerivedData-ringtone/Build/Products/Debug-iphonesimulator/PackageFrameworks -F/Users/mdd/zhk/kanpan-ringtone/DerivedData-ringtone/Build/Products/Debug-iphonesimulator/PackageFrameworks -F/Users/mdd/zhk/kanpan-ringtone/DerivedData-ringtone/Build/Products/Debug-iphonesimulator/PackageFrameworks -F/Users/mdd/zhk/kanpan-ringtone/DerivedData-ringtone/Build/Products/Debug-iphonesimulator/PackageFrameworks -F/Users/mdd/zhk/kanpan-ringtone/DerivedData-ringtone/Build/Products/Debug-iphonesimulator/PackageFrameworks -F/Users/mdd/zhk/kanpan-ringtone/DerivedData-ringtone/Build/Products/Debug-iphonesimulator/PackageFrameworks -F/Users/mdd/zhk/kanpan-ringtone/DerivedData-ringtone/Build/Products/Debug-iphonesimulator -install_name @rpath/Kanpan.debug.dylib -Xlinker -dead_strip -rdynamic -Xlinker -no_deduplicate -Xlinker -objc_abi_version -Xlinker 2 -Xlinker -dependency_info -Xlinker /Users/mdd/zhk/kanpan-ringtone/DerivedData-ringtone/Build/Intermediates.noindex/Kanpan.build/Debug-iphonesimulator/Kanpan.build/Objects-normal/arm64/Kanpan_dependency_info.dat -Xlinker -sectcreate -Xlinker __TEXT -Xlinker __entitlements -Xlinker /Users/mdd/zhk/kanpan-ringtone/DerivedData-ringtone/Build/Intermediates.noindex/Kanpan.build/Debug-iphonesimulator/Kanpan.build/Kanpan.app-Simulated.xcent -Xlinker -sectcreate -Xlinker __TEXT -Xlinker __ents_der -Xlinker /Users/mdd/zhk/kanpan-ringtone/DerivedData-ringtone/Build/Intermediates.noindex/Kanpan.build/Debug-iphonesimulator/Kanpan.build/Kanpan.app-Simulated.xcent.der -Xlinker -no_adhoc_codesign -o /Users/mdd/zhk/kanpan-ringtone/DerivedData-ringtone/Build/Intermediates.noindex/Kanpan.build/Debug-iphonesimulator/Kanpan.build/Objects-normal/arm64/Binary/__preview.dylib

ConstructStubExecutorLinkFileList /Users/mdd/zhk/kanpan-ringtone/DerivedData-ringtone/Build/Intermediates.noindex/Kanpan.build/Debug-iphonesimulator/Kanpan.build/Kanpan-ExecutorLinkFileList-normal-x86_64.txt (in target 'Kanpan' from project 'Kanpan')
    cd /Users/mdd/zhk/kanpan-ringtone/Kanpan
    construct-stub-executor-link-file-list /Users/mdd/zhk/kanpan-ringtone/DerivedData-ringtone/Build/Intermediates.noindex/Kanpan.build/Debug-iphonesimulator/Kanpan.build/Objects-normal/x86_64/Binary/Kanpan.debug.dylib /Applications/Xcode.app/Contents/Developer/Platforms/iPhoneSimulator.platform/Developer/usr/lib/libPreviewsJITStubExecutor_no_swift_entry_point.a /Applications/Xcode.app/Contents/Developer/Platforms/iPhoneSimulator.platform/Developer/usr/lib/libPreviewsJITStubExecutor.a --output /Users/mdd/zhk/kanpan-ringtone/DerivedData-ringtone/Build/Intermediates.noindex/Kanpan.build/Debug-iphonesimulator/Kanpan.build/Kanpan-ExecutorLinkFileList-normal-x86_64.txt
note: Using stub executor library with Swift entry point. (in target 'Kanpan' from project 'Kanpan')

ProcessInfoPlistFile /Users/mdd/zhk/kanpan-ringtone/DerivedData-ringtone/Build/Products/Debug-iphonesimulator/Kanpan.app/Info.plist /Users/mdd/zhk/kanpan-ringtone/Kanpan/Config/Info.plist (in target 'Kanpan' from project 'Kanpan')
    cd /Users/mdd/zhk/kanpan-ringtone/Kanpan
    builtin-infoPlistUtility /Users/mdd/zhk/kanpan-ringtone/Kanpan/Config/Info.plist -producttype com.apple.product-type.application -genpkginfo /Users/mdd/zhk/kanpan-ringtone/DerivedData-ringtone/Build/Products/Debug-iphonesimulator/Kanpan.app/PkgInfo -expandbuildsettings -format binary -platform iphonesimulator -additionalcontentfile /Users/mdd/zhk/kanpan-ringtone/DerivedData-ringtone/Build/Intermediates.noindex/Kanpan.build/Debug-iphonesimulator/Kanpan.build/assetcatalog_generated_info.plist -o /Users/mdd/zhk/kanpan-ringtone/DerivedData-ringtone/Build/Products/Debug-iphonesimulator/Kanpan.app/Info.plist

Ld /Users/mdd/zhk/kanpan-ringtone/DerivedData-ringtone/Build/Intermediates.noindex/Kanpan.build/Debug-iphonesimulator/Kanpan.build/Objects-normal/x86_64/Binary/Kanpan normal x86_64 (in target 'Kanpan' from project 'Kanpan')
    cd /Users/mdd/zhk/kanpan-ringtone/Kanpan
    /Applications/Xcode.app/Contents/Developer/Toolchains/XcodeDefault.xctoolchain/usr/bin/clang -Xlinker -reproducible -target x86_64-apple-ios26.0-simulator -isysroot /Applications/Xcode.app/Contents/Developer/Platforms/iPhoneSimulator.platform/Developer/SDKs/iPhoneSimulator26.5.sdk -O0 -L/Users/mdd/zhk/kanpan-ringtone/DerivedData-ringtone/Build/Products/Debug-iphonesimulator -F/Users/mdd/zhk/kanpan-ringtone/DerivedData-ringtone/Build/Products/Debug-iphonesimulator/PackageFrameworks -F/Users/mdd/zhk/kanpan-ringtone/DerivedData-ringtone/Build/Products/Debug-iphonesimulator/PackageFrameworks -F/Users/mdd/zhk/kanpan-ringtone/DerivedData-ringtone/Build/Products/Debug-iphonesimulator/PackageFrameworks -F/Users/mdd/zhk/kanpan-ringtone/DerivedData-ringtone/Build/Products/Debug-iphonesimulator/PackageFrameworks -F/Users/mdd/zhk/kanpan-ringtone/DerivedData-ringtone/Build/Products/Debug-iphonesimulator/PackageFrameworks -F/Users/mdd/zhk/kanpan-ringtone/DerivedData-ringtone/Build/Products/Debug-iphonesimulator/PackageFrameworks -F/Users/mdd/zhk/kanpan-ringtone/DerivedData-ringtone/Build/Products/Debug-iphonesimulator/PackageFrameworks -F/Users/mdd/zhk/kanpan-ringtone/DerivedData-ringtone/Build/Products/Debug-iphonesimulator/PackageFrameworks -F/Users/mdd/zhk/kanpan-ringtone/DerivedData-ringtone/Build/Products/Debug-iphonesimulator -Xlinker -rpath -Xlinker @executable_path -Xlinker -rpath -Xlinker /Users/mdd/zhk/kanpan-ringtone/DerivedData-ringtone/Build/Products/Debug-iphonesimulator/PackageFrameworks -Xlinker -rpath -Xlinker @executable_path/Frameworks -rdynamic -Xlinker -no_deduplicate -Xlinker -objc_abi_version -Xlinker 2 -e ___debug_blank_executor_main -Xlinker -sectcreate -Xlinker __TEXT -Xlinker __debug_dylib -Xlinker /Users/mdd/zhk/kanpan-ringtone/DerivedData-ringtone/Build/Intermediates.noindex/Kanpan.build/Debug-iphonesimulator/Kanpan.build/Kanpan-DebugDylibPath-normal-x86_64.txt -Xlinker -sectcreate -Xlinker __TEXT -Xlinker __debug_instlnm -Xlinker /Users/mdd/zhk/kanpan-ringtone/DerivedData-ringtone/Build/Intermediates.noindex/Kanpan.build/Debug-iphonesimulator/Kanpan.build/Kanpan-DebugDylibInstallName-normal-x86_64.txt -Xlinker -filelist -Xlinker /Users/mdd/zhk/kanpan-ringtone/DerivedData-ringtone/Build/Intermediates.noindex/Kanpan.build/Debug-iphonesimulator/Kanpan.build/Kanpan-ExecutorLinkFileList-normal-x86_64.txt -Xlinker -sectcreate -Xlinker __TEXT -Xlinker __entitlements -Xlinker /Users/mdd/zhk/kanpan-ringtone/DerivedData-ringtone/Build/Intermediates.noindex/Kanpan.build/Debug-iphonesimulator/Kanpan.build/Kanpan.app-Simulated.xcent -Xlinker -sectcreate -Xlinker __TEXT -Xlinker __ents_der -Xlinker /Users/mdd/zhk/kanpan-ringtone/DerivedData-ringtone/Build/Intermediates.noindex/Kanpan.build/Debug-iphonesimulator/Kanpan.build/Kanpan.app-Simulated.xcent.der /Users/mdd/zhk/kanpan-ringtone/DerivedData-ringtone/Build/Intermediates.noindex/Kanpan.build/Debug-iphonesimulator/Kanpan.build/Objects-normal/x86_64/Binary/Kanpan.debug.dylib -Xlinker -no_adhoc_codesign -o /Users/mdd/zhk/kanpan-ringtone/DerivedData-ringtone/Build/Intermediates.noindex/Kanpan.build/Debug-iphonesimulator/Kanpan.build/Objects-normal/x86_64/Binary/Kanpan

CreateUniversalBinary /Users/mdd/zhk/kanpan-ringtone/DerivedData-ringtone/Build/Products/Debug-iphonesimulator/Kanpan.app/__preview.dylib normal arm64\ x86_64 (in target 'Kanpan' from project 'Kanpan')
    cd /Users/mdd/zhk/kanpan-ringtone/Kanpan
    /Applications/Xcode.app/Contents/Developer/Toolchains/XcodeDefault.xctoolchain/usr/bin/lipo -create /Users/mdd/zhk/kanpan-ringtone/DerivedData-ringtone/Build/Intermediates.noindex/Kanpan.build/Debug-iphonesimulator/Kanpan.build/Objects-normal/arm64/Binary/__preview.dylib /Users/mdd/zhk/kanpan-ringtone/DerivedData-ringtone/Build/Intermediates.noindex/Kanpan.build/Debug-iphonesimulator/Kanpan.build/Objects-normal/x86_64/Binary/__preview.dylib -output /Users/mdd/zhk/kanpan-ringtone/DerivedData-ringtone/Build/Products/Debug-iphonesimulator/Kanpan.app/__preview.dylib

CpResource /Users/mdd/zhk/kanpan-ringtone/DerivedData-ringtone/Build/Products/Debug-iphonesimulator/Kanpan.app/alert-glass.caf /Users/mdd/zhk/kanpan-ringtone/Kanpan/Kanpan/Resources/alert-glass.caf (in target 'Kanpan' from project 'Kanpan')
    cd /Users/mdd/zhk/kanpan-ringtone/Kanpan
    builtin-copy -exclude .DS_Store -exclude CVS -exclude .svn -exclude .git -exclude .hg -strip-unsigned-binaries -strip-deterministic -strip-tool /Applications/Xcode.app/Contents/Developer/Toolchains/XcodeDefault.xctoolchain/usr/bin/strip -resolve-src-symlinks /Users/mdd/zhk/kanpan-ringtone/Kanpan/Kanpan/Resources/alert-glass.caf /Users/mdd/zhk/kanpan-ringtone/DerivedData-ringtone/Build/Products/Debug-iphonesimulator/Kanpan.app

CpResource /Users/mdd/zhk/kanpan-ringtone/DerivedData-ringtone/Build/Products/Debug-iphonesimulator/Kanpan.app/alert-electronic.caf /Users/mdd/zhk/kanpan-ringtone/Kanpan/Kanpan/Resources/alert-electronic.caf (in target 'Kanpan' from project 'Kanpan')
    cd /Users/mdd/zhk/kanpan-ringtone/Kanpan
    builtin-copy -exclude .DS_Store -exclude CVS -exclude .svn -exclude .git -exclude .hg -strip-unsigned-binaries -strip-deterministic -strip-tool /Applications/Xcode.app/Contents/Developer/Toolchains/XcodeDefault.xctoolchain/usr/bin/strip -resolve-src-symlinks /Users/mdd/zhk/kanpan-ringtone/Kanpan/Kanpan/Resources/alert-electronic.caf /Users/mdd/zhk/kanpan-ringtone/DerivedData-ringtone/Build/Products/Debug-iphonesimulator/Kanpan.app

CpResource /Users/mdd/zhk/kanpan-ringtone/DerivedData-ringtone/Build/Products/Debug-iphonesimulator/Kanpan.app/alert-crisp.caf /Users/mdd/zhk/kanpan-ringtone/Kanpan/Kanpan/Resources/alert-crisp.caf (in target 'Kanpan' from project 'Kanpan')
    cd /Users/mdd/zhk/kanpan-ringtone/Kanpan
    builtin-copy -exclude .DS_Store -exclude CVS -exclude .svn -exclude .git -exclude .hg -strip-unsigned-binaries -strip-deterministic -strip-tool /Applications/Xcode.app/Contents/Developer/Toolchains/XcodeDefault.xctoolchain/usr/bin/strip -resolve-src-symlinks /Users/mdd/zhk/kanpan-ringtone/Kanpan/Kanpan/Resources/alert-crisp.caf /Users/mdd/zhk/kanpan-ringtone/DerivedData-ringtone/Build/Products/Debug-iphonesimulator/Kanpan.app

CpResource /Users/mdd/zhk/kanpan-ringtone/DerivedData-ringtone/Build/Products/Debug-iphonesimulator/Kanpan.app/PrivacyInfo.xcprivacy /Users/mdd/zhk/kanpan-ringtone/Kanpan/Kanpan/PrivacyInfo.xcprivacy (in target 'Kanpan' from project 'Kanpan')
    cd /Users/mdd/zhk/kanpan-ringtone/Kanpan
    builtin-copy -exclude .DS_Store -exclude CVS -exclude .svn -exclude .git -exclude .hg -strip-unsigned-binaries -strip-deterministic -strip-tool /Applications/Xcode.app/Contents/Developer/Toolchains/XcodeDefault.xctoolchain/usr/bin/strip -resolve-src-symlinks /Users/mdd/zhk/kanpan-ringtone/Kanpan/Kanpan/PrivacyInfo.xcprivacy /Users/mdd/zhk/kanpan-ringtone/DerivedData-ringtone/Build/Products/Debug-iphonesimulator/Kanpan.app

SwiftDriverJobDiscovery normal arm64 Compiling DrawingToolPicker.swift, AppLifecycle.swift, BackgroundGrace.swift, ChartHost.swift, ChartSnapshotRenderer.swift, CoinBadge.swift, CoinBadgeBrands.swift, CrosshairReadout.swift, DeepLink.swift, DetailZoom.swift, DisplayComfort.swift, HeaderStats.swift, IntervalBar.swift (in target 'Kanpan' from project 'Kanpan')

SwiftDriver\ Compilation Kanpan normal arm64 com.apple.xcode.tools.swift.compiler (in target 'Kanpan' from project 'Kanpan')
    cd /Users/mdd/zhk/kanpan-ringtone/Kanpan
    builtin-Swift-Compilation -- /Applications/Xcode.app/Contents/Developer/Toolchains/XcodeDefault.xctoolchain/usr/bin/swiftc -module-name Kanpan -Onone @/Users/mdd/zhk/kanpan-ringtone/DerivedData-ringtone/Build/Intermediates.noindex/Kanpan.build/Debug-iphonesimulator/Kanpan.build/Objects-normal/arm64/Kanpan.SwiftFileList -DDEBUG -enable-experimental-feature DebugDescriptionMacro -sdk /Applications/Xcode.app/Contents/Developer/Platforms/iPhoneSimulator.platform/Developer/SDKs/iPhoneSimulator26.5.sdk -target arm64-apple-ios26.0-simulator -g -module-cache-path /Users/mdd/zhk/kanpan-ringtone/DerivedData-ringtone/ModuleCache.noindex -Xfrontend -serialize-debugging-options -enable-testing -index-store-path /Users/mdd/zhk/kanpan-ringtone/DerivedData-ringtone/Index.noindex/DataStore -Xcc -D_LIBCPP_HARDENING_MODE\=_LIBCPP_HARDENING_MODE_DEBUG -swift-version 6 -I /Users/mdd/zhk/kanpan-ringtone/DerivedData-ringtone/Build/Products/Debug-iphonesimulator -F /Users/mdd/zhk/kanpan-ringtone/DerivedData-ringtone/Build/Products/Debug-iphonesimulator/PackageFrameworks -F /Users/mdd/zhk/kanpan-ringtone/DerivedData-ringtone/Build/Products/Debug-iphonesimulator/PackageFrameworks -F /Users/mdd/zhk/kanpan-ringtone/DerivedData-ringtone/Build/Products/Debug-iphonesimulator/PackageFrameworks -F /Users/mdd/zhk/kanpan-ringtone/DerivedData-ringtone/Build/Products/Debug-iphonesimulator/PackageFrameworks -F /Users/mdd/zhk/kanpan-ringtone/DerivedData-ringtone/Build/Products/Debug-iphonesimulator/PackageFrameworks -F /Users/mdd/zhk/kanpan-ringtone/DerivedData-ringtone/Build/Products/Debug-iphonesimulator/PackageFrameworks -F /Users/mdd/zhk/kanpan-ringtone/DerivedData-ringtone/Build/Products/Debug-iphonesimulator/PackageFrameworks -F /Users/mdd/zhk/kanpan-ringtone/DerivedData-ringtone/Build/Products/Debug-iphonesimulator/PackageFrameworks -F /Users/mdd/zhk/kanpan-ringtone/DerivedData-ringtone/Build/Products/Debug-iphonesimulator -emit-localized-strings -emit-localized-strings-path /Users/mdd/zhk/kanpan-ringtone/DerivedData-ringtone/Build/Intermediates.noindex/Kanpan.build/Debug-iphonesimulator/Kanpan.build/Objects-normal/arm64 -c -j10 -enable-batch-mode -incremental -Xcc -ivfsstatcache -Xcc /Users/mdd/zhk/kanpan-ringtone/DerivedData-ringtone/SDKStatCaches.noindex/iphonesimulator26.5-23F81a-6cfe768891a92b912361537c460fe42b.sdkstatcache -output-file-map /Users/mdd/zhk/kanpan-ringtone/DerivedData-ringtone/Build/Intermediates.noindex/Kanpan.build/Debug-iphonesimulator/Kanpan.build/Objects-normal/arm64/Kanpan-OutputFileMap.json -use-frontend-parseable-output -save-temps -no-color-diagnostics -explicit-module-build -module-cache-path /Users/mdd/zhk/kanpan-ringtone/DerivedData-ringtone/Build/Intermediates.noindex/SwiftExplicitPrecompiledModules -clang-scanner-module-cache-path /Users/mdd/zhk/kanpan-ringtone/DerivedData-ringtone/ModuleCache.noindex -sdk-module-cache-path /Users/mdd/zhk/kanpan-ringtone/DerivedData-ringtone/ModuleCache.noindex -serialize-diagnostics -emit-dependencies -emit-module -emit-module-path /Users/mdd/zhk/kanpan-ringtone/DerivedData-ringtone/Build/Intermediates.noindex/Kanpan.build/Debug-iphonesimulator/Kanpan.build/Objects-normal/arm64/Kanpan.swiftmodule -validate-clang-modules-once -clang-build-session-file /Users/mdd/zhk/kanpan-ringtone/DerivedData-ringtone/ModuleCache.noindex/Session.modulevalidation -Xcc -I/Users/mdd/zhk/kanpan-ringtone/DerivedData-ringtone/Build/Intermediates.noindex/Kanpan.build/Debug-iphonesimulator/Kanpan.build/swift-overrides.hmap -emit-const-values -Xfrontend -const-gather-protocols-file -Xfrontend /Users/mdd/zhk/kanpan-ringtone/DerivedData-ringtone/Build/Intermediates.noindex/Kanpan.build/Debug-iphonesimulator/Kanpan.build/Objects-normal/arm64/Kanpan_const_extract_protocols.json -Xcc -iquote -Xcc /Users/mdd/zhk/kanpan-ringtone/DerivedData-ringtone/Build/Intermediates.noindex/Kanpan.build/Debug-iphonesimulator/Kanpan.build/Kanpan-generated-files.hmap -Xcc -I/Users/mdd/zhk/kanpan-ringtone/DerivedData-ringtone/Build/Intermediates.noindex/Kanpan.build/Debug-iphonesimulator/Kanpan.build/Kanpan-own-target-headers.hmap -Xcc -I/Users/mdd/zhk/kanpan-ringtone/DerivedData-ringtone/Build/Intermediates.noindex/Kanpan.build/Debug-iphonesimulator/Kanpan.build/Kanpan-all-non-framework-target-headers.hmap -Xcc -ivfsoverlay -Xcc /Users/mdd/zhk/kanpan-ringtone/DerivedData-ringtone/Build/Intermediates.noindex/Kanpan.build/Debug-iphonesimulator/Kanpan-88f8e4f6458ff7f878983357411ed85c-VFS-iphonesimulator/all-product-headers.yaml -Xcc -iquote -Xcc /Users/mdd/zhk/kanpan-ringtone/DerivedData-ringtone/Build/Intermediates.noindex/Kanpan.build/Debug-iphonesimulator/Kanpan.build/Kanpan-project-headers.hmap -Xcc -I/Users/mdd/zhk/kanpan-ringtone/DerivedData-ringtone/Build/Products/Debug-iphonesimulator/include -Xcc -I/Users/mdd/zhk/kanpan-ringtone/DerivedData-ringtone/Build/Intermediates.noindex/Kanpan.build/Debug-iphonesimulator/Kanpan.build/DerivedSources-normal/arm64 -Xcc -I/Users/mdd/zhk/kanpan-ringtone/DerivedData-ringtone/Build/Intermediates.noindex/Kanpan.build/Debug-iphonesimulator/Kanpan.build/DerivedSources/arm64 -Xcc -I/Users/mdd/zhk/kanpan-ringtone/DerivedData-ringtone/Build/Intermediates.noindex/Kanpan.build/Debug-iphonesimulator/Kanpan.build/DerivedSources -emit-objc-header -emit-objc-header-path /Users/mdd/zhk/kanpan-ringtone/DerivedData-ringtone/Build/Intermediates.noindex/Kanpan.build/Debug-iphonesimulator/Kanpan.build/Objects-normal/arm64/Kanpan-Swift.h -working-directory /Users/mdd/zhk/kanpan-ringtone/Kanpan -experimental-emit-module-separately -disable-cmo

Ld /Users/mdd/zhk/kanpan-ringtone/DerivedData-ringtone/Build/Intermediates.noindex/Kanpan.build/Debug-iphonesimulator/Kanpan.build/Objects-normal/arm64/Binary/Kanpan.debug.dylib normal arm64 (in target 'Kanpan' from project 'Kanpan')
    cd /Users/mdd/zhk/kanpan-ringtone/Kanpan
    /Applications/Xcode.app/Contents/Developer/Toolchains/XcodeDefault.xctoolchain/usr/bin/clang -Xlinker -reproducible -target arm64-apple-ios26.0-simulator -dynamiclib -isysroot /Applications/Xcode.app/Contents/Developer/Platforms/iPhoneSimulator.platform/Developer/SDKs/iPhoneSimulator26.5.sdk -O0 -L/Users/mdd/zhk/kanpan-ringtone/DerivedData-ringtone/Build/Intermediates.noindex/EagerLinkingTBDs/Debug-iphonesimulator -L/Users/mdd/zhk/kanpan-ringtone/DerivedData-ringtone/Build/Products/Debug-iphonesimulator -F/Users/mdd/zhk/kanpan-ringtone/DerivedData-ringtone/Build/Intermediates.noindex/EagerLinkingTBDs/Debug-iphonesimulator -F/Users/mdd/zhk/kanpan-ringtone/DerivedData-ringtone/Build/Products/Debug-iphonesimulator/PackageFrameworks -F/Users/mdd/zhk/kanpan-ringtone/DerivedData-ringtone/Build/Products/Debug-iphonesimulator/PackageFrameworks -F/Users/mdd/zhk/kanpan-ringtone/DerivedData-ringtone/Build/Products/Debug-iphonesimulator/PackageFrameworks -F/Users/mdd/zhk/kanpan-ringtone/DerivedData-ringtone/Build/Products/Debug-iphonesimulator/PackageFrameworks -F/Users/mdd/zhk/kanpan-ringtone/DerivedData-ringtone/Build/Products/Debug-iphonesimulator/PackageFrameworks -F/Users/mdd/zhk/kanpan-ringtone/DerivedData-ringtone/Build/Products/Debug-iphonesimulator/PackageFrameworks -F/Users/mdd/zhk/kanpan-ringtone/DerivedData-ringtone/Build/Products/Debug-iphonesimulator/PackageFrameworks -F/Users/mdd/zhk/kanpan-ringtone/DerivedData-ringtone/Build/Products/Debug-iphonesimulator/PackageFrameworks -F/Users/mdd/zhk/kanpan-ringtone/DerivedData-ringtone/Build/Products/Debug-iphonesimulator -filelist /Users/mdd/zhk/kanpan-ringtone/DerivedData-ringtone/Build/Intermediates.noindex/Kanpan.build/Debug-iphonesimulator/Kanpan.build/Objects-normal/arm64/Kanpan.LinkFileList -install_name @rpath/Kanpan.debug.dylib -Xlinker -rpath -Xlinker /Users/mdd/zhk/kanpan-ringtone/DerivedData-ringtone/Build/Products/Debug-iphonesimulator/PackageFrameworks -Xlinker -rpath -Xlinker @executable_path/Frameworks -Xlinker -dead_strip -Xlinker -object_path_lto -Xlinker /Users/mdd/zhk/kanpan-ringtone/DerivedData-ringtone/Build/Intermediates.noindex/Kanpan.build/Debug-iphonesimulator/Kanpan.build/Objects-normal/arm64/Kanpan_lto.o -rdynamic -Xlinker -no_deduplicate -Xlinker -objc_abi_version -Xlinker 2 -Xlinker -dependency_info -Xlinker /Users/mdd/zhk/kanpan-ringtone/DerivedData-ringtone/Build/Intermediates.noindex/Kanpan.build/Debug-iphonesimulator/Kanpan.build/Objects-normal/arm64/Kanpan_dependency_info.dat -fobjc-link-runtime -L/Applications/Xcode.app/Contents/Developer/Toolchains/XcodeDefault.xctoolchain/usr/lib/swift/iphonesimulator -L/usr/lib/swift -Xlinker -add_ast_path -Xlinker /Users/mdd/zhk/kanpan-ringtone/DerivedData-ringtone/Build/Intermediates.noindex/Kanpan.build/Debug-iphonesimulator/Kanpan.build/Objects-normal/arm64/Kanpan.swiftmodule @/Users/mdd/zhk/kanpan-ringtone/DerivedData-ringtone/Build/Intermediates.noindex/Kanpan.build/Debug-iphonesimulator/Kanpan.build/Objects-normal/arm64/Kanpan-linker-args.resp -Wl,-no_warn_duplicate_libraries -Wl,-no_warn_duplicate_libraries -Wl,-no_warn_duplicate_libraries -Wl,-no_warn_duplicate_libraries -Wl,-no_warn_duplicate_libraries -Wl,-no_warn_duplicate_libraries -Wl,-no_warn_duplicate_libraries -Wl,-no_warn_duplicate_libraries -Xlinker -alias -Xlinker _main -Xlinker ___debug_main_executable_dylib_entry_point -Xlinker -no_adhoc_codesign -o /Users/mdd/zhk/kanpan-ringtone/DerivedData-ringtone/Build/Intermediates.noindex/Kanpan.build/Debug-iphonesimulator/Kanpan.build/Objects-normal/arm64/Binary/Kanpan.debug.dylib -Xlinker -add_ast_path -Xlinker /Users/mdd/zhk/kanpan-ringtone/DerivedData-ringtone/Build/Intermediates.noindex/KanpanCore.build/Debug-iphonesimulator/KanpanCore.build/Objects-normal/arm64/KanpanCore.swiftmodule @/Users/mdd/zhk/kanpan-ringtone/DerivedData-ringtone/Build/Intermediates.noindex/KanpanCore.build/Debug-iphonesimulator/KanpanCore.build/Objects-normal/arm64/KanpanCore-linker-args.resp -Xlinker -add_ast_path -Xlinker /Users/mdd/zhk/kanpan-ringtone/DerivedData-ringtone/Build/Intermediates.noindex/KanpanChart.build/Debug-iphonesimulator/KanpanChart.build/Objects-normal/arm64/KanpanChart.swiftmodule @/Users/mdd/zhk/kanpan-ringtone/DerivedData-ringtone/Build/Intermediates.noindex/KanpanChart.build/Debug-iphonesimulator/KanpanChart.build/Objects-normal/arm64/KanpanChart-linker-args.resp -Xlinker -add_ast_path -Xlinker /Users/mdd/zhk/kanpan-ringtone/DerivedData-ringtone/Build/Intermediates.noindex/KanpanData.build/Debug-iphonesimulator/KanpanData.build/Objects-normal/arm64/KanpanData.swiftmodule @/Users/mdd/zhk/kanpan-ringtone/DerivedData-ringtone/Build/Intermediates.noindex/KanpanData.build/Debug-iphonesimulator/KanpanData.build/Objects-normal/arm64/KanpanData-linker-args.resp -Xlinker -add_ast_path -Xlinker /Users/mdd/zhk/kanpan-ringtone/DerivedData-ringtone/Build/Intermediates.noindex/KanpanNetwork.build/Debug-iphonesimulator/KanpanNetwork.build/Objects-normal/arm64/KanpanNetwork.swiftmodule @/Users/mdd/zhk/kanpan-ringtone/DerivedData-ringtone/Build/Intermediates.noindex/KanpanNetwork.build/Debug-iphonesimulator/KanpanNetwork.build/Objects-normal/arm64/KanpanNetwork-linker-args.resp -Xlinker -add_ast_path -Xlinker /Users/mdd/zhk/kanpan-ringtone/DerivedData-ringtone/Build/Intermediates.noindex/KanpanReview.build/Debug-iphonesimulator/ReviewDomain.build/Objects-normal/arm64/ReviewDomain.swiftmodule @/Users/mdd/zhk/kanpan-ringtone/DerivedData-ringtone/Build/Intermediates.noindex/KanpanReview.build/Debug-iphonesimulator/ReviewDomain.build/Objects-normal/arm64/ReviewDomain-linker-args.resp -Xlinker -add_ast_path -Xlinker /Users/mdd/zhk/kanpan-ringtone/DerivedData-ringtone/Build/Intermediates.noindex/KanpanReview.build/Debug-iphonesimulator/ReviewData.build/Objects-normal/arm64/ReviewData.swiftmodule @/Users/mdd/zhk/kanpan-ringtone/DerivedData-ringtone/Build/Intermediates.noindex/KanpanReview.build/Debug-iphonesimulator/ReviewData.build/Objects-normal/arm64/ReviewData-linker-args.resp -Xlinker -add_ast_path -Xlinker /Users/mdd/zhk/kanpan-ringtone/DerivedData-ringtone/Build/Intermediates.noindex/KanpanReview.build/Debug-iphonesimulator/ReviewUI.build/Objects-normal/arm64/ReviewUI.swiftmodule @/Users/mdd/zhk/kanpan-ringtone/DerivedData-ringtone/Build/Intermediates.noindex/KanpanReview.build/Debug-iphonesimulator/ReviewUI.build/Objects-normal/arm64/ReviewUI-linker-args.resp -Xlinker -add_ast_path -Xlinker /Users/mdd/zhk/kanpan-ringtone/DerivedData-ringtone/Build/Intermediates.noindex/KanpanAccount.build/Debug-iphonesimulator/KanpanAccount.build/Objects-normal/arm64/KanpanAccount.swiftmodule @/Users/mdd/zhk/kanpan-ringtone/DerivedData-ringtone/Build/Intermediates.noindex/KanpanAccount.build/Debug-iphonesimulator/KanpanAccount.build/Objects-normal/arm64/KanpanAccount-linker-args.resp

CreateUniversalBinary /Users/mdd/zhk/kanpan-ringtone/DerivedData-ringtone/Build/Products/Debug-iphonesimulator/Kanpan.app/Kanpan.debug.dylib normal arm64\ x86_64 (in target 'Kanpan' from project 'Kanpan')
    cd /Users/mdd/zhk/kanpan-ringtone/Kanpan
    /Applications/Xcode.app/Contents/Developer/Toolchains/XcodeDefault.xctoolchain/usr/bin/lipo -create /Users/mdd/zhk/kanpan-ringtone/DerivedData-ringtone/Build/Intermediates.noindex/Kanpan.build/Debug-iphonesimulator/Kanpan.build/Objects-normal/arm64/Binary/Kanpan.debug.dylib /Users/mdd/zhk/kanpan-ringtone/DerivedData-ringtone/Build/Intermediates.noindex/Kanpan.build/Debug-iphonesimulator/Kanpan.build/Objects-normal/x86_64/Binary/Kanpan.debug.dylib -output /Users/mdd/zhk/kanpan-ringtone/DerivedData-ringtone/Build/Products/Debug-iphonesimulator/Kanpan.app/Kanpan.debug.dylib

ConstructStubExecutorLinkFileList /Users/mdd/zhk/kanpan-ringtone/DerivedData-ringtone/Build/Intermediates.noindex/Kanpan.build/Debug-iphonesimulator/Kanpan.build/Kanpan-ExecutorLinkFileList-normal-arm64.txt (in target 'Kanpan' from project 'Kanpan')
    cd /Users/mdd/zhk/kanpan-ringtone/Kanpan
    construct-stub-executor-link-file-list /Users/mdd/zhk/kanpan-ringtone/DerivedData-ringtone/Build/Intermediates.noindex/Kanpan.build/Debug-iphonesimulator/Kanpan.build/Objects-normal/arm64/Binary/Kanpan.debug.dylib /Applications/Xcode.app/Contents/Developer/Platforms/iPhoneSimulator.platform/Developer/usr/lib/libPreviewsJITStubExecutor_no_swift_entry_point.a /Applications/Xcode.app/Contents/Developer/Platforms/iPhoneSimulator.platform/Developer/usr/lib/libPreviewsJITStubExecutor.a --output /Users/mdd/zhk/kanpan-ringtone/DerivedData-ringtone/Build/Intermediates.noindex/Kanpan.build/Debug-iphonesimulator/Kanpan.build/Kanpan-ExecutorLinkFileList-normal-arm64.txt
note: Using stub executor library with Swift entry point. (in target 'Kanpan' from project 'Kanpan')

Ld /Users/mdd/zhk/kanpan-ringtone/DerivedData-ringtone/Build/Intermediates.noindex/Kanpan.build/Debug-iphonesimulator/Kanpan.build/Objects-normal/arm64/Binary/Kanpan normal arm64 (in target 'Kanpan' from project 'Kanpan')
    cd /Users/mdd/zhk/kanpan-ringtone/Kanpan
    /Applications/Xcode.app/Contents/Developer/Toolchains/XcodeDefault.xctoolchain/usr/bin/clang -Xlinker -reproducible -target arm64-apple-ios26.0-simulator -isysroot /Applications/Xcode.app/Contents/Developer/Platforms/iPhoneSimulator.platform/Developer/SDKs/iPhoneSimulator26.5.sdk -O0 -L/Users/mdd/zhk/kanpan-ringtone/DerivedData-ringtone/Build/Products/Debug-iphonesimulator -F/Users/mdd/zhk/kanpan-ringtone/DerivedData-ringtone/Build/Products/Debug-iphonesimulator/PackageFrameworks -F/Users/mdd/zhk/kanpan-ringtone/DerivedData-ringtone/Build/Products/Debug-iphonesimulator/PackageFrameworks -F/Users/mdd/zhk/kanpan-ringtone/DerivedData-ringtone/Build/Products/Debug-iphonesimulator/PackageFrameworks -F/Users/mdd/zhk/kanpan-ringtone/DerivedData-ringtone/Build/Products/Debug-iphonesimulator/PackageFrameworks -F/Users/mdd/zhk/kanpan-ringtone/DerivedData-ringtone/Build/Products/Debug-iphonesimulator/PackageFrameworks -F/Users/mdd/zhk/kanpan-ringtone/DerivedData-ringtone/Build/Products/Debug-iphonesimulator/PackageFrameworks -F/Users/mdd/zhk/kanpan-ringtone/DerivedData-ringtone/Build/Products/Debug-iphonesimulator/PackageFrameworks -F/Users/mdd/zhk/kanpan-ringtone/DerivedData-ringtone/Build/Products/Debug-iphonesimulator/PackageFrameworks -F/Users/mdd/zhk/kanpan-ringtone/DerivedData-ringtone/Build/Products/Debug-iphonesimulator -Xlinker -rpath -Xlinker @executable_path -Xlinker -rpath -Xlinker /Users/mdd/zhk/kanpan-ringtone/DerivedData-ringtone/Build/Products/Debug-iphonesimulator/PackageFrameworks -Xlinker -rpath -Xlinker @executable_path/Frameworks -rdynamic -Xlinker -no_deduplicate -Xlinker -objc_abi_version -Xlinker 2 -e ___debug_blank_executor_main -Xlinker -sectcreate -Xlinker __TEXT -Xlinker __debug_dylib -Xlinker /Users/mdd/zhk/kanpan-ringtone/DerivedData-ringtone/Build/Intermediates.noindex/Kanpan.build/Debug-iphonesimulator/Kanpan.build/Kanpan-DebugDylibPath-normal-arm64.txt -Xlinker -sectcreate -Xlinker __TEXT -Xlinker __debug_instlnm -Xlinker /Users/mdd/zhk/kanpan-ringtone/DerivedData-ringtone/Build/Intermediates.noindex/Kanpan.build/Debug-iphonesimulator/Kanpan.build/Kanpan-DebugDylibInstallName-normal-arm64.txt -Xlinker -filelist -Xlinker /Users/mdd/zhk/kanpan-ringtone/DerivedData-ringtone/Build/Intermediates.noindex/Kanpan.build/Debug-iphonesimulator/Kanpan.build/Kanpan-ExecutorLinkFileList-normal-arm64.txt -Xlinker -sectcreate -Xlinker __TEXT -Xlinker __entitlements -Xlinker /Users/mdd/zhk/kanpan-ringtone/DerivedData-ringtone/Build/Intermediates.noindex/Kanpan.build/Debug-iphonesimulator/Kanpan.build/Kanpan.app-Simulated.xcent -Xlinker -sectcreate -Xlinker __TEXT -Xlinker __ents_der -Xlinker /Users/mdd/zhk/kanpan-ringtone/DerivedData-ringtone/Build/Intermediates.noindex/Kanpan.build/Debug-iphonesimulator/Kanpan.build/Kanpan.app-Simulated.xcent.der /Users/mdd/zhk/kanpan-ringtone/DerivedData-ringtone/Build/Intermediates.noindex/Kanpan.build/Debug-iphonesimulator/Kanpan.build/Objects-normal/arm64/Binary/Kanpan.debug.dylib -Xlinker -no_adhoc_codesign -o /Users/mdd/zhk/kanpan-ringtone/DerivedData-ringtone/Build/Intermediates.noindex/Kanpan.build/Debug-iphonesimulator/Kanpan.build/Objects-normal/arm64/Binary/Kanpan

CreateUniversalBinary /Users/mdd/zhk/kanpan-ringtone/DerivedData-ringtone/Build/Products/Debug-iphonesimulator/Kanpan.app/Kanpan normal arm64\ x86_64 (in target 'Kanpan' from project 'Kanpan')
    cd /Users/mdd/zhk/kanpan-ringtone/Kanpan
    /Applications/Xcode.app/Contents/Developer/Toolchains/XcodeDefault.xctoolchain/usr/bin/lipo -create /Users/mdd/zhk/kanpan-ringtone/DerivedData-ringtone/Build/Intermediates.noindex/Kanpan.build/Debug-iphonesimulator/Kanpan.build/Objects-normal/arm64/Binary/Kanpan /Users/mdd/zhk/kanpan-ringtone/DerivedData-ringtone/Build/Intermediates.noindex/Kanpan.build/Debug-iphonesimulator/Kanpan.build/Objects-normal/x86_64/Binary/Kanpan -output /Users/mdd/zhk/kanpan-ringtone/DerivedData-ringtone/Build/Products/Debug-iphonesimulator/Kanpan.app/Kanpan

CopySwiftLibs /Users/mdd/zhk/kanpan-ringtone/DerivedData-ringtone/Build/Products/Debug-iphonesimulator/Kanpan.app (in target 'Kanpan' from project 'Kanpan')
    cd /Users/mdd/zhk/kanpan-ringtone/Kanpan
    builtin-swiftStdLibTool --copy --verbose --sign - --scan-executable /Users/mdd/zhk/kanpan-ringtone/DerivedData-ringtone/Build/Products/Debug-iphonesimulator/Kanpan.app/Kanpan.debug.dylib --scan-folder /Users/mdd/zhk/kanpan-ringtone/DerivedData-ringtone/Build/Products/Debug-iphonesimulator/Kanpan.app/Frameworks --scan-folder /Users/mdd/zhk/kanpan-ringtone/DerivedData-ringtone/Build/Products/Debug-iphonesimulator/Kanpan.app/PlugIns --scan-folder /Users/mdd/zhk/kanpan-ringtone/DerivedData-ringtone/Build/Products/Debug-iphonesimulator/Kanpan.app/SystemExtensions --scan-folder /Users/mdd/zhk/kanpan-ringtone/DerivedData-ringtone/Build/Products/Debug-iphonesimulator/Kanpan.app/Extensions --platform iphonesimulator --toolchain /Applications/Xcode.app/Contents/Developer/Toolchains/XcodeDefault.xctoolchain --destination /Users/mdd/zhk/kanpan-ringtone/DerivedData-ringtone/Build/Products/Debug-iphonesimulator/Kanpan.app/Frameworks --strip-bitcode --strip-bitcode-tool /Applications/Xcode.app/Contents/Developer/Toolchains/XcodeDefault.xctoolchain/usr/bin/bitcode_strip --emit-dependency-info /Users/mdd/zhk/kanpan-ringtone/DerivedData-ringtone/Build/Intermediates.noindex/Kanpan.build/Debug-iphonesimulator/Kanpan.build/SwiftStdLibToolInputDependencies.dep --filter-for-swift-os

ExtractAppIntentsMetadata (in target 'Kanpan' from project 'Kanpan')
    cd /Users/mdd/zhk/kanpan-ringtone/Kanpan
    /Applications/Xcode.app/Contents/Developer/Toolchains/XcodeDefault.xctoolchain/usr/bin/appintentsmetadataprocessor --toolchain-dir /Applications/Xcode.app/Contents/Developer/Toolchains/XcodeDefault.xctoolchain --module-name Kanpan --sdk-root /Applications/Xcode.app/Contents/Developer/Platforms/iPhoneSimulator.platform/Developer/SDKs/iPhoneSimulator26.5.sdk --xcode-version 17F113 --platform-family iOS --deployment-target 26.0 --bundle-identifier com.mdd.kanpan --output /Users/mdd/zhk/kanpan-ringtone/DerivedData-ringtone/Build/Products/Debug-iphonesimulator/Kanpan.app --target-triple arm64-apple-ios26.0-simulator --target-triple x86_64-apple-ios26.0-simulator --binary-file /Users/mdd/zhk/kanpan-ringtone/DerivedData-ringtone/Build/Products/Debug-iphonesimulator/Kanpan.app/Kanpan --dependency-file /Users/mdd/zhk/kanpan-ringtone/DerivedData-ringtone/Build/Intermediates.noindex/Kanpan.build/Debug-iphonesimulator/Kanpan.build/Objects-normal/arm64/Kanpan_dependency_info.dat --dependency-file /Users/mdd/zhk/kanpan-ringtone/DerivedData-ringtone/Build/Intermediates.noindex/Kanpan.build/Debug-iphonesimulator/Kanpan.build/Objects-normal/x86_64/Kanpan_dependency_info.dat --stringsdata-file /Users/mdd/zhk/kanpan-ringtone/DerivedData-ringtone/Build/Intermediates.noindex/Kanpan.build/Debug-iphonesimulator/Kanpan.build/Objects-normal/arm64/ExtractedAppShortcutsMetadata.stringsdata --stringsdata-file /Users/mdd/zhk/kanpan-ringtone/DerivedData-ringtone/Build/Intermediates.noindex/Kanpan.build/Debug-iphonesimulator/Kanpan.build/Objects-normal/x86_64/ExtractedAppShortcutsMetadata.stringsdata --source-file-list /Users/mdd/zhk/kanpan-ringtone/DerivedData-ringtone/Build/Intermediates.noindex/Kanpan.build/Debug-iphonesimulator/Kanpan.build/Objects-normal/arm64/Kanpan.SwiftFileList --source-file-list /Users/mdd/zhk/kanpan-ringtone/DerivedData-ringtone/Build/Intermediates.noindex/Kanpan.build/Debug-iphonesimulator/Kanpan.build/Objects-normal/x86_64/Kanpan.SwiftFileList --metadata-file-list /Users/mdd/zhk/kanpan-ringtone/DerivedData-ringtone/Build/Intermediates.noindex/Kanpan.build/Debug-iphonesimulator/Kanpan.build/Kanpan.DependencyMetadataFileList --static-metadata-file-list /Users/mdd/zhk/kanpan-ringtone/DerivedData-ringtone/Build/Intermediates.noindex/Kanpan.build/Debug-iphonesimulator/Kanpan.build/Kanpan.DependencyStaticMetadataFileList --swift-const-vals-list /Users/mdd/zhk/kanpan-ringtone/DerivedData-ringtone/Build/Intermediates.noindex/Kanpan.build/Debug-iphonesimulator/Kanpan.build/Objects-normal/arm64/Kanpan.SwiftConstValuesFileList --swift-const-vals-list /Users/mdd/zhk/kanpan-ringtone/DerivedData-ringtone/Build/Intermediates.noindex/Kanpan.build/Debug-iphonesimulator/Kanpan.build/Objects-normal/x86_64/Kanpan.SwiftConstValuesFileList --compile-time-extraction --deployment-aware-processing --validate-assistant-intents --no-app-shortcuts-localization
2026-09-22 14:53:06.081 appintentsmetadataprocessor[72536:4041588] Starting appintentsmetadataprocessor export
2026-09-22 14:53:06.091 appintentsmetadataprocessor[72536:4041588] warning: Metadata extraction skipped. No AppIntents.framework dependency found.

AppIntentsSSUTraining (in target 'Kanpan' from project 'Kanpan')
    cd /Users/mdd/zhk/kanpan-ringtone/Kanpan
    /Applications/Xcode.app/Contents/Developer/Toolchains/XcodeDefault.xctoolchain/usr/bin/appintentsnltrainingprocessor --infoplist-path /Users/mdd/zhk/kanpan-ringtone/DerivedData-ringtone/Build/Products/Debug-iphonesimulator/Kanpan.app/Info.plist --temp-dir-path /Users/mdd/zhk/kanpan-ringtone/DerivedData-ringtone/Build/Intermediates.noindex/Kanpan.build/Debug-iphonesimulator/Kanpan.build/ssu --bundle-id com.mdd.kanpan --product-path /Users/mdd/zhk/kanpan-ringtone/DerivedData-ringtone/Build/Products/Debug-iphonesimulator/Kanpan.app --extracted-metadata-path /Users/mdd/zhk/kanpan-ringtone/DerivedData-ringtone/Build/Products/Debug-iphonesimulator/Kanpan.app/Metadata.appintents --metadata-file-list /Users/mdd/zhk/kanpan-ringtone/DerivedData-ringtone/Build/Intermediates.noindex/Kanpan.build/Debug-iphonesimulator/Kanpan.build/Kanpan.DependencyMetadataFileList --source-file /Users/mdd/zhk/kanpan-ringtone/DerivedData-ringtone/Build/Products/Debug-iphonesimulator/Kanpan.app/Info.plist --archive-ssu-assets
2026-09-22 14:53:06.250 appintentsnltrainingprocessor[72537:4041649] Parsing options for appintentsnltrainingprocessor
2026-09-22 14:53:06.258 appintentsnltrainingprocessor[72537:4041649] Starting AppIntents SSU YAML Generation
2026-09-22 14:53:06.266 appintentsnltrainingprocessor[72537:4041649] No AppShortcuts found - Skipping.

CodeSign /Users/mdd/zhk/kanpan-ringtone/DerivedData-ringtone/Build/Products/Debug-iphonesimulator/Kanpan.app/Kanpan.debug.dylib (in target 'Kanpan' from project 'Kanpan')
    cd /Users/mdd/zhk/kanpan-ringtone/Kanpan
    
    Signing Identity:     "Sign to Run Locally"
    
    /usr/bin/codesign --force --sign - --timestamp\=none --generate-entitlement-der /Users/mdd/zhk/kanpan-ringtone/DerivedData-ringtone/Build/Products/Debug-iphonesimulator/Kanpan.app/Kanpan.debug.dylib

CodeSign /Users/mdd/zhk/kanpan-ringtone/DerivedData-ringtone/Build/Products/Debug-iphonesimulator/Kanpan.app/__preview.dylib (in target 'Kanpan' from project 'Kanpan')
    cd /Users/mdd/zhk/kanpan-ringtone/Kanpan
    
    Signing Identity:     "Sign to Run Locally"
    
    /usr/bin/codesign --force --sign - --timestamp\=none --generate-entitlement-der /Users/mdd/zhk/kanpan-ringtone/DerivedData-ringtone/Build/Products/Debug-iphonesimulator/Kanpan.app/__preview.dylib

CodeSign /Users/mdd/zhk/kanpan-ringtone/DerivedData-ringtone/Build/Products/Debug-iphonesimulator/Kanpan.app (in target 'Kanpan' from project 'Kanpan')
    cd /Users/mdd/zhk/kanpan-ringtone/Kanpan
    
    Signing Identity:     "Sign to Run Locally"
    
    /usr/bin/codesign --force --sign - --timestamp\=none --generate-entitlement-der /Users/mdd/zhk/kanpan-ringtone/DerivedData-ringtone/Build/Products/Debug-iphonesimulator/Kanpan.app

RegisterExecutionPolicyException /Users/mdd/zhk/kanpan-ringtone/DerivedData-ringtone/Build/Products/Debug-iphonesimulator/Kanpan.app (in target 'Kanpan' from project 'Kanpan')
    cd /Users/mdd/zhk/kanpan-ringtone/Kanpan
    builtin-RegisterExecutionPolicyException /Users/mdd/zhk/kanpan-ringtone/DerivedData-ringtone/Build/Products/Debug-iphonesimulator/Kanpan.app

Validate /Users/mdd/zhk/kanpan-ringtone/DerivedData-ringtone/Build/Products/Debug-iphonesimulator/Kanpan.app (in target 'Kanpan' from project 'Kanpan')
    cd /Users/mdd/zhk/kanpan-ringtone/Kanpan
    builtin-validationUtility /Users/mdd/zhk/kanpan-ringtone/DerivedData-ringtone/Build/Products/Debug-iphonesimulator/Kanpan.app -shallow-bundle -infoplist-subpath Info.plist

Touch /Users/mdd/zhk/kanpan-ringtone/DerivedData-ringtone/Build/Products/Debug-iphonesimulator/Kanpan.app (in target 'Kanpan' from project 'Kanpan')
    cd /Users/mdd/zhk/kanpan-ringtone/Kanpan
    /usr/bin/touch -c /Users/mdd/zhk/kanpan-ringtone/DerivedData-ringtone/Build/Products/Debug-iphonesimulator/Kanpan.app

** BUILD SUCCEEDED **

