Command line invocation:
    /Applications/Xcode.app/Contents/Developer/usr/bin/xcodebuild test -scheme KanpanChart -destination "platform=iOS Simulator,name=iPhone 16 Pro · ringtone" -derivedDataPath .xcbuild -jobs 2 -parallel-testing-enabled NO -test-timeouts-enabled YES -maximum-test-execution-time-allowance 180

Resolve Package Graph
2026-09-22 15:47:24.399 xcodebuild[95907:4310667] [MT] IDERunDestination: Supported platforms for the buildables in the current scheme is empty.


Resolved source packages:
  KanpanChart: /Users/mdd/zhk/kanpan-ringtone/KanpanChart
  KanpanCore: /Users/mdd/zhk/kanpan-ringtone/KanpanCore @ local

Build Preparation
Build task concurrency set to 2 via user default IDEBuildOperationMaxNumberOfConcurrentCompileTasks

ComputePackagePrebuildTargetDependencyGraph

Prepare packages

CreateBuildRequest

SendProjectDescription

CreateBuildOperation

ComputeTargetDependencyGraph
note: Building targets in dependency order
note: Target dependency graph (6 targets)
    Target 'KanpanChart' in project 'KanpanChart'
        ➜ Explicit dependency on target 'KanpanChart' in project 'KanpanChart'
        ➜ Explicit dependency on target 'KanpanCore' in project 'KanpanCore'
    Target 'KanpanChartTests' in project 'KanpanChart'
        ➜ Explicit dependency on target 'KanpanChart_KanpanChartTests' in project 'KanpanChart'
        ➜ Explicit dependency on target 'KanpanChart' in project 'KanpanChart'
        ➜ Explicit dependency on target 'KanpanCore' in project 'KanpanCore'
    Target 'KanpanChart' in project 'KanpanChart'
        ➜ Explicit dependency on target 'KanpanCore' in project 'KanpanCore'
    Target 'KanpanCore' in project 'KanpanCore'
        ➜ Explicit dependency on target 'KanpanCore' in project 'KanpanCore'
    Target 'KanpanCore' in project 'KanpanCore' (no dependencies)
    Target 'KanpanChart_KanpanChartTests' in project 'KanpanChart' (no dependencies)

GatherProvisioningInputs

CreateBuildDescription

ExecuteExternalTool /Applications/Xcode.app/Contents/Developer/Toolchains/XcodeDefault.xctoolchain/usr/bin/swiftc --version

ExecuteExternalTool /Applications/Xcode.app/Contents/Developer/Toolchains/XcodeDefault.xctoolchain/usr/bin/clang -v -E -dM -isysroot /Applications/Xcode.app/Contents/Developer/Platforms/iPhoneSimulator.platform/Developer/SDKs/iPhoneSimulator26.5.sdk -x c -c /dev/null

ExecuteExternalTool /Applications/Xcode.app/Contents/Developer/Toolchains/XcodeDefault.xctoolchain/usr/bin/ld -version_details

Build description signature: 15858afc99f2d07e7cd27a93302e32b0
Build description path: /Users/mdd/zhk/kanpan-ringtone/KanpanChart/.xcbuild/Build/Intermediates.noindex/XCBuildData/15858afc99f2d07e7cd27a93302e32b0.xcbuilddata
ClangStatCache /Applications/Xcode.app/Contents/Developer/Toolchains/XcodeDefault.xctoolchain/usr/bin/clang-stat-cache /Applications/Xcode.app/Contents/Developer/Platforms/iPhoneSimulator.platform/Developer/SDKs/iPhoneSimulator26.5.sdk /Users/mdd/zhk/kanpan-ringtone/KanpanChart/.xcbuild/SDKStatCaches.noindex/iphonesimulator26.5-23F81a-6cfe768891a92b912361537c460fe42b.sdkstatcache
    cd /Users/mdd/zhk/kanpan-ringtone/KanpanChart/.swiftpm/xcode
    /Applications/Xcode.app/Contents/Developer/Toolchains/XcodeDefault.xctoolchain/usr/bin/clang-stat-cache /Applications/Xcode.app/Contents/Developer/Platforms/iPhoneSimulator.platform/Developer/SDKs/iPhoneSimulator26.5.sdk -o /Users/mdd/zhk/kanpan-ringtone/KanpanChart/.xcbuild/SDKStatCaches.noindex/iphonesimulator26.5-23F81a-6cfe768891a92b912361537c460fe42b.sdkstatcache

WriteAuxiliaryFile /Users/mdd/zhk/kanpan-ringtone/KanpanChart/.xcbuild/Build/Intermediates.noindex/KanpanCore.build/Debug-iphonesimulator/KanpanCore.build/Objects-normal/arm64/KanpanCore.SwiftFileList (in target 'KanpanCore' from project 'KanpanCore')
    cd /Users/mdd/zhk/kanpan-ringtone/KanpanCore
    write-file /Users/mdd/zhk/kanpan-ringtone/KanpanChart/.xcbuild/Build/Intermediates.noindex/KanpanCore.build/Debug-iphonesimulator/KanpanCore.build/Objects-normal/arm64/KanpanCore.SwiftFileList

WriteAuxiliaryFile /Users/mdd/zhk/kanpan-ringtone/KanpanChart/.xcbuild/Build/Intermediates.noindex/KanpanCore.build/Debug-iphonesimulator/KanpanCore.build/Objects-normal/arm64/KanpanCore.SwiftConstValuesFileList (in target 'KanpanCore' from project 'KanpanCore')
    cd /Users/mdd/zhk/kanpan-ringtone/KanpanCore
    write-file /Users/mdd/zhk/kanpan-ringtone/KanpanChart/.xcbuild/Build/Intermediates.noindex/KanpanCore.build/Debug-iphonesimulator/KanpanCore.build/Objects-normal/arm64/KanpanCore.SwiftConstValuesFileList

WriteAuxiliaryFile /Users/mdd/zhk/kanpan-ringtone/KanpanChart/.xcbuild/Build/Intermediates.noindex/KanpanCore.build/Debug-iphonesimulator/KanpanCore.build/Objects-normal/arm64/KanpanCore.LinkFileList (in target 'KanpanCore' from project 'KanpanCore')
    cd /Users/mdd/zhk/kanpan-ringtone/KanpanCore
    write-file /Users/mdd/zhk/kanpan-ringtone/KanpanChart/.xcbuild/Build/Intermediates.noindex/KanpanCore.build/Debug-iphonesimulator/KanpanCore.build/Objects-normal/arm64/KanpanCore.LinkFileList

WriteAuxiliaryFile /Users/mdd/zhk/kanpan-ringtone/KanpanChart/.xcbuild/Build/Intermediates.noindex/KanpanCore.build/Debug-iphonesimulator/KanpanCore.build/Objects-normal/arm64/KanpanCore-OutputFileMap.json (in target 'KanpanCore' from project 'KanpanCore')
    cd /Users/mdd/zhk/kanpan-ringtone/KanpanCore
    write-file /Users/mdd/zhk/kanpan-ringtone/KanpanChart/.xcbuild/Build/Intermediates.noindex/KanpanCore.build/Debug-iphonesimulator/KanpanCore.build/Objects-normal/arm64/KanpanCore-OutputFileMap.json

WriteAuxiliaryFile /Users/mdd/zhk/kanpan-ringtone/KanpanChart/.xcbuild/Build/Intermediates.noindex/KanpanChart.build/Debug-iphonesimulator/KanpanChart.build/Objects-normal/arm64/KanpanChart.SwiftFileList (in target 'KanpanChart' from project 'KanpanChart')
    cd /Users/mdd/zhk/kanpan-ringtone/KanpanChart
    write-file /Users/mdd/zhk/kanpan-ringtone/KanpanChart/.xcbuild/Build/Intermediates.noindex/KanpanChart.build/Debug-iphonesimulator/KanpanChart.build/Objects-normal/arm64/KanpanChart.SwiftFileList

WriteAuxiliaryFile /Users/mdd/zhk/kanpan-ringtone/KanpanChart/.xcbuild/Build/Intermediates.noindex/KanpanChart.build/Debug-iphonesimulator/KanpanChart.build/Objects-normal/arm64/KanpanChart.SwiftConstValuesFileList (in target 'KanpanChart' from project 'KanpanChart')
    cd /Users/mdd/zhk/kanpan-ringtone/KanpanChart
    write-file /Users/mdd/zhk/kanpan-ringtone/KanpanChart/.xcbuild/Build/Intermediates.noindex/KanpanChart.build/Debug-iphonesimulator/KanpanChart.build/Objects-normal/arm64/KanpanChart.SwiftConstValuesFileList

WriteAuxiliaryFile /Users/mdd/zhk/kanpan-ringtone/KanpanChart/.xcbuild/Build/Intermediates.noindex/KanpanChart.build/Debug-iphonesimulator/KanpanChart.build/Objects-normal/arm64/KanpanChart.LinkFileList (in target 'KanpanChart' from project 'KanpanChart')
    cd /Users/mdd/zhk/kanpan-ringtone/KanpanChart
    write-file /Users/mdd/zhk/kanpan-ringtone/KanpanChart/.xcbuild/Build/Intermediates.noindex/KanpanChart.build/Debug-iphonesimulator/KanpanChart.build/Objects-normal/arm64/KanpanChart.LinkFileList

WriteAuxiliaryFile /Users/mdd/zhk/kanpan-ringtone/KanpanChart/.xcbuild/Build/Intermediates.noindex/KanpanChart.build/Debug-iphonesimulator/KanpanChart.build/Objects-normal/arm64/KanpanChart-OutputFileMap.json (in target 'KanpanChart' from project 'KanpanChart')
    cd /Users/mdd/zhk/kanpan-ringtone/KanpanChart
    write-file /Users/mdd/zhk/kanpan-ringtone/KanpanChart/.xcbuild/Build/Intermediates.noindex/KanpanChart.build/Debug-iphonesimulator/KanpanChart.build/Objects-normal/arm64/KanpanChart-OutputFileMap.json

SwiftDriver KanpanCore normal arm64 com.apple.xcode.tools.swift.compiler (in target 'KanpanCore' from project 'KanpanCore')
    cd /Users/mdd/zhk/kanpan-ringtone/KanpanChart/.swiftpm/xcode
    builtin-SwiftDriver -- /Applications/Xcode.app/Contents/Developer/Toolchains/XcodeDefault.xctoolchain/usr/bin/swiftc -module-name KanpanCore -Onone @/Users/mdd/zhk/kanpan-ringtone/KanpanChart/.xcbuild/Build/Intermediates.noindex/KanpanCore.build/Debug-iphonesimulator/KanpanCore.build/Objects-normal/arm64/KanpanCore.SwiftFileList -DSWIFT_PACKAGE -DDEBUG -DSWIFT_MODULE_RESOURCE_BUNDLE_UNAVAILABLE -DXcode -plugin-path /Applications/Xcode.app/Contents/Developer/Toolchains/XcodeDefault.xctoolchain/usr/lib/swift/host/plugins/testing -enable-experimental-feature DebugDescriptionMacro -sdk /Applications/Xcode.app/Contents/Developer/Platforms/iPhoneSimulator.platform/Developer/SDKs/iPhoneSimulator26.5.sdk -target arm64-apple-ios26.0-simulator -g -module-cache-path /Users/mdd/zhk/kanpan-ringtone/KanpanChart/.xcbuild/ModuleCache.noindex -Xfrontend -serialize-debugging-options -profile-coverage-mapping -profile-generate -enable-testing -suppress-warnings -index-store-path /Users/mdd/zhk/kanpan-ringtone/KanpanChart/.xcbuild/Index.noindex/DataStore -Xcc -D_LIBCPP_HARDENING_MODE\=_LIBCPP_HARDENING_MODE_DEBUG -swift-version 6 -I /Users/mdd/zhk/kanpan-ringtone/KanpanChart/.xcbuild/Build/Products/Debug-iphonesimulator -Isystem /Applications/Xcode.app/Contents/Developer/Platforms/iPhoneSimulator.platform/Developer/usr/lib -F /Users/mdd/zhk/kanpan-ringtone/KanpanChart/.xcbuild/Build/Products/Debug-iphonesimulator -F /Applications/Xcode.app/Contents/Developer/Platforms/iPhoneSimulator.platform/Developer/Library/Frameworks -F /Applications/Xcode.app/Contents/Developer/Platforms/iPhoneSimulator.platform/Developer/SDKs/iPhoneSimulator26.5.sdk/Developer/Library/Frameworks -c -j10 -enable-batch-mode -incremental -Xcc -ivfsstatcache -Xcc /Users/mdd/zhk/kanpan-ringtone/KanpanChart/.xcbuild/SDKStatCaches.noindex/iphonesimulator26.5-23F81a-6cfe768891a92b912361537c460fe42b.sdkstatcache -output-file-map /Users/mdd/zhk/kanpan-ringtone/KanpanChart/.xcbuild/Build/Intermediates.noindex/KanpanCore.build/Debug-iphonesimulator/KanpanCore.build/Objects-normal/arm64/KanpanCore-OutputFileMap.json -use-frontend-parseable-output -save-temps -no-color-diagnostics -explicit-module-build -module-cache-path /Users/mdd/zhk/kanpan-ringtone/KanpanChart/.xcbuild/Build/Intermediates.noindex/SwiftExplicitPrecompiledModules -clang-scanner-module-cache-path /Users/mdd/zhk/kanpan-ringtone/KanpanChart/.xcbuild/ModuleCache.noindex -sdk-module-cache-path /Users/mdd/zhk/kanpan-ringtone/KanpanChart/.xcbuild/ModuleCache.noindex -serialize-diagnostics -emit-dependencies -emit-module -emit-module-path /Users/mdd/zhk/kanpan-ringtone/KanpanChart/.xcbuild/Build/Intermediates.noindex/KanpanCore.build/Debug-iphonesimulator/KanpanCore.build/Objects-normal/arm64/KanpanCore.swiftmodule -validate-clang-modules-once -clang-build-session-file /Users/mdd/zhk/kanpan-ringtone/KanpanChart/.xcbuild/ModuleCache.noindex/Session.modulevalidation -package-name kanpancore -Xcc -I/Users/mdd/zhk/kanpan-ringtone/KanpanChart/.xcbuild/Build/Intermediates.noindex/KanpanCore.build/Debug-iphonesimulator/KanpanCore.build/swift-overrides.hmap -emit-const-values -Xfrontend -const-gather-protocols-file -Xfrontend /Users/mdd/zhk/kanpan-ringtone/KanpanChart/.xcbuild/Build/Intermediates.noindex/KanpanCore.build/Debug-iphonesimulator/KanpanCore.build/Objects-normal/arm64/KanpanCore_const_extract_protocols.json -Xcc -I/Users/mdd/zhk/kanpan-ringtone/KanpanChart/.xcbuild/Build/Products/Debug-iphonesimulator/include -Xcc -I/Users/mdd/zhk/kanpan-ringtone/KanpanChart/.xcbuild/Build/Intermediates.noindex/KanpanCore.build/Debug-iphonesimulator/KanpanCore.build/DerivedSources-normal/arm64 -Xcc -I/Users/mdd/zhk/kanpan-ringtone/KanpanChart/.xcbuild/Build/Intermediates.noindex/KanpanCore.build/Debug-iphonesimulator/KanpanCore.build/DerivedSources/arm64 -Xcc -I/Users/mdd/zhk/kanpan-ringtone/KanpanChart/.xcbuild/Build/Intermediates.noindex/KanpanCore.build/Debug-iphonesimulator/KanpanCore.build/DerivedSources -Xcc -DSWIFT_PACKAGE -Xcc -DDEBUG\=1 -emit-objc-header -emit-objc-header-path /Users/mdd/zhk/kanpan-ringtone/KanpanChart/.xcbuild/Build/Intermediates.noindex/KanpanCore.build/Debug-iphonesimulator/KanpanCore.build/Objects-normal/arm64/KanpanCore-Swift.h -working-directory /Users/mdd/zhk/kanpan-ringtone/KanpanChart/.swiftpm/xcode -experimental-emit-module-separately -disable-cmo

SwiftEmitModule normal arm64 Emitting\ module\ for\ KanpanCore (in target 'KanpanCore' from project 'KanpanCore')

EmitSwiftModule normal arm64 (in target 'KanpanCore' from project 'KanpanCore')
    cd /Users/mdd/zhk/kanpan-ringtone/KanpanChart/.swiftpm/xcode
    

SwiftCompile normal arm64 Compiling\ ExternalSeries.swift /Users/mdd/zhk/kanpan-ringtone/KanpanCore/Sources/KanpanCore/Model/ExternalSeries.swift (in target 'KanpanCore' from project 'KanpanCore')

SwiftCompile normal arm64 /Users/mdd/zhk/kanpan-ringtone/KanpanCore/Sources/KanpanCore/Model/ExternalSeries.swift (in target 'KanpanCore' from project 'KanpanCore')
    cd /Users/mdd/zhk/kanpan-ringtone/KanpanChart/.swiftpm/xcode
    

SwiftCompile normal arm64 Compiling\ MarketMicrostructure.swift /Users/mdd/zhk/kanpan-ringtone/KanpanCore/Sources/KanpanCore/Model/MarketMicrostructure.swift (in target 'KanpanCore' from project 'KanpanCore')
SwiftCompile normal arm64 /Users/mdd/zhk/kanpan-ringtone/KanpanCore/Sources/KanpanCore/Model/MarketMicrostructure.swift (in target 'KanpanCore' from project 'KanpanCore')
    cd /Users/mdd/zhk/kanpan-ringtone/KanpanChart/.swiftpm/xcode
    

SwiftDriverJobDiscovery normal arm64 Compiling ExternalSeries.swift (in target 'KanpanCore' from project 'KanpanCore')

SwiftCompile normal arm64 Compiling\ Alert.swift,\ AlertEvaluator.swift,\ AlertGeometry.swift,\ AICoinBehavior.swift /Users/mdd/zhk/kanpan-ringtone/KanpanCore/Sources/KanpanCore/Alerts/Alert.swift /Users/mdd/zhk/kanpan-ringtone/KanpanCore/Sources/KanpanCore/Alerts/AlertEvaluator.swift /Users/mdd/zhk/kanpan-ringtone/KanpanCore/Sources/KanpanCore/Alerts/AlertGeometry.swift /Users/mdd/zhk/kanpan-ringtone/KanpanCore/Sources/KanpanCore/Chart/AICoinBehavior.swift (in target 'KanpanCore' from project 'KanpanCore')
SwiftCompile normal arm64 /Users/mdd/zhk/kanpan-ringtone/KanpanCore/Sources/KanpanCore/Alerts/Alert.swift (in target 'KanpanCore' from project 'KanpanCore')
    cd /Users/mdd/zhk/kanpan-ringtone/KanpanChart/.swiftpm/xcode
    

SwiftCompile normal arm64 /Users/mdd/zhk/kanpan-ringtone/KanpanCore/Sources/KanpanCore/Alerts/AlertEvaluator.swift (in target 'KanpanCore' from project 'KanpanCore')
    cd /Users/mdd/zhk/kanpan-ringtone/KanpanChart/.swiftpm/xcode
    

SwiftCompile normal arm64 /Users/mdd/zhk/kanpan-ringtone/KanpanCore/Sources/KanpanCore/Alerts/AlertGeometry.swift (in target 'KanpanCore' from project 'KanpanCore')
    cd /Users/mdd/zhk/kanpan-ringtone/KanpanChart/.swiftpm/xcode
    

SwiftCompile normal arm64 /Users/mdd/zhk/kanpan-ringtone/KanpanCore/Sources/KanpanCore/Chart/AICoinBehavior.swift (in target 'KanpanCore' from project 'KanpanCore')
    cd /Users/mdd/zhk/kanpan-ringtone/KanpanChart/.swiftpm/xcode
    

SwiftDriverJobDiscovery normal arm64 Emitting module for KanpanCore (in target 'KanpanCore' from project 'KanpanCore')

SwiftDriver\ Compilation\ Requirements KanpanCore normal arm64 com.apple.xcode.tools.swift.compiler (in target 'KanpanCore' from project 'KanpanCore')
    cd /Users/mdd/zhk/kanpan-ringtone/KanpanChart/.swiftpm/xcode
    builtin-Swift-Compilation-Requirements -- /Applications/Xcode.app/Contents/Developer/Toolchains/XcodeDefault.xctoolchain/usr/bin/swiftc -module-name KanpanCore -Onone @/Users/mdd/zhk/kanpan-ringtone/KanpanChart/.xcbuild/Build/Intermediates.noindex/KanpanCore.build/Debug-iphonesimulator/KanpanCore.build/Objects-normal/arm64/KanpanCore.SwiftFileList -DSWIFT_PACKAGE -DDEBUG -DSWIFT_MODULE_RESOURCE_BUNDLE_UNAVAILABLE -DXcode -plugin-path /Applications/Xcode.app/Contents/Developer/Toolchains/XcodeDefault.xctoolchain/usr/lib/swift/host/plugins/testing -enable-experimental-feature DebugDescriptionMacro -sdk /Applications/Xcode.app/Contents/Developer/Platforms/iPhoneSimulator.platform/Developer/SDKs/iPhoneSimulator26.5.sdk -target arm64-apple-ios26.0-simulator -g -module-cache-path /Users/mdd/zhk/kanpan-ringtone/KanpanChart/.xcbuild/ModuleCache.noindex -Xfrontend -serialize-debugging-options -profile-coverage-mapping -profile-generate -enable-testing -suppress-warnings -index-store-path /Users/mdd/zhk/kanpan-ringtone/KanpanChart/.xcbuild/Index.noindex/DataStore -Xcc -D_LIBCPP_HARDENING_MODE\=_LIBCPP_HARDENING_MODE_DEBUG -swift-version 6 -I /Users/mdd/zhk/kanpan-ringtone/KanpanChart/.xcbuild/Build/Products/Debug-iphonesimulator -Isystem /Applications/Xcode.app/Contents/Developer/Platforms/iPhoneSimulator.platform/Developer/usr/lib -F /Users/mdd/zhk/kanpan-ringtone/KanpanChart/.xcbuild/Build/Products/Debug-iphonesimulator -F /Applications/Xcode.app/Contents/Developer/Platforms/iPhoneSimulator.platform/Developer/Library/Frameworks -F /Applications/Xcode.app/Contents/Developer/Platforms/iPhoneSimulator.platform/Developer/SDKs/iPhoneSimulator26.5.sdk/Developer/Library/Frameworks -c -j10 -enable-batch-mode -incremental -Xcc -ivfsstatcache -Xcc /Users/mdd/zhk/kanpan-ringtone/KanpanChart/.xcbuild/SDKStatCaches.noindex/iphonesimulator26.5-23F81a-6cfe768891a92b912361537c460fe42b.sdkstatcache -output-file-map /Users/mdd/zhk/kanpan-ringtone/KanpanChart/.xcbuild/Build/Intermediates.noindex/KanpanCore.build/Debug-iphonesimulator/KanpanCore.build/Objects-normal/arm64/KanpanCore-OutputFileMap.json -use-frontend-parseable-output -save-temps -no-color-diagnostics -explicit-module-build -module-cache-path /Users/mdd/zhk/kanpan-ringtone/KanpanChart/.xcbuild/Build/Intermediates.noindex/SwiftExplicitPrecompiledModules -clang-scanner-module-cache-path /Users/mdd/zhk/kanpan-ringtone/KanpanChart/.xcbuild/ModuleCache.noindex -sdk-module-cache-path /Users/mdd/zhk/kanpan-ringtone/KanpanChart/.xcbuild/ModuleCache.noindex -serialize-diagnostics -emit-dependencies -emit-module -emit-module-path /Users/mdd/zhk/kanpan-ringtone/KanpanChart/.xcbuild/Build/Intermediates.noindex/KanpanCore.build/Debug-iphonesimulator/KanpanCore.build/Objects-normal/arm64/KanpanCore.swiftmodule -validate-clang-modules-once -clang-build-session-file /Users/mdd/zhk/kanpan-ringtone/KanpanChart/.xcbuild/ModuleCache.noindex/Session.modulevalidation -package-name kanpancore -Xcc -I/Users/mdd/zhk/kanpan-ringtone/KanpanChart/.xcbuild/Build/Intermediates.noindex/KanpanCore.build/Debug-iphonesimulator/KanpanCore.build/swift-overrides.hmap -emit-const-values -Xfrontend -const-gather-protocols-file -Xfrontend /Users/mdd/zhk/kanpan-ringtone/KanpanChart/.xcbuild/Build/Intermediates.noindex/KanpanCore.build/Debug-iphonesimulator/KanpanCore.build/Objects-normal/arm64/KanpanCore_const_extract_protocols.json -Xcc -I/Users/mdd/zhk/kanpan-ringtone/KanpanChart/.xcbuild/Build/Products/Debug-iphonesimulator/include -Xcc -I/Users/mdd/zhk/kanpan-ringtone/KanpanChart/.xcbuild/Build/Intermediates.noindex/KanpanCore.build/Debug-iphonesimulator/KanpanCore.build/DerivedSources-normal/arm64 -Xcc -I/Users/mdd/zhk/kanpan-ringtone/KanpanChart/.xcbuild/Build/Intermediates.noindex/KanpanCore.build/Debug-iphonesimulator/KanpanCore.build/DerivedSources/arm64 -Xcc -I/Users/mdd/zhk/kanpan-ringtone/KanpanChart/.xcbuild/Build/Intermediates.noindex/KanpanCore.build/Debug-iphonesimulator/KanpanCore.build/DerivedSources -Xcc -DSWIFT_PACKAGE -Xcc -DDEBUG\=1 -emit-objc-header -emit-objc-header-path /Users/mdd/zhk/kanpan-ringtone/KanpanChart/.xcbuild/Build/Intermediates.noindex/KanpanCore.build/Debug-iphonesimulator/KanpanCore.build/Objects-normal/arm64/KanpanCore-Swift.h -working-directory /Users/mdd/zhk/kanpan-ringtone/KanpanChart/.swiftpm/xcode -experimental-emit-module-separately -disable-cmo

SwiftDriverJobDiscovery normal arm64 Compiling MarketMicrostructure.swift (in target 'KanpanCore' from project 'KanpanCore')

SwiftCompile normal arm64 Compiling\ ChartOptions.swift,\ DrawEdit.swift,\ DrawGeometry.swift,\ DrawRegression.swift /Users/mdd/zhk/kanpan-ringtone/KanpanCore/Sources/KanpanCore/Chart/ChartOptions.swift /Users/mdd/zhk/kanpan-ringtone/KanpanCore/Sources/KanpanCore/Drawing/DrawEdit.swift /Users/mdd/zhk/kanpan-ringtone/KanpanCore/Sources/KanpanCore/Drawing/DrawGeometry.swift /Users/mdd/zhk/kanpan-ringtone/KanpanCore/Sources/KanpanCore/Drawing/DrawRegression.swift (in target 'KanpanCore' from project 'KanpanCore')
SwiftCompile normal arm64 /Users/mdd/zhk/kanpan-ringtone/KanpanCore/Sources/KanpanCore/Chart/ChartOptions.swift (in target 'KanpanCore' from project 'KanpanCore')
    cd /Users/mdd/zhk/kanpan-ringtone/KanpanChart/.swiftpm/xcode
    

SwiftCompile normal arm64 /Users/mdd/zhk/kanpan-ringtone/KanpanCore/Sources/KanpanCore/Drawing/DrawEdit.swift (in target 'KanpanCore' from project 'KanpanCore')
    cd /Users/mdd/zhk/kanpan-ringtone/KanpanChart/.swiftpm/xcode
    

SwiftCompile normal arm64 /Users/mdd/zhk/kanpan-ringtone/KanpanCore/Sources/KanpanCore/Drawing/DrawGeometry.swift (in target 'KanpanCore' from project 'KanpanCore')
    cd /Users/mdd/zhk/kanpan-ringtone/KanpanChart/.swiftpm/xcode
    

SwiftCompile normal arm64 /Users/mdd/zhk/kanpan-ringtone/KanpanCore/Sources/KanpanCore/Drawing/DrawRegression.swift (in target 'KanpanCore' from project 'KanpanCore')
    cd /Users/mdd/zhk/kanpan-ringtone/KanpanChart/.swiftpm/xcode
    

Copy /Users/mdd/zhk/kanpan-ringtone/KanpanChart/.xcbuild/Build/Products/Debug-iphonesimulator/KanpanCore.swiftmodule/arm64-apple-ios-simulator.swiftmodule /Users/mdd/zhk/kanpan-ringtone/KanpanChart/.xcbuild/Build/Intermediates.noindex/KanpanCore.build/Debug-iphonesimulator/KanpanCore.build/Objects-normal/arm64/KanpanCore.swiftmodule (in target 'KanpanCore' from project 'KanpanCore')
    cd /Users/mdd/zhk/kanpan-ringtone/KanpanCore
    builtin-copy -exclude .DS_Store -exclude CVS -exclude .svn -exclude .git -exclude .hg -resolve-src-symlinks -rename /Users/mdd/zhk/kanpan-ringtone/KanpanChart/.xcbuild/Build/Intermediates.noindex/KanpanCore.build/Debug-iphonesimulator/KanpanCore.build/Objects-normal/arm64/KanpanCore.swiftmodule /Users/mdd/zhk/kanpan-ringtone/KanpanChart/.xcbuild/Build/Products/Debug-iphonesimulator/KanpanCore.swiftmodule/arm64-apple-ios-simulator.swiftmodule

SwiftDriverJobDiscovery normal arm64 Compiling Alert.swift, AlertEvaluator.swift, AlertGeometry.swift, AICoinBehavior.swift (in target 'KanpanCore' from project 'KanpanCore')

Copy /Users/mdd/zhk/kanpan-ringtone/KanpanChart/.xcbuild/Build/Products/Debug-iphonesimulator/KanpanCore.swiftmodule/arm64-apple-ios-simulator.swiftdoc /Users/mdd/zhk/kanpan-ringtone/KanpanChart/.xcbuild/Build/Intermediates.noindex/KanpanCore.build/Debug-iphonesimulator/KanpanCore.build/Objects-normal/arm64/KanpanCore.swiftdoc (in target 'KanpanCore' from project 'KanpanCore')
    cd /Users/mdd/zhk/kanpan-ringtone/KanpanCore
    builtin-copy -exclude .DS_Store -exclude CVS -exclude .svn -exclude .git -exclude .hg -resolve-src-symlinks -rename /Users/mdd/zhk/kanpan-ringtone/KanpanChart/.xcbuild/Build/Intermediates.noindex/KanpanCore.build/Debug-iphonesimulator/KanpanCore.build/Objects-normal/arm64/KanpanCore.swiftdoc /Users/mdd/zhk/kanpan-ringtone/KanpanChart/.xcbuild/Build/Products/Debug-iphonesimulator/KanpanCore.swiftmodule/arm64-apple-ios-simulator.swiftdoc

Copy /Users/mdd/zhk/kanpan-ringtone/KanpanChart/.xcbuild/Build/Products/Debug-iphonesimulator/KanpanCore.swiftmodule/arm64-apple-ios-simulator.abi.json /Users/mdd/zhk/kanpan-ringtone/KanpanChart/.xcbuild/Build/Intermediates.noindex/KanpanCore.build/Debug-iphonesimulator/KanpanCore.build/Objects-normal/arm64/KanpanCore.abi.json (in target 'KanpanCore' from project 'KanpanCore')
    cd /Users/mdd/zhk/kanpan-ringtone/KanpanCore
    builtin-copy -exclude .DS_Store -exclude CVS -exclude .svn -exclude .git -exclude .hg -resolve-src-symlinks -rename /Users/mdd/zhk/kanpan-ringtone/KanpanChart/.xcbuild/Build/Intermediates.noindex/KanpanCore.build/Debug-iphonesimulator/KanpanCore.build/Objects-normal/arm64/KanpanCore.abi.json /Users/mdd/zhk/kanpan-ringtone/KanpanChart/.xcbuild/Build/Products/Debug-iphonesimulator/KanpanCore.swiftmodule/arm64-apple-ios-simulator.abi.json

Copy /Users/mdd/zhk/kanpan-ringtone/KanpanChart/.xcbuild/Build/Products/Debug-iphonesimulator/KanpanCore.swiftmodule/Project/arm64-apple-ios-simulator.swiftsourceinfo /Users/mdd/zhk/kanpan-ringtone/KanpanChart/.xcbuild/Build/Intermediates.noindex/KanpanCore.build/Debug-iphonesimulator/KanpanCore.build/Objects-normal/arm64/KanpanCore.swiftsourceinfo (in target 'KanpanCore' from project 'KanpanCore')
    cd /Users/mdd/zhk/kanpan-ringtone/KanpanCore
    builtin-copy -exclude .DS_Store -exclude CVS -exclude .svn -exclude .git -exclude .hg -resolve-src-symlinks -rename /Users/mdd/zhk/kanpan-ringtone/KanpanChart/.xcbuild/Build/Intermediates.noindex/KanpanCore.build/Debug-iphonesimulator/KanpanCore.build/Objects-normal/arm64/KanpanCore.swiftsourceinfo /Users/mdd/zhk/kanpan-ringtone/KanpanChart/.xcbuild/Build/Products/Debug-iphonesimulator/KanpanCore.swiftmodule/Project/arm64-apple-ios-simulator.swiftsourceinfo

SwiftCompile normal arm64 Compiling\ Indicators.swift,\ OINotice.swift,\ Bar.swift /Users/mdd/zhk/kanpan-ringtone/KanpanCore/Sources/KanpanCore/Indicator/Indicators.swift /Users/mdd/zhk/kanpan-ringtone/KanpanCore/Sources/KanpanCore/Indicator/OINotice.swift /Users/mdd/zhk/kanpan-ringtone/KanpanCore/Sources/KanpanCore/Model/Bar.swift (in target 'KanpanCore' from project 'KanpanCore')
SwiftCompile normal arm64 /Users/mdd/zhk/kanpan-ringtone/KanpanCore/Sources/KanpanCore/Indicator/Indicators.swift (in target 'KanpanCore' from project 'KanpanCore')
    cd /Users/mdd/zhk/kanpan-ringtone/KanpanChart/.swiftpm/xcode
    

SwiftCompile normal arm64 /Users/mdd/zhk/kanpan-ringtone/KanpanCore/Sources/KanpanCore/Indicator/OINotice.swift (in target 'KanpanCore' from project 'KanpanCore')
    cd /Users/mdd/zhk/kanpan-ringtone/KanpanChart/.swiftpm/xcode
    

SwiftCompile normal arm64 /Users/mdd/zhk/kanpan-ringtone/KanpanCore/Sources/KanpanCore/Model/Bar.swift (in target 'KanpanCore' from project 'KanpanCore')
    cd /Users/mdd/zhk/kanpan-ringtone/KanpanChart/.swiftpm/xcode
    

SwiftCompile normal arm64 Compiling\ PriceScale.swift,\ ViewWindow.swift,\ IncrementalLines.swift /Users/mdd/zhk/kanpan-ringtone/KanpanCore/Sources/KanpanCore/Geometry/PriceScale.swift /Users/mdd/zhk/kanpan-ringtone/KanpanCore/Sources/KanpanCore/Geometry/ViewWindow.swift /Users/mdd/zhk/kanpan-ringtone/KanpanCore/Sources/KanpanCore/Indicator/IncrementalLines.swift (in target 'KanpanCore' from project 'KanpanCore')
SwiftCompile normal arm64 /Users/mdd/zhk/kanpan-ringtone/KanpanCore/Sources/KanpanCore/Geometry/PriceScale.swift (in target 'KanpanCore' from project 'KanpanCore')
    cd /Users/mdd/zhk/kanpan-ringtone/KanpanChart/.swiftpm/xcode
    

SwiftCompile normal arm64 /Users/mdd/zhk/kanpan-ringtone/KanpanCore/Sources/KanpanCore/Geometry/ViewWindow.swift (in target 'KanpanCore' from project 'KanpanCore')
    cd /Users/mdd/zhk/kanpan-ringtone/KanpanChart/.swiftpm/xcode
    

SwiftCompile normal arm64 /Users/mdd/zhk/kanpan-ringtone/KanpanCore/Sources/KanpanCore/Indicator/IncrementalLines.swift (in target 'KanpanCore' from project 'KanpanCore')
    cd /Users/mdd/zhk/kanpan-ringtone/KanpanChart/.swiftpm/xcode
    

SwiftDriverJobDiscovery normal arm64 Compiling ChartOptions.swift, DrawEdit.swift, DrawGeometry.swift, DrawRegression.swift (in target 'KanpanCore' from project 'KanpanCore')

SwiftCompile normal arm64 Compiling\ SectorSelection.swift,\ CandleStyle.swift,\ Palette.swift /Users/mdd/zhk/kanpan-ringtone/KanpanCore/Sources/KanpanCore/Sector/SectorSelection.swift /Users/mdd/zhk/kanpan-ringtone/KanpanCore/Sources/KanpanCore/Style/CandleStyle.swift /Users/mdd/zhk/kanpan-ringtone/KanpanCore/Sources/KanpanCore/Style/Palette.swift (in target 'KanpanCore' from project 'KanpanCore')
SwiftCompile normal arm64 /Users/mdd/zhk/kanpan-ringtone/KanpanCore/Sources/KanpanCore/Sector/SectorSelection.swift (in target 'KanpanCore' from project 'KanpanCore')
    cd /Users/mdd/zhk/kanpan-ringtone/KanpanChart/.swiftpm/xcode
    

SwiftCompile normal arm64 /Users/mdd/zhk/kanpan-ringtone/KanpanCore/Sources/KanpanCore/Style/CandleStyle.swift (in target 'KanpanCore' from project 'KanpanCore')
    cd /Users/mdd/zhk/kanpan-ringtone/KanpanChart/.swiftpm/xcode
    

SwiftCompile normal arm64 /Users/mdd/zhk/kanpan-ringtone/KanpanCore/Sources/KanpanCore/Style/Palette.swift (in target 'KanpanCore' from project 'KanpanCore')
    cd /Users/mdd/zhk/kanpan-ringtone/KanpanChart/.swiftpm/xcode
    

SwiftDriverJobDiscovery normal arm64 Compiling Indicators.swift, OINotice.swift, Bar.swift (in target 'KanpanCore' from project 'KanpanCore')

SwiftCompile normal arm64 Compiling\ CandleWidths.swift,\ Fling.swift,\ Layout.swift /Users/mdd/zhk/kanpan-ringtone/KanpanCore/Sources/KanpanCore/Geometry/CandleWidths.swift /Users/mdd/zhk/kanpan-ringtone/KanpanCore/Sources/KanpanCore/Geometry/Fling.swift /Users/mdd/zhk/kanpan-ringtone/KanpanCore/Sources/KanpanCore/Geometry/Layout.swift (in target 'KanpanCore' from project 'KanpanCore')
SwiftCompile normal arm64 /Users/mdd/zhk/kanpan-ringtone/KanpanCore/Sources/KanpanCore/Geometry/CandleWidths.swift (in target 'KanpanCore' from project 'KanpanCore')
    cd /Users/mdd/zhk/kanpan-ringtone/KanpanChart/.swiftpm/xcode
    

SwiftCompile normal arm64 /Users/mdd/zhk/kanpan-ringtone/KanpanCore/Sources/KanpanCore/Geometry/Fling.swift (in target 'KanpanCore' from project 'KanpanCore')
    cd /Users/mdd/zhk/kanpan-ringtone/KanpanChart/.swiftpm/xcode
    

SwiftCompile normal arm64 /Users/mdd/zhk/kanpan-ringtone/KanpanCore/Sources/KanpanCore/Geometry/Layout.swift (in target 'KanpanCore' from project 'KanpanCore')
    cd /Users/mdd/zhk/kanpan-ringtone/KanpanChart/.swiftpm/xcode
    

SwiftDriverJobDiscovery normal arm64 Compiling PriceScale.swift, ViewWindow.swift, IncrementalLines.swift (in target 'KanpanCore' from project 'KanpanCore')

SwiftCompile normal arm64 Compiling\ DrawStore.swift,\ DrawVolume.swift,\ Drawing.swift,\ Format.swift /Users/mdd/zhk/kanpan-ringtone/KanpanCore/Sources/KanpanCore/Drawing/DrawStore.swift /Users/mdd/zhk/kanpan-ringtone/KanpanCore/Sources/KanpanCore/Drawing/DrawVolume.swift /Users/mdd/zhk/kanpan-ringtone/KanpanCore/Sources/KanpanCore/Drawing/Drawing.swift /Users/mdd/zhk/kanpan-ringtone/KanpanCore/Sources/KanpanCore/Format/Format.swift (in target 'KanpanCore' from project 'KanpanCore')
SwiftCompile normal arm64 /Users/mdd/zhk/kanpan-ringtone/KanpanCore/Sources/KanpanCore/Drawing/DrawStore.swift (in target 'KanpanCore' from project 'KanpanCore')
    cd /Users/mdd/zhk/kanpan-ringtone/KanpanChart/.swiftpm/xcode
    

SwiftCompile normal arm64 /Users/mdd/zhk/kanpan-ringtone/KanpanCore/Sources/KanpanCore/Drawing/DrawVolume.swift (in target 'KanpanCore' from project 'KanpanCore')
    cd /Users/mdd/zhk/kanpan-ringtone/KanpanChart/.swiftpm/xcode
    

SwiftCompile normal arm64 /Users/mdd/zhk/kanpan-ringtone/KanpanCore/Sources/KanpanCore/Drawing/Drawing.swift (in target 'KanpanCore' from project 'KanpanCore')
    cd /Users/mdd/zhk/kanpan-ringtone/KanpanChart/.swiftpm/xcode
    

SwiftCompile normal arm64 /Users/mdd/zhk/kanpan-ringtone/KanpanCore/Sources/KanpanCore/Format/Format.swift (in target 'KanpanCore' from project 'KanpanCore')
    cd /Users/mdd/zhk/kanpan-ringtone/KanpanChart/.swiftpm/xcode
    

SwiftDriverJobDiscovery normal arm64 Compiling SectorSelection.swift, CandleStyle.swift, Palette.swift (in target 'KanpanCore' from project 'KanpanCore')

SwiftCompile normal arm64 Compiling\ SymbolInfo.swift,\ SectorAggregate.swift,\ SectorCatalog.swift /Users/mdd/zhk/kanpan-ringtone/KanpanCore/Sources/KanpanCore/Model/SymbolInfo.swift /Users/mdd/zhk/kanpan-ringtone/KanpanCore/Sources/KanpanCore/Sector/SectorAggregate.swift /Users/mdd/zhk/kanpan-ringtone/KanpanCore/Sources/KanpanCore/Sector/SectorCatalog.swift (in target 'KanpanCore' from project 'KanpanCore')

SwiftCompile normal arm64 /Users/mdd/zhk/kanpan-ringtone/KanpanCore/Sources/KanpanCore/Model/SymbolInfo.swift (in target 'KanpanCore' from project 'KanpanCore')
    cd /Users/mdd/zhk/kanpan-ringtone/KanpanChart/.swiftpm/xcode
    

SwiftCompile normal arm64 /Users/mdd/zhk/kanpan-ringtone/KanpanCore/Sources/KanpanCore/Sector/SectorAggregate.swift (in target 'KanpanCore' from project 'KanpanCore')
    cd /Users/mdd/zhk/kanpan-ringtone/KanpanChart/.swiftpm/xcode
    

SwiftCompile normal arm64 /Users/mdd/zhk/kanpan-ringtone/KanpanCore/Sources/KanpanCore/Sector/SectorCatalog.swift (in target 'KanpanCore' from project 'KanpanCore')
    cd /Users/mdd/zhk/kanpan-ringtone/KanpanChart/.swiftpm/xcode
    

SwiftDriverJobDiscovery normal arm64 Compiling CandleWidths.swift, Fling.swift, Layout.swift (in target 'KanpanCore' from project 'KanpanCore')

SwiftCompile normal arm64 Compiling\ BarSeries.swift,\ ChangeBasis.swift,\ Interval.swift /Users/mdd/zhk/kanpan-ringtone/KanpanCore/Sources/KanpanCore/Model/BarSeries.swift /Users/mdd/zhk/kanpan-ringtone/KanpanCore/Sources/KanpanCore/Model/ChangeBasis.swift /Users/mdd/zhk/kanpan-ringtone/KanpanCore/Sources/KanpanCore/Model/Interval.swift (in target 'KanpanCore' from project 'KanpanCore')
SwiftCompile normal arm64 /Users/mdd/zhk/kanpan-ringtone/KanpanCore/Sources/KanpanCore/Model/BarSeries.swift (in target 'KanpanCore' from project 'KanpanCore')
    cd /Users/mdd/zhk/kanpan-ringtone/KanpanChart/.swiftpm/xcode
    

SwiftCompile normal arm64 /Users/mdd/zhk/kanpan-ringtone/KanpanCore/Sources/KanpanCore/Model/ChangeBasis.swift (in target 'KanpanCore' from project 'KanpanCore')
    cd /Users/mdd/zhk/kanpan-ringtone/KanpanChart/.swiftpm/xcode
    

SwiftCompile normal arm64 /Users/mdd/zhk/kanpan-ringtone/KanpanCore/Sources/KanpanCore/Model/Interval.swift (in target 'KanpanCore' from project 'KanpanCore')
    cd /Users/mdd/zhk/kanpan-ringtone/KanpanChart/.swiftpm/xcode
    

SwiftDriverJobDiscovery normal arm64 Compiling SymbolInfo.swift, SectorAggregate.swift, SectorCatalog.swift (in target 'KanpanCore' from project 'KanpanCore')

SwiftCompile normal arm64 Compiling\ LatestQuote.swift,\ MarkPriceTick.swift,\ SymbolClassification.swift /Users/mdd/zhk/kanpan-ringtone/KanpanCore/Sources/KanpanCore/Model/LatestQuote.swift /Users/mdd/zhk/kanpan-ringtone/KanpanCore/Sources/KanpanCore/Model/MarkPriceTick.swift /Users/mdd/zhk/kanpan-ringtone/KanpanCore/Sources/KanpanCore/Model/SymbolClassification.swift (in target 'KanpanCore' from project 'KanpanCore')
SwiftCompile normal arm64 /Users/mdd/zhk/kanpan-ringtone/KanpanCore/Sources/KanpanCore/Model/LatestQuote.swift (in target 'KanpanCore' from project 'KanpanCore')
    cd /Users/mdd/zhk/kanpan-ringtone/KanpanChart/.swiftpm/xcode
    

SwiftCompile normal arm64 /Users/mdd/zhk/kanpan-ringtone/KanpanCore/Sources/KanpanCore/Model/MarkPriceTick.swift (in target 'KanpanCore' from project 'KanpanCore')
    cd /Users/mdd/zhk/kanpan-ringtone/KanpanChart/.swiftpm/xcode
    

SwiftCompile normal arm64 /Users/mdd/zhk/kanpan-ringtone/KanpanCore/Sources/KanpanCore/Model/SymbolClassification.swift (in target 'KanpanCore' from project 'KanpanCore')
    cd /Users/mdd/zhk/kanpan-ringtone/KanpanChart/.swiftpm/xcode
    

SwiftDriverJobDiscovery normal arm64 Compiling DrawStore.swift, DrawVolume.swift, Drawing.swift, Format.swift (in target 'KanpanCore' from project 'KanpanCore')

SwiftCompile normal arm64 Compiling\ IndicatorEngine.swift /Users/mdd/zhk/kanpan-ringtone/KanpanCore/Sources/KanpanCore/Indicator/IndicatorEngine.swift (in target 'KanpanCore' from project 'KanpanCore')
SwiftCompile normal arm64 /Users/mdd/zhk/kanpan-ringtone/KanpanCore/Sources/KanpanCore/Indicator/IndicatorEngine.swift (in target 'KanpanCore' from project 'KanpanCore')
    cd /Users/mdd/zhk/kanpan-ringtone/KanpanChart/.swiftpm/xcode
    

SwiftDriverJobDiscovery normal arm64 Compiling BarSeries.swift, ChangeBasis.swift, Interval.swift (in target 'KanpanCore' from project 'KanpanCore')

SwiftCompile normal arm64 Compiling\ IndicatorID.swift /Users/mdd/zhk/kanpan-ringtone/KanpanCore/Sources/KanpanCore/Indicator/IndicatorID.swift (in target 'KanpanCore' from project 'KanpanCore')

SwiftCompile normal arm64 /Users/mdd/zhk/kanpan-ringtone/KanpanCore/Sources/KanpanCore/Indicator/IndicatorID.swift (in target 'KanpanCore' from project 'KanpanCore')
    cd /Users/mdd/zhk/kanpan-ringtone/KanpanChart/.swiftpm/xcode
    

SwiftDriverJobDiscovery normal arm64 Compiling LatestQuote.swift, MarkPriceTick.swift, SymbolClassification.swift (in target 'KanpanCore' from project 'KanpanCore')

SwiftDriverJobDiscovery normal arm64 Compiling IndicatorID.swift (in target 'KanpanCore' from project 'KanpanCore')

SwiftDriver KanpanChart normal arm64 com.apple.xcode.tools.swift.compiler (in target 'KanpanChart' from project 'KanpanChart')
    cd /Users/mdd/zhk/kanpan-ringtone/KanpanChart/.swiftpm/xcode
    builtin-SwiftDriver -- /Applications/Xcode.app/Contents/Developer/Toolchains/XcodeDefault.xctoolchain/usr/bin/swiftc -module-name KanpanChart -Onone @/Users/mdd/zhk/kanpan-ringtone/KanpanChart/.xcbuild/Build/Intermediates.noindex/KanpanChart.build/Debug-iphonesimulator/KanpanChart.build/Objects-normal/arm64/KanpanChart.SwiftFileList -DSWIFT_PACKAGE -DDEBUG -DSWIFT_MODULE_RESOURCE_BUNDLE_UNAVAILABLE -DXcode -plugin-path /Applications/Xcode.app/Contents/Developer/Toolchains/XcodeDefault.xctoolchain/usr/lib/swift/host/plugins/testing -enable-experimental-feature DebugDescriptionMacro -sdk /Applications/Xcode.app/Contents/Developer/Platforms/iPhoneSimulator.platform/Developer/SDKs/iPhoneSimulator26.5.sdk -target arm64-apple-ios26.0-simulator -g -module-cache-path /Users/mdd/zhk/kanpan-ringtone/KanpanChart/.xcbuild/ModuleCache.noindex -Xfrontend -serialize-debugging-options -profile-coverage-mapping -profile-generate -enable-testing -index-store-path /Users/mdd/zhk/kanpan-ringtone/KanpanChart/.xcbuild/Index.noindex/DataStore -Xcc -D_LIBCPP_HARDENING_MODE\=_LIBCPP_HARDENING_MODE_DEBUG -swift-version 6 -I /Users/mdd/zhk/kanpan-ringtone/KanpanChart/.xcbuild/Build/Products/Debug-iphonesimulator -Isystem /Applications/Xcode.app/Contents/Developer/Platforms/iPhoneSimulator.platform/Developer/usr/lib -F /Users/mdd/zhk/kanpan-ringtone/KanpanChart/.xcbuild/Build/Products/Debug-iphonesimulator/PackageFrameworks -F /Users/mdd/zhk/kanpan-ringtone/KanpanChart/.xcbuild/Build/Products/Debug-iphonesimulator -F /Applications/Xcode.app/Contents/Developer/Platforms/iPhoneSimulator.platform/Developer/Library/Frameworks -F /Applications/Xcode.app/Contents/Developer/Platforms/iPhoneSimulator.platform/Developer/SDKs/iPhoneSimulator26.5.sdk/Developer/Library/Frameworks -c -j10 -enable-batch-mode -incremental -Xcc -ivfsstatcache -Xcc /Users/mdd/zhk/kanpan-ringtone/KanpanChart/.xcbuild/SDKStatCaches.noindex/iphonesimulator26.5-23F81a-6cfe768891a92b912361537c460fe42b.sdkstatcache -output-file-map /Users/mdd/zhk/kanpan-ringtone/KanpanChart/.xcbuild/Build/Intermediates.noindex/KanpanChart.build/Debug-iphonesimulator/KanpanChart.build/Objects-normal/arm64/KanpanChart-OutputFileMap.json -use-frontend-parseable-output -save-temps -no-color-diagnostics -explicit-module-build -module-cache-path /Users/mdd/zhk/kanpan-ringtone/KanpanChart/.xcbuild/Build/Intermediates.noindex/SwiftExplicitPrecompiledModules -clang-scanner-module-cache-path /Users/mdd/zhk/kanpan-ringtone/KanpanChart/.xcbuild/ModuleCache.noindex -sdk-module-cache-path /Users/mdd/zhk/kanpan-ringtone/KanpanChart/.xcbuild/ModuleCache.noindex -serialize-diagnostics -emit-dependencies -emit-module -emit-module-path /Users/mdd/zhk/kanpan-ringtone/KanpanChart/.xcbuild/Build/Intermediates.noindex/KanpanChart.build/Debug-iphonesimulator/KanpanChart.build/Objects-normal/arm64/KanpanChart.swiftmodule -validate-clang-modules-once -clang-build-session-file /Users/mdd/zhk/kanpan-ringtone/KanpanChart/.xcbuild/ModuleCache.noindex/Session.modulevalidation -package-name kanpanchart -Xcc -I/Users/mdd/zhk/kanpan-ringtone/KanpanChart/.xcbuild/Build/Intermediates.noindex/KanpanChart.build/Debug-iphonesimulator/KanpanChart.build/swift-overrides.hmap -emit-const-values -Xfrontend -const-gather-protocols-file -Xfrontend /Users/mdd/zhk/kanpan-ringtone/KanpanChart/.xcbuild/Build/Intermediates.noindex/KanpanChart.build/Debug-iphonesimulator/KanpanChart.build/Objects-normal/arm64/KanpanChart_const_extract_protocols.json -Xcc -I/Users/mdd/zhk/kanpan-ringtone/KanpanChart/.xcbuild/Build/Products/Debug-iphonesimulator/include -Xcc -I/Users/mdd/zhk/kanpan-ringtone/KanpanChart/.xcbuild/Build/Intermediates.noindex/KanpanChart.build/Debug-iphonesimulator/KanpanChart.build/DerivedSources-normal/arm64 -Xcc -I/Users/mdd/zhk/kanpan-ringtone/KanpanChart/.xcbuild/Build/Intermediates.noindex/KanpanChart.build/Debug-iphonesimulator/KanpanChart.build/DerivedSources/arm64 -Xcc -I/Users/mdd/zhk/kanpan-ringtone/KanpanChart/.xcbuild/Build/Intermediates.noindex/KanpanChart.build/Debug-iphonesimulator/KanpanChart.build/DerivedSources -Xcc -DSWIFT_PACKAGE -Xcc -DDEBUG\=1 -emit-objc-header -emit-objc-header-path /Users/mdd/zhk/kanpan-ringtone/KanpanChart/.xcbuild/Build/Intermediates.noindex/KanpanChart.build/Debug-iphonesimulator/KanpanChart.build/Objects-normal/arm64/KanpanChart-Swift.h -working-directory /Users/mdd/zhk/kanpan-ringtone/KanpanChart/.swiftpm/xcode -experimental-emit-module-separately -disable-cmo

SwiftDriverJobDiscovery normal arm64 Compiling IndicatorEngine.swift (in target 'KanpanCore' from project 'KanpanCore')

SwiftDriver\ Compilation KanpanCore normal arm64 com.apple.xcode.tools.swift.compiler (in target 'KanpanCore' from project 'KanpanCore')
    cd /Users/mdd/zhk/kanpan-ringtone/KanpanChart/.swiftpm/xcode
    builtin-Swift-Compilation -- /Applications/Xcode.app/Contents/Developer/Toolchains/XcodeDefault.xctoolchain/usr/bin/swiftc -module-name KanpanCore -Onone @/Users/mdd/zhk/kanpan-ringtone/KanpanChart/.xcbuild/Build/Intermediates.noindex/KanpanCore.build/Debug-iphonesimulator/KanpanCore.build/Objects-normal/arm64/KanpanCore.SwiftFileList -DSWIFT_PACKAGE -DDEBUG -DSWIFT_MODULE_RESOURCE_BUNDLE_UNAVAILABLE -DXcode -plugin-path /Applications/Xcode.app/Contents/Developer/Toolchains/XcodeDefault.xctoolchain/usr/lib/swift/host/plugins/testing -enable-experimental-feature DebugDescriptionMacro -sdk /Applications/Xcode.app/Contents/Developer/Platforms/iPhoneSimulator.platform/Developer/SDKs/iPhoneSimulator26.5.sdk -target arm64-apple-ios26.0-simulator -g -module-cache-path /Users/mdd/zhk/kanpan-ringtone/KanpanChart/.xcbuild/ModuleCache.noindex -Xfrontend -serialize-debugging-options -profile-coverage-mapping -profile-generate -enable-testing -suppress-warnings -index-store-path /Users/mdd/zhk/kanpan-ringtone/KanpanChart/.xcbuild/Index.noindex/DataStore -Xcc -D_LIBCPP_HARDENING_MODE\=_LIBCPP_HARDENING_MODE_DEBUG -swift-version 6 -I /Users/mdd/zhk/kanpan-ringtone/KanpanChart/.xcbuild/Build/Products/Debug-iphonesimulator -Isystem /Applications/Xcode.app/Contents/Developer/Platforms/iPhoneSimulator.platform/Developer/usr/lib -F /Users/mdd/zhk/kanpan-ringtone/KanpanChart/.xcbuild/Build/Products/Debug-iphonesimulator -F /Applications/Xcode.app/Contents/Developer/Platforms/iPhoneSimulator.platform/Developer/Library/Frameworks -F /Applications/Xcode.app/Contents/Developer/Platforms/iPhoneSimulator.platform/Developer/SDKs/iPhoneSimulator26.5.sdk/Developer/Library/Frameworks -c -j10 -enable-batch-mode -incremental -Xcc -ivfsstatcache -Xcc /Users/mdd/zhk/kanpan-ringtone/KanpanChart/.xcbuild/SDKStatCaches.noindex/iphonesimulator26.5-23F81a-6cfe768891a92b912361537c460fe42b.sdkstatcache -output-file-map /Users/mdd/zhk/kanpan-ringtone/KanpanChart/.xcbuild/Build/Intermediates.noindex/KanpanCore.build/Debug-iphonesimulator/KanpanCore.build/Objects-normal/arm64/KanpanCore-OutputFileMap.json -use-frontend-parseable-output -save-temps -no-color-diagnostics -explicit-module-build -module-cache-path /Users/mdd/zhk/kanpan-ringtone/KanpanChart/.xcbuild/Build/Intermediates.noindex/SwiftExplicitPrecompiledModules -clang-scanner-module-cache-path /Users/mdd/zhk/kanpan-ringtone/KanpanChart/.xcbuild/ModuleCache.noindex -sdk-module-cache-path /Users/mdd/zhk/kanpan-ringtone/KanpanChart/.xcbuild/ModuleCache.noindex -serialize-diagnostics -emit-dependencies -emit-module -emit-module-path /Users/mdd/zhk/kanpan-ringtone/KanpanChart/.xcbuild/Build/Intermediates.noindex/KanpanCore.build/Debug-iphonesimulator/KanpanCore.build/Objects-normal/arm64/KanpanCore.swiftmodule -validate-clang-modules-once -clang-build-session-file /Users/mdd/zhk/kanpan-ringtone/KanpanChart/.xcbuild/ModuleCache.noindex/Session.modulevalidation -package-name kanpancore -Xcc -I/Users/mdd/zhk/kanpan-ringtone/KanpanChart/.xcbuild/Build/Intermediates.noindex/KanpanCore.build/Debug-iphonesimulator/KanpanCore.build/swift-overrides.hmap -emit-const-values -Xfrontend -const-gather-protocols-file -Xfrontend /Users/mdd/zhk/kanpan-ringtone/KanpanChart/.xcbuild/Build/Intermediates.noindex/KanpanCore.build/Debug-iphonesimulator/KanpanCore.build/Objects-normal/arm64/KanpanCore_const_extract_protocols.json -Xcc -I/Users/mdd/zhk/kanpan-ringtone/KanpanChart/.xcbuild/Build/Products/Debug-iphonesimulator/include -Xcc -I/Users/mdd/zhk/kanpan-ringtone/KanpanChart/.xcbuild/Build/Intermediates.noindex/KanpanCore.build/Debug-iphonesimulator/KanpanCore.build/DerivedSources-normal/arm64 -Xcc -I/Users/mdd/zhk/kanpan-ringtone/KanpanChart/.xcbuild/Build/Intermediates.noindex/KanpanCore.build/Debug-iphonesimulator/KanpanCore.build/DerivedSources/arm64 -Xcc -I/Users/mdd/zhk/kanpan-ringtone/KanpanChart/.xcbuild/Build/Intermediates.noindex/KanpanCore.build/Debug-iphonesimulator/KanpanCore.build/DerivedSources -Xcc -DSWIFT_PACKAGE -Xcc -DDEBUG\=1 -emit-objc-header -emit-objc-header-path /Users/mdd/zhk/kanpan-ringtone/KanpanChart/.xcbuild/Build/Intermediates.noindex/KanpanCore.build/Debug-iphonesimulator/KanpanCore.build/Objects-normal/arm64/KanpanCore-Swift.h -working-directory /Users/mdd/zhk/kanpan-ringtone/KanpanChart/.swiftpm/xcode -experimental-emit-module-separately -disable-cmo

Ld /Users/mdd/zhk/kanpan-ringtone/KanpanChart/.xcbuild/Build/Products/Debug-iphonesimulator/KanpanCore.o normal (in target 'KanpanCore' from project 'KanpanCore')
    cd /Users/mdd/zhk/kanpan-ringtone/KanpanCore
    /Applications/Xcode.app/Contents/Developer/Toolchains/XcodeDefault.xctoolchain/usr/bin/clang -Xlinker -reproducible -target arm64-apple-ios26.0-simulator -r -isysroot /Applications/Xcode.app/Contents/Developer/Platforms/iPhoneSimulator.platform/Developer/SDKs/iPhoneSimulator26.5.sdk -O0 -w -F/Users/mdd/zhk/kanpan-ringtone/KanpanChart/.xcbuild/Build/Intermediates.noindex/EagerLinkingTBDs/Debug-iphonesimulator -F/Users/mdd/zhk/kanpan-ringtone/KanpanChart/.xcbuild/Build/Products/Debug-iphonesimulator -iframework /Applications/Xcode.app/Contents/Developer/Platforms/iPhoneSimulator.platform/Developer/Library/Frameworks -iframework /Applications/Xcode.app/Contents/Developer/Platforms/iPhoneSimulator.platform/Developer/SDKs/iPhoneSimulator26.5.sdk/Developer/Library/Frameworks -filelist /Users/mdd/zhk/kanpan-ringtone/KanpanChart/.xcbuild/Build/Intermediates.noindex/KanpanCore.build/Debug-iphonesimulator/KanpanCore.build/Objects-normal/arm64/KanpanCore.LinkFileList -nostdlib -Xlinker -object_path_lto -Xlinker /Users/mdd/zhk/kanpan-ringtone/KanpanChart/.xcbuild/Build/Intermediates.noindex/KanpanCore.build/Debug-iphonesimulator/KanpanCore.build/Objects-normal/arm64/KanpanCore_lto.o -Xlinker -no_deduplicate -Xlinker -objc_abi_version -Xlinker 2 -Xlinker -debug_variant -Xlinker -dependency_info -Xlinker /Users/mdd/zhk/kanpan-ringtone/KanpanChart/.xcbuild/Build/Intermediates.noindex/KanpanCore.build/Debug-iphonesimulator/KanpanCore.build/Objects-normal/arm64/KanpanCore_dependency_info.dat -fobjc-link-runtime -L/Applications/Xcode.app/Contents/Developer/Toolchains/XcodeDefault.xctoolchain/usr/lib/swift/iphonesimulator -L/usr/lib/swift -Xlinker -add_ast_path -Xlinker /Users/mdd/zhk/kanpan-ringtone/KanpanChart/.xcbuild/Build/Intermediates.noindex/KanpanCore.build/Debug-iphonesimulator/KanpanCore.build/Objects-normal/arm64/KanpanCore.swiftmodule @/Users/mdd/zhk/kanpan-ringtone/KanpanChart/.xcbuild/Build/Intermediates.noindex/KanpanCore.build/Debug-iphonesimulator/KanpanCore.build/Objects-normal/arm64/KanpanCore-linker-args.resp -o /Users/mdd/zhk/kanpan-ringtone/KanpanChart/.xcbuild/Build/Products/Debug-iphonesimulator/KanpanCore.o

ExtractAppIntentsMetadata (in target 'KanpanCore' from project 'KanpanCore')
    cd /Users/mdd/zhk/kanpan-ringtone/KanpanCore
    /Applications/Xcode.app/Contents/Developer/Toolchains/XcodeDefault.xctoolchain/usr/bin/appintentsmetadataprocessor --toolchain-dir /Applications/Xcode.app/Contents/Developer/Toolchains/XcodeDefault.xctoolchain --module-name KanpanCore --sdk-root /Applications/Xcode.app/Contents/Developer/Platforms/iPhoneSimulator.platform/Developer/SDKs/iPhoneSimulator26.5.sdk --xcode-version 17F113 --platform-family iOS --deployment-target 26.0 --bundle-identifier kanpancore.KanpanCore --output /Users/mdd/zhk/kanpan-ringtone/KanpanChart/.xcbuild/Build/Products/Debug-iphonesimulator/KanpanCore.appintents --target-triple arm64-apple-ios26.0-simulator --binary-file /Users/mdd/zhk/kanpan-ringtone/KanpanChart/.xcbuild/Build/Products/Debug-iphonesimulator/KanpanCore.o --dependency-file /Users/mdd/zhk/kanpan-ringtone/KanpanChart/.xcbuild/Build/Intermediates.noindex/KanpanCore.build/Debug-iphonesimulator/KanpanCore.build/Objects-normal/arm64/KanpanCore_dependency_info.dat --stringsdata-file /Users/mdd/zhk/kanpan-ringtone/KanpanChart/.xcbuild/Build/Intermediates.noindex/KanpanCore.build/Debug-iphonesimulator/KanpanCore.build/Objects-normal/arm64/ExtractedAppShortcutsMetadata.stringsdata --source-file-list /Users/mdd/zhk/kanpan-ringtone/KanpanChart/.xcbuild/Build/Intermediates.noindex/KanpanCore.build/Debug-iphonesimulator/KanpanCore.build/Objects-normal/arm64/KanpanCore.SwiftFileList --metadata-file-list /Users/mdd/zhk/kanpan-ringtone/KanpanChart/.xcbuild/Build/Intermediates.noindex/KanpanCore.build/Debug-iphonesimulator/KanpanCore.build/KanpanCore.DependencyMetadataFileList --static-metadata-file-list /Users/mdd/zhk/kanpan-ringtone/KanpanChart/.xcbuild/Build/Intermediates.noindex/KanpanCore.build/Debug-iphonesimulator/KanpanCore.build/KanpanCore.DependencyStaticMetadataFileList --swift-const-vals-list /Users/mdd/zhk/kanpan-ringtone/KanpanChart/.xcbuild/Build/Intermediates.noindex/KanpanCore.build/Debug-iphonesimulator/KanpanCore.build/Objects-normal/arm64/KanpanCore.SwiftConstValuesFileList --force --compile-time-extraction --deployment-aware-processing --validate-assistant-intents --no-app-shortcuts-localization
2026-09-22 15:49:39.142 appintentsmetadataprocessor[96743:4326134] Starting appintentsmetadataprocessor export
2026-09-22 15:49:39.317 appintentsmetadataprocessor[96743:4326134] Extracted no relevant App Intents symbols, skipping writing output

SwiftEmitModule normal arm64 Emitting\ module\ for\ KanpanChart (in target 'KanpanChart' from project 'KanpanChart')

EmitSwiftModule normal arm64 (in target 'KanpanChart' from project 'KanpanChart')
    cd /Users/mdd/zhk/kanpan-ringtone/KanpanChart/.swiftpm/xcode
    

RegisterExecutionPolicyException /Users/mdd/zhk/kanpan-ringtone/KanpanChart/.xcbuild/Build/Products/Debug-iphonesimulator/KanpanCore.o (in target 'KanpanCore' from project 'KanpanCore')
    cd /Users/mdd/zhk/kanpan-ringtone/KanpanCore
    builtin-RegisterExecutionPolicyException /Users/mdd/zhk/kanpan-ringtone/KanpanChart/.xcbuild/Build/Products/Debug-iphonesimulator/KanpanCore.o

SwiftCompile normal arm64 Compiling\ ChartView.swift /Users/mdd/zhk/kanpan-ringtone/KanpanChart/Sources/KanpanChart/ChartView.swift (in target 'KanpanChart' from project 'KanpanChart')
SwiftCompile normal arm64 /Users/mdd/zhk/kanpan-ringtone/KanpanChart/Sources/KanpanChart/ChartView.swift (in target 'KanpanChart' from project 'KanpanChart')
    cd /Users/mdd/zhk/kanpan-ringtone/KanpanChart/.swiftpm/xcode
    

SwiftCompile normal arm64 Compiling\ ChartRenderer+Sub.swift /Users/mdd/zhk/kanpan-ringtone/KanpanChart/Sources/KanpanChart/ChartRenderer+Sub.swift (in target 'KanpanChart' from project 'KanpanChart')
SwiftCompile normal arm64 /Users/mdd/zhk/kanpan-ringtone/KanpanChart/Sources/KanpanChart/ChartRenderer+Sub.swift (in target 'KanpanChart' from project 'KanpanChart')
    cd /Users/mdd/zhk/kanpan-ringtone/KanpanChart/.swiftpm/xcode
    

SwiftDriverJobDiscovery normal arm64 Emitting module for KanpanChart (in target 'KanpanChart' from project 'KanpanChart')

SwiftDriverJobDiscovery normal arm64 Compiling ChartView.swift (in target 'KanpanChart' from project 'KanpanChart')

SwiftDriver\ Compilation\ Requirements KanpanChart normal arm64 com.apple.xcode.tools.swift.compiler (in target 'KanpanChart' from project 'KanpanChart')
    cd /Users/mdd/zhk/kanpan-ringtone/KanpanChart/.swiftpm/xcode
    builtin-Swift-Compilation-Requirements -- /Applications/Xcode.app/Contents/Developer/Toolchains/XcodeDefault.xctoolchain/usr/bin/swiftc -module-name KanpanChart -Onone @/Users/mdd/zhk/kanpan-ringtone/KanpanChart/.xcbuild/Build/Intermediates.noindex/KanpanChart.build/Debug-iphonesimulator/KanpanChart.build/Objects-normal/arm64/KanpanChart.SwiftFileList -DSWIFT_PACKAGE -DDEBUG -DSWIFT_MODULE_RESOURCE_BUNDLE_UNAVAILABLE -DXcode -plugin-path /Applications/Xcode.app/Contents/Developer/Toolchains/XcodeDefault.xctoolchain/usr/lib/swift/host/plugins/testing -enable-experimental-feature DebugDescriptionMacro -sdk /Applications/Xcode.app/Contents/Developer/Platforms/iPhoneSimulator.platform/Developer/SDKs/iPhoneSimulator26.5.sdk -target arm64-apple-ios26.0-simulator -g -module-cache-path /Users/mdd/zhk/kanpan-ringtone/KanpanChart/.xcbuild/ModuleCache.noindex -Xfrontend -serialize-debugging-options -profile-coverage-mapping -profile-generate -enable-testing -index-store-path /Users/mdd/zhk/kanpan-ringtone/KanpanChart/.xcbuild/Index.noindex/DataStore -Xcc -D_LIBCPP_HARDENING_MODE\=_LIBCPP_HARDENING_MODE_DEBUG -swift-version 6 -I /Users/mdd/zhk/kanpan-ringtone/KanpanChart/.xcbuild/Build/Products/Debug-iphonesimulator -Isystem /Applications/Xcode.app/Contents/Developer/Platforms/iPhoneSimulator.platform/Developer/usr/lib -F /Users/mdd/zhk/kanpan-ringtone/KanpanChart/.xcbuild/Build/Products/Debug-iphonesimulator/PackageFrameworks -F /Users/mdd/zhk/kanpan-ringtone/KanpanChart/.xcbuild/Build/Products/Debug-iphonesimulator -F /Applications/Xcode.app/Contents/Developer/Platforms/iPhoneSimulator.platform/Developer/Library/Frameworks -F /Applications/Xcode.app/Contents/Developer/Platforms/iPhoneSimulator.platform/Developer/SDKs/iPhoneSimulator26.5.sdk/Developer/Library/Frameworks -c -j10 -enable-batch-mode -incremental -Xcc -ivfsstatcache -Xcc /Users/mdd/zhk/kanpan-ringtone/KanpanChart/.xcbuild/SDKStatCaches.noindex/iphonesimulator26.5-23F81a-6cfe768891a92b912361537c460fe42b.sdkstatcache -output-file-map /Users/mdd/zhk/kanpan-ringtone/KanpanChart/.xcbuild/Build/Intermediates.noindex/KanpanChart.build/Debug-iphonesimulator/KanpanChart.build/Objects-normal/arm64/KanpanChart-OutputFileMap.json -use-frontend-parseable-output -save-temps -no-color-diagnostics -explicit-module-build -module-cache-path /Users/mdd/zhk/kanpan-ringtone/KanpanChart/.xcbuild/Build/Intermediates.noindex/SwiftExplicitPrecompiledModules -clang-scanner-module-cache-path /Users/mdd/zhk/kanpan-ringtone/KanpanChart/.xcbuild/ModuleCache.noindex -sdk-module-cache-path /Users/mdd/zhk/kanpan-ringtone/KanpanChart/.xcbuild/ModuleCache.noindex -serialize-diagnostics -emit-dependencies -emit-module -emit-module-path /Users/mdd/zhk/kanpan-ringtone/KanpanChart/.xcbuild/Build/Intermediates.noindex/KanpanChart.build/Debug-iphonesimulator/KanpanChart.build/Objects-normal/arm64/KanpanChart.swiftmodule -validate-clang-modules-once -clang-build-session-file /Users/mdd/zhk/kanpan-ringtone/KanpanChart/.xcbuild/ModuleCache.noindex/Session.modulevalidation -package-name kanpanchart -Xcc -I/Users/mdd/zhk/kanpan-ringtone/KanpanChart/.xcbuild/Build/Intermediates.noindex/KanpanChart.build/Debug-iphonesimulator/KanpanChart.build/swift-overrides.hmap -emit-const-values -Xfrontend -const-gather-protocols-file -Xfrontend /Users/mdd/zhk/kanpan-ringtone/KanpanChart/.xcbuild/Build/Intermediates.noindex/KanpanChart.build/Debug-iphonesimulator/KanpanChart.build/Objects-normal/arm64/KanpanChart_const_extract_protocols.json -Xcc -I/Users/mdd/zhk/kanpan-ringtone/KanpanChart/.xcbuild/Build/Products/Debug-iphonesimulator/include -Xcc -I/Users/mdd/zhk/kanpan-ringtone/KanpanChart/.xcbuild/Build/Intermediates.noindex/KanpanChart.build/Debug-iphonesimulator/KanpanChart.build/DerivedSources-normal/arm64 -Xcc -I/Users/mdd/zhk/kanpan-ringtone/KanpanChart/.xcbuild/Build/Intermediates.noindex/KanpanChart.build/Debug-iphonesimulator/KanpanChart.build/DerivedSources/arm64 -Xcc -I/Users/mdd/zhk/kanpan-ringtone/KanpanChart/.xcbuild/Build/Intermediates.noindex/KanpanChart.build/Debug-iphonesimulator/KanpanChart.build/DerivedSources -Xcc -DSWIFT_PACKAGE -Xcc -DDEBUG\=1 -emit-objc-header -emit-objc-header-path /Users/mdd/zhk/kanpan-ringtone/KanpanChart/.xcbuild/Build/Intermediates.noindex/KanpanChart.build/Debug-iphonesimulator/KanpanChart.build/Objects-normal/arm64/KanpanChart-Swift.h -working-directory /Users/mdd/zhk/kanpan-ringtone/KanpanChart/.swiftpm/xcode -experimental-emit-module-separately -disable-cmo

SwiftCompile normal arm64 Compiling\ ChartView+Gesture.swift /Users/mdd/zhk/kanpan-ringtone/KanpanChart/Sources/KanpanChart/ChartView+Gesture.swift (in target 'KanpanChart' from project 'KanpanChart')
SwiftCompile normal arm64 /Users/mdd/zhk/kanpan-ringtone/KanpanChart/Sources/KanpanChart/ChartView+Gesture.swift (in target 'KanpanChart' from project 'KanpanChart')
    cd /Users/mdd/zhk/kanpan-ringtone/KanpanChart/.swiftpm/xcode
    

Copy /Users/mdd/zhk/kanpan-ringtone/KanpanChart/.xcbuild/Build/Products/Debug-iphonesimulator/KanpanChart.swiftmodule/arm64-apple-ios-simulator.swiftmodule /Users/mdd/zhk/kanpan-ringtone/KanpanChart/.xcbuild/Build/Intermediates.noindex/KanpanChart.build/Debug-iphonesimulator/KanpanChart.build/Objects-normal/arm64/KanpanChart.swiftmodule (in target 'KanpanChart' from project 'KanpanChart')
    cd /Users/mdd/zhk/kanpan-ringtone/KanpanChart
    builtin-copy -exclude .DS_Store -exclude CVS -exclude .svn -exclude .git -exclude .hg -resolve-src-symlinks -rename /Users/mdd/zhk/kanpan-ringtone/KanpanChart/.xcbuild/Build/Intermediates.noindex/KanpanChart.build/Debug-iphonesimulator/KanpanChart.build/Objects-normal/arm64/KanpanChart.swiftmodule /Users/mdd/zhk/kanpan-ringtone/KanpanChart/.xcbuild/Build/Products/Debug-iphonesimulator/KanpanChart.swiftmodule/arm64-apple-ios-simulator.swiftmodule

SwiftDriverJobDiscovery normal arm64 Compiling ChartRenderer+Sub.swift (in target 'KanpanChart' from project 'KanpanChart')

Copy /Users/mdd/zhk/kanpan-ringtone/KanpanChart/.xcbuild/Build/Products/Debug-iphonesimulator/KanpanChart.swiftmodule/arm64-apple-ios-simulator.swiftdoc /Users/mdd/zhk/kanpan-ringtone/KanpanChart/.xcbuild/Build/Intermediates.noindex/KanpanChart.build/Debug-iphonesimulator/KanpanChart.build/Objects-normal/arm64/KanpanChart.swiftdoc (in target 'KanpanChart' from project 'KanpanChart')
    cd /Users/mdd/zhk/kanpan-ringtone/KanpanChart
    builtin-copy -exclude .DS_Store -exclude CVS -exclude .svn -exclude .git -exclude .hg -resolve-src-symlinks -rename /Users/mdd/zhk/kanpan-ringtone/KanpanChart/.xcbuild/Build/Intermediates.noindex/KanpanChart.build/Debug-iphonesimulator/KanpanChart.build/Objects-normal/arm64/KanpanChart.swiftdoc /Users/mdd/zhk/kanpan-ringtone/KanpanChart/.xcbuild/Build/Products/Debug-iphonesimulator/KanpanChart.swiftmodule/arm64-apple-ios-simulator.swiftdoc

Copy /Users/mdd/zhk/kanpan-ringtone/KanpanChart/.xcbuild/Build/Products/Debug-iphonesimulator/KanpanChart.swiftmodule/arm64-apple-ios-simulator.abi.json /Users/mdd/zhk/kanpan-ringtone/KanpanChart/.xcbuild/Build/Intermediates.noindex/KanpanChart.build/Debug-iphonesimulator/KanpanChart.build/Objects-normal/arm64/KanpanChart.abi.json (in target 'KanpanChart' from project 'KanpanChart')
    cd /Users/mdd/zhk/kanpan-ringtone/KanpanChart
    builtin-copy -exclude .DS_Store -exclude CVS -exclude .svn -exclude .git -exclude .hg -resolve-src-symlinks -rename /Users/mdd/zhk/kanpan-ringtone/KanpanChart/.xcbuild/Build/Intermediates.noindex/KanpanChart.build/Debug-iphonesimulator/KanpanChart.build/Objects-normal/arm64/KanpanChart.abi.json /Users/mdd/zhk/kanpan-ringtone/KanpanChart/.xcbuild/Build/Products/Debug-iphonesimulator/KanpanChart.swiftmodule/arm64-apple-ios-simulator.abi.json

Copy /Users/mdd/zhk/kanpan-ringtone/KanpanChart/.xcbuild/Build/Products/Debug-iphonesimulator/KanpanChart.swiftmodule/Project/arm64-apple-ios-simulator.swiftsourceinfo /Users/mdd/zhk/kanpan-ringtone/KanpanChart/.xcbuild/Build/Intermediates.noindex/KanpanChart.build/Debug-iphonesimulator/KanpanChart.build/Objects-normal/arm64/KanpanChart.swiftsourceinfo (in target 'KanpanChart' from project 'KanpanChart')
    cd /Users/mdd/zhk/kanpan-ringtone/KanpanChart
    builtin-copy -exclude .DS_Store -exclude CVS -exclude .svn -exclude .git -exclude .hg -resolve-src-symlinks -rename /Users/mdd/zhk/kanpan-ringtone/KanpanChart/.xcbuild/Build/Intermediates.noindex/KanpanChart.build/Debug-iphonesimulator/KanpanChart.build/Objects-normal/arm64/KanpanChart.swiftsourceinfo /Users/mdd/zhk/kanpan-ringtone/KanpanChart/.xcbuild/Build/Products/Debug-iphonesimulator/KanpanChart.swiftmodule/Project/arm64-apple-ios-simulator.swiftsourceinfo

SwiftCompile normal arm64 Compiling\ ChartRenderer.swift /Users/mdd/zhk/kanpan-ringtone/KanpanChart/Sources/KanpanChart/ChartRenderer.swift (in target 'KanpanChart' from project 'KanpanChart')
SwiftCompile normal arm64 /Users/mdd/zhk/kanpan-ringtone/KanpanChart/Sources/KanpanChart/ChartRenderer.swift (in target 'KanpanChart' from project 'KanpanChart')
    cd /Users/mdd/zhk/kanpan-ringtone/KanpanChart/.swiftpm/xcode
    

SwiftCompile normal arm64 Compiling\ ChartRenderer+Depth.swift,\ ChartRenderer+Layers.swift /Users/mdd/zhk/kanpan-ringtone/KanpanChart/Sources/KanpanChart/ChartRenderer+Depth.swift /Users/mdd/zhk/kanpan-ringtone/KanpanChart/Sources/KanpanChart/ChartRenderer+Layers.swift (in target 'KanpanChart' from project 'KanpanChart')

SwiftCompile normal arm64 /Users/mdd/zhk/kanpan-ringtone/KanpanChart/Sources/KanpanChart/ChartRenderer+Depth.swift (in target 'KanpanChart' from project 'KanpanChart')
    cd /Users/mdd/zhk/kanpan-ringtone/KanpanChart/.swiftpm/xcode
    

SwiftCompile normal arm64 /Users/mdd/zhk/kanpan-ringtone/KanpanChart/Sources/KanpanChart/ChartRenderer+Layers.swift (in target 'KanpanChart' from project 'KanpanChart')
    cd /Users/mdd/zhk/kanpan-ringtone/KanpanChart/.swiftpm/xcode
    

SwiftDriverJobDiscovery normal arm64 Compiling ChartView+Gesture.swift (in target 'KanpanChart' from project 'KanpanChart')

SwiftCompile normal arm64 Compiling\ ChartView+Drawing.swift /Users/mdd/zhk/kanpan-ringtone/KanpanChart/Sources/KanpanChart/ChartView+Drawing.swift (in target 'KanpanChart' from project 'KanpanChart')
SwiftCompile normal arm64 /Users/mdd/zhk/kanpan-ringtone/KanpanChart/Sources/KanpanChart/ChartView+Drawing.swift (in target 'KanpanChart' from project 'KanpanChart')
    cd /Users/mdd/zhk/kanpan-ringtone/KanpanChart/.swiftpm/xcode
    

SwiftDriverJobDiscovery normal arm64 Compiling ChartRenderer.swift (in target 'KanpanChart' from project 'KanpanChart')

SwiftCompile normal arm64 Compiling\ ChartState.swift /Users/mdd/zhk/kanpan-ringtone/KanpanChart/Sources/KanpanChart/ChartState.swift (in target 'KanpanChart' from project 'KanpanChart')

SwiftCompile normal arm64 /Users/mdd/zhk/kanpan-ringtone/KanpanChart/Sources/KanpanChart/ChartState.swift (in target 'KanpanChart' from project 'KanpanChart')
    cd /Users/mdd/zhk/kanpan-ringtone/KanpanChart/.swiftpm/xcode
    

SwiftDriverJobDiscovery normal arm64 Compiling ChartRenderer+Depth.swift, ChartRenderer+Layers.swift (in target 'KanpanChart' from project 'KanpanChart')

SwiftCompile normal arm64 Compiling\ ChartRenderer+Probe.swift /Users/mdd/zhk/kanpan-ringtone/KanpanChart/Sources/KanpanChart/ChartRenderer+Probe.swift (in target 'KanpanChart' from project 'KanpanChart')

SwiftCompile normal arm64 /Users/mdd/zhk/kanpan-ringtone/KanpanChart/Sources/KanpanChart/ChartRenderer+Probe.swift (in target 'KanpanChart' from project 'KanpanChart')
    cd /Users/mdd/zhk/kanpan-ringtone/KanpanChart/.swiftpm/xcode
    

SwiftDriverJobDiscovery normal arm64 Compiling ChartState.swift (in target 'KanpanChart' from project 'KanpanChart')

SwiftCompile normal arm64 Compiling\ Paint.swift /Users/mdd/zhk/kanpan-ringtone/KanpanChart/Sources/KanpanChart/Paint.swift (in target 'KanpanChart' from project 'KanpanChart')
SwiftCompile normal arm64 /Users/mdd/zhk/kanpan-ringtone/KanpanChart/Sources/KanpanChart/Paint.swift (in target 'KanpanChart' from project 'KanpanChart')
    cd /Users/mdd/zhk/kanpan-ringtone/KanpanChart/.swiftpm/xcode
    

SwiftDriverJobDiscovery normal arm64 Compiling ChartRenderer+Probe.swift (in target 'KanpanChart' from project 'KanpanChart')

SwiftCompile normal arm64 Compiling\ ChartWorkCounter.swift /Users/mdd/zhk/kanpan-ringtone/KanpanChart/Sources/KanpanChart/ChartWorkCounter.swift (in target 'KanpanChart' from project 'KanpanChart')

SwiftCompile normal arm64 /Users/mdd/zhk/kanpan-ringtone/KanpanChart/Sources/KanpanChart/ChartWorkCounter.swift (in target 'KanpanChart' from project 'KanpanChart')
    cd /Users/mdd/zhk/kanpan-ringtone/KanpanChart/.swiftpm/xcode
    

SwiftDriverJobDiscovery normal arm64 Compiling ChartView+Drawing.swift (in target 'KanpanChart' from project 'KanpanChart')

SwiftDriverJobDiscovery normal arm64 Compiling ChartWorkCounter.swift (in target 'KanpanChart' from project 'KanpanChart')

SwiftDriverJobDiscovery normal arm64 Compiling Paint.swift (in target 'KanpanChart' from project 'KanpanChart')

SwiftDriver\ Compilation KanpanChart normal arm64 com.apple.xcode.tools.swift.compiler (in target 'KanpanChart' from project 'KanpanChart')
    cd /Users/mdd/zhk/kanpan-ringtone/KanpanChart/.swiftpm/xcode
    builtin-Swift-Compilation -- /Applications/Xcode.app/Contents/Developer/Toolchains/XcodeDefault.xctoolchain/usr/bin/swiftc -module-name KanpanChart -Onone @/Users/mdd/zhk/kanpan-ringtone/KanpanChart/.xcbuild/Build/Intermediates.noindex/KanpanChart.build/Debug-iphonesimulator/KanpanChart.build/Objects-normal/arm64/KanpanChart.SwiftFileList -DSWIFT_PACKAGE -DDEBUG -DSWIFT_MODULE_RESOURCE_BUNDLE_UNAVAILABLE -DXcode -plugin-path /Applications/Xcode.app/Contents/Developer/Toolchains/XcodeDefault.xctoolchain/usr/lib/swift/host/plugins/testing -enable-experimental-feature DebugDescriptionMacro -sdk /Applications/Xcode.app/Contents/Developer/Platforms/iPhoneSimulator.platform/Developer/SDKs/iPhoneSimulator26.5.sdk -target arm64-apple-ios26.0-simulator -g -module-cache-path /Users/mdd/zhk/kanpan-ringtone/KanpanChart/.xcbuild/ModuleCache.noindex -Xfrontend -serialize-debugging-options -profile-coverage-mapping -profile-generate -enable-testing -index-store-path /Users/mdd/zhk/kanpan-ringtone/KanpanChart/.xcbuild/Index.noindex/DataStore -Xcc -D_LIBCPP_HARDENING_MODE\=_LIBCPP_HARDENING_MODE_DEBUG -swift-version 6 -I /Users/mdd/zhk/kanpan-ringtone/KanpanChart/.xcbuild/Build/Products/Debug-iphonesimulator -Isystem /Applications/Xcode.app/Contents/Developer/Platforms/iPhoneSimulator.platform/Developer/usr/lib -F /Users/mdd/zhk/kanpan-ringtone/KanpanChart/.xcbuild/Build/Products/Debug-iphonesimulator/PackageFrameworks -F /Users/mdd/zhk/kanpan-ringtone/KanpanChart/.xcbuild/Build/Products/Debug-iphonesimulator -F /Applications/Xcode.app/Contents/Developer/Platforms/iPhoneSimulator.platform/Developer/Library/Frameworks -F /Applications/Xcode.app/Contents/Developer/Platforms/iPhoneSimulator.platform/Developer/SDKs/iPhoneSimulator26.5.sdk/Developer/Library/Frameworks -c -j10 -enable-batch-mode -incremental -Xcc -ivfsstatcache -Xcc /Users/mdd/zhk/kanpan-ringtone/KanpanChart/.xcbuild/SDKStatCaches.noindex/iphonesimulator26.5-23F81a-6cfe768891a92b912361537c460fe42b.sdkstatcache -output-file-map /Users/mdd/zhk/kanpan-ringtone/KanpanChart/.xcbuild/Build/Intermediates.noindex/KanpanChart.build/Debug-iphonesimulator/KanpanChart.build/Objects-normal/arm64/KanpanChart-OutputFileMap.json -use-frontend-parseable-output -save-temps -no-color-diagnostics -explicit-module-build -module-cache-path /Users/mdd/zhk/kanpan-ringtone/KanpanChart/.xcbuild/Build/Intermediates.noindex/SwiftExplicitPrecompiledModules -clang-scanner-module-cache-path /Users/mdd/zhk/kanpan-ringtone/KanpanChart/.xcbuild/ModuleCache.noindex -sdk-module-cache-path /Users/mdd/zhk/kanpan-ringtone/KanpanChart/.xcbuild/ModuleCache.noindex -serialize-diagnostics -emit-dependencies -emit-module -emit-module-path /Users/mdd/zhk/kanpan-ringtone/KanpanChart/.xcbuild/Build/Intermediates.noindex/KanpanChart.build/Debug-iphonesimulator/KanpanChart.build/Objects-normal/arm64/KanpanChart.swiftmodule -validate-clang-modules-once -clang-build-session-file /Users/mdd/zhk/kanpan-ringtone/KanpanChart/.xcbuild/ModuleCache.noindex/Session.modulevalidation -package-name kanpanchart -Xcc -I/Users/mdd/zhk/kanpan-ringtone/KanpanChart/.xcbuild/Build/Intermediates.noindex/KanpanChart.build/Debug-iphonesimulator/KanpanChart.build/swift-overrides.hmap -emit-const-values -Xfrontend -const-gather-protocols-file -Xfrontend /Users/mdd/zhk/kanpan-ringtone/KanpanChart/.xcbuild/Build/Intermediates.noindex/KanpanChart.build/Debug-iphonesimulator/KanpanChart.build/Objects-normal/arm64/KanpanChart_const_extract_protocols.json -Xcc -I/Users/mdd/zhk/kanpan-ringtone/KanpanChart/.xcbuild/Build/Products/Debug-iphonesimulator/include -Xcc -I/Users/mdd/zhk/kanpan-ringtone/KanpanChart/.xcbuild/Build/Intermediates.noindex/KanpanChart.build/Debug-iphonesimulator/KanpanChart.build/DerivedSources-normal/arm64 -Xcc -I/Users/mdd/zhk/kanpan-ringtone/KanpanChart/.xcbuild/Build/Intermediates.noindex/KanpanChart.build/Debug-iphonesimulator/KanpanChart.build/DerivedSources/arm64 -Xcc -I/Users/mdd/zhk/kanpan-ringtone/KanpanChart/.xcbuild/Build/Intermediates.noindex/KanpanChart.build/Debug-iphonesimulator/KanpanChart.build/DerivedSources -Xcc -DSWIFT_PACKAGE -Xcc -DDEBUG\=1 -emit-objc-header -emit-objc-header-path /Users/mdd/zhk/kanpan-ringtone/KanpanChart/.xcbuild/Build/Intermediates.noindex/KanpanChart.build/Debug-iphonesimulator/KanpanChart.build/Objects-normal/arm64/KanpanChart-Swift.h -working-directory /Users/mdd/zhk/kanpan-ringtone/KanpanChart/.swiftpm/xcode -experimental-emit-module-separately -disable-cmo

Ld /Users/mdd/zhk/kanpan-ringtone/KanpanChart/.xcbuild/Build/Products/Debug-iphonesimulator/KanpanChart.o normal (in target 'KanpanChart' from project 'KanpanChart')
    cd /Users/mdd/zhk/kanpan-ringtone/KanpanChart
    /Applications/Xcode.app/Contents/Developer/Toolchains/XcodeDefault.xctoolchain/usr/bin/clang -Xlinker -reproducible -target arm64-apple-ios26.0-simulator -r -isysroot /Applications/Xcode.app/Contents/Developer/Platforms/iPhoneSimulator.platform/Developer/SDKs/iPhoneSimulator26.5.sdk -O0 -F/Users/mdd/zhk/kanpan-ringtone/KanpanChart/.xcbuild/Build/Intermediates.noindex/EagerLinkingTBDs/Debug-iphonesimulator -F/Users/mdd/zhk/kanpan-ringtone/KanpanChart/.xcbuild/Build/Products/Debug-iphonesimulator/PackageFrameworks -F/Users/mdd/zhk/kanpan-ringtone/KanpanChart/.xcbuild/Build/Products/Debug-iphonesimulator -iframework /Applications/Xcode.app/Contents/Developer/Platforms/iPhoneSimulator.platform/Developer/Library/Frameworks -iframework /Applications/Xcode.app/Contents/Developer/Platforms/iPhoneSimulator.platform/Developer/SDKs/iPhoneSimulator26.5.sdk/Developer/Library/Frameworks -filelist /Users/mdd/zhk/kanpan-ringtone/KanpanChart/.xcbuild/Build/Intermediates.noindex/KanpanChart.build/Debug-iphonesimulator/KanpanChart.build/Objects-normal/arm64/KanpanChart.LinkFileList -nostdlib -Xlinker -object_path_lto -Xlinker /Users/mdd/zhk/kanpan-ringtone/KanpanChart/.xcbuild/Build/Intermediates.noindex/KanpanChart.build/Debug-iphonesimulator/KanpanChart.build/Objects-normal/arm64/KanpanChart_lto.o -Xlinker -no_deduplicate -Xlinker -objc_abi_version -Xlinker 2 -Xlinker -debug_variant -Xlinker -dependency_info -Xlinker /Users/mdd/zhk/kanpan-ringtone/KanpanChart/.xcbuild/Build/Intermediates.noindex/KanpanChart.build/Debug-iphonesimulator/KanpanChart.build/Objects-normal/arm64/KanpanChart_dependency_info.dat -fobjc-link-runtime -L/Applications/Xcode.app/Contents/Developer/Toolchains/XcodeDefault.xctoolchain/usr/lib/swift/iphonesimulator -L/usr/lib/swift -Xlinker -add_ast_path -Xlinker /Users/mdd/zhk/kanpan-ringtone/KanpanChart/.xcbuild/Build/Intermediates.noindex/KanpanChart.build/Debug-iphonesimulator/KanpanChart.build/Objects-normal/arm64/KanpanChart.swiftmodule @/Users/mdd/zhk/kanpan-ringtone/KanpanChart/.xcbuild/Build/Intermediates.noindex/KanpanChart.build/Debug-iphonesimulator/KanpanChart.build/Objects-normal/arm64/KanpanChart-linker-args.resp -o /Users/mdd/zhk/kanpan-ringtone/KanpanChart/.xcbuild/Build/Products/Debug-iphonesimulator/KanpanChart.o

ExtractAppIntentsMetadata (in target 'KanpanChart' from project 'KanpanChart')
    cd /Users/mdd/zhk/kanpan-ringtone/KanpanChart
    /Applications/Xcode.app/Contents/Developer/Toolchains/XcodeDefault.xctoolchain/usr/bin/appintentsmetadataprocessor --toolchain-dir /Applications/Xcode.app/Contents/Developer/Toolchains/XcodeDefault.xctoolchain --module-name KanpanChart --sdk-root /Applications/Xcode.app/Contents/Developer/Platforms/iPhoneSimulator.platform/Developer/SDKs/iPhoneSimulator26.5.sdk --xcode-version 17F113 --platform-family iOS --deployment-target 26.0 --bundle-identifier kanpanchart.KanpanChart --output /Users/mdd/zhk/kanpan-ringtone/KanpanChart/.xcbuild/Build/Products/Debug-iphonesimulator/KanpanChart.appintents --target-triple arm64-apple-ios26.0-simulator --binary-file /Users/mdd/zhk/kanpan-ringtone/KanpanChart/.xcbuild/Build/Products/Debug-iphonesimulator/KanpanChart.o --dependency-file /Users/mdd/zhk/kanpan-ringtone/KanpanChart/.xcbuild/Build/Intermediates.noindex/KanpanChart.build/Debug-iphonesimulator/KanpanChart.build/Objects-normal/arm64/KanpanChart_dependency_info.dat --stringsdata-file /Users/mdd/zhk/kanpan-ringtone/KanpanChart/.xcbuild/Build/Intermediates.noindex/KanpanChart.build/Debug-iphonesimulator/KanpanChart.build/Objects-normal/arm64/ExtractedAppShortcutsMetadata.stringsdata --source-file-list /Users/mdd/zhk/kanpan-ringtone/KanpanChart/.xcbuild/Build/Intermediates.noindex/KanpanChart.build/Debug-iphonesimulator/KanpanChart.build/Objects-normal/arm64/KanpanChart.SwiftFileList --metadata-file-list /Users/mdd/zhk/kanpan-ringtone/KanpanChart/.xcbuild/Build/Intermediates.noindex/KanpanChart.build/Debug-iphonesimulator/KanpanChart.build/KanpanChart.DependencyMetadataFileList --static-metadata-file-list /Users/mdd/zhk/kanpan-ringtone/KanpanChart/.xcbuild/Build/Intermediates.noindex/KanpanChart.build/Debug-iphonesimulator/KanpanChart.build/KanpanChart.DependencyStaticMetadataFileList --swift-const-vals-list /Users/mdd/zhk/kanpan-ringtone/KanpanChart/.xcbuild/Build/Intermediates.noindex/KanpanChart.build/Debug-iphonesimulator/KanpanChart.build/Objects-normal/arm64/KanpanChart.SwiftConstValuesFileList --force --compile-time-extraction --deployment-aware-processing --validate-assistant-intents --no-app-shortcuts-localization
2026-09-22 15:50:33.075 appintentsmetadataprocessor[97165:4329417] Starting appintentsmetadataprocessor export
2026-09-22 15:50:33.377 appintentsmetadataprocessor[97165:4329417] Extracted no relevant App Intents symbols, skipping writing output

ProcessInfoPlistFile /Users/mdd/zhk/kanpan-ringtone/KanpanChart/.xcbuild/Build/Products/Debug-iphonesimulator/KanpanChart_KanpanChartTests.bundle/Info.plist /Users/mdd/zhk/kanpan-ringtone/KanpanChart/.xcbuild/Build/Intermediates.noindex/KanpanChart.build/Debug-iphonesimulator/KanpanChart_KanpanChartTests.build/empty-KanpanChart_KanpanChartTests.plist (in target 'KanpanChart_KanpanChartTests' from project 'KanpanChart')
    cd /Users/mdd/zhk/kanpan-ringtone/KanpanChart
    builtin-infoPlistUtility /Users/mdd/zhk/kanpan-ringtone/KanpanChart/.xcbuild/Build/Intermediates.noindex/KanpanChart.build/Debug-iphonesimulator/KanpanChart_KanpanChartTests.build/empty-KanpanChart_KanpanChartTests.plist -producttype com.apple.product-type.bundle -expandbuildsettings -format binary -platform iphonesimulator -o /Users/mdd/zhk/kanpan-ringtone/KanpanChart/.xcbuild/Build/Products/Debug-iphonesimulator/KanpanChart_KanpanChartTests.bundle/Info.plist

WriteAuxiliaryFile /Users/mdd/zhk/kanpan-ringtone/KanpanChart/.xcbuild/Build/Intermediates.noindex/KanpanChart.build/Debug-iphonesimulator/KanpanChartTests.build/Objects-normal/arm64/KanpanChartTests.SwiftFileList (in target 'KanpanChartTests' from project 'KanpanChart')
    cd /Users/mdd/zhk/kanpan-ringtone/KanpanChart
    write-file /Users/mdd/zhk/kanpan-ringtone/KanpanChart/.xcbuild/Build/Intermediates.noindex/KanpanChart.build/Debug-iphonesimulator/KanpanChartTests.build/Objects-normal/arm64/KanpanChartTests.SwiftFileList

WriteAuxiliaryFile /Users/mdd/zhk/kanpan-ringtone/KanpanChart/.xcbuild/Build/Intermediates.noindex/KanpanChart.build/Debug-iphonesimulator/KanpanChartTests.build/Objects-normal/arm64/KanpanChartTests.SwiftConstValuesFileList (in target 'KanpanChartTests' from project 'KanpanChart')
    cd /Users/mdd/zhk/kanpan-ringtone/KanpanChart
    write-file /Users/mdd/zhk/kanpan-ringtone/KanpanChart/.xcbuild/Build/Intermediates.noindex/KanpanChart.build/Debug-iphonesimulator/KanpanChartTests.build/Objects-normal/arm64/KanpanChartTests.SwiftConstValuesFileList

WriteAuxiliaryFile /Users/mdd/zhk/kanpan-ringtone/KanpanChart/.xcbuild/Build/Intermediates.noindex/KanpanChart.build/Debug-iphonesimulator/KanpanChartTests.build/Objects-normal/arm64/KanpanChartTests.LinkFileList (in target 'KanpanChartTests' from project 'KanpanChart')
    cd /Users/mdd/zhk/kanpan-ringtone/KanpanChart
    write-file /Users/mdd/zhk/kanpan-ringtone/KanpanChart/.xcbuild/Build/Intermediates.noindex/KanpanChart.build/Debug-iphonesimulator/KanpanChartTests.build/Objects-normal/arm64/KanpanChartTests.LinkFileList

WriteAuxiliaryFile /Users/mdd/zhk/kanpan-ringtone/KanpanChart/.xcbuild/Build/Intermediates.noindex/KanpanChart.build/Debug-iphonesimulator/KanpanChartTests.build/Objects-normal/arm64/KanpanChartTests-OutputFileMap.json (in target 'KanpanChartTests' from project 'KanpanChart')
    cd /Users/mdd/zhk/kanpan-ringtone/KanpanChart
    write-file /Users/mdd/zhk/kanpan-ringtone/KanpanChart/.xcbuild/Build/Intermediates.noindex/KanpanChart.build/Debug-iphonesimulator/KanpanChartTests.build/Objects-normal/arm64/KanpanChartTests-OutputFileMap.json

SwiftDriver KanpanChartTests normal arm64 com.apple.xcode.tools.swift.compiler (in target 'KanpanChartTests' from project 'KanpanChart')
    cd /Users/mdd/zhk/kanpan-ringtone/KanpanChart/.swiftpm/xcode
    builtin-SwiftDriver -- /Applications/Xcode.app/Contents/Developer/Toolchains/XcodeDefault.xctoolchain/usr/bin/swiftc -module-name KanpanChartTests -Onone @/Users/mdd/zhk/kanpan-ringtone/KanpanChart/.xcbuild/Build/Intermediates.noindex/KanpanChart.build/Debug-iphonesimulator/KanpanChartTests.build/Objects-normal/arm64/KanpanChartTests.SwiftFileList -DSWIFT_PACKAGE -DDEBUG -DSWIFT_MODULE_RESOURCE_BUNDLE_AVAILABLE -DXcode -plugin-path /Applications/Xcode.app/Contents/Developer/Toolchains/XcodeDefault.xctoolchain/usr/lib/swift/host/plugins/testing -enable-experimental-feature DebugDescriptionMacro -sdk /Applications/Xcode.app/Contents/Developer/Platforms/iPhoneSimulator.platform/Developer/SDKs/iPhoneSimulator26.5.sdk -target arm64-apple-ios26.0-simulator -g -module-cache-path /Users/mdd/zhk/kanpan-ringtone/KanpanChart/.xcbuild/ModuleCache.noindex -Xfrontend -serialize-debugging-options -profile-coverage-mapping -profile-generate -enable-testing -index-store-path /Users/mdd/zhk/kanpan-ringtone/KanpanChart/.xcbuild/Index.noindex/DataStore -Xcc -D_LIBCPP_HARDENING_MODE\=_LIBCPP_HARDENING_MODE_DEBUG -swift-version 6 -I /Users/mdd/zhk/kanpan-ringtone/KanpanChart/.xcbuild/Build/Products/Debug-iphonesimulator -Isystem /Applications/Xcode.app/Contents/Developer/Platforms/iPhoneSimulator.platform/Developer/usr/lib -F /Users/mdd/zhk/kanpan-ringtone/KanpanChart/.xcbuild/Build/Products/Debug-iphonesimulator/PackageFrameworks -F /Users/mdd/zhk/kanpan-ringtone/KanpanChart/.xcbuild/Build/Products/Debug-iphonesimulator/PackageFrameworks -F /Users/mdd/zhk/kanpan-ringtone/KanpanChart/.xcbuild/Build/Products/Debug-iphonesimulator -F /Applications/Xcode.app/Contents/Developer/Platforms/iPhoneSimulator.platform/Developer/Library/Frameworks -F /Applications/Xcode.app/Contents/Developer/Platforms/iPhoneSimulator.platform/Developer/SDKs/iPhoneSimulator26.5.sdk/Developer/Library/Frameworks -c -j10 -enable-batch-mode -incremental -Xcc -ivfsstatcache -Xcc /Users/mdd/zhk/kanpan-ringtone/KanpanChart/.xcbuild/SDKStatCaches.noindex/iphonesimulator26.5-23F81a-6cfe768891a92b912361537c460fe42b.sdkstatcache -output-file-map /Users/mdd/zhk/kanpan-ringtone/KanpanChart/.xcbuild/Build/Intermediates.noindex/KanpanChart.build/Debug-iphonesimulator/KanpanChartTests.build/Objects-normal/arm64/KanpanChartTests-OutputFileMap.json -use-frontend-parseable-output -save-temps -no-color-diagnostics -explicit-module-build -module-cache-path /Users/mdd/zhk/kanpan-ringtone/KanpanChart/.xcbuild/Build/Intermediates.noindex/SwiftExplicitPrecompiledModules -clang-scanner-module-cache-path /Users/mdd/zhk/kanpan-ringtone/KanpanChart/.xcbuild/ModuleCache.noindex -sdk-module-cache-path /Users/mdd/zhk/kanpan-ringtone/KanpanChart/.xcbuild/ModuleCache.noindex -serialize-diagnostics -emit-dependencies -emit-module -emit-module-path /Users/mdd/zhk/kanpan-ringtone/KanpanChart/.xcbuild/Build/Intermediates.noindex/KanpanChart.build/Debug-iphonesimulator/KanpanChartTests.build/Objects-normal/arm64/KanpanChartTests.swiftmodule -validate-clang-modules-once -clang-build-session-file /Users/mdd/zhk/kanpan-ringtone/KanpanChart/.xcbuild/ModuleCache.noindex/Session.modulevalidation -package-name kanpanchart -emit-const-values -Xfrontend -const-gather-protocols-file -Xfrontend /Users/mdd/zhk/kanpan-ringtone/KanpanChart/.xcbuild/Build/Intermediates.noindex/KanpanChart.build/Debug-iphonesimulator/KanpanChartTests.build/Objects-normal/arm64/KanpanChartTests_const_extract_protocols.json -Xcc -I/Users/mdd/zhk/kanpan-ringtone/KanpanChart/.xcbuild/Build/Products/Debug-iphonesimulator/include -Xcc -I/Users/mdd/zhk/kanpan-ringtone/KanpanChart/.xcbuild/Build/Intermediates.noindex/KanpanChart.build/Debug-iphonesimulator/KanpanChartTests.build/DerivedSources-normal/arm64 -Xcc -I/Users/mdd/zhk/kanpan-ringtone/KanpanChart/.xcbuild/Build/Intermediates.noindex/KanpanChart.build/Debug-iphonesimulator/KanpanChartTests.build/DerivedSources/arm64 -Xcc -I/Users/mdd/zhk/kanpan-ringtone/KanpanChart/.xcbuild/Build/Intermediates.noindex/KanpanChart.build/Debug-iphonesimulator/KanpanChartTests.build/DerivedSources -Xcc -DSWIFT_PACKAGE -Xcc -DDEBUG\=1 -working-directory /Users/mdd/zhk/kanpan-ringtone/KanpanChart/.swiftpm/xcode -experimental-emit-module-separately -disable-cmo

RegisterExecutionPolicyException /Users/mdd/zhk/kanpan-ringtone/KanpanChart/.xcbuild/Build/Products/Debug-iphonesimulator/KanpanChart.o (in target 'KanpanChart' from project 'KanpanChart')
    cd /Users/mdd/zhk/kanpan-ringtone/KanpanChart
    builtin-RegisterExecutionPolicyException /Users/mdd/zhk/kanpan-ringtone/KanpanChart/.xcbuild/Build/Products/Debug-iphonesimulator/KanpanChart.o

ProcessInfoPlistFile /Users/mdd/zhk/kanpan-ringtone/KanpanChart/.xcbuild/Build/Products/Debug-iphonesimulator/KanpanChartTests.xctest/Info.plist /Users/mdd/zhk/kanpan-ringtone/KanpanChart/.xcbuild/Build/Intermediates.noindex/KanpanChart.build/Debug-iphonesimulator/KanpanChartTests.build/empty-KanpanChartTests.plist (in target 'KanpanChartTests' from project 'KanpanChart')
    cd /Users/mdd/zhk/kanpan-ringtone/KanpanChart
    builtin-infoPlistUtility /Users/mdd/zhk/kanpan-ringtone/KanpanChart/.xcbuild/Build/Intermediates.noindex/KanpanChart.build/Debug-iphonesimulator/KanpanChartTests.build/empty-KanpanChartTests.plist -producttype com.apple.product-type.bundle.unit-test -expandbuildsettings -format binary -platform iphonesimulator -o /Users/mdd/zhk/kanpan-ringtone/KanpanChart/.xcbuild/Build/Products/Debug-iphonesimulator/KanpanChartTests.xctest/Info.plist

SwiftEmitModule normal arm64 Emitting\ module\ for\ KanpanChartTests (in target 'KanpanChartTests' from project 'KanpanChart')

EmitSwiftModule normal arm64 (in target 'KanpanChartTests' from project 'KanpanChart')
    cd /Users/mdd/zhk/kanpan-ringtone/KanpanChart/.swiftpm/xcode
    

SwiftCompile normal arm64 Compiling\ ChartLifecycleTests.swift,\ ChartOptionsRenderTests.swift /Users/mdd/zhk/kanpan-ringtone/KanpanChart/Tests/KanpanChartTests/ChartLifecycleTests.swift /Users/mdd/zhk/kanpan-ringtone/KanpanChart/Tests/KanpanChartTests/ChartOptionsRenderTests.swift (in target 'KanpanChartTests' from project 'KanpanChart')
SwiftCompile normal arm64 /Users/mdd/zhk/kanpan-ringtone/KanpanChart/Tests/KanpanChartTests/ChartLifecycleTests.swift (in target 'KanpanChartTests' from project 'KanpanChart')
    cd /Users/mdd/zhk/kanpan-ringtone/KanpanChart/.swiftpm/xcode
    
/Users/mdd/zhk/kanpan-ringtone/KanpanChart/Tests/KanpanChartTests/ChartLifecycleTests.swift:106:18: warning: 'init(frame:)' was deprecated in iOS 26.0: Use init(windowScene:) instead.
    let window = UIWindow(frame: CGRect(x: 0, y: 0, width: 390, height: 700))
                 ^
/Users/mdd/zhk/kanpan-ringtone/KanpanChart/Tests/KanpanChartTests/ChartLifecycleTests.swift:141:20: warning: 'init(frame:)' was deprecated in iOS 26.0: Use init(windowScene:) instead.
      let window = UIWindow(frame: CGRect(x: 0, y: 0, width: 390, height: 700))
                   ^

SwiftCompile normal arm64 /Users/mdd/zhk/kanpan-ringtone/KanpanChart/Tests/KanpanChartTests/ChartOptionsRenderTests.swift (in target 'KanpanChartTests' from project 'KanpanChart')
    cd /Users/mdd/zhk/kanpan-ringtone/KanpanChart/.swiftpm/xcode
    
/Users/mdd/zhk/kanpan-ringtone/KanpanChart/Tests/KanpanChartTests/ChartLifecycleTests.swift:106:18: warning: 'init(frame:)' was deprecated in iOS 26.0: Use init(windowScene:) instead.
    let window = UIWindow(frame: CGRect(x: 0, y: 0, width: 390, height: 700))
                 ^
/Users/mdd/zhk/kanpan-ringtone/KanpanChart/Tests/KanpanChartTests/ChartLifecycleTests.swift:141:20: warning: 'init(frame:)' was deprecated in iOS 26.0: Use init(windowScene:) instead.
      let window = UIWindow(frame: CGRect(x: 0, y: 0, width: 390, height: 700))
                   ^

SwiftCompile normal arm64 Compiling\ EvidenceRenderTests.swift,\ EvidenceSupport.swift /Users/mdd/zhk/kanpan-ringtone/KanpanChart/Tests/KanpanChartTests/EvidenceRenderTests.swift /Users/mdd/zhk/kanpan-ringtone/KanpanChart/Tests/KanpanChartTests/EvidenceSupport.swift (in target 'KanpanChartTests' from project 'KanpanChart')
SwiftCompile normal arm64 /Users/mdd/zhk/kanpan-ringtone/KanpanChart/Tests/KanpanChartTests/EvidenceRenderTests.swift (in target 'KanpanChartTests' from project 'KanpanChart')
    cd /Users/mdd/zhk/kanpan-ringtone/KanpanChart/.swiftpm/xcode
    

SwiftCompile normal arm64 /Users/mdd/zhk/kanpan-ringtone/KanpanChart/Tests/KanpanChartTests/EvidenceSupport.swift (in target 'KanpanChartTests' from project 'KanpanChart')
    cd /Users/mdd/zhk/kanpan-ringtone/KanpanChart/.swiftpm/xcode
    

SwiftDriverJobDiscovery normal arm64 Emitting module for KanpanChartTests (in target 'KanpanChartTests' from project 'KanpanChart')

SwiftDriver\ Compilation\ Requirements KanpanChartTests normal arm64 com.apple.xcode.tools.swift.compiler (in target 'KanpanChartTests' from project 'KanpanChart')
    cd /Users/mdd/zhk/kanpan-ringtone/KanpanChart/.swiftpm/xcode
    builtin-Swift-Compilation-Requirements -- /Applications/Xcode.app/Contents/Developer/Toolchains/XcodeDefault.xctoolchain/usr/bin/swiftc -module-name KanpanChartTests -Onone @/Users/mdd/zhk/kanpan-ringtone/KanpanChart/.xcbuild/Build/Intermediates.noindex/KanpanChart.build/Debug-iphonesimulator/KanpanChartTests.build/Objects-normal/arm64/KanpanChartTests.SwiftFileList -DSWIFT_PACKAGE -DDEBUG -DSWIFT_MODULE_RESOURCE_BUNDLE_AVAILABLE -DXcode -plugin-path /Applications/Xcode.app/Contents/Developer/Toolchains/XcodeDefault.xctoolchain/usr/lib/swift/host/plugins/testing -enable-experimental-feature DebugDescriptionMacro -sdk /Applications/Xcode.app/Contents/Developer/Platforms/iPhoneSimulator.platform/Developer/SDKs/iPhoneSimulator26.5.sdk -target arm64-apple-ios26.0-simulator -g -module-cache-path /Users/mdd/zhk/kanpan-ringtone/KanpanChart/.xcbuild/ModuleCache.noindex -Xfrontend -serialize-debugging-options -profile-coverage-mapping -profile-generate -enable-testing -index-store-path /Users/mdd/zhk/kanpan-ringtone/KanpanChart/.xcbuild/Index.noindex/DataStore -Xcc -D_LIBCPP_HARDENING_MODE\=_LIBCPP_HARDENING_MODE_DEBUG -swift-version 6 -I /Users/mdd/zhk/kanpan-ringtone/KanpanChart/.xcbuild/Build/Products/Debug-iphonesimulator -Isystem /Applications/Xcode.app/Contents/Developer/Platforms/iPhoneSimulator.platform/Developer/usr/lib -F /Users/mdd/zhk/kanpan-ringtone/KanpanChart/.xcbuild/Build/Products/Debug-iphonesimulator/PackageFrameworks -F /Users/mdd/zhk/kanpan-ringtone/KanpanChart/.xcbuild/Build/Products/Debug-iphonesimulator/PackageFrameworks -F /Users/mdd/zhk/kanpan-ringtone/KanpanChart/.xcbuild/Build/Products/Debug-iphonesimulator -F /Applications/Xcode.app/Contents/Developer/Platforms/iPhoneSimulator.platform/Developer/Library/Frameworks -F /Applications/Xcode.app/Contents/Developer/Platforms/iPhoneSimulator.platform/Developer/SDKs/iPhoneSimulator26.5.sdk/Developer/Library/Frameworks -c -j10 -enable-batch-mode -incremental -Xcc -ivfsstatcache -Xcc /Users/mdd/zhk/kanpan-ringtone/KanpanChart/.xcbuild/SDKStatCaches.noindex/iphonesimulator26.5-23F81a-6cfe768891a92b912361537c460fe42b.sdkstatcache -output-file-map /Users/mdd/zhk/kanpan-ringtone/KanpanChart/.xcbuild/Build/Intermediates.noindex/KanpanChart.build/Debug-iphonesimulator/KanpanChartTests.build/Objects-normal/arm64/KanpanChartTests-OutputFileMap.json -use-frontend-parseable-output -save-temps -no-color-diagnostics -explicit-module-build -module-cache-path /Users/mdd/zhk/kanpan-ringtone/KanpanChart/.xcbuild/Build/Intermediates.noindex/SwiftExplicitPrecompiledModules -clang-scanner-module-cache-path /Users/mdd/zhk/kanpan-ringtone/KanpanChart/.xcbuild/ModuleCache.noindex -sdk-module-cache-path /Users/mdd/zhk/kanpan-ringtone/KanpanChart/.xcbuild/ModuleCache.noindex -serialize-diagnostics -emit-dependencies -emit-module -emit-module-path /Users/mdd/zhk/kanpan-ringtone/KanpanChart/.xcbuild/Build/Intermediates.noindex/KanpanChart.build/Debug-iphonesimulator/KanpanChartTests.build/Objects-normal/arm64/KanpanChartTests.swiftmodule -validate-clang-modules-once -clang-build-session-file /Users/mdd/zhk/kanpan-ringtone/KanpanChart/.xcbuild/ModuleCache.noindex/Session.modulevalidation -package-name kanpanchart -emit-const-values -Xfrontend -const-gather-protocols-file -Xfrontend /Users/mdd/zhk/kanpan-ringtone/KanpanChart/.xcbuild/Build/Intermediates.noindex/KanpanChart.build/Debug-iphonesimulator/KanpanChartTests.build/Objects-normal/arm64/KanpanChartTests_const_extract_protocols.json -Xcc -I/Users/mdd/zhk/kanpan-ringtone/KanpanChart/.xcbuild/Build/Products/Debug-iphonesimulator/include -Xcc -I/Users/mdd/zhk/kanpan-ringtone/KanpanChart/.xcbuild/Build/Intermediates.noindex/KanpanChart.build/Debug-iphonesimulator/KanpanChartTests.build/DerivedSources-normal/arm64 -Xcc -I/Users/mdd/zhk/kanpan-ringtone/KanpanChart/.xcbuild/Build/Intermediates.noindex/KanpanChart.build/Debug-iphonesimulator/KanpanChartTests.build/DerivedSources/arm64 -Xcc -I/Users/mdd/zhk/kanpan-ringtone/KanpanChart/.xcbuild/Build/Intermediates.noindex/KanpanChart.build/Debug-iphonesimulator/KanpanChartTests.build/DerivedSources -Xcc -DSWIFT_PACKAGE -Xcc -DDEBUG\=1 -working-directory /Users/mdd/zhk/kanpan-ringtone/KanpanChart/.swiftpm/xcode -experimental-emit-module-separately -disable-cmo

SwiftDriverJobDiscovery normal arm64 Compiling ChartLifecycleTests.swift, ChartOptionsRenderTests.swift (in target 'KanpanChartTests' from project 'KanpanChart')

SwiftCompile normal arm64 Compiling\ PlaceholderTests.swift,\ ShareRenderingTests.swift /Users/mdd/zhk/kanpan-ringtone/KanpanChart/Tests/KanpanChartTests/PlaceholderTests.swift /Users/mdd/zhk/kanpan-ringtone/KanpanChart/Tests/KanpanChartTests/ShareRenderingTests.swift (in target 'KanpanChartTests' from project 'KanpanChart')
SwiftCompile normal arm64 /Users/mdd/zhk/kanpan-ringtone/KanpanChart/Tests/KanpanChartTests/PlaceholderTests.swift (in target 'KanpanChartTests' from project 'KanpanChart')
    cd /Users/mdd/zhk/kanpan-ringtone/KanpanChart/.swiftpm/xcode
    
/Users/mdd/zhk/kanpan-ringtone/KanpanChart/Tests/KanpanChartTests/PlaceholderTests.swift:7:49: note: '#expect(_:_:)' will always pass here; use 'Bool(true)' to silence this warning (from macro 'expect')
  @Test("包能编过") func builds() { #expect(true) }

SwiftCompile normal arm64 /Users/mdd/zhk/kanpan-ringtone/KanpanChart/Tests/KanpanChartTests/ShareRenderingTests.swift (in target 'KanpanChartTests' from project 'KanpanChart')
    cd /Users/mdd/zhk/kanpan-ringtone/KanpanChart/.swiftpm/xcode
    
/Users/mdd/zhk/kanpan-ringtone/KanpanChart/Tests/KanpanChartTests/PlaceholderTests.swift:7:49: note: '#expect(_:_:)' will always pass here; use 'Bool(true)' to silence this warning (from macro 'expect')
  @Test("包能编过") func builds() { #expect(true) }

Copy /Users/mdd/zhk/kanpan-ringtone/KanpanChart/.xcbuild/Build/Products/Debug-iphonesimulator/KanpanChartTests.swiftmodule/arm64-apple-ios-simulator.abi.json /Users/mdd/zhk/kanpan-ringtone/KanpanChart/.xcbuild/Build/Intermediates.noindex/KanpanChart.build/Debug-iphonesimulator/KanpanChartTests.build/Objects-normal/arm64/KanpanChartTests.abi.json (in target 'KanpanChartTests' from project 'KanpanChart')
    cd /Users/mdd/zhk/kanpan-ringtone/KanpanChart
    builtin-copy -exclude .DS_Store -exclude CVS -exclude .svn -exclude .git -exclude .hg -resolve-src-symlinks -rename /Users/mdd/zhk/kanpan-ringtone/KanpanChart/.xcbuild/Build/Intermediates.noindex/KanpanChart.build/Debug-iphonesimulator/KanpanChartTests.build/Objects-normal/arm64/KanpanChartTests.abi.json /Users/mdd/zhk/kanpan-ringtone/KanpanChart/.xcbuild/Build/Products/Debug-iphonesimulator/KanpanChartTests.swiftmodule/arm64-apple-ios-simulator.abi.json

Copy /Users/mdd/zhk/kanpan-ringtone/KanpanChart/.xcbuild/Build/Products/Debug-iphonesimulator/KanpanChartTests.swiftmodule/arm64-apple-ios-simulator.swiftmodule /Users/mdd/zhk/kanpan-ringtone/KanpanChart/.xcbuild/Build/Intermediates.noindex/KanpanChart.build/Debug-iphonesimulator/KanpanChartTests.build/Objects-normal/arm64/KanpanChartTests.swiftmodule (in target 'KanpanChartTests' from project 'KanpanChart')
    cd /Users/mdd/zhk/kanpan-ringtone/KanpanChart
    builtin-copy -exclude .DS_Store -exclude CVS -exclude .svn -exclude .git -exclude .hg -resolve-src-symlinks -rename /Users/mdd/zhk/kanpan-ringtone/KanpanChart/.xcbuild/Build/Intermediates.noindex/KanpanChart.build/Debug-iphonesimulator/KanpanChartTests.build/Objects-normal/arm64/KanpanChartTests.swiftmodule /Users/mdd/zhk/kanpan-ringtone/KanpanChart/.xcbuild/Build/Products/Debug-iphonesimulator/KanpanChartTests.swiftmodule/arm64-apple-ios-simulator.swiftmodule

SwiftDriverJobDiscovery normal arm64 Compiling EvidenceRenderTests.swift, EvidenceSupport.swift (in target 'KanpanChartTests' from project 'KanpanChart')

SwiftDriverJobDiscovery normal arm64 Compiling PlaceholderTests.swift, ShareRenderingTests.swift (in target 'KanpanChartTests' from project 'KanpanChart')

Copy /Users/mdd/zhk/kanpan-ringtone/KanpanChart/.xcbuild/Build/Products/Debug-iphonesimulator/KanpanChartTests.swiftmodule/Project/arm64-apple-ios-simulator.swiftsourceinfo /Users/mdd/zhk/kanpan-ringtone/KanpanChart/.xcbuild/Build/Intermediates.noindex/KanpanChart.build/Debug-iphonesimulator/KanpanChartTests.build/Objects-normal/arm64/KanpanChartTests.swiftsourceinfo (in target 'KanpanChartTests' from project 'KanpanChart')
    cd /Users/mdd/zhk/kanpan-ringtone/KanpanChart
    builtin-copy -exclude .DS_Store -exclude CVS -exclude .svn -exclude .git -exclude .hg -resolve-src-symlinks -rename /Users/mdd/zhk/kanpan-ringtone/KanpanChart/.xcbuild/Build/Intermediates.noindex/KanpanChart.build/Debug-iphonesimulator/KanpanChartTests.build/Objects-normal/arm64/KanpanChartTests.swiftsourceinfo /Users/mdd/zhk/kanpan-ringtone/KanpanChart/.xcbuild/Build/Products/Debug-iphonesimulator/KanpanChartTests.swiftmodule/Project/arm64-apple-ios-simulator.swiftsourceinfo

SwiftCompile normal arm64 Compiling\ ChartDrawingTapDisciplineTests.swift,\ ChartDrawingTests.swift /Users/mdd/zhk/kanpan-ringtone/KanpanChart/Tests/KanpanChartTests/ChartDrawingTapDisciplineTests.swift /Users/mdd/zhk/kanpan-ringtone/KanpanChart/Tests/KanpanChartTests/ChartDrawingTests.swift (in target 'KanpanChartTests' from project 'KanpanChart')

SwiftCompile normal arm64 /Users/mdd/zhk/kanpan-ringtone/KanpanChart/Tests/KanpanChartTests/ChartDrawingTapDisciplineTests.swift (in target 'KanpanChartTests' from project 'KanpanChart')
    cd /Users/mdd/zhk/kanpan-ringtone/KanpanChart/.swiftpm/xcode
    
/Users/mdd/zhk/kanpan-ringtone/KanpanChart/Tests/KanpanChartTests/ChartDrawingTapDisciplineTests.swift:61:14: warning: 'init(frame:)' was deprecated in iOS 26.0: Use init(windowScene:) instead.
  let host = UIWindow(frame: CGRect(x: 0, y: 0, width: 390, height: 700))
             ^

SwiftCompile normal arm64 /Users/mdd/zhk/kanpan-ringtone/KanpanChart/Tests/KanpanChartTests/ChartDrawingTests.swift (in target 'KanpanChartTests' from project 'KanpanChart')
    cd /Users/mdd/zhk/kanpan-ringtone/KanpanChart/.swiftpm/xcode
    

SwiftCompile normal arm64 Compiling\ ChartReviewA5Tests.swift,\ ChartViewTests.swift /Users/mdd/zhk/kanpan-ringtone/KanpanChart/Tests/KanpanChartTests/ChartReviewA5Tests.swift /Users/mdd/zhk/kanpan-ringtone/KanpanChart/Tests/KanpanChartTests/ChartViewTests.swift (in target 'KanpanChartTests' from project 'KanpanChart')

SwiftCompile normal arm64 /Users/mdd/zhk/kanpan-ringtone/KanpanChart/Tests/KanpanChartTests/ChartReviewA5Tests.swift (in target 'KanpanChartTests' from project 'KanpanChart')
    cd /Users/mdd/zhk/kanpan-ringtone/KanpanChart/.swiftpm/xcode
    
/Users/mdd/zhk/kanpan-ringtone/KanpanChart/Tests/KanpanChartTests/ChartReviewA5Tests.swift:96:16: warning: 'init(frame:)' was deprecated in iOS 26.0: Use init(windowScene:) instead.
  let window = UIWindow(frame: CGRect(origin: .zero, size: size))
               ^

SwiftCompile normal arm64 /Users/mdd/zhk/kanpan-ringtone/KanpanChart/Tests/KanpanChartTests/ChartViewTests.swift (in target 'KanpanChartTests' from project 'KanpanChart')
    cd /Users/mdd/zhk/kanpan-ringtone/KanpanChart/.swiftpm/xcode
    

SwiftCompile normal arm64 Compiling\ ChartFoundationTests.swift,\ ChartGestureTests.swift /Users/mdd/zhk/kanpan-ringtone/KanpanChart/Tests/KanpanChartTests/ChartFoundationTests.swift /Users/mdd/zhk/kanpan-ringtone/KanpanChart/Tests/KanpanChartTests/ChartGestureTests.swift (in target 'KanpanChartTests' from project 'KanpanChart')
SwiftCompile normal arm64 /Users/mdd/zhk/kanpan-ringtone/KanpanChart/Tests/KanpanChartTests/ChartFoundationTests.swift (in target 'KanpanChartTests' from project 'KanpanChart')
    cd /Users/mdd/zhk/kanpan-ringtone/KanpanChart/.swiftpm/xcode
    

SwiftCompile normal arm64 /Users/mdd/zhk/kanpan-ringtone/KanpanChart/Tests/KanpanChartTests/ChartGestureTests.swift (in target 'KanpanChartTests' from project 'KanpanChart')
    cd /Users/mdd/zhk/kanpan-ringtone/KanpanChart/.swiftpm/xcode
    

SwiftDriverJobDiscovery normal arm64 Compiling ChartReviewA5Tests.swift, ChartViewTests.swift (in target 'KanpanChartTests' from project 'KanpanChart')

SwiftCompile normal arm64 Compiling\ IndicatorIntegrityTests.swift,\ PerfBenchmarkTests.swift /Users/mdd/zhk/kanpan-ringtone/KanpanChart/Tests/KanpanChartTests/IndicatorIntegrityTests.swift /Users/mdd/zhk/kanpan-ringtone/KanpanChart/Tests/KanpanChartTests/PerfBenchmarkTests.swift (in target 'KanpanChartTests' from project 'KanpanChart')

SwiftCompile normal arm64 /Users/mdd/zhk/kanpan-ringtone/KanpanChart/Tests/KanpanChartTests/IndicatorIntegrityTests.swift (in target 'KanpanChartTests' from project 'KanpanChart')
    cd /Users/mdd/zhk/kanpan-ringtone/KanpanChart/.swiftpm/xcode
    

SwiftCompile normal arm64 /Users/mdd/zhk/kanpan-ringtone/KanpanChart/Tests/KanpanChartTests/PerfBenchmarkTests.swift (in target 'KanpanChartTests' from project 'KanpanChart')
    cd /Users/mdd/zhk/kanpan-ringtone/KanpanChart/.swiftpm/xcode
    

SwiftDriverJobDiscovery normal arm64 Compiling ChartDrawingTapDisciplineTests.swift, ChartDrawingTests.swift (in target 'KanpanChartTests' from project 'KanpanChart')

SwiftCompile normal arm64 Compiling\ ExternalChartTests.swift,\ GeometryTableTests.swift /Users/mdd/zhk/kanpan-ringtone/KanpanChart/Tests/KanpanChartTests/ExternalChartTests.swift /Users/mdd/zhk/kanpan-ringtone/KanpanChart/Tests/KanpanChartTests/GeometryTableTests.swift (in target 'KanpanChartTests' from project 'KanpanChart')
SwiftCompile normal arm64 /Users/mdd/zhk/kanpan-ringtone/KanpanChart/Tests/KanpanChartTests/ExternalChartTests.swift (in target 'KanpanChartTests' from project 'KanpanChart')
    cd /Users/mdd/zhk/kanpan-ringtone/KanpanChart/.swiftpm/xcode
    

SwiftCompile normal arm64 /Users/mdd/zhk/kanpan-ringtone/KanpanChart/Tests/KanpanChartTests/GeometryTableTests.swift (in target 'KanpanChartTests' from project 'KanpanChart')
    cd /Users/mdd/zhk/kanpan-ringtone/KanpanChart/.swiftpm/xcode
    

SwiftDriverJobDiscovery normal arm64 Compiling IndicatorIntegrityTests.swift, PerfBenchmarkTests.swift (in target 'KanpanChartTests' from project 'KanpanChart')

SwiftCompile normal arm64 Compiling\ ColorSampleTests.swift,\ CrosshairWorkTests.swift /Users/mdd/zhk/kanpan-ringtone/KanpanChart/Tests/KanpanChartTests/ColorSampleTests.swift /Users/mdd/zhk/kanpan-ringtone/KanpanChart/Tests/KanpanChartTests/CrosshairWorkTests.swift (in target 'KanpanChartTests' from project 'KanpanChart')
SwiftCompile normal arm64 /Users/mdd/zhk/kanpan-ringtone/KanpanChart/Tests/KanpanChartTests/ColorSampleTests.swift (in target 'KanpanChartTests' from project 'KanpanChart')
    cd /Users/mdd/zhk/kanpan-ringtone/KanpanChart/.swiftpm/xcode
    

SwiftCompile normal arm64 /Users/mdd/zhk/kanpan-ringtone/KanpanChart/Tests/KanpanChartTests/CrosshairWorkTests.swift (in target 'KanpanChartTests' from project 'KanpanChart')
    cd /Users/mdd/zhk/kanpan-ringtone/KanpanChart/.swiftpm/xcode
    

SwiftDriverJobDiscovery normal arm64 Compiling ChartFoundationTests.swift, ChartGestureTests.swift (in target 'KanpanChartTests' from project 'KanpanChart')

SwiftCompile normal arm64 Compiling\ resource_bundle_accessor.swift,\ AxisWidthTests.swift,\ ChartAxisFreezeTests.swift /Users/mdd/zhk/kanpan-ringtone/KanpanChart/.xcbuild/Build/Intermediates.noindex/KanpanChart.build/Debug-iphonesimulator/KanpanChartTests.build/DerivedSources/resource_bundle_accessor.swift /Users/mdd/zhk/kanpan-ringtone/KanpanChart/Tests/KanpanChartTests/AxisWidthTests.swift /Users/mdd/zhk/kanpan-ringtone/KanpanChart/Tests/KanpanChartTests/ChartAxisFreezeTests.swift (in target 'KanpanChartTests' from project 'KanpanChart')
SwiftCompile normal arm64 /Users/mdd/zhk/kanpan-ringtone/KanpanChart/.xcbuild/Build/Intermediates.noindex/KanpanChart.build/Debug-iphonesimulator/KanpanChartTests.build/DerivedSources/resource_bundle_accessor.swift (in target 'KanpanChartTests' from project 'KanpanChart')
    cd /Users/mdd/zhk/kanpan-ringtone/KanpanChart/.swiftpm/xcode
    

SwiftCompile normal arm64 /Users/mdd/zhk/kanpan-ringtone/KanpanChart/Tests/KanpanChartTests/AxisWidthTests.swift (in target 'KanpanChartTests' from project 'KanpanChart')
    cd /Users/mdd/zhk/kanpan-ringtone/KanpanChart/.swiftpm/xcode
    

SwiftCompile normal arm64 /Users/mdd/zhk/kanpan-ringtone/KanpanChart/Tests/KanpanChartTests/ChartAxisFreezeTests.swift (in target 'KanpanChartTests' from project 'KanpanChart')
    cd /Users/mdd/zhk/kanpan-ringtone/KanpanChart/.swiftpm/xcode
    

SwiftDriverJobDiscovery normal arm64 Compiling ExternalChartTests.swift, GeometryTableTests.swift (in target 'KanpanChartTests' from project 'KanpanChart')

SwiftDriverJobDiscovery normal arm64 Compiling ColorSampleTests.swift, CrosshairWorkTests.swift (in target 'KanpanChartTests' from project 'KanpanChart')

SwiftDriverJobDiscovery normal arm64 Compiling resource_bundle_accessor.swift, AxisWidthTests.swift, ChartAxisFreezeTests.swift (in target 'KanpanChartTests' from project 'KanpanChart')

SwiftDriver\ Compilation KanpanChartTests normal arm64 com.apple.xcode.tools.swift.compiler (in target 'KanpanChartTests' from project 'KanpanChart')
    cd /Users/mdd/zhk/kanpan-ringtone/KanpanChart/.swiftpm/xcode
    builtin-Swift-Compilation -- /Applications/Xcode.app/Contents/Developer/Toolchains/XcodeDefault.xctoolchain/usr/bin/swiftc -module-name KanpanChartTests -Onone @/Users/mdd/zhk/kanpan-ringtone/KanpanChart/.xcbuild/Build/Intermediates.noindex/KanpanChart.build/Debug-iphonesimulator/KanpanChartTests.build/Objects-normal/arm64/KanpanChartTests.SwiftFileList -DSWIFT_PACKAGE -DDEBUG -DSWIFT_MODULE_RESOURCE_BUNDLE_AVAILABLE -DXcode -plugin-path /Applications/Xcode.app/Contents/Developer/Toolchains/XcodeDefault.xctoolchain/usr/lib/swift/host/plugins/testing -enable-experimental-feature DebugDescriptionMacro -sdk /Applications/Xcode.app/Contents/Developer/Platforms/iPhoneSimulator.platform/Developer/SDKs/iPhoneSimulator26.5.sdk -target arm64-apple-ios26.0-simulator -g -module-cache-path /Users/mdd/zhk/kanpan-ringtone/KanpanChart/.xcbuild/ModuleCache.noindex -Xfrontend -serialize-debugging-options -profile-coverage-mapping -profile-generate -enable-testing -index-store-path /Users/mdd/zhk/kanpan-ringtone/KanpanChart/.xcbuild/Index.noindex/DataStore -Xcc -D_LIBCPP_HARDENING_MODE\=_LIBCPP_HARDENING_MODE_DEBUG -swift-version 6 -I /Users/mdd/zhk/kanpan-ringtone/KanpanChart/.xcbuild/Build/Products/Debug-iphonesimulator -Isystem /Applications/Xcode.app/Contents/Developer/Platforms/iPhoneSimulator.platform/Developer/usr/lib -F /Users/mdd/zhk/kanpan-ringtone/KanpanChart/.xcbuild/Build/Products/Debug-iphonesimulator/PackageFrameworks -F /Users/mdd/zhk/kanpan-ringtone/KanpanChart/.xcbuild/Build/Products/Debug-iphonesimulator/PackageFrameworks -F /Users/mdd/zhk/kanpan-ringtone/KanpanChart/.xcbuild/Build/Products/Debug-iphonesimulator -F /Applications/Xcode.app/Contents/Developer/Platforms/iPhoneSimulator.platform/Developer/Library/Frameworks -F /Applications/Xcode.app/Contents/Developer/Platforms/iPhoneSimulator.platform/Developer/SDKs/iPhoneSimulator26.5.sdk/Developer/Library/Frameworks -c -j10 -enable-batch-mode -incremental -Xcc -ivfsstatcache -Xcc /Users/mdd/zhk/kanpan-ringtone/KanpanChart/.xcbuild/SDKStatCaches.noindex/iphonesimulator26.5-23F81a-6cfe768891a92b912361537c460fe42b.sdkstatcache -output-file-map /Users/mdd/zhk/kanpan-ringtone/KanpanChart/.xcbuild/Build/Intermediates.noindex/KanpanChart.build/Debug-iphonesimulator/KanpanChartTests.build/Objects-normal/arm64/KanpanChartTests-OutputFileMap.json -use-frontend-parseable-output -save-temps -no-color-diagnostics -explicit-module-build -module-cache-path /Users/mdd/zhk/kanpan-ringtone/KanpanChart/.xcbuild/Build/Intermediates.noindex/SwiftExplicitPrecompiledModules -clang-scanner-module-cache-path /Users/mdd/zhk/kanpan-ringtone/KanpanChart/.xcbuild/ModuleCache.noindex -sdk-module-cache-path /Users/mdd/zhk/kanpan-ringtone/KanpanChart/.xcbuild/ModuleCache.noindex -serialize-diagnostics -emit-dependencies -emit-module -emit-module-path /Users/mdd/zhk/kanpan-ringtone/KanpanChart/.xcbuild/Build/Intermediates.noindex/KanpanChart.build/Debug-iphonesimulator/KanpanChartTests.build/Objects-normal/arm64/KanpanChartTests.swiftmodule -validate-clang-modules-once -clang-build-session-file /Users/mdd/zhk/kanpan-ringtone/KanpanChart/.xcbuild/ModuleCache.noindex/Session.modulevalidation -package-name kanpanchart -emit-const-values -Xfrontend -const-gather-protocols-file -Xfrontend /Users/mdd/zhk/kanpan-ringtone/KanpanChart/.xcbuild/Build/Intermediates.noindex/KanpanChart.build/Debug-iphonesimulator/KanpanChartTests.build/Objects-normal/arm64/KanpanChartTests_const_extract_protocols.json -Xcc -I/Users/mdd/zhk/kanpan-ringtone/KanpanChart/.xcbuild/Build/Products/Debug-iphonesimulator/include -Xcc -I/Users/mdd/zhk/kanpan-ringtone/KanpanChart/.xcbuild/Build/Intermediates.noindex/KanpanChart.build/Debug-iphonesimulator/KanpanChartTests.build/DerivedSources-normal/arm64 -Xcc -I/Users/mdd/zhk/kanpan-ringtone/KanpanChart/.xcbuild/Build/Intermediates.noindex/KanpanChart.build/Debug-iphonesimulator/KanpanChartTests.build/DerivedSources/arm64 -Xcc -I/Users/mdd/zhk/kanpan-ringtone/KanpanChart/.xcbuild/Build/Intermediates.noindex/KanpanChart.build/Debug-iphonesimulator/KanpanChartTests.build/DerivedSources -Xcc -DSWIFT_PACKAGE -Xcc -DDEBUG\=1 -working-directory /Users/mdd/zhk/kanpan-ringtone/KanpanChart/.swiftpm/xcode -experimental-emit-module-separately -disable-cmo

Ld /Users/mdd/zhk/kanpan-ringtone/KanpanChart/.xcbuild/Build/Products/Debug-iphonesimulator/KanpanChartTests.xctest/KanpanChartTests normal (in target 'KanpanChartTests' from project 'KanpanChart')
    cd /Users/mdd/zhk/kanpan-ringtone/KanpanChart
    /Applications/Xcode.app/Contents/Developer/Toolchains/XcodeDefault.xctoolchain/usr/bin/clang -Xlinker -reproducible -target arm64-apple-ios26.0-simulator -bundle -isysroot /Applications/Xcode.app/Contents/Developer/Platforms/iPhoneSimulator.platform/Developer/SDKs/iPhoneSimulator26.5.sdk -O0 -L/Users/mdd/zhk/kanpan-ringtone/KanpanChart/.xcbuild/Build/Intermediates.noindex/EagerLinkingTBDs/Debug-iphonesimulator -L/Users/mdd/zhk/kanpan-ringtone/KanpanChart/.xcbuild/Build/Products/Debug-iphonesimulator -L/Applications/Xcode.app/Contents/Developer/Platforms/iPhoneSimulator.platform/Developer/usr/lib -F/Users/mdd/zhk/kanpan-ringtone/KanpanChart/.xcbuild/Build/Intermediates.noindex/EagerLinkingTBDs/Debug-iphonesimulator -F/Users/mdd/zhk/kanpan-ringtone/KanpanChart/.xcbuild/Build/Products/Debug-iphonesimulator/PackageFrameworks -F/Users/mdd/zhk/kanpan-ringtone/KanpanChart/.xcbuild/Build/Products/Debug-iphonesimulator/PackageFrameworks -F/Users/mdd/zhk/kanpan-ringtone/KanpanChart/.xcbuild/Build/Products/Debug-iphonesimulator -iframework /Applications/Xcode.app/Contents/Developer/Platforms/iPhoneSimulator.platform/Developer/Library/Frameworks -iframework /Applications/Xcode.app/Contents/Developer/Platforms/iPhoneSimulator.platform/Developer/SDKs/iPhoneSimulator26.5.sdk/Developer/Library/Frameworks -filelist /Users/mdd/zhk/kanpan-ringtone/KanpanChart/.xcbuild/Build/Intermediates.noindex/KanpanChart.build/Debug-iphonesimulator/KanpanChartTests.build/Objects-normal/arm64/KanpanChartTests.LinkFileList -Xlinker -rpath -Xlinker /Users/mdd/zhk/kanpan-ringtone/KanpanChart/.xcbuild/Build/Products/Debug-iphonesimulator/PackageFrameworks -Xlinker -rpath -Xlinker @loader_path/Frameworks -Xlinker -rpath -Xlinker @loader_path/../Frameworks -Xlinker -dead_strip -Xlinker -object_path_lto -Xlinker /Users/mdd/zhk/kanpan-ringtone/KanpanChart/.xcbuild/Build/Intermediates.noindex/KanpanChart.build/Debug-iphonesimulator/KanpanChartTests.build/Objects-normal/arm64/KanpanChartTests_lto.o -rdynamic -Xlinker -no_deduplicate -Xlinker -objc_abi_version -Xlinker 2 -Xlinker -debug_variant -Xlinker -dependency_info -Xlinker /Users/mdd/zhk/kanpan-ringtone/KanpanChart/.xcbuild/Build/Intermediates.noindex/KanpanChart.build/Debug-iphonesimulator/KanpanChartTests.build/Objects-normal/arm64/KanpanChartTests_dependency_info.dat -fobjc-link-runtime -fprofile-instr-generate -L/Applications/Xcode.app/Contents/Developer/Toolchains/XcodeDefault.xctoolchain/usr/lib/swift/iphonesimulator -L/usr/lib/swift -Xlinker -add_ast_path -Xlinker /Users/mdd/zhk/kanpan-ringtone/KanpanChart/.xcbuild/Build/Intermediates.noindex/KanpanChart.build/Debug-iphonesimulator/KanpanChartTests.build/Objects-normal/arm64/KanpanChartTests.swiftmodule @/Users/mdd/zhk/kanpan-ringtone/KanpanChart/.xcbuild/Build/Intermediates.noindex/KanpanChart.build/Debug-iphonesimulator/KanpanChartTests.build/Objects-normal/arm64/KanpanChartTests-linker-args.resp -Wl,-no_warn_duplicate_libraries -Wl,-no_warn_duplicate_libraries -Xlinker -needed_framework -Xlinker XCTest -framework XCTest -Xlinker -needed-lXCTestSwiftSupport -lXCTestSwiftSupport -Xlinker -no_adhoc_codesign -o /Users/mdd/zhk/kanpan-ringtone/KanpanChart/.xcbuild/Build/Products/Debug-iphonesimulator/KanpanChartTests.xctest/KanpanChartTests -Xlinker -add_ast_path -Xlinker /Users/mdd/zhk/kanpan-ringtone/KanpanChart/.xcbuild/Build/Intermediates.noindex/KanpanCore.build/Debug-iphonesimulator/KanpanCore.build/Objects-normal/arm64/KanpanCore.swiftmodule @/Users/mdd/zhk/kanpan-ringtone/KanpanChart/.xcbuild/Build/Intermediates.noindex/KanpanCore.build/Debug-iphonesimulator/KanpanCore.build/Objects-normal/arm64/KanpanCore-linker-args.resp -Xlinker -add_ast_path -Xlinker /Users/mdd/zhk/kanpan-ringtone/KanpanChart/.xcbuild/Build/Intermediates.noindex/KanpanChart.build/Debug-iphonesimulator/KanpanChart.build/Objects-normal/arm64/KanpanChart.swiftmodule @/Users/mdd/zhk/kanpan-ringtone/KanpanChart/.xcbuild/Build/Intermediates.noindex/KanpanChart.build/Debug-iphonesimulator/KanpanChart.build/Objects-normal/arm64/KanpanChart-linker-args.resp

CopySwiftLibs /Users/mdd/zhk/kanpan-ringtone/KanpanChart/.xcbuild/Build/Products/Debug-iphonesimulator/KanpanChartTests.xctest (in target 'KanpanChartTests' from project 'KanpanChart')
    cd /Users/mdd/zhk/kanpan-ringtone/KanpanChart
    builtin-swiftStdLibTool --copy --verbose --sign - --scan-executable /Users/mdd/zhk/kanpan-ringtone/KanpanChart/.xcbuild/Build/Products/Debug-iphonesimulator/KanpanChartTests.xctest/KanpanChartTests --scan-folder /Users/mdd/zhk/kanpan-ringtone/KanpanChart/.xcbuild/Build/Products/Debug-iphonesimulator/KanpanChartTests.xctest/Frameworks --scan-folder /Users/mdd/zhk/kanpan-ringtone/KanpanChart/.xcbuild/Build/Products/Debug-iphonesimulator/KanpanChartTests.xctest/PlugIns --scan-folder /Users/mdd/zhk/kanpan-ringtone/KanpanChart/.xcbuild/Build/Products/Debug-iphonesimulator/KanpanChartTests.xctest/SystemExtensions --scan-folder /Users/mdd/zhk/kanpan-ringtone/KanpanChart/.xcbuild/Build/Products/Debug-iphonesimulator/KanpanChartTests.xctest/Extensions --platform iphonesimulator --toolchain /Applications/Xcode.app/Contents/Developer/Toolchains/XcodeDefault.xctoolchain --destination /Users/mdd/zhk/kanpan-ringtone/KanpanChart/.xcbuild/Build/Products/Debug-iphonesimulator/KanpanChartTests.xctest/Frameworks --strip-bitcode --scan-executable /Applications/Xcode.app/Contents/Developer/Platforms/iPhoneSimulator.platform/Developer/usr/lib/libXCTestSwiftSupport.dylib --strip-bitcode-tool /Applications/Xcode.app/Contents/Developer/Toolchains/XcodeDefault.xctoolchain/usr/bin/bitcode_strip --emit-dependency-info /Users/mdd/zhk/kanpan-ringtone/KanpanChart/.xcbuild/Build/Intermediates.noindex/KanpanChart.build/Debug-iphonesimulator/KanpanChartTests.build/SwiftStdLibToolInputDependencies.dep --filter-for-swift-os

ExtractAppIntentsMetadata (in target 'KanpanChartTests' from project 'KanpanChart')
    cd /Users/mdd/zhk/kanpan-ringtone/KanpanChart
    /Applications/Xcode.app/Contents/Developer/Toolchains/XcodeDefault.xctoolchain/usr/bin/appintentsmetadataprocessor --toolchain-dir /Applications/Xcode.app/Contents/Developer/Toolchains/XcodeDefault.xctoolchain --module-name KanpanChartTests --sdk-root /Applications/Xcode.app/Contents/Developer/Platforms/iPhoneSimulator.platform/Developer/SDKs/iPhoneSimulator26.5.sdk --xcode-version 17F113 --platform-family iOS --deployment-target 26.0 --bundle-identifier kanpanchart.KanpanChartTests --output /Users/mdd/zhk/kanpan-ringtone/KanpanChart/.xcbuild/Build/Products/Debug-iphonesimulator/KanpanChartTests.xctest --target-triple arm64-apple-ios26.0-simulator --binary-file /Users/mdd/zhk/kanpan-ringtone/KanpanChart/.xcbuild/Build/Products/Debug-iphonesimulator/KanpanChartTests.xctest/KanpanChartTests --dependency-file /Users/mdd/zhk/kanpan-ringtone/KanpanChart/.xcbuild/Build/Intermediates.noindex/KanpanChart.build/Debug-iphonesimulator/KanpanChartTests.build/Objects-normal/arm64/KanpanChartTests_dependency_info.dat --stringsdata-file /Users/mdd/zhk/kanpan-ringtone/KanpanChart/.xcbuild/Build/Intermediates.noindex/KanpanChart.build/Debug-iphonesimulator/KanpanChartTests.build/Objects-normal/arm64/ExtractedAppShortcutsMetadata.stringsdata --source-file-list /Users/mdd/zhk/kanpan-ringtone/KanpanChart/.xcbuild/Build/Intermediates.noindex/KanpanChart.build/Debug-iphonesimulator/KanpanChartTests.build/Objects-normal/arm64/KanpanChartTests.SwiftFileList --metadata-file-list /Users/mdd/zhk/kanpan-ringtone/KanpanChart/.xcbuild/Build/Intermediates.noindex/KanpanChart.build/Debug-iphonesimulator/KanpanChartTests.build/KanpanChartTests.DependencyMetadataFileList --static-metadata-file-list /Users/mdd/zhk/kanpan-ringtone/KanpanChart/.xcbuild/Build/Intermediates.noindex/KanpanChart.build/Debug-iphonesimulator/KanpanChartTests.build/KanpanChartTests.DependencyStaticMetadataFileList --swift-const-vals-list /Users/mdd/zhk/kanpan-ringtone/KanpanChart/.xcbuild/Build/Intermediates.noindex/KanpanChart.build/Debug-iphonesimulator/KanpanChartTests.build/Objects-normal/arm64/KanpanChartTests.SwiftConstValuesFileList --compile-time-extraction --deployment-aware-processing --validate-assistant-intents --no-app-shortcuts-localization
2026-09-22 15:52:20.404 appintentsmetadataprocessor[97977:4335274] Starting appintentsmetadataprocessor export
2026-09-22 15:52:20.557 appintentsmetadataprocessor[97977:4335274] warning: Metadata extraction skipped. No AppIntents.framework dependency found.

CodeSign /Users/mdd/zhk/kanpan-ringtone/KanpanChart/.xcbuild/Build/Products/Debug-iphonesimulator/KanpanChartTests.xctest (in target 'KanpanChartTests' from project 'KanpanChart')
    cd /Users/mdd/zhk/kanpan-ringtone/KanpanChart
    
    Signing Identity:     "Sign to Run Locally"
    
    /usr/bin/codesign --force --sign - --timestamp\=none --generate-entitlement-der /Users/mdd/zhk/kanpan-ringtone/KanpanChart/.xcbuild/Build/Products/Debug-iphonesimulator/KanpanChartTests.xctest

Test Suite 'All tests' started at 2026-09-22 15:53:22.557.
Test Suite 'KanpanChartTests.xctest' started at 2026-09-22 15:53:22.559.
Test Suite 'PerfBenchmarkTests' started at 2026-09-22 15:53:22.559.
Test Case '-[KanpanChartTests.PerfBenchmarkTests testDragFrame]' started.
BENCH chart.drag.frame median_ms=12.0474 p90_ms=17.7020 n=3000
BENCH chart.drag.frame median_ms=9.8425 p90_ms=13.4784 n=15000
Test Case '-[KanpanChartTests.PerfBenchmarkTests testDragFrame]' passed (0.969 seconds).
Test Case '-[KanpanChartTests.PerfBenchmarkTests testFrameThreeLayers]' started.
BENCH chart.frame.three_layers median_ms=8.6875 p90_ms=11.9197 n=3000
BENCH chart.frame.three_layers median_ms=7.2926 p90_ms=9.0011 n=15000
Test Case '-[KanpanChartTests.PerfBenchmarkTests testFrameThreeLayers]' passed (0.535 seconds).
Test Case '-[KanpanChartTests.PerfBenchmarkTests testIndicatorFullRebuild]' started.
BENCH chart.indicators.full_rebuild median_ms=9.0050 p90_ms=17.4565 n=3000
BENCH chart.indicators.full_rebuild median_ms=40.8951 p90_ms=43.1938 n=15000
Test Case '-[KanpanChartTests.PerfBenchmarkTests testIndicatorFullRebuild]' passed (1.558 seconds).
Test Case '-[KanpanChartTests.PerfBenchmarkTests testTickFullCost]' started.
BENCH chart.tick.recalc_redraw median_ms=8.8305 p90_ms=11.2975 n=3000
BENCH chart.tick.recalc_redraw median_ms=8.7544 p90_ms=11.0738 n=15000
Test Case '-[KanpanChartTests.PerfBenchmarkTests testTickFullCost]' passed (0.659 seconds).
Test Suite 'PerfBenchmarkTests' passed at 2026-09-22 15:53:26.282.
	 Executed 4 tests, with 0 failures (0 unexpected) in 3.721 (3.723) seconds
Test Suite 'KanpanChartTests.xctest' passed at 2026-09-22 15:53:26.282.
	 Executed 4 tests, with 0 failures (0 unexpected) in 3.721 (3.723) seconds
Test Suite 'All tests' passed at 2026-09-22 15:53:26.282.
	 Executed 4 tests, with 0 failures (0 unexpected) in 3.721 (3.725) seconds
◇ Test run started.
↳ Testing Library Version: 1902
↳ Target Platform: arm64-apple-ios13.0-simulator
◇ Suite "右轴宽度按内容算" started.
◇ Test "图表价格与价差读数按报价步长，百分比保留独立口径" started.
✔ Test "图表价格与价差读数按报价步长，百分比保留独立口径" passed after 0.011 seconds.
◇ Test "轴宽贴着最宽的那条刻度走" started.
✔ Test "轴宽贴着最宽的那条刻度走" passed after 0.006 seconds.
◇ Test "位数决定宽度，数字本身不决定" started.
✔ Test "位数决定宽度，数字本身不决定" passed after 0.012 seconds.
◇ Test "右轴上的胶囊不出右缘" started.
✔ Test "右轴上的胶囊不出右缘" passed after 0.006 seconds.
◇ Test "倒计时关着就不为它留地方" started.
✔ Test "倒计时关着就不为它留地方" passed after 0.005 seconds.
✔ Suite "右轴宽度按内容算" passed after 0.044 seconds.
◇ Suite "拖动期间轴冻结" started.
◇ Test "按住十字线时新 K 线不挪视野，抬手一次追平" started.
✔ Test "按住十字线时新 K 线不挪视野，抬手一次追平" passed after 0.024 seconds.
◇ Test "在看历史的图，抬手不会被拽回最新" started.
✔ Test "在看历史的图，抬手不会被拽回最新" passed after 0.002 seconds.
◇ Test "二指介入就解钉：捏合本来就是冲着视野来的" started.
✔ Test "二指介入就解钉：捏合本来就是冲着视野来的" passed after 0.001 seconds.
◇ Test "按住线的端点时，新 K 线到货线也不从手指底下跑" started.
✔ Test "按住线的端点时，新 K 线到货线也不从手指底下跑" passed after 0.027 seconds.
◇ Test "撤销栈活得过图的重建：两笔画完换一张图，撤销撤掉的还是最后一笔" started.
✔ Test "撤销栈活得过图的重建：两笔画完换一张图，撤销撤掉的还是最后一笔" passed after 0.017 seconds.
◇ Test "空栈不建会话：没画过线的图别凭空多挂一个关联对象" started.
✔ Test "空栈不建会话：没画过线的图别凭空多挂一个关联对象" passed after 0.001 seconds.
✔ Suite "拖动期间轴冻结" passed after 0.132 seconds.
◇ Suite "画线：一次点击落几条 / 什么时候才选中" started.
◇ Test "单锚点工具一次点击只落一条" started.
✔ Test "单锚点工具一次点击只落一条" passed after 0.102 seconds.
◇ Test "点一条之后马上捏合：捏合不是第二条" started.
✔ Test "点一条之后马上捏合：捏合不是第二条" passed after 0.007 seconds.
◇ Test "手指已经按在图上才拿起工具：这一下不落笔" started.
✔ Test "手指已经按在图上才拿起工具：这一下不落笔" passed after 0.002 seconds.
◇ Test "不在画线态：点中一条已有的线不选中" started.
✔ Test "不在画线态：点中一条已有的线不选中" passed after 0.001 seconds.
◇ Test "不在画线态：深链指过来的那条点一下能取消" started.
✔ Test "不在画线态：深链指过来的那条点一下能取消" passed after 0.001 seconds.
◇ Test "在画线态：点中还是照样选中" started.
✔ Test "在画线态：点中还是照样选中" passed after 0.001 seconds.
✔ Suite "画线：一次点击落几条 / 什么时候才选中" passed after 0.118 seconds.
◇ Suite "画线交互" started.
◇ Test "A7.3：水平线一点即成，工具用完自动松开" started.
✔ Test "A7.3：水平线一点即成，工具用完自动松开" passed after 0.006 seconds.
◇ Test "A7.2：趋势线点两下成线，第一点落下后提示改口" started.
✔ Test "A7.2：趋势线点两下成线，第一点落下后提示改口" passed after 0.010 seconds.
◇ Test "§10.8：第一点落下后预览点跟着手指走" started.
✔ Test "§10.8：第一点落下后预览点跟着手指走" passed after 0.009 seconds.
◇ Test "A7.2：磁吸开着，落点吸到那根的 OHLC" started.
✔ Test "A7.2：磁吸开着，落点吸到那根的 OHLC" passed after 0.005 seconds.
◇ Test "磁吸关掉就停在手指上" started.
✔ Test "磁吸关掉就停在手指上" passed after 0.006 seconds.
◇ Test "A7.4：轻点线身选中，空白处轻点取消" started.
✔ Test "A7.4：轻点线身选中，空白处轻点取消" passed after 0.001 seconds.
◇ Test "A7.4：离线太远的轻点不选中" started.
✔ Test "A7.4：离线太远的轻点不选中" passed after 0.001 seconds.
◇ Test "A7.4：拖手柄只改那一端" started.
✔ Test "A7.4：拖手柄只改那一端" passed after 0.006 seconds.
◇ Test "A7.4：拖线身整条平移，两端位移一样" started.
✔ Test "A7.4：拖线身整条平移，两端位移一样" passed after 0.010 seconds.
◇ Test "没选中的线拖不动，那一下是拖图" started.
✔ Test "没选中的线拖不动，那一下是拖图" passed after 0.004 seconds.
◇ Test "Phone: unselected endpoint pans; selected endpoint has a 44pt touch target" started.
✔ Test "Phone: unselected endpoint pans; selected endpoint has a 44pt touch target" passed after 0.013 seconds.
◇ Test "A7.5：对数模式下拖动按像素走，两端的像素位移一致" started.
✔ Test "A7.5：对数模式下拖动按像素走，两端的像素位移一致" passed after 0.009 seconds.
◇ Test "水平线整条拖只动价格，不动时间" started.
✔ Test "水平线整条拖只动价格，不动时间" passed after 0.016 seconds.
◇ Test "A7.5：拖图缩放之后线还钉在同一对 (时间, 价格) 上" started.
✔ Test "A7.5：拖图缩放之后线还钉在同一对 (时间, 价格) 上" passed after 0.006 seconds.
◇ Test "A7.8：两指照样能捏合" started.
✔ Test "A7.8：两指照样能捏合" passed after 0.011 seconds.
◇ Test "A7.6：删除只删选中的那条；完成退出画线态但线留着" started.
✔ Test "A7.6：删除只删选中的那条；完成退出画线态但线留着" passed after 0.013 seconds.
◇ Test "撤销重做走一圈：画两条、撤两步、重做一步" started.
✔ Test "撤销重做走一圈：画两条、撤两步、重做一步" passed after 0.026 seconds.
◇ Test "删除也能撤销回来" started.
✔ Test "删除也能撤销回来" passed after 0.002 seconds.
◇ Test "A7.7：一个品种画满 50 条就不再往里塞" started.
✔ Test "A7.7：一个品种画满 50 条就不再往里塞" passed after 0.022 seconds.
◇ Test "覆盖层装上之后，触摸从它这儿转进来" started.
✔ Test "覆盖层装上之后，触摸从它这儿转进来" passed after 0.014 seconds.
◇ Test "换一批线（切品种）把选中、半截的线和撤销栈一起清掉" started.
✔ Test "换一批线（切品种）把选中、半截的线和撤销栈一起清掉" passed after 0.015 seconds.
◇ Test "线变了会叫外面存盘" started.
✔ Test "线变了会叫外面存盘" passed after 0.012 seconds.
◇ Test "All tools create, undo and redo" started.
✔ Test "All tools create, undo and redo" passed after 1.067 seconds.
◇ Test "Drag previews do not mutate committed model; cancel and no-op have no undo entry" started.
✔ Test "Drag previews do not mutate committed model; cancel and no-op have no undo entry" passed after 0.014 seconds.
◇ Test "Pinch while placing preserves anchors" started.
✔ Test "Pinch while placing preserves anchors" passed after 0.016 seconds.
◇ Test "Lock, hide, copy and styles support undo" started.
✔ Test "Lock, hide, copy and styles support undo" passed after 0.002 seconds.
◇ Test "Distant drawings do not distort Y; hidden objects cannot be selected" started.
✔ Test "Distant drawings do not distort Y; hidden objects cannot be selected" passed after 0.003 seconds.
◇ Test "MA EMA colors are independent from each other and calculations" started.
✔ Test "MA EMA colors are independent from each other and calculations" passed after 0.003 seconds.
◇ Test "VWAP 与两把成交量分布都画得出来，拿不到 K 线时一笔都不画" started.
✔ Test "VWAP 与两把成交量分布都画得出来，拿不到 K 线时一笔都不画" passed after 0.110 seconds.
◇ Test "区间分布在点第二下之前就把柱子预览出来" started.
✔ Test "区间分布在点第二下之前就把柱子预览出来" passed after 0.046 seconds.
✔ Suite "画线交互" passed after 1.531 seconds.
◇ Suite "图表补全渲染与交互" started.
◇ Test "主图均线输出参与范围，关闭槽位曲线和数值同步消失" started.
✔ Test "主图均线输出参与范围，关闭槽位曲线和数值同步消失" passed after 0.004 seconds.
◇ Test "高度改变不改变横向布局；副图重排完整区域跟随指标身份" started.
✔ Test "高度改变不改变横向布局；副图重排完整区域跟随指标身份" passed after 0.006 seconds.
◇ Test "共享历史列读数与关闭恢复最后有效值" started.
✔ Test "共享历史列读数与关闭恢复最后有效值" passed after 0.002 seconds.
◇ Test "显示模式和选中价格模式切换清空单一选择源" started.
✔ Test "显示模式和选中价格模式切换清空单一选择源" passed after 0.002 seconds.
◇ Test "主副轴独立权限，倒置曲线与反向触摸映射一致" started.
✔ Test "主副轴独立权限，倒置曲线与反向触摸映射一致" passed after 0.007 seconds.
◇ Test "收盘模式按Android在松手取收盘，选中模式保留自由Y" started.
✔ Test "收盘模式按Android在松手取收盘，选中模式保留自由Y" passed after 0.003 seconds.
◇ Test "三指变两指重建基准，取消清掉触点和Y锚定" started.
✔ Test "三指变两指重建基准，取消清掉触点和Y锚定" passed after 0.003 seconds.
◇ Test "只有时钟变化也更新倒计时层，百分比最新价用同一基准" started.
✔ Test "只有时钟变化也更新倒计时层，百分比最新价用同一基准" passed after 0.004 seconds.
✔ Suite "图表补全渲染与交互" passed after 0.034 seconds.
◇ Suite "AICoin 手势状态机" started.
◇ Test "单击显示，第二次关闭；X吸柱中心、Y保留选中价" started.
✔ Test "单击显示，第二次关闭；X吸柱中心、Y保留选中价" passed after 0.001 seconds.
◇ Test "长按抬手保留选择" started.
✔ Test "长按抬手保留选择" passed after 0.567 seconds.
◇ Test "十字中心才移线，远处横拖清选择并移动历史窗口" started.
✔ Test "十字中心才移线，远处横拖清选择并移动历史窗口" passed after 0.010 seconds.
◇ Test "自动Y下纵向拖动不偷偷修改Y或X" started.
✔ Test "自动Y下纵向拖动不偷偷修改Y或X" passed after 0.001 seconds.
◇ Test "价格轴拖动进入归一化手动Y，A只复位Y" started.
✔ Test "价格轴拖动进入归一化手动Y，A只复位Y" passed after 0.001 seconds.
◇ Test "历史缩放抬起一指后不跳变" started.
✔ Test "历史缩放抬起一指后不跳变" passed after 0.001 seconds.
◇ Test "双指小间距起步保留初始基准，越过门槛后缩放" started.
✔ Test "双指小间距起步保留初始基准，越过门槛后缩放" passed after 0.001 seconds.
◇ Test "实时末根更新与同数历史替换均刷新指标" started.
✔ Test "实时末根更新与同数历史替换均刷新指标" passed after 0.002 seconds.
✔ Suite "AICoin 手势状态机" passed after 0.587 seconds.
◇ Suite "十字线按根挪" started.
◇ Test "一次一根，磁吸跟着新那根的收盘走" started.
✔ Test "一次一根，磁吸跟着新那根的收盘走" passed after 0.001 seconds.
◇ Test "手动摆的价位挪根时原地不动" started.
✔ Test "手动摆的价位挪根时原地不动" passed after 0.001 seconds.
◇ Test "到头停住不循环，没十字线时什么也不做" started.
✔ Test "到头停住不循环，没十字线时什么也不做" passed after 0.001 seconds.
◇ Test "挪出可视区时视野跟着推" started.
✔ Test "挪出可视区时视野跟着推" passed after 0.004 seconds.
✔ Suite "十字线按根挪" passed after 0.012 seconds.
◇ Suite "BT-15 图表帧循环的生命周期" started.
◇ Test "离屏时挂上的动画不建帧循环" started.
✔ Test "离屏时挂上的动画不建帧循环" passed after 0.001 seconds.
◇ Test "不在窗口上不建画线那条帧循环" started.
✔ Test "不在窗口上不建画线那条帧循环" passed after 0.006 seconds.
◇ Test "出窗把两条 link 和半截触点一起收掉" started.
✔ Test "出窗把两条 link 和半截触点一起收掉" passed after 0.131 seconds.
◇ Test "宿主连窗一起释放，画线的帧循环不会留下" started.
✔ Test "宿主连窗一起释放，画线的帧循环不会留下" passed after 0.369 seconds.
✔ Suite "BT-15 图表帧循环的生命周期" passed after 0.515 seconds.
◇ Suite "K线设置·渲染" started.
◇ Test "默认档不动任何几何" started.
✔ Test "默认档不动任何几何" passed after 0.013 seconds.
◇ Test "网格三档" started.
✔ Test "网格三档" passed after 0.010 seconds.
◇ Test "实体两档" started.
✔ Test "实体两档" passed after 0.008 seconds.
◇ Test "实时价格线开关" started.
✔ Test "实时价格线开关" passed after 0.010 seconds.
◇ Test "画线开关不删数据，也不再撑价格区间" started.
✔ Test "画线开关不删数据，也不再撑价格区间" passed after 0.022 seconds.
◇ Test "至今涨幅：数值、符号、配色" started.
✔ Test "至今涨幅：数值、符号、配色" passed after 0.017 seconds.
◇ Test "倒计时文案跟着 nowMs 走" started.
✔ Test "倒计时文案跟着 nowMs 走" passed after 0.018 seconds.
◇ Test "nowMs 为空时不影响任何几何" started.
✔ Test "nowMs 为空时不影响任何几何" passed after 0.008 seconds.
◇ Test "平均K线改蜡烛，不改指标与最新价" started.
✔ Test "平均K线改蜡烛，不改指标与最新价" passed after 0.012 seconds.
◇ Test "平均K线的极值进得了价格区间" started.
✔ Test "平均K线的极值进得了价格区间" passed after 0.009 seconds.
◇ Test "偏置只挪位置不改大小" started.
✔ Test "偏置只挪位置不改大小" passed after 0.015 seconds.
◇ Test "副图高度倍率进得了布局" started.
✔ Test "副图高度倍率进得了布局" passed after 0.005 seconds.
✔ Suite "K线设置·渲染" passed after 0.154 seconds.
◇ Suite "A.5 测试缺口 · 真触摸" started.
◇ Test "1 文字命中：点在标注文字中段能选中它，文字外不命中，两下都不出十字线" started.
✔ Test "1 文字命中：点在标注文字中段能选中它，文字外不命中，两下都不出十字线" passed after 0.004 seconds.
◇ Test "2 选中的矩形不吞下层：内部趋势线可选；点矩形自己的手柄仍然是手柄" started.
✔ Test "2 选中的矩形不吞下层：内部趋势线可选；点矩形自己的手柄仍然是手柄" passed after 0.011 seconds.
◇ Test "3 捏合降到一指：原地抬手不是轻点，交互结束只响一次" started.
✔ Test "3 捏合降到一指：原地抬手不是轻点，交互结束只响一次" passed after 0.004 seconds.
◇ Test "3 捏合降到一指：剩下那根接着拖，位置按像素连续，没有跳变" started.
✔ Test "3 捏合降到一指：剩下那根接着拖，位置按像素连续，没有跳变" passed after 0.003 seconds.
◇ Test "4 点停回弹：回弹到一半被点住，抬手后视野仍要落回硬夹之内" started.
✔ Test "4 点停回弹：回弹到一半被点住，抬手后视野仍要落回硬夹之内" passed after 0.004 seconds.
◇ Test "5 两指整体横移：不用先捏，span 不变，右缘按像素走，纵轴一点不动" started.
✔ Test "5 两指整体横移：不用先捏，span 不变，右缘按像素走，纵轴一点不动" passed after 0.002 seconds.
◇ Test "9 拖动中行情改了纵轴：端点仍然贴着手指，另一端不动（A-08）" started.
✔ Test "9 拖动中行情改了纵轴：端点仍然贴着手指，另一端不动（A-08）" passed after 0.081 seconds.
◇ Test "9 拖动中第二根手指落下：转交给捏合，不提交半笔" started.
✔ Test "9 拖动中第二根手指落下：转交给捏合，不提交半笔" passed after 0.008 seconds.
◇ Test "11 回到最新：右缘落在末根 +半根，根宽照旧，且不算用户改的视野" started.
✔ Test "11 回到最新：右缘落在末根 +半根，根宽照旧，且不算用户改的视野" passed after 0.002 seconds.
◇ Test "12 价格轴单击恢复自动纵轴；同位置连着两下才翻转" started.
✔ Test "12 价格轴单击恢复自动纵轴；同位置连着两下才翻转" passed after 0.002 seconds.
◇ Test "12 中间插了别的动作、或第二下点在别处，都不算双击" started.
✔ Test "12 中间插了别的动作、或第二下点在别处，都不算双击" passed after 0.002 seconds.
◇ Test "12 设置里没开翻转就永远不翻；主图与副图互不污染" started.
✔ Test "12 设置里没开翻转就永远不翻；主图与副图互不污染" passed after 0.002 seconds.
◇ Test "13 补历史的门：一轮只喊一次，失败了下一轮还能再喊，换品种各算各的" started.
✔ Test "13 补历史的门：一轮只喊一次，失败了下一轮还能再喊，换品种各算各的" passed after 0.006 seconds.
◇ Test "18 放大镜：镜子里那块就是锚点周围，镜头不挡落点，四角都摆得下" started.
✔ Test "18 放大镜：镜子里那块就是锚点周围，镜头不挡落点，四角都摆得下" passed after 0.002 seconds.
◇ Test "18 放大镜的底图抬手就释放，转交给捏合也释放" started.
✔ Test "18 放大镜的底图抬手就释放，转交给捏合也释放" passed after 0.022 seconds.
✔ Suite "A.5 测试缺口 · 真触摸" passed after 0.172 seconds.
◇ Suite "ChartView 脏位" started.
◇ Test "护眼配色变更立即重画全部图层，不等待新行情" started.
✔ Test "护眼配色变更立即重画全部图层，不等待新行情" passed after 0.001 seconds.
◇ Test "第一帧三层全画" started.
✔ Test "第一帧三层全画" passed after 0.001 seconds.
◇ Test "一模一样就一层都不画" started.
✔ Test "一模一样就一层都不画" passed after 0.001 seconds.
◇ Test "只动十字线就只画十字线层" started.
✔ Test "只动十字线就只画十字线层" passed after 0.001 seconds.
◇ Test "末根动（ticker）：底图 + 最新价 + 图例，不含十字线内容" started.
✔ Test "末根动（ticker）：底图 + 最新价 + 图例，不含十字线内容" passed after 0.001 seconds.
◇ Test "十字线在时，末根动不必重画十字线那层" started.
✔ Test "十字线在时，末根动不必重画十字线那层" passed after 0.001 seconds.
◇ Test "视野 / 指标一动，三层全画" started.
✔ Test "视野 / 指标一动，三层全画" passed after 0.001 seconds.
✔ Suite "ChartView 脏位" passed after 0.022 seconds.
◇ Suite "ChartView 三层合成" started.
◇ Test "视图画出来的和 ChartRenderer 一次画完的一样" started.
✔ Test "视图画出来的和 ChartRenderer 一次画完的一样" passed after 1.145 seconds.
◇ Test "离屏也能画出东西来" started.
✔ Test "离屏也能画出东西来" passed after 0.429 seconds.
◇ Test "没有 state 就是一张白纸" started.
✔ Test "没有 state 就是一张白纸" passed after 1.121 seconds.
✔ Suite "ChartView 三层合成" passed after 2.697 seconds.
◇ Suite "A3.3 颜色取样" started.
◇ Test "7 个点 × AICoin 一套 × 明暗两套" started.
✔ Test "7 个点 × AICoin 一套 × 明暗两套" passed after 0.118 seconds.
✔ Suite "A3.3 颜色取样" passed after 0.119 seconds.
◇ Suite CrosshairWorkTests started.
◇ Test "100 次十字线移动不重算几何、布局与隐藏掩码" started.
CHARTWORK crosshair-moves=100 geometryCache=0 layout=0 priceRange=0 hiddenMask=0 crosshairCallback=0
✔ Test "100 次十字线移动不重算几何、布局与隐藏掩码" passed after 1.335 seconds.
◇ Test "倒计时每秒走一格也不重算几何" started.
CHARTWORK countdown-ticks=60 geometryCache=0 layout=0 priceRange=0 hiddenMask=0 crosshairCallback=0
✔ Test "倒计时每秒走一格也不重算几何" passed after 0.547 seconds.
◇ Test "数据、周期、副图数一变，缓存照样作废重建" started.
CHARTWORK last-bar-tick geometryCache=1 layout=1 priceRange=1 hiddenMask=1 crosshairCallback=0
CHARTWORK new-bar geometryCache=1 layout=1 priceRange=1 hiddenMask=1 crosshairCallback=0
CHARTWORK interval-switch geometryCache=1 layout=1 priceRange=1 hiddenMask=1 crosshairCallback=0
CHARTWORK subs-3-to-2 geometryCache=1 layout=1 priceRange=1 hiddenMask=1 crosshairCallback=0
CHARTWORK view-pan geometryCache=1 layout=1 priceRange=1 hiddenMask=1 crosshairCallback=0
CHARTWORK hidden-outputs geometryCache=1 layout=1 priceRange=1 hiddenMask=1 crosshairCallback=0
✔ Test "数据、周期、副图数一变，缓存照样作废重建" passed after 0.048 seconds.
◇ Test "ChartView 上 100 次十字线移动：一次移动一条回调，几何不重建" started.
CHARTWORK chartview-moves=100 geometryCache=0 layout=0 priceRange=0 hiddenMask=0 crosshairCallback=100
✔ Test "ChartView 上 100 次十字线移动：一次移动一条回调，几何不重建" passed after 0.005 seconds.
◇ Test "单击落十字线不把同一份读数连送两遍" started.
CHARTWORK single-tap geometryCache=0 layout=1 priceRange=1 hiddenMask=1 crosshairCallback=1
✔ Test "单击落十字线不把同一份读数连送两遍" passed after 0.003 seconds.
◇ Test "留着旧 state 的副本仍然画得对——缓存不许串状态" started.
✔ Test "留着旧 state 的副本仍然画得对——缓存不许串状态" passed after 0.009 seconds.
✔ Suite CrosshairWorkTests passed after 1.950 seconds.
◇ Suite "M3 取证渲染" started.
◇ Test "A3.1：8 机型 × 浅深 × 风格表 = 每款一张基线" started.
✔ Test "A3.1：8 机型 × 浅深 × 风格表 = 每款一张基线" passed after 0.001 seconds.
◇ Test "A3.4–A3.9：放大、thin、副图、叠加、十字线、价格轴" started.
✔ Test "A3.4–A3.9：放大、thin、副图、叠加、十字线、价格轴" passed after 0.001 seconds.
◇ Test "同一 state 画两次逐字节一致" started.
✔ Test "同一 state 画两次逐字节一致" passed after 0.112 seconds.
✔ Suite "M3 取证渲染" passed after 0.113 seconds.
◇ Suite "外部指标和盘口绘制" started.
◇ Test "只更新外部指标会更新曲线与基差百分比" started.
✔ Test "只更新外部指标会更新曲线与基差百分比" passed after 0.002 seconds.
◇ Test "盘口只刷新实时层，不改变布局、轴宽和价格范围" started.
✔ Test "盘口只刷新实时层，不改变布局、轴宽和价格范围" passed after 0.004 seconds.
✔ Suite "外部指标和盘口绘制" passed after 0.006 seconds.
◇ Suite "A3.2 几何量化" started.
◇ Test "所有风格的七项几何完全一致，使用AICoin底座" started.
✔ Test "所有风格的七项几何完全一致，使用AICoin底座" passed after 0.005 seconds.
✔ Suite "A3.2 几何量化" passed after 0.005 seconds.
◇ Suite "A3.10 像素边界" started.
◇ Test "11 款风格 × 8 机型：实体与影线左缘 x·scale 为整数" started.
◇ Test case passing 1 argument style → CandleStyle(id: "aicoin", name: "AICoin", wickCap: KanpanCore.CandleStyle.WickCap.butt, wickTint: 1.0, shape: KanpanCore.CandleStyle.Shape.solid, radius: 0.0, grid: KanpanCore.CandleStyle.Grid.none) to "11 款风格 × 8 机型：实体与影线左缘 x·scale 为整数" started.
​✔ Test "11 款风格 × 8 机型：实体与影线左缘 x·scale 为整数" with 1 test case passed after 0.019 seconds.
◇ Test "竖向细线（价格轴分隔 + 时间网格）中线压在半像素上" started.
◇ Test case passing 1 argument style → CandleStyle(id: "aicoin", name: "AICoin", wickCap: KanpanCore.CandleStyle.WickCap.butt, wickTint: 1.0, shape: KanpanCore.CandleStyle.Shape.solid, radius: 0.0, grid: KanpanCore.CandleStyle.Grid.none) to "竖向细线（价格轴分隔 + 时间网格）中线压在半像素上" started.
​✔ Test "竖向细线（价格轴分隔 + 时间网格）中线压在半像素上" with 1 test case passed after 0.017 seconds.
◇ Test "snap / hairline 在 1×/2×/3× 下都对" started.
✔ Test "snap / hairline 在 1×/2×/3× 下都对" passed after 0.001 seconds.
✔ Suite "A3.10 像素边界" passed after 0.039 seconds.
◇ Suite "Indicators follow the accepted candle snapshot" started.
◇ Test switchesHistoryCorrectionsParametersAndOI() started.
✔ Test switchesHistoryCorrectionsParametersAndOI() passed after 0.090 seconds.
◇ Test presentationChangesRetainExactCalculations() started.
✔ Test presentationChangesRetainExactCalculations() passed after 0.022 seconds.
✔ Suite "Indicators follow the accepted candle snapshot" passed after 0.112 seconds.
◇ Suite "占位" started.
◇ Test "包能编过" started.
✔ Test "包能编过" passed after 0.001 seconds.
✔ Suite "占位" passed after 0.001 seconds.
◇ Suite ShareRenderingTests started.
◇ Test ownInkIsCompositedAt35PercentAndGuestIsFullStrength() started.
✔ Test ownInkIsCompositedAt35PercentAndGuestIsFullStrength() passed after 0.013 seconds.
✔ Suite ShareRenderingTests passed after 0.013 seconds.
✔ Test run with 128 tests in 21 suites passed after 8.387 seconds.
2026-09-22 15:53:35.240 xcodebuild[95907:4310667] [MT] IDETestOperationsObserverDebug: 73.897 elapsed -- Testing started completed.
2026-09-22 15:53:35.240 xcodebuild[95907:4310667] [MT] IDETestOperationsObserverDebug: 0.000 sec, +0.000 sec -- start
2026-09-22 15:53:35.240 xcodebuild[95907:4310667] [MT] IDETestOperationsObserverDebug: 73.897 sec, +73.897 sec -- end

Test session results, code coverage, and logs:
	/Users/mdd/zhk/kanpan-ringtone/KanpanChart/.xcbuild/Logs/Test/Test-KanpanChart-2026.09.22_15-47-26-+0800.xcresult

** TEST SUCCEEDED **

Testing started
